# Blender 5.2.0 LTS
# www.blender.org
mtllib Brakes.mtl
o Brakes
v 0.007533 0.002831 -0.013810
v 0.007482 0.002726 -0.013844
v 0.007482 0.002831 -0.013810
v 0.007533 0.003369 -0.013810
v 0.007482 0.003369 -0.013810
v 0.007482 0.003474 -0.013844
v 0.007472 0.003936 -0.013820
v 0.007393 0.003929 -0.013808
v 0.007482 0.003929 -0.013808
v 0.007393 0.002271 -0.013808
v 0.007472 0.002264 -0.013820
v 0.007482 0.002271 -0.013808
v 0.007393 0.002264 -0.013820
v 0.007472 0.002280 -0.013881
v 0.007391 0.002280 -0.013881
v 0.007393 0.002292 -0.013888
v 0.007482 0.002292 -0.013888
v 0.007393 0.002649 -0.014026
v 0.007482 0.002649 -0.014026
v 0.007393 0.003100 -0.014026
v 0.007482 0.003100 -0.014026
v 0.007482 0.003551 -0.014026
v 0.007393 0.003551 -0.014026
v 0.007482 0.003908 -0.013888
v 0.007393 0.003908 -0.013888
v 0.007472 0.003920 -0.013881
v 0.007391 0.003920 -0.013881
v 0.007393 0.003936 -0.013820
v 0.007255 0.002297 -0.013945
v 0.007123 0.002264 -0.013820
v 0.007123 0.002301 -0.013960
v 0.007123 0.002271 -0.013808
v 0.006853 0.002264 -0.013820
v 0.006991 0.002297 -0.013945
v 0.006856 0.002280 -0.013881
v 0.006853 0.002271 -0.013808
v 0.006650 0.002264 -0.013820
v 0.006640 0.002271 -0.013808
v 0.007255 0.003903 -0.013945
v 0.007123 0.003936 -0.013820
v 0.007123 0.003899 -0.013960
v 0.007123 0.003929 -0.013808
v 0.006991 0.003903 -0.013945
v 0.006853 0.003936 -0.013820
v 0.006856 0.003920 -0.013881
v 0.006650 0.003920 -0.013881
v 0.006650 0.003936 -0.013820
v 0.006853 0.003929 -0.013808
v 0.006640 0.003929 -0.013808
v 0.006853 0.002313 -0.013755
v 0.007123 0.002313 -0.013755
v 0.007393 0.002313 -0.013755
v 0.007393 0.003177 -0.013986
v 0.006851 0.003177 -0.013986
v 0.006851 0.003023 -0.013986
v 0.007393 0.003023 -0.013986
v 0.007393 0.003177 -0.014022
v 0.006851 0.003177 -0.014022
v 0.006851 0.003023 -0.014022
v 0.007393 0.003023 -0.014022
v 0.006854 0.002691 -0.014005
v 0.006946 0.002743 -0.013366
v 0.006854 0.002743 -0.013366
v 0.006946 0.002691 -0.014005
v 0.006946 0.003008 -0.013941
v 0.006854 0.003192 -0.013941
v 0.006946 0.003192 -0.013941
v 0.006854 0.003008 -0.013941
v 0.006946 0.003457 -0.013366
v 0.006946 0.003509 -0.014005
v 0.006854 0.003509 -0.014005
v 0.006854 0.003457 -0.013366
v 0.006946 0.003277 -0.014005
v 0.006854 0.003277 -0.014005
v 0.006946 0.002923 -0.014005
v 0.006854 0.002923 -0.014005
v 0.007302 0.002743 -0.013366
v 0.007394 0.002691 -0.014005
v 0.007394 0.002743 -0.013366
v 0.007302 0.002691 -0.014005
v 0.007302 0.003008 -0.013941
v 0.007302 0.003192 -0.013941
v 0.007394 0.003192 -0.013941
v 0.007394 0.003008 -0.013941
v 0.007302 0.003509 -0.014005
v 0.007302 0.003457 -0.013366
v 0.007394 0.003509 -0.014005
v 0.007394 0.003457 -0.013366
v 0.007302 0.003277 -0.014005
v 0.007394 0.003277 -0.014005
v 0.007394 0.002923 -0.014005
v 0.007302 0.002923 -0.014005
v 0.007775 0.002802 -0.013658
v 0.007775 0.002797 -0.013625
v 0.007689 0.002798 -0.013628
v 0.007689 0.002812 -0.013531
v 0.007688 0.002855 -0.013803
v 0.007552 0.002855 -0.013802
v 0.007775 0.003398 -0.013658
v 0.007689 0.003402 -0.013628
v 0.007775 0.003403 -0.013625
v 0.007689 0.003388 -0.013531
v 0.007688 0.003345 -0.013803
v 0.007552 0.003345 -0.013802
v 0.007846 0.003266 -0.013772
v 0.007846 0.003266 -0.013478
v 0.007846 0.003178 -0.013478
v 0.007846 0.003178 -0.013772
v 0.007846 0.003029 -0.013677
v 0.007846 0.003029 -0.013550
v 0.007846 0.002903 -0.013550
v 0.007846 0.002903 -0.013677
v 0.007846 0.003053 -0.013555
v 0.007846 0.003053 -0.013444
v 0.007846 0.002946 -0.013470
v 0.007846 0.002946 -0.013555
v 0.007123 0.002314 -0.013967
v 0.006988 0.002309 -0.013952
v 0.007123 0.002649 -0.014089
v 0.006988 0.002649 -0.014075
v 0.006853 0.003551 -0.014026
v 0.006853 0.003908 -0.013888
v 0.006988 0.003891 -0.013952
v 0.006988 0.003551 -0.014075
v 0.006640 0.002292 -0.013888
v 0.006650 0.002280 -0.013881
v 0.006640 0.003908 -0.013888
v 0.007570 0.003373 -0.013945
v 0.006850 0.003373 -0.013945
v 0.006850 0.003349 -0.013931
v 0.007570 0.003349 -0.013931
v 0.006850 0.003325 -0.013945
v 0.007570 0.003325 -0.013945
v 0.006850 0.003325 -0.013973
v 0.007570 0.003325 -0.013973
v 0.006850 0.003349 -0.013986
v 0.007570 0.003349 -0.013986
v 0.006850 0.003373 -0.013973
v 0.007570 0.003373 -0.013973
v 0.007570 0.002875 -0.013945
v 0.006850 0.002875 -0.013945
v 0.007570 0.002851 -0.013931
v 0.006850 0.002851 -0.013931
v 0.007570 0.002827 -0.013945
v 0.006850 0.002827 -0.013945
v 0.007570 0.002827 -0.013973
v 0.006850 0.002827 -0.013973
v 0.007570 0.002851 -0.013986
v 0.006850 0.002851 -0.013986
v 0.007570 0.002875 -0.013973
v 0.006850 0.002875 -0.013973
v 0.007482 0.002774 -0.013636
v 0.007482 0.002669 -0.013670
v 0.007533 0.002774 -0.013636
v 0.007552 0.002798 -0.013629
v 0.007846 0.002991 -0.013678
v 0.007846 0.002991 -0.013815
v 0.007846 0.003164 -0.013678
v 0.007846 0.003082 -0.013850
v 0.007846 0.003164 -0.013829
v 0.006853 0.002649 -0.014026
v 0.006853 0.002649 -0.013931
v 0.007123 0.002649 -0.013931
v 0.007258 0.002649 -0.014075
v 0.007393 0.002649 -0.013931
v 0.006640 0.002431 -0.013605
v 0.006853 0.002431 -0.013605
v 0.006641 0.002689 -0.013358
v 0.006853 0.002689 -0.013358
v 0.006641 0.002948 -0.013297
v 0.006853 0.002948 -0.013297
v 0.006641 0.003100 -0.013288
v 0.006853 0.003100 -0.013288
v 0.006853 0.003252 -0.013297
v 0.006641 0.003252 -0.013297
v 0.006853 0.003511 -0.013358
v 0.006641 0.003511 -0.013358
v 0.006853 0.003769 -0.013605
v 0.006640 0.003769 -0.013605
v 0.006853 0.003887 -0.013755
v 0.007393 0.003551 -0.013931
v 0.007258 0.003551 -0.014075
v 0.007123 0.003551 -0.013931
v 0.007123 0.003551 -0.014089
v 0.006853 0.003551 -0.013931
v 0.007482 0.003273 -0.013652
v 0.007482 0.003273 -0.013956
v 0.007531 0.003273 -0.013652
v 0.007531 0.003273 -0.013956
v 0.007482 0.003290 -0.014003
v 0.007531 0.003290 -0.014003
v 0.007482 0.003338 -0.014020
v 0.007531 0.003338 -0.014020
v 0.007482 0.003558 -0.014020
v 0.007531 0.003558 -0.014020
v 0.007482 0.003605 -0.014003
v 0.007531 0.003605 -0.014003
v 0.007482 0.003623 -0.013956
v 0.007531 0.003623 -0.013956
v 0.007531 0.003623 -0.013652
v 0.007482 0.003623 -0.013652
v 0.007531 0.002927 -0.013652
v 0.007482 0.002927 -0.013956
v 0.007482 0.002927 -0.013652
v 0.007531 0.002927 -0.013956
v 0.007482 0.002910 -0.014003
v 0.007531 0.002910 -0.014003
v 0.007482 0.002862 -0.014020
v 0.007531 0.002862 -0.014020
v 0.007482 0.002642 -0.014020
v 0.007531 0.002642 -0.014020
v 0.007482 0.002595 -0.014003
v 0.007531 0.002595 -0.014003
v 0.007482 0.002577 -0.013956
v 0.007531 0.002577 -0.013956
v 0.007482 0.002577 -0.013652
v 0.007531 0.002577 -0.013652
v 0.007482 0.002907 -0.013890
v 0.007533 0.002907 -0.013890
v 0.007482 0.002999 -0.013936
v 0.007533 0.002999 -0.013936
v 0.007482 0.003100 -0.013953
v 0.007533 0.003100 -0.013953
v 0.007533 0.003201 -0.013936
v 0.007482 0.003201 -0.013936
v 0.007482 0.003293 -0.013890
v 0.007533 0.003293 -0.013890
v 0.007552 0.002812 -0.013531
v 0.007552 0.002855 -0.013447
v 0.007689 0.002855 -0.013447
v 0.007552 0.002922 -0.013380
v 0.007775 0.002812 -0.013531
v 0.007689 0.002922 -0.013380
v 0.007552 0.003006 -0.013337
v 0.007775 0.002855 -0.013447
v 0.007689 0.003006 -0.013337
v 0.007552 0.003100 -0.013322
v 0.007775 0.002922 -0.013380
v 0.007816 0.002879 -0.013464
v 0.007816 0.002939 -0.013404
v 0.007775 0.003006 -0.013337
v 0.007689 0.003100 -0.013322
v 0.007689 0.003194 -0.013337
v 0.007552 0.003194 -0.013337
v 0.007775 0.003100 -0.013322
v 0.007689 0.003278 -0.013380
v 0.007552 0.003278 -0.013380
v 0.007775 0.003194 -0.013337
v 0.007775 0.003278 -0.013380
v 0.007689 0.003345 -0.013447
v 0.007552 0.003345 -0.013447
v 0.007816 0.003261 -0.013404
v 0.007552 0.003388 -0.013531
v 0.007552 0.003402 -0.013629
v 0.007775 0.003388 -0.013531
v 0.007775 0.003345 -0.013447
v 0.007816 0.003321 -0.013464
v 0.007816 0.003360 -0.013540
v 0.007816 0.003185 -0.013365
v 0.007841 0.003233 -0.013442
v 0.007841 0.003283 -0.013492
v 0.007841 0.003315 -0.013555
v 0.007841 0.003170 -0.013410
v 0.007816 0.003374 -0.013625
v 0.007841 0.003100 -0.013625
v 0.007841 0.003326 -0.013625
v 0.007841 0.003329 -0.013646
v 0.007816 0.003373 -0.013650
v 0.007841 0.003329 -0.013701
v 0.007816 0.003381 -0.013718
v 0.007775 0.003406 -0.013726
v 0.007816 0.003334 -0.013769
v 0.007775 0.003359 -0.013777
v 0.007842 0.003296 -0.013744
v 0.007816 0.003321 -0.013786
v 0.007775 0.003345 -0.013803
v 0.007841 0.003283 -0.013758
v 0.007775 0.003278 -0.013870
v 0.007688 0.003278 -0.013870
v 0.007841 0.003233 -0.013808
v 0.007816 0.003261 -0.013846
v 0.007775 0.003194 -0.013913
v 0.007688 0.003194 -0.013913
v 0.007816 0.003185 -0.013885
v 0.007841 0.003170 -0.013840
v 0.007775 0.003100 -0.013928
v 0.007816 0.003100 -0.013899
v 0.007841 0.003100 -0.013851
v 0.007841 0.003030 -0.013840
v 0.007816 0.003015 -0.013885
v 0.007841 0.002967 -0.013808
v 0.007775 0.003006 -0.013913
v 0.007816 0.002939 -0.013846
v 0.007816 0.002879 -0.013786
v 0.007775 0.002922 -0.013870
v 0.007688 0.002922 -0.013870
v 0.007775 0.002855 -0.013803
v 0.007688 0.003006 -0.013913
v 0.007775 0.002841 -0.013777
v 0.007688 0.003100 -0.013928
v 0.007552 0.003006 -0.013913
v 0.007552 0.003100 -0.013928
v 0.007552 0.002922 -0.013870
v 0.007552 0.003194 -0.013913
v 0.007552 0.003278 -0.013870
v 0.007841 0.002917 -0.013758
v 0.007842 0.002904 -0.013744
v 0.007816 0.002866 -0.013769
v 0.007775 0.002794 -0.013726
v 0.007841 0.002871 -0.013701
v 0.007816 0.002819 -0.013718
v 0.007816 0.002827 -0.013650
v 0.007841 0.002871 -0.013646
v 0.007816 0.002826 -0.013625
v 0.007816 0.002840 -0.013540
v 0.007841 0.002874 -0.013625
v 0.007841 0.002885 -0.013555
v 0.007841 0.002917 -0.013492
v 0.007841 0.002967 -0.013442
v 0.007841 0.003030 -0.013410
v 0.007816 0.003015 -0.013365
v 0.007841 0.003100 -0.013399
v 0.007816 0.003100 -0.013351
v 0.007482 0.002658 -0.013836
v 0.007482 0.002611 -0.013785
v 0.007482 0.002619 -0.013717
v 0.007482 0.003542 -0.013836
v 0.007482 0.003589 -0.013785
v 0.007482 0.003581 -0.013717
v 0.007482 0.003531 -0.013670
v 0.007482 0.003426 -0.013636
v 0.007533 0.003426 -0.013636
v 0.006640 0.003551 -0.014026
v 0.006853 0.003100 -0.014026
v 0.006640 0.003100 -0.014026
v 0.006640 0.002649 -0.014026
v 0.006853 0.002292 -0.013888
v 0.007482 0.002354 -0.013702
v 0.007393 0.002354 -0.013702
v 0.007393 0.002391 -0.013656
v 0.007504 0.002391 -0.013656
v 0.007393 0.002431 -0.013605
v 0.007561 0.002431 -0.013605
v 0.007393 0.002467 -0.013564
v 0.007594 0.002467 -0.013564
v 0.007393 0.002515 -0.013518
v 0.007606 0.002515 -0.013518
v 0.007606 0.002689 -0.013358
v 0.007393 0.002689 -0.013358
v 0.007606 0.002948 -0.013297
v 0.007393 0.002948 -0.013297
v 0.007606 0.003100 -0.013288
v 0.007393 0.003100 -0.013288
v 0.007393 0.003252 -0.013297
v 0.007606 0.003252 -0.013297
v 0.007393 0.003511 -0.013358
v 0.007606 0.003511 -0.013358
v 0.007393 0.003685 -0.013518
v 0.007606 0.003685 -0.013518
v 0.007594 0.003733 -0.013564
v 0.007393 0.003733 -0.013564
v 0.007561 0.003769 -0.013605
v 0.007393 0.003769 -0.013605
v 0.007504 0.003809 -0.013656
v 0.007393 0.003809 -0.013656
v 0.007482 0.003846 -0.013702
v 0.007393 0.003846 -0.013702
v 0.007393 0.003887 -0.013755
v 0.007123 0.003887 -0.013755
v 0.007482 0.003412 -0.013524
v 0.007533 0.003412 -0.013524
v 0.007533 0.003365 -0.013432
v 0.007482 0.003365 -0.013432
v 0.007533 0.003293 -0.013360
v 0.007482 0.003293 -0.013360
v 0.007533 0.003201 -0.013313
v 0.007482 0.003201 -0.013313
v 0.007533 0.003100 -0.013301
v 0.007482 0.003100 -0.013301
v 0.007482 0.002999 -0.013313
v 0.007533 0.002999 -0.013313
v 0.007482 0.002907 -0.013360
v 0.007533 0.002907 -0.013360
v 0.007482 0.002835 -0.013432
v 0.007533 0.002835 -0.013432
v 0.007482 0.002788 -0.013524
v 0.007533 0.002788 -0.013524
v 0.007535 0.003588 -0.013972
v 0.007535 0.003588 -0.013914
v 0.007535 0.003538 -0.013885
v 0.007535 0.003538 -0.014000
v 0.007535 0.003488 -0.013972
v 0.007535 0.003488 -0.013914
v 0.007485 0.003910 -0.013799
v 0.007485 0.003860 -0.013885
v 0.007485 0.003910 -0.013856
v 0.007485 0.003860 -0.013770
v 0.007485 0.003810 -0.013799
v 0.007485 0.003810 -0.013856
v 0.007535 0.002612 -0.013972
v 0.007535 0.002662 -0.013885
v 0.007535 0.002612 -0.013914
v 0.007535 0.002662 -0.014000
v 0.007535 0.002712 -0.013972
v 0.007535 0.002712 -0.013914
v 0.007485 0.002390 -0.013799
v 0.007485 0.002340 -0.013885
v 0.007485 0.002390 -0.013856
v 0.007485 0.002340 -0.013770
v 0.007485 0.002290 -0.013799
v 0.007485 0.002290 -0.013856
v 0.007258 0.002309 -0.013952
v 0.007258 0.003891 -0.013952
v 0.007123 0.003886 -0.013967
v 0.007585 0.003349 -0.013959
v 0.007585 0.002851 -0.013959
v 0.007492 0.003900 -0.013881
v 0.007492 0.003918 -0.013810
v 0.007492 0.003549 -0.014016
v 0.007491 0.003838 -0.013709
v 0.007492 0.003545 -0.013823
v 0.007511 0.003802 -0.013666
v 0.007492 0.003100 -0.014016
v 0.007567 0.003763 -0.013617
v 0.007492 0.002651 -0.014016
v 0.007492 0.003100 -0.013870
v 0.007492 0.002300 -0.013881
v 0.007492 0.002655 -0.013823
v 0.007492 0.002282 -0.013810
v 0.007491 0.002362 -0.013709
v 0.007511 0.002397 -0.013666
v 0.007513 0.003100 -0.013817
v 0.007513 0.002665 -0.013771
v 0.007567 0.002437 -0.013617
v 0.007569 0.002665 -0.013711
v 0.007603 0.002474 -0.013574
v 0.007568 0.003100 -0.013760
v 0.007615 0.002522 -0.013526
v 0.007604 0.002673 -0.013657
v 0.007616 0.002694 -0.013368
v 0.007616 0.002688 -0.013594
v 0.007616 0.002950 -0.013307
v 0.007604 0.003100 -0.013706
v 0.007616 0.003100 -0.013641
v 0.007616 0.003100 -0.013298
v 0.007616 0.003250 -0.013307
v 0.007616 0.003512 -0.013594
v 0.007616 0.003506 -0.013368
v 0.007615 0.003678 -0.013526
v 0.007604 0.003527 -0.013657
v 0.007603 0.003726 -0.013574
v 0.007569 0.003535 -0.013711
v 0.007513 0.003535 -0.013771
v 0.007645 0.003893 0.016934
v 0.007796 0.004010 0.016860
v 0.007645 0.004013 0.016858
v 0.007596 0.004786 0.016300
v 0.007618 0.004803 0.016263
v 0.007581 0.004813 0.016243
v 0.007809 0.004480 0.016537
v 0.007797 0.004425 0.016331
v 0.007791 0.004427 0.016339
v 0.007611 0.004778 0.016096
v 0.007515 0.004820 0.016085
v 0.007547 0.004815 0.016086
v 0.007544 0.004701 0.016117
v 0.007498 0.004745 0.016105
v 0.007645 0.003637 0.017055
v 0.007796 0.003767 0.017002
v 0.007645 0.003768 0.017001
v 0.007796 0.003083 0.017152
v 0.007645 0.003223 0.017148
v 0.007645 0.003081 0.017152
v 0.007510 0.002410 0.017323
v 0.007546 0.002541 0.017329
v 0.007498 0.002416 0.017323
v 0.007682 0.002277 0.016916
v 0.007748 0.002188 0.016939
v 0.007776 0.002312 0.016906
v 0.006852 0.004442 0.016823
v 0.006883 0.004562 0.016743
v 0.006828 0.004447 0.016820
v 0.007200 0.004505 0.016644
v 0.006905 0.004770 0.016197
v 0.007200 0.004770 0.016197
v 0.007741 0.002320 0.016977
v 0.007776 0.002336 0.017037
v 0.007776 0.002326 0.016997
v 0.007705 0.002299 0.017004
v 0.007741 0.002315 0.017064
v 0.007705 0.002310 0.017044
v 0.007741 0.002342 0.017057
v 0.007705 0.002326 0.016997
v 0.007705 0.002336 0.017037
v 0.007713 0.004496 0.016389
v 0.007741 0.004491 0.016369
v 0.007741 0.004494 0.016382
v 0.007707 0.004493 0.016378
v 0.007694 0.004501 0.016408
v 0.007682 0.004500 0.016401
v 0.007682 0.004517 0.016466
v 0.007686 0.004508 0.016434
v 0.007694 0.004515 0.016460
v 0.007707 0.004523 0.016490
v 0.007774 0.004523 0.016490
v 0.007787 0.004515 0.016460
v 0.007799 0.004517 0.016466
v 0.007795 0.004508 0.016434
v 0.007787 0.004501 0.016408
v 0.007799 0.004500 0.016401
v 0.007774 0.004493 0.016378
v 0.007768 0.004496 0.016389
v 0.007716 0.004549 0.016379
v 0.007741 0.004545 0.016365
v 0.007741 0.004547 0.016372
v 0.007712 0.004547 0.016372
v 0.007698 0.004553 0.016396
v 0.007716 0.004571 0.016461
v 0.007741 0.004572 0.016468
v 0.007741 0.004574 0.016475
v 0.007765 0.004571 0.016461
v 0.007769 0.004547 0.016372
v 0.007783 0.004553 0.016396
v 0.007765 0.004549 0.016379
v 0.007741 0.004525 0.016365
v 0.007713 0.004529 0.016380
v 0.007741 0.004527 0.016373
v 0.007709 0.004527 0.016373
v 0.007694 0.004534 0.016399
v 0.007713 0.004553 0.016470
v 0.007741 0.004557 0.016485
v 0.007741 0.004555 0.016477
v 0.007768 0.004553 0.016470
v 0.007787 0.004534 0.016399
v 0.007772 0.004527 0.016373
v 0.007768 0.004529 0.016380
v 0.007718 0.004626 0.016443
v 0.007741 0.004627 0.016449
v 0.007741 0.004616 0.016405
v 0.007763 0.004626 0.016443
v 0.007674 0.003592 0.017221
v 0.007703 0.003601 0.017252
v 0.007703 0.003594 0.017226
v 0.007674 0.003498 0.017216
v 0.007703 0.003486 0.017246
v 0.007674 0.003485 0.017250
v 0.007796 0.004116 0.016767
v 0.007796 0.004209 0.016660
v 0.007712 0.004210 0.016659
v 0.007717 0.004223 0.016649
v 0.007688 0.004440 0.016389
v 0.007714 0.004486 0.016557
v 0.007678 0.004491 0.016577
v 0.007578 0.002362 0.017252
v 0.007578 0.002241 0.017193
v 0.007609 0.002359 0.017251
v 0.007609 0.002411 0.017275
v 0.007809 0.002374 0.017101
v 0.007791 0.002321 0.016904
v 0.007797 0.002319 0.016895
v 0.007688 0.002334 0.016953
v 0.007740 0.002173 0.016865
v 0.007684 0.002599 0.016750
v 0.007767 0.002293 0.016833
v 0.007684 0.002058 0.016895
v 0.007200 0.004843 0.016098
v 0.007200 0.004833 0.016088
v 0.006905 0.004833 0.016088
v 0.006905 0.004826 0.016090
v 0.007741 0.002294 0.016984
v 0.007776 0.002299 0.017004
v 0.007776 0.002310 0.017044
v 0.007691 0.004567 0.016448
v 0.007691 0.004560 0.016420
v 0.007698 0.004566 0.016444
v 0.007712 0.004572 0.016468
v 0.007769 0.004572 0.016468
v 0.007783 0.004566 0.016444
v 0.007790 0.004560 0.016420
v 0.007790 0.004552 0.016393
v 0.007694 0.004548 0.016451
v 0.007709 0.004555 0.016477
v 0.007772 0.004555 0.016477
v 0.007787 0.004548 0.016451
v 0.007547 0.003566 0.017338
v 0.006851 0.003566 0.017338
v 0.006851 0.003476 0.017351
v 0.007547 0.003476 0.017351
v 0.006851 0.003650 0.017304
v 0.007547 0.003650 0.017304
v 0.006854 0.003622 0.017235
v 0.007550 0.003622 0.017235
v 0.007550 0.003466 0.017277
v 0.006854 0.003466 0.017277
v 0.007496 0.004505 0.016644
v 0.007498 0.004770 0.016197
v 0.007674 0.003589 0.017290
v 0.007703 0.003563 0.017308
v 0.007703 0.003585 0.017293
v 0.007674 0.003558 0.017310
v 0.007674 0.003564 0.017199
v 0.007703 0.003533 0.017196
v 0.007674 0.003528 0.017197
v 0.007703 0.003560 0.017198
v 0.007703 0.003518 0.017306
v 0.007674 0.003494 0.017285
v 0.007703 0.003497 0.017289
v 0.007674 0.003522 0.017308
v 0.007654 0.003808 0.016628
v 0.007809 0.003912 0.016534
v 0.007809 0.003807 0.016628
v 0.007654 0.003687 0.016702
v 0.007809 0.003687 0.016703
v 0.007654 0.003558 0.016759
v 0.007809 0.003557 0.016759
v 0.007654 0.003423 0.016803
v 0.007809 0.003423 0.016803
v 0.007809 0.003284 0.016833
v 0.007654 0.003284 0.016833
v 0.007516 0.004833 0.016088
v 0.007200 0.004820 0.016085
v 0.007200 0.004745 0.016105
v 0.007796 0.002942 0.017146
v 0.007645 0.002939 0.017146
v 0.007796 0.002804 0.017118
v 0.007645 0.002800 0.017117
v 0.007712 0.002669 0.017072
v 0.007796 0.002670 0.017072
v 0.007717 0.002652 0.017070
v 0.007796 0.002653 0.017070
v 0.006757 0.002088 0.016992
v 0.006755 0.001966 0.017032
v 0.006782 0.002118 0.017116
v 0.006738 0.002322 0.016939
v 0.006782 0.002246 0.017184
v 0.006782 0.002360 0.017239
v 0.006762 0.002393 0.017137
v 0.006772 0.002457 0.017255
v 0.006761 0.002653 0.017080
v 0.006768 0.002712 0.017182
v 0.006786 0.002552 0.017325
v 0.006761 0.002790 0.017124
v 0.006782 0.002828 0.017249
v 0.006763 0.002940 0.017155
v 0.006782 0.002928 0.017300
v 0.006763 0.003082 0.017161
v 0.006782 0.003112 0.017237
v 0.006782 0.003146 0.017242
v 0.006763 0.003224 0.017157
v 0.006782 0.003217 0.017296
v 0.006782 0.003298 0.017336
v 0.006763 0.003365 0.017137
v 0.006782 0.003386 0.017352
v 0.006782 0.003476 0.017348
v 0.006763 0.003504 0.017105
v 0.006782 0.003564 0.017329
v 0.006782 0.003649 0.017302
v 0.006763 0.003640 0.017064
v 0.006782 0.003729 0.017260
v 0.006782 0.003797 0.017202
v 0.006763 0.003771 0.017010
v 0.006782 0.003847 0.017127
v 0.006782 0.003882 0.017044
v 0.006763 0.003897 0.016943
v 0.006782 0.003908 0.017024
v 0.006782 0.004099 0.016986
v 0.006763 0.004017 0.016867
v 0.006782 0.004161 0.016892
v 0.006761 0.004131 0.016765
v 0.006768 0.004228 0.016776
v 0.006786 0.004438 0.016820
v 0.006761 0.004228 0.016658
v 0.006772 0.004485 0.016712
v 0.006762 0.004481 0.016577
v 0.006782 0.004561 0.016649
v 0.006738 0.004444 0.016371
v 0.006782 0.004632 0.016545
v 0.006782 0.004709 0.016422
v 0.006757 0.004673 0.016300
v 0.006755 0.004799 0.016273
v 0.006688 0.004658 0.016208
v 0.006719 0.004710 0.016131
v 0.006725 0.004649 0.016198
v 0.006619 0.004410 0.016275
v 0.006725 0.004107 0.016343
v 0.006581 0.004116 0.016354
v 0.006585 0.004402 0.016281
v 0.006581 0.004053 0.016383
v 0.006726 0.004043 0.016372
v 0.006581 0.004002 0.016430
v 0.006735 0.003992 0.016417
v 0.006581 0.003917 0.016543
v 0.006754 0.003906 0.016527
v 0.006581 0.003811 0.016637
v 0.006754 0.003802 0.016621
v 0.006581 0.003690 0.016711
v 0.006754 0.003683 0.016695
v 0.006581 0.003560 0.016768
v 0.006754 0.003554 0.016751
v 0.006581 0.003425 0.016811
v 0.006754 0.003420 0.016794
v 0.006581 0.003286 0.016842
v 0.006754 0.003283 0.016824
v 0.006581 0.003145 0.016857
v 0.006754 0.003143 0.016839
v 0.006581 0.003004 0.016853
v 0.006754 0.003003 0.016835
v 0.006754 0.002866 0.016806
v 0.006581 0.002865 0.016825
v 0.006735 0.002737 0.016754
v 0.006581 0.002734 0.016769
v 0.006726 0.002669 0.016740
v 0.006581 0.002667 0.016754
v 0.006725 0.002600 0.016747
v 0.006581 0.002598 0.016760
v 0.006619 0.002303 0.016839
v 0.006585 0.002313 0.016841
v 0.006725 0.002057 0.016892
v 0.006688 0.002056 0.016906
v 0.006719 0.001972 0.016864
v 0.006594 0.002387 0.017115
v 0.006612 0.002315 0.016901
v 0.006874 0.002699 0.016666
v 0.006874 0.002668 0.016686
v 0.006874 0.002666 0.016722
v 0.006874 0.002885 0.016641
v 0.006874 0.002803 0.017233
v 0.006874 0.002919 0.016646
v 0.006874 0.002969 0.016675
v 0.006874 0.003003 0.016680
v 0.006874 0.003489 0.017049
v 0.006874 0.003105 0.016652
v 0.006874 0.003187 0.016648
v 0.006874 0.003313 0.016690
v 0.006874 0.003391 0.016686
v 0.006874 0.003461 0.016650
v 0.006874 0.003549 0.016551
v 0.006874 0.003623 0.016514
v 0.006874 0.003725 0.016486
v 0.006874 0.004174 0.016865
v 0.006874 0.003752 0.016466
v 0.006874 0.003780 0.016415
v 0.006874 0.003807 0.016394
v 0.006874 0.004037 0.016355
v 0.006874 0.003981 0.016322
v 0.006874 0.004017 0.016325
v 0.007533 0.003981 0.016322
v 0.007533 0.004017 0.016325
v 0.007533 0.004037 0.016355
v 0.007533 0.003807 0.016394
v 0.007533 0.004174 0.016865
v 0.007533 0.003780 0.016415
v 0.007533 0.003752 0.016466
v 0.007533 0.003725 0.016486
v 0.007533 0.003489 0.017049
v 0.007533 0.003623 0.016514
v 0.007533 0.003549 0.016551
v 0.007533 0.003461 0.016650
v 0.007533 0.003391 0.016686
v 0.007533 0.003313 0.016690
v 0.007533 0.003187 0.016648
v 0.007533 0.003105 0.016652
v 0.007533 0.003003 0.016680
v 0.007533 0.002803 0.017233
v 0.007533 0.002969 0.016675
v 0.007533 0.002919 0.016646
v 0.007533 0.002885 0.016641
v 0.007533 0.002666 0.016722
v 0.007533 0.002699 0.016666
v 0.007533 0.002668 0.016686
v 0.007544 0.003935 0.016561
v 0.007703 0.003935 0.016561
v 0.007544 0.003796 0.016457
v 0.007703 0.003796 0.016457
v 0.007544 0.003755 0.016448
v 0.007703 0.003755 0.016448
v 0.007544 0.003678 0.016469
v 0.007703 0.003678 0.016469
v 0.007544 0.003644 0.016498
v 0.007703 0.003644 0.016498
v 0.007544 0.003495 0.016854
v 0.007703 0.003495 0.016854
v 0.006855 0.003935 0.016561
v 0.006855 0.003495 0.016854
v 0.006855 0.003644 0.016498
v 0.006855 0.003796 0.016457
v 0.006855 0.003678 0.016469
v 0.006855 0.003755 0.016448
v 0.007544 0.002858 0.016849
v 0.007544 0.003385 0.016884
v 0.007544 0.003078 0.016649
v 0.007544 0.002926 0.016690
v 0.007544 0.003034 0.016641
v 0.007544 0.002957 0.016662
v 0.007837 0.003818 0.016660
v 0.007837 0.003993 0.016817
v 0.007837 0.003875 0.016892
v 0.007837 0.003697 0.016734
v 0.007837 0.003752 0.016958
v 0.007837 0.003567 0.016791
v 0.007837 0.003623 0.017011
v 0.007837 0.003431 0.016834
v 0.007837 0.003489 0.017052
v 0.007837 0.003353 0.017083
v 0.007837 0.003292 0.016864
v 0.007837 0.003215 0.017102
v 0.007837 0.003150 0.016880
v 0.007837 0.003075 0.017107
v 0.007837 0.003008 0.016877
v 0.007837 0.002936 0.017100
v 0.007837 0.002869 0.016848
v 0.007837 0.002799 0.017071
v 0.007741 0.002360 0.017043
v 0.007741 0.002339 0.017049
v 0.007769 0.002356 0.017028
v 0.007769 0.002335 0.017033
v 0.007769 0.002347 0.016996
v 0.007769 0.002326 0.017002
v 0.007741 0.002343 0.016980
v 0.007741 0.002322 0.016986
v 0.007673 0.004508 0.016434
v 0.007713 0.004521 0.016479
v 0.007741 0.004526 0.016499
v 0.007741 0.004522 0.016486
v 0.007768 0.004521 0.016479
v 0.007691 0.004552 0.016393
v 0.007684 0.004560 0.016420
v 0.007790 0.004567 0.016448
v 0.007797 0.004560 0.016420
v 0.007696 0.004616 0.016405
v 0.007702 0.004621 0.016427
v 0.007687 0.004533 0.016395
v 0.007686 0.004541 0.016425
v 0.007678 0.004541 0.016425
v 0.007687 0.004549 0.016455
v 0.007794 0.004549 0.016455
v 0.007795 0.004541 0.016425
v 0.007803 0.004541 0.016425
v 0.007794 0.004533 0.016395
v 0.007741 0.004530 0.016494
v 0.007741 0.004465 0.016511
v 0.007772 0.004527 0.016486
v 0.007772 0.004463 0.016503
v 0.007796 0.004521 0.016463
v 0.007796 0.004457 0.016480
v 0.007804 0.004449 0.016450
v 0.007804 0.004513 0.016433
v 0.007796 0.004441 0.016419
v 0.007796 0.004505 0.016402
v 0.007772 0.004499 0.016379
v 0.007772 0.004435 0.016397
v 0.007741 0.004497 0.016371
v 0.007741 0.004432 0.016388
v 0.007698 0.004650 0.016201
v 0.007684 0.004650 0.016201
v 0.007668 0.004688 0.016133
v 0.007740 0.004536 0.016232
v 0.007684 0.004110 0.016346
v 0.007638 0.004747 0.016104
v 0.007660 0.004713 0.016114
v 0.007618 0.004637 0.016134
v 0.007515 0.001853 0.016880
v 0.007611 0.001895 0.016868
v 0.007547 0.001858 0.016878
v 0.007638 0.001927 0.016860
v 0.007544 0.001973 0.016848
v 0.007660 0.001961 0.016851
v 0.007618 0.002037 0.016831
v 0.007544 0.002605 0.016678
v 0.006727 0.004699 0.016133
v 0.006772 0.004637 0.016144
v 0.006772 0.004071 0.016295
v 0.006772 0.004010 0.016321
v 0.006772 0.003952 0.016356
v 0.006772 0.003853 0.016443
v 0.006772 0.003749 0.016524
v 0.006772 0.003637 0.016593
v 0.006772 0.003516 0.016645
v 0.006772 0.003392 0.016688
v 0.006772 0.003263 0.016713
v 0.006772 0.003132 0.016728
v 0.006772 0.003000 0.016724
v 0.006772 0.002870 0.016706
v 0.006772 0.002741 0.016681
v 0.006772 0.002674 0.016679
v 0.006772 0.002607 0.016687
v 0.006772 0.002041 0.016839
v 0.006851 0.003914 0.017032
v 0.006851 0.004105 0.016995
v 0.006851 0.003888 0.017052
v 0.006851 0.003853 0.017135
v 0.006851 0.003802 0.017210
v 0.006851 0.003733 0.017268
v 0.006851 0.003652 0.017310
v 0.006851 0.003477 0.017357
v 0.006851 0.003387 0.017361
v 0.006851 0.003298 0.017345
v 0.006851 0.003216 0.017306
v 0.006851 0.003144 0.017251
v 0.006851 0.003111 0.017247
v 0.006851 0.002928 0.017310
v 0.006719 0.004742 0.016252
v 0.006688 0.004674 0.016269
v 0.006612 0.004430 0.016334
v 0.006594 0.004476 0.016556
v 0.006719 0.002004 0.016985
v 0.006688 0.002072 0.016966
v 0.006996 0.002666 0.016722
v 0.006996 0.002668 0.016686
v 0.006996 0.002699 0.016666
v 0.006996 0.002885 0.016641
v 0.006996 0.002803 0.017233
v 0.006996 0.002919 0.016646
v 0.006996 0.002969 0.016675
v 0.006996 0.003003 0.016680
v 0.006996 0.003489 0.017049
v 0.006996 0.003105 0.016652
v 0.006996 0.003187 0.016648
v 0.006996 0.003313 0.016690
v 0.006996 0.003391 0.016686
v 0.006996 0.003461 0.016650
v 0.006996 0.003549 0.016551
v 0.006996 0.003623 0.016514
v 0.006996 0.003725 0.016486
v 0.006996 0.004174 0.016865
v 0.006996 0.003752 0.016466
v 0.006996 0.003780 0.016415
v 0.006996 0.003807 0.016394
v 0.006996 0.004037 0.016355
v 0.006996 0.003981 0.016322
v 0.006996 0.004017 0.016325
v 0.007412 0.004037 0.016355
v 0.007412 0.004017 0.016325
v 0.007412 0.003981 0.016322
v 0.007412 0.003807 0.016394
v 0.007412 0.004174 0.016865
v 0.007412 0.003780 0.016415
v 0.007412 0.003752 0.016466
v 0.007412 0.003725 0.016486
v 0.007412 0.003489 0.017049
v 0.007412 0.003623 0.016514
v 0.007412 0.003549 0.016551
v 0.007412 0.003461 0.016650
v 0.007412 0.003391 0.016686
v 0.007412 0.003313 0.016690
v 0.007412 0.003187 0.016648
v 0.007412 0.003105 0.016652
v 0.007412 0.003003 0.016680
v 0.007412 0.002803 0.017233
v 0.007412 0.002969 0.016675
v 0.007412 0.002919 0.016646
v 0.007412 0.002885 0.016641
v 0.007412 0.002666 0.016722
v 0.007412 0.002699 0.016666
v 0.007412 0.002668 0.016686
v 0.006922 0.004577 0.016739
v 0.007200 0.004577 0.016739
v 0.006904 0.004505 0.016644
v 0.006901 0.004555 0.016750
v 0.006852 0.004402 0.016672
v 0.006851 0.004166 0.016900
v 0.006855 0.004069 0.016286
v 0.006855 0.004005 0.016313
v 0.006855 0.003947 0.016349
v 0.006855 0.003848 0.016435
v 0.006855 0.003745 0.016516
v 0.006855 0.003633 0.016584
v 0.006855 0.003513 0.016636
v 0.006855 0.003389 0.016679
v 0.006855 0.003261 0.016704
v 0.006855 0.003131 0.016719
v 0.006855 0.003000 0.016715
v 0.006855 0.002870 0.016697
v 0.006855 0.002742 0.016672
v 0.006855 0.002673 0.016670
v 0.006851 0.002827 0.017259
v 0.006855 0.002605 0.016678
v 0.006852 0.002509 0.017179
v 0.006852 0.002550 0.017330
v 0.006901 0.002416 0.017323
v 0.006904 0.002405 0.017207
v 0.006922 0.002391 0.017325
v 0.007200 0.002405 0.017207
v 0.007200 0.002391 0.017325
v 0.006855 0.001997 0.016940
v 0.006855 0.001973 0.016848
v 0.006901 0.001953 0.016952
v 0.006901 0.001929 0.016860
v 0.007200 0.001953 0.016952
v 0.007200 0.001929 0.016860
v 0.006905 0.004745 0.016105
v 0.006855 0.004701 0.016117
v 0.006855 0.004726 0.016209
v 0.006687 0.003927 0.016566
v 0.006687 0.003652 0.016503
v 0.006687 0.003509 0.016845
v 0.006687 0.003792 0.016466
v 0.006687 0.003683 0.016477
v 0.006687 0.003756 0.016457
v 0.007703 0.002858 0.016849
v 0.007703 0.002926 0.016690
v 0.007703 0.002957 0.016662
v 0.007703 0.003034 0.016641
v 0.007703 0.003078 0.016649
v 0.007703 0.003385 0.016884
v 0.006778 0.003025 0.017358
v 0.006851 0.003050 0.017151
v 0.006778 0.003037 0.017151
v 0.006851 0.003038 0.017361
v 0.006778 0.003010 0.017387
v 0.006851 0.003020 0.017399
v 0.006851 0.002956 0.017416
v 0.006778 0.002959 0.017401
v 0.006778 0.002935 0.017383
v 0.006851 0.002924 0.017392
v 0.006851 0.002790 0.017149
v 0.006778 0.002805 0.017149
v 0.006687 0.002934 0.016695
v 0.006687 0.003034 0.016651
v 0.006687 0.002962 0.016670
v 0.006687 0.003075 0.016658
v 0.006687 0.002868 0.016850
v 0.006687 0.003369 0.016882
v 0.006855 0.003078 0.016649
v 0.006855 0.003385 0.016884
v 0.006855 0.003034 0.016641
v 0.006855 0.002957 0.016662
v 0.006855 0.002926 0.016690
v 0.006855 0.002858 0.016849
v 0.007436 0.001822 0.016915
v 0.006784 0.001786 0.016924
v 0.006784 0.001822 0.016915
v 0.007436 0.001786 0.016924
v 0.006784 0.001776 0.016960
v 0.007436 0.001776 0.016960
v 0.007436 0.001802 0.016987
v 0.006784 0.001802 0.016987
v 0.007435 0.001838 0.016977
v 0.006784 0.001838 0.016977
v 0.007435 0.001848 0.016941
v 0.006784 0.001848 0.016941
v 0.007712 0.002356 0.017028
v 0.007712 0.002335 0.017033
v 0.007712 0.002347 0.016996
v 0.007712 0.002326 0.017002
v 0.007808 0.004508 0.016434
v 0.007702 0.004610 0.016383
v 0.007718 0.004606 0.016367
v 0.007741 0.004604 0.016362
v 0.007763 0.004606 0.016367
v 0.007780 0.004610 0.016383
v 0.007786 0.004616 0.016405
v 0.007780 0.004621 0.016427
v 0.007478 0.002391 0.017325
v 0.007496 0.002405 0.017207
v 0.007547 0.002509 0.017179
v 0.007548 0.002558 0.017332
v 0.007548 0.002827 0.017259
v 0.007544 0.002673 0.016670
v 0.007548 0.002928 0.017310
v 0.007544 0.002742 0.016672
v 0.007544 0.002870 0.016697
v 0.007548 0.003111 0.017247
v 0.007544 0.003000 0.016715
v 0.007544 0.003131 0.016719
v 0.007548 0.003144 0.017251
v 0.007548 0.003216 0.017306
v 0.007544 0.003261 0.016704
v 0.007548 0.003298 0.017345
v 0.007548 0.003387 0.017361
v 0.007544 0.003389 0.016679
v 0.007548 0.003477 0.017357
v 0.007548 0.003566 0.017338
v 0.007548 0.003652 0.017310
v 0.007548 0.003733 0.017268
v 0.007544 0.003513 0.016636
v 0.007548 0.003802 0.017210
v 0.007548 0.003853 0.017135
v 0.007544 0.003633 0.016584
v 0.007548 0.003888 0.017052
v 0.007548 0.003914 0.017032
v 0.007544 0.003745 0.016516
v 0.007544 0.003848 0.016435
v 0.007548 0.004105 0.016995
v 0.007544 0.003947 0.016349
v 0.007544 0.004005 0.016313
v 0.007548 0.004166 0.016900
v 0.007544 0.004069 0.016286
v 0.007547 0.004402 0.016672
v 0.007548 0.004435 0.016829
v 0.007546 0.004449 0.016818
v 0.007498 0.004555 0.016750
v 0.007478 0.004577 0.016739
v 0.007544 0.004726 0.016209
v 0.007709 0.004435 0.016397
v 0.007709 0.004499 0.016379
v 0.007686 0.004441 0.016419
v 0.007686 0.004505 0.016402
v 0.007677 0.004513 0.016433
v 0.007677 0.004449 0.016450
v 0.007709 0.004527 0.016486
v 0.007709 0.004463 0.016503
v 0.007686 0.004521 0.016463
v 0.007686 0.004457 0.016480
v 0.007695 0.004553 0.016394
v 0.007683 0.004540 0.016425
v 0.007688 0.004560 0.016420
v 0.007691 0.004533 0.016397
v 0.007714 0.004548 0.016376
v 0.007712 0.004527 0.016377
v 0.007741 0.004547 0.016369
v 0.007741 0.004525 0.016370
v 0.007695 0.004567 0.016445
v 0.007691 0.004548 0.016453
v 0.007714 0.004572 0.016464
v 0.007712 0.004553 0.016473
v 0.007741 0.004555 0.016481
v 0.007741 0.004574 0.016470
v 0.007769 0.004527 0.016377
v 0.007767 0.004548 0.016376
v 0.007790 0.004533 0.016397
v 0.007786 0.004553 0.016394
v 0.007798 0.004540 0.016425
v 0.007793 0.004560 0.016420
v 0.007786 0.004567 0.016445
v 0.007790 0.004548 0.016453
v 0.007767 0.004572 0.016464
v 0.007769 0.004553 0.016473
v 0.006905 0.004593 0.016716
v 0.007200 0.004590 0.016726
v 0.007200 0.004601 0.016714
v 0.007200 0.004695 0.016580
v 0.006905 0.004687 0.016576
v 0.007200 0.004767 0.016457
v 0.006905 0.004761 0.016453
v 0.007200 0.004831 0.016329
v 0.006905 0.004825 0.016325
v 0.007200 0.004869 0.016228
v 0.006905 0.004862 0.016218
v 0.007200 0.004871 0.016201
v 0.006905 0.004859 0.016205
v 0.006813 0.004842 0.016191
v 0.006755 0.004756 0.016111
v 0.006813 0.004816 0.016095
v 0.006823 0.004807 0.016097
v 0.006764 0.004751 0.016112
v 0.006755 0.001922 0.016871
v 0.007200 0.001853 0.016880
v 0.006884 0.001843 0.016889
v 0.007200 0.001844 0.016889
v 0.007200 0.001840 0.016902
v 0.007200 0.001868 0.017006
v 0.006813 0.001862 0.016887
v 0.006882 0.001884 0.017016
v 0.007200 0.001882 0.017028
v 0.006813 0.001887 0.016983
v 0.006893 0.001969 0.017090
v 0.007200 0.001966 0.017097
v 0.007200 0.002085 0.017176
v 0.006893 0.002089 0.017169
v 0.007200 0.002209 0.017246
v 0.006893 0.002214 0.017238
v 0.006905 0.002365 0.017313
v 0.007200 0.002357 0.017315
v 0.007200 0.002373 0.017320
v 0.006883 0.002406 0.017320
v 0.006828 0.002545 0.017330
v 0.006588 0.004216 0.016637
v 0.006588 0.004108 0.016752
v 0.006588 0.004003 0.016845
v 0.006588 0.003885 0.016921
v 0.006588 0.003761 0.016987
v 0.006588 0.003631 0.017040
v 0.006588 0.003497 0.017081
v 0.006588 0.003360 0.017113
v 0.006588 0.003221 0.017132
v 0.006588 0.003081 0.017136
v 0.006588 0.002941 0.017130
v 0.006588 0.002803 0.017102
v 0.006588 0.002653 0.017056
v 0.006851 0.003919 0.016919
v 0.006778 0.004045 0.017084
v 0.006778 0.003931 0.016912
v 0.006851 0.004035 0.017094
v 0.006851 0.004069 0.017118
v 0.006778 0.004072 0.017103
v 0.006778 0.004123 0.017089
v 0.006851 0.004133 0.017100
v 0.006851 0.004149 0.017064
v 0.006778 0.004135 0.017061
v 0.006778 0.004130 0.016794
v 0.006851 0.004144 0.016786
v 0.007548 0.004149 0.017064
v 0.007548 0.004144 0.016786
v 0.007548 0.003919 0.016919
v 0.007548 0.004035 0.017094
v 0.007548 0.004069 0.017118
v 0.007548 0.004133 0.017100
v 0.007548 0.002790 0.017149
v 0.007548 0.002924 0.017392
v 0.007548 0.003050 0.017151
v 0.007548 0.003038 0.017361
v 0.007548 0.003020 0.017399
v 0.007548 0.002956 0.017416
v 0.007498 0.001929 0.016860
v 0.007516 0.001843 0.016889
v 0.007516 0.001840 0.016902
v 0.007550 0.001849 0.016888
v 0.007577 0.001872 0.016875
v 0.007583 0.001864 0.016884
v 0.007552 0.001846 0.016901
v 0.007516 0.001868 0.017006
v 0.007552 0.001868 0.016984
v 0.007587 0.001861 0.016897
v 0.007494 0.001882 0.017028
v 0.007618 0.001888 0.016877
v 0.007490 0.001966 0.017097
v 0.007646 0.001921 0.016869
v 0.007490 0.002085 0.017176
v 0.007525 0.001900 0.017024
v 0.007523 0.001973 0.017083
v 0.007490 0.002209 0.017246
v 0.007534 0.001885 0.017008
v 0.007565 0.001928 0.017011
v 0.007559 0.001885 0.016994
v 0.007587 0.001882 0.016976
v 0.007586 0.001893 0.016990
v 0.007561 0.001988 0.017053
v 0.007604 0.001912 0.016996
v 0.007581 0.001939 0.017013
v 0.007614 0.001903 0.016973
v 0.007622 0.001886 0.016890
v 0.007650 0.001918 0.016881
v 0.007639 0.001934 0.016985
v 0.007616 0.001933 0.017009
v 0.007674 0.001954 0.016872
v 0.007618 0.001957 0.017026
v 0.007659 0.001963 0.017000
v 0.007670 0.001957 0.016860
v 0.007685 0.002001 0.016980
v 0.007668 0.001991 0.016856
v 0.007690 0.001986 0.016877
v 0.007684 0.001987 0.016865
v 0.007709 0.002056 0.016903
v 0.007698 0.002058 0.016895
v 0.007716 0.002055 0.016915
v 0.007665 0.002057 0.016889
v 0.007749 0.002170 0.016873
v 0.007636 0.002046 0.016848
v 0.007665 0.002601 0.016743
v 0.007618 0.002605 0.016678
v 0.007636 0.002609 0.016696
v 0.007618 0.002673 0.016670
v 0.007664 0.002671 0.016736
v 0.007618 0.002742 0.016672
v 0.007636 0.002674 0.016688
v 0.007636 0.002740 0.016690
v 0.007618 0.002870 0.016697
v 0.007636 0.002869 0.016716
v 0.007618 0.003000 0.016715
v 0.007618 0.003131 0.016719
v 0.007636 0.003001 0.016734
v 0.007655 0.002740 0.016748
v 0.007636 0.002869 0.016797
v 0.007636 0.003133 0.016737
v 0.007618 0.003261 0.016704
v 0.007636 0.003005 0.016826
v 0.007636 0.003264 0.016722
v 0.007618 0.003389 0.016679
v 0.007636 0.003144 0.016830
v 0.007618 0.003513 0.016636
v 0.007636 0.003394 0.016697
v 0.007618 0.003633 0.016584
v 0.007636 0.003519 0.016654
v 0.007636 0.003641 0.016601
v 0.007618 0.003745 0.016516
v 0.007636 0.003753 0.016532
v 0.007618 0.003848 0.016435
v 0.007636 0.003858 0.016451
v 0.007618 0.003947 0.016349
v 0.007636 0.003958 0.016364
v 0.007618 0.004005 0.016313
v 0.007655 0.003987 0.016414
v 0.007636 0.003899 0.016521
v 0.007618 0.004069 0.016286
v 0.007636 0.003796 0.016614
v 0.007636 0.004074 0.016304
v 0.007636 0.003678 0.016687
v 0.007636 0.004014 0.016329
v 0.007664 0.004040 0.016369
v 0.007636 0.004637 0.016153
v 0.007665 0.004104 0.016340
v 0.007682 0.004047 0.016374
v 0.007665 0.004648 0.016194
v 0.007684 0.004697 0.016139
v 0.007670 0.004721 0.016119
v 0.007709 0.004656 0.016206
v 0.007690 0.004704 0.016148
v 0.007646 0.004756 0.016109
v 0.007674 0.004729 0.016128
v 0.007618 0.004788 0.016100
v 0.007650 0.004765 0.016119
v 0.007577 0.004802 0.016090
v 0.007583 0.004813 0.016094
v 0.007622 0.004797 0.016110
v 0.007550 0.004828 0.016090
v 0.007587 0.004822 0.016103
v 0.007552 0.004837 0.016099
v 0.007516 0.004843 0.016098
v 0.007552 0.004859 0.016182
v 0.007516 0.004871 0.016201
v 0.007587 0.004843 0.016183
v 0.007494 0.004869 0.016228
v 0.007534 0.004856 0.016212
v 0.007490 0.004831 0.016329
v 0.007525 0.004851 0.016233
v 0.007523 0.004818 0.016321
v 0.007490 0.004767 0.016457
v 0.007523 0.004754 0.016449
v 0.007490 0.004695 0.016580
v 0.007523 0.004680 0.016572
v 0.007562 0.004719 0.016428
v 0.007490 0.004601 0.016714
v 0.007523 0.004592 0.016699
v 0.007483 0.004590 0.016726
v 0.007510 0.004560 0.016747
v 0.007523 0.004564 0.016739
v 0.007560 0.004449 0.016818
v 0.007562 0.004483 0.016795
v 0.007562 0.004539 0.016709
v 0.007562 0.004568 0.016668
v 0.007578 0.004535 0.016706
v 0.007578 0.004449 0.016818
v 0.007562 0.004646 0.016553
v 0.007578 0.004566 0.016662
v 0.007578 0.004641 0.016550
v 0.007578 0.004435 0.016829
v 0.007609 0.004449 0.016818
v 0.007609 0.004535 0.016705
v 0.007609 0.004567 0.016659
v 0.007609 0.004435 0.016828
v 0.007627 0.004431 0.016807
v 0.007609 0.004166 0.016900
v 0.007609 0.004105 0.016995
v 0.007609 0.003914 0.017032
v 0.007627 0.004094 0.016978
v 0.007627 0.004155 0.016884
v 0.007627 0.003903 0.017015
v 0.007609 0.003888 0.017052
v 0.007609 0.003853 0.017135
v 0.007627 0.003875 0.017037
v 0.007609 0.003802 0.017210
v 0.007627 0.003840 0.017119
v 0.007627 0.003792 0.017193
v 0.007609 0.003733 0.017268
v 0.007627 0.003725 0.017252
v 0.007627 0.003774 0.017019
v 0.007627 0.003643 0.017073
v 0.007627 0.003646 0.017293
v 0.007609 0.003652 0.017310
v 0.007609 0.003566 0.017338
v 0.007627 0.003561 0.017321
v 0.007609 0.003477 0.017357
v 0.007627 0.003506 0.017114
v 0.007627 0.003474 0.017339
v 0.007609 0.003387 0.017361
v 0.007627 0.003367 0.017146
v 0.007609 0.003298 0.017345
v 0.007627 0.003385 0.017343
v 0.007609 0.003216 0.017306
v 0.007627 0.003298 0.017326
v 0.007609 0.003144 0.017251
v 0.007627 0.003219 0.017285
v 0.007627 0.003226 0.017166
v 0.007627 0.003147 0.017232
v 0.007609 0.003111 0.017247
v 0.007627 0.003113 0.017227
v 0.007609 0.002928 0.017310
v 0.007627 0.002929 0.017290
v 0.007627 0.003083 0.017170
v 0.007609 0.002827 0.017259
v 0.007627 0.002941 0.017164
v 0.007578 0.002558 0.017332
v 0.007627 0.002829 0.017239
v 0.007560 0.002541 0.017329
v 0.007609 0.002558 0.017331
v 0.007578 0.002541 0.017329
v 0.007562 0.002500 0.017326
v 0.007609 0.002541 0.017329
v 0.007627 0.002551 0.017310
v 0.007578 0.002411 0.017275
v 0.007562 0.002409 0.017280
v 0.007523 0.002402 0.017318
v 0.007562 0.002363 0.017259
v 0.007523 0.002358 0.017297
v 0.007483 0.002373 0.017320
v 0.007490 0.002357 0.017315
v 0.007523 0.002218 0.017231
v 0.007523 0.002093 0.017162
v 0.007562 0.002238 0.017198
v 0.007562 0.002113 0.017126
v 0.007578 0.002115 0.017121
v 0.007578 0.001991 0.017049
v 0.007596 0.001991 0.017049
v 0.007609 0.002241 0.017193
v 0.007609 0.002115 0.017121
v 0.007631 0.001977 0.017022
v 0.007614 0.001999 0.017037
v 0.007627 0.002121 0.017112
v 0.007657 0.001983 0.017004
v 0.007645 0.002085 0.016984
v 0.007627 0.002094 0.017008
v 0.007676 0.002007 0.016990
v 0.007636 0.002199 0.016984
v 0.007669 0.002080 0.016970
v 0.007716 0.002068 0.016962
v 0.007706 0.002076 0.016970
v 0.007682 0.002188 0.016939
v 0.007654 0.002192 0.016957
v 0.007757 0.002185 0.016931
v 0.007655 0.002281 0.016933
v 0.007758 0.002173 0.016884
v 0.007786 0.002310 0.016897
v 0.007786 0.002297 0.016850
v 0.007779 0.002294 0.016840
v 0.007682 0.002318 0.016923
v 0.007663 0.002320 0.016934
v 0.007636 0.002289 0.016960
v 0.007650 0.002325 0.016950
v 0.007627 0.002251 0.017175
v 0.007627 0.002360 0.017227
v 0.007627 0.002414 0.017252
v 0.007678 0.002385 0.017141
v 0.007714 0.002379 0.017122
v 0.007691 0.002406 0.017150
v 0.007627 0.002493 0.017258
v 0.007636 0.002430 0.017240
v 0.007627 0.002721 0.017198
v 0.007636 0.002704 0.017167
v 0.007627 0.002801 0.017136
v 0.007636 0.002760 0.017125
v 0.007684 0.002671 0.017088
v 0.007690 0.002653 0.017086
v 0.007692 0.002635 0.017088
v 0.007719 0.002635 0.017072
v 0.007719 0.002402 0.017135
v 0.007796 0.002635 0.017072
v 0.007788 0.002379 0.017122
v 0.007796 0.002402 0.017135
v 0.007828 0.002393 0.017104
v 0.007828 0.002635 0.017039
v 0.007828 0.002324 0.016843
v 0.007809 0.002306 0.016848
v 0.007828 0.002653 0.017037
v 0.007797 0.002306 0.016848
v 0.007809 0.002308 0.016835
v 0.007784 0.002308 0.016835
v 0.007773 0.002318 0.016826
v 0.007809 0.002318 0.016826
v 0.007828 0.002596 0.016770
v 0.007809 0.002599 0.016750
v 0.007828 0.002666 0.016764
v 0.007809 0.002667 0.016744
v 0.007682 0.002667 0.016744
v 0.007809 0.002734 0.016759
v 0.007674 0.002734 0.016759
v 0.007828 0.002734 0.016779
v 0.007654 0.002863 0.016815
v 0.007809 0.002864 0.016815
v 0.007654 0.003002 0.016844
v 0.007828 0.002671 0.017039
v 0.007654 0.003143 0.016848
v 0.007828 0.002803 0.017085
v 0.007828 0.002865 0.016834
v 0.007828 0.002939 0.017113
v 0.007809 0.003003 0.016844
v 0.007828 0.003005 0.016863
v 0.007828 0.003079 0.017120
v 0.007809 0.003144 0.016848
v 0.007828 0.003147 0.016866
v 0.007828 0.003219 0.017116
v 0.007828 0.003288 0.016851
v 0.007636 0.003282 0.016814
v 0.007636 0.003418 0.016785
v 0.007636 0.003550 0.016742
v 0.007654 0.003913 0.016533
v 0.007674 0.003997 0.016421
v 0.007809 0.003997 0.016421
v 0.007809 0.004047 0.016374
v 0.007828 0.004007 0.016438
v 0.007828 0.004058 0.016391
v 0.007809 0.004110 0.016346
v 0.007828 0.003921 0.016551
v 0.007828 0.004206 0.016620
v 0.007828 0.003814 0.016646
v 0.007828 0.004192 0.016631
v 0.007828 0.003693 0.016720
v 0.007828 0.003996 0.016830
v 0.007828 0.003563 0.016777
v 0.007828 0.003879 0.016906
v 0.007828 0.003756 0.016972
v 0.007828 0.003427 0.016820
v 0.007828 0.003627 0.017025
v 0.007828 0.003357 0.017097
v 0.007828 0.003493 0.017065
v 0.007796 0.003224 0.017148
v 0.007796 0.003364 0.017128
v 0.007645 0.003363 0.017128
v 0.007796 0.003501 0.017096
v 0.007645 0.003501 0.017096
v 0.007796 0.003636 0.017055
v 0.007796 0.003891 0.016936
v 0.007627 0.003900 0.016952
v 0.007627 0.004021 0.016875
v 0.007627 0.004127 0.016781
v 0.007828 0.004101 0.016737
v 0.007645 0.004119 0.016764
v 0.007796 0.004223 0.016649
v 0.007636 0.004158 0.016750
v 0.007690 0.004230 0.016663
v 0.007684 0.004216 0.016675
v 0.007627 0.004228 0.016794
v 0.007636 0.004228 0.016759
v 0.007627 0.004455 0.016733
v 0.007627 0.004520 0.016688
v 0.007636 0.004501 0.016685
v 0.007692 0.004247 0.016656
v 0.007691 0.004477 0.016595
v 0.007719 0.004239 0.016642
v 0.007719 0.004473 0.016580
v 0.007796 0.004239 0.016642
v 0.007828 0.004223 0.016613
v 0.007796 0.004473 0.016580
v 0.007828 0.004122 0.016361
v 0.007828 0.004464 0.016549
v 0.007828 0.004395 0.016288
v 0.007809 0.004391 0.016270
v 0.007788 0.004486 0.016557
v 0.007809 0.004412 0.016284
v 0.007809 0.004404 0.016273
v 0.007797 0.004412 0.016284
v 0.007784 0.004404 0.016273
v 0.007773 0.004391 0.016270
v 0.007767 0.004416 0.016264
v 0.007779 0.004418 0.016271
v 0.007786 0.004421 0.016281
v 0.007749 0.004542 0.016237
v 0.007758 0.004545 0.016248
v 0.007786 0.004433 0.016328
v 0.007716 0.004663 0.016216
v 0.007757 0.004558 0.016295
v 0.007776 0.004436 0.016337
v 0.007685 0.004742 0.016246
v 0.007716 0.004675 0.016263
v 0.007748 0.004560 0.016304
v 0.007682 0.004439 0.016355
v 0.007682 0.004471 0.016328
v 0.007663 0.004443 0.016365
v 0.007650 0.004447 0.016381
v 0.007636 0.004483 0.016372
v 0.007655 0.004476 0.016345
v 0.007682 0.004560 0.016304
v 0.007627 0.004555 0.016639
v 0.007706 0.004673 0.016274
v 0.007609 0.004641 0.016550
v 0.007676 0.004742 0.016258
v 0.007669 0.004669 0.016276
v 0.007657 0.004770 0.016257
v 0.007654 0.004565 0.016321
v 0.007645 0.004671 0.016291
v 0.007659 0.004786 0.016244
v 0.007631 0.004784 0.016269
v 0.007627 0.004676 0.016316
v 0.007636 0.004572 0.016348
v 0.007614 0.004773 0.016294
v 0.007627 0.004623 0.016540
v 0.007627 0.004704 0.016419
v 0.007609 0.004714 0.016425
v 0.007578 0.004714 0.016425
v 0.007578 0.004785 0.016300
v 0.007561 0.004790 0.016303
v 0.007565 0.004821 0.016236
v 0.007559 0.004850 0.016199
v 0.007586 0.004841 0.016200
v 0.007614 0.004823 0.016191
v 0.007604 0.004828 0.016215
v 0.007639 0.004802 0.016217
v 0.007616 0.004816 0.016237
v 0.007721 0.003523 0.016836
v 0.007721 0.003659 0.016509
v 0.007721 0.003918 0.016572
v 0.007721 0.003687 0.016485
v 0.007721 0.003788 0.016474
v 0.007721 0.003756 0.016467
v 0.007721 0.003352 0.016881
v 0.007721 0.003071 0.016667
v 0.007721 0.002878 0.016851
v 0.007721 0.003035 0.016660
v 0.007721 0.002942 0.016701
v 0.007721 0.002966 0.016678
v 0.007786 0.003919 0.016878
v 0.007617 0.004005 0.016909
v 0.007617 0.003919 0.016878
v 0.007786 0.004005 0.016909
v 0.007617 0.004068 0.016909
v 0.007813 0.003943 0.016857
v 0.007786 0.004068 0.016909
v 0.007617 0.004128 0.016888
v 0.007813 0.004009 0.016881
v 0.007813 0.004197 0.016732
v 0.007813 0.004185 0.016650
v 0.007813 0.004063 0.016881
v 0.007786 0.004128 0.016888
v 0.007617 0.004178 0.016848
v 0.007813 0.004114 0.016863
v 0.007786 0.004178 0.016848
v 0.007617 0.004211 0.016795
v 0.007813 0.004157 0.016830
v 0.007813 0.004185 0.016784
v 0.007786 0.004211 0.016795
v 0.007617 0.004224 0.016733
v 0.007786 0.004224 0.016733
v 0.007617 0.004209 0.016629
v 0.007786 0.004209 0.016629
v 0.007624 0.003734 0.016705
v 0.007790 0.003734 0.016705
v 0.007624 0.003628 0.016672
v 0.007790 0.003628 0.016672
v 0.007818 0.003693 0.016721
v 0.007624 0.003571 0.016669
v 0.007818 0.003623 0.016699
v 0.007818 0.003461 0.016812
v 0.007790 0.003571 0.016669
v 0.007790 0.003518 0.016688
v 0.007624 0.003518 0.016688
v 0.007818 0.003576 0.016697
v 0.007818 0.003467 0.016780
v 0.007818 0.003531 0.016712
v 0.007818 0.003493 0.016740
v 0.007790 0.003472 0.016722
v 0.007624 0.003472 0.016722
v 0.007624 0.003441 0.016770
v 0.007790 0.003441 0.016770
v 0.007790 0.003432 0.016824
v 0.007624 0.003432 0.016824
v 0.007612 0.002996 0.017120
v 0.007786 0.002996 0.017120
v 0.007612 0.003061 0.017187
v 0.007786 0.003061 0.017187
v 0.007612 0.003113 0.017224
v 0.007813 0.003033 0.017118
v 0.007786 0.003113 0.017224
v 0.007612 0.003171 0.017241
v 0.007813 0.003079 0.017166
v 0.007813 0.003346 0.017107
v 0.007813 0.003125 0.017199
v 0.007786 0.003171 0.017241
v 0.007612 0.003232 0.017237
v 0.007813 0.003175 0.017214
v 0.007786 0.003232 0.017237
v 0.007612 0.003294 0.017215
v 0.007813 0.003227 0.017210
v 0.007813 0.003280 0.017191
v 0.007786 0.003294 0.017215
v 0.007612 0.003343 0.017175
v 0.007813 0.003321 0.017158
v 0.007786 0.003343 0.017175
v 0.007612 0.003377 0.017106
v 0.007786 0.003377 0.017106
v 0.007786 0.002963 0.016860
v 0.007629 0.002940 0.016795
v 0.007629 0.002963 0.016860
v 0.007786 0.002940 0.016795
v 0.007629 0.002903 0.016752
v 0.007813 0.002932 0.016854
v 0.007786 0.002903 0.016752
v 0.007629 0.002853 0.016724
v 0.007813 0.002916 0.016808
v 0.007813 0.002689 0.016809
v 0.007813 0.002886 0.016773
v 0.007786 0.002853 0.016724
v 0.007629 0.002802 0.016713
v 0.007813 0.002722 0.016767
v 0.007813 0.002843 0.016750
v 0.007786 0.002703 0.016745
v 0.007786 0.002658 0.016804
v 0.007629 0.002658 0.016804
v 0.007629 0.002703 0.016745
v 0.007786 0.002749 0.016720
v 0.007629 0.002749 0.016720
v 0.007813 0.002758 0.016747
v 0.007786 0.002802 0.016713
v 0.007813 0.002801 0.016741
v 0.007584 0.001818 0.016929
v 0.007432 0.001796 0.016934
v 0.007431 0.001818 0.016929
v 0.007585 0.001796 0.016934
v 0.007432 0.001790 0.016956
v 0.007646 0.001832 0.016932
v 0.007585 0.001790 0.016956
v 0.007655 0.001811 0.016939
v 0.007584 0.001806 0.016973
v 0.007431 0.001806 0.016973
v 0.007647 0.001820 0.016976
v 0.007655 0.001805 0.016961
v 0.007700 0.001854 0.016986
v 0.007714 0.001850 0.016949
v 0.007700 0.001866 0.016942
v 0.007714 0.001844 0.016971
v 0.007734 0.001907 0.017000
v 0.007752 0.001908 0.016964
v 0.007753 0.001902 0.016987
v 0.007747 0.001968 0.017016
v 0.007734 0.001919 0.016956
v 0.007767 0.001970 0.017005
v 0.007742 0.002154 0.017066
v 0.007766 0.001976 0.016983
v 0.007747 0.001980 0.016972
v 0.007761 0.002158 0.017055
v 0.007761 0.002163 0.017033
v 0.007741 0.002165 0.017022
v 0.007741 0.002196 0.017071
v 0.007761 0.002196 0.017037
v 0.007741 0.002196 0.017026
v 0.007741 0.002227 0.017022
v 0.007761 0.002196 0.017060
v 0.007760 0.002235 0.017055
v 0.007741 0.002238 0.017066
v 0.007760 0.002230 0.017033
v 0.007741 0.002301 0.017002
v 0.007760 0.002303 0.017013
v 0.007760 0.002309 0.017035
v 0.007741 0.002312 0.017046
v 0.007638 0.003436 0.017303
v 0.007601 0.003550 0.017277
v 0.007601 0.003436 0.017303
v 0.007638 0.003550 0.017277
v 0.007601 0.003661 0.017243
v 0.007638 0.003661 0.017243
v 0.007647 0.003435 0.017294
v 0.007647 0.003657 0.017234
v 0.007647 0.003547 0.017269
v 0.007647 0.003429 0.017112
v 0.007647 0.003572 0.017074
v 0.007647 0.003501 0.017097
v 0.007721 0.002309 0.017035
v 0.007721 0.002235 0.017055
v 0.007721 0.002229 0.017033
v 0.007721 0.002303 0.017013
v 0.007721 0.002196 0.017060
v 0.007721 0.002196 0.017037
v 0.007722 0.002157 0.017055
v 0.007722 0.002162 0.017033
v 0.007727 0.001971 0.017005
v 0.007727 0.001977 0.016983
v 0.007716 0.001917 0.016991
v 0.007716 0.001923 0.016969
v 0.007686 0.001877 0.016956
v 0.007686 0.001871 0.016978
v 0.007638 0.001846 0.016948
v 0.007638 0.001840 0.016970
v 0.007583 0.001828 0.016967
v 0.007431 0.001828 0.016967
v 0.007583 0.001834 0.016945
v 0.007431 0.001834 0.016945
v 0.007607 0.003919 0.016919
v 0.007607 0.004035 0.017094
v 0.007635 0.004055 0.017075
v 0.007635 0.003943 0.016905
v 0.007607 0.004069 0.017118
v 0.007635 0.004074 0.017088
v 0.007635 0.004121 0.017059
v 0.007635 0.004117 0.016802
v 0.007635 0.004113 0.017077
v 0.007607 0.004133 0.017100
v 0.007607 0.004149 0.017064
v 0.007607 0.004144 0.016786
v 0.007607 0.003050 0.017151
v 0.007607 0.003038 0.017361
v 0.007635 0.003011 0.017354
v 0.007635 0.003023 0.017151
v 0.007607 0.003020 0.017399
v 0.007635 0.003001 0.017375
v 0.007635 0.002946 0.017373
v 0.007635 0.002821 0.017149
v 0.007635 0.002962 0.017386
v 0.007607 0.002956 0.017416
v 0.007607 0.002924 0.017392
v 0.007607 0.002790 0.017149
v 0.007498 0.001953 0.016952
v 0.007544 0.001997 0.016940
v 0.007674 0.003576 0.017214
v 0.007703 0.003574 0.017215
v 0.007712 0.003553 0.017206
v 0.007712 0.003588 0.017234
v 0.007712 0.003567 0.017225
v 0.007717 0.003554 0.017226
v 0.007717 0.003568 0.017237
v 0.007712 0.003592 0.017248
v 0.007717 0.003573 0.017255
v 0.007712 0.003539 0.017205
v 0.007717 0.003536 0.017225
v 0.007674 0.003515 0.017211
v 0.007712 0.003523 0.017222
v 0.007717 0.003520 0.017235
v 0.007703 0.003517 0.017212
v 0.007712 0.003501 0.017229
v 0.007703 0.003495 0.017221
v 0.007712 0.003496 0.017243
v 0.007717 0.003514 0.017252
v 0.007703 0.003496 0.017266
v 0.007674 0.003493 0.017267
v 0.007712 0.003508 0.017263
v 0.007717 0.003518 0.017270
v 0.007712 0.003507 0.017286
v 0.007712 0.003519 0.017295
v 0.007717 0.003533 0.017281
v 0.007703 0.003541 0.017302
v 0.007674 0.003540 0.017305
v 0.007712 0.003541 0.017290
v 0.007717 0.003551 0.017282
v 0.007712 0.003564 0.017298
v 0.007717 0.003566 0.017272
v 0.007712 0.003576 0.017290
v 0.007712 0.003578 0.017267
v 0.007703 0.003589 0.017271
v 0.007674 0.003591 0.017272
v 0.007674 0.003602 0.017256
v 0.007666 0.003662 0.017267
v 0.007548 0.003552 0.017057
v 0.007703 0.003552 0.017057
v 0.007548 0.003662 0.017267
v 0.007721 0.003570 0.017051
v 0.007663 0.003677 0.017281
v 0.007548 0.003677 0.017281
v 0.007684 0.003677 0.017256
v 0.007684 0.003701 0.017249
v 0.007721 0.003708 0.017004
v 0.007703 0.003726 0.016998
v 0.007682 0.003692 0.017263
v 0.007662 0.003697 0.017282
v 0.007548 0.003697 0.017282
v 0.007548 0.003714 0.017271
v 0.007663 0.003714 0.017271
v 0.007548 0.003719 0.017252
v 0.007666 0.003719 0.017252
v 0.007548 0.003726 0.016998
v 0.007666 0.003390 0.017340
v 0.007548 0.003257 0.017124
v 0.007703 0.003257 0.017124
v 0.007548 0.003390 0.017340
v 0.007721 0.003276 0.017120
v 0.007663 0.003404 0.017354
v 0.007548 0.003404 0.017354
v 0.007684 0.003404 0.017328
v 0.007721 0.003419 0.017092
v 0.007662 0.003424 0.017355
v 0.007548 0.003424 0.017355
v 0.007548 0.003441 0.017345
v 0.007682 0.003420 0.017336
v 0.007684 0.003429 0.017322
v 0.007703 0.003437 0.017088
v 0.007663 0.003441 0.017345
v 0.007548 0.003447 0.017325
v 0.007666 0.003447 0.017325
v 0.007548 0.003437 0.017088
v 0.007657 0.004111 0.017038
v 0.006845 0.004114 0.017038
v 0.007657 0.004110 0.017057
v 0.007657 0.004101 0.017023
v 0.006845 0.004113 0.017058
v 0.006845 0.004103 0.017021
v 0.007657 0.004098 0.017071
v 0.006845 0.004084 0.017014
v 0.006845 0.004100 0.017073
v 0.007657 0.004084 0.017017
v 0.006845 0.004081 0.017078
v 0.007657 0.004067 0.017021
v 0.007657 0.004081 0.017075
v 0.006845 0.004065 0.017019
v 0.007657 0.004064 0.017069
v 0.006845 0.004052 0.017034
v 0.006845 0.004062 0.017071
v 0.007657 0.004055 0.017035
v 0.006845 0.004051 0.017054
v 0.007657 0.004054 0.017054
v 0.006845 0.002942 0.017352
v 0.007657 0.002945 0.017333
v 0.007657 0.002944 0.017351
v 0.007657 0.002954 0.017366
v 0.006845 0.002943 0.017332
v 0.006845 0.002952 0.017368
v 0.007657 0.002957 0.017319
v 0.006845 0.002971 0.017376
v 0.006845 0.002955 0.017316
v 0.007657 0.002971 0.017373
v 0.006845 0.002974 0.017311
v 0.007657 0.002989 0.017368
v 0.007657 0.002974 0.017314
v 0.006845 0.002990 0.017370
v 0.007657 0.002991 0.017321
v 0.006845 0.003003 0.017355
v 0.006845 0.002993 0.017318
v 0.007657 0.003000 0.017354
v 0.006845 0.003004 0.017335
v 0.007657 0.003001 0.017336
v 0.007726 0.003776 0.016508
v 0.007726 0.003742 0.016566
v 0.007726 0.003725 0.016502
v 0.007726 0.003807 0.016549
v 0.007726 0.003685 0.016533
v 0.007726 0.003800 0.016599
v 0.007726 0.003678 0.016583
v 0.007726 0.003760 0.016630
v 0.007726 0.003709 0.016623
v 0.007726 0.002973 0.016725
v 0.007726 0.003014 0.016694
v 0.007726 0.003031 0.016758
v 0.007726 0.002967 0.016775
v 0.007726 0.003064 0.016701
v 0.007726 0.002998 0.016816
v 0.007726 0.003095 0.016741
v 0.007726 0.003048 0.016822
v 0.007726 0.003088 0.016792
v 0.007662 0.004082 0.017046
v 0.007662 0.002973 0.017343
v 0.007717 0.003543 0.017253
v 0.007652 0.003594 0.017191
v 0.007611 0.003572 0.017178
v 0.007611 0.003594 0.017191
v 0.007652 0.003611 0.017210
v 0.007611 0.003611 0.017210
v 0.007652 0.003572 0.017178
v 0.007611 0.003548 0.017173
v 0.007667 0.003588 0.017198
v 0.007652 0.003621 0.017233
v 0.007611 0.003621 0.017233
v 0.007667 0.003603 0.017215
v 0.007667 0.003569 0.017187
v 0.007667 0.003611 0.017235
v 0.007652 0.003548 0.017173
v 0.007611 0.003523 0.017176
v 0.007652 0.003623 0.017258
v 0.007611 0.003623 0.017258
v 0.007652 0.003523 0.017176
v 0.007611 0.003500 0.017186
v 0.007652 0.003618 0.017282
v 0.007611 0.003618 0.017282
v 0.007652 0.003500 0.017186
v 0.007611 0.003481 0.017203
v 0.007652 0.003606 0.017304
v 0.007611 0.003606 0.017304
v 0.007652 0.003481 0.017203
v 0.007611 0.003468 0.017225
v 0.007652 0.003587 0.017321
v 0.007611 0.003587 0.017321
v 0.007652 0.003468 0.017225
v 0.007611 0.003463 0.017249
v 0.007667 0.003488 0.017209
v 0.007667 0.003505 0.017194
v 0.007667 0.003477 0.017228
v 0.007667 0.003525 0.017185
v 0.007652 0.003463 0.017249
v 0.007611 0.003466 0.017274
v 0.007667 0.003547 0.017183
v 0.007674 0.003543 0.017253
v 0.007667 0.003473 0.017250
v 0.007667 0.003475 0.017272
v 0.007652 0.003466 0.017274
v 0.007611 0.003476 0.017297
v 0.007667 0.003484 0.017292
v 0.007652 0.003476 0.017297
v 0.007611 0.003493 0.017316
v 0.007667 0.003499 0.017308
v 0.007652 0.003493 0.017316
v 0.007611 0.003515 0.017328
v 0.007652 0.003515 0.017328
v 0.007611 0.003539 0.017334
v 0.007667 0.003518 0.017319
v 0.007652 0.003539 0.017334
v 0.007611 0.003564 0.017331
v 0.007667 0.003540 0.017324
v 0.007652 0.003564 0.017331
v 0.007667 0.003562 0.017322
v 0.007667 0.003582 0.017313
v 0.007667 0.003598 0.017298
v 0.007667 0.003609 0.017279
v 0.007667 0.003614 0.017257
v -0.007798 0.004010 0.016861
v -0.007647 0.003893 0.016936
v -0.007647 0.004013 0.016859
v -0.007584 0.004813 0.016244
v -0.007620 0.004803 0.016264
v -0.007598 0.004786 0.016301
v -0.007811 0.004480 0.016538
v -0.007793 0.004427 0.016340
v -0.007799 0.004425 0.016332
v -0.007517 0.004820 0.016086
v -0.007613 0.004778 0.016097
v -0.007549 0.004815 0.016087
v -0.007546 0.004701 0.016118
v -0.007517 0.004820 0.016086
v -0.007500 0.004745 0.016106
v -0.007798 0.003767 0.017003
v -0.007647 0.003637 0.017056
v -0.007647 0.003768 0.017003
v -0.007647 0.003223 0.017149
v -0.007798 0.003083 0.017153
v -0.007647 0.003081 0.017153
v -0.007548 0.002541 0.017330
v -0.007512 0.002410 0.017324
v -0.007500 0.002416 0.017324
v -0.007750 0.002188 0.016941
v -0.007684 0.002277 0.016917
v -0.007778 0.002312 0.016907
v -0.006885 0.004562 0.016744
v -0.006854 0.004442 0.016824
v -0.006830 0.004447 0.016821
v -0.006907 0.004770 0.016198
v -0.007202 0.004505 0.016645
v -0.007202 0.004770 0.016198
v -0.007779 0.002336 0.017038
v -0.007743 0.002320 0.016978
v -0.007779 0.002326 0.016998
v -0.007743 0.002315 0.017066
v -0.007707 0.002299 0.017005
v -0.007707 0.002310 0.017045
v -0.007707 0.002326 0.016998
v -0.007743 0.002342 0.017058
v -0.007707 0.002336 0.017038
v -0.007743 0.004491 0.016370
v -0.007716 0.004496 0.016390
v -0.007743 0.004494 0.016383
v -0.007696 0.004501 0.016409
v -0.007709 0.004493 0.016379
v -0.007684 0.004500 0.016402
v -0.007688 0.004508 0.016435
v -0.007684 0.004517 0.016467
v -0.007696 0.004515 0.016461
v -0.007684 0.004517 0.016467
v -0.007709 0.004523 0.016491
v -0.007696 0.004515 0.016461
v -0.007789 0.004515 0.016461
v -0.007776 0.004523 0.016491
v -0.007801 0.004517 0.016467
v -0.007797 0.004508 0.016435
v -0.007801 0.004500 0.016402
v -0.007789 0.004501 0.016409
v -0.007789 0.004501 0.016409
v -0.007801 0.004500 0.016402
v -0.007776 0.004493 0.016379
v -0.007770 0.004496 0.016390
v -0.007743 0.004491 0.016370
v -0.007743 0.004494 0.016383
v -0.007743 0.004545 0.016366
v -0.007718 0.004549 0.016380
v -0.007743 0.004547 0.016374
v -0.007718 0.004549 0.016380
v -0.007743 0.004545 0.016366
v -0.007714 0.004547 0.016374
v -0.007714 0.004547 0.016374
v -0.007700 0.004553 0.016397
v -0.007718 0.004549 0.016380
v -0.007718 0.004571 0.016462
v -0.007743 0.004574 0.016476
v -0.007743 0.004572 0.016469
v -0.007743 0.004574 0.016476
v -0.007767 0.004571 0.016462
v -0.007743 0.004572 0.016469
v -0.007767 0.004549 0.016380
v -0.007785 0.004553 0.016397
v -0.007771 0.004547 0.016374
v -0.007771 0.004547 0.016374
v -0.007743 0.004545 0.016366
v -0.007767 0.004549 0.016380
v -0.007767 0.004549 0.016380
v -0.007743 0.004545 0.016366
v -0.007743 0.004547 0.016374
v -0.007716 0.004529 0.016381
v -0.007743 0.004525 0.016366
v -0.007743 0.004527 0.016374
v -0.007743 0.004525 0.016366
v -0.007716 0.004529 0.016381
v -0.007711 0.004527 0.016374
v -0.007696 0.004534 0.016400
v -0.007711 0.004527 0.016374
v -0.007716 0.004529 0.016381
v -0.007743 0.004557 0.016486
v -0.007716 0.004553 0.016471
v -0.007743 0.004555 0.016478
v -0.007770 0.004553 0.016471
v -0.007743 0.004557 0.016486
v -0.007743 0.004555 0.016478
v -0.007774 0.004527 0.016374
v -0.007789 0.004534 0.016400
v -0.007770 0.004529 0.016381
v -0.007743 0.004525 0.016366
v -0.007774 0.004527 0.016374
v -0.007770 0.004529 0.016381
v -0.007743 0.004525 0.016366
v -0.007770 0.004529 0.016381
v -0.007743 0.004527 0.016374
v -0.007720 0.004626 0.016444
v -0.007743 0.004616 0.016406
v -0.007743 0.004627 0.016450
v -0.007743 0.004627 0.016450
v -0.007743 0.004616 0.016406
v -0.007765 0.004626 0.016444
v -0.007705 0.003601 0.017253
v -0.007676 0.003592 0.017223
v -0.007705 0.003594 0.017227
v -0.007705 0.003486 0.017247
v -0.007676 0.003498 0.017218
v -0.007676 0.003485 0.017251
v -0.007714 0.004210 0.016660
v -0.007798 0.004209 0.016661
v -0.007798 0.004116 0.016768
v -0.007719 0.004223 0.016650
v -0.007690 0.004440 0.016390
v -0.007811 0.004480 0.016538
v -0.007716 0.004486 0.016558
v -0.007680 0.004491 0.016578
v -0.007611 0.002359 0.017252
v -0.007580 0.002241 0.017194
v -0.007580 0.002362 0.017253
v -0.007611 0.002411 0.017276
v -0.007811 0.002374 0.017102
v -0.007799 0.002319 0.016896
v -0.007793 0.002321 0.016905
v -0.007690 0.002334 0.016954
v -0.007742 0.002173 0.016866
v -0.007769 0.002293 0.016834
v -0.007686 0.002599 0.016752
v -0.007686 0.002058 0.016896
v -0.007202 0.004843 0.016099
v -0.006907 0.004833 0.016089
v -0.007202 0.004833 0.016089
v -0.006907 0.004826 0.016091
v -0.007743 0.002320 0.016978
v -0.007779 0.002336 0.017038
v -0.007707 0.002326 0.016998
v -0.007743 0.002342 0.017058
v -0.007743 0.002320 0.016978
v -0.007707 0.002299 0.017005
v -0.007743 0.002294 0.016985
v -0.007707 0.002326 0.016998
v -0.007779 0.002326 0.016998
v -0.007743 0.002320 0.016978
v -0.007779 0.002299 0.017005
v -0.007743 0.002294 0.016985
v -0.007779 0.002299 0.017005
v -0.007779 0.002310 0.017045
v -0.007779 0.002326 0.016998
v -0.007779 0.002336 0.017038
v -0.007743 0.002342 0.017058
v -0.007779 0.002336 0.017038
v -0.007743 0.002315 0.017066
v -0.007779 0.002310 0.017045
v -0.007707 0.002336 0.017038
v -0.007743 0.002315 0.017066
v -0.007707 0.002310 0.017045
v -0.007743 0.002342 0.017058
v -0.007707 0.002326 0.016998
v -0.007707 0.002310 0.017045
v -0.007707 0.002299 0.017005
v -0.007707 0.002336 0.017038
v -0.007716 0.004496 0.016390
v -0.007743 0.004491 0.016370
v -0.007709 0.004493 0.016379
v -0.007696 0.004501 0.016409
v -0.007770 0.004496 0.016390
v -0.007789 0.004501 0.016409
v -0.007776 0.004493 0.016379
v -0.007743 0.004491 0.016370
v -0.007693 0.004560 0.016421
v -0.007693 0.004567 0.016449
v -0.007700 0.004566 0.016445
v -0.007714 0.004572 0.016469
v -0.007700 0.004566 0.016445
v -0.007714 0.004572 0.016469
v -0.007718 0.004571 0.016462
v -0.007743 0.004574 0.016476
v -0.007767 0.004571 0.016462
v -0.007743 0.004574 0.016476
v -0.007771 0.004572 0.016469
v -0.007785 0.004566 0.016445
v -0.007785 0.004553 0.016397
v -0.007792 0.004560 0.016421
v -0.007792 0.004552 0.016394
v -0.007771 0.004547 0.016374
v -0.007696 0.004548 0.016452
v -0.007716 0.004553 0.016471
v -0.007711 0.004555 0.016478
v -0.007743 0.004557 0.016486
v -0.007743 0.004557 0.016486
v -0.007770 0.004553 0.016471
v -0.007774 0.004555 0.016478
v -0.007789 0.004548 0.016452
v -0.007549 0.003566 0.017339
v -0.006853 0.003476 0.017352
v -0.006853 0.003566 0.017339
v -0.007549 0.003476 0.017352
v -0.006853 0.003650 0.017306
v -0.007549 0.003566 0.017339
v -0.006853 0.003566 0.017339
v -0.007549 0.003650 0.017306
v -0.006856 0.003622 0.017236
v -0.007549 0.003650 0.017306
v -0.006853 0.003650 0.017306
v -0.007552 0.003622 0.017236
v -0.006856 0.003466 0.017278
v -0.007552 0.003466 0.017278
v -0.006856 0.003622 0.017236
v -0.007552 0.003622 0.017236
v -0.007552 0.003466 0.017278
v -0.006856 0.003466 0.017278
v -0.007549 0.003476 0.017352
v -0.006853 0.003476 0.017352
v -0.007500 0.004770 0.016198
v -0.007202 0.004770 0.016198
v -0.007498 0.004505 0.016645
v -0.007202 0.004505 0.016645
v -0.007676 0.003589 0.017291
v -0.007705 0.003563 0.017309
v -0.007676 0.003558 0.017311
v -0.007705 0.003585 0.017294
v -0.007676 0.003564 0.017200
v -0.007705 0.003533 0.017197
v -0.007705 0.003560 0.017199
v -0.007676 0.003528 0.017198
v -0.007705 0.003518 0.017307
v -0.007676 0.003494 0.017286
v -0.007676 0.003522 0.017309
v -0.007705 0.003497 0.017290
v -0.007811 0.003912 0.016535
v -0.007656 0.003808 0.016629
v -0.007811 0.003807 0.016630
v -0.007657 0.003687 0.016703
v -0.007811 0.003687 0.016704
v -0.007657 0.003558 0.016760
v -0.007811 0.003557 0.016760
v -0.007657 0.003423 0.016804
v -0.007811 0.003423 0.016804
v -0.007811 0.003284 0.016834
v -0.007657 0.003284 0.016834
v -0.007700 0.004650 0.016202
v -0.007670 0.004688 0.016134
v -0.007686 0.004650 0.016202
v -0.007742 0.004536 0.016233
v -0.007686 0.004110 0.016347
v -0.007647 0.003081 0.017153
v -0.007798 0.002942 0.017147
v -0.007647 0.002939 0.017147
v -0.007798 0.002804 0.017119
v -0.007647 0.002800 0.017118
v -0.007714 0.002669 0.017073
v -0.007798 0.002804 0.017119
v -0.007798 0.002670 0.017073
v -0.007719 0.002652 0.017071
v -0.007798 0.002653 0.017071
v -0.006729 0.004699 0.016134
v -0.006721 0.004710 0.016132
v -0.006727 0.004649 0.016199
v -0.006774 0.004637 0.016145
v -0.006727 0.004107 0.016344
v -0.006774 0.004071 0.016296
v -0.006728 0.004043 0.016373
v -0.006774 0.004010 0.016322
v -0.006774 0.003952 0.016358
v -0.006737 0.003992 0.016419
v -0.006774 0.003853 0.016444
v -0.006756 0.003906 0.016528
v -0.006774 0.003749 0.016525
v -0.006756 0.003802 0.016622
v -0.006774 0.003637 0.016594
v -0.006756 0.003683 0.016696
v -0.006774 0.003516 0.016646
v -0.006756 0.003554 0.016752
v -0.006774 0.003392 0.016689
v -0.006756 0.003420 0.016795
v -0.006756 0.003283 0.016825
v -0.006774 0.003263 0.016714
v -0.006756 0.003143 0.016840
v -0.006774 0.003132 0.016729
v -0.006756 0.003003 0.016836
v -0.006774 0.003000 0.016725
v -0.006756 0.002866 0.016807
v -0.006774 0.002870 0.016708
v -0.006737 0.002737 0.016755
v -0.006774 0.002741 0.016682
v -0.006728 0.002669 0.016741
v -0.006774 0.002674 0.016680
v -0.006774 0.002607 0.016688
v -0.006727 0.002600 0.016748
v -0.006774 0.002041 0.016840
v -0.006727 0.002057 0.016893
v -0.006721 0.001972 0.016865
v -0.006759 0.004673 0.016301
v -0.006757 0.004799 0.016274
v -0.006784 0.004709 0.016423
v -0.006740 0.004444 0.016372
v -0.006784 0.004632 0.016546
v -0.006784 0.004561 0.016650
v -0.006764 0.004481 0.016578
v -0.006774 0.004485 0.016713
v -0.006763 0.004228 0.016659
v -0.006770 0.004228 0.016777
v -0.006788 0.004438 0.016821
v -0.006763 0.004131 0.016766
v -0.006784 0.004161 0.016893
v -0.006765 0.004017 0.016868
v -0.006784 0.004099 0.016987
v -0.006765 0.003897 0.016944
v -0.006784 0.003908 0.017025
v -0.006784 0.003882 0.017045
v -0.006765 0.003771 0.017011
v -0.006784 0.003847 0.017128
v -0.006784 0.003797 0.017203
v -0.006765 0.003640 0.017065
v -0.006784 0.003729 0.017261
v -0.006784 0.003649 0.017303
v -0.006765 0.003504 0.017106
v -0.006784 0.003564 0.017331
v -0.006784 0.003476 0.017349
v -0.006765 0.003365 0.017139
v -0.006784 0.003386 0.017353
v -0.006784 0.003298 0.017337
v -0.006765 0.003224 0.017158
v -0.006784 0.003217 0.017297
v -0.006784 0.003146 0.017243
v -0.006765 0.003082 0.017162
v -0.006784 0.003112 0.017238
v -0.006784 0.002928 0.017301
v -0.006765 0.002940 0.017156
v -0.006784 0.002828 0.017250
v -0.006763 0.002790 0.017125
v -0.006770 0.002712 0.017184
v -0.006788 0.002552 0.017326
v -0.006763 0.002653 0.017081
v -0.006774 0.002457 0.017256
v -0.006764 0.002393 0.017138
v -0.006784 0.002360 0.017240
v -0.006740 0.002322 0.016940
v -0.006784 0.002246 0.017185
v -0.006784 0.002118 0.017117
v -0.006759 0.002088 0.016993
v -0.006757 0.001966 0.017034
v -0.006691 0.002056 0.016907
v -0.006721 0.001972 0.016865
v -0.006727 0.002057 0.016893
v -0.006621 0.002303 0.016840
v -0.006727 0.002600 0.016748
v -0.006583 0.002598 0.016761
v -0.006587 0.002313 0.016842
v -0.006583 0.002667 0.016755
v -0.006728 0.002669 0.016741
v -0.006583 0.002734 0.016770
v -0.006737 0.002737 0.016755
v -0.006583 0.002865 0.016826
v -0.006756 0.002866 0.016807
v -0.006583 0.003004 0.016854
v -0.006756 0.003003 0.016836
v -0.006756 0.003143 0.016840
v -0.006583 0.003145 0.016858
v -0.006756 0.003283 0.016825
v -0.006583 0.003286 0.016843
v -0.006756 0.003420 0.016795
v -0.006583 0.003425 0.016812
v -0.006756 0.003554 0.016752
v -0.006583 0.003560 0.016769
v -0.006756 0.003683 0.016696
v -0.006583 0.003690 0.016712
v -0.006756 0.003802 0.016622
v -0.006583 0.003811 0.016638
v -0.006756 0.003906 0.016528
v -0.006583 0.003917 0.016544
v -0.006737 0.003992 0.016419
v -0.006583 0.004002 0.016431
v -0.006728 0.004043 0.016373
v -0.006583 0.004053 0.016384
v -0.006727 0.004107 0.016344
v -0.006583 0.004116 0.016355
v -0.006621 0.004410 0.016276
v -0.006587 0.004402 0.016283
v -0.006727 0.004649 0.016199
v -0.006691 0.004658 0.016209
v -0.006721 0.004710 0.016132
v -0.006740 0.004444 0.016372
v -0.006764 0.004481 0.016578
v -0.006596 0.004476 0.016557
v -0.006614 0.004430 0.016335
v -0.006587 0.004402 0.016283
v -0.006621 0.004410 0.016276
v -0.006876 0.003981 0.016323
v -0.006876 0.004017 0.016326
v -0.006876 0.004037 0.016356
v -0.006876 0.003807 0.016395
v -0.006876 0.004174 0.016866
v -0.006876 0.003780 0.016416
v -0.006876 0.003752 0.016467
v -0.006876 0.003725 0.016487
v -0.006876 0.003489 0.017050
v -0.006876 0.003623 0.016515
v -0.006876 0.003549 0.016552
v -0.006876 0.003461 0.016651
v -0.006876 0.003391 0.016687
v -0.006876 0.003313 0.016691
v -0.006876 0.003187 0.016649
v -0.006876 0.003105 0.016653
v -0.006876 0.003003 0.016681
v -0.006876 0.002803 0.017234
v -0.006876 0.002969 0.016676
v -0.006876 0.002919 0.016647
v -0.006876 0.002885 0.016642
v -0.006876 0.002666 0.016723
v -0.006876 0.002699 0.016667
v -0.006876 0.002668 0.016687
v -0.007535 0.002699 0.016667
v -0.007535 0.002668 0.016687
v -0.007535 0.002666 0.016723
v -0.007535 0.002885 0.016642
v -0.007535 0.002803 0.017234
v -0.007535 0.002919 0.016647
v -0.007535 0.002969 0.016676
v -0.007535 0.003003 0.016681
v -0.007535 0.003489 0.017050
v -0.007535 0.003105 0.016653
v -0.007535 0.003187 0.016649
v -0.007535 0.003313 0.016691
v -0.007535 0.003391 0.016687
v -0.007535 0.003461 0.016651
v -0.007535 0.003549 0.016552
v -0.007535 0.003623 0.016515
v -0.007535 0.003725 0.016487
v -0.007535 0.004174 0.016866
v -0.007535 0.003752 0.016467
v -0.007535 0.003780 0.016416
v -0.007535 0.003807 0.016395
v -0.007535 0.004037 0.016356
v -0.007535 0.003981 0.016323
v -0.007535 0.004017 0.016326
v -0.006857 0.003935 0.016562
v -0.006689 0.003927 0.016567
v -0.006857 0.003796 0.016458
v -0.006689 0.003792 0.016467
v -0.006857 0.003755 0.016449
v -0.006689 0.003756 0.016459
v -0.006689 0.003683 0.016478
v -0.006857 0.003678 0.016470
v -0.006689 0.003652 0.016504
v -0.006857 0.003644 0.016499
v -0.006689 0.003509 0.016846
v -0.006857 0.003495 0.016855
v -0.007546 0.003935 0.016562
v -0.007546 0.003495 0.016855
v -0.007546 0.003644 0.016499
v -0.007546 0.003796 0.016458
v -0.007546 0.003678 0.016470
v -0.007546 0.003755 0.016449
v -0.006857 0.002858 0.016850
v -0.006857 0.003385 0.016885
v -0.006857 0.003078 0.016650
v -0.006857 0.002926 0.016691
v -0.006857 0.003034 0.016642
v -0.006857 0.002957 0.016663
v -0.007743 0.002343 0.016981
v -0.007743 0.002322 0.016987
v -0.007771 0.002326 0.017003
v -0.007771 0.002347 0.016997
v -0.007771 0.002335 0.017034
v -0.007771 0.002356 0.017029
v -0.007743 0.002339 0.017050
v -0.007743 0.002360 0.017044
v -0.007707 0.002299 0.017005
v -0.007743 0.002315 0.017066
v -0.007779 0.002310 0.017045
v -0.007743 0.002294 0.016985
v -0.007779 0.002299 0.017005
v -0.007675 0.004508 0.016435
v -0.007684 0.004517 0.016467
v -0.007688 0.004508 0.016435
v -0.007684 0.004500 0.016402
v -0.007696 0.004501 0.016409
v -0.007696 0.004515 0.016461
v -0.007709 0.004523 0.016491
v -0.007716 0.004521 0.016480
v -0.007743 0.004526 0.016500
v -0.007743 0.004522 0.016487
v -0.007776 0.004523 0.016491
v -0.007789 0.004515 0.016461
v -0.007770 0.004521 0.016480
v -0.007743 0.004526 0.016500
v -0.007743 0.004522 0.016487
v -0.007700 0.004553 0.016397
v -0.007714 0.004547 0.016374
v -0.007693 0.004552 0.016394
v -0.007693 0.004560 0.016421
v -0.007686 0.004560 0.016421
v -0.007693 0.004567 0.016449
v -0.007785 0.004566 0.016445
v -0.007771 0.004572 0.016469
v -0.007792 0.004567 0.016449
v -0.007792 0.004560 0.016421
v -0.007800 0.004560 0.016421
v -0.007792 0.004552 0.016394
v -0.007711 0.004527 0.016374
v -0.007696 0.004534 0.016400
v -0.007689 0.004533 0.016396
v -0.007688 0.004541 0.016426
v -0.007680 0.004541 0.016426
v -0.007689 0.004549 0.016456
v -0.007696 0.004548 0.016452
v -0.007711 0.004555 0.016478
v -0.007774 0.004555 0.016478
v -0.007789 0.004548 0.016452
v -0.007796 0.004549 0.016456
v -0.007797 0.004541 0.016426
v -0.007805 0.004541 0.016426
v -0.007796 0.004533 0.016396
v -0.007789 0.004534 0.016400
v -0.007774 0.004527 0.016374
v -0.007202 0.004833 0.016089
v -0.007518 0.004833 0.016089
v -0.007202 0.004843 0.016099
v -0.007517 0.004820 0.016086
v -0.007202 0.004820 0.016086
v -0.007500 0.004745 0.016106
v -0.007202 0.004745 0.016106
v -0.007517 0.004820 0.016086
v -0.007546 0.004701 0.016118
v -0.007640 0.004747 0.016105
v -0.007662 0.004713 0.016115
v -0.007620 0.004637 0.016135
v -0.007613 0.001895 0.016870
v -0.007517 0.001853 0.016881
v -0.007549 0.001858 0.016879
v -0.007640 0.001927 0.016861
v -0.007546 0.001973 0.016849
v -0.007662 0.001961 0.016852
v -0.007620 0.002037 0.016832
v -0.007546 0.002605 0.016679
v -0.006784 0.002928 0.017301
v -0.006853 0.003111 0.017248
v -0.006853 0.002928 0.017311
v -0.006784 0.003112 0.017238
v -0.006853 0.003144 0.017252
v -0.006784 0.003146 0.017243
v -0.006853 0.003216 0.017307
v -0.006784 0.003217 0.017297
v -0.006853 0.003298 0.017347
v -0.006784 0.003298 0.017337
v -0.006784 0.003386 0.017353
v -0.006853 0.003387 0.017362
v -0.006784 0.003476 0.017349
v -0.006853 0.003477 0.017358
v -0.006784 0.003564 0.017331
v -0.006853 0.003566 0.017339
v -0.006784 0.003649 0.017303
v -0.006853 0.003652 0.017311
v -0.006784 0.003729 0.017261
v -0.006853 0.003733 0.017269
v -0.006784 0.003797 0.017203
v -0.006853 0.003802 0.017211
v -0.006853 0.003853 0.017136
v -0.006784 0.003847 0.017128
v -0.006853 0.003888 0.017053
v -0.006784 0.003882 0.017045
v -0.006784 0.003908 0.017025
v -0.006853 0.003914 0.017033
v -0.006784 0.004099 0.016987
v -0.006853 0.004105 0.016996
v -0.006757 0.004799 0.016274
v -0.006759 0.004673 0.016301
v -0.006721 0.004742 0.016253
v -0.006691 0.004674 0.016270
v -0.006740 0.004444 0.016372
v -0.006614 0.004430 0.016335
v -0.006740 0.002322 0.016940
v -0.006691 0.002072 0.016967
v -0.006614 0.002315 0.016902
v -0.006759 0.002088 0.016993
v -0.006721 0.002004 0.016986
v -0.006757 0.001966 0.017034
v -0.006740 0.002322 0.016940
v -0.006596 0.002387 0.017116
v -0.006764 0.002393 0.017138
v -0.006614 0.002315 0.016902
v -0.006587 0.002313 0.016842
v -0.006621 0.002303 0.016840
v -0.006998 0.004037 0.016356
v -0.006998 0.004017 0.016326
v -0.006998 0.003981 0.016323
v -0.006998 0.003807 0.016395
v -0.006998 0.004174 0.016866
v -0.006998 0.003780 0.016416
v -0.006998 0.003752 0.016467
v -0.006998 0.003725 0.016487
v -0.006998 0.003489 0.017050
v -0.006998 0.003623 0.016515
v -0.006998 0.003549 0.016552
v -0.006998 0.003461 0.016651
v -0.006998 0.003391 0.016687
v -0.006998 0.003313 0.016691
v -0.006998 0.003187 0.016649
v -0.006998 0.003105 0.016653
v -0.006998 0.003003 0.016681
v -0.006998 0.002803 0.017234
v -0.006998 0.002969 0.016676
v -0.006998 0.002919 0.016647
v -0.006998 0.002885 0.016642
v -0.006998 0.002666 0.016723
v -0.006998 0.002699 0.016667
v -0.006998 0.002668 0.016687
v -0.007414 0.002666 0.016723
v -0.007414 0.002668 0.016687
v -0.007414 0.002699 0.016667
v -0.007414 0.002885 0.016642
v -0.007414 0.002803 0.017234
v -0.007414 0.002919 0.016647
v -0.007414 0.002969 0.016676
v -0.007414 0.003003 0.016681
v -0.007414 0.003489 0.017050
v -0.007414 0.003105 0.016653
v -0.007414 0.003187 0.016649
v -0.007414 0.003313 0.016691
v -0.007414 0.003391 0.016687
v -0.007414 0.003461 0.016651
v -0.007414 0.003549 0.016552
v -0.007414 0.003623 0.016515
v -0.007414 0.003725 0.016487
v -0.007414 0.004174 0.016866
v -0.007414 0.003752 0.016467
v -0.007414 0.003780 0.016416
v -0.007414 0.003807 0.016395
v -0.007414 0.004037 0.016356
v -0.007414 0.003981 0.016323
v -0.007414 0.004017 0.016326
v -0.007705 0.003495 0.016855
v -0.007705 0.003644 0.016499
v -0.007546 0.003495 0.016855
v -0.007546 0.003644 0.016499
v -0.007705 0.003678 0.016470
v -0.007546 0.003678 0.016470
v -0.007705 0.003755 0.016449
v -0.007546 0.003755 0.016449
v -0.007705 0.003796 0.016458
v -0.007546 0.003796 0.016458
v -0.007705 0.003935 0.016562
v -0.007546 0.003935 0.016562
v -0.006924 0.002391 0.017326
v -0.007202 0.002405 0.017208
v -0.007202 0.002391 0.017326
v -0.006906 0.002405 0.017208
v -0.006903 0.002416 0.017324
v -0.006854 0.002509 0.017180
v -0.006854 0.002550 0.017332
v -0.006853 0.002827 0.017260
v -0.006857 0.002605 0.016679
v -0.006857 0.002673 0.016671
v -0.006853 0.002928 0.017311
v -0.006857 0.002742 0.016673
v -0.006857 0.002870 0.016698
v -0.006853 0.003111 0.017248
v -0.006857 0.003000 0.016716
v -0.006857 0.003131 0.016720
v -0.006853 0.003144 0.017252
v -0.006853 0.003216 0.017307
v -0.006857 0.003261 0.016705
v -0.006853 0.003298 0.017347
v -0.006853 0.003387 0.017362
v -0.006857 0.003389 0.016680
v -0.006853 0.003477 0.017358
v -0.006853 0.003566 0.017339
v -0.006853 0.003652 0.017311
v -0.006853 0.003733 0.017269
v -0.006857 0.003513 0.016637
v -0.006853 0.003802 0.017211
v -0.006853 0.003853 0.017136
v -0.006857 0.003633 0.016586
v -0.006853 0.003888 0.017053
v -0.006853 0.003914 0.017033
v -0.006857 0.003745 0.016517
v -0.006857 0.003848 0.016436
v -0.006853 0.004105 0.016996
v -0.006857 0.003947 0.016350
v -0.006857 0.004005 0.016314
v -0.006853 0.004166 0.016901
v -0.006857 0.004069 0.016287
v -0.006854 0.004402 0.016673
v -0.006854 0.004442 0.016824
v -0.006903 0.004555 0.016751
v -0.006906 0.004505 0.016645
v -0.006924 0.004577 0.016740
v -0.007202 0.004505 0.016645
v -0.007202 0.004577 0.016740
v -0.006857 0.004726 0.016210
v -0.006906 0.004505 0.016645
v -0.006857 0.004701 0.016118
v -0.006907 0.004770 0.016198
v -0.007202 0.004505 0.016645
v -0.006907 0.004745 0.016106
v -0.007202 0.004770 0.016198
v -0.007202 0.004745 0.016106
v -0.006689 0.003792 0.016467
v -0.006689 0.003683 0.016478
v -0.006689 0.003756 0.016459
v -0.006689 0.003652 0.016504
v -0.006689 0.003927 0.016567
v -0.006689 0.003509 0.016846
v -0.006857 0.003935 0.016562
v -0.006857 0.003644 0.016499
v -0.006857 0.003495 0.016855
v -0.006857 0.003796 0.016458
v -0.006857 0.003678 0.016470
v -0.006857 0.003755 0.016449
v -0.007546 0.003385 0.016885
v -0.007705 0.003078 0.016650
v -0.007705 0.003385 0.016885
v -0.007546 0.003078 0.016650
v -0.007705 0.003034 0.016642
v -0.007546 0.003034 0.016642
v -0.007705 0.002957 0.016663
v -0.007546 0.002957 0.016663
v -0.007705 0.002926 0.016691
v -0.007546 0.002926 0.016691
v -0.007705 0.002858 0.016850
v -0.007546 0.002858 0.016850
v -0.006853 0.003050 0.017153
v -0.006780 0.003025 0.017359
v -0.006780 0.003037 0.017152
v -0.006853 0.003038 0.017362
v -0.006780 0.003010 0.017388
v -0.006853 0.003020 0.017400
v -0.006853 0.002956 0.017417
v -0.006780 0.002959 0.017402
v -0.006780 0.002935 0.017384
v -0.006853 0.002924 0.017393
v -0.006853 0.002790 0.017150
v -0.006780 0.002805 0.017150
v -0.006689 0.003034 0.016652
v -0.006689 0.002934 0.016697
v -0.006689 0.002962 0.016671
v -0.006689 0.003075 0.016659
v -0.006689 0.002868 0.016851
v -0.006689 0.003369 0.016884
v -0.006689 0.003369 0.016884
v -0.006857 0.003078 0.016650
v -0.006857 0.003385 0.016885
v -0.006689 0.003075 0.016659
v -0.006857 0.003034 0.016642
v -0.006689 0.003034 0.016652
v -0.006689 0.002962 0.016671
v -0.006857 0.002957 0.016663
v -0.006689 0.002934 0.016697
v -0.006857 0.002926 0.016691
v -0.006857 0.002858 0.016850
v -0.006689 0.002868 0.016851
v -0.007546 0.003078 0.016650
v -0.007546 0.003385 0.016885
v -0.007546 0.002858 0.016850
v -0.007546 0.002926 0.016691
v -0.007546 0.003034 0.016642
v -0.007546 0.002957 0.016663
v -0.007839 0.003818 0.016661
v -0.007839 0.003875 0.016893
v -0.007839 0.003993 0.016818
v -0.007839 0.003697 0.016735
v -0.007839 0.003752 0.016959
v -0.007839 0.003567 0.016792
v -0.007839 0.003623 0.017012
v -0.007839 0.003431 0.016835
v -0.007839 0.003489 0.017053
v -0.007839 0.003353 0.017085
v -0.007839 0.003292 0.016865
v -0.007839 0.003215 0.017103
v -0.007839 0.003150 0.016881
v -0.007839 0.003075 0.017108
v -0.007839 0.003008 0.016878
v -0.007839 0.002936 0.017101
v -0.007839 0.002869 0.016849
v -0.007839 0.002799 0.017073
v -0.006786 0.001786 0.016925
v -0.007438 0.001822 0.016916
v -0.006786 0.001822 0.016916
v -0.007438 0.001786 0.016925
v -0.006786 0.001776 0.016961
v -0.007438 0.001776 0.016961
v -0.007438 0.001802 0.016988
v -0.006786 0.001802 0.016988
v -0.007437 0.001838 0.016978
v -0.006786 0.001838 0.016978
v -0.007437 0.001848 0.016942
v -0.006786 0.001848 0.016942
v -0.006786 0.001822 0.016916
v -0.007438 0.001822 0.016916
v -0.006786 0.001848 0.016942
v -0.006786 0.001786 0.016925
v -0.006786 0.001822 0.016916
v -0.006786 0.001776 0.016961
v -0.006786 0.001838 0.016978
v -0.006786 0.001802 0.016988
v -0.007438 0.001776 0.016961
v -0.007438 0.001802 0.016988
v -0.007437 0.001838 0.016978
v -0.007437 0.001848 0.016942
v -0.007438 0.001786 0.016925
v -0.007438 0.001822 0.016916
v -0.007743 0.002343 0.016981
v -0.007714 0.002326 0.017003
v -0.007743 0.002322 0.016987
v -0.007714 0.002347 0.016997
v -0.007714 0.002335 0.017034
v -0.007714 0.002356 0.017029
v -0.007743 0.002339 0.017050
v -0.007743 0.002360 0.017044
v -0.007801 0.004517 0.016467
v -0.007797 0.004508 0.016435
v -0.007789 0.004515 0.016461
v -0.007810 0.004508 0.016435
v -0.007801 0.004500 0.016402
v -0.007743 0.004525 0.016366
v -0.007709 0.004493 0.016379
v -0.007743 0.004491 0.016370
v -0.007711 0.004527 0.016374
v -0.007684 0.004500 0.016402
v -0.007689 0.004533 0.016396
v -0.007675 0.004508 0.016435
v -0.007680 0.004541 0.016426
v -0.007689 0.004549 0.016456
v -0.007684 0.004517 0.016467
v -0.007711 0.004555 0.016478
v -0.007709 0.004523 0.016491
v -0.007743 0.004526 0.016500
v -0.007743 0.004557 0.016486
v -0.007776 0.004493 0.016379
v -0.007743 0.004525 0.016366
v -0.007743 0.004491 0.016370
v -0.007774 0.004527 0.016374
v -0.007801 0.004500 0.016402
v -0.007796 0.004533 0.016396
v -0.007810 0.004508 0.016435
v -0.007805 0.004541 0.016426
v -0.007796 0.004549 0.016456
v -0.007801 0.004517 0.016467
v -0.007774 0.004555 0.016478
v -0.007776 0.004523 0.016491
v -0.007743 0.004526 0.016500
v -0.007743 0.004557 0.016486
v -0.007743 0.004604 0.016363
v -0.007714 0.004547 0.016374
v -0.007743 0.004545 0.016366
v -0.007720 0.004606 0.016369
v -0.007693 0.004552 0.016394
v -0.007704 0.004610 0.016384
v -0.007686 0.004560 0.016421
v -0.007698 0.004616 0.016406
v -0.007704 0.004621 0.016428
v -0.007686 0.004560 0.016421
v -0.007698 0.004616 0.016406
v -0.007693 0.004567 0.016449
v -0.007720 0.004626 0.016444
v -0.007714 0.004572 0.016469
v -0.007743 0.004574 0.016476
v -0.007743 0.004627 0.016450
v -0.007771 0.004547 0.016374
v -0.007743 0.004604 0.016363
v -0.007743 0.004545 0.016366
v -0.007765 0.004606 0.016369
v -0.007792 0.004552 0.016394
v -0.007782 0.004610 0.016384
v -0.007800 0.004560 0.016421
v -0.007788 0.004616 0.016406
v -0.007782 0.004621 0.016428
v -0.007792 0.004567 0.016449
v -0.007765 0.004626 0.016444
v -0.007771 0.004572 0.016469
v -0.007743 0.004574 0.016476
v -0.007743 0.004627 0.016450
v -0.007480 0.004577 0.016740
v -0.007202 0.004505 0.016645
v -0.007202 0.004577 0.016740
v -0.007498 0.004505 0.016645
v -0.007500 0.004555 0.016751
v -0.007549 0.004402 0.016673
v -0.007548 0.004449 0.016819
v -0.007550 0.004435 0.016830
v -0.007550 0.004166 0.016901
v -0.007546 0.004069 0.016287
v -0.007546 0.004005 0.016314
v -0.007550 0.004105 0.016996
v -0.007546 0.003947 0.016350
v -0.007546 0.003848 0.016436
v -0.007550 0.003914 0.017033
v -0.007546 0.003745 0.016517
v -0.007546 0.003633 0.016586
v -0.007550 0.003888 0.017053
v -0.007550 0.003853 0.017136
v -0.007546 0.003513 0.016637
v -0.007550 0.003802 0.017211
v -0.007550 0.003733 0.017269
v -0.007546 0.003389 0.016680
v -0.007550 0.003652 0.017311
v -0.007550 0.003566 0.017339
v -0.007550 0.003477 0.017358
v -0.007550 0.003387 0.017362
v -0.007546 0.003261 0.016705
v -0.007550 0.003298 0.017347
v -0.007550 0.003216 0.017307
v -0.007546 0.003131 0.016720
v -0.007550 0.003144 0.017252
v -0.007550 0.003111 0.017248
v -0.007546 0.003000 0.016716
v -0.007546 0.002870 0.016698
v -0.007550 0.002928 0.017311
v -0.007546 0.002742 0.016673
v -0.007546 0.002673 0.016671
v -0.007550 0.002827 0.017260
v -0.007546 0.002605 0.016679
v -0.007549 0.002509 0.017180
v -0.007550 0.002558 0.017333
v -0.007548 0.002541 0.017330
v -0.007500 0.002416 0.017324
v -0.007498 0.002405 0.017208
v -0.007480 0.002391 0.017326
v -0.007202 0.002405 0.017208
v -0.007202 0.002391 0.017326
v -0.007546 0.001997 0.016941
v -0.007546 0.001973 0.016849
v -0.007498 0.002405 0.017208
v -0.007500 0.001953 0.016953
v -0.007500 0.001929 0.016861
v -0.007202 0.001953 0.016953
v -0.007202 0.002405 0.017208
v -0.007202 0.001929 0.016861
v -0.007202 0.004770 0.016198
v -0.007500 0.004745 0.016106
v -0.007202 0.004745 0.016106
v -0.007500 0.004770 0.016198
v -0.007546 0.004701 0.016118
v -0.007546 0.004726 0.016210
v -0.007498 0.004505 0.016645
v -0.007743 0.004497 0.016372
v -0.007711 0.004435 0.016398
v -0.007743 0.004432 0.016389
v -0.007711 0.004499 0.016380
v -0.007688 0.004441 0.016420
v -0.007688 0.004505 0.016403
v -0.007679 0.004513 0.016434
v -0.007679 0.004449 0.016451
v -0.007743 0.004465 0.016512
v -0.007711 0.004527 0.016487
v -0.007743 0.004530 0.016495
v -0.007711 0.004463 0.016504
v -0.007688 0.004521 0.016464
v -0.007688 0.004457 0.016482
v -0.007679 0.004449 0.016451
v -0.007679 0.004513 0.016434
v -0.007774 0.004527 0.016487
v -0.007743 0.004465 0.016512
v -0.007743 0.004530 0.016495
v -0.007774 0.004463 0.016504
v -0.007798 0.004521 0.016464
v -0.007798 0.004457 0.016482
v -0.007806 0.004449 0.016451
v -0.007806 0.004513 0.016434
v -0.007798 0.004441 0.016420
v -0.007798 0.004505 0.016403
v -0.007774 0.004499 0.016380
v -0.007774 0.004435 0.016398
v -0.007743 0.004497 0.016372
v -0.007743 0.004432 0.016389
v -0.007743 0.004547 0.016370
v -0.007714 0.004527 0.016378
v -0.007743 0.004525 0.016371
v -0.007716 0.004548 0.016377
v -0.007693 0.004533 0.016399
v -0.007697 0.004553 0.016396
v -0.007685 0.004540 0.016426
v -0.007690 0.004560 0.016421
v -0.007697 0.004567 0.016446
v -0.007685 0.004540 0.016426
v -0.007690 0.004560 0.016421
v -0.007693 0.004548 0.016454
v -0.007716 0.004572 0.016465
v -0.007714 0.004553 0.016474
v -0.007743 0.004555 0.016482
v -0.007743 0.004574 0.016472
v -0.007771 0.004527 0.016378
v -0.007743 0.004547 0.016370
v -0.007743 0.004525 0.016371
v -0.007769 0.004548 0.016377
v -0.007792 0.004533 0.016399
v -0.007788 0.004553 0.016396
v -0.007800 0.004540 0.016426
v -0.007795 0.004560 0.016421
v -0.007788 0.004567 0.016446
v -0.007792 0.004548 0.016454
v -0.007769 0.004572 0.016465
v -0.007771 0.004553 0.016474
v -0.007743 0.004555 0.016482
v -0.007743 0.004574 0.016472
v -0.006614 0.002315 0.016902
v -0.006691 0.002056 0.016907
v -0.006621 0.002303 0.016840
v -0.006691 0.002072 0.016967
v -0.006721 0.002004 0.016986
v -0.006721 0.001972 0.016865
v -0.006757 0.001922 0.016872
v -0.006774 0.002041 0.016840
v -0.006757 0.001966 0.017034
v -0.006857 0.001973 0.016849
v -0.006857 0.002605 0.016679
v -0.006774 0.002607 0.016688
v -0.006857 0.002673 0.016671
v -0.006774 0.002674 0.016680
v -0.006774 0.002741 0.016682
v -0.006857 0.002742 0.016673
v -0.006774 0.002870 0.016708
v -0.006857 0.002870 0.016698
v -0.006774 0.003000 0.016725
v -0.006857 0.003000 0.016716
v -0.006857 0.003131 0.016720
v -0.006774 0.003132 0.016729
v -0.006857 0.003261 0.016705
v -0.006774 0.003263 0.016714
v -0.006857 0.003389 0.016680
v -0.006774 0.003392 0.016689
v -0.006857 0.003513 0.016637
v -0.006774 0.003516 0.016646
v -0.006857 0.003633 0.016586
v -0.006774 0.003637 0.016594
v -0.006857 0.003745 0.016517
v -0.006774 0.003749 0.016525
v -0.006857 0.003848 0.016436
v -0.006774 0.003853 0.016444
v -0.006857 0.003947 0.016350
v -0.006774 0.003952 0.016358
v -0.006857 0.004005 0.016314
v -0.006774 0.004010 0.016322
v -0.006857 0.004069 0.016287
v -0.006774 0.004071 0.016296
v -0.006774 0.004637 0.016145
v -0.006857 0.004701 0.016118
v -0.006766 0.004751 0.016113
v -0.006729 0.004699 0.016134
v -0.006721 0.004710 0.016132
v -0.006825 0.004807 0.016098
v -0.006907 0.004745 0.016106
v -0.006757 0.004756 0.016113
v -0.007202 0.004820 0.016086
v -0.007202 0.004745 0.016106
v -0.006907 0.004826 0.016091
v -0.007202 0.004833 0.016089
v -0.006907 0.004833 0.016089
v -0.006815 0.004816 0.016096
v -0.006815 0.004842 0.016192
v -0.006907 0.004859 0.016206
v -0.007202 0.004843 0.016099
v -0.007202 0.004871 0.016203
v -0.006907 0.004862 0.016219
v -0.007202 0.004869 0.016229
v -0.006757 0.004799 0.016274
v -0.006721 0.004742 0.016253
v -0.006691 0.004658 0.016209
v -0.006691 0.004674 0.016270
v -0.006614 0.004430 0.016335
v -0.006621 0.004410 0.016276
v -0.006907 0.004825 0.016326
v -0.006784 0.004709 0.016423
v -0.007202 0.004831 0.016330
v -0.006907 0.004761 0.016454
v -0.006784 0.004632 0.016546
v -0.007202 0.004767 0.016458
v -0.006907 0.004687 0.016577
v -0.006784 0.004561 0.016650
v -0.007202 0.004695 0.016581
v -0.006907 0.004593 0.016717
v -0.007202 0.004601 0.016715
v -0.007202 0.004590 0.016727
v -0.006924 0.004577 0.016740
v -0.007202 0.004577 0.016740
v -0.006903 0.004555 0.016751
v -0.006885 0.004562 0.016744
v -0.006854 0.004442 0.016824
v -0.006774 0.004485 0.016713
v -0.006830 0.004447 0.016821
v -0.006788 0.004438 0.016821
v -0.006784 0.004161 0.016893
v -0.006853 0.004166 0.016901
v -0.006854 0.004442 0.016824
v -0.006784 0.004099 0.016987
v -0.006853 0.004105 0.016996
v -0.006590 0.002653 0.017057
v -0.006764 0.002393 0.017138
v -0.006596 0.002387 0.017116
v -0.006763 0.002653 0.017081
v -0.006763 0.002790 0.017125
v -0.006590 0.002803 0.017103
v -0.006765 0.002940 0.017156
v -0.006590 0.002941 0.017131
v -0.006590 0.003081 0.017137
v -0.006765 0.003082 0.017162
v -0.006590 0.003221 0.017133
v -0.006765 0.003224 0.017158
v -0.006590 0.003360 0.017114
v -0.006765 0.003365 0.017139
v -0.006590 0.003497 0.017082
v -0.006765 0.003504 0.017106
v -0.006590 0.003631 0.017041
v -0.006765 0.003640 0.017065
v -0.006590 0.003761 0.016988
v -0.006765 0.003771 0.017011
v -0.006590 0.003885 0.016922
v -0.006765 0.003897 0.016944
v -0.006590 0.004003 0.016846
v -0.006765 0.004017 0.016868
v -0.006590 0.004108 0.016753
v -0.006763 0.004131 0.016766
v -0.006763 0.004228 0.016659
v -0.006590 0.004216 0.016638
v -0.006596 0.004476 0.016557
v -0.006764 0.004481 0.016578
v -0.006998 0.002666 0.016723
v -0.006876 0.002803 0.017234
v -0.006998 0.002803 0.017234
v -0.006876 0.002666 0.016723
v -0.006876 0.002668 0.016687
v -0.006998 0.002668 0.016687
v -0.006876 0.002699 0.016667
v -0.006998 0.002699 0.016667
v -0.006998 0.002885 0.016642
v -0.006876 0.002885 0.016642
v -0.006876 0.002919 0.016647
v -0.006998 0.002919 0.016647
v -0.006876 0.002969 0.016676
v -0.006998 0.002969 0.016676
v -0.006876 0.003003 0.016681
v -0.006998 0.003003 0.016681
v -0.006998 0.003105 0.016653
v -0.006876 0.003105 0.016653
v -0.006876 0.003187 0.016649
v -0.006998 0.003187 0.016649
v -0.006998 0.003313 0.016691
v -0.006876 0.003313 0.016691
v -0.006876 0.003391 0.016687
v -0.006998 0.003391 0.016687
v -0.006998 0.003461 0.016651
v -0.006876 0.003461 0.016651
v -0.006876 0.003549 0.016552
v -0.006998 0.003549 0.016552
v -0.006998 0.003623 0.016515
v -0.006876 0.003623 0.016515
v -0.006876 0.003725 0.016487
v -0.006998 0.003725 0.016487
v -0.006998 0.003752 0.016467
v -0.006876 0.003752 0.016467
v -0.006998 0.003780 0.016416
v -0.006876 0.003780 0.016416
v -0.006998 0.003807 0.016395
v -0.006876 0.003807 0.016395
v -0.006876 0.003981 0.016323
v -0.006998 0.003981 0.016323
v -0.006998 0.004017 0.016326
v -0.006876 0.004017 0.016326
v -0.006998 0.004037 0.016356
v -0.006876 0.004037 0.016356
v -0.006876 0.004174 0.016866
v -0.006998 0.004174 0.016866
v -0.006998 0.004174 0.016866
v -0.006876 0.003489 0.017050
v -0.006876 0.004174 0.016866
v -0.006998 0.003489 0.017050
v -0.006998 0.002803 0.017234
v -0.006876 0.002803 0.017234
v -0.007414 0.004037 0.016356
v -0.007535 0.004174 0.016866
v -0.007414 0.004174 0.016866
v -0.007535 0.004037 0.016356
v -0.007535 0.004017 0.016326
v -0.007414 0.004017 0.016326
v -0.007535 0.003981 0.016323
v -0.007414 0.003981 0.016323
v -0.007414 0.003807 0.016395
v -0.007535 0.003807 0.016395
v -0.007535 0.003780 0.016416
v -0.007414 0.003780 0.016416
v -0.007414 0.003752 0.016467
v -0.007535 0.003752 0.016467
v -0.007535 0.003725 0.016487
v -0.007414 0.003725 0.016487
v -0.007535 0.003623 0.016515
v -0.007414 0.003623 0.016515
v -0.007414 0.003549 0.016552
v -0.007535 0.003549 0.016552
v -0.007535 0.003461 0.016651
v -0.007414 0.003461 0.016651
v -0.007414 0.003391 0.016687
v -0.007535 0.003391 0.016687
v -0.007414 0.003313 0.016691
v -0.007535 0.003313 0.016691
v -0.007535 0.003187 0.016649
v -0.007414 0.003187 0.016649
v -0.007414 0.003105 0.016653
v -0.007535 0.003105 0.016653
v -0.007535 0.003003 0.016681
v -0.007414 0.003003 0.016681
v -0.007414 0.002969 0.016676
v -0.007535 0.002969 0.016676
v -0.007414 0.002919 0.016647
v -0.007535 0.002919 0.016647
v -0.007414 0.002885 0.016642
v -0.007535 0.002885 0.016642
v -0.007535 0.002699 0.016667
v -0.007414 0.002699 0.016667
v -0.007414 0.002668 0.016687
v -0.007535 0.002668 0.016687
v -0.007414 0.002666 0.016723
v -0.007535 0.002666 0.016723
v -0.007535 0.002803 0.017234
v -0.007414 0.002803 0.017234
v -0.007535 0.004174 0.016866
v -0.007414 0.003489 0.017050
v -0.007414 0.004174 0.016866
v -0.007535 0.003489 0.017050
v -0.007535 0.002803 0.017234
v -0.007414 0.002803 0.017234
v -0.006780 0.004045 0.017085
v -0.006853 0.003919 0.016920
v -0.006780 0.003931 0.016913
v -0.006853 0.004035 0.017095
v -0.006853 0.004069 0.017119
v -0.006780 0.004072 0.017104
v -0.006780 0.004123 0.017090
v -0.006853 0.004133 0.017101
v -0.006853 0.004149 0.017065
v -0.006780 0.004135 0.017062
v -0.006780 0.004130 0.016795
v -0.006853 0.004144 0.016787
v -0.006780 0.004072 0.017104
v -0.006780 0.004135 0.017062
v -0.006780 0.004123 0.017090
v -0.006780 0.004045 0.017085
v -0.006780 0.003931 0.016913
v -0.006780 0.004130 0.016795
v -0.006853 0.004149 0.017065
v -0.006853 0.004144 0.016787
v -0.006853 0.003919 0.016920
v -0.006853 0.004035 0.017095
v -0.006853 0.004069 0.017119
v -0.006853 0.004133 0.017101
v -0.006780 0.002935 0.017384
v -0.006780 0.003010 0.017388
v -0.006780 0.002959 0.017402
v -0.006780 0.003025 0.017359
v -0.006780 0.003037 0.017152
v -0.006780 0.002805 0.017150
v -0.006853 0.002790 0.017150
v -0.006853 0.002924 0.017393
v -0.006853 0.003050 0.017153
v -0.006853 0.003038 0.017362
v -0.006853 0.003020 0.017400
v -0.006853 0.002956 0.017417
v -0.007550 0.004144 0.016787
v -0.007550 0.004149 0.017065
v -0.007550 0.003919 0.016920
v -0.007550 0.004035 0.017095
v -0.007550 0.004069 0.017119
v -0.007550 0.004133 0.017101
v -0.007550 0.002924 0.017393
v -0.007550 0.003020 0.017400
v -0.007550 0.002956 0.017417
v -0.007550 0.003038 0.017362
v -0.007550 0.003050 0.017153
v -0.007550 0.002790 0.017150
v -0.007500 0.001929 0.016861
v -0.007202 0.001929 0.016861
v -0.007202 0.001853 0.016881
v -0.007517 0.001853 0.016881
v -0.007546 0.001973 0.016849
v -0.007202 0.001844 0.016890
v -0.007518 0.001843 0.016891
v -0.007549 0.001858 0.016879
v -0.007202 0.001840 0.016903
v -0.007552 0.001849 0.016889
v -0.007518 0.001840 0.016903
v -0.007579 0.001872 0.016876
v -0.007613 0.001895 0.016870
v -0.007585 0.001864 0.016885
v -0.007554 0.001846 0.016902
v -0.007518 0.001868 0.017007
v -0.007202 0.001868 0.017007
v -0.007554 0.001868 0.016985
v -0.007589 0.001861 0.016898
v -0.007620 0.001888 0.016878
v -0.007640 0.001927 0.016861
v -0.007589 0.001882 0.016977
v -0.007624 0.001886 0.016891
v -0.007649 0.001921 0.016870
v -0.007662 0.001961 0.016852
v -0.007652 0.001918 0.016882
v -0.007616 0.001903 0.016974
v -0.007676 0.001954 0.016873
v -0.007641 0.001934 0.016986
v -0.007606 0.001912 0.016998
v -0.007672 0.001957 0.016861
v -0.007618 0.001933 0.017010
v -0.007670 0.001991 0.016857
v -0.007620 0.002037 0.016832
v -0.007620 0.001957 0.017027
v -0.007584 0.001939 0.017014
v -0.007588 0.001893 0.016991
v -0.007561 0.001885 0.016995
v -0.007567 0.001928 0.017012
v -0.007536 0.001885 0.017009
v -0.007527 0.001900 0.017025
v -0.007563 0.001988 0.017054
v -0.007496 0.001882 0.017029
v -0.007202 0.001882 0.017029
v -0.007492 0.001966 0.017098
v -0.007202 0.001966 0.017098
v -0.007525 0.001973 0.017084
v -0.007492 0.002085 0.017177
v -0.007202 0.002085 0.017177
v -0.007525 0.002093 0.017163
v -0.007492 0.002209 0.017247
v -0.007202 0.002209 0.017247
v -0.007564 0.002113 0.017127
v -0.007525 0.002218 0.017232
v -0.007492 0.002357 0.017316
v -0.007202 0.002357 0.017316
v -0.007580 0.001991 0.017050
v -0.007485 0.002373 0.017321
v -0.007202 0.002373 0.017321
v -0.007480 0.002391 0.017326
v -0.007202 0.002391 0.017326
v -0.007512 0.002410 0.017324
v -0.007500 0.002416 0.017324
v -0.007525 0.002402 0.017319
v -0.007525 0.002358 0.017298
v -0.007564 0.002500 0.017327
v -0.007564 0.002409 0.017281
v -0.007564 0.002363 0.017260
v -0.007564 0.002238 0.017199
v -0.007580 0.002362 0.017253
v -0.007580 0.002115 0.017122
v -0.007580 0.002241 0.017194
v -0.007580 0.002411 0.017276
v -0.007611 0.002411 0.017276
v -0.007580 0.002541 0.017330
v -0.007611 0.002541 0.017330
v -0.007562 0.002541 0.017330
v -0.007548 0.002541 0.017330
v -0.007550 0.002558 0.017333
v -0.007580 0.002558 0.017333
v -0.007550 0.002827 0.017260
v -0.007611 0.002558 0.017332
v -0.007629 0.002551 0.017312
v -0.007611 0.002827 0.017260
v -0.007611 0.002928 0.017311
v -0.007550 0.002928 0.017311
v -0.007550 0.003111 0.017248
v -0.007611 0.003111 0.017248
v -0.007550 0.003144 0.017252
v -0.007629 0.002929 0.017291
v -0.007629 0.002829 0.017240
v -0.007611 0.003144 0.017252
v -0.007629 0.003113 0.017228
v -0.007611 0.003216 0.017307
v -0.007550 0.003216 0.017307
v -0.007629 0.003147 0.017233
v -0.007611 0.003298 0.017347
v -0.007550 0.003298 0.017347
v -0.007629 0.003219 0.017286
v -0.007629 0.003298 0.017327
v -0.007629 0.003226 0.017167
v -0.007629 0.003083 0.017172
v -0.007629 0.003385 0.017344
v -0.007629 0.002941 0.017165
v -0.007611 0.003387 0.017362
v -0.007550 0.003387 0.017362
v -0.007629 0.003367 0.017147
v -0.007629 0.003474 0.017340
v -0.007611 0.003477 0.017358
v -0.007550 0.003477 0.017358
v -0.007611 0.003566 0.017339
v -0.007550 0.003566 0.017339
v -0.007550 0.003652 0.017311
v -0.007629 0.003561 0.017322
v -0.007611 0.003652 0.017311
v -0.007550 0.003733 0.017269
v -0.007629 0.003506 0.017115
v -0.007629 0.003646 0.017294
v -0.007611 0.003733 0.017269
v -0.007550 0.003802 0.017211
v -0.007629 0.003643 0.017074
v -0.007611 0.003802 0.017211
v -0.007550 0.003853 0.017136
v -0.007629 0.003725 0.017253
v -0.007611 0.003853 0.017136
v -0.007550 0.003888 0.017053
v -0.007629 0.003792 0.017195
v -0.007611 0.003888 0.017053
v -0.007629 0.003840 0.017120
v -0.007629 0.003774 0.017020
v -0.007629 0.003875 0.017038
v -0.007611 0.003914 0.017033
v -0.007550 0.003914 0.017033
v -0.007550 0.004105 0.016996
v -0.007629 0.003903 0.017016
v -0.007611 0.004105 0.016996
v -0.007550 0.004166 0.016901
v -0.007629 0.004094 0.016979
v -0.007629 0.003900 0.016953
v -0.007611 0.004166 0.016901
v -0.007647 0.003768 0.017003
v -0.007580 0.004435 0.016830
v -0.007550 0.004435 0.016830
v -0.007647 0.003637 0.017056
v -0.007647 0.003893 0.016936
v -0.007647 0.003501 0.017097
v -0.007798 0.003891 0.016937
v -0.007798 0.003767 0.017003
v -0.007629 0.004021 0.016876
v -0.007798 0.004010 0.016861
v -0.007647 0.004013 0.016859
v -0.007629 0.004155 0.016885
v -0.007629 0.004127 0.016782
v -0.007647 0.004119 0.016765
v -0.007629 0.004228 0.016795
v -0.007798 0.004116 0.016768
v -0.007638 0.004158 0.016751
v -0.007714 0.004210 0.016660
v -0.007830 0.003996 0.016831
v -0.007686 0.004216 0.016676
v -0.007830 0.004101 0.016738
v -0.007798 0.004209 0.016661
v -0.007692 0.004230 0.016664
v -0.007719 0.004223 0.016650
v -0.007638 0.004228 0.016760
v -0.007721 0.004239 0.016643
v -0.007629 0.004455 0.016734
v -0.007694 0.004247 0.016657
v -0.007638 0.004501 0.016686
v -0.007629 0.004431 0.016808
v -0.007629 0.004520 0.016689
v -0.007693 0.004477 0.016596
v -0.007611 0.004435 0.016829
v -0.007611 0.004449 0.016819
v -0.007611 0.004535 0.016707
v -0.007580 0.004449 0.016819
v -0.007580 0.004535 0.016707
v -0.007562 0.004449 0.016819
v -0.007548 0.004449 0.016819
v -0.007564 0.004483 0.016796
v -0.007512 0.004560 0.016748
v -0.007500 0.004555 0.016751
v -0.007480 0.004577 0.016740
v -0.007202 0.004590 0.016727
v -0.007202 0.004577 0.016740
v -0.007485 0.004590 0.016727
v -0.007202 0.004601 0.016715
v -0.007492 0.004601 0.016715
v -0.007202 0.004695 0.016581
v -0.007525 0.004564 0.016740
v -0.007564 0.004539 0.016710
v -0.007525 0.004592 0.016700
v -0.007492 0.004695 0.016581
v -0.007202 0.004767 0.016458
v -0.007564 0.004568 0.016669
v -0.007492 0.004767 0.016458
v -0.007202 0.004831 0.016330
v -0.007525 0.004680 0.016573
v -0.007492 0.004831 0.016330
v -0.007202 0.004869 0.016229
v -0.007525 0.004754 0.016450
v -0.007496 0.004869 0.016229
v -0.007202 0.004871 0.016203
v -0.007525 0.004818 0.016322
v -0.007564 0.004719 0.016429
v -0.007564 0.004646 0.016554
v -0.007580 0.004566 0.016663
v -0.007580 0.004641 0.016551
v -0.007611 0.004567 0.016660
v -0.007580 0.004714 0.016426
v -0.007611 0.004641 0.016551
v -0.007629 0.004555 0.016640
v -0.007563 0.004790 0.016304
v -0.007611 0.004714 0.016426
v -0.007527 0.004851 0.016234
v -0.007580 0.004785 0.016301
v -0.007518 0.004871 0.016203
v -0.007202 0.004843 0.016099
v -0.007598 0.004786 0.016301
v -0.007518 0.004843 0.016099
v -0.007518 0.004833 0.016089
v -0.007629 0.004704 0.016420
v -0.007584 0.004813 0.016244
v -0.007616 0.004773 0.016295
v -0.007620 0.004803 0.016264
v -0.007629 0.004623 0.016541
v -0.007629 0.004676 0.016317
v -0.007638 0.004483 0.016373
v -0.007638 0.004572 0.016349
v -0.007647 0.004671 0.016292
v -0.007656 0.004565 0.016322
v -0.007657 0.004476 0.016346
v -0.007633 0.004784 0.016270
v -0.007671 0.004669 0.016277
v -0.007659 0.004770 0.016258
v -0.007661 0.004786 0.016245
v -0.007684 0.004560 0.016305
v -0.007678 0.004742 0.016259
v -0.007708 0.004673 0.016275
v -0.007684 0.004471 0.016329
v -0.007687 0.004742 0.016247
v -0.007718 0.004675 0.016264
v -0.007750 0.004560 0.016305
v -0.007759 0.004558 0.016296
v -0.007778 0.004436 0.016338
v -0.007665 0.004443 0.016366
v -0.007684 0.004439 0.016356
v -0.007652 0.004447 0.016382
v -0.007690 0.004440 0.016390
v -0.007680 0.004491 0.016578
v -0.007793 0.004427 0.016340
v -0.007811 0.004480 0.016538
v -0.007721 0.004473 0.016581
v -0.007716 0.004486 0.016558
v -0.007788 0.004433 0.016329
v -0.007799 0.004425 0.016332
v -0.007790 0.004486 0.016558
v -0.007811 0.004480 0.016538
v -0.007798 0.004473 0.016581
v -0.007830 0.004464 0.016550
v -0.007798 0.004239 0.016643
v -0.007830 0.004395 0.016289
v -0.007798 0.004223 0.016650
v -0.007830 0.004223 0.016615
v -0.007830 0.004192 0.016633
v -0.007830 0.004206 0.016621
v -0.007830 0.003921 0.016552
v -0.007830 0.004007 0.016439
v -0.007830 0.004122 0.016363
v -0.007830 0.004058 0.016392
v -0.007811 0.003912 0.016535
v -0.007811 0.003997 0.016422
v -0.007811 0.003807 0.016630
v -0.007830 0.003814 0.016647
v -0.007811 0.003687 0.016704
v -0.007830 0.003879 0.016907
v -0.007830 0.003693 0.016721
v -0.007811 0.003557 0.016760
v -0.007830 0.003756 0.016973
v -0.007830 0.003563 0.016778
v -0.007811 0.003423 0.016804
v -0.007830 0.003627 0.017026
v -0.007830 0.003427 0.016821
v -0.007798 0.003636 0.017056
v -0.007830 0.003493 0.017066
v -0.007798 0.003501 0.017097
v -0.007798 0.003364 0.017129
v -0.007830 0.003357 0.017098
v -0.007830 0.003288 0.016852
v -0.007811 0.003284 0.016834
v -0.007647 0.003363 0.017130
v -0.007798 0.003224 0.017149
v -0.007647 0.003223 0.017149
v -0.007647 0.003081 0.017153
v -0.007798 0.003083 0.017153
v -0.007647 0.002939 0.017147
v -0.007830 0.003219 0.017117
v -0.007629 0.002801 0.017137
v -0.007647 0.002800 0.017118
v -0.007629 0.002721 0.017199
v -0.007638 0.002760 0.017126
v -0.007798 0.002804 0.017119
v -0.007714 0.002669 0.017073
v -0.007629 0.002493 0.017259
v -0.007686 0.002671 0.017090
v -0.007638 0.002704 0.017168
v -0.007692 0.002653 0.017087
v -0.007719 0.002652 0.017071
v -0.007694 0.002635 0.017089
v -0.007638 0.002430 0.017241
v -0.007629 0.002414 0.017253
v -0.007611 0.002359 0.017252
v -0.007693 0.002406 0.017151
v -0.007721 0.002635 0.017073
v -0.007798 0.002653 0.017071
v -0.007680 0.002385 0.017143
v -0.007721 0.002402 0.017136
v -0.007716 0.002379 0.017123
v -0.007652 0.002325 0.016951
v -0.007798 0.002635 0.017073
v -0.007690 0.002334 0.016954
v -0.007629 0.002360 0.017228
v -0.007665 0.002320 0.016935
v -0.007611 0.002241 0.017194
v -0.007638 0.002289 0.016961
v -0.007629 0.002251 0.017176
v -0.007611 0.002115 0.017122
v -0.007629 0.002121 0.017113
v -0.007638 0.002199 0.016985
v -0.007657 0.002281 0.016934
v -0.007684 0.002318 0.016925
v -0.007656 0.002192 0.016958
v -0.007793 0.002321 0.016905
v -0.007629 0.002094 0.017009
v -0.007616 0.001999 0.017039
v -0.007647 0.002085 0.016985
v -0.007684 0.002277 0.016917
v -0.007684 0.002188 0.016941
v -0.007778 0.002312 0.016907
v -0.007750 0.002188 0.016941
v -0.007788 0.002310 0.016898
v -0.007799 0.002319 0.016896
v -0.007708 0.002076 0.016971
v -0.007759 0.002185 0.016932
v -0.007671 0.002080 0.016971
v -0.007678 0.002007 0.016991
v -0.007659 0.001983 0.017005
v -0.007718 0.002068 0.016963
v -0.007687 0.002001 0.016981
v -0.007633 0.001977 0.017023
v -0.007718 0.002055 0.016916
v -0.007760 0.002173 0.016885
v -0.007692 0.001986 0.016878
v -0.007788 0.002297 0.016851
v -0.007711 0.002056 0.016904
v -0.007751 0.002170 0.016874
v -0.007799 0.002306 0.016849
v -0.007742 0.002173 0.016866
v -0.007811 0.002306 0.016849
v -0.007811 0.002374 0.017102
v -0.007769 0.002293 0.016834
v -0.007781 0.002294 0.016841
v -0.007775 0.002318 0.016827
v -0.007786 0.002308 0.016836
v -0.007686 0.002599 0.016752
v -0.007811 0.002308 0.016836
v -0.007811 0.002318 0.016827
v -0.007830 0.002324 0.016844
v -0.007811 0.002599 0.016752
v -0.007830 0.002596 0.016771
v -0.007790 0.002379 0.017123
v -0.007798 0.002402 0.017136
v -0.007830 0.002393 0.017105
v -0.007830 0.002635 0.017040
v -0.007830 0.002653 0.017038
v -0.007830 0.002666 0.016765
v -0.007830 0.002671 0.017040
v -0.007798 0.002670 0.017073
v -0.007811 0.002667 0.016745
v -0.007830 0.002734 0.016780
v -0.007811 0.002734 0.016761
v -0.007830 0.002803 0.017086
v -0.007798 0.002804 0.017119
v -0.007830 0.002865 0.016835
v -0.007830 0.002939 0.017114
v -0.007798 0.002942 0.017147
v -0.007647 0.003081 0.017153
v -0.007830 0.003079 0.017121
v -0.007830 0.003005 0.016864
v -0.007830 0.003147 0.016867
v -0.007811 0.003144 0.016849
v -0.007657 0.003284 0.016834
v -0.007811 0.003003 0.016845
v -0.007811 0.002864 0.016816
v -0.007657 0.003143 0.016849
v -0.007656 0.003002 0.016845
v -0.007676 0.002734 0.016760
v -0.007656 0.002863 0.016816
v -0.007638 0.003005 0.016827
v -0.007684 0.002667 0.016745
v -0.007638 0.003144 0.016831
v -0.007638 0.003282 0.016815
v -0.007657 0.003423 0.016804
v -0.007638 0.003133 0.016738
v -0.007638 0.003418 0.016786
v -0.007638 0.003264 0.016723
v -0.007638 0.003394 0.016698
v -0.007638 0.003550 0.016743
v -0.007657 0.003558 0.016760
v -0.007620 0.003389 0.016680
v -0.007638 0.003678 0.016688
v -0.007657 0.003687 0.016703
v -0.007638 0.003519 0.016655
v -0.007638 0.003796 0.016615
v -0.007656 0.003808 0.016629
v -0.007638 0.003641 0.016602
v -0.007620 0.003513 0.016637
v -0.007620 0.003261 0.016705
v -0.007546 0.003389 0.016680
v -0.007546 0.003513 0.016637
v -0.007546 0.003261 0.016705
v -0.007546 0.003633 0.016586
v -0.007546 0.003131 0.016720
v -0.007620 0.003633 0.016586
v -0.007546 0.003745 0.016517
v -0.007620 0.003131 0.016720
v -0.007546 0.003000 0.016716
v -0.007638 0.003001 0.016735
v -0.007620 0.003000 0.016716
v -0.007620 0.002870 0.016698
v -0.007546 0.002870 0.016698
v -0.007638 0.002869 0.016717
v -0.007638 0.002869 0.016798
v -0.007657 0.002740 0.016749
v -0.007638 0.002740 0.016691
v -0.007666 0.002671 0.016737
v -0.007620 0.002742 0.016673
v -0.007546 0.002742 0.016673
v -0.007620 0.002673 0.016671
v -0.007546 0.002673 0.016671
v -0.007638 0.002674 0.016690
v -0.007638 0.002609 0.016697
v -0.007667 0.002601 0.016744
v -0.007620 0.002605 0.016679
v -0.007546 0.002605 0.016679
v -0.007638 0.002046 0.016849
v -0.007667 0.002057 0.016890
v -0.007686 0.002058 0.016896
v -0.007700 0.002058 0.016896
v -0.007686 0.001987 0.016866
v -0.007661 0.001963 0.017001
v -0.007598 0.001991 0.017050
v -0.007723 0.003523 0.016837
v -0.007705 0.003644 0.016499
v -0.007705 0.003495 0.016855
v -0.007723 0.003659 0.016510
v -0.007705 0.003678 0.016470
v -0.007723 0.003918 0.016573
v -0.007723 0.003687 0.016486
v -0.007723 0.003788 0.016475
v -0.007723 0.003756 0.016468
v -0.007705 0.003755 0.016449
v -0.007705 0.003796 0.016458
v -0.007705 0.003935 0.016562
v -0.007705 0.003078 0.016650
v -0.007723 0.003352 0.016882
v -0.007705 0.003385 0.016885
v -0.007723 0.003071 0.016668
v -0.007723 0.002878 0.016852
v -0.007705 0.003034 0.016642
v -0.007705 0.002926 0.016691
v -0.007705 0.002858 0.016850
v -0.007723 0.003035 0.016661
v -0.007723 0.002942 0.016702
v -0.007723 0.002966 0.016680
v -0.007705 0.002957 0.016663
v -0.007619 0.004005 0.016910
v -0.007788 0.003919 0.016879
v -0.007619 0.003919 0.016879
v -0.007788 0.004005 0.016910
v -0.007619 0.004068 0.016910
v -0.007815 0.003943 0.016859
v -0.007788 0.004068 0.016910
v -0.007619 0.004128 0.016889
v -0.007815 0.004009 0.016883
v -0.007815 0.004197 0.016733
v -0.007815 0.004185 0.016651
v -0.007815 0.004063 0.016882
v -0.007788 0.004128 0.016889
v -0.007619 0.004178 0.016849
v -0.007815 0.004185 0.016785
v -0.007788 0.004178 0.016849
v -0.007619 0.004211 0.016796
v -0.007815 0.004114 0.016864
v -0.007815 0.004157 0.016831
v -0.007788 0.004211 0.016796
v -0.007619 0.004224 0.016734
v -0.007788 0.004224 0.016734
v -0.007619 0.004209 0.016630
v -0.007788 0.004209 0.016630
v -0.007626 0.003734 0.016706
v -0.007626 0.003628 0.016673
v -0.007792 0.003734 0.016706
v -0.007792 0.003628 0.016673
v -0.007820 0.003693 0.016722
v -0.007626 0.003571 0.016670
v -0.007820 0.003623 0.016700
v -0.007820 0.003461 0.016814
v -0.007792 0.003571 0.016670
v -0.007792 0.003518 0.016689
v -0.007626 0.003518 0.016689
v -0.007820 0.003576 0.016698
v -0.007820 0.003467 0.016781
v -0.007820 0.003531 0.016713
v -0.007820 0.003493 0.016741
v -0.007792 0.003472 0.016723
v -0.007626 0.003472 0.016723
v -0.007626 0.003441 0.016771
v -0.007792 0.003441 0.016771
v -0.007792 0.003432 0.016825
v -0.007626 0.003432 0.016825
v -0.007788 0.002996 0.017121
v -0.007614 0.002996 0.017121
v -0.007614 0.003061 0.017188
v -0.007788 0.003061 0.017188
v -0.007614 0.003113 0.017225
v -0.007815 0.003033 0.017120
v -0.007788 0.003113 0.017225
v -0.007614 0.003171 0.017242
v -0.007815 0.003079 0.017167
v -0.007815 0.003346 0.017108
v -0.007788 0.003171 0.017242
v -0.007614 0.003232 0.017238
v -0.007815 0.003125 0.017200
v -0.007815 0.003175 0.017215
v -0.007788 0.003232 0.017238
v -0.007614 0.003294 0.017216
v -0.007815 0.003227 0.017211
v -0.007815 0.003280 0.017192
v -0.007788 0.003294 0.017216
v -0.007614 0.003343 0.017176
v -0.007815 0.003321 0.017159
v -0.007788 0.003343 0.017176
v -0.007614 0.003377 0.017107
v -0.007788 0.003377 0.017107
v -0.007631 0.002940 0.016796
v -0.007788 0.002963 0.016861
v -0.007631 0.002963 0.016861
v -0.007788 0.002940 0.016796
v -0.007815 0.002932 0.016855
v -0.007631 0.002903 0.016753
v -0.007815 0.002916 0.016810
v -0.007815 0.002689 0.016810
v -0.007788 0.002903 0.016753
v -0.007631 0.002853 0.016725
v -0.007815 0.002886 0.016774
v -0.007788 0.002853 0.016725
v -0.007631 0.002802 0.016714
v -0.007815 0.002722 0.016768
v -0.007815 0.002843 0.016751
v -0.007788 0.002703 0.016746
v -0.007788 0.002658 0.016805
v -0.007631 0.002658 0.016805
v -0.007631 0.002703 0.016746
v -0.007788 0.002749 0.016721
v -0.007631 0.002749 0.016721
v -0.007815 0.002758 0.016748
v -0.007788 0.002802 0.016714
v -0.007815 0.002801 0.016742
v -0.007434 0.001796 0.016935
v -0.007586 0.001818 0.016930
v -0.007433 0.001818 0.016930
v -0.007587 0.001796 0.016935
v -0.007648 0.001832 0.016933
v -0.007434 0.001790 0.016958
v -0.007657 0.001811 0.016940
v -0.007587 0.001790 0.016958
v -0.007586 0.001806 0.016974
v -0.007433 0.001806 0.016974
v -0.007649 0.001820 0.016977
v -0.007657 0.001805 0.016962
v -0.007702 0.001854 0.016987
v -0.007716 0.001850 0.016950
v -0.007702 0.001866 0.016943
v -0.007716 0.001844 0.016972
v -0.007736 0.001907 0.017001
v -0.007754 0.001908 0.016966
v -0.007736 0.001919 0.016957
v -0.007755 0.001902 0.016988
v -0.007749 0.001968 0.017017
v -0.007768 0.001976 0.016984
v -0.007749 0.001980 0.016973
v -0.007769 0.001970 0.017006
v -0.007744 0.002154 0.017067
v -0.007763 0.002163 0.017034
v -0.007743 0.002165 0.017023
v -0.007763 0.002158 0.017056
v -0.007743 0.002196 0.017072
v -0.007763 0.002196 0.017038
v -0.007743 0.002196 0.017027
v -0.007743 0.002227 0.017023
v -0.007763 0.002196 0.017061
v -0.007762 0.002235 0.017056
v -0.007743 0.002238 0.017067
v -0.007762 0.002230 0.017034
v -0.007743 0.002301 0.017003
v -0.007762 0.002303 0.017014
v -0.007762 0.002309 0.017036
v -0.007743 0.002312 0.017047
v -0.007603 0.003550 0.017278
v -0.007640 0.003436 0.017304
v -0.007603 0.003436 0.017304
v -0.007640 0.003550 0.017278
v -0.007603 0.003661 0.017244
v -0.007640 0.003661 0.017244
v -0.007650 0.003435 0.017295
v -0.007650 0.003657 0.017236
v -0.007650 0.003547 0.017270
v -0.007650 0.003429 0.017113
v -0.007650 0.003572 0.017075
v -0.007650 0.003501 0.017098
v -0.007743 0.004604 0.016363
v -0.007743 0.004616 0.016406
v -0.007720 0.004606 0.016369
v -0.007704 0.004610 0.016384
v -0.007698 0.004616 0.016406
v -0.007704 0.004621 0.016428
v -0.007720 0.004626 0.016444
v -0.007765 0.004626 0.016444
v -0.007743 0.004616 0.016406
v -0.007782 0.004621 0.016428
v -0.007788 0.004616 0.016406
v -0.007782 0.004610 0.016384
v -0.007765 0.004606 0.016369
v -0.007743 0.004604 0.016363
v -0.006853 0.002928 0.017311
v -0.006784 0.002828 0.017250
v -0.006784 0.002928 0.017301
v -0.006853 0.002827 0.017260
v -0.006854 0.002550 0.017332
v -0.006830 0.002545 0.017331
v -0.006788 0.002552 0.017326
v -0.006774 0.002457 0.017256
v -0.006885 0.002406 0.017321
v -0.006903 0.002416 0.017324
v -0.006784 0.002360 0.017240
v -0.006924 0.002391 0.017326
v -0.006907 0.002365 0.017314
v -0.006784 0.002246 0.017185
v -0.007202 0.002373 0.017321
v -0.007202 0.002391 0.017326
v -0.007202 0.002357 0.017316
v -0.007202 0.002209 0.017247
v -0.006895 0.002214 0.017240
v -0.006784 0.002118 0.017117
v -0.006895 0.002089 0.017170
v -0.007202 0.002085 0.017177
v -0.006757 0.001966 0.017034
v -0.006895 0.001969 0.017091
v -0.007202 0.001966 0.017098
v -0.007202 0.001882 0.017029
v -0.006815 0.001887 0.016984
v -0.006884 0.001884 0.017017
v -0.007202 0.001868 0.017007
v -0.006757 0.001922 0.016872
v -0.006886 0.001843 0.016891
v -0.007202 0.001840 0.016903
v -0.007202 0.001844 0.016890
v -0.007202 0.001853 0.016881
v -0.006815 0.001862 0.016888
v -0.006903 0.001929 0.016861
v -0.007202 0.001929 0.016861
v -0.006857 0.001973 0.016849
v -0.006587 0.002313 0.016842
v -0.006590 0.002653 0.017057
v -0.006596 0.002387 0.017116
v -0.006583 0.002598 0.016761
v -0.006583 0.002667 0.016755
v -0.006583 0.002734 0.016770
v -0.006583 0.002865 0.016826
v -0.006590 0.002803 0.017103
v -0.006590 0.002941 0.017131
v -0.006583 0.003004 0.016854
v -0.006590 0.003081 0.017137
v -0.006583 0.003145 0.016858
v -0.006590 0.003221 0.017133
v -0.006583 0.003286 0.016843
v -0.006590 0.003360 0.017114
v -0.006583 0.003425 0.016812
v -0.006590 0.003497 0.017082
v -0.006590 0.003631 0.017041
v -0.006583 0.003560 0.016769
v -0.006590 0.003761 0.016988
v -0.006583 0.003690 0.016712
v -0.006590 0.003885 0.016922
v -0.006583 0.003811 0.016638
v -0.006590 0.004003 0.016846
v -0.006583 0.003917 0.016544
v -0.006590 0.004108 0.016753
v -0.006590 0.004216 0.016638
v -0.006583 0.004002 0.016431
v -0.006583 0.004053 0.016384
v -0.006583 0.004116 0.016355
v -0.006587 0.004402 0.016283
v -0.006596 0.004476 0.016557
v -0.007202 0.001953 0.016953
v -0.006903 0.001929 0.016861
v -0.007202 0.001929 0.016861
v -0.006903 0.001953 0.016953
v -0.006857 0.001973 0.016849
v -0.007202 0.002405 0.017208
v -0.006906 0.002405 0.017208
v -0.006857 0.001997 0.016941
v -0.006857 0.002605 0.016679
v -0.006854 0.002509 0.017180
v -0.007743 0.002312 0.017047
v -0.007743 0.002238 0.017067
v -0.007723 0.002309 0.017036
v -0.007723 0.002235 0.017056
v -0.007743 0.002196 0.017072
v -0.007723 0.002229 0.017034
v -0.007723 0.002303 0.017014
v -0.007743 0.002301 0.017003
v -0.007743 0.002227 0.017023
v -0.007723 0.002196 0.017038
v -0.007743 0.002196 0.017027
v -0.007743 0.002165 0.017023
v -0.007723 0.002196 0.017061
v -0.007724 0.002157 0.017056
v -0.007744 0.002154 0.017067
v -0.007724 0.002162 0.017034
v -0.007749 0.001980 0.016973
v -0.007729 0.001971 0.017006
v -0.007749 0.001968 0.017017
v -0.007729 0.001977 0.016984
v -0.007736 0.001919 0.016957
v -0.007718 0.001917 0.016992
v -0.007718 0.001923 0.016970
v -0.007702 0.001866 0.016943
v -0.007736 0.001907 0.017001
v -0.007688 0.001877 0.016957
v -0.007648 0.001832 0.016933
v -0.007688 0.001871 0.016979
v -0.007702 0.001854 0.016987
v -0.007640 0.001846 0.016949
v -0.007586 0.001818 0.016930
v -0.007640 0.001840 0.016971
v -0.007649 0.001820 0.016977
v -0.007586 0.001806 0.016974
v -0.007585 0.001828 0.016968
v -0.007433 0.001806 0.016974
v -0.007433 0.001828 0.016968
v -0.007585 0.001834 0.016946
v -0.007433 0.001834 0.016946
v -0.007433 0.001818 0.016930
v -0.007550 0.003919 0.016920
v -0.007550 0.004035 0.017095
v -0.007609 0.003919 0.016920
v -0.007609 0.004035 0.017095
v -0.007550 0.004069 0.017119
v -0.007637 0.004055 0.017076
v -0.007637 0.003943 0.016906
v -0.007609 0.004069 0.017119
v -0.007550 0.004133 0.017101
v -0.007637 0.004074 0.017089
v -0.007637 0.004121 0.017060
v -0.007637 0.004117 0.016803
v -0.007637 0.004113 0.017078
v -0.007609 0.004133 0.017101
v -0.007550 0.004149 0.017065
v -0.007609 0.004149 0.017065
v -0.007609 0.004144 0.016787
v -0.007550 0.004144 0.016787
v -0.007550 0.003038 0.017362
v -0.007550 0.003050 0.017153
v -0.007609 0.003050 0.017153
v -0.007609 0.003038 0.017362
v -0.007550 0.003020 0.017400
v -0.007637 0.003011 0.017355
v -0.007637 0.003023 0.017152
v -0.007609 0.003020 0.017400
v -0.007550 0.002956 0.017417
v -0.007637 0.003001 0.017376
v -0.007637 0.002946 0.017375
v -0.007637 0.002821 0.017150
v -0.007637 0.002962 0.017387
v -0.007609 0.002956 0.017417
v -0.007550 0.002924 0.017393
v -0.007609 0.002924 0.017393
v -0.007609 0.002790 0.017150
v -0.007550 0.002790 0.017150
v -0.007676 0.003564 0.017200
v -0.007705 0.003560 0.017199
v -0.007676 0.003576 0.017215
v -0.007705 0.003574 0.017216
v -0.007676 0.003592 0.017223
v -0.007705 0.003594 0.017227
v -0.007714 0.003553 0.017207
v -0.007705 0.003533 0.017197
v -0.007714 0.003588 0.017235
v -0.007705 0.003601 0.017253
v -0.007714 0.003567 0.017226
v -0.007676 0.003592 0.017223
v -0.007676 0.003602 0.017257
v -0.007719 0.003568 0.017238
v -0.007705 0.003589 0.017272
v -0.007676 0.003591 0.017273
v -0.007676 0.003589 0.017291
v -0.007705 0.003585 0.017294
v -0.007714 0.003592 0.017249
v -0.007719 0.003554 0.017227
v -0.007719 0.003573 0.017256
v -0.007714 0.003539 0.017206
v -0.007719 0.003536 0.017226
v -0.007714 0.003578 0.017268
v -0.007719 0.003566 0.017273
v -0.007714 0.003576 0.017291
v -0.007705 0.003563 0.017309
v -0.007714 0.003564 0.017299
v -0.007719 0.003551 0.017283
v -0.007705 0.003541 0.017303
v -0.007676 0.003558 0.017311
v -0.007676 0.003540 0.017306
v -0.007676 0.003522 0.017309
v -0.007705 0.003518 0.017307
v -0.007714 0.003541 0.017291
v -0.007719 0.003533 0.017282
v -0.007714 0.003519 0.017296
v -0.007719 0.003518 0.017271
v -0.007714 0.003507 0.017287
v -0.007705 0.003497 0.017290
v -0.007714 0.003508 0.017264
v -0.007719 0.003514 0.017253
v -0.007705 0.003496 0.017267
v -0.007676 0.003494 0.017286
v -0.007676 0.003493 0.017268
v -0.007676 0.003485 0.017251
v -0.007705 0.003486 0.017247
v -0.007714 0.003496 0.017244
v -0.007719 0.003520 0.017236
v -0.007714 0.003501 0.017230
v -0.007705 0.003495 0.017222
v -0.007676 0.003498 0.017218
v -0.007714 0.003523 0.017223
v -0.007705 0.003517 0.017213
v -0.007676 0.003515 0.017212
v -0.007676 0.003528 0.017198
v -0.007517 0.004820 0.016086
v -0.007640 0.004747 0.016105
v -0.007613 0.004778 0.016097
v -0.007649 0.004756 0.016110
v -0.007672 0.004721 0.016120
v -0.007662 0.004713 0.016115
v -0.007620 0.004788 0.016101
v -0.007686 0.004697 0.016140
v -0.007579 0.004802 0.016091
v -0.007549 0.004815 0.016087
v -0.007585 0.004813 0.016095
v -0.007518 0.004833 0.016089
v -0.007517 0.004820 0.016086
v -0.007552 0.004828 0.016091
v -0.007624 0.004797 0.016111
v -0.007554 0.004837 0.016100
v -0.007518 0.004843 0.016099
v -0.007589 0.004822 0.016104
v -0.007554 0.004859 0.016183
v -0.007518 0.004871 0.016203
v -0.007589 0.004843 0.016184
v -0.007536 0.004856 0.016213
v -0.007527 0.004851 0.016234
v -0.007561 0.004850 0.016200
v -0.007567 0.004821 0.016237
v -0.007563 0.004790 0.016304
v -0.007584 0.004813 0.016244
v -0.007588 0.004841 0.016201
v -0.007606 0.004828 0.016216
v -0.007616 0.004823 0.016192
v -0.007618 0.004816 0.016238
v -0.007620 0.004803 0.016264
v -0.007661 0.004786 0.016245
v -0.007641 0.004802 0.016218
v -0.007652 0.004765 0.016120
v -0.007676 0.004729 0.016129
v -0.007687 0.004742 0.016247
v -0.007692 0.004704 0.016149
v -0.007718 0.004663 0.016218
v -0.007718 0.004675 0.016264
v -0.007759 0.004558 0.016296
v -0.007711 0.004656 0.016207
v -0.007760 0.004545 0.016249
v -0.007788 0.004433 0.016329
v -0.007700 0.004650 0.016202
v -0.007751 0.004542 0.016238
v -0.007670 0.004688 0.016134
v -0.007742 0.004536 0.016233
v -0.007620 0.004637 0.016135
v -0.007781 0.004418 0.016272
v -0.007788 0.004421 0.016282
v -0.007769 0.004416 0.016265
v -0.007799 0.004412 0.016285
v -0.007686 0.004110 0.016347
v -0.007799 0.004425 0.016332
v -0.007786 0.004404 0.016274
v -0.007811 0.004412 0.016285
v -0.007811 0.004480 0.016538
v -0.007830 0.004395 0.016289
v -0.007811 0.004404 0.016274
v -0.007811 0.004391 0.016271
v -0.007830 0.004122 0.016363
v -0.007775 0.004391 0.016271
v -0.007811 0.004110 0.016347
v -0.007830 0.004058 0.016392
v -0.007811 0.004047 0.016376
v -0.007811 0.003997 0.016422
v -0.007684 0.004047 0.016376
v -0.007676 0.003997 0.016422
v -0.007811 0.003912 0.016535
v -0.007656 0.003913 0.016534
v -0.007656 0.003808 0.016629
v -0.007638 0.003899 0.016522
v -0.007638 0.003796 0.016615
v -0.007657 0.003987 0.016415
v -0.007638 0.003753 0.016533
v -0.007638 0.003641 0.016602
v -0.007620 0.003633 0.016586
v -0.007638 0.003858 0.016452
v -0.007620 0.003745 0.016517
v -0.007546 0.003745 0.016517
v -0.007620 0.003848 0.016436
v -0.007546 0.003848 0.016436
v -0.007638 0.003958 0.016365
v -0.007620 0.003947 0.016350
v -0.007546 0.003947 0.016350
v -0.007546 0.004005 0.016314
v -0.007620 0.004005 0.016314
v -0.007546 0.004069 0.016287
v -0.007666 0.004040 0.016370
v -0.007638 0.004014 0.016330
v -0.007638 0.004074 0.016305
v -0.007620 0.004069 0.016287
v -0.007546 0.004701 0.016118
v -0.007667 0.004104 0.016341
v -0.007638 0.004637 0.016154
v -0.007667 0.004648 0.016195
v -0.007686 0.004650 0.016202
v -0.007550 0.003552 0.017058
v -0.007668 0.003662 0.017268
v -0.007705 0.003552 0.017058
v -0.007550 0.003662 0.017268
v -0.007723 0.003570 0.017052
v -0.007665 0.003677 0.017282
v -0.007550 0.003677 0.017282
v -0.007686 0.003677 0.017257
v -0.007686 0.003701 0.017250
v -0.007723 0.003708 0.017005
v -0.007705 0.003726 0.016999
v -0.007684 0.003692 0.017265
v -0.007664 0.003697 0.017283
v -0.007550 0.003697 0.017283
v -0.007550 0.003714 0.017272
v -0.007665 0.003714 0.017272
v -0.007550 0.003719 0.017253
v -0.007668 0.003719 0.017253
v -0.007550 0.003726 0.016999
v -0.007705 0.003257 0.017125
v -0.007550 0.003257 0.017125
v -0.007668 0.003390 0.017341
v -0.007723 0.003276 0.017121
v -0.007550 0.003390 0.017341
v -0.007686 0.003404 0.017329
v -0.007723 0.003419 0.017093
v -0.007665 0.003404 0.017355
v -0.007550 0.003404 0.017355
v -0.007686 0.003429 0.017324
v -0.007705 0.003437 0.017089
v -0.007684 0.003420 0.017338
v -0.007664 0.003424 0.017356
v -0.007550 0.003424 0.017356
v -0.007550 0.003441 0.017346
v -0.007665 0.003441 0.017346
v -0.007550 0.003447 0.017326
v -0.007668 0.003447 0.017326
v -0.007550 0.003437 0.017089
v -0.007659 0.004067 0.017022
v -0.006847 0.004065 0.017020
v -0.006847 0.004052 0.017036
v -0.006847 0.004084 0.017015
v -0.007659 0.004055 0.017037
v -0.007659 0.004084 0.017018
v -0.006847 0.004051 0.017055
v -0.007659 0.004101 0.017024
v -0.007659 0.004054 0.017055
v -0.006847 0.004103 0.017022
v -0.007659 0.004064 0.017070
v -0.006847 0.004114 0.017039
v -0.006847 0.004062 0.017072
v -0.007659 0.004111 0.017040
v -0.006847 0.004081 0.017079
v -0.007659 0.004110 0.017058
v -0.007659 0.004081 0.017076
v -0.006847 0.004113 0.017059
v -0.007659 0.004098 0.017072
v -0.006847 0.004100 0.017074
v -0.007659 0.002945 0.017334
v -0.006847 0.002942 0.017353
v -0.007659 0.002944 0.017352
v -0.007659 0.002954 0.017367
v -0.006847 0.002943 0.017333
v -0.006847 0.002952 0.017370
v -0.007659 0.002957 0.017320
v -0.006847 0.002971 0.017377
v -0.006847 0.002955 0.017317
v -0.007659 0.002971 0.017374
v -0.006847 0.002974 0.017312
v -0.007659 0.002989 0.017369
v -0.007659 0.002974 0.017315
v -0.006847 0.002990 0.017371
v -0.007659 0.002991 0.017322
v -0.006847 0.003003 0.017356
v -0.006847 0.002993 0.017319
v -0.007659 0.003000 0.017355
v -0.006847 0.003004 0.017336
v -0.007659 0.003001 0.017337
v -0.007728 0.003776 0.016509
v -0.007728 0.003725 0.016503
v -0.007728 0.003742 0.016567
v -0.007728 0.003807 0.016550
v -0.007728 0.003685 0.016534
v -0.007728 0.003800 0.016600
v -0.007728 0.003678 0.016584
v -0.007728 0.003760 0.016631
v -0.007728 0.003709 0.016624
v -0.007728 0.002973 0.016726
v -0.007728 0.003031 0.016759
v -0.007728 0.003014 0.016695
v -0.007728 0.002967 0.016777
v -0.007728 0.003064 0.016702
v -0.007728 0.002998 0.016817
v -0.007728 0.003095 0.016742
v -0.007728 0.003048 0.016824
v -0.007728 0.003088 0.016793
v -0.007659 0.004084 0.017018
v -0.007664 0.004082 0.017047
v -0.007659 0.004101 0.017024
v -0.007659 0.004111 0.017040
v -0.007659 0.004067 0.017022
v -0.007659 0.004110 0.017058
v -0.007659 0.004055 0.017037
v -0.007659 0.004098 0.017072
v -0.007659 0.004054 0.017055
v -0.007659 0.004081 0.017076
v -0.007659 0.004064 0.017070
v -0.007659 0.002957 0.017320
v -0.007659 0.002945 0.017334
v -0.007664 0.002973 0.017344
v -0.007659 0.002974 0.017315
v -0.007659 0.002944 0.017352
v -0.007659 0.002991 0.017322
v -0.007659 0.002954 0.017367
v -0.007659 0.003001 0.017337
v -0.007659 0.002971 0.017374
v -0.007659 0.003000 0.017355
v -0.007659 0.002989 0.017369
v -0.007719 0.003573 0.017256
v -0.007719 0.003543 0.017254
v -0.007719 0.003566 0.017273
v -0.007719 0.003568 0.017238
v -0.007719 0.003551 0.017283
v -0.007719 0.003554 0.017227
v -0.007719 0.003533 0.017282
v -0.007719 0.003536 0.017226
v -0.007719 0.003518 0.017271
v -0.007719 0.003520 0.017236
v -0.007719 0.003514 0.017253
v -0.007654 0.003594 0.017192
v -0.007613 0.003594 0.017192
v -0.007613 0.003572 0.017179
v -0.007654 0.003572 0.017179
v -0.007613 0.003548 0.017174
v -0.007654 0.003611 0.017211
v -0.007613 0.003611 0.017211
v -0.007669 0.003588 0.017200
v -0.007654 0.003548 0.017174
v -0.007613 0.003523 0.017177
v -0.007669 0.003569 0.017189
v -0.007669 0.003603 0.017216
v -0.007654 0.003621 0.017234
v -0.007613 0.003621 0.017234
v -0.007669 0.003611 0.017236
v -0.007654 0.003623 0.017259
v -0.007613 0.003623 0.017259
v -0.007676 0.003543 0.017254
v -0.007669 0.003614 0.017258
v -0.007669 0.003609 0.017280
v -0.007654 0.003618 0.017283
v -0.007613 0.003618 0.017283
v -0.007669 0.003598 0.017299
v -0.007654 0.003606 0.017305
v -0.007613 0.003606 0.017305
v -0.007654 0.003587 0.017322
v -0.007613 0.003587 0.017322
v -0.007669 0.003582 0.017314
v -0.007654 0.003564 0.017332
v -0.007613 0.003564 0.017332
v -0.007669 0.003562 0.017323
v -0.007654 0.003539 0.017335
v -0.007613 0.003539 0.017335
v -0.007669 0.003540 0.017325
v -0.007654 0.003515 0.017329
v -0.007613 0.003515 0.017329
v -0.007669 0.003518 0.017320
v -0.007654 0.003493 0.017317
v -0.007613 0.003493 0.017317
v -0.007669 0.003499 0.017309
v -0.007654 0.003476 0.017298
v -0.007613 0.003476 0.017298
v -0.007669 0.003484 0.017293
v -0.007654 0.003466 0.017275
v -0.007613 0.003466 0.017275
v -0.007669 0.003475 0.017273
v -0.007654 0.003463 0.017250
v -0.007613 0.003463 0.017250
v -0.007669 0.003473 0.017251
v -0.007654 0.003468 0.017226
v -0.007613 0.003468 0.017226
v -0.007669 0.003477 0.017229
v -0.007654 0.003481 0.017204
v -0.007613 0.003481 0.017204
v -0.007669 0.003488 0.017210
v -0.007654 0.003500 0.017187
v -0.007613 0.003500 0.017187
v -0.007669 0.003505 0.017195
v -0.007654 0.003523 0.017177
v -0.007669 0.003525 0.017186
v -0.007669 0.003547 0.017184
v -0.007534 0.002830 -0.013811
v -0.007483 0.002830 -0.013811
v -0.007483 0.002725 -0.013845
v -0.007534 0.003367 -0.013811
v -0.007483 0.003472 -0.013845
v -0.007483 0.003367 -0.013811
v -0.007483 0.003928 -0.013809
v -0.007394 0.003928 -0.013809
v -0.007473 0.003935 -0.013821
v -0.007473 0.002262 -0.013821
v -0.007394 0.002269 -0.013809
v -0.007483 0.002269 -0.013809
v -0.007473 0.002279 -0.013882
v -0.007394 0.002262 -0.013821
v -0.007391 0.002279 -0.013882
v -0.007394 0.002291 -0.013889
v -0.007483 0.002291 -0.013889
v -0.007394 0.002648 -0.014026
v -0.007483 0.002648 -0.014026
v -0.007394 0.003099 -0.014026
v -0.007483 0.003099 -0.014026
v -0.007483 0.003550 -0.014026
v -0.007394 0.003550 -0.014026
v -0.007483 0.003907 -0.013889
v -0.007394 0.003907 -0.013889
v -0.007473 0.003919 -0.013882
v -0.007391 0.003919 -0.013882
v -0.007394 0.003935 -0.013821
v -0.007256 0.002296 -0.013945
v -0.007124 0.002262 -0.013821
v -0.007124 0.002300 -0.013961
v -0.007124 0.002269 -0.013809
v -0.006992 0.002296 -0.013945
v -0.006854 0.002262 -0.013821
v -0.006856 0.002279 -0.013882
v -0.006854 0.002269 -0.013809
v -0.006651 0.002262 -0.013821
v -0.006641 0.002269 -0.013809
v -0.007256 0.003902 -0.013945
v -0.007124 0.003935 -0.013821
v -0.007124 0.003897 -0.013961
v -0.007124 0.003928 -0.013809
v -0.006992 0.003902 -0.013945
v -0.006854 0.003935 -0.013821
v -0.006651 0.003919 -0.013882
v -0.006651 0.003935 -0.013821
v -0.006856 0.003919 -0.013882
v -0.006854 0.003928 -0.013809
v -0.006641 0.003928 -0.013809
v -0.006854 0.002311 -0.013756
v -0.007124 0.002311 -0.013756
v -0.007394 0.002311 -0.013756
v -0.007394 0.003022 -0.013987
v -0.006852 0.003022 -0.013987
v -0.007394 0.003175 -0.013987
v -0.006852 0.003175 -0.013987
v -0.006852 0.003175 -0.014022
v -0.007394 0.003175 -0.014022
v -0.007394 0.003022 -0.014022
v -0.006852 0.003022 -0.014022
v -0.006947 0.002742 -0.013367
v -0.006855 0.002689 -0.014005
v -0.006855 0.002742 -0.013367
v -0.006947 0.002689 -0.014005
v -0.006947 0.003007 -0.013941
v -0.006947 0.003190 -0.013941
v -0.006855 0.003190 -0.013941
v -0.006855 0.003007 -0.013941
v -0.006947 0.003508 -0.014005
v -0.006947 0.003455 -0.013367
v -0.006855 0.003508 -0.014005
v -0.006855 0.003455 -0.013367
v -0.006947 0.003276 -0.014005
v -0.006855 0.003276 -0.014005
v -0.006855 0.002921 -0.014005
v -0.006947 0.002921 -0.014005
v -0.007395 0.002689 -0.014005
v -0.007303 0.002742 -0.013367
v -0.007395 0.002742 -0.013367
v -0.007303 0.002689 -0.014005
v -0.007303 0.003190 -0.013941
v -0.007303 0.003007 -0.013941
v -0.007395 0.003190 -0.013941
v -0.007395 0.003007 -0.013941
v -0.007303 0.003455 -0.013367
v -0.007303 0.003508 -0.014005
v -0.007395 0.003508 -0.014005
v -0.007395 0.003455 -0.013367
v -0.007303 0.003276 -0.014005
v -0.007395 0.003276 -0.014005
v -0.007303 0.002921 -0.014005
v -0.007395 0.002921 -0.014005
v -0.007776 0.002800 -0.013658
v -0.007689 0.002797 -0.013629
v -0.007776 0.002796 -0.013626
v -0.007689 0.002811 -0.013532
v -0.007689 0.002854 -0.013803
v -0.007553 0.002854 -0.013803
v -0.007776 0.003397 -0.013658
v -0.007776 0.003401 -0.013626
v -0.007689 0.003401 -0.013629
v -0.007689 0.003386 -0.013532
v -0.007689 0.003344 -0.013803
v -0.007553 0.003344 -0.013803
v -0.007847 0.003265 -0.013773
v -0.007847 0.003176 -0.013479
v -0.007847 0.003265 -0.013479
v -0.007847 0.003176 -0.013773
v -0.007847 0.003028 -0.013677
v -0.007847 0.002902 -0.013551
v -0.007847 0.003028 -0.013551
v -0.007847 0.002902 -0.013677
v -0.007847 0.003051 -0.013556
v -0.007847 0.002945 -0.013471
v -0.007847 0.003051 -0.013445
v -0.007847 0.002945 -0.013556
v -0.007124 0.002312 -0.013968
v -0.006989 0.002308 -0.013952
v -0.006989 0.002648 -0.014075
v -0.007124 0.002648 -0.014089
v -0.006854 0.003907 -0.013889
v -0.006854 0.003550 -0.014026
v -0.006989 0.003889 -0.013952
v -0.006989 0.003550 -0.014075
v -0.006641 0.002291 -0.013889
v -0.006651 0.002279 -0.013882
v -0.006641 0.003907 -0.013889
v -0.006851 0.002874 -0.013945
v -0.007571 0.002874 -0.013945
v -0.007571 0.002850 -0.013931
v -0.006851 0.002850 -0.013931
v -0.007571 0.002826 -0.013945
v -0.006851 0.002826 -0.013945
v -0.007571 0.002826 -0.013973
v -0.006851 0.002826 -0.013973
v -0.007571 0.002850 -0.013987
v -0.006851 0.002850 -0.013987
v -0.007571 0.002874 -0.013973
v -0.006851 0.002874 -0.013973
v -0.007483 0.003424 -0.013637
v -0.007483 0.003529 -0.013670
v -0.007534 0.003424 -0.013637
v -0.007553 0.003401 -0.013629
v -0.007394 0.002648 -0.013931
v -0.007259 0.002648 -0.014075
v -0.007124 0.002648 -0.013931
v -0.006854 0.002648 -0.013931
v -0.006854 0.002648 -0.014026
v -0.006854 0.003886 -0.013756
v -0.006641 0.003768 -0.013606
v -0.006854 0.003768 -0.013606
v -0.006641 0.003509 -0.013359
v -0.006854 0.003509 -0.013359
v -0.006641 0.003250 -0.013298
v -0.006854 0.003250 -0.013298
v -0.006641 0.003099 -0.013289
v -0.006854 0.003099 -0.013289
v -0.006854 0.002947 -0.013298
v -0.006641 0.002947 -0.013298
v -0.006854 0.002688 -0.013359
v -0.006641 0.002688 -0.013359
v -0.006854 0.002430 -0.013606
v -0.006641 0.002430 -0.013606
v -0.006854 0.003550 -0.013931
v -0.007124 0.003550 -0.013931
v -0.007124 0.003550 -0.014089
v -0.007259 0.003550 -0.014075
v -0.007394 0.003550 -0.013931
v -0.007483 0.002353 -0.013703
v -0.007394 0.002353 -0.013703
v -0.007394 0.002390 -0.013656
v -0.007505 0.002390 -0.013656
v -0.007394 0.002430 -0.013606
v -0.007562 0.002430 -0.013606
v -0.007394 0.002466 -0.013565
v -0.007595 0.002466 -0.013565
v -0.007394 0.002514 -0.013518
v -0.007606 0.002514 -0.013518
v -0.007606 0.002688 -0.013359
v -0.007394 0.002688 -0.013359
v -0.007606 0.002947 -0.013298
v -0.007394 0.002947 -0.013298
v -0.007606 0.003099 -0.013289
v -0.007394 0.003099 -0.013289
v -0.007394 0.003250 -0.013298
v -0.007606 0.003250 -0.013298
v -0.007394 0.003509 -0.013359
v -0.007606 0.003509 -0.013359
v -0.007394 0.003684 -0.013518
v -0.007606 0.003684 -0.013518
v -0.007595 0.003731 -0.013565
v -0.007394 0.003731 -0.013565
v -0.007562 0.003768 -0.013606
v -0.007394 0.003768 -0.013606
v -0.007505 0.003807 -0.013656
v -0.007394 0.003807 -0.013656
v -0.007483 0.003844 -0.013703
v -0.007394 0.003844 -0.013703
v -0.007394 0.003886 -0.013756
v -0.007124 0.003886 -0.013756
v -0.007483 0.003622 -0.013653
v -0.007532 0.003622 -0.013957
v -0.007532 0.003622 -0.013653
v -0.007483 0.003622 -0.013957
v -0.007532 0.003604 -0.014003
v -0.007483 0.003604 -0.014003
v -0.007532 0.003556 -0.014021
v -0.007483 0.003556 -0.014021
v -0.007532 0.003337 -0.014021
v -0.007483 0.003337 -0.014021
v -0.007532 0.003289 -0.014003
v -0.007483 0.003289 -0.014003
v -0.007483 0.003271 -0.013957
v -0.007532 0.003271 -0.013957
v -0.007532 0.003271 -0.013653
v -0.007483 0.003271 -0.013653
v -0.007532 0.002575 -0.013957
v -0.007483 0.002575 -0.013653
v -0.007532 0.002575 -0.013653
v -0.007483 0.002575 -0.013957
v -0.007532 0.002593 -0.014003
v -0.007483 0.002593 -0.014003
v -0.007532 0.002641 -0.014021
v -0.007483 0.002641 -0.014021
v -0.007532 0.002860 -0.014021
v -0.007483 0.002860 -0.014021
v -0.007532 0.002908 -0.014003
v -0.007483 0.002908 -0.014003
v -0.007532 0.002926 -0.013957
v -0.007483 0.002926 -0.013957
v -0.007532 0.002926 -0.013653
v -0.007483 0.002926 -0.013653
v -0.006851 0.003372 -0.013945
v -0.007571 0.003372 -0.013973
v -0.007571 0.003372 -0.013945
v -0.006851 0.003372 -0.013973
v -0.007571 0.003348 -0.013987
v -0.006851 0.003348 -0.013987
v -0.007571 0.003323 -0.013973
v -0.006851 0.003323 -0.013973
v -0.007571 0.003323 -0.013945
v -0.006851 0.003323 -0.013945
v -0.007571 0.003348 -0.013931
v -0.006851 0.003348 -0.013931
v -0.007483 0.002906 -0.013891
v -0.007534 0.002906 -0.013891
v -0.007483 0.002997 -0.013937
v -0.007534 0.002997 -0.013937
v -0.007483 0.003099 -0.013953
v -0.007534 0.003099 -0.013953
v -0.007534 0.003200 -0.013937
v -0.007483 0.003200 -0.013937
v -0.007483 0.003291 -0.013891
v -0.007534 0.003291 -0.013891
v -0.007553 0.002811 -0.013532
v -0.007553 0.002797 -0.013629
v -0.007553 0.002854 -0.013448
v -0.007689 0.002854 -0.013448
v -0.007553 0.002921 -0.013381
v -0.007776 0.002811 -0.013532
v -0.007689 0.002921 -0.013381
v -0.007553 0.003005 -0.013338
v -0.007776 0.002854 -0.013448
v -0.007689 0.003005 -0.013338
v -0.007553 0.003099 -0.013323
v -0.007776 0.002921 -0.013381
v -0.007817 0.002877 -0.013465
v -0.007817 0.002838 -0.013541
v -0.007817 0.002825 -0.013626
v -0.007842 0.002884 -0.013556
v -0.007817 0.002826 -0.013650
v -0.007842 0.002873 -0.013626
v -0.007817 0.002818 -0.013719
v -0.007776 0.002792 -0.013727
v -0.007842 0.002870 -0.013647
v -0.007842 0.002870 -0.013701
v -0.007817 0.002865 -0.013769
v -0.007776 0.002839 -0.013777
v -0.007843 0.002903 -0.013745
v -0.007817 0.002877 -0.013786
v -0.007776 0.002854 -0.013803
v -0.007842 0.003099 -0.013626
v -0.007842 0.002916 -0.013758
v -0.007776 0.002921 -0.013870
v -0.007689 0.002921 -0.013870
v -0.007842 0.002966 -0.013808
v -0.007817 0.002938 -0.013847
v -0.007776 0.003005 -0.013913
v -0.007689 0.003005 -0.013913
v -0.007817 0.003014 -0.013886
v -0.007842 0.003029 -0.013840
v -0.007776 0.003099 -0.013928
v -0.007817 0.003099 -0.013899
v -0.007842 0.003099 -0.013851
v -0.007842 0.003168 -0.013840
v -0.007817 0.003183 -0.013886
v -0.007842 0.003231 -0.013808
v -0.007776 0.003192 -0.013913
v -0.007817 0.003259 -0.013847
v -0.007817 0.003320 -0.013786
v -0.007776 0.003277 -0.013870
v -0.007689 0.003277 -0.013870
v -0.007776 0.003343 -0.013803
v -0.007689 0.003192 -0.013913
v -0.007776 0.003358 -0.013777
v -0.007689 0.003099 -0.013928
v -0.007553 0.003192 -0.013913
v -0.007553 0.003099 -0.013928
v -0.007553 0.003277 -0.013870
v -0.007553 0.003005 -0.013913
v -0.007553 0.002921 -0.013870
v -0.007842 0.003281 -0.013758
v -0.007843 0.003294 -0.013745
v -0.007817 0.003332 -0.013769
v -0.007776 0.003405 -0.013727
v -0.007842 0.003328 -0.013701
v -0.007817 0.003380 -0.013719
v -0.007817 0.003371 -0.013650
v -0.007842 0.003327 -0.013647
v -0.007817 0.003372 -0.013626
v -0.007842 0.003324 -0.013626
v -0.007842 0.003313 -0.013556
v -0.007817 0.003359 -0.013541
v -0.007776 0.003386 -0.013532
v -0.007817 0.003320 -0.013465
v -0.007842 0.003281 -0.013493
v -0.007776 0.003343 -0.013448
v -0.007689 0.003343 -0.013448
v -0.007776 0.003277 -0.013381
v -0.007817 0.003259 -0.013404
v -0.007553 0.003343 -0.013448
v -0.007553 0.003386 -0.013532
v -0.007553 0.003277 -0.013381
v -0.007689 0.003277 -0.013381
v -0.007553 0.003192 -0.013338
v -0.007689 0.003192 -0.013338
v -0.007776 0.003192 -0.013338
v -0.007689 0.003099 -0.013323
v -0.007776 0.003005 -0.013338
v -0.007776 0.003099 -0.013323
v -0.007817 0.003183 -0.013365
v -0.007817 0.002938 -0.013404
v -0.007817 0.003014 -0.013365
v -0.007817 0.003099 -0.013352
v -0.007842 0.003099 -0.013400
v -0.007842 0.003168 -0.013411
v -0.007842 0.003231 -0.013443
v -0.007842 0.003029 -0.013411
v -0.007842 0.002966 -0.013443
v -0.007842 0.002916 -0.013493
v -0.007534 0.002773 -0.013637
v -0.007534 0.002787 -0.013524
v -0.007534 0.002834 -0.013433
v -0.007534 0.002906 -0.013361
v -0.007534 0.002997 -0.013314
v -0.007534 0.003099 -0.013302
v -0.007534 0.003200 -0.013314
v -0.007534 0.003291 -0.013361
v -0.007534 0.003364 -0.013433
v -0.007534 0.003410 -0.013524
v -0.007483 0.002657 -0.013836
v -0.007483 0.002609 -0.013786
v -0.007483 0.002618 -0.013717
v -0.007483 0.002668 -0.013670
v -0.007483 0.002773 -0.013637
v -0.007483 0.003541 -0.013836
v -0.007483 0.003588 -0.013786
v -0.007483 0.003580 -0.013717
v -0.007847 0.002990 -0.013678
v -0.007847 0.003163 -0.013678
v -0.007847 0.002990 -0.013815
v -0.007847 0.003081 -0.013851
v -0.007847 0.003163 -0.013830
v -0.006641 0.003550 -0.014026
v -0.006854 0.003099 -0.014026
v -0.006641 0.003099 -0.014026
v -0.006641 0.002648 -0.014026
v -0.006854 0.002291 -0.013889
v -0.007483 0.003410 -0.013524
v -0.007483 0.003364 -0.013433
v -0.007483 0.003291 -0.013361
v -0.007483 0.003200 -0.013314
v -0.007483 0.003099 -0.013302
v -0.007483 0.002997 -0.013314
v -0.007483 0.002906 -0.013361
v -0.007483 0.002834 -0.013433
v -0.007483 0.002787 -0.013524
v -0.007536 0.003586 -0.013972
v -0.007536 0.003537 -0.013886
v -0.007536 0.003586 -0.013915
v -0.007536 0.003537 -0.014001
v -0.007536 0.003487 -0.013972
v -0.007536 0.003487 -0.013915
v -0.007486 0.003859 -0.013886
v -0.007486 0.003908 -0.013799
v -0.007486 0.003908 -0.013857
v -0.007486 0.003859 -0.013771
v -0.007486 0.003809 -0.013799
v -0.007486 0.003809 -0.013857
v -0.007536 0.002710 -0.013972
v -0.007536 0.002661 -0.013886
v -0.007536 0.002710 -0.013915
v -0.007536 0.002661 -0.014001
v -0.007536 0.002611 -0.013972
v -0.007536 0.002611 -0.013915
v -0.007486 0.002339 -0.013886
v -0.007486 0.002389 -0.013799
v -0.007486 0.002389 -0.013857
v -0.007486 0.002339 -0.013771
v -0.007486 0.002289 -0.013799
v -0.007486 0.002289 -0.013857
v -0.007259 0.002308 -0.013952
v -0.007259 0.003889 -0.013952
v -0.007124 0.003885 -0.013968
v -0.007586 0.003348 -0.013959
v -0.007586 0.002850 -0.013959
v -0.007493 0.002299 -0.013881
v -0.007493 0.002650 -0.014016
v -0.007493 0.002280 -0.013811
v -0.007492 0.002361 -0.013710
v -0.007493 0.002654 -0.013824
v -0.007512 0.002396 -0.013667
v -0.007493 0.003099 -0.013871
v -0.007568 0.002436 -0.013617
v -0.007493 0.003099 -0.014016
v -0.007604 0.002472 -0.013575
v -0.007493 0.003548 -0.014016
v -0.007616 0.002520 -0.013527
v -0.007493 0.003898 -0.013881
v -0.007616 0.002693 -0.013368
v -0.007493 0.003917 -0.013811
v -0.007492 0.003837 -0.013710
v -0.007493 0.003544 -0.013824
v -0.007512 0.003801 -0.013667
v -0.007514 0.003099 -0.013818
v -0.007514 0.003534 -0.013771
v -0.007568 0.003762 -0.013617
v -0.007569 0.003534 -0.013711
v -0.007604 0.003725 -0.013575
v -0.007569 0.003099 -0.013761
v -0.007616 0.003677 -0.013527
v -0.007605 0.003525 -0.013657
v -0.007616 0.003505 -0.013368
v -0.007616 0.003510 -0.013594
v -0.007616 0.003249 -0.013308
v -0.007604 0.003099 -0.013706
v -0.007616 0.003099 -0.013642
v -0.007616 0.003099 -0.013299
v -0.007616 0.002948 -0.013308
v -0.007616 0.002687 -0.013594
v -0.007605 0.002672 -0.013657
v -0.007569 0.002663 -0.013711
v -0.007514 0.002663 -0.013771
vn 0.0002 0.3063 -0.9519
vn -0.0002 -0.3065 -0.9519
vn -0.0000 -0.3067 -0.9518
vn 0.2290 0.0632 -0.9714
vn -0.0000 0.9658 -0.2591
vn -0.0000 0.7847 0.6198
vn -0.0001 0.7847 0.6199
vn -0.0000 -0.8651 0.5015
vn -0.0000 -0.9659 -0.2591
vn -0.0000 -0.9658 -0.2592
vn -0.0000 -0.9658 -0.2591
vn 0.0001 -0.3607 -0.9327
vn -0.0000 -0.3605 -0.9328
vn -0.0000 -0.1657 -0.9862
vn -0.0000 -0.0000 -1.0000
vn 0.0001 -0.0000 -1.0000
vn -0.0000 0.1657 -0.9862
vn -0.0000 0.3606 -0.9327
vn -0.0000 0.9659 -0.2591
vn -0.0001 -0.9659 -0.2590
vn -0.0000 -0.7847 0.6199
vn -0.0000 -0.7847 0.6198
vn -0.0000 0.9658 -0.2592
vn -0.0000 0.7847 0.6199
vn -0.0001 0.9659 -0.2591
vn -0.0000 -0.7846 0.6201
vn -0.0000 -0.7843 0.6203
vn -0.0000 -0.0000 1.0000
vn -0.0000 1.0000 -0.0000
vn -0.0000 -1.0000 -0.0000
vn -0.0000 -0.9969 0.0785
vn -0.0000 0.9969 0.0785
vn -0.0000 -0.5976 -0.8018
vn -0.0000 -0.5972 -0.8021
vn -0.0000 0.5972 -0.8021
vn -0.0000 0.5977 -0.8017
vn -0.0000 -0.5977 -0.8017
vn -0.0000 0.5975 -0.8019
vn 0.4649 -0.8510 0.2443
vn 0.2133 -0.9716 0.1027
vn -0.0000 -0.9899 0.1415
vn -0.0000 -0.9541 0.2996
vn -0.0001 0.3067 -0.9518
vn 0.2436 -0.0786 -0.9667
vn 0.2290 -0.0631 -0.9714
vn -0.0001 0.3068 -0.9518
vn 0.4649 0.8510 0.2443
vn -0.0000 0.9899 0.1414
vn 0.2133 0.9716 0.1027
vn -0.0000 0.9541 0.2996
vn 0.2436 0.0786 -0.9667
vn -0.0004 -0.3067 -0.9518
vn 1.0000 -0.0000 -0.0000
vn -0.0000 -0.3399 -0.9405
vn -0.3452 -0.3295 -0.8788
vn -0.0000 -0.3398 -0.9405
vn -0.0944 -0.3383 -0.9363
vn -0.3452 0.3295 -0.8788
vn -0.7071 -0.6836 -0.1807
vn -0.7071 -0.6836 -0.1808
vn -0.7072 -0.6836 -0.1807
vn -0.7072 0.6835 -0.1808
vn -0.7071 0.6836 -0.1809
vn -0.7071 0.6836 -0.1807
vn -0.7071 0.6836 -0.1808
vn -0.0000 0.4998 0.8662
vn -0.0000 0.8644 0.5028
vn -0.0000 -0.0001 1.0000
vn -0.0000 -0.8643 0.5029
vn -0.0000 -0.8644 0.5029
vn -0.0000 -0.8677 -0.4971
vn -0.0000 -0.8677 -0.4970
vn -0.0000 0.8677 -0.4970
vn -0.0002 0.8677 -0.4970
vn -0.0000 0.8644 0.5029
vn -0.0000 0.8678 0.4970
vn -0.0000 -0.8643 -0.5029
vn -0.0000 -0.8644 -0.5029
vn -0.0000 -0.0001 -1.0000
vn -0.0000 -0.3068 0.9518
vn 0.2359 -0.6213 0.7472
vn -0.0000 -0.3067 0.9518
vn 0.2511 -0.6357 0.7299
vn -0.0001 -0.2924 0.9563
vn -0.0000 -0.7303 0.6832
vn -0.0000 -0.7303 0.6831
vn -0.0001 -0.5122 0.8589
vn -0.0000 -0.5122 0.8589
vn -0.0000 -0.1657 0.9862
vn -0.0000 0.1657 0.9862
vn -0.0000 0.5122 0.8589
vn -0.0000 0.7303 0.6831
vn -0.0000 0.7302 0.6832
vn -0.0000 0.7846 0.6201
vn -0.0000 -0.9989 -0.0472
vn -0.0000 -0.6952 -0.7188
vn -0.0000 -0.6951 -0.7189
vn -0.0000 -0.0629 -0.9980
vn -0.0000 0.0629 -0.9980
vn -0.0000 0.6952 -0.7189
vn -0.0000 0.6952 -0.7188
vn -0.0000 0.9989 -0.0473
vn -0.0000 0.9989 -0.0472
vn -0.0000 0.6951 -0.7189
vn 0.0001 0.0629 -0.9980
vn -0.0000 -0.6952 -0.7189
vn -1.0000 -0.0000 -0.0000
vn -0.0000 -0.7226 -0.6913
vn -0.0000 -0.6013 -0.7990
vn -0.0000 -0.7227 -0.6912
vn -0.0000 -0.3068 -0.9518
vn -0.0000 0.3069 -0.9518
vn -0.0000 0.3068 -0.9518
vn -0.0000 0.6012 -0.7991
vn -0.0000 0.7227 -0.6912
vn -0.0000 0.7226 -0.6913
vn -0.0000 -0.9540 0.2997
vn -0.0000 -0.9899 0.1414
vn -0.0000 -0.8085 0.5886
vn -0.0000 -0.8085 0.5885
vn -0.0000 -0.5886 0.8085
vn 0.2053 -0.9316 0.3000
vn 0.2043 -0.7934 0.5734
vn 0.2042 -0.5734 0.7934
vn 0.7409 -0.5438 0.3941
vn 0.7409 -0.3941 0.5439
vn 0.2053 -0.3000 0.9316
vn -0.0000 0.3068 0.9518
vn 0.2052 -0.0000 0.9787
vn -0.0000 0.5886 0.8084
vn -0.0000 0.5885 0.8085
vn 0.2053 0.3000 0.9316
vn 0.2042 0.5734 0.7934
vn -0.0000 0.8084 0.5886
vn -0.0000 0.8085 0.5886
vn 0.7409 0.3941 0.5438
vn 0.2052 0.9316 0.3000
vn 0.2042 0.7934 0.5734
vn 0.7409 0.5438 0.3941
vn 0.7365 0.6425 0.2116
vn 0.7365 0.2116 0.6425
vn 1.0000 -0.0000 0.0001
vn 1.0000 0.0001 -0.0000
vn 0.7324 0.6772 0.0709
vn 1.0000 0.0001 -0.0079
vn 0.7411 0.6702 0.0394
vn 1.0000 -0.0000 0.0079
vn 0.7167 0.6616 -0.2205
vn 0.5501 0.7938 -0.2594
vn 0.7437 0.5142 -0.4272
vn 0.4579 0.5447 -0.7026
vn 0.9999 -0.0078 -0.0078
vn 0.7330 0.4965 -0.4650
vn 0.2130 0.7180 -0.6627
vn 0.9998 -0.0156 -0.0158
vn 0.2042 0.5734 -0.7934
vn -0.0002 0.5882 -0.8087
vn 0.7409 0.3941 -0.5439
vn 0.2053 0.3000 -0.9316
vn 0.7365 0.2116 -0.6425
vn 0.2052 -0.0000 -0.9787
vn 0.7378 -0.0000 -0.6750
vn 1.0000 -0.0000 -0.0001
vn 0.7365 -0.2116 -0.6425
vn 0.2053 -0.3000 -0.9316
vn 0.7409 -0.3941 -0.5439
vn 0.7330 -0.4965 -0.4650
vn 0.2042 -0.5734 -0.7934
vn -0.0000 -0.5886 -0.8084
vn 0.2130 -0.7179 -0.6627
vn 0.4579 -0.5447 -0.7026
vn -0.0000 -0.3069 -0.9518
vn -0.0001 -0.5884 -0.8085
vn -0.0001 0.5885 -0.8085
vn -0.0000 -0.7110 -0.7032
vn -0.0000 -0.7072 -0.7070
vn -0.0000 0.7110 -0.7032
vn -0.0000 0.7072 -0.7070
vn 0.9998 0.0158 -0.0157
vn 0.9999 0.0079 -0.0079
vn 0.7437 -0.5142 -0.4272
vn 0.5501 -0.7938 -0.2594
vn 0.7167 -0.6616 -0.2205
vn 0.7411 -0.6702 0.0394
vn 0.7324 -0.6772 0.0709
vn 0.7365 -0.6425 0.2116
vn 1.0000 -0.0000 -0.0079
vn 1.0000 -0.0001 -0.0000
vn 0.7365 -0.2116 0.6425
vn 0.7378 -0.0000 0.6750
vn 0.7866 0.4405 -0.4326
vn 0.7975 0.3632 -0.4817
vn 0.8035 0.1812 -0.5671
vn 0.8034 0.1812 -0.5672
vn 0.8058 -0.0000 -0.5922
vn 0.8056 -0.0000 -0.5925
vn 0.8035 -0.1812 -0.5671
vn 0.7975 -0.3632 -0.4817
vn 0.7866 -0.4405 -0.4326
vn 0.4561 -0.4955 -0.7392
vn 0.2290 -0.0632 -0.9714
vn 0.4579 -0.8369 0.3000
vn 0.4561 0.4955 -0.7392
vn 0.4579 0.8369 0.3000
vn 0.2512 0.6357 0.7299
vn 0.2359 0.6213 0.7472
vn -0.0000 0.3067 0.9518
vn -0.0000 0.2924 0.9563
vn -0.0000 0.3607 -0.9327
vn -0.0000 -0.3606 -0.9327
vn -0.0000 -0.3607 -0.9327
vn -1.0000 0.0001 -0.0001
vn -1.0000 0.0001 -0.0000
vn -1.0000 -0.0000 -0.0001
vn -1.0000 -0.0001 -0.0001
vn -0.0000 -0.7846 0.6200
vn -0.0000 -0.7844 0.6203
vn -0.0000 -0.7845 0.6201
vn -0.0000 -0.7637 0.6456
vn -0.0000 -0.7565 0.6540
vn -0.0000 -0.7189 0.6951
vn -0.0000 -0.7149 0.6992
vn -0.0000 -0.6789 0.7342
vn 0.0001 -0.4566 0.8897
vn -0.0000 -0.4567 0.8896
vn 0.0001 -0.1657 0.9862
vn -0.0000 0.4567 0.8896
vn -0.0000 0.4566 0.8897
vn -0.0000 0.6789 0.7342
vn -0.0000 0.7149 0.6992
vn -0.0000 0.7189 0.6951
vn -0.0000 0.7565 0.6540
vn -0.0000 0.7637 0.6456
vn 0.0001 0.7847 0.6199
vn -0.0000 0.7844 0.6202
vn -0.0000 0.7843 0.6203
vn -0.0000 0.9591 0.2830
vn -0.0000 0.9920 0.1260
vn -0.0000 0.8085 0.5885
vn -0.0000 0.2928 0.9562
vn -0.0000 -0.2928 0.9562
vn -0.0000 -0.8084 0.5886
vn -0.0000 -0.9591 0.2830
vn -0.0000 -0.9920 0.1260
vn 0.7981 0.5769 0.1738
vn 0.7893 0.6078 0.0868
vn 0.8048 0.4814 0.3472
vn 0.8049 0.3472 0.4813
vn 0.7970 0.1815 0.5761
vn 0.7817 -0.0000 0.6237
vn 0.7816 -0.0000 0.6237
vn 0.7970 -0.1815 0.5761
vn 0.8049 -0.3472 0.4813
vn 0.8048 -0.4813 0.3472
vn 0.8049 -0.4813 0.3472
vn 0.7981 -0.5769 0.1738
vn 0.7893 -0.6078 0.0868
vn 0.3452 -0.3295 -0.8788
vn 0.3452 -0.3296 -0.8787
vn 0.3452 -0.3296 -0.8788
vn 0.0944 -0.3383 -0.9363
vn -0.3452 -0.3296 -0.8788
vn 0.3452 0.3296 -0.8788
vn 0.3452 0.3297 -0.8787
vn 0.3452 0.3295 -0.8788
vn -0.0000 0.3399 -0.9405
vn 0.0944 0.3383 -0.9363
vn -0.0000 0.3398 -0.9405
vn -0.0943 0.3383 -0.9363
vn -0.0944 0.3383 -0.9363
vn -0.3452 0.3297 -0.8787
vn -0.0000 0.4628 0.8864
vn -0.0000 -0.4628 0.8864
vn -1.0000 -0.0002 0.0001
vn -1.0000 -0.0001 -0.0000
vn -1.0000 0.0002 0.0001
vn 0.8473 -0.2655 -0.4599
vn 0.8814 -0.4092 -0.2360
vn 0.8814 -0.4092 0.2361
vn 0.8814 0.4092 -0.2361
vn 0.8782 -0.0000 -0.4783
vn 0.8782 -0.0000 0.4782
vn 0.8814 0.4092 0.2361
vn 1.0000 -0.0001 0.0001
vn 0.8814 -0.4092 -0.2361
vn 0.7071 0.6832 -0.1823
vn 1.0000 -0.0001 -0.0001
vn 0.9977 0.0236 -0.0629
vn 0.9968 0.0157 -0.0785
vn 0.8470 0.1961 -0.4941
vn 0.7634 0.2440 -0.5981
vn 0.9963 -0.0000 -0.0863
vn 0.9968 -0.0157 -0.0785
vn 0.9977 -0.0236 -0.0629
vn 0.8470 -0.1960 -0.4941
vn 0.8345 -0.0000 -0.5510
vn 0.8365 -0.1105 -0.5366
vn 0.7634 -0.2440 -0.5981
vn 0.7745 -0.1423 -0.6164
vn 0.9072 -0.1657 -0.3866
vn 0.7747 -0.0000 -0.6324
vn 0.9217 -0.0867 -0.3781
vn 0.9224 -0.0000 -0.3863
vn 0.9217 0.0866 -0.3781
vn 0.9072 0.1657 -0.3866
vn 0.7745 0.1423 -0.6164
vn 0.8366 0.1105 -0.5366
vn -0.0026 0.5396 0.8419
vn 0.0001 0.8847 0.4661
vn -0.0000 0.9052 0.4250
vn 0.0393 0.8808 0.4719
vn 0.0001 0.9659 -0.2590
vn 0.1102 -0.1416 -0.9838
vn -0.0000 -0.1809 -0.9835
vn 0.0473 -0.1180 -0.9919
vn -0.0000 -0.2591 -0.9658
vn 0.0001 -0.2591 -0.9658
vn 0.1104 0.3308 0.9372
vn 0.1659 0.4205 0.8920
vn 0.1103 0.4255 0.8982
vn 0.1734 -0.0079 0.9848
vn 0.1100 0.0864 0.9902
vn 0.1105 -0.0079 0.9938
vn 0.1106 -0.1106 0.9877
vn -0.0000 -0.0630 0.9980
vn 0.0314 -0.0628 0.9975
vn -0.0000 0.2591 0.9658
vn 0.0080 0.2591 0.9658
vn -0.0000 0.2590 0.9659
vn -0.1020 0.3216 0.9414
vn -0.4559 0.6525 0.6053
vn -0.2766 0.4979 0.8219
vn -0.0000 -0.8589 -0.5122
vn 0.1184 -0.9077 -0.4026
vn -0.0000 -0.9142 -0.4053
vn -0.0000 0.9659 -0.2588
vn -0.0000 -0.9659 0.2588
vn -0.0000 -0.9658 0.2593
vn -0.0001 -0.9659 0.2589
vn -0.0000 0.9658 -0.2594
vn -0.0001 0.9658 -0.2594
vn -0.0001 -0.9659 0.2588
vn -0.0000 -0.9659 0.2587
vn 0.0003 -0.9659 0.2589
vn -0.0001 -0.9659 0.2590
vn -0.0000 -0.9659 0.2589
vn -0.0001 -0.9658 0.2591
vn -0.0000 -0.9658 0.2592
vn 0.0004 -0.9659 0.2588
vn -0.0000 -0.9658 0.2591
vn 0.0002 -0.9659 0.2590
vn -0.0003 -0.9659 0.2590
vn 0.0001 -0.9659 0.2588
vn -0.0002 -0.9659 0.2588
vn -0.0000 -0.9659 0.2591
vn -0.0003 -0.9659 0.2591
vn 0.0004 -0.9660 0.2585
vn -0.0002 -0.9659 0.2590
vn 0.0001 -0.9659 0.2590
vn -0.0000 0.9659 -0.2590
vn -0.0000 0.9660 -0.2585
vn -0.0001 0.9658 -0.2591
vn 0.0004 0.9659 -0.2588
vn -0.0000 0.9659 -0.2587
vn -0.0000 0.9657 -0.2596
vn -0.0001 0.9659 -0.2590
vn -0.0004 0.9659 -0.2588
vn 0.0002 0.9658 -0.2592
vn -0.0001 0.9659 -0.2589
vn 0.0001 0.9659 -0.2589
vn 0.1259 0.7397 -0.6610
vn 0.1023 0.9835 0.1495
vn 0.1021 0.7776 -0.6204
vn 0.1259 -0.6611 -0.7397
vn 0.1025 -0.9936 0.0473
vn 0.1263 -0.9867 0.1026
vn 0.0011 0.7562 0.6543
vn 0.2291 0.7267 0.6476
vn 0.1339 0.4805 0.8667
vn 0.0631 0.7250 0.6858
vn 0.0001 0.9658 -0.2591
vn -0.0000 -0.4315 0.9021
vn -0.0000 -0.4661 0.8847
vn -0.0000 -0.4314 0.9021
vn -0.0000 -0.4025 0.9154
vn -0.0000 -0.9659 0.2590
vn 0.0001 -0.9659 0.2589
vn -0.0000 -0.2591 -0.9659
vn -0.0000 -0.2277 -0.9737
vn -0.0000 -0.2590 -0.9659
vn -0.0000 0.9494 -0.3139
vn -0.0000 0.5030 -0.8643
vn -0.0316 0.9711 -0.2367
vn -0.0157 -0.1884 -0.9820
vn -0.4982 -0.2215 -0.8383
vn -0.4982 -0.2214 -0.8383
vn 0.4983 -0.2215 -0.8383
vn 0.4982 -0.2214 -0.8383
vn 0.4982 -0.2215 -0.8383
vn 0.4982 0.2214 0.8383
vn 0.4982 0.2215 0.8383
vn -0.4982 0.2215 0.8383
vn -0.4983 0.2215 0.8382
vn 0.0001 -0.9659 0.2591
vn 0.0001 -0.9658 0.2592
vn -0.0001 -0.9659 0.2591
vn -0.0000 0.9660 -0.2587
vn 0.0001 0.9660 -0.2587
vn -0.0000 0.1414 0.9900
vn -0.0000 0.1414 0.9899
vn -0.0000 0.1415 0.9899
vn -0.0000 0.3701 0.9290
vn -0.0000 0.3700 0.9290
vn -0.0000 0.9290 -0.3700
vn -0.0000 -0.2594 -0.9658
vn -0.0000 -0.2588 -0.9659
vn -0.0000 -0.9900 0.1414
vn -0.2041 -0.8401 -0.5025
vn -0.1184 -0.9077 -0.4026
vn 0.1261 0.8589 0.4964
vn 0.1021 0.1648 0.9810
vn 0.1030 0.8313 0.5462
vn 0.1262 0.1026 0.9867
vn 0.1261 0.4964 -0.8589
vn 0.1027 -0.3475 -0.9320
vn 0.1261 -0.4022 -0.9068
vn 0.1023 0.4480 -0.8882
vn 0.1024 -0.2597 0.9602
vn 0.1262 -0.9068 0.4022
vn 0.1026 -0.8833 0.4574
vn 0.1262 -0.2052 0.9706
vn -0.0004 -0.6668 -0.7452
vn -0.0000 -0.5975 -0.8019
vn 0.0002 -0.4659 -0.8848
vn -0.0000 -0.4636 -0.8861
vn 0.0001 -0.3538 -0.9353
vn -0.0000 -0.3528 -0.9357
vn 0.0001 -0.2590 -0.9659
vn -0.0000 -0.1580 -0.9874
vn 0.0079 0.5122 -0.8588
vn -0.0000 -0.2587 -0.9659
vn 0.1658 -0.1184 0.9790
vn 0.1105 -0.1262 0.9858
vn 0.1808 -0.2515 0.9508
vn 0.1023 -0.2283 0.9682
vn 0.0633 -0.2845 0.9566
vn 0.2289 -0.3078 0.9235
vn 0.1337 0.0158 0.9909
vn 0.2996 -0.0000 0.9541
vn -0.9844 -0.0315 0.1733
vn -0.9824 0.0707 0.1729
vn -0.9838 -0.0472 0.1731
vn -0.9829 -0.0629 0.1730
vn -0.9842 -0.0630 0.1654
vn -0.9837 -0.0866 0.1574
vn -0.9942 -0.0316 0.1026
vn -0.9955 -0.0000 0.0948
vn -0.9969 0.0078 0.0785
vn -0.9938 0.0158 0.1104
vn -0.9872 0.0237 0.1579
vn -0.9907 -0.0236 0.1337
vn -0.9885 -0.0235 0.1491
vn -0.9874 -0.0079 0.1580
vn -0.9846 0.0236 0.1733
vn -0.9834 0.0157 0.1810
vn -0.9816 -0.0314 0.1885
vn -0.9919 -0.0158 0.1260
vn -0.9936 -0.0237 0.1104
vn -0.9946 -0.0158 0.1026
vn -0.9962 0.0080 0.0863
vn -0.9968 0.0157 0.0785
vn -0.9966 0.0235 0.0785
vn -0.9964 0.0314 0.0785
vn -0.9962 0.0392 0.0784
vn -0.9970 0.0314 0.0707
vn -0.9949 0.0632 0.0789
vn -0.9916 0.0787 0.1023
vn -0.9937 0.0710 0.0868
vn -0.9808 0.1255 0.1491
vn -0.9850 0.0709 0.1576
vn -0.9831 0.0787 0.1652
vn -0.9878 0.0790 0.1344
vn -0.9878 0.0790 0.1343
vn -0.9886 0.0942 0.1177
vn -0.9902 0.0864 0.1100
vn -0.9936 0.0473 0.1025
vn -0.9871 0.0553 0.1501
vn -0.9970 0.0314 0.0706
vn -0.9951 0.0474 0.0869
vn -0.9943 0.0789 0.0710
vn -0.9837 0.1574 0.0866
vn -0.9829 0.1415 0.1180
vn -0.9838 0.1417 0.1102
vn -0.9840 0.1260 0.1259
vn -0.9839 0.1181 0.1338
vn -0.9818 0.0235 0.1884
vn -0.1576 -0.2598 -0.9527
vn -0.3463 -0.7162 -0.6060
vn -0.1572 -0.2672 -0.9507
vn -0.1339 -0.2440 -0.9605
vn -0.1022 -0.2909 -0.9513
vn -0.0944 -0.2911 -0.9520
vn -0.0949 -0.2452 -0.9648
vn -0.0947 -0.5522 -0.8283
vn -0.0949 -0.5613 -0.8222
vn -0.1024 -0.7564 -0.6461
vn -0.1023 -0.7635 -0.6376
vn -0.1027 -0.7267 -0.6793
vn -0.1029 -0.5930 -0.7986
vn -0.1023 -0.5981 -0.7948
vn -0.1022 -0.4636 -0.8801
vn -0.1023 -0.4636 -0.8801
vn -0.1024 -0.3544 -0.9295
vn -0.1024 -0.3545 -0.9294
vn -0.1023 -0.2597 -0.9603
vn -0.1022 -0.1572 -0.9823
vn -0.1026 -0.0395 -0.9939
vn -0.1026 -0.0394 -0.9939
vn -0.1027 0.1185 -0.9876
vn -0.1023 0.2909 -0.9513
vn -0.1022 0.2909 -0.9513
vn -0.1022 0.3380 -0.9356
vn -0.0946 0.0709 -0.9930
vn -0.0947 0.0631 -0.9935
vn -0.1025 -0.2208 -0.9699
vn -0.0947 -0.2210 -0.9707
vn -0.1340 -0.2681 -0.9540
vn -0.0943 -0.2673 -0.9590
vn -0.1569 -0.2432 -0.9572
vn -0.1578 -0.2525 -0.9546
vn -0.3470 0.3154 -0.8832
vn -0.0316 -0.9458 0.3232
vn -0.0079 -0.9405 0.3398
vn -0.0315 -0.9434 0.3302
vn -0.2197 -0.9338 0.2825
vn -0.4323 -0.8725 0.2279
vn -0.4322 -0.8725 0.2279
vn -0.0000 -0.0238 -0.9997
vn -0.0000 0.0785 -0.9969
vn -0.0000 0.5999 -0.8001
vn -0.0000 0.4186 -0.9082
vn -0.0000 0.4171 -0.9089
vn 0.0001 -0.0236 -0.9997
vn 0.0001 -0.0223 -0.9998
vn -0.0000 -0.4629 -0.8864
vn -0.0000 -0.4639 -0.8859
vn 0.0001 -0.8057 -0.5923
vn -0.0000 -0.8071 -0.5904
vn -0.0000 -0.9224 -0.3863
vn 0.0001 -0.9228 -0.3852
vn -0.0000 -0.9196 -0.3929
vn -0.0000 0.6066 -0.7950
vn -0.0000 0.4025 -0.9154
vn -0.0000 -0.8185 -0.5745
vn -0.0000 -0.0394 -0.9992
vn -0.0000 -0.4817 -0.8764
vn 0.0001 0.2588 0.9659
vn -0.0000 0.2592 0.9658
vn 0.8675 0.1263 0.4811
vn 0.8675 -0.1262 -0.4811
vn 0.0001 -0.2588 -0.9659
vn 0.0001 -0.2589 -0.9659
vn 0.0001 -0.9658 0.2591
vn -0.9788 0.1973 -0.0551
vn -0.9788 0.1973 -0.0552
vn -0.8497 0.3226 0.4170
vn -0.4892 0.4182 0.7654
vn -0.0000 0.4472 0.8944
vn -0.0000 0.4473 0.8944
vn 0.0004 0.9659 -0.2587
vn 0.0001 0.9658 -0.2592
vn -0.0004 0.9659 -0.2587
vn -0.0000 0.2588 0.9659
vn -0.0000 0.2591 0.9659
vn 0.4983 0.2215 0.8383
vn 0.8676 0.1262 0.4811
vn 0.8675 0.1262 0.4811
vn 0.5041 -0.2206 -0.8350
vn -0.0000 -0.8709 -0.4915
vn 0.0001 -0.2924 -0.9563
vn 0.0395 -0.2367 -0.9708
vn 0.1025 -0.2836 -0.9534
vn 0.1266 -0.2610 -0.9570
vn -0.0000 -0.3305 -0.9438
vn 0.1104 -0.3705 -0.9222
vn 0.0471 -0.3925 -0.9186
vn 0.0393 -0.2828 -0.9584
vn 0.1023 -0.2283 -0.9682
vn 0.1258 -0.2517 -0.9596
vn -0.0000 -0.2444 -0.9697
vn -0.6706 -0.5838 -0.4576
vn -0.7582 -0.1896 -0.6239
vn -0.6707 -0.5838 -0.4576
vn -0.7582 -0.1895 -0.6239
vn -0.7637 -0.1732 -0.6219
vn -0.7626 -0.1808 -0.6211
vn -0.8207 -0.3078 -0.4814
vn -0.8218 -0.3161 -0.4741
vn -0.9148 -0.3154 -0.2524
vn -0.9218 -0.3073 -0.2364
vn -0.9678 -0.1967 -0.1573
vn -0.9723 -0.1803 -0.1490
vn -0.9864 -0.0947 -0.1342
vn -0.9864 -0.0947 -0.1341
vn -0.9873 -0.0711 -0.1422
vn -0.9871 -0.0553 -0.1500
vn -0.9871 -0.0553 -0.1501
vn -0.9867 -0.0394 -0.1579
vn -0.9867 -0.0395 -0.1579
vn -0.9872 -0.0237 -0.1580
vn -0.9872 -0.0237 -0.1579
vn -0.9874 -0.0079 -0.1580
vn -0.9861 0.0158 -0.1656
vn -0.9861 0.0158 -0.1657
vn -0.9724 0.0784 -0.2196
vn -0.9690 0.0945 -0.2284
vn -0.9202 0.1494 -0.3618
vn -0.9163 0.1501 -0.3714
vn -0.8183 0.0236 -0.5744
vn -0.8218 0.0316 -0.5689
vn -0.7628 -0.1494 -0.6291
vn -0.7619 -0.1571 -0.6284
vn -0.7595 -0.1503 -0.6329
vn -0.6716 0.2765 -0.6874
vn -0.1334 0.1883 0.9730
vn -0.1336 0.2514 0.9586
vn -0.1329 0.2588 0.9567
vn -0.1346 0.8525 0.5051
vn -0.1337 0.8491 0.5110
vn -0.1335 0.8718 0.4713
vn -0.1344 0.8699 0.4745
vn -0.1336 0.7390 0.6603
vn -0.1336 0.7389 0.6604
vn -0.1335 0.5497 0.8246
vn -0.1344 0.5533 0.8221
vn -0.1338 0.3856 0.9129
vn -0.1333 0.2588 0.9567
vn -0.1337 0.1258 0.9830
vn -0.1335 -0.0628 0.9891
vn -0.1334 -0.0706 0.9885
vn -0.1336 -0.3064 0.9425
vn -0.1342 -0.3157 0.9393
vn -0.1339 -0.5203 0.8434
vn -0.1336 -0.5110 0.8491
vn -0.1349 -0.4806 0.8665
vn -0.1334 -0.4866 0.8634
vn -0.1326 0.2606 0.9563
vn -0.1339 0.3228 0.9369
vn -0.5412 0.2588 0.8001
vn -0.3701 0.3149 0.8740
vn -0.5413 0.2588 0.8000
vn -0.3632 0.3159 0.8765
vn -0.3299 0.3220 0.8874
vn -0.0314 0.9816 -0.1885
vn -0.0079 0.9848 -0.1733
vn -0.2200 0.9504 -0.2199
vn -0.4337 0.8673 -0.2444
vn -0.4336 0.8673 -0.2444
vn -0.3704 0.1655 0.9140
vn -0.5445 0.1736 0.8206
vn -0.5444 0.1736 0.8206
vn -0.3635 0.1660 0.9167
vn -0.3307 0.1654 0.9291
vn 0.0314 -0.8015 0.5972
vn -0.0000 -0.7953 0.6063
vn -0.0000 -0.7952 0.6063
vn 0.4239 -0.7536 0.5024
vn 0.9108 -0.3848 0.1492
vn 0.9992 -0.0393 -0.0079
vn 0.9871 -0.1501 0.0553
vn 0.9999 0.0079 0.0079
vn 1.0000 -0.0000 0.0078
vn 1.0000 -0.0000 0.0077
vn 1.0000 -0.0000 0.0076
vn 1.0000 0.0001 0.0078
vn 1.0000 -0.0001 0.0079
vn 1.0000 -0.0002 0.0078
vn 0.9992 0.0315 -0.0236
vn 0.9884 0.1502 -0.0237
vn 0.9107 0.4082 -0.0628
vn 0.4242 0.9034 0.0629
vn 0.0315 0.9925 0.1181
vn -0.0000 0.9920 0.1259
vn 0.9799 0.1106 -0.1659
vn 0.9925 0.1182 -0.0316
vn 0.2046 0.4720 -0.8575
vn 0.1182 0.5831 -0.8037
vn 0.1334 0.9574 -0.2561
vn -0.0001 0.5887 -0.8083
vn -0.0000 0.4877 -0.8730
vn 0.1333 -0.9567 0.2588
vn 0.9915 -0.1254 0.0332
vn 0.2041 -0.8401 -0.5025
vn 0.9788 -0.1815 -0.0947
vn -1.0000 -0.0000 0.0001
vn -0.0553 0.6003 -0.7979
vn -0.0551 0.5356 -0.8427
vn -0.0553 0.6003 -0.7978
vn -0.0567 0.5355 -0.8427
vn -0.0552 -0.1024 -0.9932
vn -0.0552 -0.1025 -0.9932
vn -0.0552 -0.4019 -0.9140
vn -0.0550 -0.9038 -0.4244
vn -0.0574 -0.9037 -0.4243
vn -0.0551 -0.9210 -0.3858
vn -0.0551 -0.9210 -0.3857
vn 0.0001 -0.4816 -0.8764
vn -0.0000 -0.0393 -0.9992
vn 0.0001 0.4025 -0.9154
vn -0.0000 0.6063 -0.7953
vn -0.1887 0.9749 0.1179
vn -0.1807 0.9820 0.0550
vn -0.2048 0.5357 0.8192
vn -0.2048 -0.0631 0.9768
vn -0.2048 -0.0630 0.9768
vn -0.1895 -0.8370 0.5134
vn -0.1811 -0.8582 0.4803
vn -0.1895 -0.8370 0.5133
vn -0.0553 0.5683 -0.8210
vn -0.0546 0.6056 -0.7939
vn -0.0550 0.6053 -0.7941
vn -0.0574 0.5683 -0.8208
vn -0.0550 -0.4084 -0.9111
vn -0.0550 -0.4085 -0.9111
vn -0.0552 -0.8834 -0.4653
vn -0.0567 -0.8833 -0.4653
vn -0.0548 -0.9182 -0.3924
vn -0.0547 -0.9182 -0.3924
vn -0.0000 0.2592 -0.9658
vn -0.0000 -0.7029 -0.7113
vn -0.0000 0.2685 -0.9633
vn -0.0000 -0.7071 -0.7071
vn -0.0000 -0.9678 0.2519
vn -0.0000 -0.9678 0.2517
vn -0.0000 -0.2684 0.9633
vn -0.0000 0.6993 0.7148
vn -0.0000 0.7029 0.7113
vn -0.0000 0.9678 -0.2518
vn 0.9998 0.0158 0.0078
vn 0.9998 0.0157 0.0079
vn 0.9998 0.0158 0.0079
vn -0.8675 0.1262 0.4811
vn -0.8675 -0.1263 -0.4812
vn -0.8675 -0.1263 -0.4811
vn -0.4955 -0.0786 -0.8651
vn -0.0000 -0.1181 -0.9930
vn -0.4954 -0.0788 -0.8651
vn -0.8588 0.0079 -0.5122
vn -0.8589 0.0079 -0.5121
vn -0.9892 0.1413 -0.0392
vn -0.9892 0.1413 -0.0393
vn -0.8571 0.2675 0.4403
vn -0.8570 0.2674 0.4404
vn -0.4967 0.3627 0.7885
vn -0.4967 0.3626 0.7885
vn -0.0000 0.3930 0.9196
vn -0.0000 0.3931 0.9195
vn 0.4955 -0.0786 -0.8651
vn 0.4954 -0.0787 -0.8651
vn 0.8588 0.0079 -0.5122
vn 0.8589 0.0079 -0.5121
vn 0.9892 0.1413 -0.0392
vn 0.8569 0.2679 0.4404
vn 0.8568 0.2680 0.4405
vn 0.4967 0.3627 0.7885
vn -0.8477 0.0705 -0.5258
vn -0.8477 0.0706 -0.5258
vn -0.4875 -0.0236 -0.8728
vn -0.0000 -0.0550 -0.9985
vn 0.4875 -0.0236 -0.8728
vn 0.8477 0.0706 -0.5258
vn 0.9788 0.1974 -0.0553
vn 0.9788 0.1973 -0.0553
vn 0.8497 0.3226 0.4170
vn 0.4892 0.4182 0.7654
vn 0.4892 0.4181 0.7654
vn -0.0315 0.9925 0.1181
vn -0.4083 0.9107 0.0628
vn -0.9068 0.4179 -0.0552
vn -0.9992 0.0315 -0.0236
vn -0.9276 0.3695 -0.0550
vn -0.9999 0.0079 0.0079
vn -1.0000 -0.0000 0.0079
vn -1.0000 0.0001 0.0079
vn -1.0000 -0.0000 0.0078
vn -1.0000 -0.0001 0.0078
vn -1.0000 0.0001 0.0078
vn -1.0000 -0.0001 0.0079
vn -1.0000 -0.0000 0.0076
vn -1.0000 -0.0000 0.0077
vn -0.9992 -0.0394 -0.0079
vn -0.9286 -0.3462 0.1338
vn -0.9084 -0.3871 0.1580
vn -0.4093 -0.7555 0.5116
vn -0.0314 -0.8015 0.5972
vn -0.9809 -0.1740 -0.0870
vn -0.9925 -0.1182 0.0315
vn -0.1333 -0.9572 0.2569
vn -0.5041 -0.2206 -0.8350
vn -0.8675 -0.1262 -0.4811
vn -0.4982 0.2214 0.8383
vn -0.8431 0.1024 -0.5280
vn -0.9714 0.2290 -0.0632
vn -0.8430 0.1024 -0.5280
vn -0.4876 0.0079 -0.8730
vn -0.0000 -0.0236 -0.9997
vn -0.0000 -0.0237 -0.9997
vn -0.8414 0.3536 0.4086
vn -0.8415 0.3535 0.4086
vn -0.4855 0.4463 0.7517
vn -0.0000 0.4816 0.8764
vn -0.0000 0.4815 0.8764
vn 0.4876 0.0079 -0.8730
vn 0.8431 0.1024 -0.5279
vn 0.8431 0.1024 -0.5280
vn 0.9714 0.2290 -0.0631
vn 0.9714 0.2289 -0.0632
vn 0.8414 0.3536 0.4087
vn 0.4856 0.4461 0.7518
vn 0.4855 0.4464 0.7517
vn -0.1303 0.8317 0.5396
vn -0.1332 0.8306 0.5407
vn -0.1261 0.4964 0.8589
vn -0.1259 0.5116 0.8499
vn -0.3605 0.5721 0.7367
vn -0.5127 0.6704 0.5364
vn -0.4796 0.7076 0.5189
vn -0.0788 0.5906 0.8031
vn -0.0235 0.8245 0.5654
vn -0.0315 0.7704 0.6368
vn -0.0000 0.7151 0.6990
vn -0.0000 0.8121 0.5835
vn -0.0000 0.8404 0.5419
vn -0.0237 0.8437 0.5362
vn -0.4570 0.7485 0.4806
vn -0.0000 0.8764 0.4816
vn -0.0237 0.8761 0.4815
vn -0.4033 0.7826 0.4743
vn -0.0000 0.9125 0.4091
vn -0.0314 0.9191 0.3928
vn -0.0000 0.9563 0.2924
vn -0.4968 0.8280 0.2602
vn -0.0316 0.9400 0.3396
vn -0.0000 0.9787 -0.2052
vn -0.0316 0.9710 -0.2368
vn -0.4408 0.8975 -0.0157
vn -0.8303 0.2925 -0.4744
vn -0.4788 0.7929 -0.3768
vn -0.8525 0.5052 -0.1342
vn -0.0553 -0.1974 -0.9788
vn -0.8526 0.5051 -0.1342
vn -0.9466 0.2998 -0.1183
vn -0.9479 0.2923 -0.1264
vn -0.9586 0.2514 -0.1336
vn -0.0316 -0.2051 -0.9782
vn -0.0942 -0.2433 -0.9654
vn -0.0947 -0.2526 -0.9629
vn -0.1105 -0.2763 -0.9547
vn -0.1101 -0.2595 -0.9594
vn -0.1107 -0.2688 -0.9568
vn -0.1099 -0.2689 -0.9569
vn -0.1103 -0.4571 -0.8826
vn -0.1102 -0.6064 -0.7875
vn -0.1106 -0.6323 -0.7668
vn -0.1105 -0.6323 -0.7668
vn -0.1100 -0.5659 -0.8171
vn -0.1100 -0.5658 -0.8172
vn -0.1103 -0.4570 -0.8826
vn -0.1103 -0.4571 -0.8825
vn -0.1099 -0.3608 -0.9261
vn -0.1099 -0.3609 -0.9261
vn -0.1101 -0.2594 -0.9595
vn -0.1101 -0.2595 -0.9595
vn -0.1101 -0.1495 -0.9826
vn -0.1100 -0.1495 -0.9826
vn -0.1103 -0.0394 -0.9931
vn -0.1101 0.0787 -0.9908
vn -0.1100 0.0863 -0.9902
vn -0.1098 0.1645 -0.9802
vn -0.1098 0.1647 -0.9802
vn -0.1103 0.1340 -0.9848
vn -0.1100 0.1339 -0.9849
vn -0.1103 -0.0473 -0.9928
vn -0.1103 -0.0471 -0.9928
vn -0.1105 -0.2448 -0.9633
vn -0.1100 -0.2448 -0.9633
vn -0.1103 -0.2522 -0.9614
vn -0.0943 -0.2672 -0.9590
vn -0.6222 -0.6301 -0.4647
vn -0.7185 -0.5369 -0.4422
vn -0.0236 -0.3067 -0.9515
vn -0.0001 -0.2588 -0.9659
vn -0.8525 -0.5052 0.1342
vn -0.9452 -0.3230 0.0473
vn -0.9479 -0.3160 0.0395
vn -0.9591 -0.2830 0.0079
vn -0.5345 -0.5817 0.6131
vn -0.0632 -0.9565 -0.2846
vn -0.5343 -0.8409 0.0865
vn -0.0947 -0.8283 0.5522
vn -0.0000 -0.6371 0.7707
vn -0.4892 -0.7654 0.4182
vn -0.1335 -0.5731 0.8085
vn -0.0000 -0.5886 0.8084
vn -0.0000 -0.5214 0.8533
vn -0.1573 -0.5034 0.8496
vn -0.4405 -0.4326 0.7866
vn -0.1660 -0.4505 0.8772
vn -0.4789 -0.3926 0.7852
vn -0.1653 -0.4093 0.8973
vn -0.0000 -0.4251 0.9051
vn -0.4946 -0.3376 0.8008
vn -0.0000 -0.2902 0.9570
vn -0.0315 -0.3467 0.9375
vn -0.0000 -0.2686 0.9633
vn -0.4568 -0.2599 0.8507
vn -0.0786 -0.1101 0.9908
vn -0.5135 -0.3160 0.7978
vn -0.1023 0.1889 0.9766
vn -0.2757 -0.0236 0.9610
vn -0.3630 -0.1263 0.9232
vn -0.1260 -0.0158 0.9919
vn -0.1260 -0.0079 0.9920
vn -0.1341 -0.4495 0.8832
vn -0.1339 0.2993 0.9447
vn -0.1412 0.4708 0.8709
vn -0.1338 0.2992 0.9448
vn -0.1415 0.6921 0.7078
vn -0.1416 0.6921 0.7078
vn -0.1418 0.5989 0.7882
vn -0.1419 0.5047 0.8516
vn -0.1419 0.5046 0.8516
vn -0.1417 0.4173 0.8976
vn -0.1413 0.4237 0.8947
vn -0.1423 0.3318 0.9326
vn -0.1423 0.3318 0.9325
vn -0.1421 0.2604 0.9550
vn -0.1413 0.1805 0.9734
vn -0.1414 0.1804 0.9734
vn -0.1420 0.0868 0.9861
vn -0.1414 -0.0077 0.9899
vn -0.1414 -0.1257 0.9819
vn -0.1416 -0.2438 0.9594
vn -0.1413 -0.2512 0.9576
vn -0.1413 0.0314 0.9895
vn -0.1414 0.0314 0.9895
vn -0.1337 0.2125 0.9680
vn -0.1338 0.2124 0.9680
vn -0.0001 0.9612 -0.2758
vn -0.0000 0.9612 -0.2758
vn -0.0000 0.5029 -0.8643
vn -0.0000 0.5029 -0.8644
vn 0.0001 -0.3138 -0.9495
vn -0.0000 -0.3139 -0.9495
vn -0.0000 -0.4185 -0.9082
vn -0.0000 -0.4186 -0.9082
vn -0.0000 -0.7885 -0.6150
vn -0.0000 -0.7884 -0.6151
vn -0.0000 -0.3468 -0.9379
vn -0.0000 -0.6456 -0.7637
vn -0.0000 -0.6540 -0.7565
vn -0.0000 0.1810 -0.9835
vn -0.0000 0.1733 -0.9849
vn -0.0000 0.1732 -0.9849
vn -0.0000 -0.1734 -0.9849
vn -0.0000 -0.1733 -0.9849
vn -0.0000 -0.1656 -0.9862
vn -0.0000 0.3767 -0.9263
vn -0.0000 0.3769 -0.9263
vn -0.0000 0.3768 -0.9263
vn -0.0000 -0.0948 -0.9955
vn -0.0000 -0.2053 -0.9787
vn -0.0001 -0.2052 -0.9787
vn -0.0000 -0.8678 -0.4970
vn -0.0000 -0.8678 -0.4969
vn -0.0000 -0.9715 0.2370
vn -0.0000 0.2593 0.9658
vn 0.0001 -0.9715 0.2370
vn -0.0001 -0.2053 -0.9787
vn -0.0000 -0.7885 -0.6151
vn -0.0000 -0.3138 -0.9495
vn 0.0001 -0.3139 -0.9495
vn -0.0000 0.5028 -0.8644
vn -0.0000 0.2594 0.9658
vn -0.1812 -0.8195 0.5437
vn -0.1886 -0.7857 0.5892
vn -0.2049 -0.0552 0.9772
vn -0.2053 0.5447 0.8131
vn -0.2053 0.5448 0.8131
vn -0.1885 0.9818 0.0237
vn -0.1809 0.9834 -0.0157
vn -0.1885 0.9818 0.0236
vn 0.0079 -0.8731 -0.4875
vn 0.0789 -0.9623 0.2603
vn 0.2133 -0.8453 -0.4899
vn 0.2121 -0.5814 -0.7855
vn 0.3688 -0.7769 -0.5103
vn 0.2923 -0.9244 0.2449
vn 0.2923 -0.9244 0.2450
vn 0.5124 -0.8278 0.2285
vn -0.0000 -0.6371 0.7708
vn 0.4896 -0.6870 -0.5369
vn -0.0000 -0.5924 0.8057
vn 0.5826 -0.5826 -0.5667
vn 0.0001 -0.5215 0.8533
vn 0.5725 -0.4548 0.6822
vn 0.6474 -0.4264 0.6317
vn 0.4878 -0.4092 0.7711
vn 0.5269 -0.4326 0.7315
vn 0.4420 -0.3789 0.8130
vn 0.5124 -0.8277 0.2286
vn 0.1418 -0.4332 0.8901
vn 0.0787 -0.4801 0.8737
vn 0.0393 -0.5268 0.8491
vn 0.6720 -0.7115 0.2055
vn 0.6719 -0.7116 0.2054
vn 0.7744 -0.6084 0.1737
vn 0.7744 -0.6084 0.1738
vn 0.0079 -0.5419 0.8404
vn 0.8390 -0.5254 0.1412
vn 0.0001 -0.5655 0.8248
vn 0.8391 -0.5254 0.1412
vn 0.6559 -0.3872 -0.6480
vn 0.8897 -0.4409 0.1182
vn 0.5507 0.1652 -0.8182
vn 0.8898 -0.4409 0.1181
vn 0.7068 0.0314 -0.7067
vn 0.7341 -0.2288 -0.6393
vn 0.9302 -0.3547 0.0945
vn 0.8273 -0.1418 -0.5435
vn 0.6798 -0.3715 -0.6324
vn 0.8273 -0.1418 -0.5436
vn 0.8402 -0.0942 -0.5341
vn 0.1812 -0.2441 -0.9527
vn -0.0000 -0.0470 -0.9989
vn 0.8402 -0.0942 -0.5340
vn 0.1883 -0.0471 -0.9810
vn -0.0000 0.1337 -0.9910
vn 0.8862 0.0235 -0.4627
vn 0.1883 0.1334 -0.9730
vn 0.8862 0.0235 -0.4628
vn 0.9575 0.1098 -0.2669
vn 0.1966 0.1650 -0.9665
vn -0.0000 0.0862 -0.9963
vn 0.9965 0.0549 -0.0628
vn 0.1971 0.0788 -0.9772
vn 0.1975 -0.0395 -0.9795
vn 0.9575 0.1099 -0.2668
vn 0.1969 -0.1497 -0.9689
vn -0.0000 -0.1491 -0.9888
vn 0.1973 -0.2526 -0.9472
vn 0.1970 -0.3546 -0.9140
vn -0.0000 -0.3632 -0.9317
vn -0.0000 -0.4631 -0.8863
vn 0.1971 -0.4573 -0.8672
vn -0.0000 -0.5692 -0.8222
vn 0.1973 -0.5601 -0.8046
vn 0.1971 -0.6230 -0.7570
vn -0.0000 -0.6371 -0.7708
vn 0.9966 -0.0785 -0.0236
vn 0.1891 -0.6067 -0.7721
vn -0.0000 -0.6150 -0.7885
vn -0.0000 -0.4567 -0.8896
vn 0.9569 -0.2275 -0.1805
vn 0.1889 -0.4486 -0.8735
vn 0.0002 -0.2758 -0.9612
vn 0.9569 -0.2275 -0.1804
vn 0.9966 -0.0785 -0.0235
vn 0.1813 -0.2681 -0.9462
vn 0.8405 -0.1807 -0.5107
vn 0.8880 -0.2515 -0.3851
vn 0.8880 -0.2515 -0.3850
vn 0.8273 -0.1419 -0.5436
vn 0.8406 -0.1807 -0.5107
vn 0.0001 -0.5565 -0.8309
vn 0.5527 -0.5527 -0.6238
vn 0.7109 -0.3791 -0.5924
vn 0.6541 0.0080 -0.7564
vn 0.7330 -0.1182 -0.6699
vn 0.9116 0.3692 -0.1808
vn 0.5838 0.2210 -0.7812
vn 0.8470 0.4941 -0.1960
vn 0.4899 0.3320 -0.8061
vn 0.7789 0.5901 -0.2125
vn 0.2131 0.1103 -0.9708
vn 0.3686 0.4158 -0.8314
vn 0.6820 0.6898 -0.2430
vn 0.2119 0.4864 -0.8476
vn 0.5118 0.8110 -0.2835
vn 0.2842 0.9080 -0.3080
vn 0.0157 0.9493 -0.3139
vn 0.2847 0.9412 -0.1818
vn 0.0236 0.9768 -0.2127
vn 0.5120 0.8429 -0.1654
vn 0.0315 0.9608 0.2756
vn 0.4895 0.7421 0.4579
vn 0.0471 0.9115 0.4086
vn 0.5721 0.7367 0.3605
vn 0.6470 0.6866 0.3315
vn 0.0474 0.8754 0.4811
vn 0.7015 0.6226 0.3468
vn 0.0471 0.8395 0.5414
vn 0.7075 0.5975 0.3774
vn 0.7014 0.6227 0.3468
vn 0.0472 0.8112 0.5828
vn 0.6941 0.5916 0.4102
vn 0.0237 0.7263 0.6869
vn 0.0158 0.7031 0.7109
vn 0.1106 0.5925 0.7980
vn 0.0315 0.5598 0.8280
vn -0.0000 0.5510 0.8345
vn 0.6909 0.5966 0.4083
vn 0.0237 0.5689 0.8220
vn -0.0000 0.2684 0.9633
vn 0.6919 0.6055 0.3932
vn 0.6908 0.5967 0.4082
vn -0.0000 0.7952 0.6064
vn -0.0000 0.8247 0.5655
vn -0.0000 0.8462 0.5328
vn 0.0079 0.2684 0.9633
vn -0.0000 0.4876 0.8731
vn 0.0001 0.7952 0.6063
vn -0.0000 0.8084 0.5887
vn -0.0000 0.8247 0.5656
vn 0.5104 0.2436 0.8247
vn 0.9969 0.0471 0.0629
vn 0.3305 0.4564 0.8261
vn 0.2122 0.4558 0.8644
vn 0.2592 0.2435 0.9346
vn -0.0000 0.2518 0.9678
vn -0.0000 0.8589 0.5122
vn 0.2595 0.8336 0.4876
vn 0.2195 0.8547 0.4704
vn -0.0000 0.8780 0.4787
vn 0.2204 0.7242 0.6534
vn -0.0000 0.7418 0.6706
vn 0.2203 0.5429 0.8104
vn -0.0000 0.5566 0.8308
vn 0.2208 0.3785 0.8989
vn -0.0000 0.3866 0.9223
vn 0.2199 0.2514 0.9426
vn -0.0000 0.1260 0.9920
vn 0.2202 0.1258 0.9673
vn 0.2198 -0.0628 0.9735
vn -0.0000 -0.3069 0.9517
vn 0.2203 -0.2990 0.9285
vn 0.2207 -0.5041 0.8350
vn -0.0000 -0.4877 0.8730
vn 0.2588 -0.4784 0.8392
vn 0.2606 0.2527 0.9318
vn 0.0001 0.2591 0.9658
vn 0.2127 0.0394 0.9763
vn -0.0000 0.0393 0.9992
vn -0.0000 0.0079 1.0000
vn 0.3303 0.0157 0.9437
vn 0.0079 0.2444 0.9696
vn 0.0234 -0.0783 0.9967
vn 0.5117 0.2047 0.8344
vn -0.0000 -0.3863 0.9224
vn 0.6907 -0.3296 0.6437
vn 0.9969 -0.0078 0.0785
vn 0.6906 -0.3140 0.6515
vn 0.6923 -0.3069 0.6530
vn 0.6924 -0.3069 0.6530
vn 0.0157 -0.2518 0.9677
vn 0.0236 -0.2829 0.9589
vn -0.0000 -0.4250 0.9052
vn 0.7075 -0.3223 0.6289
vn 0.7010 -0.3623 0.6143
vn 0.7009 -0.3623 0.6143
vn -0.0000 -0.4970 0.8678
vn -0.0000 -0.5364 0.8440
vn 0.0001 -0.4970 0.8678
vn 0.6397 0.0632 0.7660
vn 0.9925 -0.1182 0.0315
vn 0.9954 -0.0869 0.0395
vn 0.1334 0.2826 0.9499
vn 0.6760 0.1416 0.7232
vn 0.9989 -0.0236 0.0394
vn 0.0707 0.2751 0.9588
vn 0.9301 -0.3548 0.0947
vn 0.0708 0.2752 0.9588
vn 0.0078 0.2591 0.9658
vn 0.6952 0.1501 0.7030
vn 0.9629 -0.2605 0.0710
vn 0.6960 0.0949 0.7118
vn 0.9634 -0.2587 0.0706
vn 0.9772 -0.2049 0.0552
vn 0.6845 -0.3541 -0.6373
vn 0.2451 -0.5138 0.8221
vn 0.5907 -0.3386 0.7324
vn 0.9992 -0.0079 0.0394
vn 0.7393 -0.6245 0.2517
vn 0.9992 -0.0079 0.0393
vn 0.9887 -0.0157 0.1491
vn 0.8580 0.1338 0.4959
vn 0.8690 0.2054 0.4502
vn 0.8637 0.3062 0.4004
vn 0.8678 0.2683 0.4182
vn 0.8672 0.1971 0.4574
vn 0.8657 0.1417 0.4801
vn 0.0001 0.2591 0.9659
vn 0.1338 -0.6848 0.7164
vn 0.2286 -0.8278 -0.5124
vn 0.2366 -0.6548 -0.7178
vn 0.0001 -0.1734 -0.9849
vn -0.0000 0.0628 -0.9980
vn 0.0001 0.3068 -0.9518
vn -0.0000 0.2996 -0.9541
vn -0.0000 0.2996 -0.9540
vn 0.0001 0.1182 -0.9930
vn -0.0000 0.1182 -0.9930
vn 0.0001 -0.0393 -0.9992
vn -0.0000 -0.7378 -0.6750
vn -0.0000 -0.7417 -0.6707
vn 0.0001 -0.5566 -0.8308
vn 0.0001 -0.3398 -0.9405
vn 0.1651 0.0865 0.9825
vn 0.1656 0.1813 0.9694
vn 0.1104 0.1812 0.9772
vn 0.1731 0.2518 0.9522
vn 0.1101 0.2595 0.9594
vn 0.1655 0.3307 0.9291
vn 0.1734 0.4962 0.8507
vn 0.1101 0.5033 0.8571
vn 0.1657 0.5917 0.7889
vn 0.1101 0.5976 0.7942
vn 0.1808 0.6915 0.6994
vn 0.1021 0.6835 0.7228
vn 0.2987 0.4794 0.8252
vn 0.8660 -0.0629 0.4960
vn 0.8694 0.0633 0.4900
vn 0.8675 -0.0237 0.4969
vn 0.8668 0.0473 0.4964
vn 0.9969 0.0471 0.0628
vn 0.9883 0.0863 0.1255
vn 0.8650 0.1180 0.4876
vn 0.1418 0.2678 0.9530
vn 0.1496 0.3385 0.9290
vn 0.3061 0.2511 0.9183
vn 0.2822 0.3057 0.9093
vn -0.0000 -0.2592 -0.9658
vn 0.1338 0.9520 0.2753
vn 0.2279 0.4635 -0.8563
vn 0.2369 0.2133 -0.9478
vn 0.6831 -0.0157 -0.7302
vn 0.9548 0.2289 -0.1895
vn 0.6789 0.0079 -0.7342
vn 0.9563 0.2291 -0.1818
vn 0.9494 0.3061 0.0706
vn 0.9315 0.3237 -0.1658
vn 0.9505 0.2985 0.0865
vn -0.0000 0.2595 0.9658
vn 0.8892 0.4564 -0.0314
vn 0.9216 0.3861 0.0395
vn 0.2435 0.8562 0.4556
vn 0.5900 0.6607 0.4641
vn 0.7389 0.6682 -0.0864
vn 0.9992 0.0236 0.0316
vn 0.6965 0.2692 0.6651
vn 0.0079 0.2591 0.9658
vn 0.9992 0.0236 0.0314
vn 0.0708 0.2438 0.9672
vn 0.1344 0.2291 0.9641
vn 0.1343 0.2293 0.9641
vn 0.6936 0.2207 0.6857
vn 0.6790 0.2369 0.6948
vn 0.8121 0.5835 -0.0078
vn 0.6390 0.3313 0.6942
vn 0.9962 0.0870 -0.0079
vn 0.9989 0.0393 0.0236
vn 0.9925 0.1180 -0.0315
vn 0.0001 0.8643 0.5029
vn -0.0000 0.8847 0.4661
vn 0.6471 0.6866 0.3314
vn 0.5275 0.7400 0.4173
vn 0.4426 0.7350 0.5137
vn 0.1421 0.8212 0.5527
vn 0.6724 0.7278 -0.1345
vn 0.0788 0.8507 0.5198
vn 0.7502 0.6555 -0.0869
vn 0.0079 0.8896 0.4566
vn 0.0001 -0.3398 0.9405
vn -0.0000 -0.2052 0.9787
vn -0.0000 -0.3399 0.9405
vn -0.0000 -0.1717 0.9852
vn -0.0000 0.1732 0.9849
vn -0.0000 0.1708 0.9853
vn -0.0000 0.4807 0.8769
vn -0.0000 0.7418 0.6707
vn -0.0000 0.7444 0.6678
vn -0.0000 0.9290 0.3700
vn -0.0000 0.9290 0.3701
vn -0.0000 0.9999 -0.0157
vn -0.0000 0.9995 0.0315
vn -0.0000 0.9899 -0.1415
vn -0.0000 0.9896 -0.1435
vn -0.0000 0.2128 -0.9771
vn -0.0000 0.1748 -0.9846
vn -0.0000 -0.1416 -0.9899
vn -0.0000 -0.1429 -0.9897
vn 0.0001 -0.4661 -0.8847
vn -0.0000 -0.4661 -0.8847
vn -0.0000 -0.7266 -0.6871
vn -0.0000 -0.7267 -0.6870
vn -0.0000 -0.9290 -0.3700
vn -0.0000 -0.9317 -0.3632
vn -0.0000 -0.9863 -0.1652
vn -0.0000 -0.7188 0.6952
vn -0.0000 -0.6668 0.7453
vn -0.0000 -0.6556 0.7551
vn -0.0000 -0.4409 0.8976
vn -0.0000 -0.4404 0.8978
vn -0.0000 -0.1102 0.9939
vn 0.0001 -0.1102 0.9939
vn -0.0000 0.2127 0.9771
vn -0.0000 0.2042 0.9789
vn -0.0000 0.4877 0.8730
vn -0.0000 0.4910 0.8712
vn -0.0000 0.7953 0.6063
vn -0.0000 0.7834 0.6216
vn -0.0000 0.9006 0.4346
vn 0.0001 0.9004 0.4350
vn 0.0001 0.9414 -0.3373
vn -0.0000 0.8764 -0.4816
vn -0.0000 0.9414 -0.3373
vn -0.0000 0.8659 -0.5002
vn -0.0000 0.6286 -0.7778
vn -0.0000 0.6299 -0.7767
vn -0.0000 0.3536 -0.9354
vn -0.0000 0.3503 -0.9366
vn -0.0000 0.0394 -0.9992
vn -0.0000 -0.7930 -0.6092
vn -0.0000 -0.7953 -0.6063
vn -0.0000 -0.6789 -0.7342
vn -0.0000 -0.3137 -0.9495
vn 0.0078 0.2277 -0.9737
vn -0.0000 -0.6994 -0.7147
vn -0.0000 0.2758 -0.9612
vn 0.0631 -0.7174 -0.6938
vn 0.0314 0.1809 -0.9830
vn 0.0630 -0.9696 0.2365
vn 0.3542 -0.6613 -0.6612
vn 0.0079 -0.2996 0.9540
vn -0.0000 -0.2591 0.9659
vn 0.0394 -0.3465 0.9372
vn 0.3547 -0.9066 0.2286
vn 0.0708 -0.3225 0.9439
vn 0.6362 -0.4791 -0.6047
vn 0.0634 0.1975 -0.9783
vn 0.6390 -0.7179 0.2761
vn 0.0944 -0.2911 0.9520
vn 0.8205 -0.1972 -0.5365
vn 0.8253 -0.4402 0.3538
vn 0.0395 -0.2609 0.9646
vn 0.0789 0.2288 -0.9703
vn 0.8763 -0.1500 0.4579
vn 0.0079 -0.2369 0.9715
vn 0.8718 0.1021 -0.4791
vn 0.0314 0.2517 -0.9673
vn 0.8619 -0.0949 0.4981
vn 0.8690 0.1422 -0.4739
vn -0.0079 0.2369 -0.9715
vn -0.0001 0.0003 1.0000
vn 0.8974 0.0157 -0.4409
vn -0.0079 0.0001 -1.0000
vn -0.0000 -0.2203 -0.9754
vn 0.8308 0.0078 0.5565
vn 0.8516 0.1104 0.5125
vn -0.0000 0.2128 0.9771
vn 0.8783 -0.1029 -0.4669
vn -0.0000 0.2203 0.9754
vn -0.0000 0.2207 0.9753
vn -0.0000 0.2996 0.9541
vn -0.0000 0.2966 0.9550
vn -0.0000 0.9659 -0.2589
vn -0.0001 0.9659 -0.2588
vn 0.0001 0.9659 -0.2588
vn -0.9993 0.0288 0.0251
vn -0.9995 0.0267 0.0166
vn -0.9992 0.0321 0.0233
vn -0.9994 0.0236 0.0236
vn -0.9998 0.0157 0.0157
vn -0.9998 0.0159 0.0157
vn -0.9998 0.0158 0.0158
vn -0.9998 0.0157 0.0158
vn -0.9996 0.0157 0.0236
vn -0.9997 0.0079 0.0236
vn -0.9997 0.0080 0.0236
vn -0.9997 0.0080 0.0235
vn -0.9997 0.0082 0.0231
vn -0.9997 0.0078 0.0236
vn -0.9997 -0.0000 0.0236
vn -0.9997 0.0001 0.0237
vn -0.9997 -0.0080 0.0236
vn -0.9997 -0.0078 0.0236
vn -0.9997 -0.0079 0.0236
vn -0.9995 -0.0079 0.0315
vn -0.9994 -0.0158 0.0315
vn -0.9994 -0.0157 0.0315
vn -0.4997 0.2242 0.8367
vn -0.8516 0.1104 0.5125
vn -0.8794 -0.1099 -0.4632
vn -0.8308 -0.0078 0.5565
vn -0.9005 -0.0158 -0.4345
vn -0.8571 -0.1415 0.4954
vn -0.8758 0.0947 -0.4734
vn -0.8508 -0.1182 0.5121
vn -0.8594 0.1498 -0.4888
vn -0.7795 0.1575 0.6063
vn -0.7866 0.4405 -0.4326
vn -0.6043 0.7063 -0.3688
vn -0.5992 0.4257 0.6780
vn -0.3307 0.8897 -0.3149
vn -0.3304 0.6058 0.7238
vn -0.0552 0.6860 0.7255
vn -0.0000 0.7070 0.7072
vn -0.0552 0.9618 -0.2682
vn -0.0000 -0.7990 0.6013
vn -0.0000 -0.8344 0.5511
vn -0.0000 -0.8345 0.5511
vn -0.0000 -0.7119 0.7022
vn -0.0000 -0.0629 0.9980
vn -0.0000 -0.1661 0.9861
vn -0.0000 0.5602 0.8284
vn -0.0000 0.6597 0.7515
vn 0.0001 0.9995 0.0316
vn -0.0000 0.9821 0.1886
vn -0.0000 0.9998 -0.0174
vn -0.0000 0.9985 0.0550
vn 0.0001 0.9930 0.1182
vn -0.0000 0.9983 0.0583
vn -0.0000 0.9678 0.2518
vn -0.0000 0.6371 0.7708
vn -0.0000 -0.0707 0.9975
vn -0.0000 -0.1961 0.9806
vn -0.0000 -0.8497 0.5272
vn -0.0000 -0.8730 0.4876
vn -0.0000 -0.8731 0.4876
vn -0.1333 0.9567 -0.2588
vn -0.1182 0.5831 -0.8037
vn -0.9925 0.1180 -0.0320
vn -0.2046 0.4720 -0.8575
vn -0.9799 0.1106 -0.1660
vn 0.1969 0.6143 -0.7641
vn 0.1969 0.6145 -0.7640
vn 0.9348 0.2042 -0.2908
vn 0.9346 0.2435 -0.2592
vn 0.8863 0.2902 -0.3608
vn 0.9223 0.2443 -0.2995
vn 0.9223 0.2444 -0.2995
vn 0.9355 0.3381 0.1022
vn 0.9249 0.3557 0.1344
vn 0.9359 -0.1730 -0.3069
vn 0.9221 -0.2128 -0.3231
vn 0.1972 -0.5365 -0.8205
vn 0.9236 -0.2053 -0.3237
vn 0.1973 -0.5366 -0.8205
vn 0.9354 -0.2122 -0.2830
vn 0.1023 -0.7073 -0.6994
vn 0.9361 -0.3461 0.0629
vn 0.9230 -0.3708 0.1025
vn 0.1974 -0.9472 0.2526
vn 0.1973 -0.9472 0.2526
vn 0.8866 -0.4472 0.1177
vn 0.9238 -0.3711 0.0948
vn 0.9364 -0.3305 0.1181
vn 0.9369 -0.0472 0.3464
vn 0.9223 -0.0158 0.3862
vn 0.1973 -0.0552 0.9788
vn 0.1973 -0.0553 0.9788
vn 0.8862 -0.0235 0.4627
vn 0.9221 -0.0236 0.3862
vn 0.9353 0.0078 0.3537
vn 0.9372 0.3150 0.1497
vn 0.8868 0.4317 0.1648
vn 0.1971 0.9140 0.3546
vn 0.1970 0.9140 0.3546
vn 0.1263 0.9705 0.2052
vn -0.0000 -0.8854 0.4648
vn -0.0000 -0.8848 0.4659
vn -0.0000 -0.8019 0.5975
vn -0.0000 -0.8764 0.4816
vn -0.0000 -0.8847 0.4661
vn 0.9875 0.0474 0.1501
vn -0.0000 -0.3929 0.9196
vn 0.9863 0.0473 0.1579
vn 0.9863 0.0473 0.1578
vn -0.0000 0.9997 0.0236
vn 0.9851 0.0472 0.1656
vn -0.0000 0.2757 0.9612
vn -0.0000 0.2758 0.9612
vn -0.0000 0.9992 0.0394
vn -0.0000 0.9874 0.1580
vn -0.0000 0.9997 0.0237
vn 0.0001 -0.7778 0.6285
vn -0.0000 -0.8533 0.5215
vn 0.0001 -0.8533 0.5215
vn -0.0000 -0.8439 0.5364
vn 0.9869 0.0316 0.1579
vn 0.0001 -0.4091 0.9125
vn -0.0000 -0.4091 0.9125
vn 0.9867 0.0394 0.1579
vn 0.9869 0.0317 0.1579
vn -0.0000 0.2444 0.9697
vn -0.0000 0.8056 0.5924
vn 0.9854 0.0394 0.1657
vn 0.9867 0.0396 0.1579
vn -0.0000 0.9992 -0.0393
vn 0.0001 0.7990 0.6013
vn -0.0000 0.9992 -0.0394
vn 0.0033 0.9985 0.0540
vn -0.0000 0.6285 -0.7778
vn -0.0000 0.9317 0.3633
vn -0.0000 0.9317 0.3632
vn -0.0000 0.5420 0.8404
vn -0.0000 0.0551 -0.9985
vn -0.0000 0.0550 -0.9985
vn -0.0000 -0.0550 0.9985
vn -0.0000 -0.5419 -0.8404
vn -0.0000 -0.6285 0.7778
vn 0.0033 -0.9987 -0.0507
vn -0.0000 -0.9353 -0.3537
vn -0.0000 -0.9354 -0.3537
vn -0.0000 -0.5455 -0.8381
vn -0.0000 -0.0472 0.9989
vn -0.0000 0.0472 -0.9989
vn -0.0000 0.5455 0.8381
vn -0.0000 0.0471 -0.9989
vn -0.0000 0.6284 -0.7779
vn -0.0000 0.9354 0.3537
vn 0.9868 0.0583 -0.1509
vn -0.0000 0.5000 -0.8660
vn 0.0001 0.8404 -0.5420
vn -0.0000 0.8404 -0.5419
vn -0.0000 0.3584 -0.9336
vn 0.8736 0.3069 -0.3777
vn 0.8744 0.4097 -0.2600
vn 0.8760 0.1736 -0.4499
vn 0.8759 0.4656 -0.1263
vn -0.0000 0.0523 -0.9986
vn 0.0001 0.9985 0.0550
vn 0.0001 0.9327 0.3605
vn -0.0000 0.9327 0.3606
vn -0.0000 -0.5447 -0.8386
vn -0.0000 -0.7776 -0.6287
vn 0.0001 0.7778 0.6285
vn -0.0000 0.7776 0.6287
vn 0.0001 -0.7772 -0.6293
vn -0.0000 -0.9327 -0.3605
vn 0.0001 0.5419 0.8404
vn 0.0001 -0.9336 -0.3583
vn -0.0000 -0.9985 -0.0550
vn 0.8736 -0.3777 -0.3069
vn 0.8744 -0.2600 -0.4096
vn 0.8760 -0.4500 -0.1736
vn 0.8760 -0.1263 -0.4656
vn -0.0000 -0.9986 -0.0524
vn 0.8761 0.0237 -0.4816
vn 0.8759 -0.1249 -0.4660
vn 0.8761 -0.4815 -0.0237
vn 0.8759 -0.4656 0.1263
vn -0.0000 -0.8404 0.5420
vn 0.8744 -0.4096 0.2600
vn -0.0000 -0.8387 0.5447
vn -0.0000 -0.6286 0.7777
vn 0.8735 -0.3069 0.3778
vn -0.0000 -0.6293 0.7772
vn -0.0000 -0.3605 0.9328
vn 0.0001 -0.3584 0.9336
vn 0.8761 -0.1736 0.4499
vn -0.0000 -0.0524 0.9986
vn -0.0000 0.2589 0.9659
vn 0.8761 -0.0237 0.4815
vn 0.0001 0.2589 0.9659
vn 0.8759 0.1263 0.4656
vn 0.8744 0.2600 0.4096
vn 0.8735 0.3778 0.3069
vn 0.8760 0.4499 0.1736
vn 0.8761 0.4816 0.0237
vn 0.0026 0.5396 0.8419
vn -0.0393 0.8809 0.4718
vn -0.0000 0.9052 0.4249
vn -0.0000 0.8848 0.4660
vn -0.0003 0.9659 -0.2588
vn -0.0000 -0.1808 -0.9835
vn -0.1101 -0.1416 -0.9838
vn -0.0471 -0.1180 -0.9919
vn -0.0000 -0.1810 -0.9835
vn -0.1658 0.4188 0.8928
vn -0.1102 0.3308 0.9372
vn -0.1103 0.4255 0.8982
vn -0.1100 0.0864 0.9902
vn -0.1733 -0.0079 0.9848
vn -0.1104 -0.0079 0.9939
vn -0.0000 -0.0628 0.9980
vn -0.1106 -0.1105 0.9877
vn -0.0313 -0.0627 0.9975
vn -0.0079 0.2591 0.9658
vn 0.4559 0.6525 0.6052
vn 0.1020 0.3217 0.9413
vn 0.2766 0.4980 0.8219
vn -0.0000 -0.9125 -0.4090
vn -0.0002 0.9659 -0.2589
vn 0.0002 -0.9660 0.2587
vn 0.0001 -0.9658 0.2593
vn 0.0002 -0.9659 0.2591
vn 0.0004 -0.9659 0.2589
vn 0.0003 -0.9659 0.2588
vn -0.0003 -0.9659 0.2588
vn -0.0001 0.9658 -0.2593
vn -0.0001 0.9658 -0.2592
vn -0.1023 0.9834 0.1495
vn -0.1259 0.7397 -0.6610
vn -0.1021 0.7776 -0.6204
vn -0.1025 -0.9936 0.0472
vn -0.1259 -0.6610 -0.7398
vn -0.1262 -0.9867 0.1025
vn -0.0011 0.7562 0.6543
vn -0.1340 0.4805 0.8667
vn -0.2290 0.7266 0.6478
vn -0.0631 0.7250 0.6858
vn -0.0000 -0.4661 0.8848
vn -0.0001 -0.4315 0.9021
vn -0.0000 -0.4026 0.9154
vn 0.0002 -0.9659 0.2588
vn -0.0000 0.9494 -0.3140
vn 0.0315 0.9711 -0.2365
vn 0.0157 -0.1882 -0.9820
vn 0.0001 0.9659 -0.2587
vn 0.4982 -0.2213 -0.8383
vn -0.4983 -0.2215 -0.8382
vn -0.4982 0.2213 0.8383
vn -0.0000 -0.9658 0.2594
vn 0.0003 -0.9659 0.2591
vn 0.0002 -0.9658 0.2592
vn -0.0004 -0.9659 0.2590
vn 0.0002 0.9660 -0.2587
vn -0.0002 0.9659 -0.2587
vn -0.0001 0.9660 -0.2587
vn -0.0000 0.9660 -0.2586
vn -0.0000 0.1412 0.9900
vn 0.1184 -0.9077 -0.4025
vn -0.0000 -0.9154 -0.4025
vn -0.1261 0.8589 0.4964
vn -0.1021 0.1649 0.9810
vn -0.1263 0.1027 0.9867
vn -0.1028 0.8313 0.5462
vn -0.1261 0.4964 -0.8589
vn -0.1027 -0.3475 -0.9321
vn -0.1022 0.4481 -0.8881
vn -0.1261 -0.4023 -0.9068
vn -0.1023 -0.2597 0.9603
vn -0.1261 -0.9068 0.4023
vn -0.1261 -0.2051 0.9706
vn -0.1025 -0.8833 0.4575
vn 0.0004 -0.6668 -0.7452
vn -0.0011 -0.5975 -0.8019
vn -0.0003 -0.4657 -0.8849
vn -0.0000 -0.5974 -0.8019
vn -0.0001 -0.4657 -0.8849
vn -0.0000 -0.4660 -0.8848
vn -0.0000 -0.3538 -0.9353
vn 0.0001 -0.3535 -0.9354
vn -0.5527 -0.5526 -0.6238
vn -0.0000 -0.2924 -0.9563
vn -0.1658 -0.1184 0.9790
vn -0.1104 -0.1262 0.9858
vn -0.1808 -0.2515 0.9508
vn -0.1023 -0.2283 0.9682
vn -0.0632 -0.2846 0.9566
vn -0.1806 -0.2515 0.9509
vn -0.2288 -0.3078 0.9235
vn -0.1336 0.0156 0.9909
vn -0.2996 -0.0000 0.9541
vn 0.6707 -0.5838 -0.4576
vn 0.7582 -0.1896 -0.6239
vn 0.7582 -0.1895 -0.6239
vn 0.7637 -0.1732 -0.6219
vn 0.7626 -0.1808 -0.6211
vn 0.8207 -0.3078 -0.4814
vn 0.8218 -0.3161 -0.4741
vn 0.9148 -0.3154 -0.2524
vn 0.9218 -0.3073 -0.2364
vn 0.9678 -0.1967 -0.1573
vn 0.9723 -0.1803 -0.1490
vn 0.9864 -0.0947 -0.1342
vn 0.9864 -0.0947 -0.1341
vn 0.9873 -0.0711 -0.1422
vn 0.9871 -0.0553 -0.1500
vn 0.9871 -0.0553 -0.1501
vn 0.9867 -0.0395 -0.1579
vn 0.9872 -0.0237 -0.1579
vn 0.9871 -0.0237 -0.1581
vn 0.9874 -0.0079 -0.1580
vn 0.9861 0.0158 -0.1656
vn 0.9861 0.0158 -0.1657
vn 0.9724 0.0784 -0.2196
vn 0.9690 0.0945 -0.2284
vn 0.9202 0.1494 -0.3618
vn 0.9163 0.1501 -0.3713
vn 0.8183 0.0236 -0.5743
vn 0.8218 0.0316 -0.5689
vn 0.7628 -0.1494 -0.6291
vn 0.7619 -0.1571 -0.6284
vn 0.7595 -0.1503 -0.6329
vn 0.6716 0.2765 -0.6874
vn 0.9839 0.1181 0.1338
vn 0.9818 0.0235 0.1884
vn 0.9840 0.1260 0.1259
vn 0.9829 0.1415 0.1180
vn 0.9838 0.1417 0.1102
vn 0.9837 0.1574 0.0866
vn 0.9943 0.0789 0.0710
vn 0.9951 0.0474 0.0869
vn 0.9970 0.0314 0.0706
vn 0.9936 0.0473 0.1025
vn 0.9871 0.0553 0.1501
vn 0.9902 0.0864 0.1100
vn 0.9886 0.0942 0.1177
vn 0.9878 0.0790 0.1343
vn 0.9878 0.0790 0.1344
vn 0.9850 0.0709 0.1576
vn 0.9831 0.0787 0.1652
vn 0.9808 0.1255 0.1491
vn 0.9916 0.0787 0.1023
vn 0.9937 0.0710 0.0868
vn 0.9949 0.0632 0.0790
vn 0.9961 0.0392 0.0784
vn 0.9970 0.0314 0.0707
vn 0.9964 0.0314 0.0785
vn 0.9966 0.0235 0.0785
vn 0.9968 0.0157 0.0785
vn 0.9962 0.0080 0.0863
vn 0.9969 0.0078 0.0785
vn 0.9946 -0.0158 0.1026
vn 0.9919 -0.0158 0.1260
vn 0.9936 -0.0237 0.1104
vn 0.9816 -0.0314 0.1885
vn 0.9846 0.0236 0.1733
vn 0.9834 0.0157 0.1810
vn 0.9874 -0.0079 0.1580
vn 0.9885 -0.0235 0.1491
vn 0.9907 -0.0236 0.1337
vn 0.9938 0.0158 0.1104
vn 0.9872 0.0237 0.1579
vn 0.9955 -0.0000 0.0948
vn 0.9942 -0.0316 0.1026
vn 0.9837 -0.0866 0.1574
vn 0.9829 -0.0629 0.1730
vn 0.9842 -0.0630 0.1654
vn 0.9838 -0.0472 0.1731
vn 0.9844 -0.0315 0.1733
vn 0.9824 0.0707 0.1729
vn 0.1579 -0.2525 -0.9546
vn 0.3471 0.3154 -0.8832
vn 0.1569 -0.2432 -0.9572
vn 0.1340 -0.2681 -0.9540
vn 0.1025 -0.2208 -0.9699
vn 0.0947 -0.2210 -0.9707
vn 0.0943 -0.2673 -0.9590
vn 0.0947 0.0631 -0.9935
vn 0.0946 0.0709 -0.9930
vn 0.1022 0.3380 -0.9356
vn 0.1022 0.2909 -0.9513
vn 0.1027 0.1185 -0.9876
vn 0.1026 -0.0394 -0.9939
vn 0.1026 -0.0395 -0.9939
vn 0.1022 -0.1572 -0.9823
vn 0.1024 -0.2597 -0.9602
vn 0.1024 -0.3545 -0.9294
vn 0.1024 -0.3544 -0.9295
vn 0.1021 -0.4636 -0.8801
vn 0.1022 -0.4636 -0.8801
vn 0.1023 -0.5981 -0.7948
vn 0.1028 -0.5930 -0.7986
vn 0.1027 -0.7267 -0.6793
vn 0.1027 -0.7267 -0.6792
vn 0.1023 -0.7635 -0.6376
vn 0.1024 -0.7564 -0.6461
vn 0.0949 -0.5613 -0.8222
vn 0.0946 -0.5522 -0.8283
vn 0.1022 -0.2909 -0.9513
vn 0.0944 -0.2911 -0.9520
vn 0.1339 -0.2440 -0.9605
vn 0.0949 -0.2452 -0.9648
vn 0.1572 -0.2672 -0.9507
vn 0.1575 -0.2599 -0.9527
vn 0.3462 -0.7162 -0.6060
vn 0.0314 0.9816 -0.1885
vn 0.0079 0.9848 -0.1733
vn 0.2201 0.9504 -0.2199
vn 0.4337 0.8673 -0.2444
vn 0.4336 0.8673 -0.2444
vn 0.0553 0.6003 -0.7979
vn 0.0553 0.6004 -0.7978
vn 0.0567 0.5355 -0.8427
vn 0.0551 0.5356 -0.8427
vn 0.0552 -0.1025 -0.9932
vn 0.0552 -0.1024 -0.9932
vn 0.0552 -0.4019 -0.9140
vn 0.0574 -0.9037 -0.4243
vn 0.0550 -0.9038 -0.4245
vn 0.0551 -0.9209 -0.3858
vn -0.0000 0.5974 -0.8019
vn -0.0000 -0.8057 -0.5923
vn -0.0000 0.4185 -0.9082
vn -0.0000 -0.4628 -0.8864
vn -0.8675 -0.1262 -0.4812
vn -0.8675 0.1263 0.4811
vn -0.0001 0.2588 0.9659
vn -0.0001 -0.9658 0.2592
vn 0.0002 -0.9659 0.2587
vn -0.0002 -0.9659 0.2589
vn 0.0009 0.6939 -0.7201
vn -0.0000 0.5026 -0.8645
vn -0.0079 0.5124 -0.8587
vn -0.0000 -0.1811 -0.9835
vn -0.0001 -0.2587 -0.9660
vn -0.0394 -0.2368 -0.9708
vn -0.1024 -0.2837 -0.9534
vn -0.1266 -0.2609 -0.9570
vn -0.1104 -0.3704 -0.9223
vn -0.0000 -0.3303 -0.9439
vn -0.0471 -0.3924 -0.9186
vn -0.0393 -0.2828 -0.9584
vn -0.1022 -0.2283 -0.9682
vn -0.1258 -0.2517 -0.9596
vn 0.1339 0.3228 0.9369
vn 0.1343 0.2607 0.9560
vn 0.1327 0.2588 0.9568
vn 0.1345 -0.4866 0.8632
vn 0.1339 -0.4806 0.8667
vn 0.1336 -0.5110 0.8491
vn 0.1339 -0.5203 0.8434
vn 0.1336 -0.3064 0.9425
vn 0.1342 -0.3157 0.9393
vn 0.1334 -0.0706 0.9885
vn 0.1335 -0.0628 0.9891
vn 0.1337 0.1258 0.9830
vn 0.1333 0.2588 0.9567
vn 0.1333 0.2587 0.9567
vn 0.1338 0.3856 0.9129
vn 0.1343 0.5533 0.8221
vn 0.1335 0.5498 0.8246
vn 0.1336 0.7390 0.6603
vn 0.1336 0.7390 0.6604
vn 0.1344 0.8699 0.4745
vn 0.1335 0.8718 0.4713
vn 0.1342 0.8525 0.5052
vn 0.1348 0.8490 0.5109
vn 0.1333 0.2589 0.9567
vn 0.1326 0.2515 0.9587
vn 0.1334 0.1883 0.9730
vn 0.1333 0.1883 0.9730
vn 0.5413 0.2588 0.8000
vn 0.3701 0.3149 0.8740
vn 0.5412 0.2589 0.8001
vn 0.3632 0.3159 0.8765
vn 0.3299 0.3220 0.8874
vn 0.3307 0.1654 0.9291
vn 0.3635 0.1660 0.9167
vn 0.3703 0.1655 0.9140
vn 0.5445 0.1736 0.8206
vn 0.0316 -0.9458 0.3232
vn 0.0315 -0.9433 0.3303
vn 0.0079 -0.9405 0.3398
vn 0.2197 -0.9338 0.2825
vn 0.4323 -0.8725 0.2279
vn -0.0000 -0.8057 -0.5924
vn -0.0000 -0.4627 -0.8865
vn -0.0000 -0.0235 -0.9997
vn -0.4242 0.9034 0.0629
vn -0.9107 0.4082 -0.0628
vn -0.9884 0.1502 -0.0237
vn -1.0000 -0.0002 0.0078
vn -0.9992 -0.0393 -0.0079
vn -0.9871 -0.1501 0.0553
vn -0.9109 -0.3848 0.1492
vn -0.4239 -0.7536 0.5024
vn -0.9788 -0.1815 -0.0947
vn -0.9915 -0.1260 0.0315
vn -0.1334 -0.9572 0.2569
vn -0.0000 -0.9125 -0.4091
vn -0.0000 0.6062 -0.7953
vn -0.0000 0.4026 -0.9154
vn -0.0000 -0.4816 -0.8764
vn -0.0000 -0.4815 -0.8764
vn 0.1807 0.9820 0.0550
vn 0.1887 0.9749 0.1179
vn 0.2048 0.5357 0.8192
vn 0.2048 -0.0630 0.9768
vn 0.1895 -0.8370 0.5133
vn 0.1895 -0.8370 0.5134
vn 0.1811 -0.8582 0.4803
vn 0.0549 0.6054 -0.7940
vn 0.0574 0.5682 -0.8209
vn 0.0551 0.6053 -0.7941
vn 0.0552 0.5683 -0.8210
vn 0.0550 -0.4084 -0.9111
vn 0.0550 -0.4085 -0.9111
vn 0.0567 -0.8833 -0.4654
vn 0.0552 -0.8834 -0.4653
vn 0.0550 -0.9182 -0.3924
vn 0.0548 -0.9182 -0.3924
vn -0.0000 0.6063 -0.7952
vn -0.0000 0.2591 -0.9658
vn -0.0000 -0.7070 -0.7072
vn -0.0000 -0.9678 0.2518
vn -0.0000 0.6993 0.7149
vn -0.0000 0.2686 -0.9633
vn -0.0000 0.2590 -0.9659
vn -0.9998 0.0158 0.0078
vn -0.9998 0.0158 0.0080
vn -0.9998 0.0157 0.0079
vn -0.9998 0.0157 0.0078
vn -0.0001 -0.2591 -0.9659
vn 0.8675 -0.1262 -0.4812
vn -0.0000 -0.1182 -0.9930
vn 0.4954 -0.0788 -0.8651
vn 0.9892 0.1413 -0.0393
vn 0.8570 0.2675 0.4404
vn 0.8571 0.2673 0.4404
vn -0.0000 0.3930 0.9195
vn -0.4954 -0.0787 -0.8651
vn -0.0001 -0.1182 -0.9930
vn -0.8589 0.0079 -0.5122
vn -0.8588 0.0080 -0.5123
vn -0.9892 0.1412 -0.0391
vn -0.8569 0.2679 0.4404
vn -0.8570 0.2675 0.4404
vn 0.0001 -0.0550 -0.9985
vn 0.0001 -0.0551 -0.9985
vn 0.9788 0.1973 -0.0552
vn 0.8497 0.3226 0.4171
vn 0.0001 0.4472 0.8944
vn -0.0001 -0.0550 -0.9985
vn -0.0001 -0.0551 -0.9985
vn -0.9788 0.1974 -0.0553
vn -0.9788 0.1973 -0.0553
vn -0.8497 0.3226 0.4171
vn -0.0001 0.4472 0.8944
vn 0.0315 -0.8015 0.5972
vn -0.0000 -0.7953 0.6062
vn 0.4093 -0.7555 0.5116
vn 0.9084 -0.3871 0.1580
vn 0.9992 -0.0394 -0.0079
vn 0.9286 -0.3462 0.1338
vn 1.0000 -0.0001 0.0078
vn 0.9276 0.3695 -0.0550
vn 0.9068 0.4179 -0.0552
vn 0.4083 0.9107 0.0628
vn 0.9925 0.1181 -0.0316
vn -0.0000 0.5887 -0.8084
vn -0.0000 0.4876 -0.8730
vn 0.1334 -0.9567 0.2588
vn 0.9925 -0.1182 0.0313
vn 0.9809 -0.1740 -0.0870
vn 0.2040 -0.8401 -0.5025
vn 0.0001 -0.2591 -0.9659
vn 0.0001 -0.2592 -0.9658
vn 0.4983 0.2215 0.8382
vn -0.0001 0.2591 0.9659
vn 0.4876 0.0080 -0.8730
vn 0.8430 0.1024 -0.5280
vn 0.9714 0.2290 -0.0633
vn 0.8417 0.3531 0.4085
vn 0.8414 0.3536 0.4086
vn 0.4856 0.4462 0.7517
vn 0.4855 0.4462 0.7518
vn 0.0001 0.4816 0.8764
vn -0.0000 0.4817 0.8764
vn -0.0001 -0.0236 -0.9997
vn -0.4876 0.0080 -0.8730
vn -0.8431 0.1024 -0.5279
vn -0.8413 0.3537 0.4088
vn -0.4856 0.4461 0.7518
vn 0.9574 -0.2837 -0.0540
vn 0.9452 -0.3230 0.0473
vn 0.9591 -0.2830 0.0079
vn 0.9479 -0.3160 0.0395
vn 0.8525 -0.5052 0.1342
vn 0.7185 -0.5369 -0.4422
vn 0.6222 -0.6301 -0.4647
vn 0.1103 -0.2522 -0.9614
vn 0.5345 -0.5817 0.6131
vn 0.0943 -0.2672 -0.9590
vn 0.1105 -0.2448 -0.9633
vn 0.1100 -0.2448 -0.9633
vn 0.1102 -0.0471 -0.9928
vn 0.1103 -0.0471 -0.9928
vn 0.1103 0.1339 -0.9848
vn 0.1103 0.1340 -0.9848
vn 0.1098 0.1647 -0.9802
vn 0.1098 0.1646 -0.9802
vn 0.1101 0.0787 -0.9908
vn 0.1100 0.0865 -0.9902
vn 0.1103 -0.0394 -0.9931
vn 0.1100 -0.1494 -0.9826
vn 0.1101 -0.1494 -0.9826
vn 0.1101 -0.2594 -0.9595
vn 0.1099 -0.3608 -0.9261
vn 0.1099 -0.3610 -0.9261
vn 0.1103 -0.4571 -0.8826
vn 0.1103 -0.4570 -0.8826
vn 0.1100 -0.5658 -0.8172
vn 0.1100 -0.5657 -0.8172
vn 0.1106 -0.6323 -0.7668
vn 0.1102 -0.6064 -0.7875
vn 0.1099 -0.6064 -0.7875
vn 0.1102 -0.4570 -0.8826
vn 0.1103 -0.4568 -0.8827
vn 0.1102 -0.2688 -0.9569
vn 0.1107 -0.2689 -0.9568
vn 0.1101 -0.2595 -0.9594
vn 0.0942 -0.2433 -0.9654
vn 0.0947 -0.2525 -0.9629
vn 0.1105 -0.2762 -0.9547
vn 0.8525 0.5052 -0.1342
vn 0.0553 -0.1974 -0.9788
vn 0.0316 -0.2051 -0.9782
vn 0.8302 0.2927 -0.4744
vn 0.0001 -0.2587 -0.9660
vn 0.0316 0.9710 -0.2368
vn 0.4789 0.7929 -0.3768
vn 0.4409 0.8974 -0.0157
vn -0.0000 0.9495 -0.3139
vn 0.0316 0.9400 0.3397
vn 0.4968 0.8280 0.2602
vn 0.9466 0.2998 -0.1183
vn 0.9479 0.2923 -0.1264
vn 0.9586 0.2514 -0.1336
vn 0.0314 0.9191 0.3928
vn 0.4033 0.7826 0.4743
vn -0.0000 0.9125 0.4090
vn 0.0237 0.8761 0.4815
vn 0.4570 0.7485 0.4806
vn 0.0237 0.8438 0.5362
vn 0.4796 0.7076 0.5189
vn 0.0235 0.8245 0.5654
vn -0.0000 0.7303 0.6832
vn 0.0314 0.7704 0.6368
vn -0.0000 0.7148 0.6993
vn 0.0788 0.5906 0.8031
vn 0.4559 0.6525 0.6053
vn 0.5127 0.6704 0.5364
vn 0.2766 0.4979 0.8219
vn 0.3604 0.5721 0.7367
vn 0.1259 0.5116 0.8499
vn 0.1261 0.4964 0.8589
vn 0.1020 0.3216 0.9414
vn 0.1332 0.8306 0.5407
vn 0.1413 0.0314 0.9895
vn 0.1338 0.2125 0.9680
vn 0.1338 0.2124 0.9680
vn 0.1414 0.0314 0.9895
vn 0.1413 -0.2512 0.9576
vn 0.1414 -0.2437 0.9595
vn 0.1414 -0.1257 0.9819
vn 0.1414 -0.0079 0.9899
vn 0.1414 -0.0077 0.9899
vn 0.1420 0.0868 0.9861
vn 0.1413 0.1806 0.9734
vn 0.1415 0.1804 0.9734
vn 0.1421 0.2604 0.9550
vn 0.1423 0.3320 0.9325
vn 0.1423 0.3318 0.9325
vn 0.1413 0.4237 0.8947
vn 0.1417 0.4173 0.8976
vn 0.1419 0.5046 0.8516
vn 0.1419 0.5047 0.8516
vn 0.1419 0.5989 0.7881
vn 0.1419 0.5989 0.7882
vn 0.1416 0.6921 0.7078
vn 0.1412 0.4707 0.8709
vn 0.1412 0.4708 0.8709
vn 0.1338 0.2992 0.9448
vn 0.0001 -0.2052 -0.9787
vn -0.0000 -0.0947 -0.9955
vn -0.0001 -0.3469 -0.9379
vn 0.1886 -0.7857 0.5892
vn 0.1812 -0.8195 0.5437
vn 0.1886 -0.7856 0.5892
vn 0.2049 -0.0552 0.9772
vn 0.2053 0.5447 0.8131
vn 0.1885 0.9818 0.0236
vn 0.1885 0.9818 0.0237
vn 0.1809 0.9834 -0.0157
vn -0.0001 -0.2589 -0.9659
vn -0.0002 -0.3303 -0.9439
vn -0.0079 -0.8730 -0.4876
vn -0.0471 -0.3925 -0.9185
vn 0.0005 -0.9659 0.2591
vn -0.2133 -0.8453 -0.4899
vn -0.0789 -0.9623 0.2602
vn -0.2121 -0.5813 -0.7856
vn -0.3689 -0.7770 -0.5101
vn -0.2923 -0.9244 0.2449
vn -0.0789 -0.9623 0.2603
vn -0.5124 -0.8278 0.2286
vn -0.4896 -0.6871 -0.5369
vn -0.0393 -0.2827 -0.9584
vn -0.6719 -0.7115 0.2055
vn -0.5826 -0.5826 -0.5667
vn -0.1024 -0.2284 -0.9682
vn -0.7744 -0.6084 0.1737
vn -0.6720 -0.7115 0.2055
vn -0.8391 -0.5254 0.1411
vn -0.7743 -0.6084 0.1739
vn -0.0787 -0.4801 0.8737
vn -0.6559 -0.3872 -0.6480
vn -0.0078 -0.5419 0.8404
vn -0.5507 0.1652 -0.8182
vn -0.1258 -0.2518 -0.9596
vn -0.0001 -0.5655 0.8248
vn -0.0393 -0.5268 0.8491
vn -0.1418 -0.4332 0.8900
vn -0.4420 -0.3789 0.8130
vn -0.5270 -0.4326 0.7315
vn -0.4878 -0.4092 0.7711
vn -0.5725 -0.4548 0.6822
vn -0.6474 -0.4264 0.6317
vn -0.0000 -0.6372 0.7707
vn -0.0000 -0.5213 0.8534
vn -0.7010 -0.3623 0.6143
vn -0.0001 -0.4566 0.8897
vn -0.7009 -0.3623 0.6144
vn -0.7075 -0.3223 0.6289
vn -0.0001 -0.4250 0.9052
vn -0.0000 -0.4251 0.9052
vn -0.0236 -0.2829 0.9588
vn -0.0157 -0.2518 0.9677
vn -0.0000 -0.2685 0.9633
vn -0.1107 -0.1105 0.9877
vn -0.0314 -0.0626 0.9975
vn -0.6906 -0.3139 0.6515
vn -0.6924 -0.3069 0.6530
vn -0.6907 -0.3297 0.6436
vn -0.6907 -0.3140 0.6514
vn -0.6923 -0.3069 0.6530
vn -0.7075 -0.3224 0.6289
vn -0.0001 -0.4025 0.9154
vn -0.0000 -0.4024 0.9154
vn -0.0000 -0.3862 0.9224
vn -0.0235 -0.0785 0.9966
vn -0.0079 0.2444 0.9697
vn -0.5117 0.2047 0.8344
vn -0.9969 -0.0078 0.0785
vn -0.3303 0.0157 0.9437
vn -0.2127 0.0394 0.9763
vn -0.2606 0.2527 0.9318
vn -0.2589 -0.4784 0.8391
vn -0.2207 -0.5041 0.8350
vn -0.2203 -0.2990 0.9285
vn -0.0000 -0.3069 0.9518
vn -0.2198 -0.0628 0.9735
vn -0.2202 0.1258 0.9673
vn -0.2199 0.2513 0.9426
vn -0.2209 0.3785 0.8989
vn -0.2203 0.5429 0.8104
vn -0.2204 0.7242 0.6534
vn -0.2195 0.8547 0.4705
vn -0.0000 0.8588 0.5122
vn -0.2595 0.8336 0.4876
vn -0.2592 0.2436 0.9346
vn -0.0001 0.2518 0.9678
vn -0.2122 0.4558 0.8644
vn -0.3305 0.4564 0.8261
vn -0.0079 0.2684 0.9633
vn -0.1104 0.3308 0.9372
vn -0.1101 0.5033 0.8571
vn -0.1101 0.2595 0.9594
vn -0.1734 0.4962 0.8507
vn -0.1659 0.4188 0.8928
vn -0.1657 0.5917 0.7889
vn -0.1101 0.5976 0.7942
vn -0.1021 0.6835 0.7228
vn -0.1807 0.6915 0.6994
vn -0.8660 -0.0630 0.4960
vn -0.0630 0.7251 0.6857
vn -0.8675 -0.0236 0.4969
vn -0.2291 0.7267 0.6476
vn -0.8694 0.0634 0.4900
vn -0.8668 0.0473 0.4964
vn -0.1418 0.2678 0.9530
vn -0.9969 0.0471 0.0628
vn -0.8651 0.1179 0.4876
vn -0.8580 0.1338 0.4959
vn -0.9969 0.0471 0.0629
vn -0.9883 0.0863 0.1255
vn -0.5105 0.2435 0.8247
vn -0.0000 0.7952 0.6063
vn -0.0237 0.5690 0.8220
vn -0.0000 0.5511 0.8344
vn -0.6920 0.6054 0.3932
vn -0.1106 0.5925 0.7979
vn -0.0316 0.5599 0.8279
vn -0.0158 0.7030 0.7110
vn -0.0237 0.7264 0.6869
vn -0.0473 0.8112 0.5828
vn -0.0000 0.8405 0.5419
vn -0.6908 0.5967 0.4083
vn -0.6909 0.5967 0.4082
vn -0.6941 0.5916 0.4102
vn -0.0471 0.8395 0.5414
vn -0.0473 0.8754 0.4811
vn -0.7075 0.5975 0.3774
vn -0.0471 0.9115 0.4086
vn -0.7015 0.6226 0.3468
vn -0.0315 0.9608 0.2756
vn -0.6471 0.6866 0.3314
vn -0.9992 0.0236 0.0315
vn -0.6470 0.6866 0.3315
vn -0.0001 0.8643 0.5029
vn -0.5721 0.7367 0.3605
vn -0.0236 0.9768 -0.2127
vn -0.0001 0.8847 0.4661
vn -0.0157 0.9493 -0.3139
vn -0.0079 0.5121 -0.8589
vn -0.9962 0.0870 -0.0080
vn -0.0393 0.8808 0.4719
vn -0.9925 0.1182 -0.0316
vn -0.9989 0.0393 0.0236
vn -0.9962 0.0870 -0.0078
vn -0.6790 0.2369 0.6948
vn -0.6936 0.2207 0.6857
vn -0.6967 0.2691 0.6650
vn -0.6390 0.3313 0.6942
vn -0.0708 0.2438 0.9672
vn -0.1343 0.2291 0.9641
vn -0.8121 0.5835 -0.0079
vn -0.1343 0.2292 0.9641
vn -0.8892 0.4564 -0.0315
vn -0.9217 0.3860 0.0393
vn -0.0078 0.2591 0.9658
vn -0.9505 0.2985 0.0864
vn -0.5900 0.6607 0.4641
vn -0.2435 0.8562 0.4556
vn -0.7389 0.6682 -0.0865
vn -0.1496 0.3385 0.9290
vn -0.9494 0.3060 0.0706
vn -0.1338 0.9520 0.2753
vn -0.2822 0.3057 0.9093
vn -0.3061 0.2512 0.9183
vn -0.2987 0.4794 0.8252
vn -0.0000 -0.7378 -0.6751
vn -0.0000 -0.7418 -0.6707
vn -0.0000 -0.4661 -0.8848
vn -0.0000 -0.3537 -0.9354
vn -0.1655 0.3307 0.9291
vn -0.1731 0.2518 0.9522
vn -0.1656 0.1813 0.9694
vn -0.1105 0.1813 0.9772
vn -0.1651 0.0865 0.9825
vn -0.1734 -0.0079 0.9848
vn -0.1104 -0.1263 0.9858
vn -0.8637 0.3061 0.4004
vn -0.1807 -0.2515 0.9508
vn -0.0633 -0.2846 0.9566
vn -0.8679 0.2682 0.4182
vn -0.8690 0.2054 0.4503
vn -0.8672 0.1971 0.4573
vn -0.1337 0.0156 0.9909
vn -0.8657 0.1417 0.4801
vn -0.9887 -0.0157 0.1491
vn 0.0001 -0.4314 0.9022
vn -0.0001 0.2590 0.9659
vn -0.7408 -0.6226 0.2522
vn -0.9992 -0.0080 0.0394
vn -0.5907 -0.3387 0.7324
vn -0.9992 -0.0079 0.0394
vn -0.9989 -0.0236 0.0393
vn -0.0001 -0.4970 0.8678
vn -0.9954 -0.0869 0.0395
vn -0.6960 0.0949 0.7118
vn -0.2451 -0.5138 0.8221
vn -0.6952 0.1501 0.7029
vn -0.9925 -0.1183 0.0314
vn -0.6760 0.1416 0.7232
vn -0.9772 -0.2049 0.0552
vn -0.0708 0.2751 0.9588
vn -0.9629 -0.2603 0.0710
vn -0.0707 0.2751 0.9588
vn -0.1335 0.2826 0.9499
vn -0.9301 -0.3548 0.0946
vn -0.8897 -0.4410 0.1181
vn -0.6397 0.0632 0.7660
vn -0.9302 -0.3547 0.0945
vn -0.9629 -0.2605 0.0709
vn -0.8898 -0.4409 0.1180
vn -0.7341 -0.2289 -0.6393
vn -0.6798 -0.3715 -0.6324
vn -0.6845 -0.3540 -0.6373
vn -0.2367 -0.6547 -0.7179
vn -0.2286 -0.8278 -0.5124
vn -0.0001 -0.1733 -0.9849
vn -0.1338 -0.6848 0.7163
vn -0.2289 -0.3078 0.9235
vn -0.0001 0.0628 -0.9980
vn -0.0000 0.3067 -0.9518
vn -0.0000 0.1181 -0.9930
vn -0.1973 -0.2526 -0.9472
vn 0.0009 -0.5895 -0.8078
vn -0.1970 -0.3546 -0.9140
vn -0.1970 -0.1497 -0.9689
vn -0.1971 -0.4573 -0.8672
vn -0.0000 -0.5693 -0.8221
vn -0.1975 -0.0395 -0.9795
vn -0.1971 0.0788 -0.9772
vn -0.1965 0.1650 -0.9665
vn -0.9965 0.0549 -0.0628
vn -0.9965 0.0549 -0.0627
vn -0.9575 0.1099 -0.2668
vn -0.8862 0.0235 -0.4627
vn -0.1883 0.1334 -0.9730
vn -0.1883 -0.0471 -0.9810
vn -0.8862 0.0235 -0.4628
vn -0.8402 -0.0942 -0.5340
vn -0.8402 -0.0943 -0.5341
vn -0.1811 -0.2441 -0.9527
vn -0.8273 -0.1418 -0.5436
vn -0.7067 0.0314 -0.7068
vn -0.8391 -0.5254 0.1412
vn 0.0001 -0.8057 -0.5924
vn 0.0001 -0.9224 -0.3863
vn -0.0000 -0.4628 -0.8865
vn 0.0001 0.5975 -0.8019
vn 0.0001 0.6063 -0.7952
vn 0.0001 -0.8185 -0.5745
vn -0.0000 -0.9195 -0.3930
vn -0.0000 -0.3411 0.9400
vn -0.0000 -0.1733 0.9849
vn -0.0001 0.1733 0.9849
vn -0.0000 0.7452 0.6668
vn -0.0000 0.9995 0.0314
vn -0.0000 0.9900 -0.1414
vn -0.0000 0.2997 -0.9540
vn -0.0001 0.2975 -0.9547
vn -0.0000 0.1734 -0.9849
vn -0.0000 -0.1414 -0.9900
vn -0.0001 -0.4660 -0.8848
vn -0.0000 -0.9862 -0.1657
vn -0.0000 -0.7194 0.6945
vn -0.0000 -0.6541 0.7564
vn -0.0000 -0.4409 0.8975
vn -0.0000 -0.1105 0.9939
vn -0.0000 0.2052 0.9787
vn -0.0000 0.7817 0.6237
vn -0.0000 0.9007 0.4345
vn -0.0000 0.9419 -0.3359
vn -0.0001 0.8643 -0.5029
vn -0.0000 0.3469 -0.9379
vn -0.0001 -0.3139 -0.9495
vn -0.0000 -0.6995 -0.7147
vn -0.0079 0.2276 -0.9737
vn -0.0000 0.2757 -0.9612
vn -0.0631 -0.7174 -0.6938
vn -0.0315 0.1809 -0.9830
vn -0.3542 -0.6613 -0.6612
vn -0.0630 -0.9696 0.2365
vn -0.0079 -0.2996 0.9540
vn -0.0000 -0.2592 0.9658
vn -0.0394 -0.3465 0.9372
vn -0.3547 -0.9066 0.2286
vn -0.0708 -0.3225 0.9439
vn -0.6362 -0.4791 -0.6047
vn -0.0631 0.1972 -0.9783
vn -0.6390 -0.7179 0.2761
vn -0.0944 -0.2911 0.9520
vn -0.8205 -0.1972 -0.5365
vn -0.0789 0.2288 -0.9703
vn -0.8253 -0.4402 0.3537
vn -0.0396 -0.2609 0.9646
vn -0.8718 0.1021 -0.4791
vn -0.0315 0.2517 -0.9673
vn -0.8763 -0.1500 0.4579
vn -0.0079 -0.2369 0.9715
vn -0.8690 0.1422 -0.4740
vn 0.0079 0.2369 -0.9715
vn -0.8619 -0.0949 0.4981
vn -0.8974 0.0157 -0.4409
vn 0.0079 -0.0000 -1.0000
vn -0.8308 0.0078 0.5565
vn -0.8783 -0.1029 -0.4669
vn -0.8676 -0.1262 -0.4811
vn -0.0001 0.2207 0.9753
vn 0.1340 -0.4495 0.8832
vn 0.1260 -0.0157 0.9919
vn 0.1260 -0.0079 0.9920
vn 0.1024 0.1890 0.9766
vn 0.2757 -0.0236 0.9610
vn 0.3629 -0.1263 0.9232
vn 0.5134 -0.3160 0.7978
vn 0.4569 -0.2599 0.8507
vn 0.0786 -0.1101 0.9908
vn 0.4946 -0.3376 0.8008
vn 0.0315 -0.3465 0.9375
vn 0.1653 -0.4093 0.8973
vn 0.4789 -0.3926 0.7852
vn -0.0000 -0.2901 0.9570
vn -0.0000 -0.2688 0.9632
vn -0.0000 -0.4566 0.8897
vn 0.1661 -0.4505 0.8772
vn 0.4405 -0.4326 0.7866
vn 0.1573 -0.5034 0.8496
vn 0.1335 -0.5731 0.8085
vn 0.4892 -0.7654 0.4182
vn 0.0947 -0.8283 0.5522
vn 0.0632 -0.9565 -0.2847
vn 0.0017 -0.3305 -0.9438
vn 0.5343 -0.8409 0.0864
vn 0.0236 -0.3067 -0.9515
vn 0.9992 -0.0162 0.0363
vn 0.9997 -0.0079 0.0236
vn 0.9994 -0.0158 0.0315
vn 0.9995 -0.0079 0.0315
vn 0.9997 -0.0000 0.0236
vn 0.9997 -0.0078 0.0236
vn 0.9997 0.0001 0.0237
vn 0.9997 0.0079 0.0236
vn 0.9997 0.0078 0.0236
vn 0.9997 0.0082 0.0231
vn 0.9997 0.0079 0.0235
vn 0.9997 0.0080 0.0236
vn 0.9996 0.0157 0.0236
vn 0.9998 0.0157 0.0158
vn 0.9998 0.0157 0.0157
vn 0.9998 0.0158 0.0158
vn 0.9996 0.0236 0.0158
vn 0.9998 0.0158 0.0157
vn 0.9994 0.0236 0.0236
vn -0.1332 0.9567 -0.2588
vn 0.0001 0.2128 0.9771
vn 0.8794 -0.1099 -0.4632
vn -0.0000 -0.2202 -0.9755
vn 0.9005 -0.0158 -0.4346
vn 0.8308 -0.0078 0.5565
vn 0.8571 -0.1415 0.4954
vn -0.0079 -0.2370 0.9715
vn 0.8758 0.0947 -0.4734
vn 0.8508 -0.1182 0.5120
vn -0.0395 -0.2609 0.9645
vn 0.8594 0.1498 -0.4888
vn 0.7795 0.1575 0.6063
vn 0.6043 0.7063 -0.3688
vn -0.0314 0.1808 -0.9830
vn 0.5992 0.4257 0.6780
vn -0.0709 -0.3226 0.9439
vn 0.3307 0.8897 -0.3149
vn -0.0078 0.2277 -0.9737
vn 0.3304 0.6058 0.7238
vn -0.0394 -0.3466 0.9372
vn 0.0552 0.6860 0.7255
vn -0.0000 0.7069 0.7073
vn 0.0552 0.9618 -0.2682
vn -0.0000 0.2756 -0.9613
vn -0.0001 -0.7990 0.6013
vn -0.0000 -0.8354 0.5497
vn -0.0000 -0.7111 0.7031
vn -0.0001 0.5602 0.8284
vn -0.0000 0.6624 0.7492
vn -0.0000 0.9995 0.0316
vn -0.0000 0.9821 0.1885
vn -0.0000 0.9930 0.1183
vn -0.0000 0.9677 0.2522
vn -0.0001 0.5511 0.8345
vn -0.0000 0.6369 0.7709
vn -0.0000 -0.1956 0.9807
vn -0.0001 -0.8746 0.4849
vn -0.1022 0.4480 -0.8882
vn -0.1969 0.6144 -0.7640
vn -0.1970 0.6160 -0.7627
vn -0.1259 0.7397 -0.6611
vn -0.1021 0.7775 -0.6205
vn -0.9348 0.2042 -0.2907
vn -0.1027 -0.3475 -0.9320
vn -0.9346 0.2435 -0.2592
vn -0.1023 0.9835 0.1495
vn -0.8863 0.2902 -0.3608
vn -0.1263 0.9705 0.2052
vn -0.9223 0.2444 -0.2995
vn -0.1970 0.9140 0.3546
vn -0.1029 0.8313 0.5462
vn -0.9355 0.3381 0.1022
vn -0.9223 0.2443 -0.2995
vn -0.9249 0.3557 0.1344
vn -0.9360 -0.1730 -0.3067
vn -0.9221 -0.2128 -0.3231
vn -0.8868 0.4317 0.1648
vn -0.9372 0.3150 0.1496
vn -0.1020 0.1649 0.9810
vn -0.9353 0.0079 0.3537
vn -0.9221 -0.0236 0.3862
vn -0.1973 -0.0553 0.9788
vn -0.1263 0.1025 0.9867
vn -0.1973 -0.0554 0.9788
vn -0.1262 -0.2051 0.9706
vn -0.1023 -0.2598 0.9602
vn -0.8862 -0.0235 0.4627
vn -0.9223 -0.0159 0.3862
vn -0.9369 -0.0472 0.3464
vn -0.9237 -0.3711 0.0948
vn -0.9364 -0.3305 0.1181
vn -0.1025 -0.8833 0.4574
vn -0.8866 -0.4473 0.1177
vn -0.9230 -0.3708 0.1025
vn -0.1974 -0.9472 0.2526
vn -0.1262 -0.9068 0.4022
vn -0.1973 -0.9472 0.2526
vn -0.1263 -0.9867 0.1026
vn -0.1025 -0.9936 0.0473
vn -0.9361 -0.3461 0.0629
vn -0.9236 -0.2053 -0.3237
vn -0.9354 -0.2122 -0.2830
vn -0.1022 -0.7073 -0.6995
vn -0.1259 -0.6611 -0.7397
vn -0.8880 -0.2515 -0.3850
vn -0.1972 -0.5365 -0.8205
vn -0.1972 -0.5366 -0.8205
vn -0.1262 -0.4024 -0.9067
vn -0.0394 -0.2369 -0.9707
vn -0.1102 -0.1417 -0.9838
vn -0.5839 0.2210 -0.7812
vn -0.6541 0.0079 -0.7564
vn -0.1025 -0.2837 -0.9534
vn -0.4899 0.3319 -0.8061
vn -0.7109 -0.3791 -0.5924
vn -0.2131 0.1103 -0.9708
vn -0.0472 -0.1182 -0.9919
vn -0.3687 0.4156 -0.8314
vn -0.2119 0.4867 -0.8475
vn -0.6820 0.6897 -0.2431
vn -0.2842 0.9080 -0.3079
vn -0.0157 0.9493 -0.3140
vn -0.5118 0.8110 -0.2835
vn -0.2847 0.9412 -0.1818
vn -0.5120 0.8429 -0.1655
vn -0.4895 0.7421 0.4579
vn -0.4426 0.7350 0.5136
vn -0.5275 0.7400 0.4173
vn -0.6471 0.6866 0.3315
vn -0.1421 0.8212 0.5527
vn -0.0789 0.8506 0.5199
vn -0.6724 0.7278 -0.1345
vn -0.0079 0.8897 0.4566
vn -0.7502 0.6555 -0.0869
vn -0.7789 0.5901 -0.2124
vn -0.8470 0.4941 -0.1960
vn -0.9116 0.3692 -0.1809
vn -0.9315 0.3237 -0.1658
vn -0.7330 -0.1182 -0.6699
vn -0.9569 0.2270 -0.1811
vn -0.6789 0.0079 -0.7342
vn -0.5527 -0.5527 -0.6238
vn -0.1266 -0.2610 -0.9570
vn -0.6831 -0.0157 -0.7302
vn -0.9548 0.2289 -0.1894
vn -0.2369 0.2133 -0.9478
vn -0.2279 0.4635 -0.8563
vn -0.0001 -0.5565 -0.8308
vn -0.0000 -0.5565 -0.8309
vn 0.0002 -0.7378 -0.6750
vn -0.0001 -0.7378 -0.6750
vn -0.9966 -0.0785 -0.0235
vn -0.9569 -0.2275 -0.1805
vn -0.9966 -0.0785 -0.0236
vn -0.1973 -0.5601 -0.8046
vn -0.1971 -0.6230 -0.7570
vn -0.9569 -0.2276 -0.1804
vn -0.1892 -0.6067 -0.7721
vn -0.1890 -0.4486 -0.8735
vn -0.0000 -0.2758 -0.9612
vn -0.8406 -0.1807 -0.5107
vn -0.1813 -0.2681 -0.9462
vn -0.0000 -0.8848 0.4660
vn -0.9875 0.0474 0.1501
vn -0.0000 -0.3931 0.9195
vn -0.9863 0.0474 0.1578
vn -0.9851 0.0473 0.1655
vn -0.0000 0.9874 0.1581
vn -0.0001 -0.8533 0.5215
vn -0.0001 -0.7778 0.6285
vn -0.9869 0.0316 0.1579
vn -0.0000 -0.8439 0.5365
vn -0.9867 0.0395 0.1578
vn -0.0001 -0.4091 0.9125
vn -0.0000 -0.4090 0.9125
vn -0.9867 0.0395 0.1579
vn -0.0000 0.9992 -0.0391
vn -0.9854 0.0394 0.1655
vn -0.0000 0.2443 0.9697
vn -0.0000 0.8056 0.5925
vn -0.0001 0.7990 0.6013
vn -0.0001 0.9930 0.1182
vn -0.0033 -0.7758 -0.6309
vn -0.0000 -0.5418 -0.8405
vn -0.0000 -0.5420 -0.8404
vn -0.0000 -0.6284 0.7779
vn -0.0000 0.5419 0.8404
vn -0.0033 -0.9987 -0.0507
vn -0.0000 -0.9353 -0.3539
vn -0.0000 -0.0471 0.9989
vn -0.0000 0.5456 0.8381
vn -0.0000 0.9353 0.3538
vn -0.9868 0.0583 -0.1509
vn -0.0001 0.6294 -0.7771
vn -0.0001 0.3606 -0.9327
vn -0.0000 0.6286 -0.7777
vn -0.0001 0.8404 -0.5419
vn -0.8736 0.3069 -0.3777
vn -0.8760 0.1736 -0.4500
vn -0.8744 0.4097 -0.2600
vn -0.8759 0.4656 -0.1263
vn -0.0001 0.9985 0.0550
vn -0.8760 -0.1262 -0.4656
vn -0.8761 0.4815 0.0237
vn -0.8760 0.4499 0.1736
vn -0.8735 0.3778 0.3069
vn -0.0001 0.7778 0.6285
vn -0.0000 0.7777 0.6287
vn -0.0000 0.5421 0.8403
vn -0.8744 0.2600 0.4096
vn -0.0001 0.2591 0.9658
vn -0.8759 0.1263 0.4656
vn -0.0001 -0.0550 0.9985
vn -0.8761 -0.0237 0.4815
vn -0.0001 -0.3606 0.9327
vn -0.8760 -0.1736 0.4499
vn -0.8735 -0.3069 0.3778
vn -0.0000 -0.8405 0.5419
vn -0.0000 -0.8404 0.5419
vn -0.8744 -0.4096 0.2600
vn -0.8759 -0.4656 0.1263
vn -0.8761 -0.4815 -0.0237
vn -0.0000 -0.9327 -0.3606
vn -0.8760 -0.4500 -0.1736
vn -0.0001 -0.7778 -0.6285
vn -0.0000 -0.7777 -0.6287
vn -0.8736 -0.3777 -0.3069
vn -0.0001 -0.5420 -0.8404
vn -0.0000 -0.5421 -0.8403
vn -0.8744 -0.2600 -0.4096
vn -0.0001 -0.2591 -0.9658
vn -0.8760 -0.1263 -0.4656
vn -0.8761 0.0237 -0.4816
vn -0.0002 0.3063 -0.9519
vn 0.0002 -0.3064 -0.9519
vn -0.2290 0.0632 -0.9714
vn -0.0002 -0.3063 -0.9519
vn -0.0000 -0.8651 0.5016
vn 0.0001 -0.9659 -0.2590
vn -0.0000 -0.3605 -0.9327
vn -0.0000 0.3604 -0.9328
vn -0.0001 0.3607 -0.9327
vn -0.0000 -0.9659 -0.2590
vn 0.0001 -0.9658 -0.2592
vn -0.0000 -0.5978 -0.8017
vn -0.0000 0.5976 -0.8018
vn -0.4649 -0.8510 0.2442
vn -0.2133 -0.9716 0.1027
vn -0.2290 -0.0632 -0.9714
vn -0.2436 -0.0786 -0.9667
vn 0.0001 0.3066 -0.9518
vn -0.4649 0.8510 0.2442
vn -0.2133 0.9716 0.1027
vn -0.0000 0.9900 0.1414
vn -0.2436 0.0786 -0.9667
vn 0.0004 -0.3065 -0.9519
vn 0.0945 -0.3383 -0.9363
vn 0.7071 -0.6836 -0.1808
vn 0.7072 -0.6835 -0.1807
vn 0.7071 0.6836 -0.1808
vn 0.7072 0.6835 -0.1807
vn 0.7072 0.6836 -0.1806
vn 0.7071 0.6836 -0.1807
vn -0.0000 0.4996 0.8663
vn -0.0000 0.8678 0.4969
vn -0.2359 0.6213 0.7472
vn -0.2512 0.6357 0.7299
vn -0.0000 0.2925 0.9563
vn 0.0001 0.5122 0.8589
vn 0.0001 -0.7847 0.6199
vn -0.0000 -0.7564 0.6541
vn -0.0000 0.6790 0.7342
vn 0.0001 0.7149 0.6992
vn -0.0000 0.7844 0.6203
vn -0.0000 -0.9989 -0.0473
vn -0.0000 0.8677 -0.4971
vn 0.0001 0.8644 0.5029
vn -0.0000 0.8678 -0.4970
vn -0.0000 -0.8084 0.5887
vn -0.0000 -0.5885 0.8085
vn -0.2052 -0.9316 0.3000
vn -0.0000 -0.5887 0.8084
vn -0.2043 -0.7934 0.5734
vn -0.2043 -0.5734 0.7934
vn -0.7409 -0.5438 0.3941
vn -0.7365 -0.6425 0.2116
vn -0.7324 -0.6772 0.0709
vn -0.7411 -0.6702 0.0394
vn -1.0000 -0.0000 -0.0079
vn -0.7167 -0.6616 -0.2205
vn -0.5501 -0.7938 -0.2594
vn -0.7437 -0.5142 -0.4272
vn -0.4579 -0.5447 -0.7026
vn -0.9999 0.0079 -0.0079
vn -0.7330 -0.4965 -0.4650
vn -0.2130 -0.7179 -0.6627
vn -0.9998 0.0157 -0.0158
vn -0.2042 -0.5734 -0.7934
vn 0.0002 -0.5886 -0.8084
vn -0.7409 -0.3941 -0.5439
vn -0.2053 -0.3000 -0.9316
vn -0.7365 -0.2116 -0.6425
vn -0.2052 -0.0000 -0.9787
vn -0.7378 -0.0000 -0.6750
vn -0.7365 0.2116 -0.6425
vn -0.2053 0.3000 -0.9316
vn -0.7409 0.3941 -0.5438
vn -0.7330 0.4965 -0.4650
vn -0.2042 0.5734 -0.7934
vn 0.0001 0.5885 -0.8085
vn -0.2130 0.7179 -0.6627
vn -0.4579 0.5447 -0.7026
vn -0.0000 -0.3069 -0.9517
vn 0.0001 -0.5884 -0.8085
vn -0.0000 0.7071 -0.7071
vn -0.0000 -0.7111 -0.7031
vn -0.9998 -0.0157 -0.0157
vn -0.9999 -0.0079 -0.0079
vn -0.7437 0.5142 -0.4272
vn -0.5501 0.7938 -0.2594
vn -0.7167 0.6616 -0.2205
vn -0.7411 0.6702 0.0394
vn -0.7324 0.6772 0.0709
vn -1.0000 0.0001 -0.0079
vn -0.7365 0.6425 0.2116
vn -0.2052 0.9316 0.3000
vn -0.7409 0.5438 0.3941
vn -0.2042 0.7934 0.5734
vn -0.2042 0.5734 0.7934
vn -0.7409 0.3941 0.5438
vn -0.0000 0.9899 0.1415
vn -0.0000 0.5887 0.8084
vn -0.2052 0.3000 0.9316
vn -0.2052 -0.3000 0.9316
vn -0.2052 -0.0000 0.9787
vn -0.7365 0.2116 0.6425
vn -0.7409 -0.3941 0.5438
vn -0.7365 -0.2116 0.6425
vn -0.7378 -0.0000 0.6750
vn -0.7975 0.3632 -0.4817
vn -0.8035 0.1812 -0.5671
vn -0.8034 0.1812 -0.5672
vn -0.8058 -0.0000 -0.5922
vn -0.8056 -0.0000 -0.5925
vn -0.8035 -0.1812 -0.5671
vn -0.7975 -0.3632 -0.4817
vn -0.7866 -0.4405 -0.4326
vn -0.7893 -0.6078 0.0868
vn -0.7981 -0.5769 0.1738
vn -0.8049 -0.4813 0.3472
vn -0.8048 -0.4814 0.3472
vn -0.8048 -0.3472 0.4813
vn -0.8049 -0.3472 0.4813
vn -0.7970 -0.1815 0.5761
vn -0.7817 -0.0000 0.6237
vn -0.7816 -0.0000 0.6237
vn -0.7970 0.1815 0.5760
vn -0.7970 0.1815 0.5761
vn -0.8049 0.3472 0.4813
vn -0.8048 0.4814 0.3472
vn -0.8049 0.4813 0.3472
vn -0.7981 0.5769 0.1739
vn -0.7981 0.5769 0.1738
vn -0.7893 0.6078 0.0868
vn -0.4561 -0.4955 -0.7392
vn -0.4579 -0.8369 0.3000
vn -0.2512 -0.6357 0.7299
vn -0.2359 -0.6213 0.7472
vn -0.0000 -0.2924 0.9563
vn -0.4561 0.4955 -0.7392
vn -0.4579 0.8369 0.3000
vn 1.0000 0.0001 -0.0001
vn -0.0000 0.8085 0.5884
vn -0.0000 0.8086 0.5884
vn -0.0000 0.5886 0.8085
vn -0.0000 -0.5884 0.8085
vn -0.0944 -0.3384 -0.9363
vn -0.3452 0.3296 -0.8788
vn -0.0944 0.3384 -0.9363
vn 0.3452 0.3296 -0.8787
vn -0.0000 0.4629 0.8864
vn -0.0000 -0.4629 0.8864
vn 1.0000 -0.0002 0.0001
vn 1.0000 0.0002 0.0001
vn -0.8473 -0.2655 -0.4599
vn -0.8814 0.4092 -0.2361
vn -0.8782 -0.0000 -0.4783
vn -0.8814 -0.4092 -0.2360
vn -0.8814 -0.4092 0.2361
vn -0.8814 0.4092 0.2361
vn -0.8782 -0.0000 0.4782
vn -0.8814 -0.4092 -0.2361
vn -0.7072 -0.6831 -0.1822
vn -0.9977 -0.0237 -0.0629
vn -0.9968 -0.0157 -0.0785
vn -0.8470 -0.1961 -0.4941
vn -0.9963 -0.0000 -0.0863
vn -0.7634 -0.2440 -0.5980
vn -0.9072 -0.1657 -0.3866
vn -0.9977 0.0237 -0.0629
vn -0.9968 0.0157 -0.0785
vn -0.8470 0.1961 -0.4941
vn -0.8345 -0.0000 -0.5510
vn -0.8365 0.1105 -0.5366
vn -0.7634 0.2440 -0.5981
vn -0.7745 0.1423 -0.6164
vn -0.9073 0.1658 -0.3865
vn -0.7747 -0.0000 -0.6323
vn -0.9217 0.0866 -0.3781
vn -0.9224 -0.0000 -0.3863
vn -0.9217 -0.0867 -0.3781
vn -0.7745 -0.1423 -0.6164
vn -0.8365 -0.1105 -0.5366
vt 0.015656 0.010742
vt 0.015945 0.010254
vt 0.015656 0.013184
vt 0.015656 0.013184
vt 0.015945 0.013672
vt 0.015747 0.015625
vt 0.015625 0.015625
vt 0.015625 0.008301
vt 0.015747 0.008301
vt 0.015747 0.008301
vt 0.016281 0.008301
vt 0.016342 0.008301
vt 0.017578 0.010254
vt 0.017578 0.012207
vt 0.017578 0.012207
vt 0.017578 0.014160
vt 0.016342 0.015625
vt 0.016281 0.015625
vt 0.016861 0.008789
vt 0.016983 0.008789
vt 0.016861 0.015625
vt 0.016983 0.015625
vt 0.015747 0.015625
vt 0.015160 0.008789
vt 0.015160 0.008789
vt 0.017227 0.012207
vt 0.017227 0.012207
vt 0.017227 0.011719
vt 0.017548 0.012207
vt 0.017548 0.012207
vt 0.017548 0.011719
vt 0.017380 0.010254
vt 0.011688 0.010254
vt 0.011688 0.010254
vt 0.016815 0.011719
vt 0.016815 0.012207
vt 0.016815 0.012207
vt 0.011688 0.013672
vt 0.017380 0.013672
vt 0.011688 0.013672
vt 0.017380 0.012695
vt 0.017380 0.011230
vt 0.014290 0.010742
vt 0.014000 0.010742
vt 0.014030 0.010742
vt 0.013161 0.010742
vt 0.015587 0.010742
vt 0.015587 0.010742
vt 0.014290 0.013184
vt 0.014030 0.013184
vt 0.014000 0.013184
vt 0.013161 0.013184
vt 0.015587 0.013184
vt 0.015587 0.013184
vt 0.015312 0.012695
vt 0.012688 0.012695
vt 0.012688 0.012207
vt 0.015312 0.012207
vt 0.014458 0.011719
vt 0.013329 0.011719
vt 0.013329 0.011230
vt 0.014458 0.011230
vt 0.013374 0.011719
vt 0.012383 0.011719
vt 0.012619 0.011230
vt 0.013374 0.011230
vt 0.017059 0.008789
vt 0.016922 0.008789
vt 0.018143 0.010254
vt 0.018021 0.010254
vt 0.016922 0.015625
vt 0.018021 0.014160
vt 0.171509 0.013184
vt 0.171509 0.013184
vt 0.171387 0.013184
vt 0.171753 0.013184
vt 0.171875 0.013184
vt 0.171509 0.011230
vt 0.171387 0.010742
vt 0.171509 0.010742
vt 0.171509 0.010742
vt 0.171753 0.010742
vt 0.171875 0.010742
vt 0.171753 0.011230
vt 0.014099 0.010742
vt 0.014397 0.010254
vt 0.014030 0.010742
vt 0.014473 0.011719
vt 0.015686 0.011719
vt 0.014473 0.012207
vt 0.016006 0.011719
vt 0.015823 0.012207
vt 0.016724 0.010254
vt 0.016724 0.010254
vt 0.013824 0.009277
vt 0.011620 0.010254
vt 0.011070 0.011230
vt 0.010986 0.012207
vt 0.011070 0.012695
vt 0.011620 0.013672
vt 0.011620 0.013672
vt 0.013824 0.014648
vt 0.015160 0.015137
vt 0.016724 0.014160
vt 0.016724 0.014160
vt 0.018143 0.014160
vt 0.014244 0.012695
vt 0.016953 0.012695
vt 0.017365 0.012695
vt 0.017532 0.013184
vt 0.017532 0.014160
vt 0.017365 0.014160
vt 0.016953 0.014160
vt 0.014244 0.014160
vt 0.014244 0.011230
vt 0.016953 0.011230
vt 0.017365 0.011230
vt 0.017532 0.010742
vt 0.017532 0.010254
vt 0.017365 0.009766
vt 0.016953 0.009766
vt 0.014244 0.009766
vt 0.016357 0.011230
vt 0.016785 0.011719
vt 0.016922 0.012207
vt 0.016922 0.012207
vt 0.016785 0.012207
vt 0.016357 0.012695
vt 0.013161 0.010742
vt 0.012413 0.010742
vt 0.011810 0.011230
vt 0.011429 0.011719
vt 0.011299 0.012207
vt 0.012566 0.011230
vt 0.012024 0.011230
vt 0.011299 0.012207
vt 0.011429 0.012207
vt 0.011810 0.012695
vt 0.012413 0.013184
vt 0.012413 0.013184
vt 0.012024 0.012695
vt 0.013161 0.013184
vt 0.014030 0.013184
vt 0.012566 0.013184
vt 0.013245 0.013184
vt 0.011673 0.012207
vt 0.012367 0.012695
vt 0.012817 0.012695
vt 0.013374 0.012695
vt 0.012085 0.012207
vt 0.014000 0.013184
vt 0.014000 0.012207
vt 0.014191 0.013184
vt 0.014221 0.013184
vt 0.014671 0.013184
vt 0.014832 0.013184
vt 0.014908 0.013184
vt 0.015282 0.013184
vt 0.015358 0.013184
vt 0.015068 0.012695
vt 0.015434 0.013184
vt 0.015587 0.013184
vt 0.015182 0.012695
vt 0.016190 0.012695
vt 0.015625 0.012695
vt 0.015976 0.012695
vt 0.016571 0.012207
vt 0.016327 0.012207
vt 0.015915 0.012207
vt 0.016693 0.012207
vt 0.016434 0.012207
vt 0.016006 0.012207
vt 0.015915 0.011719
vt 0.016327 0.011719
vt 0.015625 0.011230
vt 0.016571 0.011719
vt 0.015976 0.011230
vt 0.015434 0.011230
vt 0.016190 0.011230
vt 0.015587 0.010742
vt 0.015358 0.010742
vt 0.016571 0.012207
vt 0.015182 0.011230
vt 0.015068 0.011230
vt 0.015282 0.011230
vt 0.014908 0.010742
vt 0.014671 0.011230
vt 0.014832 0.010742
vt 0.014221 0.010742
vt 0.014191 0.011230
vt 0.014000 0.010742
vt 0.013245 0.010742
vt 0.014000 0.011230
vt 0.012817 0.011230
vt 0.012367 0.011230
vt 0.012085 0.011719
vt 0.011673 0.011719
vt 0.011986 0.012207
vt 0.011551 0.012207
vt 0.015884 0.010254
vt 0.015434 0.009766
vt 0.014816 0.009766
vt 0.015884 0.013672
vt 0.015434 0.014160
vt 0.014816 0.014160
vt 0.014397 0.013672
vt 0.014099 0.013184
vt 0.017578 0.012207
vt 0.014687 0.008789
vt 0.014687 0.008789
vt 0.014275 0.008789
vt 0.013458 0.009277
vt 0.013039 0.009277
vt 0.011070 0.011230
vt 0.010986 0.012207
vt 0.011070 0.012695
vt 0.013039 0.014648
vt 0.013458 0.014648
vt 0.013458 0.014648
vt 0.013824 0.014648
vt 0.014275 0.015137
vt 0.014275 0.015137
vt 0.014687 0.015137
vt 0.014687 0.015137
vt 0.015160 0.015137
vt 0.013092 0.013184
vt 0.013092 0.013184
vt 0.012276 0.013184
vt 0.011635 0.012695
vt 0.011215 0.012207
vt 0.011101 0.012207
vt 0.011215 0.011719
vt 0.011635 0.011230
vt 0.012276 0.010742
vt 0.013092 0.010742
vt 0.013092 0.010742
vt 0.017090 0.014160
vt 0.016571 0.014160
vt 0.016327 0.013672
vt 0.017349 0.013672
vt 0.017090 0.013672
vt 0.016571 0.013672
vt 0.015549 0.015625
vt 0.016312 0.015137
vt 0.016068 0.015625
vt 0.015297 0.015137
vt 0.015549 0.015137
vt 0.016068 0.015137
vt 0.017090 0.009766
vt 0.016327 0.010254
vt 0.016571 0.009766
vt 0.017349 0.010254
vt 0.017090 0.010254
vt 0.016571 0.010254
vt 0.015549 0.008789
vt 0.016312 0.008789
vt 0.016068 0.008789
vt 0.015297 0.008789
vt 0.015549 0.008301
vt 0.016068 0.008301
vt 0.016922 0.008789
vt 0.017059 0.015137
vt 0.171631 0.013184
vt 0.171631 0.010742
vt 0.015656 0.015625
vt 0.017487 0.014160
vt 0.014755 0.015137
vt 0.015762 0.013672
vt 0.014366 0.015137
vt 0.017487 0.012207
vt 0.013924 0.014648
vt 0.017487 0.010254
vt 0.016190 0.012207
vt 0.016281 0.008789
vt 0.015762 0.010254
vt 0.015656 0.008301
vt 0.014755 0.008789
vt 0.014366 0.008789
vt 0.015717 0.012207
vt 0.015305 0.010254
vt 0.013924 0.009277
vt 0.014763 0.010254
vt 0.013542 0.009277
vt 0.015205 0.012207
vt 0.013115 0.009766
vt 0.014282 0.010254
vt 0.011703 0.010254
vt 0.013718 0.010254
vt 0.011154 0.011230
vt 0.014725 0.012207
vt 0.014145 0.012207
vt 0.011078 0.012207
vt 0.011154 0.012695
vt 0.013718 0.013672
vt 0.011703 0.013672
vt 0.013115 0.014648
vt 0.014282 0.013672
vt 0.013542 0.014648
vt 0.014763 0.013672
vt 0.015305 0.013672
vt 0.016235 0.012207
vt 0.016190 0.012207
vt 0.016205 0.012207
vt 0.016174 0.012207
vt 0.016251 0.012207
vt 0.016266 0.012207
vt 0.016281 0.012207
vt 0.016281 0.012207
vt 0.016235 0.012207
vt 0.016220 0.012207
vt 0.104431 0.012207
vt 0.104431 0.012207
vt 0.045319 0.012207
vt 0.045319 0.012207
vt 0.045319 0.012207
vt 0.107849 0.012207
vt 0.107849 0.012207
vt 0.107849 0.012207
vt 0.016220 0.012207
vt 0.016205 0.012207
vt 0.016266 0.012207
vt 0.016174 0.012207
vt 0.104431 0.012207
vt 0.104431 0.012207
vt 0.046234 0.012207
vt 0.046234 0.012207
vt 0.016251 0.012207
vt 0.016251 0.012207
vt 0.016281 0.012207
vt 0.016235 0.012207
vt 0.016220 0.012207
vt 0.016190 0.012207
vt 0.016205 0.012207
vt 0.070740 0.012207
vt 0.070740 0.012207
vt 0.070801 0.012207
vt 0.070679 0.012207
vt 0.070679 0.012207
vt 0.964355 0.888245
vt 0.859375 0.963562
vt 0.832520 0.891479
vt 0.938965 0.814331
vt 0.811523 0.817505
vt 0.923340 0.737549
vt 0.798340 0.741699
vt 0.916016 0.659424
vt 0.792480 0.665039
vt 0.791016 0.588135
vt 0.916504 0.580811
vt 0.797363 0.511475
vt 0.924805 0.502930
vt 0.811523 0.436035
vt 0.943359 0.427246
vt 0.831543 0.361816
vt 0.975098 0.355469
vt 0.863281 0.291504
vt 0.016174 0.012207
vt 0.016266 0.012207
vt 0.070801 0.012207
vt 0.108521 0.012207
vt 0.108521 0.012207
vt 0.107910 0.012207
vt 0.107910 0.012207
vt 0.011307 0.012207
vt 0.011314 0.012207
vt 0.011322 0.012207
vt 0.964355 0.366699
vt 0.832520 0.363281
vt 0.859375 0.291504
vt 0.938965 0.440430
vt 0.811523 0.437500
vt 0.923340 0.517334
vt 0.798340 0.513184
vt 0.916016 0.595459
vt 0.792480 0.589844
vt 0.791016 0.666992
vt 0.916504 0.674072
vt 0.797363 0.743652
vt 0.924805 0.751953
vt 0.811523 0.819092
vt 0.943359 0.828003
vt 0.831543 0.893372
vt 0.975098 0.899658
vt 0.863281 0.963562
vt 0.014397 0.013672
vt 0.171509 0.013184
vt 0.014099 0.010742
s 1
usemtl e50:MI_Change_Brake1
f 1/1/1 2/2/1 3/1/1
f 4/3/2 5/4/3 6/5/4
f 7/6/5 8/7/6 9/7/7
f 10/8/8 11/9/8 12/8/8
f 13/10/9 14/11/10 11/9/9
f 14/11/10 13/10/9 15/11/11
f 16/12/12 14/11/10 15/11/11
f 16/12/12 17/12/13 14/11/10
f 18/13/14 17/12/13 16/12/12
f 19/13/14 17/12/13 18/13/14
f 20/14/15 19/13/14 18/13/14
f 21/15/16 19/13/14 20/14/15
f 22/16/17 21/15/16 20/14/15
f 20/14/15 23/16/17 22/16/17
f 24/17/18 22/16/17 23/16/17
f 23/16/17 25/17/18 24/17/18
f 25/17/18 26/18/5 24/17/18
f 26/18/5 25/17/18 27/18/5
f 28/6/19 26/18/5 27/18/5
f 29/19/11 13/10/9 30/10/20
f 30/10/20 31/20/10 29/19/11
f 13/10/9 29/19/11 15/11/11
f 32/8/21 13/10/9 10/8/22
f 13/10/9 32/8/21 30/10/20
f 11/9/9 10/8/22 13/10/9
f 33/10/9 34/19/10 30/10/20
f 30/10/20 34/19/10 31/20/10
f 34/19/10 33/10/9 35/11/11
f 33/10/9 32/8/21 36/8/22
f 32/8/21 33/10/9 30/10/20
f 36/8/22 37/9/10 33/10/9
f 37/9/10 36/8/22 38/8/22
f 28/6/19 39/21/23 40/6/19
f 40/6/19 39/21/23 41/22/5
f 39/21/23 28/6/19 27/18/5
f 26/18/5 28/6/19 7/6/5
f 28/6/19 42/7/24 8/7/6
f 8/7/6 7/6/5 28/6/19
f 42/7/24 28/6/19 40/6/19
f 40/6/19 41/22/5 43/21/23
f 44/6/19 43/21/23 45/18/5
f 43/21/23 44/6/19 40/6/19
f 44/6/19 46/18/19 47/23/25
f 48/7/6 47/23/25 49/7/6
f 42/7/24 44/6/19 48/7/6
f 44/6/19 42/7/24 40/6/19
f 47/23/25 48/7/6 44/6/19
f 38/8/22 36/8/22 50/24/26
f 32/8/21 50/24/26 36/8/22
f 50/24/26 32/8/21 51/24/27
f 32/8/21 52/25/21 51/24/27
f 52/25/21 32/8/21 10/8/22
f 53/26/28 54/27/28 55/28/28
f 53/26/28 55/28/28 56/28/28
f 57/29/29 58/30/29 53/26/29
f 53/26/29 58/30/29 54/27/29
f 59/31/30 56/28/30 55/28/30
f 56/28/30 59/31/30 60/31/30
f 58/30/15 57/29/15 60/31/15
f 58/30/15 60/31/15 59/31/15
f 61/32/31 62/33/31 63/34/31
f 62/33/31 61/32/31 64/32/31
f 65/35/15 66/36/15 67/37/15
f 66/36/15 65/35/15 68/35/15
f 69/38/32 70/39/32 71/39/32
f 69/38/32 71/39/32 72/40/32
f 72/40/28 63/34/28 69/38/28
f 69/38/28 63/34/28 62/33/28
f 70/39/15 73/41/15 71/39/15
f 71/39/15 73/41/15 74/41/15
f 75/42/15 64/32/15 76/42/15
f 76/42/15 64/32/15 61/32/15
f 73/41/33 67/37/34 74/41/33
f 74/41/33 67/37/34 66/36/33
f 68/35/35 65/35/36 75/42/35
f 68/35/35 75/42/35 76/42/35
f 77/33/31 78/32/31 79/34/31
f 78/32/31 77/33/31 80/32/31
f 81/35/15 82/37/15 83/36/15
f 83/36/15 84/35/15 81/35/15
f 85/39/32 86/38/32 87/39/32
f 88/40/32 87/39/32 86/38/32
f 86/38/28 79/34/28 88/40/28
f 79/34/28 86/38/28 77/33/28
f 89/41/15 85/39/15 87/39/15
f 87/39/15 90/41/15 89/41/15
f 91/42/15 80/32/15 92/42/15
f 80/32/15 91/42/15 78/32/15
f 89/41/34 90/41/37 82/37/37
f 90/41/37 83/36/34 82/37/37
f 84/35/35 92/42/35 81/35/35
f 92/42/35 84/35/35 91/42/38
f 93/43/39 94/44/40 95/45/41
f 94/44/40 96/46/42 95/45/41
f 1/1/43 97/47/44 2/2/45
f 1/1/43 98/48/46 97/47/44
f 99/49/47 100/50/48 101/51/49
f 102/52/50 101/51/49 100/50/48
f 4/3/2 6/5/4 103/53/51
f 4/3/2 103/53/51 104/54/52
f 105/55/53 106/56/53 107/57/53
f 105/55/53 107/57/53 108/58/53
f 109/59/53 110/60/53 111/61/53
f 109/59/53 111/61/53 112/62/53
f 113/63/53 114/64/53 115/65/53
f 113/63/53 115/65/53 116/66/53
f 117/67/54 34/19/10 118/68/55
f 34/19/10 117/67/54 31/20/10
f 119/69/56 117/67/54 120/70/57
f 120/70/57 117/67/54 118/68/57
f 121/16/58 122/17/58 123/71/58
f 123/71/58 124/72/58 121/16/58
f 37/9/59 125/12/60 126/11/59
f 125/12/60 37/9/59 38/8/61
f 127/17/62 49/7/63 47/23/64
f 127/17/62 47/23/64 46/18/65
f 128/73/66 129/74/66 130/75/66
f 128/73/67 130/75/68 131/75/28
f 131/75/28 130/75/68 132/73/69
f 131/75/28 132/73/69 133/74/70
f 133/74/70 132/73/69 134/76/71
f 134/76/71 135/76/72 133/74/70
f 136/77/15 135/76/72 134/76/71
f 136/77/15 137/77/15 135/76/72
f 138/76/73 137/77/15 136/77/15
f 138/76/73 139/76/74 137/77/15
f 129/74/75 139/76/74 138/76/73
f 139/76/73 129/74/75 128/73/75
f 140/78/76 141/78/76 142/79/68
f 143/79/68 142/79/68 141/78/76
f 142/79/68 143/79/68 144/80/69
f 145/81/69 144/80/69 143/79/68
f 145/81/69 146/82/77 144/80/69
f 146/82/77 145/81/69 147/82/78
f 147/82/78 148/83/79 146/82/77
f 148/83/79 147/82/78 149/83/79
f 149/83/79 150/84/73 148/83/79
f 150/84/73 149/83/79 151/84/73
f 150/84/73 151/84/73 140/78/76
f 140/78/76 151/84/73 141/78/76
f 152/85/80 153/86/81 154/85/82
f 153/86/81 95/45/83 154/85/82
f 95/45/83 155/87/84 154/85/82
f 156/88/53 157/89/53 158/90/53
f 157/89/53 159/91/53 158/90/53
f 159/91/53 160/92/53 158/90/53
f 161/13/29 162/93/29 120/70/29
f 163/93/29 120/70/29 162/93/29
f 163/93/29 119/69/29 120/70/29
f 164/70/29 119/69/29 163/93/29
f 165/94/29 164/70/29 163/93/29
f 18/13/29 164/70/29 165/94/29
f 38/8/22 50/24/26 166/95/85
f 166/95/85 50/24/26 167/95/86
f 168/96/87 166/95/85 167/95/86
f 169/96/88 168/96/87 167/95/86
f 170/97/89 168/96/87 169/96/88
f 171/97/89 170/97/89 169/96/88
f 172/98/28 170/97/89 171/97/89
f 173/98/28 172/98/28 171/97/89
f 174/99/90 172/98/28 173/98/28
f 174/99/90 175/99/90 172/98/28
f 176/100/91 175/99/90 174/99/90
f 176/100/91 177/101/91 175/99/90
f 178/102/92 177/101/91 176/100/91
f 178/102/92 179/102/93 177/101/91
f 180/103/94 179/102/93 178/102/92
f 179/102/93 180/103/94 49/7/6
f 49/7/6 180/103/94 48/7/6
f 23/16/30 181/104/30 182/72/30
f 183/105/30 182/72/30 181/104/30
f 183/105/30 184/106/30 182/72/30
f 124/72/30 184/106/30 183/105/30
f 185/105/30 124/72/30 183/105/30
f 121/16/30 124/72/30 185/105/30
f 186/107/30 187/108/30 188/107/30
f 189/108/95 188/107/30 187/108/95
f 187/108/95 190/109/96 189/108/95
f 190/109/96 191/109/97 189/108/95
f 192/110/98 191/109/97 190/109/96
f 193/110/98 191/109/97 192/110/98
f 194/111/99 193/110/98 192/110/98
f 195/111/99 193/110/98 194/111/99
f 196/112/100 195/111/99 194/111/99
f 197/112/101 195/111/99 196/112/100
f 198/113/102 197/112/101 196/112/100
f 197/112/101 198/113/102 199/113/103
f 198/113/102 200/114/29 199/113/103
f 200/114/29 198/113/103 201/114/29
f 202/115/29 203/116/103 204/115/29
f 202/115/29 205/116/103 203/116/103
f 205/116/103 206/117/101 203/116/103
f 205/116/103 207/117/104 206/117/101
f 207/117/104 208/118/105 206/117/101
f 208/118/105 207/117/104 209/118/99
f 209/118/99 210/119/98 208/118/105
f 210/119/98 209/118/99 211/119/98
f 211/119/98 212/120/106 210/119/98
f 212/120/106 211/119/98 213/120/96
f 212/120/106 213/120/96 214/121/95
f 214/121/95 213/120/96 215/121/95
f 216/122/30 214/121/95 215/121/95
f 216/122/30 215/121/95 217/122/30
f 69/38/53 73/41/53 70/39/53
f 69/38/53 67/37/53 73/41/53
f 67/37/53 69/38/53 62/33/53
f 67/37/53 62/33/53 65/35/53
f 62/33/53 75/42/53 65/35/53
f 62/33/53 64/32/53 75/42/53
f 86/38/107 85/39/107 89/41/107
f 86/38/107 89/41/107 82/37/107
f 82/37/107 77/33/107 86/38/107
f 77/33/107 82/37/107 81/35/107
f 77/33/107 81/35/107 92/42/107
f 77/33/107 92/42/107 80/32/107
f 3/1/108 218/123/109 1/1/110
f 218/123/109 219/123/109 1/1/110
f 220/124/111 219/123/109 218/123/109
f 219/123/109 220/124/111 221/124/111
f 222/125/15 221/124/111 220/124/111
f 223/126/15 221/124/111 222/125/15
f 222/125/15 224/127/112 223/126/15
f 224/127/112 222/125/15 225/127/113
f 226/128/114 224/127/112 225/127/113
f 224/127/112 226/128/114 227/128/114
f 4/3/115 227/128/114 226/128/114
f 4/3/115 226/128/114 5/4/116
f 95/45/41 228/129/117 155/87/118
f 228/129/117 95/45/41 96/46/42
f 229/130/119 228/129/117 96/46/42
f 229/130/119 96/46/42 230/130/120
f 229/130/119 230/130/120 231/131/121
f 230/130/120 96/46/42 232/129/122
f 96/46/42 94/44/40 232/129/122
f 231/131/121 230/130/120 233/131/121
f 233/131/121 234/132/80 231/131/121
f 230/130/120 232/129/122 235/130/123
f 233/131/121 230/130/120 235/130/123
f 234/132/80 233/131/121 236/132/80
f 236/132/80 237/133/28 234/132/80
f 233/131/121 235/130/123 238/131/124
f 238/131/124 236/132/80 233/131/121
f 232/129/122 239/134/125 235/130/123
f 235/130/123 240/135/126 238/131/124
f 240/135/126 235/130/123 239/134/125
f 236/132/80 238/131/124 241/132/127
f 241/132/127 238/131/124 240/135/126
f 237/133/28 236/132/80 242/136/28
f 241/132/127 242/136/28 236/132/80
f 243/137/128 237/133/28 242/136/28
f 244/137/128 237/133/28 243/137/128
f 242/136/28 241/132/127 245/136/129
f 246/138/130 244/137/128 243/137/128
f 244/137/128 246/138/130 247/138/131
f 242/136/28 248/137/132 243/137/128
f 248/137/132 242/136/28 245/136/129
f 243/137/128 249/138/133 246/138/130
f 249/138/133 243/137/128 248/137/132
f 247/138/131 246/138/130 250/139/134
f 249/138/133 250/139/134 246/138/130
f 250/139/134 251/140/135 247/138/131
f 252/141/136 249/138/133 248/137/132
f 250/139/134 102/52/50 251/140/135
f 102/52/50 253/142/50 251/140/135
f 253/142/50 100/50/48 254/143/48
f 100/50/48 253/142/50 102/52/50
f 255/142/137 102/52/50 250/139/134
f 101/51/49 102/52/50 255/142/137
f 250/139/134 249/138/133 256/139/138
f 256/139/138 255/142/137 250/139/134
f 257/144/139 256/139/138 249/138/133
f 257/144/139 255/142/137 256/139/138
f 257/144/139 249/138/133 252/141/136
f 258/145/140 101/51/49 255/142/137
f 255/142/137 257/144/139 258/145/140
f 252/141/136 248/137/132 259/146/141
f 248/137/132 245/136/129 259/146/141
f 260/147/53 257/144/139 252/141/136
f 252/141/136 259/146/141 260/147/53
f 261/148/142 258/145/140 257/144/139
f 257/144/139 260/147/53 261/148/142
f 258/145/140 261/148/142 262/149/143
f 260/147/53 259/146/141 263/150/142
f 262/149/143 264/151/144 258/145/140
f 101/51/49 258/145/140 264/151/144
f 260/147/53 265/152/142 261/148/142
f 261/148/142 265/152/142 262/149/143
f 263/150/142 265/152/142 260/147/53
f 264/151/144 262/149/143 266/151/145
f 262/149/143 265/152/142 266/151/145
f 267/153/143 264/151/144 266/151/145
f 266/151/145 265/152/142 267/153/143
f 101/51/49 264/151/144 268/154/146
f 264/151/144 267/153/143 268/154/146
f 268/154/146 99/49/47 101/51/49
f 269/155/147 268/154/146 267/153/143
f 267/153/143 265/152/142 269/155/147
f 268/154/146 270/156/148 99/49/47
f 268/154/146 269/155/147 270/156/148
f 270/156/148 271/157/149 99/49/47
f 272/158/150 271/157/149 270/156/148
f 272/158/150 270/156/148 269/155/147
f 271/157/149 272/158/150 273/159/151
f 274/160/152 272/158/150 269/155/147
f 269/155/147 265/152/142 274/160/152
f 275/161/153 273/159/151 272/158/150
f 274/160/152 275/161/153 272/158/150
f 273/159/151 275/161/153 276/162/154
f 275/161/153 274/160/152 277/163/155
f 274/160/152 265/152/142 277/163/155
f 275/161/153 278/164/156 276/162/154
f 279/164/157 276/162/154 278/164/156
f 280/165/53 275/161/153 277/163/155
f 277/163/155 265/152/142 280/165/53
f 278/164/156 275/161/153 281/166/158
f 281/166/158 275/161/153 280/165/53
f 279/164/157 278/164/156 282/167/159
f 281/166/158 282/167/159 278/164/156
f 279/164/157 282/167/159 283/167/112
f 280/165/53 284/168/160 281/166/158
f 282/167/159 281/166/158 284/168/160
f 284/168/160 280/165/53 285/169/53
f 280/165/53 265/152/142 285/169/53
f 284/168/160 286/170/161 282/167/159
f 283/167/112 282/167/159 286/170/161
f 285/169/53 287/171/162 284/168/160
f 286/170/161 284/168/160 287/171/162
f 287/171/162 285/169/53 288/172/163
f 285/169/53 265/152/142 288/172/163
f 289/173/53 287/171/162 288/172/163
f 289/173/53 288/172/163 265/152/142
f 287/171/162 289/173/53 290/174/164
f 290/174/164 286/170/161 287/171/162
f 291/175/53 290/174/164 289/173/53
f 291/175/53 289/173/53 265/152/142
f 286/170/161 290/174/164 292/176/165
f 290/174/164 291/175/53 293/177/166
f 293/177/166 292/176/165 290/174/164
f 294/178/167 293/177/166 291/175/53
f 292/176/165 293/177/166 295/179/168
f 294/178/167 295/179/168 293/177/166
f 292/176/165 295/179/168 296/179/169
f 297/180/170 296/179/169 295/179/168
f 295/179/168 294/178/167 297/180/170
f 298/176/111 292/176/165 296/179/169
f 286/170/161 292/176/165 298/176/111
f 297/180/170 294/178/167 299/181/171
f 300/170/15 286/170/161 298/176/111
f 283/167/112 286/170/161 300/170/15
f 300/170/15 298/176/111 301/176/172
f 302/170/15 300/170/15 301/176/172
f 301/176/172 298/176/111 303/179/173
f 304/182/113 300/170/15 302/170/15
f 304/182/113 283/167/112 300/170/15
f 298/176/111 296/179/169 303/179/173
f 305/164/174 283/167/112 304/182/113
f 305/164/174 279/164/157 283/167/112
f 97/47/175 303/179/173 296/179/169
f 303/179/173 97/47/175 98/48/176
f 296/179/169 297/180/170 97/47/175
f 97/47/175 297/180/170 299/181/171
f 305/164/174 103/53/177 279/164/157
f 103/53/177 305/164/174 104/54/178
f 276/162/154 279/164/157 103/53/177
f 103/53/177 273/159/151 276/162/154
f 294/178/167 291/175/53 306/183/179
f 306/183/179 291/175/53 265/152/142
f 307/184/180 294/178/167 306/183/179
f 307/184/180 306/183/179 265/152/142
f 294/178/167 307/184/180 308/185/181
f 299/181/171 294/178/167 308/185/181
f 308/185/181 309/186/182 299/181/171
f 310/187/147 308/185/181 307/184/180
f 310/187/147 307/184/180 265/152/142
f 309/186/182 308/185/181 311/188/183
f 310/187/147 311/188/183 308/185/181
f 93/43/39 309/186/182 311/188/183
f 311/188/183 312/189/184 93/43/39
f 310/187/147 312/189/184 311/188/183
f 312/189/184 94/44/40 93/43/39
f 313/190/53 312/189/184 310/187/147
f 313/190/53 310/187/147 265/152/142
f 94/44/40 312/189/184 314/191/185
f 313/190/53 314/191/185 312/189/184
f 315/192/186 94/44/40 314/191/185
f 94/44/40 315/192/186 232/129/122
f 314/191/185 313/190/53 316/193/187
f 316/193/187 313/190/53 265/152/142
f 239/134/125 232/129/122 315/192/186
f 317/66/188 314/191/185 316/193/187
f 314/191/185 317/66/188 315/192/186
f 317/66/188 316/193/187 265/152/142
f 318/194/142 315/192/186 317/66/188
f 315/192/186 318/194/142 239/134/125
f 318/194/142 317/66/188 265/152/142
f 319/195/53 239/134/125 318/194/142
f 319/195/53 318/194/142 265/152/142
f 239/134/125 319/195/53 240/135/126
f 320/196/142 319/195/53 265/152/142
f 321/197/189 240/135/126 319/195/53
f 321/197/189 319/195/53 320/196/142
f 321/197/189 241/132/127 240/135/126
f 245/136/129 241/132/127 321/197/189
f 322/198/53 320/196/142 265/152/142
f 322/198/53 265/152/142 263/150/142
f 320/196/142 323/199/190 321/197/189
f 323/199/190 320/196/142 322/198/53
f 321/197/189 323/199/190 245/136/129
f 263/150/142 323/199/190 322/198/53
f 259/146/141 245/136/129 323/199/190
f 259/146/141 323/199/190 263/150/142
f 104/54/191 227/128/192 4/3/191
f 227/128/192 104/54/191 305/164/192
f 305/164/192 224/127/193 227/128/192
f 224/127/193 305/164/192 304/182/194
f 304/182/194 302/170/195 224/127/193
f 302/170/195 223/126/196 224/127/193
f 221/124/197 223/126/196 302/170/195
f 221/124/197 302/170/195 301/176/197
f 219/123/198 221/124/197 301/176/197
f 219/123/198 301/176/197 303/179/198
f 98/48/199 219/123/198 303/179/198
f 219/123/198 98/48/199 1/1/199
f 97/47/44 324/200/200 2/2/201
f 324/200/200 97/47/44 299/181/171
f 299/181/171 325/201/182 324/200/200
f 325/201/182 299/181/171 309/186/182
f 325/201/182 309/186/182 326/202/202
f 326/202/202 309/186/182 93/43/39
f 95/45/83 326/202/202 93/43/39
f 326/202/202 95/45/83 153/86/81
f 327/203/203 103/53/51 6/5/4
f 103/53/51 327/203/203 273/159/151
f 328/204/149 273/159/151 327/203/203
f 273/159/151 328/204/149 271/157/149
f 329/205/204 271/157/149 328/204/149
f 271/157/149 329/205/204 99/49/47
f 329/205/204 100/50/205 99/49/47
f 100/50/205 329/205/204 330/206/206
f 331/207/128 332/207/207 330/206/206
f 330/206/206 332/207/207 100/50/205
f 100/50/205 332/207/207 254/143/208
f 46/18/19 44/6/19 45/18/5
f 46/18/19 45/18/5 122/17/18
f 122/17/18 127/17/209 46/18/19
f 122/17/18 121/16/17 127/17/209
f 127/17/209 121/16/17 333/16/17
f 334/14/15 333/16/17 121/16/17
f 333/16/17 334/14/15 335/208/15
f 334/14/15 336/13/14 335/208/15
f 336/13/14 334/14/15 161/13/14
f 161/13/14 125/12/210 336/13/14
f 125/12/210 161/13/14 337/12/211
f 337/12/211 126/11/11 125/12/210
f 126/11/11 337/12/211 35/11/11
f 33/10/9 126/11/11 35/11/11
f 126/11/11 33/10/9 37/9/10
f 127/17/212 179/102/107 49/7/213
f 179/102/107 127/17/212 333/16/214
f 179/102/107 333/16/214 177/101/107
f 335/208/107 177/101/107 333/16/214
f 177/101/107 335/208/107 175/99/107
f 335/208/107 172/98/107 175/99/107
f 335/208/107 170/97/107 172/98/107
f 170/97/107 335/208/107 168/96/107
f 335/208/107 336/13/107 168/96/107
f 336/13/107 166/95/107 168/96/107
f 336/13/107 125/12/215 166/95/107
f 166/95/107 125/12/215 38/8/213
f 12/8/216 52/25/21 10/8/22
f 338/209/21 52/25/21 12/8/216
f 52/25/21 338/209/21 339/210/21
f 339/210/21 338/209/21 340/211/217
f 340/211/217 338/209/21 341/211/218
f 340/211/217 341/211/218 342/95/219
f 342/95/219 341/211/218 343/95/220
f 342/95/219 343/95/220 344/212/221
f 344/212/221 343/95/220 345/212/222
f 345/212/222 346/213/223 344/212/221
f 346/213/223 345/212/222 347/213/223
f 348/96/224 346/213/223 347/213/223
f 349/96/225 346/213/223 348/96/224
f 350/214/226 349/96/225 348/96/224
f 349/96/225 350/214/226 351/97/89
f 352/215/28 351/97/89 350/214/226
f 351/97/89 352/215/28 353/98/28
f 352/215/28 354/99/90 353/98/28
f 354/99/90 352/215/28 355/216/90
f 355/216/90 356/100/227 354/99/90
f 356/100/227 355/216/90 357/100/228
f 357/100/228 358/217/229 356/100/227
f 358/217/229 357/100/228 359/217/229
f 360/218/230 358/217/229 359/217/229
f 360/218/230 361/219/231 358/217/229
f 361/219/231 360/218/230 362/102/232
f 362/102/232 363/220/233 361/219/231
f 363/220/233 362/102/232 364/221/24
f 364/221/24 365/222/24 363/220/233
f 365/222/24 364/221/24 366/223/234
f 366/223/234 367/224/235 365/222/24
f 366/223/234 368/225/24 367/224/235
f 368/225/24 366/223/234 9/7/7
f 9/7/7 8/7/6 368/225/24
f 42/7/24 368/225/24 8/7/6
f 368/225/24 42/7/24 369/103/236
f 42/7/24 180/103/94 369/103/236
f 180/103/94 42/7/24 48/7/6
f 195/111/53 197/112/53 199/113/53
f 199/113/53 193/110/53 195/111/53
f 199/113/53 189/108/53 193/110/53
f 193/110/53 189/108/53 191/109/53
f 199/113/53 200/114/53 189/108/53
f 200/114/53 188/107/53 189/108/53
f 205/116/53 202/115/53 217/122/53
f 205/116/53 217/122/53 215/121/53
f 209/118/53 207/117/53 205/116/53
f 205/116/53 215/121/53 209/118/53
f 209/118/53 215/121/53 211/119/53
f 211/119/53 215/121/53 213/120/53
f 370/226/237 332/207/238 331/207/238
f 332/207/238 370/226/237 371/227/237
f 372/228/239 371/227/237 370/226/237
f 372/228/239 370/226/237 373/228/239
f 374/229/130 372/228/239 373/228/239
f 374/229/130 373/228/239 375/229/130
f 376/230/240 374/229/130 375/229/130
f 375/229/130 377/230/240 376/230/240
f 378/231/28 376/230/240 377/230/240
f 377/230/240 379/231/28 378/231/28
f 379/231/28 380/232/241 378/231/28
f 378/231/28 380/232/241 381/232/241
f 380/232/241 382/233/121 381/232/241
f 381/232/241 382/233/121 383/233/121
f 382/233/121 384/234/242 383/233/121
f 384/234/242 385/234/120 383/233/121
f 384/234/242 386/235/243 385/234/120
f 387/236/243 385/234/120 386/235/243
f 386/235/243 154/85/244 387/236/243
f 154/85/244 386/235/243 152/85/244
f 371/227/245 254/143/246 332/207/246
f 254/143/246 371/227/245 253/142/245
f 371/227/245 251/140/247 253/142/245
f 251/140/247 371/227/245 372/228/247
f 372/228/247 374/229/248 251/140/247
f 247/138/248 251/140/247 374/229/248
f 374/229/248 376/230/249 247/138/248
f 244/137/249 247/138/248 376/230/249
f 376/230/249 378/231/250 244/137/249
f 244/137/249 378/231/250 237/133/251
f 378/231/250 234/132/252 237/133/251
f 378/231/250 381/232/252 234/132/252
f 381/232/252 231/131/253 234/132/252
f 381/232/252 383/233/253 231/131/253
f 383/233/253 229/130/254 231/131/253
f 383/233/253 385/234/255 229/130/254
f 387/236/256 229/130/254 385/234/255
f 229/130/254 387/236/256 228/129/256
f 155/87/257 228/129/256 387/236/256
f 155/87/257 387/236/256 154/85/257
f 388/237/53 389/238/53 390/239/53
f 388/237/53 390/239/53 391/240/53
f 391/240/53 390/239/53 392/241/53
f 392/241/53 390/239/53 393/242/53
f 394/243/53 395/244/53 396/245/53
f 395/244/53 394/243/53 397/246/53
f 398/247/53 395/244/53 397/246/53
f 395/244/53 398/247/53 399/248/53
f 400/249/53 401/250/53 402/251/53
f 403/252/53 401/250/53 400/249/53
f 404/253/53 401/250/53 403/252/53
f 404/253/53 405/254/53 401/250/53
f 406/255/53 407/256/53 408/257/53
f 407/256/53 406/255/53 409/258/53
f 410/259/53 407/256/53 409/258/53
f 407/256/53 410/259/53 411/260/53
f 18/13/258 412/261/259 164/70/258
f 412/261/259 18/13/258 16/12/260
f 15/11/11 412/261/259 16/12/260
f 412/261/259 15/11/11 29/19/11
f 164/70/261 117/67/54 119/69/56
f 117/67/54 164/70/261 412/261/261
f 29/19/11 117/67/54 412/261/261
f 117/67/54 29/19/11 31/20/10
f 35/11/11 118/68/55 34/19/10
f 118/68/55 35/11/11 337/12/262
f 161/13/55 118/68/55 337/12/262
f 120/70/55 118/68/55 161/13/55
f 27/18/5 413/71/263 39/21/23
f 413/71/263 27/18/5 25/17/264
f 25/17/264 23/16/265 413/71/263
f 413/71/263 23/16/265 182/72/265
f 39/21/23 414/262/266 41/22/5
f 414/262/266 39/21/23 413/71/267
f 413/71/267 182/72/267 414/262/266
f 414/262/266 182/72/267 184/106/268
f 414/262/266 184/106/268 124/72/269
f 124/72/269 123/71/270 414/262/266
f 43/21/23 41/22/5 414/262/266
f 43/21/23 414/262/266 123/71/270
f 45/18/5 43/21/23 123/71/270
f 45/18/5 123/71/270 122/17/271
f 51/24/272 162/93/272 50/24/272
f 162/93/272 51/24/272 163/93/272
f 165/94/272 163/93/272 51/24/272
f 165/94/272 51/24/272 52/25/272
f 368/225/273 369/103/273 181/104/273
f 369/103/273 183/105/273 181/104/273
f 369/103/273 185/105/273 183/105/273
f 180/103/273 185/105/273 369/103/273
f 50/24/53 162/93/53 167/95/53
f 162/93/53 334/14/53 167/95/53
f 334/14/53 162/93/53 161/13/53
f 167/95/53 334/14/53 169/96/53
f 169/96/53 334/14/53 171/97/53
f 171/97/53 334/14/53 173/98/53
f 174/99/53 173/98/53 334/14/53
f 176/100/53 174/99/53 334/14/53
f 178/102/53 176/100/53 334/14/53
f 178/102/53 334/14/53 185/105/53
f 180/103/53 178/102/53 185/105/53
f 334/14/53 121/16/53 185/105/53
f 368/225/107 181/104/107 367/224/212
f 367/224/212 181/104/107 365/222/214
f 365/222/214 181/104/107 363/220/274
f 363/220/274 181/104/107 361/219/275
f 181/104/107 358/217/107 361/219/275
f 358/217/107 181/104/107 20/14/107
f 20/14/107 181/104/107 23/16/107
f 358/217/107 20/14/107 356/100/107
f 356/100/107 20/14/107 354/99/107
f 354/99/107 20/14/107 353/98/107
f 351/97/107 353/98/107 20/14/107
f 349/96/107 351/97/107 20/14/107
f 346/213/107 349/96/107 20/14/107
f 165/94/107 346/213/107 20/14/107
f 20/14/107 18/13/107 165/94/107
f 346/213/107 165/94/107 344/212/213
f 342/95/276 344/212/213 165/94/107
f 340/211/214 342/95/276 165/94/107
f 339/210/215 340/211/214 165/94/107
f 52/25/107 339/210/215 165/94/107
f 137/77/277 415/263/277 135/76/277
f 135/76/278 415/263/53 133/74/279
f 139/76/280 415/263/53 137/77/281
f 133/74/279 415/263/53 131/75/282
f 128/73/283 415/263/53 139/76/280
f 131/75/282 415/263/53 128/73/283
f 148/83/281 150/84/280 416/264/284
f 146/82/285 148/83/281 416/264/284
f 150/84/280 140/78/283 416/264/284
f 144/80/279 146/82/285 416/264/284
f 140/78/283 142/79/282 416/264/284
f 142/79/282 144/80/279 416/264/284
f 417/18/286 24/17/286 26/18/286
f 26/18/5 7/6/5 417/18/142
f 22/16/17 24/17/18 417/18/142
f 7/6/5 418/265/143 417/18/142
f 9/7/7 418/265/143 7/6/5
f 366/223/234 418/265/143 9/7/7
f 22/16/17 417/18/142 419/266/287
f 418/265/143 366/223/234 420/267/288
f 420/267/288 417/18/142 418/265/143
f 419/266/287 21/15/16 22/16/17
f 420/267/288 421/268/289 417/18/142
f 421/268/289 419/266/287 417/18/142
f 366/223/234 422/269/290 420/267/288
f 422/269/290 421/268/289 420/267/288
f 422/269/290 366/223/234 364/221/24
f 21/15/16 419/266/287 423/270/53
f 424/271/291 422/269/290 364/221/24
f 364/221/24 362/102/232 424/271/291
f 425/272/53 21/15/16 423/270/53
f 21/15/16 425/272/53 19/13/14
f 419/266/287 426/273/292 423/270/53
f 426/273/292 425/272/53 423/270/53
f 426/273/292 419/266/287 421/268/289
f 427/274/163 19/13/14 425/272/53
f 19/13/14 427/274/163 17/12/13
f 17/12/13 427/274/163 14/11/10
f 427/274/163 11/9/9 14/11/10
f 425/272/53 426/273/292 428/275/293
f 427/274/163 425/272/53 428/275/293
f 11/9/9 427/274/163 429/276/53
f 11/9/9 429/276/53 12/8/216
f 429/276/53 338/209/21 12/8/216
f 427/274/163 430/277/294 429/276/53
f 338/209/21 429/276/53 430/277/294
f 428/275/293 430/277/294 427/274/163
f 431/278/295 338/209/21 430/277/294
f 428/275/293 431/278/295 430/277/294
f 338/209/21 431/278/295 341/211/218
f 428/275/293 426/273/292 432/279/296
f 432/279/296 426/273/292 421/268/289
f 431/278/295 428/275/293 433/280/297
f 432/279/296 433/280/297 428/275/293
f 434/281/298 341/211/218 431/278/295
f 341/211/218 434/281/298 343/95/220
f 435/282/299 431/278/295 433/280/297
f 431/278/295 435/282/299 434/281/298
f 436/283/300 343/95/220 434/281/298
f 435/282/299 436/283/300 434/281/298
f 343/95/220 436/283/300 345/212/222
f 433/280/297 437/284/301 435/282/299
f 437/284/301 433/280/297 432/279/296
f 438/285/53 345/212/222 436/283/300
f 345/212/222 438/285/53 347/213/223
f 436/283/300 435/282/299 439/286/302
f 439/286/302 438/285/53 436/283/300
f 440/287/53 347/213/223 438/285/53
f 347/213/223 440/287/53 348/96/224
f 350/214/226 348/96/224 440/287/53
f 438/285/53 439/286/302 441/288/53
f 440/287/53 438/285/53 441/288/53
f 440/287/53 442/289/188 350/214/226
f 441/288/53 442/289/188 440/287/53
f 352/215/28 350/214/226 442/289/188
f 443/290/303 441/288/53 439/286/302
f 435/282/299 443/290/303 439/286/302
f 443/290/303 435/282/299 437/284/301
f 442/289/188 441/288/53 444/291/53
f 441/288/53 443/290/303 444/291/53
f 442/289/188 445/292/142 352/215/28
f 444/291/53 445/292/142 442/289/188
f 446/293/53 352/215/28 445/292/142
f 444/291/53 446/293/53 445/292/142
f 352/215/28 446/293/53 355/216/90
f 444/291/53 447/294/53 446/293/53
f 443/290/303 447/294/53 444/291/53
f 448/295/53 355/216/90 446/293/53
f 446/293/53 447/294/53 448/295/53
f 355/216/90 448/295/53 357/100/228
f 448/295/53 359/217/229 357/100/228
f 448/295/53 449/296/142 359/217/229
f 448/295/53 447/294/53 449/296/142
f 449/296/142 360/218/230 359/217/229
f 447/294/53 443/290/303 450/297/304
f 450/297/304 449/296/142 447/294/53
f 449/296/142 451/298/305 360/218/230
f 449/296/142 450/297/304 451/298/305
f 362/102/232 360/218/230 451/298/305
f 451/298/305 424/271/291 362/102/232
f 443/290/303 452/299/306 450/297/304
f 452/299/306 451/298/305 450/297/304
f 451/298/305 452/299/306 424/271/291
f 452/299/306 443/290/303 437/284/301
f 452/299/306 422/269/290 424/271/291
f 452/299/306 437/284/301 453/300/307
f 422/269/290 452/299/306 453/300/307
f 453/300/307 437/284/301 432/279/296
f 421/268/289 422/269/290 453/300/307
f 453/300/307 432/279/296 421/268/289
f 454/301/308 455/301/308 456/301/308
f 457/302/309 458/302/310 459/302/311
f 460/303/5 461/273/312 462/302/19
f 463/304/313 464/304/314 465/304/315
f 464/304/314 466/304/316 467/304/317
f 468/305/318 469/305/319 470/305/320
f 471/306/321 472/306/322 473/306/323
f 474/307/324 475/308/325 476/308/326
f 477/301/327 478/305/328 479/309/329
f 480/309/330 481/310/331 482/301/332
f 483/310/333 484/304/334 485/304/335
f 486/311/336 487/311/336 488/312/23
f 489/311/337 490/311/338 491/312/339
f 492/312/336 493/311/340 494/312/341
f 495/313/342 496/314/337 497/315/343
f 498/314/337 499/313/344 500/314/344
f 501/314/345 502/315/346 503/313/347
f 503/313/347 504/315/348 501/314/345
f 505/315/337 506/313/349 507/314/350
f 508/315/346 509/313/351 510/314/352
f 511/314/337 510/314/352 509/313/351
f 496/314/337 512/313/353 497/315/343
f 513/313/354 514/314/355 515/315/337
f 514/314/355 513/313/354 516/314/339
f 517/313/351 516/314/339 513/313/354
f 518/313/356 519/315/343 520/314/337
f 521/313/348 520/314/337 519/315/343
f 522/314/357 523/313/358 524/313/359
f 514/314/355 522/314/357 524/313/359
f 514/314/355 524/313/359 515/315/337
f 525/314/360 526/313/360 527/315/361
f 526/313/360 525/314/360 528/314/362
f 528/314/362 529/313/363 526/313/360
f 530/313/364 531/314/340 532/315/365
f 531/314/340 533/313/366 532/315/365
f 534/313/367 535/314/368 536/313/368
f 535/314/368 525/314/360 536/313/368
f 536/313/368 525/314/360 527/315/361
f 537/314/369 538/315/336 539/314/23
f 538/315/336 540/314/370 539/314/23
f 541/316/371 542/317/372 543/316/373
f 544/316/374 545/317/375 546/318/376
f 547/301/377 548/319/377 549/310/377
f 548/319/378 550/319/379 549/310/380
f 551/303/360 552/320/19 460/303/5
f 551/303/360 553/310/381 552/320/19
f 554/321/382 555/306/383 556/321/384
f 557/306/385 554/321/382 556/321/384
f 558/305/386 559/309/355 560/301/387
f 561/305/350 559/309/355 558/305/386
f 562/309/388 563/310/389 564/309/317
f 565/309/390 563/310/389 562/309/388
f 566/304/391 567/322/392 568/304/393
f 567/322/392 569/322/394 568/304/393
f 487/311/336 486/311/336 493/311/340
f 493/311/340 492/312/336 487/311/336
f 486/311/395 489/311/396 493/311/396
f 489/311/396 486/311/395 570/312/395
f 488/312/397 571/323/398 486/311/398
f 486/311/398 571/323/398 570/312/399
f 488/312/53 487/311/53 572/324/53
f 488/312/53 572/324/53 571/323/53
f 492/312/400 490/311/400 487/311/400
f 487/311/400 490/311/400 572/324/401
f 494/312/402 490/311/402 492/312/403
f 490/311/402 494/312/402 491/312/402
f 493/311/107 491/312/107 494/312/107
f 491/312/107 493/311/107 489/311/107
f 496/314/337 495/313/342 498/314/337
f 499/313/344 498/314/337 495/313/342
f 511/314/337 509/313/351 512/313/353
f 496/314/337 511/314/337 512/313/353
f 573/315/348 574/315/353 575/315/404
f 575/315/404 576/315/405 573/315/348
f 576/315/405 575/315/404 518/313/356
f 520/314/337 576/315/405 518/313/356
f 520/314/337 521/313/348 577/315/347
f 578/313/355 577/315/347 521/313/348
f 579/315/342 523/313/358 580/315/406
f 522/314/357 580/315/406 523/313/358
f 530/313/364 581/313/25 582/314/407
f 582/314/407 531/314/340 530/313/364
f 533/313/366 531/314/340 583/314/360
f 583/314/360 584/313/408 533/313/366
f 585/325/409 586/326/409 587/326/410
f 585/325/409 587/326/411 588/325/410
f 589/326/412 585/325/413 590/325/413
f 585/325/413 589/326/412 586/326/412
f 590/325/414 591/325/414 589/326/414
f 591/325/414 590/325/414 592/326/414
f 591/325/415 592/326/415 593/326/415
f 591/325/416 593/326/416 594/325/416
f 588/325/417 587/326/417 594/325/41
f 594/325/41 593/326/417 588/325/417
f 485/304/335 595/310/418 483/310/333
f 595/310/418 485/304/335 596/322/419
f 597/318/420 598/316/421 599/316/422
f 598/316/421 597/318/420 600/318/423
f 601/316/424 602/317/425 603/316/426
f 602/317/425 601/316/424 604/316/427
f 605/316/428 606/318/429 607/316/430
f 606/318/429 605/316/428 608/318/431
f 609/319/432 610/303/432 611/319/432
f 611/319/433 612/319/434 609/319/433
f 612/319/434 611/319/433 613/319/435
f 613/319/435 614/309/436 612/319/434
f 614/309/436 613/319/435 615/309/437
f 615/309/437 616/309/438 614/309/436
f 616/309/438 615/309/437 617/309/416
f 617/309/416 618/309/439 616/309/438
f 616/309/438 618/309/439 619/301/439
f 566/304/391 620/304/440 567/322/392
f 464/304/314 567/322/392 620/304/440
f 567/322/392 464/304/314 621/322/314
f 621/322/314 464/304/314 467/304/317
f 621/322/314 467/304/317 622/322/441
f 623/321/442 473/306/323 624/321/443
f 624/321/443 625/305/444 623/321/442
f 625/305/444 624/321/443 626/327/445
f 625/305/444 627/305/446 628/327/447
f 629/327/448 628/327/447 627/305/446
f 628/327/447 629/327/448 630/305/449
f 631/327/450 632/305/451 633/327/452
f 633/327/452 634/327/453 631/327/450
f 634/327/453 633/327/452 635/321/454
f 635/321/454 636/321/455 634/327/453
f 637/321/456 634/327/453 636/321/455
f 638/321/457 637/321/456 636/321/455
f 638/321/457 639/328/458 637/321/456
f 639/328/458 638/321/457 640/321/459
f 641/329/460 640/321/459 638/321/457
f 639/328/458 640/321/459 642/321/461
f 641/329/460 643/306/462 640/321/459
f 640/321/459 643/306/462 642/321/461
f 643/306/462 644/321/463 642/321/461
f 644/321/463 643/306/462 645/321/463
f 645/321/463 646/321/464 644/321/463
f 646/321/464 645/321/463 647/321/465
f 648/321/466 646/321/464 647/321/465
f 648/321/466 649/321/467 646/321/464
f 648/321/466 650/321/468 649/321/467
f 651/329/469 649/321/467 650/321/468
f 649/321/467 651/329/469 652/321/470
f 651/329/469 653/308/458 652/321/470
f 654/308/471 652/321/470 653/308/458
f 654/308/471 655/327/472 652/321/470
f 654/308/471 656/308/472 655/327/472
f 657/321/473 655/327/472 656/308/472
f 655/327/472 657/321/473 658/327/474
f 658/327/474 657/321/473 659/321/475
f 660/321/476 658/327/474 659/321/475
f 660/321/476 661/327/477 658/327/474
f 661/327/477 660/321/476 662/321/478
f 663/328/479 661/327/477 662/321/478
f 661/327/477 663/328/479 664/327/480
f 664/327/480 663/328/479 665/327/481
f 666/327/482 664/327/480 665/327/481
f 664/327/480 666/327/482 667/309/483
f 668/309/484 667/309/483 666/327/482
f 667/309/483 668/309/484 669/330/485
f 670/309/486 669/330/485 668/309/484
f 671/330/487 670/309/486 668/309/484
f 672/319/488 669/330/485 670/309/486
f 671/330/487 673/319/489 670/309/486
f 673/319/489 672/319/488 670/309/486
f 672/319/488 673/319/489 674/331/490
f 673/319/489 675/319/491 674/331/490
f 674/331/490 675/319/491 676/273/492
f 677/320/493 676/273/492 675/319/491
f 678/320/494 676/273/492 677/320/493
f 676/273/492 678/320/494 679/273/495
f 679/273/495 678/320/494 680/302/496
f 681/273/497 682/304/498 683/322/499
f 683/322/499 684/332/500 681/273/497
f 683/322/499 685/273/501 684/332/500
f 686/332/502 687/273/503 684/332/500
f 684/332/500 685/273/501 686/332/502
f 686/332/502 685/273/501 688/332/504
f 689/273/505 688/332/504 685/273/501
f 689/273/505 690/333/506 688/332/504
f 690/333/506 689/273/505 691/320/507
f 691/320/507 692/320/508 690/333/506
f 692/320/508 691/320/507 693/320/508
f 693/320/508 694/319/509 692/320/508
f 694/319/509 693/320/508 695/319/510
f 695/319/510 696/319/511 694/319/509
f 696/319/511 695/319/510 697/319/512
f 697/319/512 698/309/513 696/319/511
f 698/309/513 697/319/512 699/319/514
f 699/319/514 700/309/515 698/309/513
f 700/309/515 699/319/514 701/330/515
f 700/309/515 701/330/515 702/309/516
f 701/330/515 703/309/516 702/309/516
f 702/309/516 703/309/516 704/309/517
f 703/309/516 705/309/518 704/309/517
f 704/309/517 705/309/518 706/309/519
f 705/309/518 707/309/519 706/309/519
f 708/309/520 706/309/519 707/309/519
f 706/309/519 708/309/520 709/309/521
f 710/319/522 709/309/521 708/309/520
f 709/309/521 710/319/522 711/330/522
f 711/330/522 710/319/522 712/319/523
f 711/330/522 712/319/523 713/331/524
f 713/331/524 712/319/523 714/319/525
f 713/331/524 714/319/525 715/330/526
f 714/319/525 716/330/527 715/330/526
f 715/330/526 716/330/527 717/309/528
f 714/319/525 718/330/529 716/330/527
f 716/330/527 718/330/529 719/309/530
f 719/309/530 718/330/529 720/309/531
f 634/327/532 637/321/533 721/328/534
f 634/327/532 721/328/534 722/309/535
f 721/328/534 717/309/536 722/309/535
f 717/309/536 716/330/537 722/309/535
f 723/334/107 724/334/107 725/335/107
f 725/335/107 726/335/107 723/334/107
f 726/335/107 725/335/107 727/336/107
f 726/335/107 727/336/107 728/334/107
f 728/334/107 727/336/107 729/334/107
f 729/334/107 727/336/107 730/334/107
f 730/334/107 727/336/107 731/334/107
f 731/334/107 732/335/107 730/334/107
f 732/335/107 731/334/107 733/334/107
f 733/334/107 731/334/107 734/335/107
f 731/334/107 735/334/107 734/335/107
f 731/334/107 736/335/107 735/334/107
f 737/334/107 736/335/107 731/334/107
f 738/335/107 737/334/107 731/334/107
f 738/335/107 731/334/107 739/334/107
f 739/334/107 731/334/107 740/334/107
f 741/334/107 739/334/107 740/334/107
f 742/334/107 741/334/107 740/334/107
f 743/337/107 742/334/107 740/334/107
f 744/337/107 743/337/107 740/334/107
f 743/337/107 744/337/107 745/338/107
f 745/338/107 744/337/107 746/338/107
f 747/338/53 748/338/53 749/337/53
f 749/337/53 750/337/53 747/338/53
f 750/337/53 749/337/53 751/334/53
f 750/337/53 751/334/53 752/334/538
f 752/334/538 751/334/53 753/335/539
f 753/335/539 751/334/53 754/334/53
f 754/334/53 751/334/53 755/335/53
f 754/334/53 755/335/53 756/334/53
f 756/334/53 755/335/53 757/335/53
f 757/335/53 755/335/53 758/334/53
f 755/335/53 759/334/53 758/334/53
f 755/335/53 760/335/53 759/334/53
f 761/334/53 760/335/53 755/335/53
f 762/335/53 761/334/53 755/335/53
f 755/335/53 763/334/53 762/335/53
f 763/334/53 755/335/53 764/336/53
f 765/334/53 763/334/53 764/336/53
f 766/334/53 765/334/53 764/336/53
f 767/335/53 766/334/53 764/336/53
f 768/335/53 767/335/53 764/336/53
f 767/335/53 768/335/53 769/334/53
f 769/334/53 768/335/53 770/334/53
f 771/333/540 772/320/38 773/320/541
f 772/320/38 774/320/542 773/320/541
f 773/320/541 774/320/542 775/320/543
f 776/333/544 775/320/543 774/320/542
f 775/320/543 776/333/544 777/333/545
f 778/320/546 777/333/545 776/333/544
f 777/333/545 778/320/546 779/320/547
f 780/320/548 779/320/547 778/320/546
f 781/309/549 779/320/547 780/320/548
f 781/309/549 780/320/548 782/309/550
f 783/320/53 784/309/53 785/320/53
f 783/320/53 785/320/53 786/320/53
f 787/320/53 786/320/53 785/320/53
f 786/320/53 787/320/53 788/320/53
f 789/309/551 790/330/552 791/319/553
f 789/309/551 791/319/553 792/319/554
f 793/319/555 792/319/554 791/319/553
f 792/319/554 793/319/555 794/319/556
f 795/339/53 796/340/53 797/341/53
f 797/341/53 798/342/53 795/339/53
f 799/343/53 798/342/53 797/341/53
f 798/342/53 799/343/53 800/344/53
f 800/344/53 799/343/53 801/345/53
f 801/345/53 802/346/53 800/344/53
f 801/345/53 803/347/53 802/346/53
f 802/346/53 803/347/53 804/348/53
f 804/348/53 805/349/53 802/346/53
f 805/349/53 804/348/53 806/350/53
f 806/350/53 807/351/53 805/349/53
f 807/351/53 806/350/53 808/352/53
f 808/352/53 809/353/53 807/351/53
f 809/353/53 808/352/53 810/354/53
f 810/354/53 811/355/53 809/353/53
f 811/355/53 810/354/53 812/356/53
f 813/312/557 814/323/558 815/312/559
f 815/312/559 814/323/558 816/312/559
f 817/312/560 815/312/559 816/312/559
f 817/312/560 816/312/559 818/312/560
f 817/312/560 818/312/560 819/323/561
f 819/323/561 818/312/560 820/312/562
f 570/312/337 571/323/339 572/324/337
f 570/312/337 572/324/337 489/311/337
f 490/311/338 489/311/337 572/324/337
f 501/314/345 821/315/346 502/315/346
f 500/314/344 502/315/346 821/315/346
f 502/315/346 500/314/344 499/313/344
f 504/315/348 503/313/347 822/315/338
f 822/315/338 823/314/337 504/315/348
f 822/315/338 824/315/348 823/314/337
f 506/313/349 505/315/337 825/315/342
f 823/314/337 825/315/342 505/315/337
f 825/315/342 823/314/337 824/315/348
f 516/314/339 517/313/351 826/315/563
f 574/315/353 826/315/563 517/313/351
f 826/315/563 574/315/353 827/315/338
f 573/315/348 827/315/338 574/315/353
f 577/315/347 578/313/355 828/315/406
f 579/315/342 828/315/406 578/313/355
f 828/315/406 579/315/342 829/315/350
f 580/315/406 829/315/350 579/315/342
f 830/315/564 827/315/565 831/313/566
f 827/315/565 573/315/566 831/313/566
f 831/313/566 573/315/566 537/314/567
f 576/315/567 537/314/567 573/315/566
f 520/314/568 537/314/567 576/315/567
f 537/314/567 520/314/568 538/315/569
f 529/313/363 528/314/362 832/315/570
f 832/315/570 833/315/336 529/313/363
f 833/315/336 832/315/570 834/313/336
f 834/313/336 835/315/25 833/315/336
f 833/315/336 835/315/25 581/313/25
f 835/315/25 582/314/407 581/313/25
f 584/313/408 583/314/360 836/315/571
f 836/315/571 837/315/336 584/313/408
f 837/315/336 836/315/571 838/313/23
f 838/313/23 839/315/572 837/315/336
f 837/315/336 839/315/572 534/313/367
f 535/314/368 534/313/367 839/315/572
f 840/315/573 841/313/574 842/315/575
f 842/315/575 841/313/574 843/315/400
f 843/315/400 844/315/576 842/315/575
f 844/315/576 843/315/400 845/315/577
f 846/315/53 844/315/576 845/315/577
f 844/315/576 846/315/53 847/315/163
f 848/315/560 847/315/163 846/315/53
f 847/315/163 848/315/560 849/315/560
f 848/315/560 850/315/578 849/315/560
f 850/315/578 848/315/560 851/315/578
f 850/315/578 851/315/578 852/313/416
f 852/313/416 851/315/578 853/315/388
f 854/322/579 855/357/579 856/304/579
f 857/273/390 855/357/390 854/322/388
f 858/302/580 855/357/390 857/273/390
f 466/304/316 464/304/314 859/322/581
f 860/322/582 466/304/316 859/322/581
f 466/304/316 860/322/582 861/304/583
f 862/301/584 863/309/585 864/309/586
f 862/301/584 865/309/587 863/309/585
f 862/301/584 866/309/388 865/309/587
f 866/309/388 867/309/588 865/309/587
f 867/309/588 866/309/388 868/309/589
f 869/310/590 868/309/589 866/309/388
f 870/357/591 683/322/592 682/304/593
f 871/322/594 683/322/592 870/357/591
f 871/322/594 685/273/595 683/322/592
f 871/322/594 872/332/596 685/273/595
f 872/332/596 689/273/597 685/273/595
f 689/273/597 872/332/596 873/273/598
f 873/273/598 874/273/599 689/273/597
f 874/273/599 691/320/600 689/273/597
f 875/320/601 691/320/600 874/273/599
f 691/320/600 875/320/601 693/320/602
f 876/320/603 693/320/602 875/320/601
f 693/320/602 876/320/603 695/319/604
f 876/320/603 877/319/605 695/319/604
f 877/319/605 697/319/605 695/319/604
f 878/319/606 697/319/605 877/319/605
f 697/319/605 878/319/606 699/319/607
f 879/319/608 699/319/607 878/319/606
f 699/319/607 879/319/608 701/330/609
f 879/319/608 703/309/610 701/330/609
f 703/309/610 879/319/608 880/319/611
f 880/319/611 705/309/612 703/309/610
f 705/309/612 880/319/611 881/319/612
f 705/309/612 881/319/612 707/309/613
f 881/319/612 882/319/614 707/309/613
f 882/319/614 708/309/615 707/309/613
f 708/309/615 882/319/614 883/319/616
f 883/319/616 710/319/617 708/309/615
f 710/319/617 883/319/616 884/319/618
f 710/319/617 884/319/618 712/319/619
f 884/319/618 885/331/620 712/319/619
f 886/319/621 712/319/619 885/331/620
f 712/319/619 886/319/621 714/319/622
f 886/319/621 887/309/623 714/319/622
f 714/319/622 887/309/623 718/330/623
f 887/309/623 720/309/624 718/330/623
f 666/327/625 888/327/626 889/305/625
f 888/327/626 666/327/625 665/327/627
f 665/327/627 890/328/628 888/327/626
f 890/328/628 665/327/627 663/328/629
f 662/321/630 890/328/628 663/328/629
f 890/328/628 662/321/630 891/321/631
f 660/321/632 891/321/631 662/321/630
f 891/321/631 660/321/632 892/358/633
f 660/321/632 893/321/634 892/358/633
f 893/321/634 660/321/632 659/321/635
f 659/321/635 894/329/636 893/321/634
f 894/329/636 659/321/635 657/321/636
f 657/321/636 586/329/637 894/329/636
f 586/329/637 657/321/636 656/308/637
f 586/329/637 656/308/637 895/329/638
f 656/308/637 654/308/638 895/329/638
f 895/329/638 654/308/638 896/308/639
f 654/308/638 653/308/640 896/308/639
f 896/308/639 653/308/640 897/329/641
f 653/308/640 651/329/642 897/329/641
f 650/321/643 897/329/641 651/329/642
f 897/329/641 650/321/643 898/308/644
f 648/321/645 898/308/644 650/321/643
f 898/308/644 648/321/645 899/358/646
f 899/358/646 648/321/645 647/321/637
f 899/358/646 647/321/637 900/321/647
f 645/321/648 900/321/647 647/321/637
f 900/321/647 645/321/648 901/307/648
f 902/273/649 679/273/650 680/302/651
f 679/273/650 902/273/649 903/332/652
f 903/332/652 676/273/653 679/273/650
f 676/273/653 903/332/652 904/302/653
f 676/273/654 905/320/654 674/331/655
f 676/273/654 904/302/656 905/320/654
f 687/273/657 905/320/654 904/302/656
f 904/302/656 684/332/658 687/273/657
f 631/327/659 906/327/660 632/305/661
f 906/327/660 631/327/659 907/328/662
f 634/327/663 907/328/662 631/327/659
f 907/328/662 634/327/663 722/309/663
f 908/334/53 909/334/53 910/335/53
f 911/334/53 908/334/53 910/335/53
f 912/336/53 908/334/53 911/334/53
f 913/334/53 912/336/53 911/334/53
f 914/334/53 912/336/53 913/334/53
f 915/335/53 912/336/53 914/334/53
f 915/335/53 916/335/53 912/336/53
f 916/335/53 915/335/53 917/334/53
f 918/335/53 916/335/53 917/334/53
f 918/335/53 919/334/53 916/335/53
f 919/334/53 920/335/53 916/335/53
f 921/334/53 916/335/53 920/335/53
f 922/335/53 916/335/53 921/334/53
f 922/335/53 923/334/53 916/335/53
f 924/335/53 916/335/53 923/334/53
f 916/335/53 924/335/53 925/334/53
f 924/335/53 926/334/53 925/334/53
f 926/334/53 927/334/53 925/334/53
f 927/334/53 928/338/53 925/334/53
f 925/334/53 928/338/53 929/338/53
f 929/338/53 928/338/53 930/337/53
f 929/338/53 930/337/53 931/338/142
f 932/338/107 933/338/214 934/337/107
f 935/338/107 932/338/107 934/337/107
f 935/338/107 936/335/107 932/338/107
f 937/335/107 936/335/107 935/338/107
f 938/334/107 936/335/107 937/335/107
f 939/334/107 936/335/107 938/334/107
f 939/334/107 940/334/107 936/335/107
f 940/334/107 939/334/107 941/335/107
f 942/334/107 940/334/107 941/335/107
f 942/334/107 943/335/107 940/334/107
f 943/335/107 944/334/107 940/334/107
f 945/334/107 940/334/107 944/334/107
f 946/335/107 940/334/107 945/334/107
f 946/335/107 947/334/107 940/334/107
f 948/335/107 940/334/107 947/334/107
f 940/334/107 948/335/107 949/359/107
f 948/335/107 950/334/107 949/359/107
f 950/334/107 951/334/107 949/359/107
f 951/334/107 952/334/107 949/359/107
f 949/359/107 952/334/107 953/334/107
f 953/334/107 952/334/107 954/335/107
f 953/334/107 954/335/107 955/334/107
f 956/319/664 483/310/665 957/319/666
f 958/319/667 483/310/665 956/319/664
f 959/319/668 958/319/667 956/319/664
f 959/319/668 960/319/669 958/319/667
f 960/319/669 959/319/668 480/309/670
f 961/309/147 960/319/669 480/309/670
f 962/273/147 960/319/669 961/309/147
f 961/309/147 963/273/671 962/273/147
f 963/273/671 961/309/147 889/305/147
f 963/273/671 889/305/147 964/273/147
f 889/305/147 965/320/147 964/273/147
f 965/320/147 889/305/147 888/327/147
f 888/327/147 966/320/671 965/320/147
f 888/327/147 967/319/671 966/320/671
f 967/319/671 888/327/147 890/328/671
f 891/321/671 967/319/671 890/328/671
f 891/321/671 968/319/147 967/319/671
f 968/319/147 891/321/671 892/358/671
f 893/321/147 968/319/147 892/358/671
f 893/321/147 969/319/147 968/319/147
f 969/319/147 893/321/147 894/329/147
f 586/329/672 969/319/147 894/329/147
f 586/329/672 895/329/672 969/319/147
f 969/319/147 895/329/672 896/308/673
f 969/319/147 896/308/673 970/319/147
f 896/308/673 897/329/147 970/319/147
f 898/308/147 970/319/147 897/329/147
f 970/319/147 898/308/147 971/319/674
f 898/308/147 899/358/147 971/319/674
f 900/321/675 971/319/674 899/358/147
f 971/319/674 900/321/675 972/331/676
f 972/331/676 900/321/675 973/319/677
f 901/307/673 973/319/677 900/321/675
f 973/319/677 901/307/673 974/319/672
f 975/319/147 974/319/672 901/307/673
f 976/358/147 975/319/147 901/307/673
f 975/319/147 976/358/147 977/319/147
f 978/321/678 977/319/147 976/358/147
f 976/358/147 979/308/679 978/321/678
f 980/329/680 978/321/678 979/308/679
f 978/321/678 980/329/680 981/321/681
f 980/329/680 982/308/682 981/321/681
f 982/308/682 983/321/238 981/321/681
f 983/321/238 982/308/682 984/308/683
f 985/327/684 977/319/147 978/321/678
f 986/309/685 977/319/147 985/327/684
f 981/321/686 985/327/684 978/321/678
f 987/327/687 986/309/685 985/327/684
f 985/327/684 981/321/686 987/327/687
f 986/309/685 987/327/687 988/309/688
f 981/321/686 989/327/689 987/327/687
f 989/327/689 988/309/688 987/327/687
f 983/321/690 989/327/689 981/321/686
f 988/309/688 989/327/689 990/309/336
f 485/304/335 991/322/691 622/322/348
f 991/322/691 485/304/335 484/304/334
f 484/304/334 992/322/692 991/322/691
f 484/304/334 483/310/333 958/319/693
f 992/322/692 484/304/334 993/273/694
f 958/319/693 993/273/694 484/304/334
f 992/322/692 993/273/694 962/273/147
f 993/273/694 958/319/693 960/319/669
f 960/319/669 962/273/147 993/273/694
f 994/333/107 995/320/107 996/330/107
f 995/320/695 994/333/212 997/320/214
f 997/320/214 998/320/214 995/320/695
f 998/320/214 997/320/214 999/333/107
f 783/320/696 786/320/697 994/333/698
f 994/333/698 786/320/697 997/320/699
f 997/320/699 786/320/697 788/320/700
f 997/320/699 788/320/700 999/333/701
f 788/320/700 998/320/702 999/333/701
f 998/320/702 788/320/700 787/320/702
f 787/320/702 995/320/703 998/320/702
f 995/320/703 787/320/702 785/320/704
f 785/320/704 996/330/705 995/320/703
f 996/330/706 785/320/704 784/309/706
f 771/333/540 779/320/547 781/309/549
f 779/320/547 771/333/540 773/320/541
f 773/320/541 777/333/545 779/320/547
f 777/333/545 773/320/541 775/320/543
f 792/319/554 1000/309/551 789/309/551
f 1000/309/551 792/319/554 1001/319/554
f 794/319/556 1001/319/554 792/319/554
f 794/319/556 1002/331/707 1001/319/554
f 793/319/555 1002/331/707 794/319/556
f 793/319/555 1003/319/708 1002/331/707
f 791/319/553 1003/319/708 793/319/555
f 791/319/553 1004/319/709 1003/319/708
f 790/330/552 1004/319/709 791/319/553
f 1005/309/710 1004/319/709 790/330/552
f 1006/329/711 1007/358/712 1008/358/712
f 1007/358/712 1006/329/711 1009/329/711
f 1010/329/713 1009/329/711 1006/329/711
f 1009/329/711 1010/329/713 1011/329/713
f 1011/329/713 1010/329/713 1012/308/714
f 1010/329/713 1013/308/715 1012/308/714
f 1014/308/716 1012/308/714 1013/308/715
f 1012/308/714 1014/308/716 1015/308/716
f 1014/308/716 1016/321/717 1015/308/716
f 1014/308/718 1017/321/717 1016/321/717
f 1018/319/215 1019/331/214 1020/319/107
f 1019/331/214 1018/319/215 1021/319/215
f 1022/309/107 1021/319/215 1018/319/215
f 1021/319/215 1022/309/107 1023/330/107
f 1024/319/719 1023/330/720 1025/309/721
f 1023/330/720 1024/319/719 1021/319/722
f 1026/331/701 1021/319/722 1024/319/719
f 1021/319/722 1026/331/701 1019/331/701
f 1026/331/701 1020/319/723 1019/331/701
f 1020/319/723 1026/331/701 1027/319/724
f 1027/319/724 1018/319/725 1020/319/723
f 1018/319/725 1027/319/724 1028/319/726
f 1029/330/727 1018/319/725 1028/319/726
f 1018/319/725 1029/330/727 1022/309/728
f 1024/319/53 1025/309/53 1029/330/53
f 1024/319/53 1029/330/53 1028/319/53
f 1028/319/53 1026/331/53 1024/319/53
f 1026/331/53 1028/319/53 1027/319/53
f 1030/330/729 1031/330/730 1032/309/731
f 1031/330/730 1030/330/729 1033/330/732
f 1033/330/732 1034/327/733 1031/330/730
f 1034/327/733 1033/330/732 1035/327/734
f 1036/327/735 1034/327/733 1035/327/734
f 1034/327/733 1036/327/735 1037/327/735
f 1038/328/736 1037/327/735 1036/327/735
f 1038/328/736 1039/328/737 1037/327/735
f 1039/328/737 1038/328/736 1040/327/738
f 1040/327/738 1041/327/738 1039/328/737
f 1040/327/738 1032/309/731 1041/327/738
f 1032/309/731 1040/327/738 1030/330/729
f 1031/330/107 1041/327/107 1032/309/107
f 1041/327/107 1031/330/107 1034/327/107
f 1041/327/107 1034/327/107 1039/328/107
f 1039/328/107 1034/327/107 1037/327/107
f 1040/327/739 1033/330/740 1030/330/741
f 1033/330/740 1040/327/739 1035/327/739
f 1038/328/740 1035/327/739 1040/327/739
f 1035/327/739 1038/328/740 1036/327/741
f 1042/312/742 814/323/558 813/312/557
f 814/323/558 1042/312/742 1043/312/742
f 1044/312/743 1043/312/742 1042/312/742
f 1043/312/742 1044/312/743 1045/312/744
f 819/323/561 1045/312/744 1044/312/743
f 1045/312/744 819/323/561 820/312/562
f 508/315/346 507/314/350 506/313/349
f 507/314/350 508/315/346 1046/315/346
f 508/315/346 510/314/352 1046/315/346
f 498/314/745 525/314/746 496/314/746
f 525/314/746 498/314/745 528/314/747
f 500/314/748 528/314/747 498/314/745
f 528/314/747 500/314/748 832/315/749
f 821/315/750 832/315/749 500/314/748
f 832/315/749 821/315/750 834/313/751
f 834/313/751 821/315/750 835/315/752
f 821/315/750 501/314/753 835/315/752
f 835/315/752 501/314/753 582/314/754
f 501/314/753 504/315/755 582/314/754
f 823/314/756 582/314/754 504/315/755
f 582/314/754 823/314/756 531/314/757
f 525/314/746 511/314/758 496/314/746
f 525/314/746 535/314/759 511/314/758
f 535/314/759 510/314/760 511/314/758
f 510/314/760 535/314/759 839/315/761
f 839/315/761 1046/315/762 510/314/760
f 1046/315/762 839/315/761 838/313/762
f 836/315/763 1046/315/762 838/313/762
f 1046/315/762 836/315/763 507/314/764
f 583/314/765 507/314/764 836/315/763
f 507/314/764 583/314/765 505/315/765
f 583/314/765 823/314/756 505/315/765
f 583/314/765 531/314/757 823/314/756
f 1047/313/766 827/315/565 830/315/564
f 827/315/565 1047/313/766 826/315/767
f 1048/313/768 826/315/767 1047/313/766
f 826/315/767 1048/313/768 516/314/768
f 1049/315/769 516/314/768 1048/313/768
f 516/314/768 1049/315/769 514/314/769
f 1049/315/769 522/314/770 514/314/769
f 1050/313/770 522/314/770 1049/315/769
f 1050/313/770 580/315/771 522/314/770
f 1051/313/771 580/315/771 1050/313/770
f 1051/313/771 829/315/772 580/315/771
f 829/315/772 1051/313/771 1052/313/773
f 1053/313/774 829/315/772 1052/313/773
f 829/315/772 1053/313/774 828/315/774
f 540/314/775 828/315/774 1053/313/774
f 828/315/774 540/314/775 577/315/776
f 520/314/568 577/315/776 540/314/775
f 538/315/569 520/314/568 540/314/775
f 1054/308/777 983/321/238 984/308/683
f 1055/321/778 983/321/238 1054/308/777
f 476/308/779 1055/321/778 1054/308/777
f 476/308/779 1056/358/780 1055/321/778
f 1056/358/780 476/308/779 475/308/781
f 1057/308/782 1056/358/780 475/308/781
f 1058/321/783 1056/358/780 1057/308/782
f 869/310/784 1056/358/780 1058/321/783
f 1058/321/783 1059/319/785 869/310/784
f 1059/319/785 1058/321/783 1060/329/783
f 1059/319/785 1060/329/783 1061/319/785
f 1060/329/783 1062/319/786 1061/319/785
f 1062/319/786 1060/329/783 1063/321/787
f 1063/321/787 1064/319/788 1062/319/786
f 1063/321/787 1065/319/789 1064/319/788
f 1065/319/789 1063/321/787 1066/321/783
f 1067/308/783 1065/319/789 1066/321/783
f 1067/308/783 1068/331/783 1065/319/789
f 1068/331/783 1067/308/783 1069/308/783
f 1070/308/790 1068/331/783 1069/308/783
f 1070/308/790 1071/319/783 1068/331/783
f 1071/319/783 1070/308/790 1072/308/785
f 1073/329/785 1071/319/783 1072/308/785
f 1073/329/785 1074/308/783 1071/319/783
f 1075/321/783 1071/319/783 1074/308/783
f 1071/319/783 1075/321/783 1076/331/783
f 1075/321/783 1077/321/782 1076/331/783
f 1078/321/782 1076/331/783 1077/321/782
f 1076/331/783 1078/321/782 1079/319/782
f 1078/321/782 1080/327/782 1079/319/782
f 1081/328/783 1079/319/782 1080/327/782
f 1079/319/782 1081/328/783 1082/320/782
f 1082/320/782 1081/328/783 1083/320/783
f 1084/327/783 1083/320/783 1081/328/783
f 1083/320/783 1084/327/783 1085/332/783
f 1086/273/782 1085/332/783 1084/327/783
f 1087/309/783 1086/273/782 1084/327/783
f 1086/273/782 1087/309/783 1088/273/783
f 1087/309/783 1089/319/791 1088/273/783
f 1087/309/783 1090/309/783 1089/319/791
f 1090/309/783 1091/309/792 1089/319/791
f 1092/331/793 1089/319/791 1091/309/792
f 1089/319/791 1092/331/793 595/310/794
f 1092/331/793 1093/319/795 595/310/794
f 1093/319/795 483/310/665 595/310/794
f 483/310/665 1093/319/795 957/319/666
f 1094/273/796 1088/273/783 1089/319/791
f 595/310/418 1094/273/796 1089/319/791
f 466/304/797 1088/273/783 1094/273/796
f 1094/273/796 595/310/418 596/322/419
f 596/322/419 466/304/797 1094/273/796
f 466/304/797 596/322/419 467/304/798
f 485/304/335 467/304/798 596/322/419
f 467/304/798 485/304/335 622/322/348
f 1095/315/799 852/313/416 853/315/388
f 852/313/416 1095/315/799 1096/315/799
f 1097/315/744 1096/315/799 1095/315/799
f 1096/315/799 1097/315/744 1098/315/800
f 1098/315/800 1097/315/744 1099/315/107
f 1097/315/744 1100/313/107 1099/315/107
f 1101/315/801 841/313/574 840/315/573
f 841/313/574 1101/315/801 1102/315/403
f 1103/315/742 1102/315/403 1101/315/801
f 1102/315/403 1103/315/742 1104/315/742
f 1100/313/107 1104/315/742 1103/315/742
f 1099/315/107 1100/313/107 1103/315/742
f 1105/315/802 1106/313/803 1107/315/803
f 1106/313/803 1105/315/802 1108/315/804
f 1109/315/805 1108/315/804 1105/315/802
f 1108/315/804 1109/315/805 1110/315/805
f 1111/313/806 1110/315/805 1109/315/805
f 1110/315/805 1111/313/806 1112/315/807
f 1113/315/808 1107/315/803 1106/313/803
f 1106/313/803 1114/315/809 1113/315/808
f 1113/315/808 1114/315/809 1115/315/810
f 1114/315/809 1116/315/810 1115/315/810
f 1117/313/811 1115/315/810 1116/315/810
f 1115/315/810 1117/313/811 1118/315/812
f 1111/313/806 1119/315/813 1112/315/807
f 1111/313/806 1120/315/813 1119/315/813
f 1120/315/813 1121/315/814 1119/315/813
f 1121/315/814 1120/315/813 1122/315/815
f 1122/315/815 1123/315/816 1121/315/814
f 1123/315/816 1122/315/815 1124/315/817
f 1125/315/818 1123/315/816 1124/315/817
f 1123/315/816 1125/315/818 1126/315/818
f 1127/315/819 1126/315/818 1125/315/818
f 1126/315/818 1127/315/819 1128/315/820
f 1127/315/819 1117/313/811 1128/315/820
f 1127/315/819 1118/315/812 1117/313/811
f 961/309/821 666/327/821 889/305/821
f 666/327/822 961/309/823 668/309/824
f 961/309/823 482/301/332 668/309/824
f 482/301/332 961/309/823 480/309/330
f 668/309/824 482/301/332 671/330/825
f 482/301/332 673/319/826 671/330/825
f 673/319/826 482/301/332 481/310/331
f 481/310/331 675/319/827 673/319/826
f 481/310/331 480/309/330 959/319/828
f 959/319/828 1129/319/829 481/310/331
f 675/319/827 481/310/331 1129/319/829
f 1129/319/829 959/319/828 956/319/830
f 1130/319/93 956/319/830 957/319/831
f 956/319/830 1130/319/93 1129/319/829
f 1129/319/829 1130/319/93 1131/319/832
f 1132/319/833 1129/319/829 1131/319/832
f 1129/319/829 1133/319/834 675/319/827
f 1129/319/829 1132/319/833 1133/319/834
f 1133/319/834 677/320/835 675/319/827
f 1134/320/836 1133/319/834 1132/319/833
f 1135/320/837 677/320/835 1133/319/834
f 1133/319/834 1134/320/836 1135/320/837
f 677/320/835 1135/320/837 678/320/838
f 1136/273/839 1135/320/837 1134/320/836
f 1135/320/837 1137/273/840 678/320/838
f 1135/320/837 1136/273/839 1137/273/840
f 1138/273/841 1137/273/840 1136/273/839
f 1137/273/840 680/302/842 678/320/838
f 1137/273/840 1138/273/841 1139/273/843
f 1139/273/843 680/302/842 1137/273/840
f 1140/322/844 1139/273/843 1138/273/841
f 1139/273/843 1140/322/844 1141/273/845
f 566/304/391 1141/273/845 1140/322/844
f 1141/273/845 566/304/391 568/304/393
f 1141/273/845 1142/322/846 1139/273/843
f 680/302/842 1139/273/843 1142/322/846
f 568/304/393 1142/322/846 1141/273/845
f 1142/322/846 1143/322/847 680/302/842
f 1142/322/846 568/304/393 1144/322/848
f 1143/322/847 1142/322/846 1144/322/848
f 1143/322/847 902/273/849 680/302/842
f 568/304/393 1145/322/850 1144/322/848
f 1144/322/848 1145/322/850 1143/322/847
f 1145/322/850 568/304/393 569/322/394
f 902/273/849 1143/322/847 682/304/851
f 569/322/394 567/322/392 621/322/314
f 681/273/852 902/273/849 682/304/851
f 902/273/849 681/273/852 903/332/853
f 904/302/854 903/332/853 681/273/852
f 681/273/852 684/332/854 904/302/854
f 621/322/314 991/322/855 569/322/394
f 991/322/855 621/322/314 622/322/441
f 991/322/855 1145/322/850 569/322/394
f 1145/322/850 991/322/855 992/322/856
f 1143/322/847 1145/322/850 1146/322/857
f 1146/322/857 1145/322/850 992/322/856
f 1146/322/857 682/304/851 1143/322/847
f 682/304/851 1146/322/857 870/357/858
f 1146/322/857 871/322/859 870/357/858
f 871/322/859 1146/322/857 992/322/856
f 962/273/860 871/322/859 992/322/856
f 871/322/859 962/273/860 872/332/861
f 872/332/861 962/273/860 873/273/862
f 962/273/860 963/273/862 873/273/862
f 963/273/862 874/273/863 873/273/862
f 874/273/863 963/273/862 964/273/863
f 964/273/863 875/320/864 874/273/863
f 875/320/864 964/273/863 965/320/865
f 965/320/865 876/320/866 875/320/864
f 876/320/866 965/320/865 966/320/867
f 966/320/867 877/319/868 876/320/866
f 877/319/868 966/320/867 967/319/869
f 967/319/869 878/319/870 877/319/868
f 878/319/870 967/319/869 968/319/871
f 968/319/871 879/319/872 878/319/870
f 879/319/872 968/319/871 969/319/873
f 969/319/873 880/319/874 879/319/872
f 880/319/874 969/319/873 970/319/875
f 970/319/875 881/319/876 880/319/874
f 881/319/876 970/319/875 971/319/876
f 971/319/876 882/319/877 881/319/876
f 882/319/877 971/319/876 972/331/878
f 973/319/879 882/319/877 972/331/878
f 882/319/877 973/319/879 883/319/880
f 974/319/881 883/319/880 973/319/879
f 883/319/880 974/319/881 884/319/882
f 974/319/881 975/319/883 884/319/882
f 884/319/882 975/319/883 885/331/884
f 975/319/883 886/319/885 885/331/884
f 886/319/885 975/319/883 977/319/886
f 977/319/886 887/309/887 886/319/885
f 887/309/887 977/319/886 986/309/888
f 1147/309/889 887/309/887 986/309/888
f 720/309/890 887/309/887 1147/309/889
f 988/309/891 1147/309/889 986/309/888
f 988/309/891 990/309/892 1148/309/584
f 1147/309/889 906/327/893 720/309/890
f 720/309/890 906/327/893 719/309/894
f 719/309/894 906/327/893 907/328/895
f 907/328/895 722/309/896 719/309/894
f 716/330/896 719/309/894 722/309/896
f 906/327/893 1147/309/889 632/305/897
f 988/309/891 1148/309/584 1149/309/898
f 1149/309/898 1147/309/889 988/309/891
f 1149/309/898 1148/309/584 1150/309/72
f 1151/309/355 1149/309/898 1150/309/72
f 1152/327/350 1149/309/898 1151/309/355
f 1149/309/898 1153/309/899 1147/309/889
f 1149/309/898 1152/327/350 1154/327/900
f 1152/327/350 1155/327/901 1154/327/900
f 1149/309/898 1156/327/902 1153/309/899
f 1156/327/902 1147/309/889 1153/309/899
f 1156/327/902 1149/309/898 1154/327/900
f 1147/309/889 1156/327/902 632/305/897
f 1154/327/900 1155/327/901 1157/327/903
f 1157/327/903 1156/327/902 1154/327/900
f 1156/327/902 1157/327/903 632/305/897
f 1158/327/904 1157/327/903 1155/327/901
f 1159/321/905 1157/327/903 1158/327/904
f 1160/321/906 632/305/897 1157/327/903
f 1157/327/903 1159/321/905 1160/321/906
f 632/305/897 1160/321/906 633/327/907
f 1161/321/225 1160/321/906 1159/321/905
f 1162/321/908 633/327/907 1160/321/906
f 1160/321/906 1161/321/225 1162/321/908
f 1162/321/908 635/321/909 633/327/907
f 1162/321/908 1161/321/225 1163/308/910
f 1163/308/910 635/321/909 1162/321/908
f 1164/308/911 1163/308/910 1161/321/225
f 635/321/909 1163/308/910 636/321/912
f 1163/308/910 1164/308/911 1165/308/913
f 982/308/914 1165/308/913 984/308/915
f 1165/308/913 982/308/914 1163/308/910
f 1166/308/916 636/321/912 1163/308/910
f 1166/308/916 1163/308/910 982/308/914
f 1166/308/916 982/308/914 980/329/917
f 636/321/912 1166/308/916 638/321/918
f 979/308/919 1166/308/916 980/329/917
f 1167/308/920 638/321/918 1166/308/916
f 1166/308/916 979/308/919 1167/308/920
f 638/321/918 1167/308/920 641/329/921
f 643/306/922 641/329/921 1167/308/920
f 643/306/922 1167/308/920 979/308/919
f 979/308/919 976/358/923 643/306/922
f 901/307/924 643/306/922 976/358/923
f 643/306/922 901/307/924 645/321/924
f 905/320/925 672/319/926 674/331/927
f 672/319/926 905/320/925 1168/310/926
f 672/319/926 1168/310/926 1169/331/928
f 1169/331/928 669/330/929 672/319/926
f 1169/331/928 667/309/930 669/330/929
f 667/309/930 1169/331/928 1170/309/930
f 1170/309/930 664/327/931 667/309/930
f 664/327/931 1170/309/930 1171/309/932
f 1171/309/932 661/327/933 664/327/931
f 661/327/933 1171/309/932 1172/327/934
f 1172/327/934 658/327/935 661/327/933
f 658/327/935 1172/327/934 1173/327/936
f 1173/327/936 655/327/937 658/327/935
f 655/327/937 1173/327/936 1174/328/937
f 1174/328/937 652/321/938 655/327/937
f 652/321/938 1174/328/937 1175/327/939
f 1175/327/939 649/321/940 652/321/938
f 649/321/940 1175/327/939 1176/321/940
f 1176/321/940 646/321/941 649/321/940
f 646/321/941 1176/321/940 1177/321/941
f 1177/321/941 644/321/942 646/321/941
f 644/321/942 1177/321/941 1178/321/942
f 1179/328/943 644/321/942 1178/321/942
f 644/321/942 1179/328/943 642/321/944
f 1180/305/945 642/321/944 1179/328/943
f 642/321/944 1180/305/945 639/328/946
f 639/328/946 1180/305/945 637/321/947
f 1180/305/945 721/328/948 637/321/947
f 929/338/949 740/334/336 925/334/336
f 740/334/336 929/338/949 744/337/950
f 929/338/949 746/338/951 744/337/950
f 931/338/952 746/338/951 929/338/949
f 931/338/952 745/338/953 746/338/951
f 745/338/953 931/338/952 930/337/954
f 930/337/954 928/338/955 745/338/953
f 745/338/953 928/338/955 743/337/956
f 743/337/956 928/338/955 742/334/957
f 927/334/958 742/334/957 928/338/955
f 742/334/957 927/334/958 741/334/957
f 741/334/957 927/334/958 926/334/957
f 926/334/957 739/334/959 741/334/957
f 739/334/959 926/334/957 924/335/959
f 923/334/959 739/334/959 924/335/959
f 739/334/959 923/334/959 738/335/959
f 738/335/959 923/334/959 737/334/960
f 923/334/959 922/335/960 737/334/960
f 737/334/960 922/335/960 921/334/961
f 736/335/961 737/334/960 921/334/961
f 736/335/961 921/334/961 735/334/416
f 920/335/416 735/334/416 921/334/961
f 735/334/416 920/335/416 919/334/962
f 735/334/416 919/334/962 734/335/962
f 919/334/962 733/334/963 734/335/962
f 733/334/963 919/334/962 918/335/964
f 733/334/963 918/335/964 917/334/965
f 733/334/963 917/334/965 732/335/966
f 917/334/965 730/334/967 732/335/966
f 730/334/967 917/334/965 915/335/14
f 730/334/967 915/335/14 914/334/968
f 730/334/967 914/334/968 729/334/969
f 729/334/969 914/334/968 913/334/970
f 729/334/969 913/334/970 728/334/970
f 728/334/970 913/334/970 911/334/971
f 728/334/970 911/334/971 726/335/971
f 911/334/971 723/334/972 726/335/971
f 723/334/972 911/334/971 910/335/973
f 723/334/972 910/335/973 909/334/974
f 723/334/972 909/334/974 724/334/975
f 908/334/976 724/334/975 909/334/974
f 724/334/975 908/334/976 725/335/976
f 908/334/976 727/336/337 725/335/976
f 727/336/337 908/334/976 912/336/337
f 740/334/977 731/334/327 925/334/977
f 925/334/977 731/334/327 916/335/573
f 912/336/573 916/335/573 731/334/327
f 731/334/327 727/336/573 912/336/573
f 953/334/978 764/336/337 949/359/337
f 764/336/337 953/334/978 768/335/976
f 953/334/978 770/334/77 768/335/976
f 770/334/77 953/334/978 955/334/77
f 770/334/77 955/334/77 769/334/979
f 954/335/972 769/334/979 955/334/77
f 952/334/971 769/334/979 954/335/972
f 952/334/971 767/335/971 769/334/979
f 952/334/971 766/334/968 767/335/971
f 766/334/968 952/334/971 951/334/970
f 951/334/970 765/334/969 766/334/968
f 765/334/969 951/334/970 950/334/970
f 765/334/969 950/334/970 763/334/967
f 948/335/14 763/334/967 950/334/970
f 947/334/965 763/334/967 948/335/14
f 947/334/965 762/335/966 763/334/967
f 947/334/965 761/334/963 762/335/966
f 761/334/963 947/334/965 946/335/964
f 945/334/962 761/334/963 946/335/964
f 945/334/962 760/335/962 761/334/963
f 945/334/962 759/334/416 760/335/962
f 759/334/416 945/334/962 944/334/416
f 944/334/416 758/334/961 759/334/416
f 758/334/961 944/334/416 943/335/961
f 942/334/960 758/334/961 943/335/961
f 758/334/961 942/334/960 757/335/960
f 942/334/960 756/334/959 757/335/960
f 756/334/959 942/334/960 941/335/959
f 939/334/959 756/334/959 941/335/959
f 756/334/959 939/334/959 754/334/959
f 938/334/957 754/334/959 939/334/959
f 938/334/957 753/335/957 754/334/959
f 938/334/957 752/334/980 753/335/957
f 752/334/980 938/334/957 937/335/957
f 935/338/956 752/334/980 937/335/957
f 935/338/956 750/337/956 752/334/980
f 747/338/981 750/337/956 935/338/956
f 934/337/982 747/338/981 935/338/956
f 933/338/983 747/338/981 934/337/982
f 933/338/983 748/338/983 747/338/981
f 932/338/950 748/338/983 933/338/983
f 748/338/983 932/338/950 749/337/950
f 932/338/950 751/334/336 749/337/950
f 751/334/336 932/338/950 936/335/336
f 764/336/573 940/334/573 949/359/573
f 940/334/573 764/336/573 755/335/573
f 751/334/327 940/334/573 755/335/573
f 940/334/573 751/334/327 936/335/984
f 1181/330/985 1182/328/986 1183/330/985
f 1182/328/986 1181/330/985 1184/328/986
f 1185/328/987 1182/328/986 1184/328/986
f 1185/328/987 1186/328/987 1182/328/986
f 1185/328/987 1187/327/988 1186/328/987
f 1187/327/988 1185/328/987 1188/327/989
f 1189/327/990 1187/327/988 1188/327/989
f 1187/327/988 1189/327/990 1190/327/990
f 1189/327/990 1191/309/991 1190/327/990
f 1191/309/991 1189/327/992 1192/309/991
f 1190/327/107 1186/328/107 1187/327/107
f 1190/327/107 1182/328/107 1186/328/107
f 1190/327/107 1183/330/107 1182/328/107
f 1183/330/107 1190/327/107 1191/309/107
f 1192/309/53 1189/327/53 1181/330/53
f 1181/330/53 1189/327/53 1184/328/53
f 1184/328/53 1189/327/53 1185/328/53
f 1185/328/53 1189/327/53 1188/327/53
f 1010/329/107 1014/308/107 1013/308/107
f 1006/329/107 1014/308/107 1010/329/107
f 1008/358/107 1014/308/107 1006/329/107
f 1014/308/107 1008/358/107 1017/321/107
f 1015/308/53 1011/329/53 1012/308/53
f 1011/329/53 1015/308/53 1009/329/53
f 1015/308/53 1007/358/53 1009/329/53
f 1016/321/53 1007/358/53 1015/308/53
f 1193/327/107 1194/330/107 1195/309/107
f 1195/309/107 1196/327/107 1193/327/107
f 1193/327/107 1196/327/107 1197/327/107
f 1193/327/107 1197/327/107 1198/327/107
f 1199/358/107 1200/308/107 1201/321/107
f 1201/321/107 1200/308/107 1202/308/107
f 1202/308/107 1200/308/107 1203/308/107
f 1200/308/107 1204/308/107 1203/308/107
f 990/309/562 1205/309/562 1148/309/562
f 862/301/584 1148/309/584 1205/309/390
f 866/309/388 862/301/584 1205/309/390
f 862/301/584 1150/309/72 1148/309/584
f 1150/309/72 862/301/584 1206/309/993
f 1150/309/72 1206/309/993 1151/309/355
f 862/301/584 864/309/586 1206/309/993
f 1151/309/355 1206/309/993 1207/309/994
f 1206/309/993 864/309/586 1208/309/995
f 1208/309/995 1207/309/994 1206/309/993
f 864/309/586 1209/309/996 1208/309/995
f 864/309/586 863/309/585 1209/309/996
f 1209/309/996 1210/309/997 1208/309/995
f 1209/309/996 863/309/585 1210/309/997
f 1207/309/994 1208/309/995 1211/309/998
f 1210/309/997 1211/309/998 1208/309/995
f 1212/327/994 1151/309/355 1207/309/994
f 1151/309/355 1212/327/994 1152/327/350
f 1213/327/999 1207/309/994 1211/309/998
f 1207/309/994 1213/327/999 1212/327/994
f 1211/309/998 1210/309/997 1214/309/1000
f 1215/327/1001 1152/327/350 1212/327/994
f 1152/327/350 1215/327/1001 1155/327/901
f 1210/309/997 863/309/585 1216/309/1002
f 1216/309/1002 1214/309/1000 1210/309/997
f 865/309/587 1216/309/1002 863/309/585
f 1217/327/1003 1155/327/901 1215/327/1001
f 1217/327/1003 1158/327/904 1155/327/901
f 1216/309/1002 865/309/587 1218/309/1004
f 867/309/588 1218/309/1004 865/309/587
f 1219/321/1005 1158/327/904 1217/327/1003
f 1158/327/904 1219/321/1005 1159/321/905
f 1220/327/1006 1217/327/1003 1215/327/1001
f 1212/327/994 1220/327/1006 1215/327/1001
f 1221/327/1007 1219/321/1005 1217/327/1003
f 1217/327/1003 1220/327/1006 1221/327/1007
f 1222/321/224 1159/321/905 1219/321/1005
f 1222/321/224 1161/321/225 1159/321/905
f 1220/327/1006 1212/327/994 1223/327/1008
f 1223/327/1008 1212/327/994 1213/327/999
f 1220/327/1006 1223/327/1008 1224/327/1009
f 1224/327/1009 1221/327/1007 1220/327/1006
f 1225/327/1010 1223/327/1008 1213/327/999
f 1225/327/1010 1224/327/1009 1223/327/1008
f 1213/327/999 1226/327/1011 1225/327/1010
f 1211/309/998 1226/327/1011 1213/327/999
f 1226/327/1011 1211/309/998 1214/309/1000
f 1227/327/1012 1224/327/1009 1225/327/1010
f 1225/327/1010 1226/327/1011 1227/327/1012
f 1221/327/1007 1224/327/1009 1228/327/1007
f 1226/327/1011 1229/327/1013 1227/327/1012
f 1224/327/1009 1227/327/1012 1230/327/1014
f 1230/327/1014 1228/327/1007 1224/327/1009
f 1230/327/1014 1227/327/1012 1229/327/1013
f 1214/309/1000 1231/327/1015 1226/327/1011
f 1229/327/1013 1226/327/1011 1231/327/1015
f 1231/327/1015 1214/309/1000 1232/309/1016
f 1214/309/1000 1216/309/1002 1232/309/1016
f 1233/309/1017 1232/309/1016 1216/309/1002
f 1233/309/1017 1231/327/1015 1232/309/1016
f 1216/309/1002 1218/309/1004 1233/309/1017
f 1231/327/1015 1234/327/1018 1229/327/1013
f 1231/327/1015 1233/309/1017 1234/327/1018
f 1234/327/1018 1235/327/1019 1229/327/1013
f 1230/327/1014 1229/327/1013 1235/327/1019
f 1236/309/1020 1234/327/1018 1233/309/1017
f 1218/309/1004 1236/309/1020 1233/309/1017
f 1237/327/1021 1235/327/1019 1234/327/1018
f 1237/327/1021 1230/327/1014 1235/327/1019
f 1234/327/1018 1236/309/1020 1238/327/1022
f 1238/327/1022 1237/327/1021 1234/327/1018
f 1236/309/1020 1218/309/1004 1239/309/1023
f 1218/309/1004 867/309/588 1239/309/1023
f 1238/327/1022 1236/309/1020 1240/327/1024
f 1241/309/1025 1239/309/1023 867/309/588
f 867/309/588 868/309/589 1241/309/1025
f 1242/309/1026 1236/309/1020 1239/309/1023
f 1242/309/1026 1240/327/1024 1236/309/1020
f 1242/309/1026 1239/309/1023 1243/309/1027
f 1239/309/1023 1241/309/1025 1243/309/1027
f 1243/309/1027 1244/309/1028 1242/309/1026
f 1245/309/390 1243/309/1027 1241/309/1025
f 1243/309/1027 1245/309/390 1244/309/1028
f 1246/309/1029 1240/327/1024 1242/309/1026
f 1246/309/1029 1242/309/1026 1244/309/1028
f 1245/309/390 1241/309/1025 565/309/390
f 562/309/388 1245/309/390 565/309/390
f 562/309/388 1244/309/1028 1245/309/390
f 1247/309/1030 565/309/390 1241/309/1025
f 1244/309/1028 562/309/388 1248/309/1031
f 1247/309/1030 563/310/389 565/309/390
f 564/309/317 1248/309/1031 562/309/388
f 1249/309/1032 1247/309/1030 1241/309/1025
f 1249/309/1032 1241/309/1025 868/309/589
f 1250/319/1033 1247/309/1030 1249/309/1032
f 563/310/389 1247/309/1030 1250/319/1033
f 1251/319/1034 1249/309/1032 868/309/589
f 868/309/589 869/310/590 1251/319/1034
f 1059/319/1035 1251/319/1034 869/310/590
f 1252/319/1036 1249/309/1032 1251/319/1034
f 1249/309/1032 1252/319/1036 1250/319/1033
f 1251/319/1034 1059/319/1035 1253/319/1037
f 1253/319/1037 1252/319/1036 1251/319/1034
f 1061/319/1038 1253/319/1037 1059/319/1035
f 1252/319/1036 1254/319/1039 1250/319/1033
f 1253/319/1037 1061/319/1038 1255/319/1040
f 1062/319/17 1255/319/1040 1061/319/1038
f 1256/319/1041 1252/319/1036 1253/319/1037
f 1254/319/1039 1252/319/1036 1256/319/1041
f 1253/319/1037 1257/319/1042 1256/319/1041
f 1257/319/1042 1253/319/1037 1255/319/1040
f 1257/319/1042 1254/319/1039 1256/319/1041
f 1258/319/1043 1255/319/1040 1062/319/17
f 1255/319/1040 1258/319/1043 1257/319/1042
f 1064/319/1044 1258/319/1043 1062/319/17
f 1259/319/1045 1257/319/1042 1258/319/1043
f 1260/319/1046 1258/319/1043 1064/319/1044
f 1259/319/1045 1258/319/1043 1260/319/1046
f 1064/319/1044 1261/319/1047 1260/319/1046
f 1261/319/1047 1064/319/1044 1065/319/555
f 1262/319/53 1259/319/1045 1260/319/1046
f 1261/319/1047 1262/319/53 1260/319/1046
f 1259/319/1045 1263/319/1048 1257/319/1042
f 1263/319/1048 1254/319/1039 1257/319/1042
f 1262/319/53 1264/309/1045 1259/319/1045
f 1263/319/1048 1259/319/1045 1264/309/1045
f 1265/319/163 1262/319/53 1261/319/1047
f 1065/319/555 1266/319/1049 1261/319/1047
f 1266/319/1049 1265/319/163 1261/319/1047
f 1266/319/1049 1065/319/555 1068/331/1050
f 1071/319/416 1266/319/1049 1068/331/1050
f 1265/319/163 1267/309/53 1262/319/53
f 1264/309/1045 1262/319/53 1267/309/53
f 1268/319/163 1265/319/163 1266/319/1049
f 1269/319/1051 1266/319/1049 1071/319/416
f 1269/319/1051 1268/319/163 1266/319/1049
f 1270/309/163 1267/309/53 1265/319/163
f 1268/319/163 1270/309/163 1265/319/163
f 1271/319/1052 1269/319/1051 1071/319/416
f 1076/331/1053 1271/319/1052 1071/319/416
f 1079/319/1054 1271/319/1052 1076/331/1053
f 1272/319/188 1268/319/163 1269/319/1051
f 1271/319/1052 1079/319/1054 1273/319/1055
f 1082/320/1056 1273/319/1055 1079/319/1054
f 1269/319/1051 1271/319/1052 1274/319/163
f 1274/319/163 1272/319/188 1269/319/1051
f 1271/319/1052 1273/319/1055 1275/319/163
f 1271/319/1052 1275/319/163 1274/319/163
f 1273/319/1055 1082/320/1056 1276/320/1057
f 1273/319/1055 1277/320/188 1275/319/163
f 1273/319/1055 1276/320/1057 1277/320/188
f 1278/320/1058 1276/320/1057 1082/320/1056
f 1083/320/1059 1278/320/1058 1082/320/1056
f 1276/320/1057 1279/320/1060 1277/320/188
f 1276/320/1057 1278/320/1058 1279/320/1060
f 1280/273/1061 1278/320/1058 1083/320/1059
f 1085/332/1062 1280/273/1061 1083/320/1059
f 1086/273/1063 1280/273/1061 1085/332/1062
f 1278/320/1058 1280/273/1061 1281/273/1064
f 1278/320/1058 1281/273/1064 1279/320/1060
f 1086/273/1063 1282/273/1065 1280/273/1061
f 1282/273/1065 1281/273/1064 1280/273/1061
f 1088/273/1066 1282/273/1065 1086/273/1063
f 1283/320/1067 1279/320/1060 1281/273/1064
f 861/304/583 1088/273/1066 466/304/316
f 1279/320/1060 1283/320/1067 1284/320/1068
f 1284/320/1068 1277/320/188 1279/320/1060
f 1088/273/1066 861/304/583 1285/273/1069
f 1285/273/1069 1282/273/1065 1088/273/1066
f 1277/320/188 1284/320/1068 1286/319/53
f 1277/320/188 1286/319/53 1275/319/163
f 1282/273/1065 1285/273/1069 1287/273/1070
f 1275/319/163 1286/319/53 1288/319/53
f 1288/319/53 1274/319/163 1275/319/163
f 1282/273/1065 1287/273/1070 1289/273/1071
f 1281/273/1064 1282/273/1065 1289/273/1071
f 1289/273/1071 1290/273/1072 1281/273/1064
f 1287/273/1070 1290/273/1072 1289/273/1071
f 1281/273/1064 1290/273/1072 1283/320/1067
f 1285/273/1069 1291/322/1073 1287/273/1070
f 1285/273/1069 861/304/583 1291/322/1073
f 1290/273/1072 1287/273/1070 1292/273/1074
f 1291/322/1073 1292/273/1074 1287/273/1070
f 1293/273/1075 1283/320/1067 1290/273/1072
f 1290/273/1072 1292/273/1074 1293/273/1075
f 861/304/583 856/304/1076 1291/322/1073
f 861/304/583 860/322/582 856/304/1076
f 1294/322/1032 1292/273/1074 1291/322/1073
f 1291/322/1073 856/304/1076 1294/322/1032
f 1294/322/1032 856/304/1076 855/357/390
f 858/302/580 1294/322/1032 855/357/390
f 1294/322/1032 858/302/580 1292/273/1074
f 858/302/580 1293/273/1075 1292/273/1074
f 860/322/582 1295/322/1077 856/304/1076
f 1295/322/1077 854/322/388 856/304/1076
f 1295/322/1077 860/322/582 1296/322/1078
f 859/322/581 1296/322/1078 860/322/582
f 854/322/388 1295/322/1077 1297/273/1079
f 859/322/581 464/304/314 463/304/313
f 1296/322/1078 1298/322/1080 1295/322/1077
f 1297/273/1079 1295/322/1077 1298/322/1080
f 1296/322/1078 859/322/581 1299/322/1081
f 463/304/313 1299/322/1081 859/322/581
f 1298/322/1080 1296/322/1078 1300/322/1082
f 1299/322/1081 1300/322/1082 1296/322/1078
f 1299/322/1081 463/304/313 1301/322/1083
f 1300/322/1082 1299/322/1081 1302/322/1084
f 1299/322/1081 1301/322/1083 1302/322/1084
f 1303/322/1085 1301/322/1083 463/304/313
f 465/304/315 1303/322/1085 463/304/313
f 1301/322/1083 1303/322/1085 1304/322/1086
f 465/304/315 1304/322/1086 1303/322/1085
f 1305/322/1087 1302/322/1084 1301/322/1083
f 1301/322/1083 1304/322/1086 1305/322/1087
f 620/304/440 465/304/315 464/304/314
f 1304/322/1086 465/304/315 1306/322/1088
f 620/304/440 1306/322/1088 465/304/315
f 1304/322/1086 1306/322/1088 1307/322/1089
f 1304/322/1086 1307/322/1089 1305/322/1087
f 620/304/440 1308/322/1090 1306/322/1088
f 1307/322/1089 1306/322/1088 1308/322/1090
f 1308/322/1090 620/304/440 1309/322/1091
f 566/304/391 1309/322/1091 620/304/440
f 1308/322/1090 1310/322/1092 1307/322/1089
f 1309/322/1091 1310/322/1092 1308/322/1090
f 1309/322/1091 566/304/391 1311/322/1093
f 1310/322/1092 1309/322/1091 1311/322/1093
f 1311/322/1093 566/304/391 1140/322/844
f 1312/322/1094 1307/322/1089 1310/322/1092
f 1307/322/1089 1312/322/1094 1305/322/1087
f 1140/322/844 1313/273/1095 1311/322/1093
f 1313/273/1095 1140/322/844 1138/273/841
f 1310/322/1092 1311/322/1093 1314/273/1096
f 1313/273/1095 1138/273/841 1315/273/1097
f 1315/273/1097 1138/273/841 1136/273/839
f 1316/273/1098 1311/322/1093 1313/273/1095
f 1311/322/1093 1316/273/1098 1314/273/1096
f 1313/273/1095 1315/273/1097 1317/273/1099
f 1317/273/1099 1316/273/1098 1313/273/1095
f 1136/273/839 1318/320/1100 1315/273/1097
f 1318/320/1100 1136/273/839 1134/320/836
f 1319/320/1101 1317/273/1099 1315/273/1097
f 1315/273/1097 1318/320/1100 1319/320/1101
f 1318/320/1100 1134/320/836 1320/319/1102
f 1320/319/1102 1134/320/836 1132/319/833
f 1321/319/1103 1319/320/1101 1318/320/1100
f 1318/320/1100 1320/319/1102 1321/319/1103
f 1322/320/1104 1317/273/1099 1319/320/1101
f 1321/319/1103 1322/320/1104 1319/320/1101
f 1132/319/833 1323/319/1105 1320/319/1102
f 1323/319/1105 1132/319/833 1131/319/832
f 1324/319/1106 1321/319/1103 1320/319/1102
f 1324/319/1106 1320/319/1102 1323/319/1105
f 1131/319/832 1325/319/1107 1323/319/1105
f 1325/319/1107 1131/319/832 1130/319/93
f 1093/319/1108 1130/319/93 957/319/831
f 1130/319/93 1093/319/1108 1325/319/1107
f 1093/319/1108 1326/319/1109 1325/319/1107
f 1326/319/1109 1323/319/1105 1325/319/1107
f 1326/319/1109 1093/319/1108 1092/331/1110
f 1091/309/1111 1326/319/1109 1092/331/1110
f 1323/319/1105 1326/319/1109 1327/319/1112
f 1323/319/1105 1327/319/1112 1324/319/1106
f 1326/319/1109 1091/309/1111 1328/309/1113
f 1090/309/1114 1328/309/1113 1091/309/1111
f 1326/319/1109 1329/309/1115 1327/319/1112
f 1326/319/1109 1328/309/1113 1329/309/1115
f 1330/319/1116 1324/319/1106 1327/319/1112
f 1330/319/1116 1327/319/1112 1329/309/1115
f 1330/319/1116 1331/319/1106 1324/319/1106
f 1331/319/1106 1321/319/1103 1324/319/1106
f 1329/309/1115 1332/319/134 1330/319/1116
f 1332/319/134 1331/319/1106 1330/319/1116
f 1333/309/1117 1329/309/1115 1328/309/1113
f 1332/319/134 1329/309/1115 1333/309/1117
f 1321/319/1103 1331/319/1106 1334/320/1103
f 1334/320/1103 1322/320/1104 1321/319/1103
f 1332/319/134 1335/319/1118 1331/319/1106
f 1334/320/1103 1331/319/1106 1335/319/1118
f 1336/320/1119 1322/320/1104 1334/320/1103
f 1335/319/1118 1336/320/1119 1334/320/1103
f 1337/309/1120 1333/309/1117 1328/309/1113
f 1328/309/1113 1090/309/1114 1337/309/1120
f 1087/309/1121 1337/309/1120 1090/309/1114
f 1338/309/1122 1332/319/134 1333/309/1117
f 1338/309/1122 1333/309/1117 1337/309/1120
f 1339/319/1123 1335/319/1118 1332/319/134
f 1332/319/134 1338/309/1122 1339/319/1123
f 1339/319/1123 1340/319/1124 1335/319/1118
f 1340/319/1124 1336/320/1119 1335/319/1118
f 1338/309/1122 1337/309/1120 1341/309/1125
f 1342/309/1126 1339/319/1123 1338/309/1122
f 1342/309/1126 1338/309/1122 1341/309/1125
f 1343/309/1127 1341/309/1125 1337/309/1120
f 1343/309/1127 1342/309/1126 1341/309/1125
f 1337/309/1120 1087/309/1121 1343/309/1127
f 1343/309/1127 1087/309/1121 1344/327/1128
f 1344/327/1128 1087/309/1121 1084/327/558
f 1084/327/558 1345/327/1129 1344/327/1128
f 1345/327/1129 1084/327/558 1081/328/1130
f 1345/327/1129 1081/328/1130 1080/327/1131
f 1346/327/53 1343/309/1127 1344/327/1128
f 1345/327/1129 1346/327/53 1344/327/1128
f 1346/327/53 1347/309/53 1343/309/1127
f 1342/309/1126 1343/309/1127 1347/309/53
f 1346/327/53 1345/327/1129 1348/327/142
f 1345/327/1129 1080/327/1131 1349/327/1132
f 1349/327/1132 1348/327/142 1345/327/1129
f 1349/327/1132 1080/327/1131 1350/321/1133
f 1350/321/1133 1080/327/1131 1078/321/1134
f 1348/327/142 1349/327/1132 1351/327/53
f 1350/321/1133 1078/321/1134 1352/321/1135
f 1352/321/1135 1078/321/1134 1077/321/1136
f 1353/327/53 1349/327/1132 1350/321/1133
f 1349/327/1132 1353/327/53 1351/327/53
f 1354/321/53 1350/321/1133 1352/321/1135
f 1354/321/53 1353/327/53 1350/321/1133
f 1077/321/1136 1355/321/1137 1352/321/1135
f 1355/321/1137 1077/321/1136 1075/321/1138
f 1356/321/142 1354/321/53 1352/321/1135
f 1356/321/142 1352/321/1135 1355/321/1137
f 1354/321/53 1357/327/53 1353/327/53
f 1351/327/53 1353/327/53 1357/327/53
f 1354/321/53 1356/321/142 1358/327/53
f 1357/327/53 1354/321/53 1358/327/53
f 1359/321/142 1356/321/142 1355/321/1137
f 1358/327/53 1356/321/142 1359/321/142
f 1075/321/1138 1360/308/1139 1355/321/1137
f 1359/321/142 1355/321/1137 1360/308/1139
f 1360/308/1139 1075/321/1138 1074/308/1140
f 1074/308/1140 1361/308/1141 1360/308/1139
f 1361/308/1141 1074/308/1140 1073/329/573
f 1073/329/573 1072/308/1142 1361/308/1141
f 1362/308/53 1359/321/142 1360/308/1139
f 1360/308/1139 1361/308/1141 1362/308/53
f 1361/308/1141 1072/308/1142 1363/308/1143
f 1361/308/1141 1363/308/1143 1362/308/53
f 1072/308/1142 1070/308/325 1363/308/1143
f 1364/327/142 1359/321/142 1362/308/53
f 1359/321/142 1364/327/142 1358/327/53
f 1362/308/53 1363/308/1143 1365/308/284
f 1365/308/284 1364/327/142 1362/308/53
f 1363/308/1143 1070/308/325 1366/308/1144
f 1363/308/1143 1366/308/1144 1365/308/284
f 1069/308/1145 1366/308/1144 1070/308/325
f 1364/327/142 1365/308/284 1367/321/142
f 1366/308/1144 1069/308/1145 1368/308/1146
f 1069/308/1145 1067/308/905 1368/308/1146
f 1365/308/284 1366/308/1144 1369/308/53
f 1366/308/1144 1368/308/1146 1369/308/53
f 1367/321/142 1365/308/284 1369/308/53
f 1368/308/1146 1067/308/905 1370/308/1147
f 1066/321/1148 1370/308/1147 1067/308/905
f 1368/308/1146 1371/308/53 1369/308/53
f 1368/308/1146 1370/308/1147 1371/308/53
f 1371/308/53 1367/321/142 1369/308/53
f 1370/308/1147 1066/321/1148 1372/321/1149
f 1373/321/53 1371/308/53 1370/308/1147
f 1370/308/1147 1372/321/1149 1373/321/53
f 1374/321/53 1371/308/53 1373/321/53
f 1371/308/53 1374/321/53 1367/321/142
f 1375/321/53 1373/321/53 1372/321/1149
f 1375/321/53 1374/321/53 1373/321/53
f 1372/321/1149 1066/321/1148 1376/321/1150
f 1063/321/1151 1376/321/1150 1066/321/1148
f 1372/321/1149 1377/321/53 1375/321/53
f 1372/321/1149 1376/321/1150 1377/321/53
f 1063/321/1151 1378/308/1152 1376/321/1150
f 1378/308/1152 1063/321/1151 1060/329/1153
f 1060/329/1153 1058/321/1154 1378/308/1152
f 1376/321/1150 1379/321/53 1377/321/53
f 1379/321/53 1376/321/1150 1378/308/1152
f 1380/321/53 1375/321/53 1377/321/53
f 1379/321/53 1380/321/53 1377/321/53
f 1380/321/53 1374/321/53 1375/321/53
f 1378/308/1152 1381/321/1155 1379/321/53
f 1378/308/1152 1058/321/1154 1381/321/1155
f 1380/321/53 1379/321/53 1382/321/53
f 1058/321/1154 1383/308/1156 1381/321/1155
f 1383/308/1156 1058/321/1154 1057/308/1130
f 1384/321/142 1379/321/53 1381/321/1155
f 1384/321/142 1382/321/53 1379/321/53
f 1057/308/1130 1385/308/1157 1383/308/1156
f 1385/308/1157 1057/308/1130 475/308/325
f 475/308/325 474/307/324 1385/308/1157
f 1381/321/1155 1383/308/1156 1386/308/1158
f 1383/308/1156 1385/308/1157 1387/308/1159
f 1387/308/1159 1386/308/1158 1383/308/1156
f 1387/308/1159 1385/308/1157 1388/308/1160
f 1385/308/1157 474/307/324 1388/308/1160
f 1386/308/1158 1387/308/1159 1389/308/1159
f 1390/308/1161 1381/321/1155 1386/308/1158
f 1390/308/1161 1386/308/1158 1389/308/1159
f 1381/321/1155 1390/308/1161 1384/321/142
f 1391/321/385 1389/308/1159 1387/308/1159
f 1391/321/385 1387/308/1159 1388/308/1160
f 1389/308/1159 557/306/385 1390/308/1161
f 1389/308/1159 1391/321/385 557/306/385
f 557/306/385 1391/321/385 554/321/382
f 1388/308/1160 1392/321/1162 1391/321/385
f 1392/321/1162 554/321/382 1391/321/385
f 1392/321/1162 1388/308/1160 1393/308/1162
f 1393/308/1162 1388/308/1160 474/307/324
f 554/321/382 1392/321/1162 1394/321/1163
f 1394/321/1163 555/306/383 554/321/382
f 1393/308/1162 1395/321/1164 1392/321/1162
f 1395/321/1164 1394/321/1163 1392/321/1162
f 1054/308/1165 474/307/324 476/308/326
f 1165/308/913 1054/308/1165 984/308/915
f 1396/308/1166 474/307/324 1054/308/1165
f 1054/308/1165 1165/308/913 1396/308/1166
f 474/307/324 1396/308/1166 1393/308/1162
f 1164/308/911 1396/308/1166 1165/308/913
f 1397/308/1167 1393/308/1162 1396/308/1166
f 1396/308/1166 1164/308/911 1397/308/1167
f 1397/308/1167 1395/321/1164 1393/308/1162
f 1397/308/1167 1164/308/911 1161/321/225
f 1397/308/1167 1161/321/225 1222/321/224
f 1397/308/1167 1398/321/1168 1395/321/1164
f 1398/321/1168 1397/308/1167 1222/321/224
f 1395/321/1164 1398/321/1168 1394/321/1163
f 1222/321/224 1399/321/1169 1398/321/1168
f 1399/321/1169 1222/321/224 1219/321/1005
f 1219/321/1005 1221/327/1007 1399/321/1169
f 1400/321/1168 1394/321/1163 1398/321/1168
f 555/306/383 1394/321/1163 1400/321/1168
f 1398/321/1168 1399/321/1169 1401/321/1170
f 1399/321/1169 1221/327/1007 1401/321/1170
f 1398/321/1168 1401/321/1170 1400/321/1168
f 1228/327/1007 1401/321/1170 1221/327/1007
f 1400/321/1168 1402/327/1171 555/306/383
f 1402/327/1171 1400/321/1168 1401/321/1170
f 1403/327/1172 1401/321/1170 1228/327/1007
f 1401/321/1170 1403/327/1172 1402/327/1171
f 1228/327/1007 1230/327/1014 1403/327/1172
f 1403/327/1172 1230/327/1014 1404/327/1172
f 1404/327/1172 1402/327/1171 1403/327/1172
f 1404/327/1172 1230/327/1014 1237/327/1021
f 1402/327/1171 1405/321/383 555/306/383
f 556/321/384 555/306/383 1405/321/383
f 1402/327/1171 1404/327/1172 1406/327/1173
f 1405/321/383 1402/327/1171 1406/327/1173
f 1407/327/1174 1404/327/1172 1237/327/1021
f 1237/327/1021 1238/327/1022 1407/327/1174
f 1408/327/1175 1406/327/1173 1404/327/1172
f 1404/327/1172 1407/327/1174 1408/327/1175
f 1409/327/1176 1405/321/383 1406/327/1173
f 1406/327/1173 1408/327/1175 1409/327/1176
f 1410/327/1177 1407/327/1174 1238/327/1022
f 1238/327/1022 1240/327/1024 1410/327/1177
f 1407/327/1174 1411/327/1178 1408/327/1175
f 1410/327/1177 1411/327/1178 1407/327/1174
f 1412/327/1176 1409/327/1176 1408/327/1175
f 1412/327/1176 1408/327/1175 1411/327/1178
f 1413/327/1177 1410/327/1177 1240/327/1024
f 1414/327/1179 1409/327/1176 1412/327/1176
f 1413/327/1177 1415/327/1180 1410/327/1177
f 1411/327/1178 1410/327/1177 1415/327/1180
f 1240/327/1024 1416/327/1181 1413/327/1177
f 1416/327/1181 1240/327/1024 1246/309/1029
f 1415/327/1180 1413/327/1177 1417/327/1182
f 1417/327/1182 1413/327/1177 1416/327/1181
f 1418/327/1183 1411/327/1178 1415/327/1180
f 1417/327/1182 1418/327/1183 1415/327/1180
f 1419/327/1184 1412/327/1176 1411/327/1178
f 1411/327/1178 1418/327/1183 1419/327/1184
f 1414/327/1179 1412/327/1176 1419/327/1184
f 1418/327/1183 1417/327/1182 478/305/328
f 477/301/327 1419/327/1184 1418/327/1183
f 478/305/328 477/301/327 1418/327/1183
f 1416/327/1181 1420/309/1185 1417/327/1182
f 478/305/328 1417/327/1182 1420/309/1185
f 1246/309/1029 1420/309/1185 1416/327/1181
f 1419/327/1184 477/301/327 1421/309/1186
f 1421/309/1186 1414/327/1179 1419/327/1184
f 1420/309/1185 1246/309/1029 1422/309/1187
f 1244/309/1028 1422/309/1187 1246/309/1029
f 1422/309/1187 1244/309/1028 1248/309/1031
f 1423/309/1188 478/305/328 1420/309/1185
f 1422/309/1187 1423/309/1188 1420/309/1185
f 479/309/329 478/305/328 1423/309/1188
f 1248/309/1031 1424/309/1188 1422/309/1187
f 1423/309/1188 1422/309/1187 1424/309/1188
f 559/309/355 479/309/329 1423/309/1188
f 1424/309/1188 1248/309/1031 1425/309/1189
f 1248/309/1031 564/309/317 1425/309/1189
f 1424/309/1188 560/301/387 1423/309/1188
f 1423/309/1188 560/301/387 559/309/355
f 559/309/355 1426/309/1190 479/309/329
f 479/309/329 1426/309/1190 477/301/327
f 1426/309/1190 1421/309/1186 477/301/327
f 561/305/350 1426/309/1190 559/309/355
f 1427/309/1191 1421/309/1186 1426/309/1190
f 561/305/350 1427/309/1191 1426/309/1190
f 1427/309/1191 1428/327/1192 1421/309/1186
f 1414/327/1179 1421/309/1186 1428/327/1192
f 561/305/350 1429/327/1193 1427/309/1191
f 1429/327/1193 1428/327/1192 1427/309/1191
f 1428/327/1192 1430/321/1179 1414/327/1179
f 1430/321/1179 1409/327/1176 1414/327/1179
f 1405/321/383 1409/327/1176 1430/321/1179
f 1428/327/1192 1431/321/1194 1430/321/1179
f 1431/321/1194 1405/321/383 1430/321/1179
f 1429/327/1193 1431/321/1194 1428/327/1192
f 556/321/384 1405/321/383 1431/321/1194
f 1432/321/1195 556/321/384 1431/321/1194
f 1431/321/1194 1429/327/1193 1432/321/1195
f 556/321/384 1432/321/1195 557/306/385
f 1432/321/1195 1390/308/1161 557/306/385
f 1433/321/348 1429/327/1193 561/305/350
f 1429/327/1193 1433/321/348 1432/321/1195
f 561/305/350 1434/321/355 1433/321/348
f 561/305/350 558/305/386 1434/321/355
f 1435/321/1196 1432/321/1195 1433/321/348
f 1434/321/355 1435/321/1196 1433/321/348
f 1432/321/1195 1436/321/1161 1390/308/1161
f 1432/321/1195 1435/321/1196 1437/321/1196
f 1436/321/1161 1432/321/1195 1437/321/1196
f 1438/321/53 1390/308/1161 1436/321/1161
f 1390/308/1161 1438/321/53 1384/321/142
f 1439/321/1197 1436/321/1161 1437/321/1196
f 1436/321/1161 1439/321/1197 1438/321/53
f 1438/321/53 1440/321/53 1384/321/142
f 1382/321/53 1384/321/142 1440/321/53
f 1439/321/1197 1441/321/1198 1438/321/53
f 1440/321/53 1438/321/53 1441/321/1198
f 1382/321/53 1440/321/53 624/321/443
f 1382/321/53 624/321/443 473/306/323
f 626/327/445 624/321/443 1440/321/53
f 1380/321/53 1382/321/53 473/306/323
f 626/327/445 1440/321/53 1441/321/1198
f 472/306/322 1380/321/53 473/306/323
f 1374/321/53 1380/321/53 472/306/322
f 1441/321/1198 627/305/446 626/327/445
f 625/305/444 626/327/445 627/305/446
f 627/305/446 1441/321/1198 1442/327/1199
f 1442/327/1199 1441/321/1198 1439/321/1197
f 1443/327/1200 627/305/446 1442/327/1199
f 1442/327/1199 1439/321/1197 1443/327/1200
f 627/305/446 1443/327/1200 629/327/448
f 1439/321/1197 1444/327/1201 1443/327/1200
f 1444/327/1201 629/327/448 1443/327/1200
f 1437/321/1196 1444/327/1201 1439/321/1197
f 1444/327/1201 1437/321/1196 1435/321/1196
f 629/327/448 1444/327/1201 1445/327/1202
f 1444/327/1201 1435/321/1196 1445/327/1202
f 1445/327/1202 630/305/449 629/327/448
f 1445/327/1202 1435/321/1196 1446/321/329
f 1435/321/1196 1434/321/355 1446/321/329
f 630/305/449 1445/327/1202 1447/327/329
f 1446/321/329 1447/327/329 1445/327/1202
f 1434/321/355 1448/321/1203 1446/321/329
f 1434/321/355 558/305/386 1448/321/1203
f 1449/321/574 1446/321/329 1448/321/1203
f 1447/327/329 1446/321/329 1449/321/574
f 558/305/386 1449/321/574 1448/321/1203
f 1450/327/53 1447/327/329 1449/321/574
f 1450/327/53 1449/321/574 558/305/386
f 1447/327/329 1450/327/53 1451/327/53
f 1451/327/53 630/305/449 1447/327/329
f 1452/309/53 1450/327/53 558/305/386
f 1452/309/53 1451/327/53 1450/327/53
f 558/305/386 1453/309/346 1452/309/53
f 1453/309/346 558/305/386 560/301/387
f 630/305/449 1451/327/53 1454/327/142
f 560/301/387 1455/309/386 1453/309/346
f 560/301/387 1424/309/1188 1455/309/386
f 1425/309/1189 1455/309/386 1424/309/1188
f 1455/309/386 1456/309/1204 1453/309/346
f 1452/309/53 1453/309/346 1456/309/1204
f 1455/309/386 1425/309/1189 1457/309/1205
f 1457/309/1205 1456/309/1204 1455/309/386
f 1425/309/1189 1458/309/316 1457/309/1205
f 1458/309/316 1425/309/1189 564/309/317
f 1457/309/1205 1459/309/388 1456/309/1204
f 1459/309/388 1457/309/1205 1458/309/316
f 1452/309/53 1456/309/1204 1459/309/388
f 564/309/317 563/310/389 1458/309/316
f 1459/309/388 1460/309/53 1452/309/53
f 1451/327/53 1452/309/53 1460/309/53
f 1460/309/53 1454/327/142 1451/327/53
f 1458/309/316 1461/319/1206 1459/309/388
f 1460/309/53 1459/309/388 1461/319/1206
f 1461/319/1206 1458/309/316 563/310/389
f 1461/319/1206 1462/309/53 1460/309/53
f 1454/327/142 1460/309/53 1462/309/53
f 563/310/389 1463/319/1207 1461/319/1206
f 1462/309/53 1461/319/1206 1463/319/1207
f 1463/319/1207 563/310/389 1464/319/99
f 1250/319/1033 1464/319/99 563/310/389
f 1464/319/99 1250/319/1033 1254/319/1039
f 1465/309/113 1462/309/53 1463/319/1207
f 1463/319/1207 1464/319/99 1465/309/113
f 1466/309/1208 1464/319/99 1254/319/1039
f 1466/309/1208 1465/309/113 1464/319/99
f 1254/319/1039 1263/319/1048 1466/309/1208
f 1462/309/53 1465/309/113 1467/309/163
f 1467/309/163 1454/327/142 1462/309/53
f 1263/319/1048 1468/309/1209 1466/309/1208
f 1468/309/1209 1263/319/1048 1264/309/1045
f 1466/309/1208 1469/309/1210 1465/309/113
f 1469/309/1210 1466/309/1208 1468/309/1209
f 1465/309/113 1469/309/1210 1467/309/163
f 1264/309/1045 1470/309/1211 1468/309/1209
f 1470/309/1211 1469/309/1210 1468/309/1209
f 1470/309/1211 1264/309/1045 1267/309/53
f 1454/327/142 1467/309/163 1471/327/53
f 1471/327/53 630/305/449 1454/327/142
f 630/305/449 1471/327/53 628/327/447
f 1267/309/53 1472/309/708 1470/309/1211
f 1472/309/708 1267/309/53 1270/309/163
f 1473/327/53 628/327/447 1471/327/53
f 625/305/444 628/327/447 1473/327/53
f 1474/309/53 1471/327/53 1467/309/163
f 1471/327/53 1474/309/53 1473/327/53
f 1474/309/53 1467/309/163 1469/309/1210
f 1475/327/53 625/305/444 1473/327/53
f 1474/309/53 1475/327/53 1473/327/53
f 623/321/442 625/305/444 1475/327/53
f 1469/309/1210 1476/309/1212 1474/309/53
f 1476/309/1212 1469/309/1210 1470/309/1211
f 1472/309/708 1476/309/1212 1470/309/1211
f 1475/327/53 1474/309/53 1477/309/163
f 1477/309/163 1474/309/53 1476/309/1212
f 1478/327/53 623/321/442 1475/327/53
f 1477/309/163 1478/327/53 1475/327/53
f 473/306/323 623/321/442 471/306/321
f 471/306/321 623/321/442 1478/327/53
f 1479/309/1213 1477/309/163 1476/309/1212
f 1479/309/1213 1476/309/1212 1472/309/708
f 1478/327/53 1477/309/163 1480/309/53
f 1480/309/53 1477/309/163 1479/309/1213
f 1481/327/142 471/306/321 1478/327/53
f 1480/309/53 1481/327/142 1478/327/53
f 619/301/439 1479/309/1213 1472/309/708
f 1270/309/163 619/301/439 1472/309/708
f 618/309/439 1480/309/53 1479/309/1213
f 618/309/439 1479/309/1213 619/301/439
f 1482/309/53 1480/309/53 618/309/439
f 1481/327/142 1480/309/53 1482/309/53
f 617/309/416 1482/309/53 618/309/439
f 619/301/439 1270/309/163 1483/309/188
f 1270/309/163 1268/319/163 1483/309/188
f 1483/309/188 616/309/438 619/301/439
f 1272/319/188 1483/309/188 1268/319/163
f 616/309/438 1483/309/188 1484/309/188
f 1483/309/188 1272/319/188 1484/309/188
f 1485/319/163 616/309/438 1484/309/188
f 1272/319/188 1485/319/163 1484/309/188
f 1485/319/163 1272/319/188 1274/319/163
f 616/309/438 1485/319/163 614/309/436
f 1274/319/163 1288/319/53 1485/319/163
f 1288/319/53 614/309/436 1485/319/163
f 614/309/436 1288/319/53 612/319/434
f 1286/319/53 612/319/434 1288/319/53
f 612/319/434 1286/319/53 609/319/433
f 1284/320/1068 609/319/433 1286/319/53
f 609/319/433 1284/320/1068 1486/320/1214
f 610/303/1214 609/319/433 1486/320/1214
f 1284/320/1068 1487/320/1215 1486/320/1214
f 1487/320/1215 610/303/1214 1486/320/1214
f 1487/320/1215 1284/320/1068 1283/320/1067
f 1283/320/1067 1293/273/1075 1487/320/1215
f 610/303/1214 1487/320/1215 1488/320/1215
f 1293/273/1075 1488/320/1215 1487/320/1215
f 1293/273/1075 1489/273/1216 1488/320/1215
f 858/302/580 1489/273/1216 1293/273/1075
f 610/303/1214 1488/320/1215 1490/320/53
f 1491/320/53 1488/320/1215 1489/273/1216
f 1488/320/1215 1491/320/53 1490/320/53
f 858/302/580 1492/273/1217 1489/273/1216
f 1489/273/1216 1492/273/1217 1491/320/53
f 610/303/1214 1490/320/53 1493/320/53
f 611/319/433 610/303/1214 1493/320/53
f 1491/320/53 1494/319/53 1490/320/53
f 611/319/433 1493/320/53 1495/319/53
f 613/319/435 611/319/433 1495/319/53
f 1496/319/53 1493/320/53 1490/320/53
f 1490/320/53 1494/319/53 1496/319/53
f 613/319/435 1495/319/53 1497/319/53
f 615/309/437 613/319/435 1497/319/53
f 1493/320/53 1498/309/53 1495/319/53
f 615/309/437 1497/319/53 1499/309/163
f 617/309/416 615/309/437 1499/309/163
f 1500/309/53 1497/319/53 1495/319/53
f 1495/319/53 1498/309/53 1500/309/53
f 1497/319/53 1501/327/53 1499/309/163
f 1501/327/53 1497/319/53 1500/309/53
f 1499/309/163 1502/309/188 617/309/416
f 1502/309/188 1482/309/53 617/309/416
f 1499/309/163 1501/327/53 1503/327/53
f 1503/327/53 1502/309/188 1499/309/163
f 1504/327/142 1482/309/53 1502/309/188
f 1482/309/53 1504/327/142 1481/327/142
f 1503/327/53 1505/327/53 1502/309/188
f 1502/309/188 1505/327/53 1504/327/142
f 1504/327/142 1506/321/1218 1481/327/142
f 1506/321/1218 471/306/321 1481/327/142
f 472/306/322 471/306/321 1506/321/1218
f 1507/321/1219 1506/321/1218 1504/327/142
f 1505/327/53 1507/321/1219 1504/327/142
f 1506/321/1218 1508/321/1220 472/306/322
f 1508/321/1220 1506/321/1218 1507/321/1219
f 1508/321/1220 1374/321/53 472/306/322
f 1367/321/142 1374/321/53 1508/321/1220
f 1509/327/1221 1507/321/1219 1505/327/53
f 1510/327/1222 1367/321/142 1508/321/1220
f 1507/321/1219 1510/327/1222 1508/321/1220
f 1510/327/1222 1507/321/1219 1509/327/1221
f 1364/327/142 1367/321/142 1510/327/1222
f 1358/327/53 1364/327/142 1510/327/1222
f 1505/327/53 1511/327/1223 1509/327/1221
f 1511/327/1223 1510/327/1222 1509/327/1221
f 1511/327/1223 1505/327/53 1503/327/53
f 1510/327/1222 468/305/318 1358/327/53
f 1510/327/1222 1511/327/1223 468/305/318
f 468/305/318 1357/327/53 1358/327/53
f 1503/327/53 469/305/319 1511/327/1223
f 469/305/319 468/305/318 1511/327/1223
f 469/305/319 1503/327/53 1501/327/53
f 468/305/318 470/305/320 1357/327/53
f 1501/327/53 1512/309/1224 469/305/319
f 1512/309/1224 470/305/320 469/305/319
f 1512/309/1224 1501/327/53 1500/309/53
f 470/305/320 1513/327/53 1357/327/53
f 1357/327/53 1513/327/53 1351/327/53
f 1351/327/53 1513/327/53 1348/327/142
f 1513/327/53 1346/327/53 1348/327/142
f 470/305/320 1512/309/1224 454/301/1225
f 470/305/320 454/301/1225 1513/327/53
f 1500/309/53 455/301/1226 1512/309/1224
f 455/301/1226 454/301/1225 1512/309/1224
f 1500/309/53 1498/309/53 455/301/1226
f 454/301/1225 1514/309/143 1513/327/53
f 1346/327/53 1513/327/53 1514/309/143
f 454/301/1225 456/301/1227 1514/309/143
f 1514/309/143 1347/309/53 1346/327/53
f 1498/309/53 547/301/1228 455/301/1226
f 547/301/1228 456/301/1227 455/301/1226
f 1347/309/53 1514/309/143 1515/309/53
f 456/301/1227 1515/309/53 1514/309/143
f 1498/309/53 1516/319/143 547/301/1228
f 1498/309/53 1493/320/53 1516/319/143
f 1493/320/53 1496/319/53 1516/319/143
f 456/301/1227 547/301/1228 1517/309/1229
f 456/301/1227 1517/309/1229 1515/309/53
f 548/319/378 547/301/1228 1516/319/143
f 1516/319/143 1496/319/53 548/319/378
f 547/301/1228 549/310/380 1517/309/1229
f 1496/319/53 1518/319/1230 548/319/378
f 1518/319/1230 1496/319/53 1494/319/53
f 550/319/379 548/319/378 1518/319/1230
f 549/310/380 1519/319/1231 1517/309/1229
f 1517/309/1229 1519/319/1231 1515/309/53
f 1520/319/1232 549/310/380 550/319/379
f 1519/319/1231 549/310/380 1521/319/1233
f 549/310/380 1520/319/1232 1521/319/1233
f 1522/309/53 1515/309/53 1519/319/1231
f 1522/309/53 1347/309/53 1515/309/53
f 1342/309/1126 1347/309/53 1522/309/53
f 1521/319/1233 1523/309/1234 1519/319/1231
f 1522/309/53 1519/319/1231 1523/309/1234
f 1521/319/1233 1520/319/1232 1523/309/1234
f 1522/309/53 1524/319/1235 1342/309/1126
f 1523/309/1234 1524/319/1235 1522/309/53
f 1524/319/1235 1525/319/1236 1342/309/1126
f 1342/309/1126 1525/319/1236 1339/319/1123
f 1524/319/1235 1523/309/1234 1526/319/1196
f 1525/319/1236 1524/319/1235 1526/319/1196
f 1340/319/1124 1339/319/1123 1525/319/1236
f 1527/319/1237 1526/319/1196 1523/309/1234
f 1523/309/1234 1520/319/1232 1527/319/1237
f 1526/319/1196 1527/319/1237 1528/319/1196
f 1528/319/1196 1525/319/1236 1526/319/1196
f 1529/319/1238 1527/319/1237 1520/319/1232
f 1529/319/1238 1520/319/1232 550/319/379
f 1518/319/1230 1529/319/1238 550/319/379
f 1527/319/1237 1530/319/1239 1528/319/1196
f 1530/319/1239 1527/319/1237 1529/319/1238
f 1529/319/1238 1518/319/1230 1531/319/1240
f 1531/319/1240 1530/319/1239 1529/319/1238
f 1532/319/142 1531/319/1240 1518/319/1230
f 1494/319/53 1532/319/142 1518/319/1230
f 1530/319/1239 1531/319/1240 1533/319/1241
f 1494/319/53 1534/273/53 1532/319/142
f 1534/273/53 1494/319/53 1491/320/53
f 1534/273/53 1491/320/53 1492/273/1217
f 1535/320/53 1531/319/1240 1532/319/142
f 1531/319/1240 1535/320/53 1533/319/1241
f 1536/273/53 1532/319/142 1534/273/53
f 1532/319/142 1536/273/53 1535/320/53
f 1537/273/1242 1534/273/53 1492/273/1217
f 1534/273/53 1537/273/1242 1536/273/53
f 1535/320/53 1538/320/1243 1533/319/1241
f 1538/320/1243 1530/319/1239 1533/319/1241
f 1538/320/1243 1535/320/53 460/303/5
f 1536/273/53 460/303/5 1535/320/53
f 1530/319/1239 1538/320/1243 552/320/19
f 552/320/19 1538/320/1243 460/303/5
f 553/310/381 1530/319/1239 552/320/19
f 1530/319/1239 553/310/381 1528/319/1196
f 1525/319/1236 1528/319/1196 553/310/381
f 460/303/5 1536/273/53 1539/273/5
f 460/303/5 1539/273/5 461/273/312
f 1536/273/53 1540/273/1244 1539/273/5
f 1536/273/53 1537/273/1242 1540/273/1244
f 461/273/312 1539/273/5 1541/273/5
f 1540/273/1244 1541/273/5 1539/273/5
f 1537/273/1242 1542/273/1245 1540/273/1244
f 1540/273/1244 1542/273/1245 1541/273/5
f 1492/273/1217 1543/273/316 1537/273/1242
f 1542/273/1245 1537/273/1242 1543/273/316
f 1543/273/316 1492/273/1217 858/302/580
f 858/302/580 1544/273/317 1543/273/316
f 1544/273/317 1542/273/1245 1543/273/316
f 857/273/390 1544/273/317 858/302/580
f 1542/273/1245 1544/273/317 1545/273/1246
f 857/273/390 1545/273/1246 1544/273/317
f 1546/273/1247 1542/273/1245 1545/273/1246
f 1542/273/1245 1546/273/1247 1541/273/5
f 1547/273/1248 1545/273/1246 857/273/390
f 1547/273/1248 1546/273/1247 1545/273/1246
f 854/322/388 1547/273/1248 857/273/390
f 1297/273/1079 1547/273/1248 854/322/388
f 1546/273/1247 1547/273/1248 1548/273/1249
f 1297/273/1079 1548/273/1249 1547/273/1248
f 1549/273/1250 1541/273/5 1546/273/1247
f 1548/273/1249 1549/273/1250 1546/273/1247
f 1541/273/5 1549/273/1250 461/273/312
f 462/302/19 461/273/312 1549/273/1250
f 1548/273/1249 1297/273/1079 1550/273/1251
f 1297/273/1079 1298/322/1080 1550/273/1251
f 1549/273/1250 1548/273/1249 1551/273/1252
f 1550/273/1251 1551/273/1252 1548/273/1249
f 1552/273/1253 462/302/19 1549/273/1250
f 1551/273/1252 1552/273/1253 1549/273/1250
f 1298/322/1080 1553/273/1254 1550/273/1251
f 1553/273/1254 1298/322/1080 1300/322/1082
f 1554/273/1255 1551/273/1252 1550/273/1251
f 1550/273/1251 1553/273/1254 1554/273/1255
f 1552/273/1253 1551/273/1252 1555/273/1183
f 1554/273/1255 1555/273/1183 1551/273/1252
f 462/302/19 1552/273/1253 1556/273/1256
f 551/303/360 460/303/5 462/302/19
f 551/303/360 462/302/19 1556/273/1256
f 1552/273/1253 1557/273/327 1556/273/1256
f 1555/273/1183 1557/273/327 1552/273/1253
f 551/303/360 1556/273/1256 1558/273/1257
f 1557/273/327 1558/273/1257 1556/273/1256
f 551/303/360 1558/273/1257 1559/273/1258
f 1559/273/1258 553/310/381 551/303/360
f 553/310/381 1559/273/1258 1525/319/1236
f 1558/273/1257 1560/273/1259 1559/273/1258
f 1525/319/1236 1559/273/1258 1560/273/1259
f 1558/273/1257 1557/273/327 1561/273/1260
f 1561/273/1260 1560/273/1259 1558/273/1257
f 1557/273/327 1555/273/1183 1562/273/1261
f 1562/273/1261 1561/273/1260 1557/273/327
f 1525/319/1236 1560/273/1259 1563/319/1262
f 1525/319/1236 1563/319/1262 1340/319/1124
f 1564/273/1263 1562/273/1261 1555/273/1183
f 1555/273/1183 1554/273/1255 1564/273/1263
f 1565/320/1119 1340/319/1124 1563/319/1262
f 1340/319/1124 1565/320/1119 1336/320/1119
f 1554/273/1255 1566/273/1264 1564/273/1263
f 1566/273/1264 1554/273/1255 1553/273/1254
f 1564/273/1263 1566/273/1264 1567/273/1263
f 1562/273/1261 1564/273/1263 1567/273/1263
f 1553/273/1254 1568/273/1265 1566/273/1264
f 1568/273/1265 1567/273/1263 1566/273/1264
f 1569/273/1266 1562/273/1261 1567/273/1263
f 1569/273/1266 1561/273/1260 1562/273/1261
f 1568/273/1265 1570/273/1267 1567/273/1263
f 1570/273/1267 1569/273/1266 1567/273/1263
f 1553/273/1254 1571/273/1268 1568/273/1265
f 1300/322/1082 1571/273/1268 1553/273/1254
f 1572/273/1269 1570/273/1267 1568/273/1265
f 1571/273/1268 1572/273/1269 1568/273/1265
f 1569/273/1266 1570/273/1267 1573/273/1270
f 1561/273/1260 1569/273/1266 1574/273/1271
f 1573/273/1270 1574/273/1271 1569/273/1266
f 1574/273/1271 1560/273/1259 1561/273/1260
f 1570/273/1267 1575/273/1272 1573/273/1270
f 1575/273/1272 1570/273/1267 1572/273/1269
f 1576/320/1271 1560/273/1259 1574/273/1271
f 1563/319/1262 1560/273/1259 1576/320/1271
f 1563/319/1262 1576/320/1271 1565/320/1119
f 1577/320/1270 1574/273/1271 1573/273/1270
f 1576/320/1271 1574/273/1271 1577/320/1270
f 1573/273/1270 1575/273/1272 1577/320/1270
f 1577/320/1270 1565/320/1119 1576/320/1271
f 1575/273/1272 1572/273/1269 458/302/310
f 1571/273/1268 458/302/310 1572/273/1269
f 1577/320/1270 1575/273/1272 457/302/309
f 1575/273/1272 458/302/310 457/302/309
f 1565/320/1119 1577/320/1270 1578/320/1273
f 457/302/309 1578/320/1273 1577/320/1270
f 1579/320/75 1565/320/1119 1578/320/1273
f 457/302/309 1579/320/75 1578/320/1273
f 1565/320/1119 1579/320/75 1336/320/1119
f 1336/320/1119 1579/320/75 1322/320/1104
f 1579/320/75 457/302/309 1580/273/1274
f 457/302/309 459/302/311 1580/273/1274
f 1579/320/75 1581/273/1275 1322/320/1104
f 1579/320/75 1580/273/1274 1581/273/1275
f 459/302/311 1581/273/1275 1580/273/1274
f 1317/273/1099 1322/320/1104 1581/273/1275
f 1581/273/1275 1316/273/1098 1317/273/1099
f 1581/273/1275 1582/273/1276 1316/273/1098
f 1581/273/1275 459/302/311 1582/273/1276
f 1316/273/1098 1582/273/1276 1314/273/1096
f 1583/322/1277 1314/273/1096 1582/273/1276
f 1310/322/1092 1314/273/1096 1583/322/1277
f 1312/322/1094 1310/322/1092 1583/322/1277
f 1583/322/1277 1582/273/1276 1584/322/1278
f 1312/322/1094 1583/322/1277 1584/322/1278
f 459/302/311 1584/322/1278 1582/273/1276
f 1585/322/1279 1312/322/1094 1584/322/1278
f 1585/322/1279 1305/322/1087 1312/322/1094
f 1585/322/1279 1302/322/1084 1305/322/1087
f 459/302/311 1586/273/1280 1584/322/1278
f 1584/322/1278 1586/273/1280 1585/322/1279
f 1302/322/1084 1585/322/1279 1587/273/1281
f 1587/273/1281 1585/322/1279 1586/273/1280
f 1587/273/1281 1300/322/1082 1302/322/1084
f 1300/322/1082 1587/273/1281 1571/273/1268
f 459/302/311 1588/273/1282 1586/273/1280
f 1587/273/1281 1586/273/1280 1588/273/1282
f 1588/273/1282 1571/273/1268 1587/273/1281
f 458/302/310 1588/273/1282 459/302/311
f 1571/273/1268 1588/273/1282 458/302/310
f 780/320/548 1589/309/53 782/309/550
f 1589/309/53 780/320/548 1590/320/53
f 1590/320/53 1591/319/53 1589/309/53
f 778/320/546 1590/320/53 780/320/548
f 1591/319/53 774/320/542 772/320/38
f 1590/320/53 778/320/546 1592/320/53
f 1591/319/53 1590/320/53 1593/320/53
f 1592/320/53 1593/320/53 1590/320/53
f 774/320/542 1591/319/53 1593/320/53
f 778/320/546 1594/320/53 1592/320/53
f 1593/320/53 1592/320/53 1594/320/53
f 1594/320/53 774/320/542 1593/320/53
f 778/320/546 776/333/544 1594/320/53
f 774/320/542 1594/320/53 776/333/544
f 1595/309/53 1004/319/709 1005/309/710
f 1004/319/709 1595/309/53 1596/319/163
f 1596/319/163 1003/319/708 1004/319/709
f 1597/309/53 1596/319/163 1595/309/53
f 1003/319/708 1596/319/163 1598/319/188
f 1596/319/163 1597/309/53 1599/319/53
f 1599/319/53 1598/319/188 1596/319/163
f 1598/319/188 1600/319/163 1003/319/708
f 1598/319/188 1599/319/53 1600/319/163
f 1003/319/708 1600/319/163 1002/331/707
f 1600/319/163 1001/319/554 1002/331/707
f 1001/319/554 1600/319/163 1599/319/53
f 1597/309/53 1001/319/554 1599/319/53
f 1000/309/551 1001/319/554 1597/309/53
f 1601/309/1283 1602/309/1284 1603/309/1285
f 1602/309/1284 1601/309/1283 1604/309/1286
f 1604/309/1286 1605/309/1287 1602/309/1284
f 1604/309/1286 1601/309/1283 1606/309/53
f 1605/309/1287 1604/309/1286 1607/309/1288
f 1607/309/1288 1608/309/811 1605/309/1287
f 1604/309/1286 1606/309/53 1609/309/53
f 1609/309/53 1607/309/1288 1604/309/1286
f 1606/309/53 1610/319/53 1609/309/53
f 1610/319/53 1606/309/53 1611/319/53
f 1607/309/1288 1609/309/53 1612/309/53
f 1609/309/53 1610/319/53 1612/309/53
f 1608/309/811 1607/309/1288 1613/309/1289
f 1612/309/53 1613/309/1289 1607/309/1288
f 1613/309/1289 1614/309/1290 1608/309/811
f 1613/309/1289 1612/309/53 1615/309/188
f 1614/309/1290 1613/309/1289 1616/309/1291
f 1616/309/1291 1617/309/1292 1614/309/1290
f 1618/309/53 1613/309/1289 1615/309/188
f 1613/309/1289 1618/309/53 1616/309/1291
f 1612/309/53 1619/309/142 1615/309/188
f 1615/309/188 1619/309/142 1618/309/53
f 1612/309/53 1610/319/53 1619/309/142
f 1620/309/1293 1616/309/1291 1618/309/53
f 1618/309/53 1619/309/142 1620/309/1293
f 1617/309/1292 1616/309/1291 1620/309/1293
f 1610/319/53 1620/309/1293 1619/309/142
f 1620/309/1293 1621/319/1294 1617/309/1292
f 1620/309/1293 1610/319/53 1622/319/1295
f 1622/319/1295 1621/319/1294 1620/309/1293
f 1611/319/53 1622/319/1295 1610/319/53
f 1622/319/1295 1623/319/1296 1621/319/1294
f 1622/319/1295 1611/319/53 1624/319/1297
f 1624/319/1297 1623/319/1296 1622/319/1295
f 1625/319/1209 1626/319/1209 1627/319/1298
f 1626/319/1209 1628/319/1299 1627/319/1298
f 1629/319/53 1628/319/1299 1626/319/1209
f 1627/319/1298 1628/319/1299 1630/319/1300
f 1629/319/53 1631/319/53 1628/319/1299
f 1632/309/53 1631/319/53 1629/319/53
f 1633/319/1301 1630/319/1300 1628/319/1299
f 1633/319/1301 1628/319/1299 1631/319/53
f 1634/319/1302 1630/319/1300 1633/319/1301
f 1630/319/1300 1634/319/1302 1635/319/1303
f 1631/319/53 1636/319/53 1633/319/1301
f 1634/319/1302 1633/319/1301 1636/319/53
f 1631/319/53 1632/309/53 1637/309/53
f 1634/319/1302 1636/319/53 1638/319/53
f 1631/319/53 1639/319/53 1636/319/53
f 1639/319/53 1638/319/53 1636/319/53
f 1639/319/53 1634/319/1302 1638/319/53
f 1639/319/53 1631/319/53 1637/309/53
f 1634/319/1302 1639/319/53 1640/319/1304
f 1637/309/53 1640/319/1304 1639/319/53
f 1640/319/1304 1635/319/1303 1634/319/1302
f 1635/319/1303 1640/319/1304 1641/319/1305
f 1641/319/1305 1640/319/1304 1642/309/1306
f 1640/319/1304 1637/309/53 1643/309/1307
f 1642/309/1306 1640/319/1304 1643/309/1307
f 1632/309/53 1643/309/1307 1637/309/53
f 1643/309/1307 1632/309/53 1644/309/1308
f 1644/309/1308 1642/309/1306 1643/309/1307
f 1642/309/1306 1644/309/1308 1645/309/1308
f 1646/327/221 1647/327/1309 1648/321/1310
f 1648/321/1310 1647/327/1309 1649/321/1311
f 1649/321/1311 1650/321/1312 1648/321/1310
f 1649/321/1311 1647/327/1309 1651/327/53
f 1650/321/1312 1649/321/1311 1652/321/1313
f 1652/321/1313 1653/321/1314 1650/321/1312
f 1651/327/53 1654/321/53 1649/321/1311
f 1655/327/53 1654/321/53 1651/327/53
f 1649/321/1311 1656/321/53 1652/321/1313
f 1656/321/53 1649/321/1311 1654/321/53
f 1653/321/1314 1652/321/1313 1657/321/1315
f 1657/321/1315 1658/321/1316 1653/321/1314
f 1659/321/53 1652/321/1313 1656/321/53
f 1652/321/1313 1659/321/53 1657/321/1315
f 1658/321/1316 1657/321/1315 1660/321/1317
f 1659/321/53 1660/321/1317 1657/321/1315
f 1660/321/1317 1661/321/1318 1658/321/1316
f 1656/321/53 1662/321/53 1659/321/53
f 1660/321/1317 1659/321/53 1662/321/53
f 1662/321/53 1656/321/53 1663/321/53
f 1663/321/53 1660/321/1317 1662/321/53
f 1654/321/53 1663/321/53 1656/321/53
f 1661/321/1318 1660/321/1317 1664/321/1319
f 1660/321/1317 1663/321/53 1664/321/1319
f 1664/321/1319 1665/321/1320 1661/321/1318
f 1663/321/53 1654/321/53 1666/321/53
f 1666/321/53 1664/321/1319 1663/321/53
f 1666/321/53 1654/321/53 1655/327/53
f 1665/321/1320 1664/321/1319 1667/321/1321
f 1664/321/1319 1666/321/53 1667/321/1321
f 1655/327/53 1667/321/1321 1666/321/53
f 1667/321/1321 1668/327/1322 1665/321/1320
f 1667/321/1321 1655/327/53 1669/327/1323
f 1669/327/1323 1668/327/1322 1667/321/1321
f 1670/309/1324 1671/309/1325 1672/309/1326
f 1671/309/1325 1670/309/1324 1673/309/1327
f 1673/309/1327 1674/319/1328 1671/309/1325
f 1673/309/1327 1670/309/1324 1675/309/53
f 1674/319/1328 1673/309/1327 1676/319/1329
f 1674/319/1328 1676/319/1329 1677/319/1330
f 1673/309/1327 1675/309/53 1678/309/287
f 1675/309/53 1679/309/53 1678/309/287
f 1673/309/1327 1680/309/53 1676/319/1329
f 1680/309/53 1673/309/1327 1678/309/287
f 1681/319/1331 1677/319/1330 1676/319/1329
f 1680/309/53 1681/319/1331 1676/319/1329
f 1677/319/1330 1681/319/1331 1682/319/1332
f 1678/309/287 1683/309/53 1680/309/53
f 1678/309/287 1679/309/53 1683/309/53
f 1680/309/53 1684/319/143 1681/319/1331
f 1679/309/53 1685/319/961 1683/309/53
f 1685/319/961 1679/309/53 1686/309/1333
f 1687/309/1334 1685/319/961 1686/309/1333
f 1688/319/1335 1685/319/961 1687/309/1334
f 1685/319/961 1688/319/1335 1689/319/982
f 1689/319/982 1683/309/53 1685/319/961
f 1690/319/1336 1689/319/982 1688/319/1335
f 1680/309/53 1683/309/53 1691/319/163
f 1683/309/53 1689/319/982 1691/319/163
f 1680/309/53 1691/319/163 1684/319/143
f 1689/319/982 1690/319/1336 1692/319/1332
f 1692/319/1332 1691/319/163 1689/319/982
f 1682/319/1332 1692/319/1332 1690/319/1336
f 1692/319/1332 1682/319/1332 1681/319/1331
f 1684/319/143 1691/319/163 1693/319/53
f 1691/319/163 1692/319/1332 1693/319/53
f 1693/319/53 1681/319/1331 1684/319/143
f 1681/319/1331 1693/319/53 1692/319/1332
f 1694/360/1337 1695/360/1338 1696/361/1339
f 1695/360/1338 1694/360/1337 1697/360/1340
f 1697/360/1340 1698/360/355 1695/360/1338
f 1699/360/1341 1697/360/1340 1694/360/1337
f 1698/360/355 1697/360/1340 1700/360/1342
f 1697/360/1340 1699/360/1341 1701/360/1343
f 1701/360/1343 1700/360/1342 1697/360/1340
f 1702/360/1344 1698/360/355 1700/360/1342
f 1698/360/355 1702/360/1344 1703/361/1345
f 1704/361/1346 1702/360/1344 1700/360/1342
f 1700/360/1342 1705/360/1347 1704/361/1346
f 1700/360/1342 1701/360/1343 1705/360/1347
f 1706/360/1348 1704/361/1346 1705/360/1347
f 1707/360/1349 1701/360/1343 1699/360/1341
f 1707/360/1349 1705/360/1347 1701/360/1343
f 1699/360/1341 1708/360/1350 1707/360/1349
f 1705/360/1347 1709/360/1351 1706/360/1348
f 1705/360/1347 1707/360/1349 1709/360/1351
f 1709/360/1351 1710/360/1352 1706/360/1348
f 1711/360/1353 1707/360/1349 1708/360/1350
f 1709/360/1351 1712/360/1354 1710/360/1352
f 1712/360/1354 1709/360/1351 1707/360/1349
f 1712/360/1354 1707/360/1349 1711/360/1353
f 1712/360/1354 1713/360/1355 1710/360/1352
f 1711/360/1353 1708/360/1350 1714/360/1356
f 1713/360/1355 1712/360/1354 1715/360/1357
f 1715/360/1357 1712/360/1354 1711/360/1353
f 1715/360/1357 1716/360/1358 1713/360/1355
f 1717/360/1359 1711/360/1353 1714/360/1356
f 1715/360/1357 1711/360/1353 1717/360/1359
f 1717/360/1359 1714/360/1356 1718/360/1360
f 1716/360/1358 1715/360/1357 1719/360/1361
f 1718/360/1360 1720/360/1362 1717/360/1359
f 1720/360/1362 1715/360/1357 1717/360/1359
f 1715/360/1357 1720/360/1362 1719/360/1361
f 1720/360/1362 1718/360/1360 1721/360/1363
f 1719/360/1361 1722/360/1364 1716/360/1358
f 1723/360/1365 1720/360/1362 1721/360/1363
f 1723/360/1365 1719/360/1361 1720/360/1362
f 1724/361/1366 1723/360/1365 1721/360/1363
f 1725/360/1367 1723/360/1365 1724/361/1366
f 1722/360/1364 1719/360/1361 1726/360/1368
f 1719/360/1361 1723/360/1365 1726/360/1368
f 1727/360/1369 1722/360/1364 1726/360/1368
f 1727/360/1369 1726/360/1368 1723/360/1365
f 1728/360/1370 1722/360/1364 1727/360/1369
f 1723/360/1365 1725/360/1367 1729/360/1371
f 1723/360/1365 1729/360/1371 1727/360/1369
f 1730/361/561 1729/360/1371 1725/360/1367
f 1729/360/1371 1730/361/561 1731/360/560
f 1729/360/1371 1731/360/560 1732/360/577
f 1732/360/577 1727/360/1369 1729/360/1371
f 1732/360/577 1728/360/1370 1727/360/1369
f 1728/360/1370 1732/360/577 1733/360/327
f 1734/321/1372 1735/321/573 1736/321/1373
f 1735/321/573 1734/321/1372 1737/321/573
f 1737/321/573 1738/321/1374 1735/321/573
f 1738/321/1374 1737/321/573 1739/321/1375
f 1740/321/53 1737/321/573 1734/321/1372
f 1737/321/573 1741/321/142 1739/321/1375
f 1737/321/573 1740/321/53 1742/321/53
f 1741/321/142 1737/321/573 1742/321/53
f 1743/327/53 1742/321/53 1740/321/53
f 1744/327/53 1741/321/142 1742/321/53
f 1742/321/53 1743/327/53 1745/327/53
f 1744/327/53 1742/321/53 1745/327/53
f 1049/315/1376 1048/313/1377 539/314/23
f 1048/313/1377 1047/313/369 539/314/23
f 1047/313/369 830/315/1376 539/314/23
f 830/315/1376 831/313/1377 539/314/23
f 831/313/1377 537/314/369 539/314/23
f 540/314/370 1053/313/1378 539/314/23
f 1053/313/1378 1052/313/1376 539/314/23
f 1052/313/1376 1051/313/23 539/314/23
f 1051/313/23 1050/313/19 539/314/23
f 1050/313/19 1049/315/1376 539/314/23
f 687/273/1379 1168/310/1380 905/320/1381
f 1168/310/1380 687/273/1379 686/332/1382
f 1168/310/1380 686/332/1382 688/332/1383
f 1168/310/1380 688/332/1383 690/333/1384
f 692/320/1385 1168/310/1380 690/333/1384
f 1168/310/1380 692/320/1385 1169/331/1383
f 692/320/1385 1170/309/1383 1169/331/1383
f 1170/309/1383 692/320/1385 694/319/1386
f 1170/309/1383 694/319/1386 1171/309/1387
f 696/319/1388 1171/309/1387 694/319/1386
f 1171/309/1387 696/319/1388 1172/327/1389
f 698/309/1390 1172/327/1389 696/319/1388
f 1172/327/1389 698/309/1390 1173/327/1391
f 700/309/1392 1173/327/1391 698/309/1390
f 1173/327/1391 700/309/1392 1174/328/1392
f 700/309/1392 1175/327/1392 1174/328/1392
f 1175/327/1392 700/309/1392 702/309/1388
f 702/309/1388 1176/321/1393 1175/327/1392
f 1176/321/1393 702/309/1388 704/309/1394
f 704/309/1394 1177/321/1393 1176/321/1393
f 1177/321/1393 704/309/1394 706/309/1393
f 1178/321/1393 1177/321/1393 706/309/1393
f 709/309/1395 1178/321/1393 706/309/1393
f 1178/321/1393 709/309/1395 1179/328/1396
f 709/309/1395 1180/305/1397 1179/328/1396
f 1180/305/1397 709/309/1395 711/330/1396
f 1180/305/1397 711/330/1396 713/331/1393
f 1180/305/1397 713/331/1393 715/330/1398
f 717/309/1399 1180/305/1397 715/330/1398
f 1180/305/1397 717/309/1399 721/328/1400
f 1728/360/1401 1733/360/1401 1746/360/1401
f 1746/360/742 1747/360/1402 1728/360/1370
f 1722/360/1364 1728/360/1370 1747/360/1402
f 1746/360/742 1748/360/1403 1747/360/1402
f 1748/360/1403 1746/360/742 1749/360/800
f 1748/360/1403 1749/360/800 1730/361/561
f 1730/361/561 1725/360/1367 1748/360/1403
f 1747/360/1402 1750/360/1404 1722/360/1364
f 1748/360/1403 1725/360/1367 1751/360/1405
f 1751/360/1405 1747/360/1402 1748/360/1403
f 1747/360/1402 1751/360/1405 1750/360/1404
f 1725/360/1367 1724/361/1366 1751/360/1405
f 1721/360/1363 1751/360/1405 1724/361/1366
f 1752/360/1406 1722/360/1364 1750/360/1404
f 1752/360/1406 1750/360/1404 1751/360/1405
f 1722/360/1364 1752/360/1406 1716/360/1358
f 1751/360/1405 1721/360/1363 1753/360/1407
f 1751/360/1405 1753/360/1407 1752/360/1406
f 1718/360/1360 1753/360/1407 1721/360/1363
f 1754/360/1408 1716/360/1358 1752/360/1406
f 1753/360/1407 1754/360/1408 1752/360/1406
f 1716/360/1358 1754/360/1408 1713/360/1355
f 1753/360/1407 1718/360/1360 1755/360/1409
f 1754/360/1408 1753/360/1407 1755/360/1409
f 1714/360/1356 1755/360/1409 1718/360/1360
f 1756/360/1410 1713/360/1355 1754/360/1408
f 1755/360/1409 1714/360/1356 1757/360/1411
f 1757/360/1411 1754/360/1408 1755/360/1409
f 1754/360/1408 1757/360/1411 1756/360/1410
f 1708/360/1350 1757/360/1411 1714/360/1356
f 1713/360/1355 1756/360/1410 1710/360/1352
f 1757/360/1411 1708/360/1350 1758/360/1412
f 1758/360/1412 1756/360/1410 1757/360/1411
f 1699/360/1341 1758/360/1412 1708/360/1350
f 1759/360/1413 1710/360/1352 1756/360/1410
f 1756/360/1410 1758/360/1412 1759/360/1413
f 1710/360/1352 1759/360/1413 1706/360/1348
f 1758/360/1412 1699/360/1341 1760/360/1414
f 1694/360/1337 1760/360/1414 1699/360/1341
f 1761/360/1415 1759/360/1413 1758/360/1412
f 1761/360/1415 1706/360/1348 1759/360/1413
f 1758/360/1412 1760/360/1414 1761/360/1415
f 1706/360/1348 1761/360/1415 1704/361/1346
f 1702/360/1344 1704/361/1346 1761/360/1415
f 1761/360/1415 1762/360/1416 1702/360/1344
f 1762/360/1416 1761/360/1415 1760/360/1414
f 1762/360/1416 1703/361/1345 1702/360/1344
f 1762/360/1416 1763/360/1417 1703/361/1345
f 1760/360/1414 1764/360/1418 1762/360/1416
f 1763/360/1417 1762/360/1416 1764/360/1418
f 1760/360/1414 1694/360/1337 1764/360/1418
f 1764/360/1418 1765/360/738 1763/360/1417
f 1696/361/1339 1764/360/1418 1694/360/1337
f 1764/360/1418 1696/361/1339 1765/360/738
f 1196/327/1419 1195/309/1420 1766/309/1421
f 1196/327/1419 1766/309/1421 1767/327/1422
f 1767/327/1422 1197/327/1423 1196/327/1419
f 1766/309/1421 1768/327/142 1767/327/1422
f 1768/327/142 1766/309/1421 1769/309/53
f 1197/327/1423 1767/327/1422 1770/327/1424
f 1770/327/1424 1198/327/1425 1197/327/1423
f 1771/327/53 1767/327/1422 1768/327/142
f 1767/327/1422 1771/327/53 1770/327/1424
f 1769/309/53 1772/327/53 1768/327/142
f 1768/327/142 1772/327/53 1771/327/53
f 1772/327/53 1769/309/53 1773/309/53
f 1774/327/53 1770/327/1424 1771/327/53
f 1771/327/53 1772/327/53 1774/327/53
f 1198/327/1425 1770/327/1424 1775/327/1426
f 1770/327/1424 1774/327/53 1775/327/1426
f 1775/327/1426 1193/327/1427 1198/327/1425
f 1774/327/53 1772/327/53 1776/327/1428
f 1775/327/1426 1774/327/53 1776/327/1428
f 1773/309/53 1776/327/1428 1772/327/53
f 1193/327/1427 1775/327/1426 1776/327/1428
f 1776/327/1428 1773/309/53 1777/309/1429
f 1776/327/1428 1194/330/1294 1193/327/1427
f 1776/327/1428 1777/309/1429 1194/330/1294
f 1201/321/1430 1202/308/1431 1778/321/1432
f 1779/308/1433 1778/321/1432 1202/308/1431
f 1779/308/1433 1202/308/1431 1203/308/1111
f 1780/308/53 1778/321/1432 1779/308/1433
f 1778/321/1432 1780/308/53 1781/321/53
f 1782/308/1434 1779/308/1433 1203/308/1111
f 1203/308/1111 1204/308/1435 1782/308/1434
f 1779/308/1433 1783/308/53 1780/308/53
f 1783/308/53 1779/308/1433 1782/308/1434
f 1784/308/188 1781/321/53 1780/308/53
f 1784/308/188 1780/308/53 1783/308/53
f 1781/321/53 1784/308/188 1785/321/53
f 1782/308/1434 1786/308/53 1783/308/53
f 1784/308/188 1783/308/53 1786/308/53
f 1782/308/1434 1204/308/1435 1787/308/1436
f 1786/308/53 1782/308/1434 1787/308/1436
f 1200/308/1437 1787/308/1436 1204/308/1435
f 1786/308/53 1788/308/220 1784/308/188
f 1788/308/220 1786/308/53 1787/308/1436
f 1788/308/220 1785/321/53 1784/308/188
f 1787/308/1436 1200/308/1437 1788/308/220
f 1785/321/53 1788/308/220 1789/321/1438
f 1199/358/1439 1788/308/220 1200/308/1437
f 1788/308/220 1199/358/1439 1789/321/1438
f 989/327/689 1205/309/1440 990/309/336
f 1205/309/1440 989/327/689 1790/327/1441
f 1790/327/1441 866/309/1442 1205/309/1440
f 983/321/690 1055/321/1443 989/327/689
f 1055/321/1443 1790/327/1441 989/327/689
f 866/309/1442 1790/327/1441 1791/327/1444
f 1055/321/1443 1791/327/1444 1790/327/1441
f 866/309/1442 1791/327/1444 869/310/784
f 1791/327/1444 1055/321/1443 1056/358/780
f 1056/358/780 869/310/784 1791/327/1444
f 1792/316/1445 604/316/427 601/316/424
f 604/316/427 1792/316/1445 1793/316/1446
f 541/316/371 1793/316/1446 1792/316/1445
f 1793/316/1446 541/316/371 543/316/373
f 1793/316/1446 1794/316/1447 604/316/427
f 1794/316/1447 602/317/425 604/316/427
f 1795/316/1448 1793/316/1446 543/316/373
f 543/316/373 542/317/372 1795/316/1448
f 1794/316/1447 1793/316/1446 1796/316/1449
f 1795/316/1448 1796/316/1449 1793/316/1446
f 1794/316/1447 1796/316/1449 1797/318/1450
f 1795/316/1448 1798/318/1451 1796/316/1449
f 1797/318/1450 1796/316/1449 1798/318/1451
f 1799/316/1452 1798/318/1451 1795/316/1448
f 1795/316/1448 542/317/372 1799/316/1452
f 1798/318/1451 1799/316/1452 1800/318/1453
f 1797/318/1450 1801/316/1454 1794/316/1447
f 602/317/425 1794/316/1447 1801/316/1454
f 1801/316/1454 1797/318/1450 1802/318/1455
f 603/316/426 602/317/425 1803/316/1456
f 1801/316/1454 1802/318/1455 1804/316/1072
f 1805/318/1457 1804/316/1072 1802/318/1455
f 1806/316/1458 602/317/425 1801/316/1454
f 1803/316/1456 602/317/425 1806/316/1458
f 1806/316/1458 1801/316/1454 1804/316/1072
f 1806/316/1458 544/316/374 1803/316/1456
f 1807/316/1459 1804/316/1072 1805/318/1457
f 1807/316/1459 1806/316/1458 1804/316/1072
f 544/316/374 1806/316/1458 1808/316/1460
f 1806/316/1458 1807/316/1459 1808/316/1460
f 545/317/375 544/316/374 1808/316/1460
f 1808/316/1460 1807/316/1459 545/317/375
f 1805/318/1457 1809/316/1461 1807/316/1459
f 545/317/375 1807/316/1459 1809/316/1461
f 1809/316/1461 1805/318/1457 1810/318/1462
f 1811/316/1463 545/317/375 1809/316/1461
f 1811/316/1463 546/318/376 545/317/375
f 546/318/376 1811/316/1463 1812/316/1464
f 1811/316/1463 606/318/429 1812/316/1464
f 606/318/429 1811/316/1463 607/316/430
f 1809/316/1461 1810/318/1462 1813/316/1465
f 1809/316/1461 1813/316/1465 1811/316/1463
f 1814/318/1466 1813/316/1465 1810/318/1462
f 1811/316/1463 1815/316/1467 607/316/430
f 1815/316/1467 1811/316/1463 1813/316/1465
f 1815/316/1467 1813/316/1465 1814/318/1466
f 1815/316/1467 605/316/428 607/316/430
f 1814/318/1466 1816/316/1468 1815/316/1467
f 605/316/428 1815/316/1467 1816/316/1468
f 1816/316/1468 1814/318/1466 1817/318/1469
f 1816/316/1468 1818/316/1470 605/316/428
f 1818/316/1470 608/318/431 605/316/428
f 608/318/431 1818/316/1470 1819/316/1471
f 1818/316/1470 600/318/423 1819/316/1471
f 600/318/423 1818/316/1470 598/316/421
f 1816/316/1468 1817/318/1469 1820/316/1472
f 1818/316/1470 1816/316/1468 1820/316/1472
f 1821/318/1473 1820/316/1472 1817/318/1469
f 1822/316/1474 1818/316/1470 1820/316/1472
f 1822/316/1474 1820/316/1472 1821/318/1473
f 1818/316/1470 1822/316/1474 598/316/421
f 1821/318/1473 1823/318/1453 1822/316/1474
f 1824/316/1475 598/316/421 1822/316/1474
f 1823/318/1453 1824/316/1475 1822/316/1474
f 599/316/422 598/316/421 1824/316/1475
f 1824/316/1475 1823/318/1453 1825/316/1476
f 1825/316/1476 1823/318/1453 1800/318/1453
f 1799/316/1452 1825/316/1476 1800/318/1453
f 1826/316/1477 599/316/422 1824/316/1475
f 1824/316/1475 1825/316/1476 1826/316/1477
f 1799/316/1452 1826/316/1477 1825/316/1476
f 1826/316/1477 597/318/420 599/316/422
f 597/318/420 1826/316/1477 1827/316/1478
f 1826/316/1477 1799/316/1452 542/317/372
f 1826/316/1477 1828/316/1479 1827/316/1478
f 1828/316/1479 1826/316/1477 542/317/372
f 542/317/372 541/316/371 1828/316/1479
f 1829/321/1480 1830/327/1480 1831/327/1480
f 1830/327/1481 1829/321/1482 1832/321/1483
f 1829/321/1482 1831/327/1484 1833/327/1485
f 1834/321/1486 1832/321/1483 1829/321/1482
f 1832/321/1483 1834/321/1486 1835/321/385
f 1833/327/1485 1836/321/1487 1829/321/1482
f 1834/321/1486 1829/321/1482 1836/321/1487
f 1833/327/1485 1837/321/1488 1836/321/1487
f 1838/327/1485 1837/321/1488 1833/327/1485
f 1837/321/1488 1838/327/1485 1839/327/1489
f 1836/321/1487 1840/321/1490 1834/321/1486
f 1837/321/1488 1840/321/1490 1836/321/1487
f 1841/321/1491 1835/321/385 1834/321/1486
f 1840/321/1490 1841/321/1491 1834/321/1486
f 1835/321/385 1841/321/1491 1842/321/1492
f 1841/321/1491 1843/321/832 1842/321/1492
f 1840/321/1490 1844/321/134 1841/321/1491
f 1843/321/832 1841/321/1491 1844/321/134
f 1837/321/1488 1844/321/134 1840/321/1490
f 1844/321/134 1845/321/1493 1843/321/832
f 1844/321/134 1837/321/1488 1846/321/1494
f 1846/321/1494 1845/321/1493 1844/321/134
f 1839/327/1489 1846/321/1494 1837/321/1488
f 1846/321/1494 1847/327/1495 1845/321/1493
f 1846/321/1494 1839/327/1489 1847/327/1495
f 1848/308/1496 1849/321/1497 1850/321/1498
f 1849/321/1497 1848/308/1496 1851/308/1499
f 1852/327/1500 1848/308/1496 1850/321/1498
f 1853/308/1501 1851/308/1499 1848/308/1496
f 1853/308/1501 1854/308/1502 1851/308/1499
f 1848/308/1496 1852/327/1500 1855/308/1503
f 1855/308/1503 1853/308/1501 1848/308/1496
f 1856/327/1504 1855/308/1503 1852/327/1500
f 1857/308/1505 1854/308/1502 1853/308/1501
f 1857/308/1505 1858/308/1505 1854/308/1502
f 1857/308/1505 1859/308/1506 1858/308/1505
f 1853/308/1501 1855/308/1503 1860/308/1507
f 1860/308/1507 1857/308/1505 1853/308/1501
f 1855/308/1503 1856/327/1504 1861/308/1508
f 1855/308/1503 1861/308/1508 1860/308/1507
f 1862/327/1509 1861/308/1508 1856/327/1504
f 1860/308/1507 1863/308/1510 1857/308/1505
f 1859/308/1506 1857/308/1505 1863/308/1510
f 1863/308/1510 1860/308/1507 1861/308/1508
f 1863/308/1510 1864/308/1294 1859/308/1506
f 1861/308/1508 1862/327/1509 1865/308/1431
f 1863/308/1510 1861/308/1508 1865/308/1431
f 1864/308/1294 1863/308/1510 1865/308/1431
f 1866/327/1511 1865/308/1431 1862/327/1509
f 1865/308/1431 1866/327/1511 1864/308/1294
f 1867/318/1512 1868/316/1512 1869/318/1512
f 1870/318/1513 1868/316/23 1867/318/23
f 1869/318/1514 1868/316/5 1871/316/1515
f 1868/316/23 1870/318/1513 1872/316/1513
f 1869/318/1514 1871/316/1515 1873/318/1516
f 1872/316/1513 1870/318/1513 1874/316/1517
f 1873/318/1516 1871/316/1515 1875/316/1516
f 1876/318/1518 1874/316/1517 1870/318/1513
f 1877/316/1519 1873/318/1516 1875/316/1516
f 1878/318/1520 1874/316/1517 1876/318/1518
f 1873/318/1516 1877/316/1519 1879/318/1519
f 1874/316/1517 1878/318/1520 1880/316/1520
f 1877/316/1519 1881/318/1521 1879/318/1519
f 1880/316/1520 1878/318/1520 1882/316/1307
f 1881/318/1521 1877/316/1519 1883/316/1521
f 1882/316/1307 1878/318/1520 1884/318/1307
f 1885/316/355 1881/318/1521 1883/316/1521
f 1882/316/1307 1884/318/1307 1885/316/355
f 1881/318/1521 1885/316/355 1886/318/350
f 1885/316/355 1884/318/1307 1886/318/350
f 1887/362/1522 1888/363/1522 1889/363/1522
f 1890/363/1521 1887/362/350 1889/363/348
f 1888/363/1523 1887/362/355 1891/362/1524
f 1887/362/350 1890/363/1521 1892/362/1521
f 1891/362/1524 1893/318/1525 1888/363/1523
f 1890/363/1521 1894/362/1526 1892/362/1521
f 1893/318/1525 1891/362/1524 1895/316/1525
f 1894/362/1526 1890/363/1521 1896/363/1526
f 1897/316/1527 1893/318/1525 1895/316/1525
f 1898/363/1528 1894/362/1526 1896/363/1526
f 1897/316/1527 1899/318/1529 1893/318/1525
f 1898/363/1528 1900/362/1528 1894/362/1526
f 1897/316/1527 1901/363/1530 1899/318/1529
f 1898/363/1528 1902/362/1531 1900/362/1528
f 1901/363/1530 1897/316/1527 1903/316/1513
f 1902/362/1531 1898/363/1528 1904/363/1531
f 1901/363/1530 1903/316/1513 1905/362/5
f 1904/363/1531 1905/362/5 1902/362/1531
f 1905/362/5 1906/363/19 1901/363/1530
f 1905/362/5 1904/363/1531 1906/363/19
f 1907/136/53 1908/364/53 1909/136/53
f 1907/136/53 1910/136/53 1908/364/53
f 1908/364/53 1911/136/53 1909/136/53
f 1910/136/53 1912/364/53 1908/364/53
f 1908/364/53 1913/364/53 1911/136/53
f 1912/364/53 1914/364/53 1908/364/53
f 1915/364/53 1913/364/53 1908/364/53
f 1914/364/53 1915/364/53 1908/364/53
f 1916/365/53 1917/365/53 1918/366/53
f 1916/365/53 1918/366/53 1919/366/53
f 1918/366/53 1917/365/53 1920/365/53
f 1919/366/53 1918/366/53 1921/366/53
f 1918/366/53 1920/365/53 1922/366/53
f 1921/366/53 1918/366/53 1923/366/53
f 1924/366/53 1918/366/53 1922/366/53
f 1923/366/53 1918/366/53 1924/366/53
f 1876/318/1532 1870/318/1532 1925/316/1532
f 1878/318/53 1876/318/188 1925/316/53
f 1870/318/53 1867/318/53 1925/316/53
f 1884/318/53 1878/318/53 1925/316/53
f 1867/318/53 1869/318/143 1925/316/53
f 1886/318/188 1884/318/53 1925/316/53
f 1869/318/143 1873/318/53 1925/316/53
f 1881/318/53 1886/318/188 1925/316/53
f 1873/318/53 1879/318/53 1925/316/53
f 1879/318/53 1881/318/53 1925/316/53
f 1893/318/53 1926/362/53 1888/363/53
f 1888/363/53 1926/362/53 1889/363/53
f 1899/318/53 1926/362/53 1893/318/53
f 1889/363/53 1926/362/53 1890/363/53
f 1901/363/53 1926/362/53 1899/318/53
f 1890/363/53 1926/362/53 1896/363/53
f 1906/363/53 1926/362/53 1901/363/53
f 1896/363/53 1926/362/53 1898/363/53
f 1904/363/53 1926/362/53 1906/363/53
f 1898/363/53 1926/362/53 1904/363/53
f 1800/318/53 1823/318/53 1927/316/53
f 1927/316/53 1823/318/53 1821/318/53
f 1927/316/53 1798/318/53 1800/318/53
f 1927/316/53 1821/318/53 1817/318/53
f 1927/316/53 1797/318/53 1798/318/53
f 1927/316/53 1817/318/53 1814/318/53
f 1927/316/53 1802/318/53 1797/318/53
f 1927/316/53 1814/318/53 1810/318/53
f 1927/316/53 1805/318/53 1802/318/53
f 1927/316/53 1810/318/53 1805/318/53
f 1928/316/1533 1929/316/1533 1930/316/1533
f 1928/316/1513 1930/316/1513 1931/316/1534
f 1931/316/1534 1930/316/1513 1932/316/1535
f 1929/316/209 1928/316/1513 1933/316/1536
f 1933/316/1536 1934/316/1518 1929/316/18
f 1931/316/1534 1935/316/1537 1928/316/1513
f 1935/316/1537 1933/316/1536 1928/316/1513
f 1931/316/1534 1932/316/1535 1936/316/5
f 1936/316/5 1932/316/1535 1937/316/1376
f 1935/316/1537 1931/316/1534 1938/316/1538
f 1936/316/5 1938/316/1538 1931/316/1534
f 1933/316/1536 1935/316/1537 1939/316/1539
f 1938/316/1538 1936/316/5 1940/316/1540
f 1934/316/1518 1933/316/1536 1941/316/1541
f 1939/316/1539 1941/316/1541 1933/316/1536
f 1941/316/1541 1942/316/416 1934/316/1518
f 1943/316/1542 1936/316/5 1937/316/1376
f 1943/316/1542 1940/316/1540 1936/316/5
f 1943/316/1542 1937/316/1376 1944/316/1430
f 1942/316/416 1941/316/1541 1945/316/561
f 1945/316/561 1946/316/1520 1942/316/416
f 1947/316/1543 1943/316/1542 1944/316/1430
f 1947/316/1543 1944/316/1430 1948/316/1544
f 1946/316/1520 1945/316/561 1949/316/1545
f 1949/316/1545 1950/316/1546 1946/316/1520
f 1947/316/1543 1948/316/1544 1951/316/1547
f 1951/316/1547 1948/316/1544 1952/316/1548
f 1950/316/1546 1949/316/1545 1953/316/1549
f 1950/316/1546 1953/316/1549 1954/316/1550
f 1951/316/1547 1952/316/1548 1955/362/1551
f 1956/362/1516 1955/362/1551 1952/316/1548
f 1954/316/1550 1953/316/1549 1957/316/1552
f 1954/316/1550 1957/316/1552 1958/316/1553
f 1949/316/1545 1959/316/1554 1953/316/1549
f 1953/316/1549 1959/316/1554 1957/316/1552
f 1959/316/1554 1949/316/1545 1960/316/1555
f 1945/316/561 1960/316/1555 1949/316/1545
f 1957/316/1552 1959/316/1554 1961/316/1556
f 1960/316/1555 1945/316/561 1962/316/1557
f 1941/316/1541 1962/316/1557 1945/316/561
f 1958/316/1553 1957/316/1552 1963/316/1558
f 1957/316/1552 1961/316/1556 1963/316/1558
f 1958/316/1553 1963/316/1558 1964/316/337
f 1962/316/1557 1941/316/1541 1965/316/1559
f 1941/316/1541 1939/316/1539 1965/316/1559
f 1962/316/1557 1965/316/1559 1966/316/1560
f 1965/316/1559 1939/316/1539 1966/316/1560
f 1960/316/1555 1962/316/1557 1966/316/1560
f 1959/316/1554 1960/316/1555 1966/316/1560
f 1961/316/1556 1959/316/1554 1966/316/1560
f 1939/316/1539 1935/316/1537 1966/316/1560
f 1935/316/1537 1938/316/1538 1966/316/1560
f 1938/316/1538 1940/316/1540 1966/316/1560
f 1963/316/1558 1961/316/1556 1967/316/1561
f 1967/316/1561 1961/316/1556 1966/316/1560
f 1968/316/1562 1963/316/1558 1967/316/1561
f 1968/316/1562 1967/316/1561 1966/316/1560
f 1963/316/1558 1968/316/1562 1969/316/355
f 1964/316/337 1963/316/1558 1969/316/355
f 1969/316/355 1970/316/1563 1964/316/337
f 1971/316/1564 1969/316/355 1968/316/1562
f 1971/316/1564 1968/316/1562 1966/316/1560
f 1970/316/1563 1969/316/355 1972/316/1565
f 1969/316/355 1971/316/1564 1972/316/1565
f 1970/316/1563 1972/316/1565 1973/316/1566
f 1974/316/1567 1972/316/1565 1971/316/1564
f 1974/316/1567 1971/316/1564 1966/316/1560
f 1973/316/1566 1972/316/1565 1975/316/1568
f 1972/316/1565 1974/316/1567 1975/316/1568
f 1973/316/1566 1975/316/1568 1976/362/1569
f 1977/362/1570 1976/362/1569 1975/316/1568
f 1977/362/1570 1975/316/1568 1974/316/1567
f 1978/362/1519 1976/362/1569 1977/362/1570
f 1979/316/1571 1977/362/1570 1974/316/1567
f 1979/316/1571 1974/316/1567 1966/316/1560
f 1980/362/1572 1978/362/1519 1977/362/1570
f 1980/362/1572 1977/362/1570 1979/316/1571
f 1981/362/1573 1978/362/1519 1980/362/1572
f 1982/362/1574 1980/362/1572 1979/316/1571
f 1982/362/1574 1979/316/1571 1966/316/1560
f 1983/362/1575 1981/362/1573 1980/362/1572
f 1981/362/1573 1983/362/1575 1956/362/1516
f 1984/362/1576 1980/362/1572 1982/362/1574
f 1980/362/1572 1984/362/1576 1983/362/1575
f 1984/362/1576 1982/362/1574 1966/316/1560
f 1955/362/1551 1956/362/1516 1983/362/1575
f 1985/316/1577 1983/362/1575 1984/362/1576
f 1983/362/1575 1985/316/1577 1955/362/1551
f 1985/316/1577 1984/362/1576 1966/316/1560
f 1986/316/1578 1955/362/1551 1985/316/1577
f 1986/316/1578 1985/316/1577 1966/316/1560
f 1955/362/1551 1986/316/1578 1951/316/1547
f 1947/316/1543 1951/316/1547 1986/316/1578
f 1986/316/1578 1987/316/1579 1947/316/1543
f 1987/316/1579 1986/316/1578 1966/316/1560
f 1943/316/1542 1947/316/1543 1987/316/1579
f 1988/316/1580 1987/316/1579 1966/316/1560
f 1987/316/1579 1988/316/1580 1943/316/1542
f 1940/316/1540 1988/316/1580 1966/316/1560
f 1940/316/1540 1943/316/1542 1988/316/1580
f 1989/309/1581 1990/309/1581 1991/309/1581
f 1992/273/1582 1993/273/1583 1994/273/1584
f 1995/320/1585 1996/273/1585 1997/273/1585
f 1998/322/1586 1999/322/1587 2000/322/1588
f 2001/322/317 2002/322/1589 2003/322/317
f 2004/327/1590 2005/327/1591 2006/327/1592
f 2007/321/1593 2008/321/1594 2009/321/1595
f 2010/308/1596 2011/308/1597 2012/308/1598
f 2013/327/1599 2014/309/573 2015/309/573
f 2016/319/1600 2017/309/1601 2018/309/1602
f 2019/322/419 2020/319/333 2021/322/1603
f 2022/312/1604 2023/312/1604 2024/312/1604
f 2025/312/387 2026/312/387 2027/312/387
f 2028/312/1604 2029/312/1604 2030/312/1604
f 2031/315/1605 2032/315/1605 2033/315/1605
f 2034/315/1606 2035/315/1606 2036/315/1606
f 2037/315/1607 2038/315/1607 2039/315/1607
f 2040/315/1608 2041/315/1608 2042/315/1608
f 2043/315/342 2044/315/342 2045/315/342
f 2046/315/344 2047/315/344 2048/315/344
f 2049/315/339 2050/315/339 2051/315/339
f 2052/315/338 2053/315/338 2054/315/338
f 2055/315/337 2056/315/337 2057/315/337
f 2058/315/339 2059/315/339 2060/315/339
f 2061/315/344 2062/315/1609 2063/315/344
f 2064/315/353 2065/315/353 2066/315/353
f 2067/315/339 2068/315/339 2069/315/339
f 2070/315/1610 2071/315/1610 2072/315/1610
f 2073/315/348 2074/315/348 2075/315/348
f 2076/315/355 2077/315/355 2078/315/355
f 2079/315/364 2080/315/364 2081/315/364
f 2082/315/1611 2083/315/1611 2084/315/1611
f 2085/315/312 2086/315/312 2087/315/312
f 2088/315/1611 2089/315/1611 2090/315/1611
f 2091/315/23 2092/315/23 2093/315/23
f 2094/315/1612 2095/315/1612 2096/315/1612
f 2097/315/341 2098/315/341 2099/315/341
f 2100/315/364 2101/315/364 2102/315/364
f 2103/315/1377 2104/315/1377 2105/315/1377
f 2106/315/1378 2107/315/1378 2108/315/1378
f 2109/316/1613 2110/316/1614 2111/316/1615
f 2112/316/1616 2113/316/1617 2114/316/1618
f 2115/319/1619 2116/319/1619 2117/309/1619
f 2118/319/1620 2116/319/1621 2115/319/1622
f 2119/320/312 2120/320/23 2121/320/312
f 2119/320/312 2121/320/312 2122/319/5
f 2123/321/382 2124/321/1623 2125/321/1624
f 2125/321/1624 2126/321/1625 2123/321/382
f 2127/327/342 2128/309/1626 2129/309/353
f 2130/327/342 2127/327/342 2129/309/353
f 2131/309/316 2132/309/561 2133/319/389
f 2133/319/389 2134/309/892 2131/309/316
f 2135/322/1627 2136/322/1628 2137/322/952
f 2138/322/1629 2137/322/952 2136/322/1628
f 2139/312/1378 2140/312/1378 2141/312/25
f 2142/312/1630 2141/312/25 2140/312/1378
f 2143/312/1631 2144/312/398 2145/312/1631
f 2144/312/398 2143/312/1631 2146/312/398
f 2147/312/1632 2148/312/396 2149/312/396
f 2148/312/396 2150/312/396 2149/312/396
f 2151/312/107 2152/312/107 2153/312/107
f 2153/312/107 2152/312/107 2154/312/107
f 2155/312/402 2156/312/801 2157/312/801
f 2156/312/801 2158/312/1633 2157/312/801
f 2159/312/401 2160/312/400 2161/312/400
f 2160/312/400 2159/312/401 2162/312/400
f 2163/312/53 2164/312/53 2165/312/53
f 2164/312/53 2163/312/53 2166/312/53
f 2167/315/337 2168/315/353 2169/315/347
f 2169/315/347 2170/315/337 2167/315/337
f 2171/315/337 2172/315/337 2173/315/342
f 2173/315/342 2174/315/350 2171/315/337
f 2175/315/354 2176/315/355 2177/315/355
f 2176/315/355 2178/315/1634 2177/315/355
f 2179/315/386 2180/315/1635 2181/315/1635
f 2182/315/345 2181/315/1635 2180/315/1635
f 2183/315/352 2184/315/1636 2185/315/352
f 2185/315/352 2186/315/1637 2183/315/352
f 2187/315/351 2188/315/1609 2189/315/386
f 2189/315/386 2190/315/405 2187/315/351
f 2191/315/362 2192/315/1376 2193/315/19
f 2192/315/1376 2194/315/1638 2193/315/19
f 2195/315/1639 2196/315/1640 2197/315/1640
f 2198/315/1641 2197/315/1640 2196/315/1640
f 2199/326/1642 2200/326/411 2201/326/409
f 2200/326/411 2199/326/1642 2202/326/409
f 2203/326/412 2204/326/413 2205/326/412
f 2204/326/413 2203/326/412 2206/326/413
f 2207/326/414 2208/326/414 2209/326/414
f 2208/326/414 2207/326/414 2210/326/414
f 2211/326/416 2212/326/316 2213/326/416
f 2214/326/415 2213/326/416 2212/326/316
f 2215/326/118 2216/326/41 2217/326/118
f 2217/326/118 2216/326/41 2218/326/417
f 2219/322/1643 2220/322/1644 2221/319/693
f 2221/319/693 2220/322/1644 2222/319/333
f 2223/316/1645 2224/316/1646 2225/316/1647
f 2224/316/1646 2223/316/1645 2226/316/1648
f 2227/316/1649 2228/316/1650 2229/316/1651
f 2228/316/1650 2227/316/1649 2230/316/1652
f 2231/316/1653 2232/316/1654 2233/316/1655
f 2232/316/1654 2231/316/1653 2234/316/1656
f 2235/320/1657 2236/319/1657 2237/319/1657
f 2237/319/433 2236/319/1658 2238/319/1659
f 2237/319/1660 2238/319/1661 2239/319/1662
f 2239/319/1662 2238/319/1661 2240/309/1663
f 2239/319/1662 2240/309/1663 2241/309/1664
f 2241/309/1664 2240/309/1663 2242/309/416
f 2241/309/1664 2242/309/416 2243/309/415
f 2243/309/415 2242/309/416 2244/309/439
f 2242/309/416 2245/309/439 2244/309/439
f 2246/322/390 2247/322/1665 2248/322/390
f 2248/322/390 2249/273/561 2246/322/390
f 2248/322/390 2250/273/1666 2249/273/561
f 2251/321/1595 2252/321/1667 2253/321/1668
f 2254/327/1669 2253/321/1668 2252/321/1667
f 2253/321/1668 2254/327/1669 2255/327/1670
f 2256/327/1671 2257/327/1672 2258/327/1673
f 2258/327/1673 2259/327/1674 2256/327/1671
f 2259/327/1674 2258/327/1673 2260/327/1675
f 2261/322/1676 2262/322/1676 2263/322/1677
f 2264/322/1678 2261/322/1676 2263/322/1677
f 2263/322/1677 2265/273/1679 2264/322/1678
f 2264/322/1678 2265/273/1679 2266/273/1680
f 2267/273/1681 2266/273/1680 2265/273/1679
f 2266/273/1680 2267/273/1681 2268/273/1682
f 2268/273/1682 2267/273/1681 2269/273/1683
f 2269/273/1683 2267/273/1681 2270/320/1684
f 2270/320/1684 2271/320/1685 2269/273/1683
f 2271/320/1685 2270/320/1684 2272/320/1686
f 2272/320/1686 2273/320/1687 2271/320/1685
f 2273/320/1687 2272/320/1686 2274/319/1688
f 2273/320/1687 2274/319/1688 2275/319/1689
f 2275/319/1689 2274/319/1688 2276/319/1689
f 2276/319/1689 2277/319/1690 2275/319/1689
f 2277/319/1690 2276/319/1689 2278/319/1691
f 2278/319/1691 2279/319/1692 2277/319/1690
f 2279/319/1692 2278/319/1691 2280/309/1692
f 2281/309/1693 2279/319/1692 2280/309/1692
f 2279/319/1692 2281/309/1693 2282/319/1694
f 2283/309/1695 2282/319/1694 2281/309/1693
f 2282/319/1694 2283/309/1695 2284/319/1695
f 2283/309/1695 2285/309/1696 2284/319/1695
f 2284/319/1695 2285/309/1696 2286/319/1697
f 2287/309/1698 2286/319/1697 2285/309/1696
f 2286/319/1697 2287/309/1698 2288/319/1699
f 2289/319/1700 2288/319/1699 2287/309/1698
f 2288/319/1699 2289/319/1700 2290/319/1701
f 2291/319/1702 2290/319/1701 2289/319/1700
f 2290/319/1701 2291/319/1702 2292/319/1703
f 2291/319/1702 2293/319/1704 2292/319/1703
f 2293/319/1704 2291/319/1702 2294/319/1705
f 2295/309/1706 2293/319/1704 2294/319/1705
f 2295/309/1706 2294/319/1705 2296/309/1706
f 2295/309/1706 2296/309/1706 2297/309/1707
f 2298/273/1708 2299/273/1709 2300/320/1710
f 2300/320/1710 2301/273/1711 2298/273/1708
f 2301/273/1711 2300/320/1710 2302/320/1712
f 2302/320/1712 2303/319/1713 2301/273/1711
f 2304/319/1714 2301/273/1711 2303/319/1713
f 2305/319/1715 2304/319/1714 2303/319/1713
f 2305/319/1715 2306/319/1716 2304/319/1714
f 2306/319/1716 2305/319/1715 2307/309/1717
f 2308/309/1718 2307/309/1717 2305/319/1715
f 2306/319/1716 2307/309/1717 2309/309/1719
f 2308/309/1718 2310/309/1720 2307/309/1717
f 2307/309/1717 2310/309/1720 2309/309/1719
f 2310/309/1720 2311/309/1721 2309/309/1719
f 2311/309/1721 2310/309/1720 2312/327/1722
f 2312/327/1722 2313/327/1723 2311/309/1721
f 2313/327/1723 2312/327/1722 2314/327/1724
f 2313/327/1723 2314/327/1724 2315/327/1725
f 2316/327/1726 2313/327/1723 2315/327/1725
f 2315/327/1725 2317/321/1727 2316/327/1726
f 2318/321/1728 2316/327/1726 2317/321/1727
f 2316/327/1726 2318/321/1728 2319/327/1729
f 2318/321/1728 2320/321/1730 2319/327/1729
f 2319/327/1729 2320/321/1730 2321/321/1731
f 2321/321/1731 2322/327/1732 2319/327/1729
f 2321/321/1731 2323/308/1732 2322/327/1732
f 2324/308/1733 2322/327/1732 2323/308/1732
f 2324/308/1733 2325/321/1734 2322/327/1732
f 2325/321/1734 2324/308/1733 2326/308/1735
f 2327/308/1736 2325/321/1734 2326/308/1735
f 2327/308/1736 2328/321/1737 2325/321/1734
f 2328/321/1737 2327/308/1736 2329/321/1738
f 2330/321/1739 2328/321/1737 2329/321/1738
f 2331/321/1740 2328/321/1737 2330/321/1739
f 2331/321/1740 2330/321/1739 2332/321/1741
f 2333/321/1742 2331/321/1740 2332/321/1741
f 2331/321/1740 2333/321/1742 2334/321/1742
f 2335/321/1743 2334/321/1742 2333/321/1742
f 2334/321/1742 2335/321/1743 2336/321/1744
f 2337/321/1745 2336/321/1744 2335/321/1743
f 2338/308/1746 2337/321/1745 2335/321/1743
f 2339/327/1735 2336/321/1744 2337/321/1745
f 2338/308/1746 2340/321/1747 2337/321/1745
f 2340/321/1747 2339/327/1735 2337/321/1745
f 2339/327/1735 2340/321/1747 2341/321/1748
f 2340/321/1747 2342/321/1749 2341/321/1748
f 2341/321/1748 2342/321/1749 2343/327/1750
f 2344/321/1751 2343/327/1750 2342/321/1749
f 2345/327/1752 2343/327/1750 2344/321/1751
f 2343/327/1750 2345/327/1752 2346/327/1753
f 2346/327/1753 2345/327/1752 2347/327/1754
f 2348/309/1755 2349/309/1756 2350/309/1757
f 2351/309/1758 2348/309/1755 2350/309/1757
f 2350/309/1757 2352/319/1759 2351/309/1758
f 2351/309/1758 2353/309/1760 2354/309/1761
f 2353/309/1760 2351/309/1758 2352/319/1759
f 2352/319/1759 2355/319/1762 2353/309/1760
f 2355/319/1762 2352/319/1759 2356/319/1763
f 2355/319/1762 2356/319/1763 2357/309/1764
f 2358/319/1764 2357/309/1764 2356/319/1763
f 2358/319/1764 2359/309/1765 2357/309/1764
f 2359/309/1765 2358/319/1764 2360/309/1765
f 2360/309/1765 2361/309/1766 2359/309/1765
f 2361/309/1766 2360/309/1765 2362/309/1766
f 2363/309/1767 2361/309/1766 2362/309/1766
f 2364/309/1768 2361/309/1766 2363/309/1767
f 2365/309/1769 2364/309/1768 2363/309/1767
f 2366/309/1769 2364/309/1768 2365/309/1769
f 2367/309/1770 2366/309/1769 2365/309/1769
f 2368/309/1770 2366/309/1769 2367/309/1770
f 2369/319/1771 2368/309/1770 2367/309/1770
f 2368/309/1770 2369/319/1771 2370/309/1772
f 2371/319/1773 2370/309/1772 2369/319/1771
f 2370/309/1772 2371/319/1773 2372/319/1774
f 2373/319/1775 2372/319/1774 2371/319/1773
f 2372/319/1774 2373/319/1775 2374/319/1776
f 2375/320/1777 2374/319/1776 2373/319/1775
f 2374/319/1776 2375/320/1777 2376/320/1778
f 2377/320/1779 2376/320/1778 2375/320/1777
f 2376/320/1778 2377/320/1779 2378/320/1780
f 2379/273/1781 2378/320/1780 2377/320/1779
f 2379/273/1781 2380/273/1782 2378/320/1780
f 2381/273/1783 2380/273/1782 2379/273/1781
f 2381/273/1783 2382/273/1784 2380/273/1782
f 2383/273/1785 2382/273/1784 2381/273/1783
f 2382/273/1784 2383/273/1785 2384/273/1786
f 2381/273/1783 2385/322/1787 2383/273/1785
f 2383/273/1785 2385/322/1787 2386/273/1788
f 2386/273/1788 2385/322/1787 2387/322/1789
f 2388/273/1790 2389/319/1791 2390/320/1790
f 2388/273/1790 2390/320/1790 2391/273/1792
f 2390/320/1790 2392/273/1793 2391/273/1792
f 2392/273/1793 2393/273/1794 2391/273/1792
f 2394/338/53 2395/338/53 2396/338/53
f 2396/338/53 2397/338/53 2394/338/53
f 2397/338/53 2396/338/53 2398/334/53
f 2397/338/53 2398/334/53 2399/334/53
f 2399/334/53 2398/334/53 2400/334/53
f 2400/334/53 2398/334/53 2401/334/53
f 2401/334/53 2398/334/53 2402/334/53
f 2401/334/53 2402/334/53 2403/334/53
f 2403/334/53 2402/334/53 2404/334/53
f 2404/334/53 2402/334/53 2405/334/53
f 2402/334/53 2406/334/53 2405/334/53
f 2402/334/53 2407/334/53 2406/334/53
f 2408/334/53 2407/334/53 2402/334/53
f 2409/334/53 2408/334/53 2402/334/53
f 2402/334/53 2410/334/53 2409/334/53
f 2410/334/53 2402/334/53 2411/336/53
f 2412/334/53 2410/334/53 2411/336/53
f 2413/334/53 2412/334/53 2411/336/53
f 2414/334/53 2413/334/53 2411/336/53
f 2415/334/53 2414/334/53 2411/336/53
f 2414/334/53 2415/334/53 2416/334/53
f 2416/334/53 2415/334/53 2417/334/53
f 2418/334/107 2419/334/107 2420/334/107
f 2420/334/107 2421/334/107 2418/334/107
f 2421/334/107 2420/334/107 2422/336/107
f 2421/334/107 2422/336/107 2423/334/107
f 2423/334/107 2422/336/107 2424/334/107
f 2424/334/107 2422/336/107 2425/334/107
f 2425/334/107 2422/336/107 2426/334/107
f 2426/334/107 2427/334/107 2425/334/107
f 2427/334/107 2426/334/107 2428/334/107
f 2428/334/107 2426/334/107 2429/334/107
f 2426/334/107 2430/334/107 2429/334/107
f 2426/334/107 2431/334/107 2430/334/107
f 2432/334/107 2431/334/107 2426/334/107
f 2433/334/107 2432/334/107 2426/334/107
f 2433/334/107 2426/334/107 2434/334/107
f 2434/334/107 2426/334/107 2435/334/107
f 2436/334/539 2434/334/107 2435/334/107
f 2437/334/807 2436/334/539 2435/334/107
f 2438/338/107 2437/334/807 2435/334/107
f 2439/338/107 2438/338/107 2435/334/107
f 2438/338/107 2439/338/107 2440/338/107
f 2440/338/107 2439/338/107 2441/338/695
f 2442/320/1795 2443/320/1796 2444/320/1797
f 2443/320/1796 2445/320/1798 2444/320/1797
f 2444/320/1797 2445/320/1798 2446/320/1799
f 2447/320/1800 2446/320/1799 2445/320/1798
f 2448/320/1801 2446/320/1799 2447/320/1800
f 2446/320/1799 2448/320/1801 2449/320/1801
f 2450/320/1802 2449/320/1801 2448/320/1801
f 2449/320/1801 2450/320/1802 2451/320/1803
f 2452/309/1804 2451/320/1803 2450/320/1802
f 2451/320/1803 2452/309/1804 2453/309/1804
f 2454/320/1805 2455/309/549 2456/320/1806
f 2454/320/1805 2456/320/1806 2457/320/1807
f 2458/320/1808 2457/320/1807 2456/320/1806
f 2457/320/1807 2458/320/1808 2459/320/807
f 2460/309/107 2461/309/107 2462/319/107
f 2460/309/107 2462/319/107 2463/319/107
f 2464/319/107 2463/319/107 2462/319/107
f 2463/319/107 2464/319/107 2465/319/107
f 2466/312/388 2467/312/388 2468/312/1809
f 2469/312/800 2466/312/388 2468/312/1809
f 2468/312/1809 2470/312/1810 2469/312/800
f 2469/312/800 2470/312/1810 2471/312/742
f 2471/312/742 2470/312/1810 2472/312/574
f 2473/312/1811 2471/312/742 2472/312/574
f 2474/312/337 2475/312/337 2476/312/337
f 2474/312/337 2476/312/337 2477/312/337
f 2477/312/337 2476/312/337 2478/312/387
f 2479/315/346 2480/315/337 2481/315/346
f 2481/315/346 2482/315/358 2479/315/346
f 2482/315/358 2481/315/346 2483/315/352
f 2484/315/1812 2485/315/350 2486/315/342
f 2487/315/354 2486/315/342 2485/315/350
f 2486/315/342 2487/315/354 2488/315/355
f 2489/315/353 2490/315/353 2491/315/353
f 2491/315/353 2492/315/1813 2489/315/353
f 2492/315/1813 2491/315/353 2493/315/342
f 2494/315/1814 2495/315/358 2496/315/1814
f 2496/315/1814 2497/315/339 2494/315/1814
f 2497/315/339 2496/315/1814 2498/315/346
f 2498/315/346 2499/315/337 2497/315/339
f 2500/315/350 2501/315/404 2502/315/563
f 2502/315/563 2503/315/387 2500/315/350
f 2503/315/387 2502/315/563 2504/315/348
f 2505/315/346 2503/315/387 2504/315/348
f 2506/315/367 2507/315/1604 2508/315/367
f 2509/315/336 2508/315/367 2507/315/1604
f 2508/315/367 2509/315/336 2510/315/336
f 2511/315/407 2510/315/336 2509/315/336
f 2509/315/336 2512/315/19 2511/315/407
f 2513/315/1641 2511/315/407 2512/315/19
f 2514/315/23 2515/315/19 2516/315/364
f 2517/315/336 2516/315/364 2515/315/19
f 2516/315/364 2517/315/336 2518/315/336
f 2517/315/336 2519/315/360 2518/315/336
f 2519/315/360 2517/315/336 2520/315/312
f 2520/315/312 2521/315/571 2519/315/360
f 2522/322/1815 2523/322/1815 2524/322/1815
f 2522/322/1816 2525/322/1586 2523/322/1817
f 2525/322/1586 2522/322/1816 2526/322/1818
f 2526/322/1818 2527/322/390 2525/322/1586
f 2527/322/390 2526/322/1818 2528/322/1819
f 2529/322/1589 2530/322/316 2531/322/1820
f 2530/322/316 2532/322/1821 2531/322/1820
f 2532/322/1821 2530/322/316 2533/322/1822
f 2534/309/1823 2535/309/1824 2536/309/1825
f 2537/309/1826 2535/309/1824 2534/309/1823
f 2538/309/316 2535/309/1824 2537/309/1826
f 2539/309/1827 2538/309/316 2537/309/1826
f 2538/309/316 2539/309/1827 2540/309/1828
f 2540/309/1828 2541/319/590 2538/309/316
f 2542/321/1829 2543/321/1830 2544/308/1829
f 2543/321/1830 2542/321/1829 2545/321/1831
f 2543/321/1830 2545/321/1831 2546/321/1832
f 2547/321/1833 2546/321/1832 2545/321/1831
f 2547/321/1833 2548/308/1834 2546/321/1832
f 2548/308/1834 2547/321/1833 2549/321/1835
f 2549/321/1835 2550/308/1836 2548/308/1834
f 2550/308/1836 2549/321/1835 2551/308/1837
f 2552/308/1838 2550/308/1836 2551/308/1837
f 2553/308/1839 2550/308/1836 2552/308/1838
f 2554/308/1840 2553/308/1839 2552/308/1838
f 2555/308/1840 2553/308/1839 2554/308/1840
f 2556/308/1841 2555/308/1840 2554/308/1840
f 2557/308/1842 2555/308/1840 2556/308/1841
f 2558/321/1843 2557/308/1842 2556/308/1841
f 2557/308/1842 2558/321/1843 2559/308/1843
f 2560/321/1844 2559/308/1843 2558/321/1843
f 2559/308/1843 2560/321/1844 2561/321/1845
f 2562/321/1846 2561/321/1845 2560/321/1844
f 2561/321/1845 2562/321/1846 2563/321/1847
f 2562/321/1846 2564/321/1848 2563/321/1847
f 2565/321/1849 2564/321/1848 2562/321/1846
f 2565/321/1849 2566/327/1850 2564/321/1848
f 2567/327/1851 2566/327/1850 2565/321/1849
f 2568/327/1852 2566/327/1850 2567/327/1851
f 2568/327/1852 2569/327/1853 2566/327/1850
f 2570/327/1854 2569/327/1853 2568/327/1852
f 2569/327/1853 2570/327/1854 2571/327/1855
f 2572/273/1856 2573/273/1857 2574/273/1858
f 2575/273/1859 2574/273/1858 2573/273/1857
f 2576/273/1860 2575/273/1859 2573/273/1857
f 2575/273/1859 2576/273/1860 2577/273/1860
f 2578/327/1861 2579/327/1862 2580/309/1861
f 2579/327/1862 2578/327/1861 2581/327/1863
f 2581/327/1863 2582/327/1864 2579/327/1862
f 2582/327/1864 2581/327/1863 2583/327/1864
f 2584/327/1865 2585/327/1866 2586/321/1867
f 2584/327/1865 2587/309/1868 2585/327/1866
f 2588/309/1869 2585/327/1866 2587/309/1868
f 2587/309/1868 2589/309/1869 2588/309/1869
f 2590/338/107 2591/338/107 2592/338/107
f 2593/338/107 2590/338/107 2592/338/107
f 2593/338/107 2594/334/107 2590/338/107
f 2595/334/107 2594/334/107 2593/338/107
f 2596/334/107 2594/334/107 2595/334/107
f 2597/334/107 2594/334/107 2596/334/107
f 2597/334/107 2598/334/107 2594/334/107
f 2598/334/107 2597/334/107 2599/334/107
f 2600/334/107 2598/334/107 2599/334/107
f 2600/334/107 2601/334/107 2598/334/107
f 2601/334/107 2602/334/107 2598/334/107
f 2603/334/107 2598/334/107 2602/334/107
f 2604/334/107 2598/334/107 2603/334/107
f 2604/334/107 2605/334/107 2598/334/107
f 2606/334/107 2598/334/107 2605/334/107
f 2598/334/107 2606/334/107 2607/336/107
f 2606/334/107 2608/334/107 2607/336/107
f 2608/334/107 2609/334/107 2607/336/107
f 2609/334/107 2610/334/107 2607/336/107
f 2607/336/107 2610/334/107 2611/334/107
f 2611/334/107 2610/334/107 2612/334/107
f 2611/334/107 2612/334/107 2613/334/107
f 2614/334/53 2615/334/53 2616/334/53
f 2617/334/53 2614/334/53 2616/334/53
f 2618/336/53 2614/334/53 2617/334/53
f 2619/334/53 2618/336/53 2617/334/53
f 2620/334/53 2618/336/53 2619/334/53
f 2621/334/53 2618/336/53 2620/334/53
f 2621/334/53 2622/334/53 2618/336/53
f 2622/334/53 2621/334/53 2623/334/53
f 2624/334/53 2622/334/53 2623/334/53
f 2624/334/53 2625/334/53 2622/334/53
f 2625/334/53 2626/334/53 2622/334/53
f 2627/334/53 2622/334/53 2626/334/53
f 2628/334/53 2622/334/53 2627/334/53
f 2628/334/53 2629/334/53 2622/334/53
f 2630/334/53 2622/334/53 2629/334/53
f 2622/334/53 2630/334/53 2631/334/53
f 2630/334/53 2632/334/53 2631/334/53
f 2632/334/53 2633/334/53 2631/334/53
f 2633/334/53 2634/338/53 2631/334/53
f 2631/334/53 2634/338/53 2635/338/53
f 2635/338/53 2634/338/53 2636/338/53
f 2635/338/53 2636/338/53 2637/338/53
f 2638/309/549 2639/320/1870 2640/309/549
f 2641/320/1806 2640/309/549 2639/320/1870
f 2642/320/1871 2641/320/1806 2639/320/1870
f 2642/320/1871 2643/320/545 2641/320/1806
f 2644/320/806 2643/320/545 2642/320/1871
f 2644/320/806 2645/320/1872 2643/320/545
f 2646/320/1807 2645/320/1872 2644/320/806
f 2646/320/1807 2647/320/1807 2645/320/1872
f 2648/320/38 2647/320/1807 2646/320/1807
f 2649/320/38 2647/320/1807 2648/320/38
f 2650/308/777 2651/321/238 2652/308/238
f 2653/321/1873 2651/321/238 2650/308/777
f 2654/308/1874 2653/321/1873 2650/308/777
f 2654/308/1874 2655/321/780 2653/321/1873
f 2655/321/780 2654/308/1874 2656/308/1875
f 2657/321/783 2655/321/780 2656/308/1875
f 2658/319/783 2655/321/780 2657/321/783
f 2657/321/783 2659/319/783 2658/319/783
f 2659/319/783 2657/321/783 2660/308/785
f 2659/319/783 2660/308/785 2661/319/785
f 2660/308/785 2662/319/1876 2661/319/785
f 2662/319/1876 2660/308/785 2663/321/787
f 2664/319/788 2662/319/1876 2663/321/787
f 2663/321/787 2665/319/789 2664/319/788
f 2665/319/789 2663/321/787 2666/321/783
f 2667/308/783 2665/319/789 2666/321/783
f 2667/308/783 2668/319/783 2665/319/789
f 2668/319/783 2667/308/783 2669/308/783
f 2670/308/790 2668/319/783 2669/308/783
f 2668/319/783 2670/308/790 2671/319/783
f 2672/308/785 2671/319/783 2670/308/790
f 2673/308/785 2671/319/783 2672/308/785
f 2673/308/785 2674/308/783 2671/319/783
f 2671/319/783 2674/308/783 2675/321/783
f 2675/321/783 2676/319/783 2671/319/783
f 2675/321/783 2677/321/782 2676/319/783
f 2678/321/782 2676/319/783 2677/321/782
f 2676/319/783 2678/321/782 2679/319/782
f 2678/321/782 2680/327/782 2679/319/782
f 2681/327/783 2679/319/782 2680/327/782
f 2679/319/782 2681/327/783 2682/320/782
f 2681/327/783 2683/320/783 2682/320/782
f 2684/327/783 2683/320/783 2681/327/783
f 2683/320/783 2684/327/783 2685/273/783
f 2686/273/782 2685/273/783 2684/327/783
f 2687/309/783 2686/273/782 2684/327/783
f 2686/273/782 2687/309/783 2688/273/783
f 2687/309/783 2689/319/1877 2688/273/783
f 2687/309/783 2690/309/1878 2689/319/1877
f 2691/319/1879 2689/319/1877 2690/309/1878
f 2689/319/1877 2691/319/1879 2692/319/1880
f 2691/319/1879 2693/319/795 2692/319/1880
f 2693/319/795 2694/319/665 2692/319/1880
f 2694/319/665 2693/319/795 2695/319/666
f 2696/273/1881 2688/273/783 2689/319/1877
f 2697/319/418 2696/273/1881 2689/319/1877
f 2698/322/1882 2688/273/783 2696/273/1881
f 2696/273/1881 2697/319/418 2699/322/419
f 2699/322/419 2698/322/1882 2696/273/1881
f 2700/319/333 2699/322/419 2697/319/418
f 2698/322/1882 2699/322/419 2701/322/1883
f 2702/322/1884 2701/322/1883 2699/322/419
f 2701/322/1883 2702/322/1884 2703/322/337
f 2704/320/163 2705/320/53 2706/320/53
f 2705/320/53 2704/320/163 2707/320/163
f 2708/320/53 2707/320/163 2704/320/163
f 2707/320/163 2708/320/53 2709/309/53
f 2710/320/107 2711/320/107 2712/309/107
f 2711/320/107 2710/320/107 2713/320/107
f 2713/320/107 2714/320/107 2711/320/107
f 2714/320/107 2713/320/107 2715/320/107
f 2716/309/1885 2717/319/1886 2718/309/1885
f 2717/319/1886 2716/309/1885 2719/319/1886
f 2719/319/1886 2720/319/555 2717/319/1886
f 2720/319/555 2719/319/1886 2721/319/555
f 2721/319/555 2722/319/1887 2720/319/555
f 2722/319/1887 2721/319/555 2723/319/1888
f 2723/319/1888 2724/319/554 2722/319/1887
f 2724/319/554 2723/319/1888 2725/319/554
f 2724/319/554 2725/319/554 2726/309/551
f 2726/309/551 2725/319/554 2727/309/551
f 2728/321/1889 2729/308/1890 2730/321/1889
f 2729/308/1890 2728/321/1889 2731/308/1890
f 2731/308/1890 2732/308/1891 2729/308/1890
f 2732/308/1891 2731/308/1890 2733/308/1891
f 2733/308/1891 2734/308/1892 2732/308/1891
f 2732/308/1891 2734/308/1892 2735/308/1892
f 2734/308/1892 2736/308/1893 2735/308/1892
f 2736/308/1893 2734/308/1892 2737/308/1894
f 2738/321/1895 2736/308/1893 2737/308/1894
f 2736/308/1893 2738/321/1895 2739/321/1895
f 2740/319/163 2741/319/188 2742/319/142
f 2741/319/188 2740/319/163 2743/319/287
f 2743/319/287 2744/309/53 2741/319/188
f 2744/309/53 2743/319/287 2745/309/53
f 2746/309/1896 2747/319/1897 2748/309/1898
f 2747/319/1897 2746/309/1896 2749/319/1899
f 2749/319/1899 2750/319/1799 2747/319/1897
f 2750/319/1799 2749/319/1899 2751/319/1799
f 2750/319/1799 2751/319/1799 2752/319/1900
f 2750/319/1799 2752/319/1900 2753/319/1901
f 2753/319/1901 2752/319/1900 2754/319/1902
f 2753/319/1901 2754/319/1902 2755/319/1903
f 2754/319/1902 2756/309/1904 2755/319/1903
f 2756/309/1904 2754/319/1902 2757/309/1905
f 2758/319/553 2759/309/1906 2760/309/551
f 2758/319/553 2760/309/551 2761/319/554
f 2761/319/554 2762/319/555 2758/319/553
f 2762/319/555 2761/319/554 2763/319/556
f 2764/367/107 2765/368/107 2766/369/107
f 2767/370/107 2765/368/107 2764/367/107
f 2767/370/107 2768/371/107 2765/368/107
f 2768/371/107 2767/370/107 2769/372/107
f 2769/372/107 2770/373/107 2768/371/107
f 2771/374/107 2770/373/107 2769/372/107
f 2770/373/107 2771/374/107 2772/375/107
f 2771/374/107 2773/376/107 2772/375/107
f 2773/376/107 2771/374/107 2774/377/107
f 2773/376/107 2774/377/107 2775/378/107
f 2775/378/107 2774/377/107 2776/379/107
f 2775/378/107 2776/379/107 2777/380/107
f 2777/380/107 2776/379/107 2778/381/107
f 2777/380/107 2778/381/107 2779/382/107
f 2780/383/107 2779/382/107 2778/381/107
f 2779/382/107 2780/383/107 2781/384/107
f 2782/309/730 2783/309/1907 2784/309/731
f 2783/309/1907 2782/309/730 2785/309/1908
f 2786/327/1909 2785/309/1908 2782/309/730
f 2785/309/1908 2786/327/1909 2787/327/1909
f 2787/327/1909 2786/327/1909 2788/327/735
f 2788/327/735 2786/327/1909 2789/327/735
f 2788/327/735 2789/327/735 2790/327/1910
f 2791/327/737 2790/327/1910 2789/327/735
f 2791/327/737 2792/327/738 2790/327/1910
f 2793/327/738 2792/327/738 2791/327/737
f 2794/309/1911 2792/327/738 2793/327/738
f 2792/327/738 2794/309/1911 2795/309/1912
f 2796/327/53 2797/309/53 2798/309/53
f 2797/309/53 2796/327/53 2799/327/53
f 2799/327/53 2796/327/53 2800/327/53
f 2799/327/53 2800/327/53 2801/327/53
f 2802/327/1913 2803/327/1914 2804/327/1915
f 2805/327/1913 2802/327/1913 2804/327/1915
f 2805/327/1913 2806/309/1916 2802/327/1913
f 2806/309/1916 2805/327/1913 2807/309/1913
f 2808/312/388 2809/312/560 2810/312/1917
f 2809/312/560 2808/312/388 2811/312/1918
f 2811/312/1918 2812/312/577 2809/312/560
f 2812/312/577 2811/312/1918 2813/312/577
f 2813/312/577 2814/312/329 2812/312/577
f 2814/312/329 2813/312/577 2815/312/1573
f 2816/315/338 2817/315/339 2818/315/1634
f 2817/315/339 2816/315/338 2819/315/346
f 2820/315/386 2817/315/339 2819/315/346
f 2821/315/1919 2822/315/1920 2823/315/1919
f 2822/315/1920 2821/315/1919 2824/315/759
f 2824/315/759 2825/315/760 2822/315/1920
f 2825/315/760 2824/315/759 2826/315/761
f 2826/315/761 2827/315/762 2825/315/760
f 2827/315/762 2826/315/761 2828/315/1921
f 2829/315/1922 2827/315/762 2828/315/1921
f 2827/315/762 2829/315/1922 2830/315/1923
f 2831/315/765 2830/315/1923 2829/315/1922
f 2830/315/1923 2831/315/765 2832/315/765
f 2831/315/765 2833/315/756 2832/315/765
f 2833/315/756 2831/315/765 2834/315/1924
f 2835/315/1925 2836/315/1926 2837/315/1926
f 2836/315/1926 2835/315/1925 2838/315/1925
f 2839/315/1927 2838/315/1925 2835/315/1925
f 2838/315/1925 2839/315/1927 2840/315/1928
f 2841/315/1929 2840/315/1928 2839/315/1927
f 2840/315/1928 2841/315/1929 2842/315/750
f 2841/315/1929 2843/315/1930 2842/315/750
f 2843/315/1930 2841/315/1929 2844/315/1931
f 2844/315/1931 2845/315/754 2843/315/1930
f 2845/315/754 2844/315/1931 2846/315/754
f 2847/315/1924 2845/315/754 2846/315/754
f 2845/315/754 2847/315/1924 2848/315/1924
f 2849/315/1932 2850/315/770 2851/315/1933
f 2850/315/770 2849/315/1932 2852/315/770
f 2852/315/770 2853/315/771 2850/315/770
f 2853/315/771 2852/315/770 2854/315/771
f 2854/315/771 2855/315/1934 2853/315/771
f 2855/315/1934 2854/315/771 2856/315/773
f 2857/315/1935 2858/315/1934 2859/315/1934
f 2858/315/1934 2857/315/1935 2860/315/774
f 2861/315/775 2860/315/774 2857/315/1935
f 2860/315/774 2861/315/775 2862/315/775
f 2861/315/775 2863/315/568 2862/315/775
f 2863/315/568 2861/315/775 2864/315/1936
f 2865/315/768 2866/315/1937 2867/315/1938
f 2866/315/1937 2865/315/768 2868/315/768
f 2869/315/767 2868/315/768 2865/315/768
f 2868/315/768 2869/315/767 2870/315/767
f 2871/315/1939 2870/315/767 2869/315/767
f 2870/315/767 2871/315/1939 2872/315/1940
f 2871/315/1939 2873/315/1941 2872/315/1940
f 2873/315/1941 2871/315/1939 2874/315/566
f 2874/315/566 2875/315/567 2873/315/1941
f 2875/315/567 2874/315/566 2876/315/567
f 2877/315/568 2875/315/567 2876/315/567
f 2875/315/567 2877/315/568 2878/315/1942
f 2879/319/1943 2880/319/665 2881/319/1944
f 2882/319/1945 2880/319/665 2879/319/1943
f 2883/319/1946 2882/319/1945 2879/319/1943
f 2883/319/1946 2884/319/1947 2882/319/1945
f 2884/319/1947 2883/319/1946 2885/309/1948
f 2886/309/147 2884/319/1947 2885/309/1948
f 2887/309/147 2884/319/1947 2886/309/147
f 2888/273/147 2884/319/1947 2887/309/147
f 2887/309/147 2889/273/671 2888/273/147
f 2889/273/671 2887/309/147 2890/327/147
f 2889/273/671 2890/327/147 2891/273/147
f 2890/327/147 2892/320/147 2891/273/147
f 2892/320/147 2890/327/147 2893/327/147
f 2894/320/671 2892/320/147 2893/327/147
f 2893/327/147 2895/319/671 2894/320/671
f 2895/319/671 2893/327/147 2896/327/671
f 2897/321/671 2895/319/671 2896/327/671
f 2897/321/671 2898/319/147 2895/319/671
f 2898/319/147 2897/321/671 2899/321/671
f 2900/321/147 2898/319/147 2899/321/671
f 2900/321/147 2901/319/147 2898/319/147
f 2901/319/147 2900/321/147 2902/308/147
f 2903/308/672 2901/319/147 2902/308/147
f 2903/308/672 2904/308/672 2901/319/147
f 2905/308/673 2901/319/147 2904/308/672
f 2901/319/147 2905/308/673 2906/319/147
f 2905/308/673 2907/308/147 2906/319/147
f 2908/308/147 2906/319/147 2907/308/147
f 2906/319/147 2908/308/147 2909/319/674
f 2908/308/147 2910/321/147 2909/319/674
f 2911/321/675 2909/319/674 2910/321/147
f 2909/319/674 2911/321/675 2912/319/676
f 2911/321/675 2913/319/1949 2912/319/676
f 2914/308/672 2913/319/1949 2911/321/675
f 2913/319/1949 2914/308/672 2915/319/672
f 2916/319/672 2915/319/672 2914/308/672
f 2917/321/147 2916/319/672 2914/308/672
f 2916/319/672 2917/321/147 2918/319/147
f 2919/321/678 2918/319/147 2917/321/147
f 2917/321/147 2920/308/671 2919/321/678
f 2920/308/671 2921/308/1950 2919/321/678
f 2922/308/1951 2919/321/678 2921/308/1950
f 2919/321/678 2922/308/1951 2923/321/1952
f 2922/308/1951 2924/308/682 2923/321/1952
f 2924/308/682 2925/321/238 2923/321/1952
f 2925/321/238 2924/308/682 2926/308/238
f 2927/327/684 2918/319/147 2919/321/678
f 2928/309/1953 2918/319/147 2927/327/684
f 2929/321/686 2927/327/684 2919/321/678
f 2930/327/687 2928/309/1953 2927/327/684
f 2927/327/684 2929/321/686 2930/327/687
f 2928/309/1953 2930/327/687 2931/309/688
f 2929/321/686 2932/327/1954 2930/327/687
f 2932/327/1954 2931/309/688 2930/327/687
f 2933/321/1955 2932/327/1954 2929/321/686
f 2931/309/688 2932/327/1954 2934/309/1376
f 2935/322/1644 2936/322/1956 2937/322/337
f 2936/322/1956 2935/322/1644 2938/322/334
f 2938/322/334 2939/322/1957 2936/322/1956
f 2939/322/1957 2938/322/334 2940/273/1958
f 2939/322/1957 2940/273/1958 2888/273/147
f 2941/319/1959 2940/273/1958 2938/322/334
f 2884/319/1947 2888/273/147 2940/273/1958
f 2940/273/1958 2941/319/1959 2884/319/1947
f 2942/315/1960 2943/315/578 2944/315/1961
f 2943/315/578 2942/315/1960 2945/315/578
f 2945/315/578 2946/315/560 2943/315/578
f 2946/315/560 2945/315/578 2947/315/560
f 2948/315/53 2946/315/560 2947/315/560
f 2946/315/560 2948/315/53 2949/315/188
f 2950/315/1202 2951/315/1962 2952/315/558
f 2951/315/1962 2950/315/1202 2953/315/1962
f 2953/315/1962 2954/315/577 2951/315/1962
f 2954/315/577 2953/315/1962 2955/315/577
f 2956/315/142 2954/315/577 2955/315/577
f 2954/315/577 2956/315/142 2957/315/142
f 2958/315/801 2959/315/1963 2960/315/558
f 2959/315/1963 2958/315/801 2961/315/403
f 2962/315/742 2961/315/403 2958/315/801
f 2961/315/403 2962/315/742 2963/315/742
f 2962/315/742 2964/315/107 2963/315/742
f 2964/315/107 2962/315/742 2965/315/107
f 2965/315/107 2966/315/800 2964/315/107
f 2966/315/800 2965/315/107 2967/315/800
f 2968/315/799 2966/315/800 2967/315/800
f 2966/315/800 2968/315/799 2969/315/799
f 2970/315/1917 2969/315/799 2968/315/799
f 2969/315/799 2970/315/1917 2971/315/316
f 2972/315/543 2973/315/1964 2974/315/806
f 2973/315/1964 2972/315/543 2975/315/813
f 2975/315/813 2976/315/814 2973/315/1964
f 2976/315/814 2975/315/813 2977/315/1965
f 2977/315/1965 2978/315/1966 2976/315/814
f 2978/315/1966 2977/315/1965 2979/315/1966
f 2980/315/1967 2981/315/816 2982/315/816
f 2981/315/816 2980/315/1967 2983/315/1968
f 2984/315/1969 2983/315/1968 2980/315/1967
f 2983/315/1968 2984/315/1969 2985/315/1970
f 2984/315/1969 2986/315/1971 2985/315/1970
f 2986/315/1971 2984/315/1969 2987/315/1972
f 2988/315/805 2989/315/1973 2990/315/807
f 2989/315/1973 2988/315/805 2991/315/1974
f 2992/315/1975 2991/315/1974 2988/315/805
f 2991/315/1974 2992/315/1975 2993/315/1975
f 2994/315/803 2993/315/1975 2992/315/1975
f 2993/315/1975 2994/315/803 2995/315/803
f 2994/315/803 2996/315/808 2995/315/803
f 2996/315/808 2994/315/803 2997/315/1976
f 2997/315/1976 2998/315/1977 2996/315/808
f 2998/315/1977 2997/315/1976 2999/315/810
f 3000/315/811 2998/315/1977 2999/315/810
f 2998/315/1977 3000/315/811 3001/315/811
f 3002/309/1978 3003/309/1978 3004/309/1978
f 3003/309/1979 3002/309/1980 3005/327/1981
f 3003/309/1979 3005/327/1981 3006/327/1982
f 3003/309/1979 3006/327/1982 3007/309/1983
f 3007/309/1983 3006/327/1982 3008/309/1984
f 3008/309/1984 3009/309/1985 3007/309/1983
f 3006/327/1982 3010/327/1986 3008/309/1984
f 3008/309/1984 3011/309/1987 3009/309/1985
f 3012/319/1988 3009/309/1985 3011/309/1987
f 3009/309/1985 3012/319/1988 3013/319/1989
f 3014/319/1990 3013/319/1989 3012/319/1988
f 3013/319/1989 3014/319/1990 3015/319/1991
f 3016/319/1992 3015/319/1991 3014/319/1990
f 3017/319/1993 3016/319/1992 3014/319/1990
f 3017/319/1993 3018/319/1994 3016/319/1992
f 3018/319/1994 3017/319/1993 3019/319/1995
f 3019/319/1995 3020/319/1996 3018/319/1994
f 3020/319/1996 3019/319/1995 3021/319/1997
f 3022/319/1998 3020/319/1996 3021/319/1997
f 3022/319/1998 3023/319/1998 3020/319/1996
f 3024/319/1999 3023/319/1998 3022/319/1998
f 3024/319/1999 3025/319/2000 3023/319/1998
f 3026/319/2001 3025/319/2000 3024/319/1999
f 3026/319/2001 3027/319/2001 3025/319/2000
f 3028/319/2002 3027/319/2001 3026/319/2001
f 3027/319/2001 3028/319/2002 3029/319/2003
f 3030/319/2004 3029/319/2003 3028/319/2002
f 3029/319/2003 3030/319/2004 3031/319/2005
f 3032/320/2006 3031/319/2005 3030/319/2004
f 3031/319/2005 3032/320/2006 3033/320/2007
f 3034/320/2008 3033/320/2007 3032/320/2006
f 3033/320/2007 3034/320/2008 3035/320/2008
f 3036/273/2009 3035/320/2008 3034/320/2008
f 3035/320/2008 3036/273/2009 3037/273/2010
f 3038/273/2011 3037/273/2010 3036/273/2009
f 3038/273/2011 3039/273/2012 3037/273/2010
f 3040/273/2013 3039/273/2012 3038/273/2011
f 3041/273/2014 3039/273/2012 3040/273/2013
f 3040/273/2013 3042/322/2015 3041/273/2014
f 3042/322/2015 3040/273/2013 3043/322/2016
f 3044/322/2017 3042/322/2015 3043/322/2016
f 3042/322/2015 3044/322/2017 3045/322/2018
f 3044/322/2017 3046/322/2019 3045/322/2018
f 3044/322/2017 3043/322/2016 3047/322/2020
f 3048/322/2021 3047/322/2020 3043/322/2016
f 3046/322/2019 3044/322/2017 3049/322/2022
f 3049/322/2022 3044/322/2017 3047/322/2020
f 3050/322/1818 3048/322/2021 3051/322/2023
f 3050/322/1818 3052/322/1629 3048/322/2021
f 3053/322/1816 3052/322/1629 3050/322/1818
f 3047/322/2020 3048/322/2021 3052/322/1629
f 3054/322/2024 3047/322/2020 3052/322/1629
f 3047/322/2020 3054/322/2024 3055/322/2025
f 3055/322/2025 3049/322/2022 3047/322/2020
f 3054/322/2024 3056/322/2026 3055/322/2025
f 3056/322/2026 3049/322/2022 3055/322/2025
f 3056/322/2026 3054/322/2024 3057/273/2024
f 3054/322/2024 3058/322/2027 3057/273/2024
f 3057/273/2024 3058/322/2027 3059/322/844
f 3060/273/2028 3057/273/2024 3059/322/844
f 3057/273/2024 3060/273/2028 3056/322/2026
f 3059/322/844 3061/273/841 3060/273/2028
f 3049/322/2022 3056/322/2026 3062/273/2029
f 3060/273/2028 3062/273/2029 3056/322/2026
f 3063/273/2019 3049/322/2022 3062/273/2029
f 3049/322/2022 3063/273/2019 3046/322/2019
f 3063/273/2019 3064/273/2030 3046/322/2019
f 3064/273/2030 3063/273/2019 3065/273/2031
f 3065/273/2031 3066/273/2032 3064/273/2030
f 3067/273/2032 3064/273/2030 3066/273/2032
f 3062/273/2029 3060/273/2028 3068/273/2033
f 3060/273/2028 3061/273/841 3068/273/2033
f 3069/320/2034 3062/273/2029 3068/273/2033
f 3068/273/2033 3061/273/841 3070/273/2035
f 3068/273/2033 3071/320/2036 3069/320/2034
f 3068/273/2033 3070/273/2035 3071/320/2036
f 3071/320/2036 3072/320/2037 3069/320/2034
f 3071/320/2036 3070/273/2035 3073/320/836
f 3072/320/2037 3071/320/2036 3074/319/2038
f 3071/320/2036 3073/320/836 3074/319/2038
f 3072/320/2037 3074/319/2038 3075/319/2039
f 3074/319/2038 3073/320/836 3076/319/833
f 3074/319/2038 3076/319/833 3077/319/2040
f 3074/319/2038 3077/319/2040 3075/319/2039
f 3077/319/2040 3076/319/833 3078/319/832
f 3077/319/2040 3078/319/832 3079/319/2041
f 3080/319/2042 3079/319/2041 3081/319/2043
f 3079/319/2041 3080/319/2042 3077/319/2040
f 3082/319/2044 3077/319/2040 3080/319/2042
f 3083/319/2045 3075/319/2039 3077/319/2040
f 3077/319/2040 3082/319/2044 3083/319/2045
f 3084/309/1601 3083/319/2045 3082/319/2044
f 3075/319/2039 3083/319/2045 3085/319/2046
f 3086/309/2047 3085/319/2046 3083/319/2045
f 3085/319/2046 3086/309/2047 3087/309/2048
f 3088/309/2049 3087/309/2048 3086/309/2047
f 3086/309/2047 3089/309/2050 3088/309/2049
f 3089/309/2050 3086/309/2047 3090/309/2051
f 3088/309/2049 3089/309/2050 3091/327/2052
f 3091/327/2052 3089/309/2050 3092/327/2052
f 3093/327/2053 3094/321/2054 3095/327/2055
f 3094/321/2054 3093/327/2053 3096/327/2056
f 3093/327/2053 3097/321/2057 3096/327/2056
f 3097/321/2057 3093/327/2053 3098/327/2058
f 3098/327/2058 3099/321/2059 3097/321/2057
f 3099/321/2059 3098/327/2058 3100/321/2059
f 3101/321/2060 3099/321/2059 3100/321/2059
f 3101/321/2060 3102/321/2061 3099/321/2059
f 3103/321/2062 3102/321/2061 3101/321/2060
f 3103/321/2062 3104/321/2062 3102/321/2061
f 3105/327/2063 3104/321/2062 3103/321/2062
f 3105/327/2063 3106/321/2064 3104/321/2062
f 3107/327/2065 3106/321/2064 3105/327/2063
f 3107/327/2065 3108/327/2065 3106/321/2064
f 3109/327/2066 3108/327/2065 3107/327/2065
f 3108/327/2065 3109/327/2066 3110/327/2067
f 3111/327/2068 3110/327/2067 3109/327/2066
f 3110/327/2067 3111/327/2068 3112/327/2069
f 3113/309/2070 3112/327/2069 3111/327/2068
f 3112/327/2069 3113/309/2070 3114/327/2071
f 3115/309/2072 3114/327/2071 3113/309/2070
f 3114/327/2071 3115/309/2072 3116/309/2073
f 3117/319/2074 3116/309/2073 3115/309/2072
f 3116/309/2073 3117/319/2074 3118/309/2074
f 3117/319/2074 3119/319/2075 3118/309/2074
f 3120/319/2076 3119/319/2075 3117/319/2074
f 3121/320/2077 3119/319/2075 3120/319/2076
f 3119/319/2075 3121/320/2077 3122/319/2077
f 3123/334/978 3124/336/337 3125/336/337
f 3124/336/337 3123/334/978 3126/334/976
f 3123/334/978 3127/334/974 3126/334/976
f 3127/334/974 3123/334/978 3128/334/974
f 3127/334/974 3128/334/974 3129/334/2078
f 3130/334/972 3129/334/2078 3128/334/974
f 3131/334/971 3129/334/2078 3130/334/972
f 3131/334/971 3132/334/2079 3129/334/2078
f 3131/334/971 3133/334/970 3132/334/2079
f 3133/334/970 3131/334/971 3134/334/970
f 3134/334/970 3135/334/970 3133/334/970
f 3135/334/970 3134/334/970 3136/334/970
f 3135/334/970 3136/334/970 3137/334/14
f 3138/334/14 3137/334/14 3136/334/970
f 3139/334/965 3137/334/14 3138/334/14
f 3139/334/965 3140/334/966 3137/334/14
f 3139/334/965 3141/334/963 3140/334/966
f 3141/334/963 3139/334/965 3142/334/963
f 3143/334/962 3141/334/963 3142/334/963
f 3143/334/962 3144/334/962 3141/334/963
f 3143/334/962 3145/334/416 3144/334/962
f 3145/334/416 3143/334/962 3146/334/416
f 3147/334/961 3145/334/416 3146/334/416
f 3147/334/961 3148/334/961 3145/334/416
f 3147/334/961 3149/334/960 3148/334/961
f 3147/334/961 3150/334/960 3149/334/960
f 3151/334/959 3149/334/960 3150/334/960
f 3152/334/959 3149/334/960 3151/334/959
f 3153/334/2080 3152/334/959 3151/334/959
f 3154/334/959 3153/334/2080 3151/334/959
f 3155/334/957 3153/334/2080 3154/334/959
f 3155/334/957 3156/334/957 3153/334/2080
f 3156/334/957 3155/334/957 3157/334/980
f 3157/334/980 3158/334/957 3156/334/957
f 3159/338/956 3158/334/957 3157/334/980
f 3159/338/956 3160/338/956 3158/334/957
f 3161/338/981 3160/338/956 3159/338/956
f 3162/338/982 3161/338/981 3159/338/956
f 3163/338/983 3161/338/981 3162/338/982
f 3163/338/983 3164/338/951 3161/338/981
f 3165/338/950 3164/338/951 3163/338/983
f 3164/338/951 3165/338/950 3166/338/950
f 3165/338/950 3167/334/336 3166/338/950
f 3167/334/336 3165/338/950 3168/334/336
f 3169/334/573 3170/334/573 3171/334/977
f 3170/334/573 3169/334/573 3172/334/573
f 3173/336/573 3170/334/573 3172/334/573
f 3170/334/573 3173/336/573 3174/336/573
f 3175/338/949 3176/334/336 3177/334/336
f 3176/334/336 3175/338/949 3178/338/950
f 3175/338/949 3179/338/983 3178/338/950
f 3179/338/983 3175/338/949 3180/338/952
f 3180/338/952 3181/338/954 3179/338/983
f 3181/338/954 3180/338/952 3182/338/954
f 3182/338/954 3183/338/956 3181/338/954
f 3181/338/954 3183/338/956 3184/338/956
f 3184/338/956 3183/338/956 3185/334/957
f 3186/334/957 3185/334/957 3183/338/956
f 3187/334/957 3185/334/957 3186/334/957
f 3185/334/957 3187/334/957 3188/334/957
f 3187/334/957 3189/334/959 3188/334/957
f 3189/334/959 3187/334/957 3190/334/959
f 3190/334/959 3191/334/959 3189/334/959
f 3191/334/959 3190/334/959 3192/334/959
f 3193/334/960 3191/334/959 3192/334/959
f 3191/334/959 3193/334/960 3194/334/960
f 3193/334/960 3195/334/961 3194/334/960
f 3195/334/961 3193/334/960 3196/334/961
f 3197/334/416 3195/334/961 3196/334/961
f 3195/334/961 3197/334/416 3198/334/416
f 3198/334/416 3197/334/416 3199/334/962
f 3198/334/416 3199/334/962 3200/334/962
f 3199/334/962 3201/334/963 3200/334/962
f 3201/334/963 3199/334/962 3202/334/963
f 3201/334/963 3202/334/963 3203/334/965
f 3201/334/963 3203/334/965 3204/334/966
f 3203/334/965 3205/334/14 3204/334/966
f 3205/334/14 3203/334/965 3206/334/967
f 3205/334/14 3206/334/967 3207/334/970
f 3205/334/14 3207/334/970 3208/334/970
f 3208/334/970 3207/334/970 3209/334/970
f 3208/334/970 3209/334/970 3210/334/970
f 3210/334/970 3209/334/970 3211/334/971
f 3210/334/970 3211/334/971 3212/334/2079
f 3211/334/971 3213/334/972 3212/334/2079
f 3213/334/972 3211/334/971 3214/334/979
f 3213/334/972 3214/334/979 3215/334/77
f 3213/334/972 3215/334/77 3216/334/77
f 3217/334/976 3216/334/77 3215/334/77
f 3216/334/77 3217/334/976 3218/334/976
f 3217/334/976 3219/336/337 3218/334/976
f 3219/336/337 3217/334/976 3220/336/337
f 3221/334/327 3222/334/573 3223/334/984
f 3222/334/573 3221/334/327 3224/334/573
f 3225/336/573 3222/334/573 3224/334/573
f 3222/334/573 3225/336/573 3226/336/573
f 3227/327/2081 3228/309/2082 3229/309/2082
f 3228/309/2082 3227/327/2081 3230/327/2083
f 3227/327/2081 3231/327/2084 3230/327/2083
f 3231/327/2084 3227/327/2081 3232/327/2084
f 3233/327/2085 3231/327/2084 3232/327/2084
f 3231/327/2084 3233/327/2085 3234/327/2085
f 3233/327/2085 3235/327/2086 3234/327/2085
f 3236/327/2087 3235/327/2086 3233/327/2085
f 3237/309/2088 3235/327/2086 3236/327/2087
f 3235/327/2086 3237/309/2088 3238/309/2088
f 3239/327/53 3240/327/53 3241/327/53
f 3242/327/53 3240/327/53 3239/327/53
f 3243/309/53 3240/327/53 3242/327/53
f 3240/327/53 3243/309/53 3244/309/53
f 3245/327/107 3246/309/107 3247/309/107
f 3247/309/107 3248/327/107 3245/327/107
f 3245/327/107 3248/327/107 3249/327/107
f 3245/327/107 3249/327/107 3250/327/107
f 3251/308/53 3252/308/53 3253/308/53
f 3251/308/53 3254/308/53 3252/308/53
f 3251/308/53 3255/321/53 3254/308/53
f 3255/321/53 3251/308/53 3256/321/53
f 3257/321/107 3258/308/107 3259/321/107
f 3259/321/107 3258/308/107 3260/308/107
f 3260/308/107 3258/308/107 3261/308/107
f 3258/308/107 3262/308/107 3261/308/107
f 3263/309/53 3264/327/53 3265/309/53
f 3265/309/53 3264/327/53 3266/327/53
f 3266/327/53 3264/327/53 3267/327/53
f 3267/327/53 3264/327/53 3268/327/53
f 3269/308/53 3270/308/53 3271/308/53
f 3270/308/53 3269/308/53 3272/308/53
f 3269/308/53 3273/321/53 3272/308/53
f 3274/321/53 3273/321/53 3269/308/53
f 3275/309/2089 3276/309/2089 3277/309/2089
f 3275/309/388 3277/309/2090 3278/309/1824
f 3278/309/1824 3279/309/316 3275/309/388
f 3280/309/974 3278/309/1824 3277/309/2090
f 3278/309/1824 3280/309/974 3281/309/2091
f 3282/309/2092 3278/309/1824 3281/309/2091
f 3283/309/2093 3281/309/2091 3280/309/974
f 3281/309/2091 3284/309/2094 3282/309/2092
f 3281/309/2091 3283/309/2093 3285/309/2095
f 3285/309/2095 3284/309/2094 3281/309/2091
f 3284/309/2094 3286/309/2096 3282/309/2092
f 3282/309/2092 3286/309/2096 3287/309/1823
f 3286/309/2096 3284/309/2094 3288/309/2097
f 3288/309/2097 3287/309/1823 3286/309/2096
f 3284/309/2094 3285/309/2095 3289/309/2098
f 3289/309/2098 3288/309/2097 3284/309/2094
f 3285/309/2095 3283/309/2093 3290/327/2099
f 3290/327/2099 3283/309/2093 3291/327/355
f 3285/309/2095 3292/327/2098 3289/309/2098
f 3292/327/2098 3285/309/2095 3290/327/2099
f 3288/309/2097 3289/309/2098 3293/309/2100
f 3287/309/1823 3288/309/2097 3294/309/2101
f 3293/309/2100 3294/309/2101 3288/309/2097
f 3294/309/2101 3295/309/2102 3287/309/1823
f 3289/309/2098 3296/327/2100 3293/309/2100
f 3296/327/2100 3289/309/2098 3292/327/2098
f 3294/309/2101 3293/309/2100 3297/309/2103
f 3294/309/2101 3298/309/2104 3295/309/2102
f 3298/309/2104 3299/309/2105 3295/309/2102
f 3294/309/2101 3297/309/2103 3300/309/2106
f 3298/309/2104 3294/309/2101 3300/309/2106
f 3293/309/2100 3301/327/2107 3297/309/2103
f 3301/327/2107 3300/309/2106 3297/309/2103
f 3301/327/2107 3293/309/2100 3296/327/2100
f 3302/309/2108 3298/309/2104 3300/309/2106
f 3300/309/2106 3301/327/2107 3303/327/2109
f 3303/327/2109 3302/309/2108 3300/309/2106
f 3296/327/2100 3304/327/2110 3301/327/2107
f 3304/327/2110 3303/327/2109 3301/327/2107
f 3298/309/2104 3302/309/2108 3305/309/2111
f 3299/309/2105 3298/309/2104 3305/309/2111
f 3303/327/2109 3304/327/2110 3306/327/2112
f 3305/309/2111 3307/309/2113 3299/309/2105
f 3308/309/2114 3299/309/2105 3307/309/2113
f 3309/327/2115 3303/327/2109 3306/327/2112
f 3310/327/2116 3306/327/2112 3304/327/2110
f 3309/327/2115 3306/327/2112 3310/327/2116
f 3304/327/2110 3296/327/2100 3311/327/2117
f 3310/327/2116 3304/327/2110 3311/327/2117
f 3296/327/2100 3312/327/2118 3311/327/2117
f 3296/327/2100 3292/327/2098 3312/327/2118
f 3311/327/2117 3312/327/2118 3313/327/2119
f 3310/327/2116 3311/327/2117 3313/327/2119
f 3312/327/2118 3292/327/2098 3314/327/2120
f 3312/327/2118 3314/327/2120 3313/327/2119
f 3314/327/2120 3292/327/2098 3290/327/2099
f 3315/327/2121 3313/327/2119 3314/327/2120
f 3290/327/2099 3315/327/2121 3314/327/2120
f 3316/327/2122 3310/327/2116 3313/327/2119
f 3315/327/2121 3290/327/2099 3317/327/1001
f 3291/327/355 3317/327/1001 3290/327/2099
f 3317/327/1001 3291/327/355 3318/327/2123
f 3317/327/1001 3318/327/2123 3319/327/1003
f 3319/327/1003 3315/327/2121 3317/327/1001
f 3320/327/904 3319/327/1003 3318/327/2123
f 3321/327/2122 3313/327/2119 3315/327/2121
f 3315/327/2121 3319/327/1003 3321/327/2122
f 3313/327/2119 3321/327/2122 3316/327/2122
f 3319/327/1003 3320/327/904 3322/321/905
f 3322/321/905 3321/327/2122 3319/327/1003
f 3323/321/2124 3322/321/905 3320/327/904
f 3321/327/2122 3322/321/905 3324/321/2125
f 3322/321/905 3323/321/2124 3325/321/2126
f 3325/321/2126 3324/321/2125 3322/321/905
f 3326/321/225 3325/321/2126 3323/321/2124
f 3321/327/2122 3324/321/2125 3327/321/2127
f 3321/327/2122 3327/321/2127 3316/327/2122
f 3324/321/2125 3325/321/2126 3328/321/2128
f 3328/321/2128 3327/321/2127 3324/321/2125
f 3325/321/2126 3326/321/225 3329/308/2129
f 3329/308/2129 3328/321/2128 3325/321/2126
f 3330/308/2130 3329/308/2129 3326/321/225
f 3327/321/2127 3331/327/1172 3316/327/2122
f 3310/327/2116 3316/327/2122 3331/327/1172
f 3330/308/2130 3332/308/2131 3329/308/2129
f 3332/308/2131 3330/308/2130 3333/308/913
f 3334/308/2132 3333/308/913 3335/308/2133
f 3333/308/913 3334/308/2132 3332/308/2131
f 3336/308/2134 3334/308/2132 3337/308/2135
f 3336/308/2134 3332/308/2131 3334/308/2132
f 3332/308/2131 3338/308/2136 3329/308/2129
f 3338/308/2136 3332/308/2131 3336/308/2134
f 3329/308/2129 3338/308/2136 3339/321/2137
f 3328/321/2128 3329/308/2129 3339/321/2137
f 3340/308/2138 3338/308/2136 3336/308/2134
f 3341/321/2139 3339/321/2137 3338/308/2136
f 3341/321/2139 3338/308/2136 3340/308/2138
f 3342/321/2140 3328/321/2128 3339/321/2137
f 3339/321/2137 3341/321/2139 3342/321/2140
f 3328/321/2128 3342/321/2140 3343/321/2141
f 3327/321/2127 3328/321/2128 3343/321/2141
f 3341/321/2139 3344/321/382 3342/321/2140
f 3343/321/2141 3345/327/1171 3327/321/2127
f 3331/327/1172 3327/321/2127 3345/327/1171
f 3342/321/2140 3346/321/383 3343/321/2141
f 3346/321/383 3342/321/2140 3344/321/382
f 3345/327/1171 3343/321/2141 3346/321/383
f 3344/321/382 3341/321/2139 3347/321/2142
f 3340/308/2138 3347/321/2142 3341/321/2139
f 3348/321/2143 3344/321/382 3347/321/2142
f 3347/321/2142 3340/308/2138 3349/308/2144
f 3347/321/2142 3350/308/1159 3348/321/2143
f 3350/308/1159 3347/321/2142 3349/308/2144
f 3336/308/2134 3351/308/2145 3340/308/2138
f 3349/308/2144 3340/308/2138 3351/308/2145
f 3336/308/2134 3352/308/1423 3351/308/2145
f 3353/308/1130 3351/308/2145 3352/308/1423
f 3351/308/2145 3353/308/1130 3354/308/2146
f 3354/308/2146 3349/308/2144 3351/308/2145
f 3355/321/1154 3354/308/2146 3353/308/1130
f 3349/308/2144 3356/308/2147 3350/308/1159
f 3356/308/2147 3349/308/2144 3354/308/2146
f 3357/308/2148 3350/308/1159 3356/308/2147
f 3357/308/2148 3348/321/2143 3350/308/1159
f 3358/321/2149 3356/308/2147 3354/308/2146
f 3354/308/2146 3355/321/1154 3358/321/2149
f 3358/321/2149 3357/308/2148 3356/308/2147
f 3359/308/2150 3358/321/2149 3355/321/1154
f 3360/308/1153 3359/308/2150 3355/321/1154
f 3361/321/327 3359/308/2150 3360/308/1153
f 3359/308/2150 3361/321/327 3362/321/2151
f 3363/321/1148 3362/321/2151 3361/321/327
f 3364/321/107 3358/321/2149 3359/308/2150
f 3362/321/2151 3364/321/107 3359/308/2150
f 3357/308/2148 3358/321/2149 3365/321/107
f 3358/321/2149 3364/321/107 3365/321/107
f 3363/321/1148 3366/321/2152 3362/321/2151
f 3364/321/107 3362/321/2151 3367/321/695
f 3366/321/2152 3367/321/695 3362/321/2151
f 3368/308/2153 3366/321/2152 3363/321/1148
f 3369/308/905 3368/308/2153 3363/321/1148
f 3370/321/107 3367/321/695 3366/321/2152
f 3371/308/2154 3368/308/2153 3369/308/905
f 3372/308/2155 3371/308/2154 3369/308/905
f 3366/321/2152 3368/308/2153 3373/321/695
f 3366/321/2152 3373/321/695 3370/321/107
f 3368/308/2153 3374/308/107 3373/321/695
f 3374/308/107 3368/308/2153 3371/308/2154
f 3370/321/107 3373/321/695 3375/321/107
f 3374/308/107 3375/321/107 3373/321/695
f 3370/321/107 3376/321/107 3367/321/695
f 3370/321/107 3375/321/107 3376/321/107
f 3376/321/107 3364/321/107 3367/321/695
f 3371/308/2154 3377/308/107 3374/308/107
f 3364/321/107 3376/321/107 3378/321/107
f 3378/321/107 3365/321/107 3364/321/107
f 3379/308/2156 3371/308/2154 3372/308/2155
f 3377/308/107 3371/308/2154 3379/308/2156
f 3380/308/325 3379/308/2156 3372/308/2155
f 3374/308/107 3377/308/107 3381/321/107
f 3375/321/107 3374/308/107 3381/321/107
f 3379/308/2156 3382/308/107 3377/308/107
f 3381/321/107 3377/308/107 3382/308/107
f 3383/308/2157 3379/308/2156 3380/308/325
f 3382/308/107 3379/308/2156 3383/308/2157
f 3384/308/1142 3383/308/2157 3380/308/325
f 3385/308/2158 3383/308/2157 3384/308/1142
f 3386/308/573 3385/308/2158 3384/308/1142
f 3387/308/1140 3385/308/2158 3386/308/573
f 3383/308/2157 3388/308/107 3382/308/107
f 3388/308/107 3383/308/2157 3385/308/2158
f 3387/308/1140 3389/308/2159 3385/308/2158
f 3389/308/2159 3388/308/107 3385/308/2158
f 3390/321/1138 3389/308/2159 3387/308/1140
f 3391/327/107 3382/308/107 3388/308/107
f 3382/308/107 3391/327/107 3381/321/107
f 3388/308/107 3389/308/2159 3392/321/107
f 3392/321/107 3391/327/107 3388/308/107
f 3390/321/1138 3393/321/2160 3389/308/2159
f 3393/321/2160 3392/321/107 3389/308/2159
f 3394/321/1136 3393/321/2160 3390/321/1138
f 3391/327/107 3392/321/107 3395/327/107
f 3394/321/1136 3396/321/2161 3393/321/2160
f 3397/321/1134 3396/321/2161 3394/321/1136
f 3392/321/107 3393/321/2160 3398/321/107
f 3396/321/2161 3398/321/107 3393/321/2160
f 3395/327/107 3392/321/107 3398/321/107
f 3396/321/2161 3397/321/1134 3399/321/2162
f 3400/327/2163 3399/321/2162 3397/321/1134
f 3398/321/107 3396/321/2161 3401/321/107
f 3396/321/2161 3399/321/2162 3401/321/107
f 3401/321/107 3395/327/107 3398/321/107
f 3399/321/2162 3400/327/2163 3402/327/2164
f 3401/321/107 3399/321/2162 3403/327/107
f 3399/321/2162 3402/327/2164 3403/327/107
f 3404/327/107 3401/321/107 3403/327/107
f 3401/321/107 3404/327/107 3395/327/107
f 3402/327/2164 3405/327/107 3403/327/107
f 3405/327/107 3404/327/107 3403/327/107
f 3400/327/2163 3406/327/2165 3402/327/2164
f 3406/327/2165 3400/327/2163 3407/327/2166
f 3408/327/558 3406/327/2165 3407/327/2166
f 3409/327/695 3405/327/107 3402/327/2164
f 3409/327/695 3402/327/2164 3406/327/2165
f 3410/327/2167 3406/327/2165 3408/327/558
f 3411/309/1121 3410/327/2167 3408/327/558
f 3406/327/2165 3412/327/107 3409/327/695
f 3412/327/107 3406/327/2165 3410/327/2167
f 3413/327/107 3405/327/107 3409/327/695
f 3412/327/107 3413/327/107 3409/327/695
f 3404/327/107 3405/327/107 3413/327/107
f 3410/327/2167 3414/309/2168 3412/327/107
f 3410/327/2167 3411/309/1121 3414/309/2168
f 3413/327/107 3415/327/1592 3404/327/107
f 3411/309/1121 3416/309/2169 3414/309/2168
f 3416/309/2169 3411/309/1121 3417/309/1114
f 3418/327/2170 3404/327/107 3415/327/1592
f 3404/327/107 3418/327/2170 3395/327/107
f 3415/327/1592 3413/327/107 3419/309/2171
f 3420/327/2172 3395/327/107 3418/327/2170
f 3395/327/107 3420/327/2172 3391/327/107
f 3420/327/2172 3381/321/107 3391/327/107
f 3421/309/2173 3415/327/1592 3419/309/2171
f 3415/327/1592 3421/309/2173 3422/327/2174
f 3423/309/107 3419/309/2171 3413/327/107
f 3413/327/107 3412/327/107 3423/309/107
f 3419/309/2171 3424/309/2175 3421/309/2173
f 3419/309/2171 3423/309/107 3425/309/2176
f 3426/309/107 3423/309/107 3412/327/107
f 3412/327/107 3414/309/2168 3426/309/107
f 3423/309/107 3427/309/107 3425/309/2176
f 3423/309/107 3426/309/107 3427/309/107
f 3425/309/2176 3427/309/107 3428/309/2177
f 3429/309/107 3427/309/107 3426/309/107
f 3430/309/2178 3425/309/2176 3428/309/2177
f 3425/309/2176 3430/309/2178 3424/309/2175
f 3428/309/2177 3427/309/107 3431/319/2179
f 3429/309/107 3431/319/2179 3427/309/107
f 3428/309/2177 3432/319/2180 3430/309/2178
f 3431/319/2179 3432/319/2180 3428/309/2177
f 3424/309/2175 3430/309/2178 3433/309/213
f 3432/319/2180 3431/319/2179 3434/319/2181
f 3435/319/107 3433/309/213 3430/309/2178
f 3430/309/2178 3436/319/2182 3435/319/107
f 3437/319/2183 3432/319/2180 3434/319/2181
f 3432/319/2180 3437/319/2183 3438/319/1620
f 3434/319/2181 3431/319/2179 3439/309/2184
f 3434/319/2181 3439/309/2184 3437/319/2183
f 3431/319/2179 3429/309/107 3439/309/2184
f 3438/319/1620 3437/319/2183 3440/319/2185
f 3441/319/2186 3439/309/2184 3429/309/107
f 3439/309/2184 3442/319/2187 3437/319/2183
f 3442/319/2187 3440/319/2185 3437/319/2183
f 3439/309/2184 3441/319/2186 3443/319/2188
f 3443/319/2188 3442/319/2187 3439/309/2184
f 3441/319/2186 3429/309/107 3444/309/2189
f 3426/309/107 3444/309/2189 3429/309/107
f 3414/309/2168 3444/309/2189 3426/309/107
f 3441/319/2186 3445/319/2190 3443/319/2188
f 3445/319/2190 3441/319/2186 3444/309/2189
f 3442/319/2187 3443/319/2188 3446/319/2188
f 3445/319/2190 3446/319/2188 3443/319/2188
f 3444/309/2189 3414/309/2168 3447/309/2191
f 3414/309/2168 3416/309/2169 3447/309/2191
f 3444/309/2189 3447/309/2191 3448/309/2192
f 3447/309/2191 3416/309/2169 3448/309/2192
f 3448/309/2192 3449/319/134 3444/309/2189
f 3444/309/2189 3449/319/134 3445/319/2190
f 3450/309/2192 3448/309/2192 3416/309/2169
f 3448/309/2192 3451/319/134 3449/319/134
f 3451/319/134 3448/309/2192 3450/309/2192
f 3416/309/2169 3452/309/2193 3450/309/2192
f 3417/309/1114 3452/309/2193 3416/309/2169
f 3452/309/2193 3417/309/1114 3453/309/2194
f 3450/309/2192 3452/309/2193 3454/309/2195
f 3454/309/2195 3451/319/134 3450/309/2192
f 3453/309/2194 3455/319/2196 3452/309/2193
f 3452/309/2193 3455/319/2196 3454/309/2195
f 3455/319/2196 3453/309/2194 3456/319/2197
f 3456/319/2197 3457/319/2198 3455/319/2196
f 3458/319/92 3457/319/2198 3459/319/2043
f 3457/319/2198 3458/319/92 3460/319/2199
f 3460/319/2199 3455/319/2196 3457/319/2198
f 3461/319/832 3460/319/2199 3458/319/92
f 3460/319/2199 3461/319/832 3462/319/2200
f 3462/319/2200 3455/319/2196 3460/319/2199
f 3463/319/2201 3462/319/2200 3461/319/832
f 3454/309/2195 3455/319/2196 3464/319/2202
f 3455/319/2196 3462/319/2200 3464/319/2202
f 3465/319/2203 3454/309/2195 3464/319/2202
f 3451/319/134 3454/309/2195 3465/319/2203
f 3462/319/2200 3466/319/2204 3464/319/2202
f 3465/319/2203 3464/319/2202 3466/319/2204
f 3462/319/2200 3463/319/2201 3467/319/2205
f 3462/319/2200 3467/319/2205 3466/319/2204
f 3468/320/836 3467/319/2205 3463/319/2201
f 3465/319/2203 3466/319/2204 3469/319/2204
f 3465/319/2203 3469/319/2204 3451/319/134
f 3467/319/2205 3468/320/836 3470/320/2206
f 3471/273/839 3470/320/2206 3468/320/836
f 3466/319/2204 3467/319/2205 3472/319/2207
f 3467/319/2205 3470/320/2206 3472/319/2207
f 3466/319/2204 3472/319/2207 3469/319/2204
f 3470/320/2206 3471/273/839 3473/273/2208
f 3474/273/841 3473/273/2208 3471/273/839
f 3475/320/2209 3472/319/2207 3470/320/2206
f 3470/320/2206 3473/273/2208 3475/320/2209
f 3473/273/2208 3474/273/841 3476/273/2210
f 3477/322/844 3476/273/2210 3474/273/841
f 3478/273/2211 3475/320/2209 3473/273/2208
f 3473/273/2208 3476/273/2210 3478/273/2211
f 3479/320/2209 3472/319/2207 3475/320/2209
f 3475/320/2209 3478/273/2211 3479/320/2209
f 3469/319/2204 3472/319/2207 3480/320/2207
f 3472/319/2207 3479/320/2209 3480/320/2207
f 3469/319/2204 3480/320/2207 3481/319/1118
f 3481/319/1118 3451/319/134 3469/319/2204
f 3451/319/134 3481/319/1118 3449/319/134
f 3482/320/1119 3481/319/1118 3480/320/2207
f 3479/320/2209 3482/320/1119 3480/320/2207
f 3481/319/1118 3483/319/1118 3449/319/134
f 3481/319/1118 3482/320/1119 3483/319/1118
f 3449/319/134 3483/319/1118 3445/319/2190
f 3482/320/1119 3479/320/2209 3484/320/75
f 3485/320/1119 3483/319/1118 3482/320/1119
f 3484/320/75 3485/320/1119 3482/320/1119
f 3486/319/2212 3445/319/2190 3483/319/1118
f 3483/319/1118 3485/320/1119 3486/319/2212
f 3487/273/2213 3484/320/75 3479/320/2209
f 3479/320/2209 3478/273/2211 3487/273/2213
f 3485/320/1119 3484/320/75 3488/320/2214
f 3478/273/2211 3489/273/2215 3487/273/2213
f 3489/273/2215 3478/273/2211 3476/273/2210
f 3484/320/75 3487/273/2213 3490/273/1274
f 3491/322/2216 3489/273/2215 3476/273/2210
f 3476/273/2210 3477/322/844 3491/322/2216
f 3492/322/2027 3491/322/2216 3477/322/844
f 3493/273/2217 3484/320/75 3490/273/1274
f 3484/320/75 3493/273/2217 3488/320/2214
f 3491/322/2216 3492/322/2027 3494/322/2218
f 3494/322/2218 3492/322/2027 3495/322/2219
f 3488/320/2214 3493/273/2217 3496/320/2220
f 3496/320/2220 3485/320/1119 3488/320/2214
f 3497/273/2221 3493/273/2217 3490/273/1274
f 3487/273/2213 3497/273/2221 3490/273/1274
f 3498/273/2222 3496/320/2220 3493/273/2217
f 3493/273/2217 3499/273/310 3498/273/2222
f 3485/320/1119 3496/320/2220 3500/320/2223
f 3486/319/2212 3485/320/1119 3500/320/2223
f 3501/273/2224 3496/320/2220 3498/273/2222
f 3502/273/2212 3486/319/2212 3500/320/2223
f 3445/319/2190 3486/319/2212 3502/273/2212
f 3503/273/2223 3500/320/2223 3496/320/2220
f 3501/273/2224 3503/273/2223 3496/320/2220
f 3500/320/2223 3503/273/2223 3502/273/2212
f 3504/273/2225 3501/273/2224 3498/273/2222
f 3501/273/2224 3505/273/2226 3503/273/2223
f 3505/273/2226 3501/273/2224 3504/273/2225
f 3503/273/2223 3506/273/2227 3502/273/2212
f 3506/273/2227 3503/273/2223 3505/273/2226
f 3507/273/2228 3504/273/2225 3498/273/2222
f 3498/273/2222 3499/273/310 3507/273/2228
f 3508/273/2229 3505/273/2226 3504/273/2225
f 3504/273/2225 3507/273/2228 3509/273/2230
f 3509/273/2230 3508/273/2229 3504/273/2225
f 3499/273/310 3510/273/2231 3507/273/2228
f 3510/273/2231 3509/273/2230 3507/273/2228
f 3505/273/2226 3508/273/2229 3511/273/1599
f 3511/273/1599 3506/273/2227 3505/273/2226
f 3512/273/2232 3508/273/2229 3509/273/2230
f 3513/273/2229 3511/273/1599 3508/273/2229
f 3508/273/2229 3512/273/2232 3513/273/2229
f 3506/273/2227 3511/273/1599 3514/273/558
f 3509/273/2230 3515/273/2233 3512/273/2232
f 3510/273/2231 3515/273/2233 3509/273/2230
f 3513/273/2229 3512/273/2232 3516/273/2234
f 3515/273/2233 3516/273/2234 3512/273/2232
f 3511/273/1599 3513/273/2229 3517/273/2235
f 3516/273/2234 3517/273/2235 3513/273/2229
f 3517/273/2235 3514/273/558 3511/273/1599
f 3517/273/2235 3516/273/2234 3518/273/2236
f 3514/273/558 3517/273/2235 3519/273/574
f 3518/273/2236 3519/273/574 3517/273/2235
f 3514/273/558 3520/273/2237 3506/273/2227
f 3506/273/2227 3520/273/2237 3502/273/2212
f 3519/273/574 3521/273/2238 3514/273/558
f 3520/273/2237 3514/273/558 3521/273/2238
f 3520/273/2237 3522/273/2239 3502/273/2212
f 3445/319/2190 3502/273/2212 3522/273/2239
f 3523/320/19 3520/273/2237 3521/273/2238
f 3523/320/19 3522/273/2239 3520/273/2237
f 3522/273/2239 3524/319/25 3445/319/2190
f 3524/319/25 3522/273/2239 3523/320/19
f 3446/319/2188 3445/319/2190 3524/319/25
f 3523/320/19 3521/273/2238 3525/273/19
f 3523/320/19 3525/273/19 3526/320/336
f 3525/273/19 3521/273/2238 3519/273/574
f 3524/319/25 3527/319/2240 3446/319/2188
f 3527/319/2240 3442/319/2187 3446/319/2188
f 3527/319/2240 3524/319/25 3528/320/23
f 3442/319/2187 3527/319/2240 3440/319/2185
f 3525/273/19 3519/273/574 3529/273/2241
f 3519/273/574 3518/273/2236 3529/273/2241
f 3529/273/2241 3530/273/1612 3525/273/19
f 3528/320/23 3531/320/2242 3527/319/2240
f 3528/320/23 3532/320/5 3531/320/2242
f 3533/319/2243 3527/319/2240 3531/320/2242
f 3534/320/107 3531/320/2242 3532/320/5
f 3531/320/2242 3534/320/107 3533/319/2243
f 3533/319/2243 3535/319/2244 3527/319/2240
f 3534/320/107 3535/319/2244 3533/319/2243
f 3527/319/2240 3535/319/2244 3440/319/2185
f 3536/273/107 3534/320/107 3532/320/5
f 3537/319/2245 3440/319/2185 3535/319/2244
f 3440/319/2185 3537/319/2245 3438/319/1620
f 3436/319/2182 3438/319/1620 3537/319/2245
f 3535/319/2244 3534/320/107 3538/319/107
f 3538/319/107 3537/319/2245 3535/319/2244
f 3536/273/107 3538/319/107 3534/320/107
f 3537/319/2245 3539/319/107 3436/319/2182
f 3539/319/107 3435/319/107 3436/319/2182
f 3540/319/107 3537/319/2245 3538/319/107
f 3539/319/107 3537/319/2245 3540/319/107
f 3539/319/107 3541/320/107 3435/319/107
f 3541/320/107 3433/309/213 3435/319/107
f 3542/320/107 3539/319/107 3540/319/107
f 3541/320/107 3539/319/107 3542/320/107
f 3543/273/107 3540/319/107 3538/319/107
f 3538/319/107 3536/273/107 3543/273/107
f 3540/319/107 3544/320/107 3542/320/107
f 3540/319/107 3543/273/107 3544/320/107
f 3541/320/107 3542/320/107 3545/320/2246
f 3544/320/107 3546/320/2247 3542/320/107
f 3545/320/2246 3542/320/107 3546/320/2247
f 3547/319/433 3541/320/107 3545/320/2246
f 3548/319/107 3541/320/107 3547/319/433
f 3433/309/213 3541/320/107 3548/319/107
f 3549/319/2248 3548/319/107 3547/319/433
f 3548/319/107 3550/309/107 3433/309/213
f 3433/309/213 3550/309/107 3424/309/2175
f 3421/309/2173 3424/309/2175 3550/309/107
f 3548/319/107 3549/319/2248 3551/319/107
f 3551/319/107 3550/309/107 3548/319/107
f 3552/309/2249 3551/319/107 3549/319/2248
f 3550/309/107 3553/327/107 3421/309/2173
f 3551/319/107 3553/327/107 3550/309/107
f 3422/327/2174 3421/309/2173 3553/327/107
f 3551/319/107 3552/309/2249 3554/309/107
f 3553/327/107 3551/319/107 3554/309/107
f 3555/309/1960 3554/309/107 3552/309/2249
f 3553/327/107 3556/327/107 3422/327/2174
f 3554/309/107 3556/327/107 3553/327/107
f 3554/309/107 3555/309/1960 3557/309/214
f 3557/309/214 3556/327/107 3554/309/107
f 3558/327/2250 3422/327/2174 3556/327/107
f 3418/327/2170 3422/327/2174 3558/327/2250
f 3558/327/2250 3420/327/2172 3418/327/2170
f 3556/327/107 3559/327/107 3558/327/2250
f 3556/327/107 3557/309/214 3559/327/107
f 3420/327/2172 3558/327/2250 3560/327/2251
f 3560/327/2251 3558/327/2250 3559/327/107
f 3561/321/2252 3420/327/2172 3560/327/2251
f 3561/321/2252 3560/327/2251 3559/327/107
f 3557/309/214 3562/327/695 3559/327/107
f 3559/327/107 3562/327/695 3561/321/2252
f 3555/309/1960 3563/309/214 3557/309/214
f 3562/327/695 3557/309/214 3563/309/214
f 3563/309/214 3555/309/1960 3564/309/439
f 3420/327/2172 3561/321/2252 3565/321/2253
f 3381/321/107 3420/327/2172 3565/321/2253
f 3565/321/2253 3375/321/107 3381/321/107
f 3566/321/2254 3561/321/2252 3562/327/695
f 3566/321/2254 3565/321/2253 3561/321/2252
f 3375/321/107 3565/321/2253 3567/321/1593
f 3565/321/2253 3566/321/2254 3567/321/1593
f 3567/321/1593 3376/321/107 3375/321/107
f 3376/321/107 3567/321/1593 3568/321/1595
f 3568/321/1595 3378/321/107 3376/321/107
f 3569/321/2255 3567/321/1593 3566/321/2254
f 3378/321/107 3568/321/1595 3570/321/2256
f 3562/327/695 3571/327/695 3566/321/2254
f 3569/321/2255 3566/321/2254 3571/327/695
f 3562/327/695 3563/309/214 3571/327/695
f 3570/321/2256 3572/321/695 3378/321/107
f 3365/321/107 3378/321/107 3572/321/695
f 3572/321/695 3570/321/2256 3573/327/1670
f 3574/321/107 3365/321/107 3572/321/695
f 3357/308/2148 3365/321/107 3574/321/107
f 3573/327/1670 3575/321/2257 3572/321/695
f 3575/321/2257 3574/321/107 3572/321/695
f 3576/327/2258 3577/327/2259 3573/327/1670
f 3577/327/2259 3575/321/2257 3573/327/1670
f 3574/321/107 3578/321/2148 3357/308/2148
f 3575/321/2257 3577/327/2259 3579/327/2260
f 3574/321/107 3575/321/2257 3580/321/2261
f 3579/327/2260 3580/321/2261 3575/321/2257
f 3580/321/2261 3578/321/2148 3574/321/107
f 3577/327/2259 3581/327/2262 3579/327/2260
f 3579/327/2260 3581/327/2262 3580/321/2261
f 3581/327/2262 3577/327/2259 3582/327/2263
f 3580/321/2261 3581/327/2262 3583/327/2264
f 3582/327/2263 3583/327/2264 3581/327/2262
f 3578/321/2148 3580/321/2261 3584/321/2188
f 3583/327/2264 3584/321/2188 3580/321/2261
f 3578/321/2148 3585/321/2265 3357/308/2148
f 3585/321/2265 3578/321/2148 3584/321/2188
f 3348/321/2143 3357/308/2148 3585/321/2265
f 3586/321/2266 3348/321/2143 3585/321/2265
f 3584/321/2188 3583/327/2264 3587/321/2188
f 3587/321/2188 3585/321/2265 3584/321/2188
f 3583/327/2264 3582/327/2263 3588/327/2267
f 3588/327/2267 3587/321/2188 3583/327/2264
f 3589/327/1675 3588/327/2267 3582/327/2263
f 3585/321/2265 3587/321/2188 3590/321/350
f 3587/321/2188 3588/327/2267 3591/321/329
f 3592/321/355 3590/321/350 3587/321/2188
f 3587/321/2188 3591/321/329 3592/321/355
f 3590/321/350 3593/327/2268 3585/321/2265
f 3591/321/329 3588/327/2267 3594/327/329
f 3588/327/2267 3589/327/1675 3594/327/329
f 3593/327/2268 3590/321/350 3595/327/355
f 3595/327/355 3590/321/350 3592/321/355
f 3593/327/2268 3596/321/2269 3585/321/2265
f 3585/321/2265 3596/321/2269 3586/321/2266
f 3595/327/355 3597/309/2270 3593/327/2268
f 3598/321/383 3586/321/2266 3596/321/2269
f 3346/321/383 3586/321/2266 3598/321/383
f 3598/321/383 3345/327/1171 3346/321/383
f 3596/321/2269 3593/327/2268 3599/327/2271
f 3597/309/2270 3599/327/2271 3593/327/2268
f 3598/321/383 3596/321/2269 3600/321/2272
f 3596/321/2269 3599/327/2271 3600/321/2272
f 3345/327/1171 3598/321/383 3601/327/2273
f 3602/327/2274 3598/321/383 3600/321/2272
f 3598/321/383 3602/327/2274 3601/327/2273
f 3603/327/2272 3600/321/2272 3599/327/2271
f 3600/321/2272 3603/327/2272 3602/327/2274
f 3597/309/2270 3604/309/2275 3599/327/2271
f 3604/309/2275 3603/327/2272 3599/327/2271
f 3605/309/2276 3604/309/2275 3597/309/2270
f 3595/327/355 3605/309/2276 3597/309/2270
f 3603/327/2272 3604/309/2275 3606/327/2277
f 3595/327/355 3607/309/355 3605/309/2276
f 3603/327/2272 3608/327/2274 3602/327/2274
f 3606/327/2277 3608/327/2274 3603/327/2272
f 3608/327/2274 3609/327/2278 3602/327/2274
f 3609/327/2278 3601/327/2273 3602/327/2274
f 3606/327/2277 3610/327/2279 3608/327/2274
f 3610/327/2279 3609/327/2278 3608/327/2274
f 3611/309/558 3606/327/2277 3604/309/2275
f 3605/309/2276 3611/309/558 3604/309/2275
f 3606/327/2277 3611/309/558 3612/327/2235
f 3612/327/2235 3610/327/2279 3606/327/2277
f 3613/309/977 3611/309/558 3605/309/2276
f 3607/309/355 3613/309/977 3605/309/2276
f 3611/309/558 3614/327/1599 3612/327/2235
f 3613/309/977 3607/309/355 3615/309/2280
f 3615/309/2280 3614/327/1599 3613/309/977
f 3616/309/345 3615/309/2280 3607/309/355
f 3617/327/2281 3612/327/2235 3614/327/1599
f 3614/327/1599 3615/309/2280 3618/309/2282
f 3617/327/2281 3614/327/1599 3618/309/2282
f 3612/327/2235 3617/327/2281 3619/327/2283
f 3610/327/2279 3612/327/2235 3619/327/2283
f 3620/327/2284 3619/327/2283 3617/327/2281
f 3619/327/2283 3621/327/2284 3610/327/2279
f 3621/327/2284 3619/327/2283 3620/327/2284
f 3622/327/2285 3620/327/2284 3617/327/2281
f 3618/309/2282 3622/327/2285 3617/327/2281
f 3623/327/2286 3621/327/2284 3620/327/2284
f 3622/327/2285 3623/327/2286 3620/327/2284
f 3621/327/2284 3624/327/2287 3610/327/2279
f 3610/327/2279 3624/327/2287 3609/327/2278
f 3625/309/2288 3622/327/2285 3618/309/2282
f 3625/309/2288 3623/327/2286 3622/327/2285
f 3626/309/2289 3625/309/2288 3618/309/2282
f 3615/309/2280 3626/309/2289 3618/309/2282
f 3625/309/2288 3627/309/2290 3623/327/2286
f 3626/309/2289 3615/309/2280 3628/309/2280
f 3616/309/345 3628/309/2280 3615/309/2280
f 3626/309/2289 3629/309/2291 3625/309/2288
f 3629/309/2291 3627/309/2290 3625/309/2288
f 3628/309/2280 3630/309/2292 3626/309/2289
f 3629/309/2291 3626/309/2289 3630/309/2292
f 3616/309/345 3631/309/406 3628/309/2280
f 3632/309/390 3629/309/2291 3630/309/2292
f 3616/309/345 3633/309/386 3631/309/406
f 3634/327/355 3633/309/386 3616/309/345
f 3630/309/2292 3635/309/1917 3632/309/390
f 3630/309/2292 3628/309/2280 3636/309/2293
f 3635/309/1917 3630/309/2292 3636/309/2293
f 3636/309/2293 3628/309/2280 3631/309/406
f 3636/309/2293 3637/309/316 3635/309/1917
f 3631/309/406 3638/309/2294 3636/309/2293
f 3637/309/316 3636/309/2293 3638/309/2294
f 3635/309/1917 3637/309/316 3639/319/389
f 3640/309/2295 3638/309/2294 3631/309/406
f 3640/309/2295 3631/309/406 3633/309/386
f 3638/309/2294 3641/309/388 3637/309/316
f 3641/309/388 3638/309/2294 3640/309/2295
f 3642/309/107 3640/309/2295 3633/309/386
f 3642/309/107 3641/309/388 3640/309/2295
f 3633/309/386 3634/327/355 3642/309/107
f 3643/319/2296 3637/309/316 3641/309/388
f 3639/319/389 3637/309/316 3643/319/2296
f 3644/309/107 3641/309/388 3642/309/107
f 3641/309/388 3644/309/107 3643/319/2296
f 3595/327/355 3592/321/355 3634/327/355
f 3592/321/355 3645/321/2297 3634/327/355
f 3591/321/329 3645/321/2297 3592/321/355
f 3591/321/329 3646/321/574 3645/321/2297
f 3634/327/355 3645/321/2297 3646/321/574
f 3594/327/329 3646/321/574 3591/321/329
f 3647/327/107 3634/327/355 3646/321/574
f 3594/327/329 3647/327/107 3646/321/574
f 3647/327/107 3642/309/107 3634/327/355
f 3647/327/107 3594/327/329 3648/327/107
f 3648/327/107 3642/309/107 3647/327/107
f 3642/309/107 3648/327/107 3644/309/107
f 3589/327/1675 3648/327/107 3594/327/329
f 3649/327/107 3644/309/107 3648/327/107
f 3589/327/1675 3649/327/107 3648/327/107
f 3644/309/107 3649/327/107 3650/309/107
f 3643/319/2296 3644/309/107 3650/309/107
f 3589/327/1675 3651/327/107 3649/327/107
f 3651/327/107 3589/327/1675 3652/327/2298
f 3653/319/2299 3643/319/2296 3650/309/107
f 3653/319/2299 3639/319/389 3643/319/2296
f 3650/309/107 3649/327/107 3654/309/107
f 3651/327/107 3654/309/107 3649/327/107
f 3650/309/107 3655/309/2300 3653/319/2299
f 3655/309/2300 3650/309/107 3654/309/107
f 3656/327/107 3651/327/107 3652/327/2298
f 3652/327/2298 3657/327/2258 3656/327/107
f 3651/327/107 3658/309/107 3654/309/107
f 3658/309/107 3651/327/107 3656/327/107
f 3659/327/107 3656/327/107 3657/327/2258
f 3659/327/107 3658/309/107 3656/327/107
f 3657/327/2258 3660/321/1667 3659/327/107
f 3660/321/1667 3661/321/1595 3569/321/2255
f 3660/321/1667 3569/321/2255 3662/327/107
f 3662/327/107 3659/327/107 3660/321/1667
f 3571/327/695 3662/327/107 3569/321/2255
f 3662/327/107 3663/309/214 3659/327/107
f 3658/309/107 3659/327/107 3663/309/214
f 3571/327/695 3664/309/107 3662/327/107
f 3662/327/107 3664/309/107 3663/309/214
f 3571/327/695 3563/309/214 3664/309/107
f 3564/309/439 3664/309/107 3563/309/214
f 3664/309/107 3564/309/439 3665/309/708
f 3665/309/708 3663/309/214 3664/309/107
f 3564/309/439 3666/309/439 3665/309/708
f 3667/309/2301 3658/309/107 3663/309/214
f 3663/309/214 3665/309/708 3667/309/2301
f 3668/309/1209 3654/309/107 3658/309/107
f 3658/309/107 3667/309/2301 3668/309/1209
f 3654/309/107 3668/309/1209 3655/309/2300
f 3665/309/708 3669/309/708 3667/309/2301
f 3666/309/439 3669/309/708 3665/309/708
f 3667/309/2301 3670/309/1212 3668/309/1209
f 3669/309/708 3670/309/1212 3667/309/2301
f 3668/309/1209 3671/309/113 3655/309/2300
f 3670/309/1212 3672/309/1209 3668/309/1209
f 3671/309/113 3668/309/1209 3672/309/1209
f 3669/309/708 3673/309/107 3670/309/1212
f 3674/319/2299 3655/309/2300 3671/309/113
f 3655/309/2300 3674/319/2299 3653/319/2299
f 3653/319/2299 3674/319/2299 3639/319/389
f 3666/309/439 3675/309/214 3669/309/708
f 3673/309/107 3669/309/708 3675/309/214
f 3675/309/214 3666/309/439 3676/309/214
f 3677/309/317 3676/309/214 3666/309/439
f 3675/309/214 3678/319/214 3673/309/107
f 3676/309/214 3677/309/317 3679/309/107
f 3680/319/214 3675/309/214 3676/309/214
f 3675/309/214 3680/319/214 3678/319/214
f 3681/319/214 3676/309/214 3679/309/107
f 3676/309/214 3681/319/214 3680/319/214
f 3677/309/317 3682/319/214 3679/309/107
f 3682/319/214 3681/319/214 3679/309/107
f 3682/319/214 3677/309/317 3683/309/2249
f 3684/319/2302 3680/319/214 3681/319/214
f 3683/309/2249 3685/319/107 3682/319/214
f 3685/319/107 3683/309/2249 3686/319/1662
f 3681/319/214 3682/319/214 3687/319/214
f 3685/319/107 3687/319/214 3682/319/214
f 3687/319/214 3684/319/2302 3681/319/214
f 3686/319/1662 3688/319/107 3685/319/107
f 3688/319/107 3686/319/1662 3689/319/2303
f 3687/319/214 3685/319/107 3690/319/214
f 3690/319/214 3685/319/107 3688/319/107
f 3684/319/2302 3687/319/214 3691/319/2304
f 3690/319/214 3691/319/2304 3687/319/214
f 3680/319/214 3684/319/2302 3692/319/2305
f 3692/319/2305 3678/319/214 3680/319/214
f 3691/319/2304 3693/319/416 3684/319/2302
f 3693/319/416 3692/319/2305 3684/319/2302
f 3694/319/1053 3693/319/416 3691/319/2304
f 3692/319/2305 3693/319/416 3695/319/1050
f 3691/319/2304 3696/319/1054 3694/319/1053
f 3697/319/555 3692/319/2305 3695/319/1050
f 3696/319/1054 3691/319/2304 3698/319/2306
f 3691/319/2304 3690/319/214 3698/319/2306
f 3698/319/2306 3699/320/2307 3696/319/1054
f 3692/319/2305 3697/319/555 3700/319/2308
f 3678/319/214 3692/319/2305 3700/319/2308
f 3701/319/1044 3700/319/2308 3697/319/555
f 3700/319/2308 3702/319/213 3678/319/214
f 3678/319/214 3702/319/213 3673/309/107
f 3700/319/2308 3701/319/1044 3703/319/2309
f 3702/319/213 3700/319/2308 3703/319/2309
f 3701/319/1044 3704/319/2310 3703/319/2309
f 3704/319/2310 3701/319/1044 3705/319/17
f 3703/319/2309 3706/319/2311 3702/319/213
f 3706/319/2311 3703/319/2309 3704/319/2310
f 3702/319/213 3707/309/2312 3673/309/107
f 3707/309/2312 3702/319/213 3706/319/2311
f 3707/309/2312 3670/309/1212 3673/309/107
f 3670/309/1212 3707/309/2312 3672/309/1209
f 3708/319/2313 3672/309/1209 3707/309/2312
f 3706/319/2311 3708/319/2313 3707/309/2312
f 3672/309/1209 3708/319/2313 3671/309/113
f 3708/319/2313 3706/319/2311 3709/319/2313
f 3704/319/2310 3709/319/2313 3706/319/2311
f 3708/319/2313 3710/319/2314 3671/309/113
f 3708/319/2313 3709/319/2313 3710/319/2314
f 3671/309/113 3710/319/2314 3674/319/2299
f 3709/319/2313 3704/319/2310 3711/319/2315
f 3705/319/17 3711/319/2315 3704/319/2310
f 3711/319/2315 3705/319/17 3712/319/1038
f 3712/319/1038 3713/319/2316 3711/319/2315
f 3713/319/2316 3709/319/2313 3711/319/2315
f 3713/319/2316 3712/319/1038 3714/319/1035
f 3709/319/2313 3715/319/2317 3710/319/2314
f 3709/319/2313 3713/319/2316 3715/319/2317
f 3716/319/2318 3710/319/2314 3715/319/2317
f 3713/319/2316 3716/319/2318 3715/319/2317
f 3710/319/2314 3717/319/2319 3674/319/2299
f 3710/319/2314 3716/319/2318 3717/319/2319
f 3674/319/2299 3717/319/2319 3639/319/389
f 3714/319/1035 3718/319/2320 3713/319/2316
f 3716/319/2318 3713/319/2316 3718/319/2320
f 3718/319/2320 3714/319/1035 3719/319/590
f 3719/319/590 3308/309/2114 3718/319/2320
f 3718/319/2320 3720/309/2321 3716/319/2318
f 3718/319/2320 3308/309/2114 3720/309/2321
f 3716/319/2318 3720/309/2321 3717/319/2319
f 3308/309/2114 3307/309/2113 3720/309/2321
f 3717/319/2319 3720/309/2321 3721/309/2321
f 3721/309/2321 3639/319/389 3717/319/2319
f 3720/309/2321 3307/309/2113 3721/309/2321
f 3639/319/389 3721/309/2321 3722/309/390
f 3721/309/2321 3307/309/2113 3722/309/390
f 3723/309/1917 3722/309/390 3307/309/2113
f 3632/309/390 3722/309/390 3723/309/1917
f 3629/309/2291 3632/309/390 3723/309/1917
f 3724/309/2322 3723/309/1917 3307/309/2113
f 3723/309/1917 3724/309/2322 3629/309/2291
f 3307/309/2113 3305/309/2111 3724/309/2322
f 3627/309/2290 3629/309/2291 3724/309/2322
f 3724/309/2322 3305/309/2111 3627/309/2290
f 3627/309/2290 3305/309/2111 3302/309/2108
f 3302/309/2108 3623/327/2286 3627/309/2290
f 3623/327/2286 3302/309/2108 3725/327/2323
f 3623/327/2286 3725/327/2323 3621/327/2284
f 3302/309/2108 3303/327/2109 3725/327/2323
f 3624/327/2287 3621/327/2284 3725/327/2323
f 3725/327/2323 3303/327/2109 3309/327/2115
f 3624/327/2287 3725/327/2323 3309/327/2115
f 3726/327/1172 3624/327/2287 3309/327/2115
f 3624/327/2287 3726/327/1172 3609/327/2278
f 3310/327/2116 3726/327/1172 3309/327/2115
f 3601/327/2273 3609/327/2278 3726/327/1172
f 3310/327/2116 3331/327/1172 3726/327/1172
f 3726/327/1172 3345/327/1171 3601/327/2273
f 3345/327/1171 3726/327/1172 3331/327/1172
f 3727/309/107 3728/320/2324 3729/309/2325
f 3728/320/2324 3727/309/107 3730/320/214
f 3730/320/214 3731/320/2326 3728/320/2324
f 3732/319/107 3730/320/214 3727/309/107
f 3731/320/2326 3730/320/214 3733/320/213
f 3730/320/214 3732/319/107 3734/320/107
f 3734/320/107 3733/320/213 3730/320/214
f 3735/320/214 3731/320/2326 3733/320/213
f 3733/320/213 3734/320/107 3735/320/214
f 3736/320/543 3731/320/2326 3735/320/214
f 3735/320/214 3737/320/541 3736/320/543
f 3737/320/541 3735/320/214 3734/320/107
f 3734/320/107 3732/319/107 3737/320/541
f 3738/320/2327 3737/320/541 3732/319/107
f 3739/319/553 3740/309/107 3741/309/2328
f 3740/309/107 3739/319/553 3742/319/213
f 3742/319/213 3743/309/107 3740/309/107
f 3744/319/708 3742/319/213 3739/319/553
f 3745/319/2329 3746/309/2330 3743/309/107
f 3742/319/213 3744/319/708 3747/319/107
f 3743/309/107 3742/319/213 3748/319/107
f 3747/319/107 3748/319/107 3742/319/213
f 3743/309/107 3748/319/107 3745/319/2329
f 3744/319/708 3749/319/107 3747/319/107
f 3748/319/107 3747/319/107 3749/319/107
f 3749/319/107 3745/319/2329 3748/319/107
f 3744/319/708 3750/319/707 3749/319/107
f 3745/319/2329 3749/319/107 3750/319/707
f 3751/309/1284 3752/309/2331 3753/309/1285
f 3751/309/1284 3754/309/2332 3752/309/2331
f 3755/309/1287 3754/309/2332 3751/309/1284
f 3754/309/2332 3756/309/107 3752/309/2331
f 3755/309/1287 3757/309/2333 3754/309/2332
f 3758/309/811 3757/309/2333 3755/309/1287
f 3756/309/107 3754/309/2332 3759/309/107
f 3757/309/2333 3759/309/107 3754/309/2332
f 3760/319/107 3756/309/107 3759/309/107
f 3756/309/107 3760/319/107 3761/319/107
f 3762/309/107 3759/309/107 3757/309/2333
f 3760/319/107 3759/309/107 3762/309/107
f 3758/309/811 3763/309/811 3757/309/2333
f 3762/309/107 3757/309/2333 3763/309/811
f 3764/309/1290 3763/309/811 3758/309/811
f 3760/319/107 3762/309/107 3765/309/107
f 3764/309/1290 3766/309/2334 3763/309/811
f 3767/309/1293 3766/309/2334 3764/309/1290
f 3768/309/107 3762/309/107 3763/309/811
f 3765/309/107 3762/309/107 3768/309/107
f 3763/309/811 3769/309/107 3768/309/107
f 3765/309/107 3768/309/107 3769/309/107
f 3769/309/107 3763/309/811 3766/309/2334
f 3769/309/107 3770/309/1293 3765/309/107
f 3766/309/2334 3770/309/1293 3769/309/107
f 3766/309/2334 3767/309/1293 3770/309/1293
f 3770/309/1293 3760/319/107 3765/309/107
f 3771/319/1294 3770/309/1293 3767/309/1293
f 3760/319/107 3770/309/1293 3772/319/2335
f 3770/309/1293 3771/319/1294 3772/319/2335
f 3772/319/2335 3761/319/107 3760/319/107
f 3773/319/1296 3772/319/2335 3771/319/1294
f 3761/319/107 3772/319/2335 3774/319/2336
f 3772/319/2335 3773/319/1296 3774/319/2336
f 3775/319/2337 3776/319/1298 3777/319/2338
f 3777/319/2338 3776/319/1298 3778/319/2339
f 3777/319/2338 3778/319/2339 3779/319/107
f 3778/319/2339 3776/319/1298 3780/319/1300
f 3779/319/107 3778/319/2339 3781/319/107
f 3782/309/107 3779/319/107 3781/319/107
f 3778/319/2339 3780/319/1300 3783/319/2340
f 3778/319/2339 3783/319/2340 3781/319/107
f 3780/319/1300 3784/319/2341 3783/319/2340
f 3784/319/2341 3780/319/1300 3785/319/1303
f 3781/319/107 3783/319/2340 3786/319/107
f 3784/319/2341 3786/319/107 3783/319/2340
f 3782/309/107 3781/319/107 3787/309/107
f 3786/319/107 3784/319/2341 3788/319/107
f 3789/319/107 3781/319/107 3786/319/107
f 3789/319/107 3786/319/107 3788/319/107
f 3784/319/2341 3789/319/107 3788/319/107
f 3781/319/107 3789/319/107 3787/309/107
f 3789/319/107 3784/319/2341 3790/319/1304
f 3790/319/1304 3787/309/107 3789/319/107
f 3785/319/1303 3790/319/1304 3784/319/2341
f 3790/319/1304 3785/319/1303 3791/319/1305
f 3790/319/1304 3791/319/1305 3792/309/1306
f 3787/309/107 3790/319/1304 3793/309/1307
f 3792/309/1306 3793/309/1307 3790/319/1304
f 3793/309/1307 3782/309/107 3787/309/107
f 3782/309/107 3793/309/1307 3794/309/2342
f 3792/309/1306 3794/309/2342 3793/309/1307
f 3794/309/2342 3792/309/1306 3795/309/1308
f 3796/327/2343 3797/327/221 3798/321/1310
f 3798/321/1310 3799/321/2344 3796/327/2343
f 3800/321/1312 3799/321/2344 3798/321/1310
f 3796/327/2343 3799/321/2344 3801/327/107
f 3800/321/1312 3802/321/2345 3799/321/2344
f 3803/321/1314 3802/321/2345 3800/321/1312
f 3801/327/107 3799/321/2344 3804/321/107
f 3805/327/107 3801/327/107 3804/321/107
f 3803/321/1314 3806/321/2346 3802/321/2345
f 3807/321/1316 3806/321/2346 3803/321/1314
f 3808/321/107 3799/321/2344 3802/321/2345
f 3799/321/2344 3808/321/107 3804/321/107
f 3809/321/107 3802/321/2345 3806/321/2346
f 3802/321/2345 3809/321/107 3808/321/107
f 3807/321/1316 3810/321/2347 3806/321/2346
f 3810/321/2347 3809/321/107 3806/321/2346
f 3811/321/1318 3810/321/2347 3807/321/1316
f 3812/321/107 3808/321/107 3809/321/107
f 3812/321/107 3809/321/107 3810/321/2347
f 3813/321/695 3808/321/107 3812/321/107
f 3810/321/2347 3813/321/695 3812/321/107
f 3813/321/695 3804/321/107 3808/321/107
f 3811/321/1318 3814/321/1121 3810/321/2347
f 3813/321/695 3810/321/2347 3814/321/1121
f 3815/321/2192 3814/321/1121 3811/321/1318
f 3804/321/107 3813/321/695 3816/321/107
f 3814/321/1121 3816/321/107 3813/321/695
f 3805/327/107 3804/321/107 3816/321/107
f 3815/321/2192 3817/321/2348 3814/321/1121
f 3816/321/107 3814/321/1121 3817/321/2348
f 3817/321/2348 3805/327/107 3816/321/107
f 3818/327/1322 3817/321/2348 3815/321/2192
f 3805/327/107 3817/321/2348 3819/327/2349
f 3817/321/2348 3818/327/1322 3819/327/2349
f 3820/309/1325 3821/309/2350 3822/309/1326
f 3821/309/2350 3820/309/1325 3823/309/2351
f 3823/309/2351 3824/309/107 3821/309/2350
f 3825/319/1513 3823/309/2351 3820/309/1325
f 3824/309/107 3823/309/2351 3826/309/107
f 3827/309/107 3824/309/107 3826/309/107
f 3823/309/2351 3825/319/1513 3828/319/1513
f 3829/319/1330 3828/319/1513 3825/319/1513
f 3823/309/2351 3830/309/214 3826/309/107
f 3830/309/214 3823/309/2351 3828/319/1513
f 3828/319/1513 3829/319/1330 3831/319/2352
f 3828/319/1513 3831/319/2352 3830/309/214
f 3831/319/2352 3829/319/1330 3832/319/1332
f 3833/309/107 3826/309/107 3830/309/214
f 3827/309/107 3826/309/107 3833/309/107
f 3834/319/107 3830/309/214 3831/319/2352
f 3835/319/961 3827/309/107 3833/309/107
f 3827/309/107 3835/319/961 3836/309/1334
f 3837/309/1334 3836/309/1334 3835/319/961
f 3835/319/961 3838/319/1335 3837/309/1334
f 3839/319/2353 3838/319/1335 3835/319/961
f 3833/309/107 3839/319/2353 3835/319/961
f 3839/319/2353 3840/319/1336 3838/319/1335
f 3833/309/107 3830/309/214 3841/319/107
f 3839/319/2353 3833/309/107 3841/319/107
f 3841/319/107 3830/309/214 3834/319/107
f 3842/319/1332 3840/319/1336 3839/319/2353
f 3841/319/107 3842/319/1332 3839/319/2353
f 3842/319/1332 3832/319/1332 3840/319/1336
f 3831/319/2352 3832/319/1332 3842/319/1332
f 3841/319/107 3834/319/107 3843/319/107
f 3831/319/2352 3843/319/107 3834/319/107
f 3842/319/1332 3841/319/107 3843/319/107
f 3843/319/107 3831/319/2352 3842/319/1332
f 3844/360/2354 3845/360/2355 3846/360/2356
f 3845/360/2355 3844/360/2354 3847/360/2357
f 3847/360/2357 3848/360/2358 3845/360/2355
f 3849/360/355 3847/360/2357 3844/360/2354
f 3848/360/2358 3847/360/2357 3850/360/2359
f 3847/360/2357 3849/360/355 3851/360/2360
f 3851/360/2360 3850/360/2359 3847/360/2357
f 3851/360/2360 3849/360/355 3852/360/2361
f 3852/360/2361 3849/360/355 3853/360/2362
f 3854/360/2363 3851/360/2360 3852/360/2361
f 3855/360/2364 3851/360/2360 3854/360/2363
f 3850/360/2359 3851/360/2360 3855/360/2364
f 3856/360/2365 3855/360/2364 3854/360/2363
f 3850/360/2359 3857/360/2366 3848/360/2358
f 3855/360/2364 3857/360/2366 3850/360/2359
f 3848/360/2358 3857/360/2366 3858/360/2367
f 3859/360/2368 3855/360/2364 3856/360/2365
f 3857/360/2366 3855/360/2364 3859/360/2368
f 3856/360/2365 3860/360/2369 3859/360/2368
f 3861/360/2370 3858/360/2367 3857/360/2366
f 3858/360/2367 3861/360/2370 3862/360/2371
f 3863/360/2372 3857/360/2366 3859/360/2368
f 3863/360/2372 3859/360/2368 3860/360/2369
f 3861/360/2370 3857/360/2366 3863/360/2372
f 3863/360/2372 3860/360/2369 3864/360/2373
f 3865/360/2374 3862/360/2371 3861/360/2370
f 3862/360/2371 3865/360/2374 3866/360/2375
f 3867/360/2376 3861/360/2370 3863/360/2372
f 3867/360/2376 3863/360/2372 3864/360/2373
f 3865/360/2374 3861/360/2370 3867/360/2376
f 3868/360/2377 3867/360/2376 3864/360/2373
f 3866/360/2375 3865/360/2374 3869/360/2378
f 3867/360/2376 3869/360/2378 3865/360/2374
f 3870/360/2379 3866/360/2375 3869/360/2378
f 3871/360/2380 3867/360/2376 3868/360/2377
f 3869/360/2378 3867/360/2376 3871/360/2380
f 3872/360/28 3871/360/2380 3868/360/2377
f 3873/360/2381 3870/360/2379 3869/360/2378
f 3871/360/2380 3873/360/2381 3869/360/2378
f 3870/360/2379 3873/360/2381 3874/360/2382
f 3873/360/2381 3875/360/1367 3874/360/2382
f 3871/360/2380 3872/360/28 3876/360/2383
f 3873/360/2381 3871/360/2380 3876/360/2383
f 3872/360/28 3877/360/1402 3876/360/2383
f 3877/360/1402 3873/360/2381 3876/360/2383
f 3877/360/1402 3872/360/28 3878/360/1370
f 3875/360/1367 3873/360/2381 3879/360/2384
f 3873/360/2381 3877/360/1402 3879/360/2384
f 3879/360/2384 3880/360/388 3875/360/1367
f 3880/360/388 3879/360/2384 3881/360/2385
f 3879/360/2384 3882/360/742 3881/360/2385
f 3882/360/742 3879/360/2384 3877/360/1402
f 3878/360/1370 3882/360/742 3877/360/1402
f 3882/360/742 3878/360/1370 3883/360/1573
f 3884/321/573 3885/321/2386 3886/321/1373
f 3887/321/1963 3885/321/2386 3884/321/573
f 3888/321/1374 3887/321/1963 3884/321/573
f 3889/321/1374 3887/321/1963 3888/321/1374
f 3885/321/2386 3887/321/1963 3890/321/214
f 3891/321/107 3887/321/1963 3889/321/1374
f 3892/321/107 3890/321/214 3887/321/1963
f 3887/321/1963 3891/321/107 3892/321/107
f 3893/327/107 3890/321/214 3892/321/107
f 3894/327/107 3892/321/107 3891/321/107
f 3892/321/107 3895/327/107 3893/327/107
f 3895/327/107 3892/321/107 3894/327/107
f 3896/315/1376 3897/315/370 3898/315/1378
f 3898/315/1378 3897/315/370 3899/315/370
f 3899/315/370 3897/315/370 3900/315/1376
f 3900/315/1376 3897/315/370 3901/315/1378
f 3901/315/1378 3897/315/370 3902/315/336
f 3903/315/1604 3904/315/369 3905/315/1377
f 3905/315/1377 3904/315/369 3906/315/1376
f 3906/315/1376 3904/315/369 3907/315/23
f 3907/315/23 3904/315/369 3908/315/19
f 3908/315/19 3904/315/369 3909/315/1376
f 3910/308/2387 3911/321/2388 3912/321/2387
f 3911/321/2388 3910/308/2387 3913/321/2389
f 3914/308/2390 3911/321/2388 3913/321/2389
f 3911/321/2388 3914/308/2390 3915/308/2391
f 3911/321/2388 3915/308/2391 3916/308/2392
f 3915/308/2391 3917/321/2393 3916/308/2392
f 3914/308/2390 3918/308/2394 3915/308/2391
f 3917/321/2393 3915/308/2391 3918/308/2394
f 3918/308/2394 3914/308/2390 3919/308/2395
f 3918/308/2394 3920/321/2396 3917/321/2393
f 3921/308/2397 3918/308/2394 3919/308/2395
f 3920/321/2396 3918/308/2394 3922/308/2398
f 3918/308/2394 3921/308/2397 3922/308/2398
f 3922/308/2398 3923/321/2399 3920/321/2396
f 3924/308/2400 3921/308/2397 3925/308/2401
f 3921/308/2397 3924/308/2400 3922/308/2398
f 3922/308/2398 3924/308/2400 3926/308/1167
f 3927/321/2402 3922/308/2398 3926/308/1167
f 3923/321/2399 3922/308/2398 3928/321/2403
f 3922/308/2398 3927/321/2402 3928/321/2403
f 3928/321/2403 3929/327/2404 3923/321/2399
f 3927/321/2402 3930/321/2405 3928/321/2403
f 3929/327/2404 3928/321/2403 3930/321/2405
f 3930/321/2405 3927/321/2402 3931/321/905
f 3930/321/2405 3932/327/1986 3929/327/2404
f 3931/321/905 3933/327/2406 3930/321/2405
f 3932/327/1986 3930/321/2405 3933/327/2406
f 3933/327/2406 3931/321/905 3934/327/904
f 3935/327/2123 3933/327/2406 3934/327/904
f 3933/327/2406 3936/327/2407 3932/327/1986
f 3933/327/2406 3935/327/2123 3937/327/2408
f 3936/327/2407 3933/327/2406 3937/327/2408
f 3938/327/350 3937/327/2408 3935/327/2123
f 3936/327/2407 3939/309/1984 3932/327/1986
f 3938/327/350 3940/309/2409 3937/327/2408
f 3940/309/2409 3936/327/2407 3937/327/2408
f 3940/309/2409 3938/327/350 3941/309/355
f 3941/309/355 3942/309/974 3940/309/2409
f 3940/309/2409 3942/309/974 3943/309/2410
f 3939/309/1984 3936/327/2407 3944/309/2411
f 3936/327/2407 3940/309/2409 3944/309/2411
f 3940/309/2409 3939/309/1984 3944/309/2411
f 3940/309/2409 3943/309/2410 3945/309/2412
f 3940/309/2409 3945/309/2412 3939/309/1984
f 3946/309/562 3945/309/2412 3943/309/2410
f 3939/309/1984 3945/309/2412 3947/309/1761
f 3948/309/2413 3949/327/2413 3950/327/2413
f 3949/327/2414 3948/309/2415 3951/309/2416
f 3949/327/2414 3951/309/2416 3952/319/2417
f 3949/327/2414 3952/319/2417 3953/309/2418
f 3954/309/2414 3949/327/2414 3953/309/2418
f 3949/327/2414 3954/309/2414 3955/327/2418
f 3954/309/2414 3956/321/2417 3955/327/2418
f 3956/321/2417 3954/309/2414 3957/309/2417
f 3956/321/2417 3957/309/2417 3958/321/2417
f 3959/309/2419 3958/321/2417 3957/309/2417
f 3958/321/2417 3959/309/2419 3960/321/2417
f 3961/309/2420 3960/321/2417 3959/309/2419
f 3961/309/2420 3962/327/2421 3960/321/2417
f 3963/309/2421 3962/327/2421 3961/309/2420
f 3962/327/2421 3963/309/2421 3964/327/2421
f 3963/309/2421 3965/327/2422 3964/327/2421
f 3965/327/2422 3963/309/2421 3966/309/2423
f 3967/327/2424 3965/327/2422 3966/309/2423
f 3968/319/2420 3967/327/2424 3966/309/2423
f 3968/319/2420 3969/309/2425 3967/327/2424
f 3969/309/2425 3968/319/2420 3970/319/2426
f 3971/309/2427 3969/309/2425 3970/319/2426
f 3972/320/2428 3971/309/2427 3970/319/2426
f 3971/309/2427 3972/320/2428 3973/319/2427
f 3972/320/2428 3974/319/2429 3973/319/2427
f 3974/319/2429 3972/320/2428 3975/320/2430
f 3974/319/2429 3975/320/2430 3976/273/2427
f 3974/319/2429 3976/273/2427 3977/273/2431
f 3978/273/2431 3974/319/2429 3977/273/2431
f 3974/319/2429 3978/273/2431 3979/320/2431
f 3980/327/1376 3981/309/1376 3982/309/1376
f 3981/309/1440 3980/327/1954 3983/327/1441
f 3983/327/1441 3984/309/1442 3981/309/2432
f 3985/321/690 3986/321/1443 3980/327/1954
f 3986/321/1443 3983/327/1441 3980/327/1954
f 3984/309/1442 3983/327/1441 3987/327/1444
f 3986/321/1443 3987/327/1444 3983/327/1441
f 3984/309/1442 3987/327/1444 3988/319/783
f 3987/327/1444 3986/321/1443 3989/321/780
f 3989/321/780 3988/319/783 3987/327/1444
f 3990/360/327 3991/360/2433 3992/360/577
f 3992/360/577 3991/360/2433 3993/360/1369
f 3991/360/2433 3994/360/28 3993/360/1369
f 3995/360/2434 3992/360/577 3993/360/1369
f 3992/360/577 3995/360/2434 3996/360/560
f 3996/360/560 3995/360/2434 3997/360/388
f 3997/360/388 3995/360/2434 3998/360/2435
f 3995/360/2434 3999/360/2436 3998/360/2435
f 3993/360/1369 3999/360/2436 3995/360/2434
f 3998/360/2435 3999/360/2436 4000/360/2382
f 3999/360/2436 4001/360/2379 4000/360/2382
f 3993/360/1369 3994/360/28 4002/360/2437
f 3999/360/2436 3993/360/1369 4002/360/2437
f 3994/360/28 4003/360/2438 4002/360/2437
f 4002/360/2437 4003/360/2438 3999/360/2436
f 4003/360/2438 3994/360/28 4004/360/2439
f 4001/360/2379 3999/360/2436 4005/360/2440
f 3999/360/2436 4003/360/2438 4005/360/2440
f 4005/360/2440 4006/360/2375 4001/360/2379
f 4004/360/2439 4007/360/2441 4003/360/2438
f 4003/360/2438 4007/360/2441 4005/360/2440
f 4007/360/2441 4004/360/2439 4008/360/2442
f 4006/360/2375 4005/360/2440 4009/360/2443
f 4009/360/2443 4005/360/2440 4007/360/2441
f 4009/360/2443 4010/360/2371 4006/360/2375
f 4008/360/2442 4011/360/2444 4007/360/2441
f 4010/360/2371 4009/360/2443 4012/360/191
f 4007/360/2441 4012/360/191 4009/360/2443
f 4012/360/191 4007/360/2441 4011/360/2444
f 4012/360/191 4013/360/2367 4010/360/2371
f 4011/360/2444 4008/360/2442 4014/360/2369
f 4013/360/2367 4012/360/191 4015/360/2445
f 4011/360/2444 4015/360/2445 4012/360/191
f 4015/360/2445 4016/360/2446 4013/360/2367
f 4014/360/2369 4017/360/2447 4011/360/2444
f 4015/360/2445 4011/360/2444 4017/360/2447
f 4017/360/2447 4014/360/2369 4018/360/2448
f 4016/360/2446 4015/360/2445 4019/360/2449
f 4019/360/2449 4020/360/2450 4016/360/2446
f 4015/360/2445 4017/360/2447 4021/360/2451
f 4018/360/2448 4021/360/2451 4017/360/2447
f 4019/360/2449 4015/360/2445 4021/360/2451
f 4021/360/2451 4018/360/2448 4022/360/2452
f 4023/360/2361 4021/360/2451 4022/360/2452
f 4021/360/2451 4023/360/2361 4024/360/2453
f 4024/360/2453 4019/360/2449 4021/360/2451
f 4023/360/2361 4025/360/2362 4024/360/2453
f 4026/360/2454 4024/360/2453 4025/360/2362
f 4027/360/2455 4019/360/2449 4024/360/2453
f 4026/360/2454 4027/360/2455 4024/360/2453
f 4020/360/2450 4019/360/2449 4027/360/2455
f 4028/360/738 4027/360/2455 4026/360/2454
f 4027/360/2455 4029/360/2456 4020/360/2450
f 4029/360/2456 4027/360/2455 4028/360/738
f 4030/309/1420 4031/327/2457 4032/309/2458
f 4033/327/2459 4032/309/2458 4031/327/2457
f 4034/327/1423 4033/327/2459 4031/327/2457
f 4035/327/107 4032/309/2458 4033/327/2459
f 4032/309/2458 4035/327/107 4036/309/107
f 4034/327/1423 4037/327/89 4033/327/2459
f 4038/327/2460 4037/327/89 4034/327/1423
f 4033/327/2459 4039/327/107 4035/327/107
f 4039/327/107 4033/327/2459 4037/327/89
f 4040/327/107 4036/309/107 4035/327/107
f 4040/327/107 4035/327/107 4039/327/107
f 4036/309/107 4040/327/107 4041/309/107
f 4037/327/89 4042/327/107 4039/327/107
f 4040/327/107 4039/327/107 4042/327/107
f 4038/327/2460 4043/327/2461 4037/327/89
f 4042/327/107 4037/327/89 4043/327/2461
f 4044/327/2462 4043/327/2461 4038/327/2460
f 4042/327/107 4045/327/2463 4040/327/107
f 4043/327/2461 4045/327/2463 4042/327/107
f 4045/327/2463 4041/309/107 4040/327/107
f 4043/327/2461 4044/327/2462 4045/327/2463
f 4041/309/107 4045/327/2463 4046/309/1294
f 4047/309/1294 4045/327/2463 4044/327/2462
f 4045/327/2463 4047/309/1294 4046/309/1294
f 4048/308/2464 4049/321/1430 4050/321/1430
f 4048/308/2464 4050/321/1430 4051/308/2465
f 4052/308/2466 4048/308/2464 4051/308/2465
f 4050/321/1430 4053/308/107 4051/308/2465
f 4053/308/107 4050/321/1430 4054/321/107
f 4052/308/2466 4051/308/2465 4055/308/2467
f 4052/308/2466 4055/308/2467 4056/308/1435
f 4057/308/107 4051/308/2465 4053/308/107
f 4051/308/2465 4057/308/107 4055/308/2467
f 4054/321/107 4058/308/695 4053/308/107
f 4053/308/107 4058/308/695 4057/308/107
f 4058/308/695 4054/321/107 4059/321/107
f 4060/308/107 4055/308/2467 4057/308/107
f 4057/308/107 4058/308/695 4060/308/107
f 4055/308/2467 4061/308/2468 4056/308/1435
f 4055/308/2467 4060/308/107 4061/308/2468
f 4056/308/1435 4061/308/2468 4062/308/1437
f 4063/308/220 4060/308/107 4058/308/695
f 4063/308/220 4061/308/2468 4060/308/107
f 4059/321/107 4063/308/220 4058/308/695
f 4063/308/220 4062/308/1437 4061/308/2468
f 4063/308/220 4059/321/107 4064/321/2469
f 4063/308/220 4065/321/1439 4062/308/1437
f 4065/321/1439 4063/308/220 4064/321/2469
f 4066/316/1649 4067/316/2470 4068/316/2471
f 4068/316/2471 4067/316/2470 4069/316/2472
f 4069/316/2472 4070/316/2473 4068/316/2471
f 4070/316/2473 4069/316/2472 4071/316/2474
f 4072/316/2475 4069/316/2472 4067/316/2470
f 4067/316/2470 4073/316/2476 4072/316/2475
f 4071/316/2474 4069/316/2472 4074/316/2477
f 4075/316/2478 4071/316/2474 4074/316/2477
f 4069/316/2472 4072/316/2475 4076/316/2479
f 4076/316/2479 4074/316/2477 4069/316/2472
f 4077/316/1614 4075/316/2478 4078/316/2480
f 4074/316/2477 4076/316/2479 4079/316/2481
f 4080/316/2482 4078/316/2480 4075/316/2478
f 4078/316/2480 4080/316/2482 4081/316/2482
f 4080/316/2482 4082/316/1645 4081/316/2482
f 4082/316/1645 4080/316/2482 4083/316/2483
f 4075/316/2478 4074/316/2477 4084/316/2484
f 4084/316/2484 4080/316/2482 4075/316/2478
f 4074/316/2477 4079/316/2481 4084/316/2484
f 4085/316/2485 4079/316/2481 4076/316/2479
f 4072/316/2475 4085/316/2485 4076/316/2479
f 4079/316/2481 4086/316/2486 4084/316/2484
f 4087/316/2487 4085/316/2485 4072/316/2475
f 4072/316/2475 4073/316/2476 4087/316/2487
f 4085/316/2485 4087/316/2487 4088/316/2488
f 4084/316/2484 4086/316/2486 4089/316/2489
f 4080/316/2482 4084/316/2484 4089/316/2489
f 4089/316/2489 4086/316/2486 4090/316/2486
f 4091/316/2490 4080/316/2482 4089/316/2489
f 4091/316/2490 4089/316/2489 4090/316/2486
f 4080/316/2482 4091/316/2490 4083/316/2483
f 4091/316/2490 4092/316/2491 4083/316/2483
f 4090/316/2486 4093/316/2492 4091/316/2490
f 4092/316/2491 4091/316/2490 4093/316/2492
f 4093/316/2492 4090/316/2486 4094/316/2493
f 4093/316/2492 4095/316/2494 4092/316/2491
f 4095/316/2494 4096/316/2495 4092/316/2491
f 4096/316/2495 4095/316/2494 4097/316/2496
f 4095/316/2494 4098/316/2497 4097/316/2496
f 4098/316/2497 4095/316/2494 4099/316/2498
f 4093/316/2492 4094/316/2493 4100/316/2499
f 4095/316/2494 4093/316/2492 4100/316/2499
f 4094/316/2493 4101/316/2500 4100/316/2499
f 4100/316/2499 4102/316/2501 4095/316/2494
f 4102/316/2501 4100/316/2499 4101/316/2500
f 4102/316/2501 4099/316/2498 4095/316/2494
f 4103/316/2502 4102/316/2501 4101/316/2500
f 4104/316/2503 4099/316/2498 4102/316/2501
f 4102/316/2501 4103/316/2502 4104/316/2503
f 4105/316/2504 4099/316/2498 4104/316/2503
f 4104/316/2503 4103/316/2502 4106/316/2505
f 4103/316/2502 4107/316/2506 4106/316/2505
f 4104/316/2503 4108/316/2507 4105/316/2504
f 4108/316/2507 4104/316/2503 4106/316/2505
f 4108/316/2507 4109/316/2508 4105/316/2504
f 4109/316/2508 4108/316/2507 4110/316/2509
f 4108/316/2507 4111/316/2510 4110/316/2509
f 4111/316/2510 4108/316/2507 4112/316/2511
f 4113/316/2512 4108/316/2507 4106/316/2505
f 4113/316/2512 4106/316/2505 4107/316/2506
f 4112/316/2511 4108/316/2507 4113/316/2512
f 4114/316/2513 4113/316/2512 4107/316/2506
f 4115/316/2514 4112/316/2511 4113/316/2512
f 4113/316/2512 4114/316/2513 4115/316/2514
f 4112/316/2511 4115/316/2514 4116/316/2515
f 4117/316/2516 4112/316/2511 4116/316/2515
f 4115/316/2514 4114/316/2513 4118/316/2517
f 4114/316/2513 4088/316/2488 4118/316/2517
f 4087/316/2487 4118/316/2517 4088/316/2488
f 4115/316/2514 4119/316/2518 4116/316/2515
f 4119/316/2518 4115/316/2514 4118/316/2517
f 4119/316/2518 4117/316/2516 4116/316/2515
f 4087/316/2487 4119/316/2518 4118/316/2517
f 4117/316/2516 4119/316/2518 4120/316/2519
f 4119/316/2518 4087/316/2487 4073/316/2476
f 4073/316/2476 4120/316/2519 4119/316/2518
f 4120/316/2519 4073/316/2476 4121/316/2520
f 4122/322/1818 4123/322/2521 4124/322/2522
f 4125/322/2523 4124/322/2522 4123/322/2521
f 4126/322/2524 4125/322/2523 4123/322/2521
f 4123/322/2521 4127/322/2525 4126/322/2524
f 4124/322/2522 4125/322/2523 4128/322/2526
f 4129/322/2527 4126/322/2524 4127/322/2525
f 4128/322/2526 4130/322/2528 4124/322/2522
f 4131/322/2529 4124/322/2522 4130/322/2528
f 4130/322/2528 4128/322/2526 4132/322/2530
f 4132/322/2530 4131/322/2529 4130/322/2528
f 4131/322/2529 4133/322/2219 4134/322/1586
f 4131/322/2529 4132/322/2530 4135/322/2531
f 4133/322/2219 4131/322/2529 4135/322/2531
f 4136/322/2532 4132/322/2530 4128/322/2526
f 4137/322/2533 4133/322/2219 4135/322/2531
f 4137/322/2533 4138/322/2534 4133/322/2219
f 4139/322/2535 4135/322/2531 4132/322/2530
f 4139/322/2535 4137/322/2533 4135/322/2531
f 4132/322/2530 4136/322/2532 4139/322/2535
f 4140/322/2536 4138/322/2534 4137/322/2533
f 4140/322/2536 4137/322/2533 4139/322/2535
f 4138/322/2534 4140/322/2536 4141/322/2216
f 4142/322/2537 4139/322/2535 4136/322/2532
f 4140/322/2536 4139/322/2535 4142/322/2537
f 4141/322/2216 4140/322/2536 4143/273/2538
f 4144/273/2215 4141/322/2216 4143/273/2538
f 4145/322/2539 4143/273/2538 4140/322/2536
f 4140/322/2536 4142/322/2537 4145/322/2539
f 4144/273/2215 4143/273/2538 4146/273/2540
f 4145/322/2539 4146/273/2540 4143/273/2538
f 4147/273/2541 4144/273/2215 4146/273/2540
f 4148/273/2221 4147/273/2541 4146/273/2540
f 4146/273/2540 4145/322/2539 4149/322/2542
f 4149/322/2542 4148/273/2221 4146/273/2540
f 4145/322/2539 4142/322/2537 4149/322/2542
f 4148/273/2221 4149/322/2542 4150/273/2543
f 4142/322/2537 4151/322/2544 4149/322/2542
f 4151/322/2544 4150/273/2543 4149/322/2542
f 4136/322/2532 4151/322/2544 4142/322/2537
f 4148/273/2221 4150/273/2543 4152/273/2545
f 4153/273/310 4148/273/2221 4152/273/2545
f 4152/273/2545 4154/273/2231 4153/273/310
f 4152/273/2545 4150/273/2543 4155/273/2546
f 4154/273/2231 4152/273/2545 4155/273/2546
f 4151/322/2544 4155/273/2546 4150/273/2543
f 4156/322/2547 4151/322/2544 4136/322/2532
f 4151/322/2544 4156/322/2547 4155/273/2546
f 4128/322/2526 4156/322/2547 4136/322/2532
f 4128/322/2526 4125/322/2523 4156/322/2547
f 4155/273/2546 4157/322/2548 4154/273/2231
f 4157/322/2548 4155/273/2546 4156/322/2547
f 4125/322/2523 4157/322/2548 4156/322/2547
f 4154/273/2231 4157/322/2548 4158/273/2233
f 4157/322/2548 4125/322/2523 4126/322/2524
f 4159/322/2549 4157/322/2548 4126/322/2524
f 4158/273/2233 4157/322/2548 4159/322/2549
f 4126/322/2524 4129/322/2527 4159/322/2549
f 4159/322/2549 4160/273/2550 4158/273/2233
f 4160/273/2550 4161/273/2234 4158/273/2233
f 4160/273/2550 4162/273/2236 4161/273/2234
f 4160/273/2550 4159/322/2549 4163/273/2551
f 4163/273/2551 4159/322/2549 4129/322/2527
f 4160/273/2550 4164/273/2552 4162/273/2236
f 4163/273/2551 4164/273/2552 4160/273/2550
f 4164/273/2552 4165/273/2241 4162/273/2236
f 4129/322/2527 4166/322/388 4163/273/2551
f 4164/273/2552 4163/273/2551 4167/273/2553
f 4166/322/388 4167/273/2553 4163/273/2551
f 4166/322/388 4129/322/2527 4168/322/2554
f 4127/322/2525 4168/322/2554 4129/322/2527
f 4166/322/388 4169/273/316 4167/273/2553
f 4170/322/2555 4168/322/2554 4127/322/2525
f 4169/273/316 4171/273/2556 4167/273/2553
f 4167/273/2553 4172/273/2557 4164/273/2552
f 4172/273/2557 4167/273/2553 4171/273/2556
f 4165/273/2241 4164/273/2552 4172/273/2557
f 4171/273/2556 4169/273/316 4173/273/316
f 4174/273/5 4165/273/2241 4172/273/2557
f 4169/273/316 4175/273/1666 4173/273/316
f 4165/273/2241 4174/273/5 4176/273/1377
f 4177/273/2558 4172/273/2557 4171/273/2556
f 4172/273/2557 4177/273/2558 4174/273/5
f 4173/273/316 4177/273/2558 4171/273/2556
f 4176/273/1377 4174/273/5 4178/273/23
f 4178/273/23 4179/320/19 4176/273/1377
f 4179/320/19 4178/273/23 4180/273/695
f 4174/273/5 4181/273/2559 4178/273/23
f 4180/273/695 4178/273/23 4181/273/2559
f 4177/273/2558 4181/273/2559 4174/273/5
f 4180/273/695 4181/273/2559 4182/273/388
f 4177/273/2558 4182/273/388 4181/273/2559
f 4182/273/388 4183/273/107 4180/273/695
f 4173/273/316 4184/273/388 4177/273/2558
f 4182/273/388 4177/273/2558 4184/273/388
f 4175/273/1666 4184/273/388 4173/273/316
f 4183/273/107 4182/273/388 4185/273/54
f 4184/273/388 4185/273/54 4182/273/388
f 4185/273/54 4184/273/388 4175/273/1666
f 4185/273/54 4186/320/695 4183/273/107
f 4185/273/54 4187/273/2560 4186/320/695
f 4185/273/54 4175/273/1666 4187/273/2560
f 4188/320/1215 4186/320/695 4187/273/2560
f 4189/273/2561 4187/273/2560 4175/273/1666
f 4189/273/2561 4188/320/1215 4187/273/2560
f 4188/320/1215 4189/273/2561 4190/320/1215
f 4190/320/1215 4191/320/2562 4188/320/1215
f 4191/320/2562 4190/320/1215 4192/320/2563
f 4191/320/2562 4192/320/2563 4193/319/433
f 4194/320/2564 4193/319/433 4192/320/2563
f 4192/320/2563 4190/320/1215 4194/320/2564
f 4193/319/433 4194/320/2564 4195/319/107
f 4189/273/2561 4196/320/2565 4190/320/1215
f 4194/320/2564 4190/320/1215 4196/320/2565
f 4194/320/2564 4197/320/107 4195/319/107
f 4197/320/107 4198/319/107 4195/319/107
f 4197/320/107 4199/319/2306 4198/319/107
f 4197/320/107 4194/320/2564 4200/320/2566
f 4196/320/2565 4200/320/2566 4194/320/2564
f 4199/319/2306 4197/320/107 4201/320/2567
f 4200/320/2566 4201/320/2567 4197/320/107
f 4202/320/2307 4199/319/2306 4201/320/2567
f 4203/320/2568 4202/320/2307 4201/320/2567
f 4201/320/2567 4200/320/2566 4203/320/2568
f 4204/320/1059 4202/320/2307 4203/320/2568
f 4200/320/2566 4196/320/2565 4205/273/2569
f 4200/320/2566 4205/273/2569 4203/320/2568
f 4206/273/2570 4204/320/1059 4203/320/2568
f 4203/320/2568 4205/273/2569 4206/273/2570
f 4207/273/1062 4204/320/1059 4206/273/2570
f 4206/273/2570 4208/273/1063 4207/273/1062
f 4208/273/1063 4206/273/2570 4209/273/2571
f 4205/273/2569 4209/273/2571 4206/273/2570
f 4210/273/2572 4208/273/1063 4209/273/2571
f 4205/273/2569 4196/320/2565 4211/273/2517
f 4196/320/2565 4189/273/2561 4211/273/2517
f 4209/273/2571 4205/273/2569 4212/273/2517
f 4212/273/2517 4205/273/2569 4211/273/2517
f 4213/273/2573 4209/273/2571 4212/273/2517
f 4211/273/2517 4213/273/2573 4212/273/2517
f 4214/273/2574 4210/273/2572 4209/273/2571
f 4209/273/2571 4213/273/2573 4214/273/2574
f 4210/273/2572 4170/322/2555 4215/322/316
f 4170/322/2555 4210/273/2572 4214/273/2574
f 4216/273/2573 4211/273/2517 4189/273/2561
f 4213/273/2573 4211/273/2517 4216/273/2573
f 4189/273/2561 4175/273/1666 4216/273/2573
f 4217/322/2321 4214/273/2574 4213/273/2573
f 4170/322/2555 4214/273/2574 4217/322/2321
f 4217/322/2321 4213/273/2573 4216/273/2573
f 4168/322/2554 4170/322/2555 4217/322/2321
f 4175/273/1666 4218/322/2321 4216/273/2573
f 4217/322/2321 4216/273/2573 4218/322/2321
f 4217/322/2321 4218/322/2321 4168/322/2554
f 4218/322/2321 4175/273/1666 4219/322/316
f 4218/322/2321 4219/322/316 4168/322/2554
f 4220/327/1480 4221/321/1480 4222/327/1480
f 4221/321/1482 4220/327/2575 4223/321/1483
f 4222/327/2575 4221/321/1482 4224/327/2576
f 4223/321/1483 4225/321/2577 4221/321/1482
f 4225/321/2577 4223/321/1483 4226/321/385
f 4224/327/2576 4221/321/1482 4227/321/2578
f 4225/321/2577 4227/321/2578 4221/321/1482
f 4228/321/2578 4224/327/2576 4227/321/2578
f 4229/327/2576 4224/327/2576 4228/321/2578
f 4229/327/2576 4228/321/2578 4230/327/1489
f 4227/321/2578 4225/321/2577 4231/321/2579
f 4228/321/2578 4227/321/2578 4231/321/2579
f 4226/321/385 4232/321/1492 4225/321/2577
f 4231/321/2579 4225/321/2577 4232/321/1492
f 4232/321/1492 4226/321/385 4233/321/1492
f 4234/321/832 4232/321/1492 4233/321/1492
f 4231/321/2579 4232/321/1492 4235/321/135
f 4234/321/832 4235/321/135 4232/321/1492
f 4235/321/135 4228/321/2578 4231/321/2579
f 4236/321/1493 4235/321/135 4234/321/832
f 4228/321/2578 4235/321/135 4237/321/2580
f 4235/321/135 4236/321/1493 4237/321/2580
f 4230/327/1489 4228/321/2578 4237/321/2580
f 4238/327/1495 4237/321/2580 4236/321/1493
f 4237/321/2580 4238/327/1495 4230/327/1489
f 4239/321/2581 4240/321/1497 4241/308/2582
f 4241/308/2582 4242/327/2583 4239/321/2581
f 4241/308/2582 4240/321/1497 4243/308/2584
f 4242/327/2583 4241/308/2582 4244/308/2585
f 4245/327/2583 4242/327/2583 4244/308/2585
f 4241/308/2582 4243/308/2584 4246/308/2586
f 4246/308/2586 4244/308/2585 4241/308/2582
f 4247/308/2587 4246/308/2586 4243/308/2584
f 4245/327/2583 4244/308/2585 4248/308/2588
f 4248/308/2588 4249/327/2589 4245/327/2583
f 4244/308/2585 4246/308/2586 4250/308/2590
f 4244/308/2585 4250/308/2590 4248/308/2588
f 4246/308/2586 4247/308/2587 4251/308/1505
f 4250/308/2590 4246/308/2586 4251/308/1505
f 4252/308/2591 4251/308/1505 4247/308/2587
f 4253/308/2592 4251/308/1505 4252/308/2591
f 4250/308/2590 4251/308/1505 4254/308/2593
f 4251/308/1505 4253/308/2592 4254/308/2593
f 4254/308/2593 4248/308/2588 4250/308/2590
f 4255/308/1294 4254/308/2593 4253/308/2592
f 4254/308/2593 4256/308/2594 4248/308/2588
f 4254/308/2593 4255/308/1294 4256/308/2594
f 4249/327/2589 4248/308/2588 4256/308/2594
f 4257/327/1511 4256/308/2594 4255/308/1294
f 4256/308/2594 4257/327/1511 4249/327/2589
f 4258/316/2595 4259/316/2595 4260/316/2595
f 4258/316/2596 4261/316/1518 4259/316/2597
f 4260/316/1307 4262/316/1307 4258/316/1520
f 4261/316/1518 4258/316/2596 4263/316/1518
f 4262/316/1307 4260/316/1307 4264/316/350
f 4265/316/1513 4261/316/1518 4263/316/1518
f 4264/316/350 4266/316/355 4262/316/1307
f 4265/316/1513 4267/316/1513 4261/316/1518
f 4264/316/350 4268/316/1521 4266/316/355
f 4265/316/1513 4269/316/5 4267/316/1513
f 4268/316/1521 4264/316/350 4270/316/2598
f 4269/316/5 4265/316/1513 4271/316/19
f 4272/316/1519 4268/316/1521 4270/316/2598
f 4273/316/1515 4269/316/5 4271/316/19
f 4272/316/1519 4274/316/1519 4268/316/1521
f 4269/316/5 4273/316/1515 4275/316/1515
f 4272/316/1519 4276/316/1516 4274/316/1519
f 4276/316/1516 4275/316/1515 4273/316/1515
f 4276/316/1516 4272/316/1519 4277/316/2599
f 4275/316/1515 4276/316/1516 4277/316/2599
f 4278/362/2600 4279/362/2600 4280/362/2600
f 4280/362/386 4279/362/348 4281/362/1566
f 4279/362/355 4278/362/2601 4282/362/1524
f 4281/362/1566 4279/362/348 4283/362/2598
f 4284/316/1525 4282/362/1524 4278/362/2601
f 4285/362/2602 4281/362/1566 4283/362/2598
f 4282/362/1524 4284/316/1525 4286/316/1525
f 4281/362/1566 4285/362/2602 4287/362/1526
f 4284/316/1525 4288/316/1527 4286/316/1525
f 4287/362/1526 4285/362/2602 4289/362/1528
f 4288/316/1527 4284/316/1525 4290/316/1529
f 4291/362/2603 4289/362/1528 4285/362/2602
f 4292/362/1513 4288/316/1527 4290/316/1529
f 4293/362/1531 4289/362/1528 4291/362/2603
f 4288/316/1527 4292/362/1513 4294/316/1513
f 4289/362/1528 4293/362/1531 4295/362/2604
f 4294/316/1513 4292/362/1513 4296/362/5
f 4296/362/5 4295/362/2604 4293/362/1531
f 4296/362/5 4292/362/1513 4297/362/19
f 4295/362/2604 4296/362/5 4297/362/19
f 4298/136/107 4299/136/107 4300/364/107
f 4298/136/107 4300/364/107 4301/136/107
f 4300/364/107 4299/136/107 4302/136/107
f 4301/136/107 4300/364/107 4303/364/107
f 4300/364/107 4302/136/107 4304/364/107
f 4303/364/107 4300/364/107 4305/364/107
f 4306/364/107 4300/364/107 4304/364/107
f 4305/364/107 4300/364/107 4306/364/107
f 4307/365/107 4308/366/107 4309/365/107
f 4307/365/107 4310/366/107 4308/366/107
f 4308/366/107 4311/365/107 4309/365/107
f 4310/366/107 4312/366/107 4308/366/107
f 4308/366/107 4313/366/107 4311/365/107
f 4312/366/107 4314/366/107 4308/366/107
f 4315/366/107 4313/366/107 4308/366/107
f 4314/366/107 4315/366/107 4308/366/107
f 4316/316/2605 4317/316/2605 4318/316/2605
f 4318/316/107 4317/316/107 4319/316/107
f 4320/316/107 4317/316/107 4316/316/214
f 4319/316/107 4317/316/107 4321/316/107
f 4322/316/107 4317/316/107 4320/316/107
f 4321/316/107 4317/316/107 4323/316/107
f 4324/316/107 4317/316/107 4322/316/107
f 4323/316/107 4317/316/107 4325/316/107
f 4326/316/107 4317/316/107 4324/316/107
f 4325/316/107 4317/316/107 4326/316/107
f 4327/316/107 4328/362/107 4329/362/107
f 4330/316/107 4327/316/107 4329/362/107
f 4328/362/107 4331/362/107 4329/362/107
f 4332/362/107 4330/316/107 4329/362/107
f 4331/362/107 4333/362/107 4329/362/107
f 4334/362/107 4332/362/107 4329/362/107
f 4333/362/107 4335/362/107 4329/362/107
f 4336/362/107 4334/362/107 4329/362/107
f 4335/362/107 4337/362/695 4329/362/107
f 4337/362/695 4336/362/107 4329/362/107
f 4338/316/107 4339/316/107 4340/316/107
f 4339/316/107 4338/316/107 4341/316/107
f 4339/316/107 4342/316/107 4340/316/107
f 4339/316/107 4341/316/107 4343/316/107
f 4342/316/107 4339/316/107 4344/316/107
f 4339/316/107 4343/316/107 4345/316/107
f 4339/316/107 4346/316/107 4344/316/107
f 4339/316/107 4345/316/107 4347/316/107
f 4339/316/107 4348/316/107 4346/316/107
f 4339/316/107 4347/316/107 4348/316/107
f 4349/316/1533 4350/316/1533 4351/316/1533
f 4349/316/2606 4351/316/18 4352/316/2607
f 4352/316/2607 4351/316/18 4353/316/1518
f 4350/316/2608 4349/316/2606 4354/316/2609
f 4354/316/2609 4355/316/1535 4350/316/1328
f 4356/316/2610 4349/316/2606 4352/316/2607
f 4356/316/2610 4354/316/2609 4349/316/2606
f 4352/316/2607 4353/316/1518 4357/316/1518
f 4357/316/1518 4353/316/1518 4358/316/416
f 4356/316/2610 4352/316/2607 4359/316/2611
f 4359/316/2611 4352/316/2607 4357/316/1518
f 4354/316/2609 4356/316/2610 4360/316/2612
f 4355/316/1535 4354/316/2609 4361/316/19
f 4360/316/2612 4361/316/19 4354/316/2609
f 4361/316/19 4362/316/360 4355/316/1535
f 4361/316/19 4360/316/2612 4363/316/2613
f 4362/316/360 4361/316/19 4364/316/2614
f 4363/316/2613 4364/316/2614 4361/316/19
f 4365/316/1430 4362/316/360 4364/316/2614
f 4356/316/2610 4366/316/2615 4360/316/2612
f 4360/316/2612 4366/316/2615 4363/316/2613
f 4359/316/2611 4366/316/2615 4356/316/2610
f 4364/316/2614 4363/316/2613 4367/316/2616
f 4363/316/2613 4366/316/2615 4367/316/2616
f 4364/316/2614 4367/316/2616 4368/316/2617
f 4367/316/2616 4366/316/2615 4368/316/2617
f 4365/316/1430 4364/316/2614 4369/316/1544
f 4369/316/1544 4364/316/2614 4368/316/2617
f 4370/316/1544 4365/316/1430 4369/316/1544
f 4369/316/1544 4368/316/2617 4371/316/2618
f 4368/316/2617 4366/316/2615 4371/316/2618
f 4370/316/1544 4369/316/1544 4372/316/2619
f 4372/316/2619 4369/316/1544 4371/316/2618
f 4372/316/2619 4373/316/2620 4370/316/1544
f 4373/316/2620 4372/316/2619 4374/362/1516
f 4371/316/2618 4374/362/1516 4372/316/2619
f 4373/316/2620 4374/362/1516 4375/362/2621
f 4374/362/1516 4371/316/2618 4376/316/2622
f 4371/316/2618 4366/316/2615 4376/316/2622
f 4377/362/2623 4375/362/2621 4374/362/1516
f 4376/316/2622 4377/362/2623 4374/362/1516
f 4375/362/2621 4377/362/2623 4378/362/329
f 4377/362/2623 4376/316/2622 4379/362/2624
f 4376/316/2622 4366/316/2615 4379/362/2624
f 4380/362/2625 4378/362/329 4377/362/2623
f 4379/362/2624 4380/362/2625 4377/362/2623
f 4378/362/329 4380/362/2625 4381/362/1519
f 4380/362/2625 4379/362/2624 4382/362/2626
f 4379/362/2624 4366/316/2615 4382/362/2626
f 4380/362/2625 4383/362/2627 4381/362/1519
f 4381/362/1519 4383/362/2627 4384/362/1569
f 4382/362/2626 4385/316/2628 4380/362/2625
f 4380/362/2625 4385/316/2628 4383/362/2627
f 4382/362/2626 4366/316/2615 4385/316/2628
f 4386/316/1521 4384/362/1569 4383/362/2627
f 4384/362/1569 4386/316/1521 4387/316/1521
f 4385/316/2628 4388/316/2629 4383/362/2627
f 4386/316/1521 4383/362/2627 4388/316/2629
f 4385/316/2628 4366/316/2615 4388/316/2629
f 4389/316/2630 4387/316/1521 4386/316/1521
f 4388/316/2629 4389/316/2630 4386/316/1521
f 4387/316/1521 4389/316/2630 4390/316/2631
f 4389/316/2630 4388/316/2629 4391/316/2632
f 4388/316/2629 4366/316/2615 4391/316/2632
f 4392/316/347 4390/316/2631 4389/316/2630
f 4391/316/2632 4392/316/347 4389/316/2630
f 4390/316/2631 4392/316/347 4393/316/337
f 4392/316/347 4391/316/2632 4394/316/2633
f 4391/316/2632 4366/316/2615 4394/316/2633
f 4395/316/1553 4393/316/337 4392/316/347
f 4394/316/2633 4395/316/1553 4392/316/347
f 4393/316/337 4395/316/1553 4396/316/1553
f 4395/316/1553 4394/316/2633 4397/316/2634
f 4394/316/2633 4366/316/2615 4397/316/2634
f 4398/316/2635 4396/316/1553 4395/316/1553
f 4396/316/1553 4398/316/2635 4399/316/2635
f 4400/316/2636 4395/316/1553 4397/316/2634
f 4395/316/1553 4400/316/2636 4398/316/2635
f 4397/316/2634 4366/316/2615 4400/316/2636
f 4401/316/2637 4399/316/2635 4398/316/2635
f 4399/316/2635 4401/316/2637 4402/316/2638
f 4403/316/2639 4398/316/2635 4400/316/2636
f 4398/316/2635 4403/316/2639 4401/316/2637
f 4400/316/2636 4366/316/2615 4403/316/2639
f 4404/316/2640 4402/316/2638 4401/316/2637
f 4403/316/2639 4404/316/2640 4401/316/2637
f 4404/316/2640 4405/316/2641 4402/316/2638
f 4404/316/2640 4403/316/2639 4406/316/2642
f 4403/316/2639 4366/316/2615 4406/316/2642
f 4407/316/2643 4405/316/2641 4404/316/2640
f 4406/316/2642 4407/316/2643 4404/316/2640
f 4407/316/2643 4358/316/416 4405/316/2641
f 4357/316/1518 4358/316/416 4407/316/2643
f 4407/316/2643 4406/316/2642 4408/316/2644
f 4408/316/2644 4357/316/1518 4407/316/2643
f 4406/316/2642 4366/316/2615 4408/316/2644
f 4357/316/1518 4408/316/2644 4409/316/2645
f 4408/316/2644 4366/316/2615 4409/316/2645
f 4359/316/2611 4357/316/1518 4409/316/2645
f 4409/316/2645 4366/316/2615 4359/316/2611
f 4410/1/2646 4411/1/2646 4412/2/2646
f 4413/3/2647 4414/5/2648 4415/4/2649
f 4416/7/24 4417/7/24 4418/6/25
f 4419/9/2650 4420/8/2650 4421/8/2650
f 4422/11/11 4423/10/2651 4419/9/11
f 4423/10/2651 4422/11/11 4424/11/10
f 4424/11/10 4422/11/11 4425/12/2652
f 4426/12/210 4425/12/2652 4422/11/11
f 4426/12/210 4427/13/14 4425/12/2652
f 4427/13/14 4426/12/210 4428/13/14
f 4428/13/14 4429/14/15 4427/13/14
f 4429/14/15 4428/13/14 4430/15/15
f 4431/16/17 4429/14/15 4430/15/15
f 4429/14/15 4431/16/17 4432/16/17
f 4433/17/2653 4432/16/17 4431/16/17
f 4434/17/2654 4432/16/17 4433/17/2653
f 4435/18/1612 4434/17/2654 4433/17/2653
f 4434/17/2654 4435/18/1612 4436/18/5
f 4435/18/1612 4437/6/19 4436/18/5
f 4423/10/2651 4438/19/2655 4439/10/2655
f 4439/10/2655 4438/19/2655 4440/20/11
f 4438/19/2655 4423/10/2651 4424/11/10
f 4423/10/2651 4441/8/21 4420/8/21
f 4441/8/21 4423/10/2651 4439/10/2655
f 4420/8/21 4419/9/11 4423/10/2651
f 4442/19/10 4443/10/9 4439/10/2655
f 4439/10/2655 4440/20/11 4442/19/10
f 4443/10/9 4442/19/10 4444/11/2656
f 4441/8/21 4443/10/9 4445/8/21
f 4443/10/9 4441/8/21 4439/10/2655
f 4443/10/9 4446/9/10 4445/8/21
f 4447/8/21 4445/8/21 4446/9/10
f 4448/21/571 4437/6/19 4449/6/5
f 4449/6/5 4450/22/381 4448/21/571
f 4437/6/19 4448/21/571 4436/18/5
f 4437/6/19 4435/18/1612 4418/6/25
f 4451/7/24 4437/6/19 4417/7/24
f 4437/6/19 4418/6/25 4417/7/24
f 4437/6/19 4451/7/24 4449/6/5
f 4449/6/5 4452/21/5 4450/22/381
f 4453/6/5 4452/21/5 4449/6/5
f 4454/18/23 4453/6/5 4455/23/19
f 4452/21/5 4453/6/5 4456/18/5
f 4455/23/19 4457/7/24 4458/7/6
f 4453/6/5 4451/7/24 4457/7/24
f 4451/7/24 4453/6/5 4449/6/5
f 4457/7/24 4455/23/19 4453/6/5
f 4447/8/21 4459/24/21 4445/8/21
f 4459/24/21 4441/8/21 4445/8/21
f 4441/8/21 4459/24/21 4460/24/22
f 4461/25/21 4441/8/21 4460/24/22
f 4441/8/21 4461/25/21 4420/8/21
f 4462/28/28 4463/28/28 4464/26/28
f 4465/27/28 4464/26/28 4463/28/28
f 4466/30/29 4464/26/29 4465/27/29
f 4464/26/29 4466/30/29 4467/29/29
f 4468/31/30 4469/31/30 4462/28/30
f 4462/28/30 4469/31/30 4463/28/30
f 4466/30/15 4468/31/15 4467/29/15
f 4468/31/15 4466/30/15 4469/31/15
f 4470/33/31 4471/32/31 4472/34/31
f 4471/32/31 4470/33/31 4473/32/31
f 4474/35/15 4475/37/15 4476/36/15
f 4476/36/15 4477/35/15 4474/35/15
f 4478/39/32 4479/38/32 4480/39/32
f 4481/40/32 4480/39/32 4479/38/32
f 4479/38/28 4472/34/28 4481/40/28
f 4472/34/28 4479/38/28 4470/33/28
f 4482/41/15 4478/39/15 4480/39/15
f 4480/39/15 4483/41/15 4482/41/15
f 4484/42/15 4473/32/15 4485/42/15
f 4473/32/15 4484/42/15 4471/32/15
f 4482/41/33 4483/41/33 4475/37/34
f 4483/41/33 4476/36/33 4475/37/34
f 4477/35/35 4485/42/35 4474/35/36
f 4485/42/35 4477/35/35 4484/42/35
f 4486/32/31 4487/33/31 4488/34/31
f 4487/33/31 4486/32/31 4489/32/31
f 4490/37/15 4491/35/15 4492/36/15
f 4492/36/15 4491/35/15 4493/35/15
f 4494/38/32 4495/39/32 4496/39/32
f 4494/38/32 4496/39/32 4497/40/32
f 4497/40/28 4488/34/28 4494/38/28
f 4494/38/28 4488/34/28 4487/33/28
f 4495/39/15 4498/41/15 4496/39/15
f 4496/39/15 4498/41/15 4499/41/15
f 4500/42/15 4489/32/15 4501/42/15
f 4501/42/15 4489/32/15 4486/32/15
f 4498/41/2657 4490/37/34 4499/41/34
f 4499/41/34 4490/37/34 4492/36/37
f 4493/35/35 4491/35/2658 4500/42/35
f 4493/35/35 4500/42/35 4501/42/38
f 4502/43/2659 4503/45/417 4504/44/2660
f 4505/46/42 4504/44/2660 4503/45/417
f 4410/1/43 4412/2/2661 4506/47/2662
f 4410/1/43 4506/47/2662 4507/48/2663
f 4508/49/2664 4509/51/2665 4510/50/2666
f 4509/51/2665 4511/52/50 4510/50/2666
f 4413/3/2647 4512/53/2667 4414/5/2648
f 4413/3/2647 4513/54/2668 4512/53/2667
f 4514/55/107 4515/57/107 4516/56/107
f 4515/57/107 4514/55/107 4517/58/107
f 4518/59/107 4519/61/107 4520/60/107
f 4519/61/107 4518/59/107 4521/62/107
f 4522/63/107 4523/65/107 4524/64/107
f 4523/65/107 4522/63/107 4525/66/107
f 4442/19/10 4526/67/54 4527/68/260
f 4526/67/54 4442/19/10 4440/20/11
f 4528/70/261 4526/67/54 4529/69/56
f 4526/67/54 4528/70/261 4527/68/2669
f 4530/17/265 4531/16/265 4532/71/265
f 4532/71/265 4531/16/265 4533/72/265
f 4446/9/2670 4534/12/2670 4447/8/2671
f 4534/12/2670 4446/9/2670 4535/11/2670
f 4455/23/2672 4536/17/2673 4454/18/2674
f 4458/7/2675 4536/17/2673 4455/23/2672
f 4537/78/2676 4538/78/2676 4539/79/2676
f 4537/78/2677 4539/79/68 4540/79/68
f 4540/79/68 4539/79/68 4541/80/69
f 4540/79/68 4541/80/69 4542/81/69
f 4543/82/77 4542/81/69 4541/80/69
f 4542/81/69 4543/82/77 4544/82/77
f 4545/83/79 4544/82/77 4543/82/77
f 4545/83/79 4546/83/79 4544/82/77
f 4547/84/73 4546/83/79 4545/83/79
f 4547/84/73 4548/84/73 4546/83/79
f 4548/84/73 4547/84/73 4538/78/76
f 4538/78/76 4537/78/76 4548/84/73
f 4549/207/128 4550/385/2678 4551/207/128
f 4550/385/2678 4510/50/2679 4551/207/128
f 4510/50/2679 4552/143/2680 4551/207/128
f 4427/13/29 4553/94/29 4554/70/29
f 4555/93/29 4554/70/29 4553/94/29
f 4555/93/29 4529/69/29 4554/70/29
f 4528/70/29 4529/69/29 4555/93/29
f 4556/93/29 4528/70/29 4555/93/29
f 4557/13/29 4528/70/29 4556/93/29
f 4458/7/6 4457/7/24 4558/103/24
f 4458/7/6 4558/103/24 4559/102/2041
f 4559/102/2041 4558/103/24 4560/102/92
f 4560/102/92 4561/101/2681 4559/102/2041
f 4561/101/2681 4560/102/92 4562/100/91
f 4562/100/91 4563/99/90 4561/101/2681
f 4563/99/90 4562/100/91 4564/99/90
f 4564/99/90 4565/98/28 4563/99/90
f 4565/98/28 4564/99/90 4566/98/28
f 4567/97/89 4565/98/28 4566/98/28
f 4565/98/28 4567/97/89 4568/97/89
f 4567/97/89 4569/96/88 4568/97/89
f 4568/97/89 4569/96/88 4570/96/88
f 4569/96/88 4571/95/86 4570/96/88
f 4570/96/88 4571/95/86 4572/95/85
f 4459/24/21 4572/95/85 4571/95/86
f 4572/95/85 4459/24/21 4447/8/21
f 4531/16/30 4573/105/30 4533/72/30
f 4574/105/30 4533/72/30 4573/105/30
f 4574/105/30 4575/106/30 4533/72/30
f 4576/72/30 4575/106/30 4574/105/30
f 4577/104/30 4576/72/30 4574/105/30
f 4432/16/30 4576/72/30 4577/104/30
f 4421/8/2682 4420/8/21 4461/25/21
f 4421/8/2682 4461/25/21 4578/209/22
f 4578/209/22 4461/25/21 4579/210/21
f 4578/209/22 4579/210/21 4580/211/217
f 4580/211/217 4581/211/26 4578/209/22
f 4581/211/26 4580/211/217 4582/95/219
f 4582/95/219 4583/95/2683 4581/211/26
f 4583/95/2683 4582/95/219 4584/212/221
f 4584/212/221 4585/212/222 4583/95/2683
f 4586/213/223 4585/212/222 4584/212/221
f 4586/213/223 4587/213/223 4585/212/222
f 4588/96/2126 4587/213/223 4586/213/223
f 4589/96/225 4588/96/2126 4586/213/223
f 4590/214/89 4588/96/2126 4589/96/225
f 4591/97/89 4590/214/89 4589/96/225
f 4592/215/28 4590/214/89 4591/97/89
f 4593/98/28 4592/215/28 4591/97/89
f 4594/99/90 4592/215/28 4593/98/28
f 4594/99/90 4595/216/90 4592/215/28
f 4596/100/227 4595/216/90 4594/99/90
f 4596/100/227 4597/100/228 4595/216/90
f 4598/217/229 4597/100/228 4596/100/227
f 4598/217/229 4599/217/2684 4597/100/228
f 4599/217/2684 4598/217/229 4600/218/2685
f 4601/219/231 4600/218/2685 4598/217/229
f 4601/219/231 4602/102/232 4600/218/2685
f 4603/220/233 4602/102/232 4601/219/231
f 4603/220/233 4604/221/24 4602/102/232
f 4605/222/2686 4604/221/24 4603/220/233
f 4605/222/2686 4606/223/24 4604/221/24
f 4607/224/6 4606/223/24 4605/222/2686
f 4608/225/24 4606/223/24 4607/224/6
f 4606/223/24 4608/225/24 4416/7/24
f 4416/7/24 4608/225/24 4417/7/24
f 4608/225/24 4451/7/24 4417/7/24
f 4451/7/24 4608/225/24 4609/103/6
f 4558/103/24 4451/7/24 4609/103/6
f 4451/7/24 4558/103/24 4457/7/24
f 4610/114/29 4611/113/29 4612/114/29
f 4610/114/29 4613/113/103 4611/113/103
f 4613/113/103 4614/112/101 4611/113/103
f 4614/112/101 4613/113/103 4615/112/100
f 4614/112/101 4615/112/100 4616/111/99
f 4615/112/100 4617/111/99 4616/111/99
f 4618/110/98 4616/111/99 4617/111/99
f 4617/111/99 4619/110/98 4618/110/98
f 4618/110/98 4619/110/98 4620/109/96
f 4619/110/98 4621/109/97 4620/109/96
f 4622/108/2687 4620/109/96 4621/109/97
f 4620/109/96 4622/108/2687 4623/108/95
f 4624/107/30 4623/108/95 4622/108/2687
f 4624/107/30 4622/108/95 4625/107/30
f 4626/121/95 4627/122/30 4628/122/30
f 4627/122/30 4626/121/95 4629/121/95
f 4630/120/96 4629/121/95 4626/121/95
f 4629/121/95 4630/120/96 4631/120/106
f 4632/119/98 4631/120/106 4630/120/96
f 4632/119/98 4633/119/98 4631/120/106
f 4634/118/99 4633/119/98 4632/119/98
f 4635/118/99 4633/119/98 4634/118/99
f 4636/117/104 4635/118/99 4634/118/99
f 4636/117/104 4637/117/101 4635/118/99
f 4637/117/101 4636/117/104 4638/116/103
f 4639/116/103 4637/117/101 4638/116/103
f 4638/116/103 4640/115/29 4639/116/103
f 4641/115/29 4639/116/103 4640/115/29
f 4642/73/75 4643/76/2688 4644/386/2689
f 4643/76/2688 4642/73/75 4645/76/2690
f 4643/76/2688 4645/76/2690 4646/77/15
f 4647/77/15 4646/77/15 4645/76/2690
f 4646/77/15 4647/77/15 4648/76/71
f 4649/76/71 4648/76/71 4647/77/15
f 4648/76/71 4649/76/71 4650/74/70
f 4650/74/70 4649/76/71 4651/73/69
f 4651/73/69 4652/75/28 4650/74/70
f 4652/75/28 4651/73/69 4653/75/28
f 4653/75/28 4644/386/2689 4652/75/28
f 4644/386/2689 4653/75/28 4642/73/75
f 4479/38/107 4478/39/107 4482/41/107
f 4479/38/107 4482/41/107 4475/37/107
f 4475/37/107 4470/33/107 4479/38/107
f 4470/33/107 4475/37/107 4474/35/107
f 4470/33/107 4474/35/107 4485/42/107
f 4470/33/107 4485/42/107 4473/32/107
f 4494/38/53 4498/41/53 4495/39/53
f 4494/38/53 4490/37/53 4498/41/53
f 4490/37/53 4494/38/53 4487/33/53
f 4490/37/53 4487/33/53 4491/35/53
f 4487/33/53 4500/42/53 4491/35/53
f 4487/33/53 4489/32/53 4500/42/53
f 4410/1/110 4654/123/109 4411/1/108
f 4410/1/110 4655/123/109 4654/123/109
f 4656/124/111 4654/123/109 4655/123/109
f 4655/123/109 4657/124/111 4656/124/111
f 4658/125/15 4656/124/111 4657/124/111
f 4657/124/111 4659/126/15 4658/125/15
f 4660/127/112 4658/125/15 4659/126/15
f 4661/127/113 4658/125/15 4660/127/112
f 4660/127/112 4662/128/114 4661/127/113
f 4662/128/114 4660/127/112 4663/128/114
f 4662/128/114 4663/128/114 4413/3/115
f 4415/4/116 4662/128/114 4413/3/115
f 4664/129/117 4503/45/417 4665/87/118
f 4503/45/417 4664/129/117 4505/46/42
f 4505/46/42 4664/129/117 4666/130/242
f 4667/130/2691 4505/46/42 4666/130/242
f 4668/131/2692 4667/130/2691 4666/130/242
f 4669/129/2693 4505/46/42 4667/130/2691
f 4504/44/2660 4505/46/42 4669/129/2693
f 4668/131/2692 4670/131/2694 4667/130/2691
f 4671/132/80 4670/131/2694 4668/131/2692
f 4672/130/2695 4669/129/2693 4667/130/2691
f 4670/131/2694 4672/130/2695 4667/130/2691
f 4671/132/80 4673/132/1145 4670/131/2694
f 4674/133/28 4673/132/1145 4671/132/80
f 4670/131/2694 4675/131/2696 4672/130/2695
f 4673/132/1145 4675/131/2696 4670/131/2694
f 4676/134/2697 4669/129/2693 4672/130/2695
f 4672/130/2695 4675/131/2696 4676/134/2697
f 4677/192/2698 4504/44/2660 4669/129/2693
f 4669/129/2693 4676/134/2697 4677/192/2698
f 4504/44/2660 4677/192/2698 4678/191/2699
f 4677/192/2698 4676/134/2697 4679/66/275
f 4679/66/275 4678/191/2699 4677/192/2698
f 4680/189/2700 4504/44/2660 4678/191/2699
f 4504/44/2660 4680/189/2700 4502/43/2659
f 4678/191/2699 4679/66/275 4681/193/2701
f 4680/189/2700 4682/188/2702 4502/43/2659
f 4682/188/2702 4683/186/2703 4502/43/2659
f 4678/191/2699 4684/190/107 4680/189/2700
f 4684/190/107 4678/191/2699 4681/193/2701
f 4685/187/783 4682/188/2702 4680/189/2700
f 4684/190/107 4685/187/783 4680/189/2700
f 4686/185/2704 4683/186/2703 4682/188/2702
f 4685/187/783 4686/185/2704 4682/188/2702
f 4683/186/2703 4686/185/2704 4687/181/2705
f 4686/185/2704 4685/187/783 4688/184/2706
f 4689/178/2707 4687/181/2705 4686/185/2704
f 4688/184/2706 4689/178/2707 4686/185/2704
f 4687/181/2705 4689/178/2707 4690/180/2708
f 4684/190/107 4691/152/695 4685/187/783
f 4685/187/783 4691/152/695 4688/184/2706
f 4681/193/2701 4691/152/695 4684/190/107
f 4679/66/275 4691/152/695 4681/193/2701
f 4689/178/2707 4688/184/2706 4692/183/2709
f 4688/184/2706 4691/152/695 4692/183/2709
f 4689/178/2707 4693/179/2710 4690/180/2708
f 4694/179/2711 4690/180/2708 4693/179/2710
f 4695/175/107 4689/178/2707 4692/183/2709
f 4692/183/2709 4691/152/695 4695/175/107
f 4693/179/2710 4689/178/2707 4696/177/2712
f 4689/178/2707 4695/175/107 4696/177/2712
f 4697/176/2713 4694/179/2711 4693/179/2710
f 4696/177/2712 4697/176/2713 4693/179/2710
f 4698/176/111 4694/179/2711 4697/176/2713
f 4695/175/107 4699/174/2714 4696/177/2712
f 4697/176/2713 4696/177/2712 4699/174/2714
f 4699/174/2714 4695/175/107 4700/173/107
f 4695/175/107 4691/152/695 4700/173/107
f 4699/174/2714 4701/170/2715 4697/176/2713
f 4701/170/2715 4698/176/111 4697/176/2713
f 4700/173/107 4702/171/2716 4699/174/2714
f 4701/170/2715 4699/174/2714 4702/171/2716
f 4702/171/2716 4700/173/107 4703/172/107
f 4700/173/107 4691/152/695 4703/172/107
f 4704/169/107 4702/171/2716 4703/172/107
f 4704/169/107 4703/172/107 4691/152/695
f 4702/171/2716 4704/169/107 4705/168/2717
f 4705/168/2717 4701/170/2715 4702/171/2716
f 4706/165/107 4705/168/2717 4704/169/107
f 4706/165/107 4704/169/107 4691/152/695
f 4701/170/2715 4705/168/2717 4707/167/2718
f 4705/168/2717 4706/165/107 4708/166/2719
f 4708/166/2719 4707/167/2718 4705/168/2717
f 4706/165/107 4709/161/2720 4708/166/2719
f 4707/167/2718 4708/166/2719 4710/164/2721
f 4709/161/2720 4710/164/2721 4708/166/2719
f 4711/164/2722 4707/167/2718 4710/164/2721
f 4712/162/2723 4711/164/2722 4710/164/2721
f 4710/164/2721 4709/161/2720 4712/162/2723
f 4707/167/2718 4711/164/2722 4713/167/113
f 4713/167/113 4701/170/2715 4707/167/2718
f 4712/162/2723 4709/161/2720 4714/159/2724
f 4701/170/2715 4713/167/113 4715/170/15
f 4698/176/111 4701/170/2715 4715/170/15
f 4716/182/113 4715/170/15 4713/167/113
f 4715/170/15 4716/182/113 4717/170/15
f 4713/167/113 4718/164/2722 4716/182/113
f 4717/170/15 4719/176/2725 4715/170/15
f 4715/170/15 4719/176/2725 4698/176/111
f 4718/164/2722 4713/167/113 4711/164/2722
f 4719/176/2725 4720/179/2726 4698/176/111
f 4698/176/111 4720/179/2726 4694/179/2711
f 4512/53/177 4718/164/2722 4711/164/2722
f 4718/164/2722 4512/53/177 4513/54/2727
f 4711/164/2722 4712/162/2723 4512/53/177
f 4512/53/177 4712/162/2723 4714/159/2724
f 4720/179/2726 4506/47/2728 4694/179/2711
f 4506/47/2728 4720/179/2726 4507/48/732
f 4690/180/2708 4694/179/2711 4506/47/2728
f 4506/47/2728 4687/181/2705 4690/180/2708
f 4706/165/107 4721/163/2729 4709/161/2720
f 4721/163/2729 4706/165/107 4691/152/695
f 4722/160/2730 4709/161/2720 4721/163/2729
f 4722/160/2730 4721/163/2729 4691/152/695
f 4709/161/2720 4722/160/2730 4723/158/2731
f 4714/159/2724 4709/161/2720 4723/158/2731
f 4723/158/2731 4724/157/2732 4714/159/2724
f 4722/160/2730 4725/155/783 4723/158/2731
f 4725/155/783 4722/160/2730 4691/152/695
f 4724/157/2732 4723/158/2731 4726/156/2733
f 4723/158/2731 4725/155/783 4726/156/2733
f 4508/49/2664 4724/157/2732 4726/156/2733
f 4726/156/2733 4727/154/2734 4508/49/2664
f 4727/154/2734 4726/156/2733 4725/155/783
f 4509/51/2665 4508/49/2664 4727/154/2734
f 4727/154/2734 4725/155/783 4728/153/213
f 4728/153/213 4725/155/783 4691/152/695
f 4509/51/2665 4727/154/2734 4729/151/2735
f 4728/153/213 4729/151/2735 4727/154/2734
f 4729/151/2735 4728/153/213 4730/151/2736
f 4730/151/2736 4728/153/213 4691/152/695
f 4731/149/213 4729/151/2735 4730/151/2736
f 4731/149/213 4730/151/2736 4691/152/695
f 4732/145/2737 4509/51/2665 4729/151/2735
f 4729/151/2735 4731/149/213 4732/145/2737
f 4509/51/2665 4732/145/2737 4733/142/2738
f 4511/52/50 4509/51/2665 4733/142/2738
f 4731/149/213 4734/144/2739 4732/145/2737
f 4734/144/2739 4733/142/2738 4732/145/2737
f 4734/144/2739 4731/149/213 4735/148/107
f 4735/148/107 4731/149/213 4691/152/695
f 4733/142/2738 4734/144/2739 4736/139/2740
f 4737/139/135 4733/142/2738 4736/139/2740
f 4737/139/135 4511/52/50 4733/142/2738
f 4734/144/2739 4738/138/2741 4736/139/2740
f 4738/138/2741 4737/139/135 4736/139/2740
f 4735/148/107 4739/141/2742 4734/144/2739
f 4734/144/2739 4739/141/2742 4738/138/2741
f 4740/139/239 4511/52/50 4737/139/135
f 4740/139/239 4741/142/50 4511/52/50
f 4741/142/50 4510/50/2666 4511/52/50
f 4510/50/2666 4741/142/50 4552/143/2743
f 4740/139/239 4737/139/135 4742/138/131
f 4743/138/2744 4742/138/131 4737/139/135
f 4737/139/135 4738/138/2741 4743/138/2744
f 4742/138/131 4743/138/2744 4744/137/128
f 4743/138/2744 4745/137/128 4744/137/128
f 4743/138/2744 4738/138/2741 4745/137/128
f 4744/137/128 4745/137/128 4674/133/28
f 4738/138/2741 4746/137/2745 4745/137/128
f 4739/141/2742 4746/137/2745 4738/138/2741
f 4745/137/128 4747/136/28 4674/133/28
f 4745/137/128 4746/137/2745 4747/136/28
f 4674/133/28 4747/136/28 4673/132/1145
f 4747/136/28 4748/132/2746 4673/132/1145
f 4673/132/1145 4748/132/2746 4675/131/2696
f 4746/137/2745 4749/136/2747 4747/136/28
f 4747/136/28 4749/136/2747 4748/132/2746
f 4746/137/2745 4739/141/2742 4750/146/2748
f 4750/146/2748 4749/136/2747 4746/137/2745
f 4675/131/2696 4748/132/2746 4751/135/2749
f 4751/135/2749 4676/134/2697 4675/131/2696
f 4749/136/2747 4752/197/2750 4748/132/2746
f 4752/197/2750 4751/135/2749 4748/132/2746
f 4749/136/2747 4750/146/2748 4753/199/2751
f 4753/199/2751 4752/197/2750 4749/136/2747
f 4750/146/2748 4754/198/107 4753/199/2751
f 4754/198/107 4752/197/2750 4753/199/2751
f 4739/141/2742 4755/150/695 4750/146/2748
f 4754/198/107 4750/146/2748 4755/150/695
f 4755/150/695 4739/141/2742 4756/147/107
f 4739/141/2742 4735/148/107 4756/147/107
f 4756/147/107 4735/148/107 4691/152/695
f 4755/150/695 4756/147/107 4691/152/695
f 4754/198/107 4755/150/695 4691/152/695
f 4752/197/2750 4754/198/107 4757/196/275
f 4754/198/107 4691/152/695 4757/196/275
f 4757/196/275 4751/135/2749 4752/197/2750
f 4757/196/275 4691/152/695 4758/195/107
f 4751/135/2749 4757/196/275 4758/195/107
f 4758/195/107 4691/152/695 4759/194/107
f 4759/194/107 4751/135/2749 4758/195/107
f 4751/135/2749 4759/194/107 4676/134/2697
f 4759/194/107 4691/152/695 4679/66/275
f 4679/66/275 4676/134/2697 4759/194/107
f 4663/128/2752 4513/54/1411 4413/3/1411
f 4513/54/1411 4663/128/2752 4718/164/2752
f 4660/127/2753 4718/164/2752 4663/128/2752
f 4718/164/2752 4660/127/2753 4716/182/2754
f 4660/127/2753 4717/170/2755 4716/182/2754
f 4717/170/2755 4660/127/2753 4659/126/2756
f 4659/126/2756 4657/124/2757 4717/170/2755
f 4717/170/2755 4657/124/2757 4719/176/2757
f 4655/123/2758 4719/176/2757 4657/124/2757
f 4719/176/2757 4655/123/2758 4720/179/2758
f 4655/123/2758 4507/48/2759 4720/179/2758
f 4507/48/2759 4655/123/2758 4410/1/2759
f 4760/387/2760 4761/235/2761 4665/87/2760
f 4665/87/2760 4761/235/2761 4664/129/2761
f 4761/235/2761 4762/234/2762 4664/129/2761
f 4664/129/2761 4762/234/2762 4666/130/2763
f 4762/234/2762 4668/131/2764 4666/130/2763
f 4668/131/2764 4762/234/2762 4763/233/2765
f 4763/233/2765 4671/132/2766 4668/131/2764
f 4671/132/2766 4763/233/2765 4764/232/2766
f 4765/231/2767 4671/132/2766 4764/232/2766
f 4674/133/2768 4671/132/2766 4765/231/2767
f 4744/137/2769 4674/133/2768 4765/231/2767
f 4765/231/2767 4766/230/2770 4744/137/2769
f 4767/229/2771 4744/137/2769 4766/230/2770
f 4744/137/2769 4767/229/2771 4742/138/2771
f 4768/228/2772 4742/138/2771 4767/229/2771
f 4742/138/2771 4768/228/2772 4740/139/2773
f 4768/228/2772 4741/142/2774 4740/139/2773
f 4741/142/2774 4768/228/2772 4769/226/2775
f 4769/226/2775 4552/143/2776 4741/142/2774
f 4769/226/2775 4551/207/2776 4552/143/2776
f 4770/200/2777 4506/47/2662 4412/2/2661
f 4506/47/2662 4770/200/2777 4687/181/2705
f 4771/201/2703 4687/181/2705 4770/200/2777
f 4687/181/2705 4771/201/2703 4683/186/2703
f 4772/202/2778 4683/186/2703 4771/201/2703
f 4683/186/2703 4772/202/2778 4502/43/2659
f 4772/202/2778 4503/45/2779 4502/43/2659
f 4503/45/2779 4772/202/2778 4773/86/2780
f 4774/85/80 4760/387/80 4773/86/2780
f 4773/86/2780 4760/387/80 4503/45/2779
f 4503/45/2779 4760/387/80 4665/87/2781
f 4512/53/2667 4775/203/2782 4414/5/2648
f 4775/203/2782 4512/53/2667 4714/159/2724
f 4714/159/2724 4776/204/2732 4775/203/2782
f 4776/204/2732 4714/159/2724 4724/157/2732
f 4776/204/2732 4724/157/2732 4777/205/2783
f 4777/205/2783 4724/157/2732 4508/49/2664
f 4510/50/2679 4777/205/2783 4508/49/2664
f 4777/205/2783 4510/50/2679 4550/385/2678
f 4778/88/107 4779/90/107 4780/89/107
f 4780/89/107 4779/90/107 4781/91/107
f 4781/91/107 4779/90/107 4782/92/107
f 4453/6/5 4454/18/23 4456/18/5
f 4454/18/23 4530/17/209 4456/18/5
f 4530/17/209 4454/18/23 4536/17/18
f 4530/17/209 4536/17/18 4531/16/17
f 4536/17/18 4783/16/17 4531/16/17
f 4784/14/15 4531/16/17 4783/16/17
f 4783/16/17 4785/208/15 4784/14/15
f 4785/208/15 4786/13/14 4784/14/15
f 4784/14/15 4786/13/14 4557/13/14
f 4557/13/14 4786/13/14 4534/12/211
f 4557/13/14 4534/12/211 4787/12/13
f 4535/11/2655 4787/12/13 4534/12/211
f 4787/12/13 4535/11/2655 4444/11/2656
f 4535/11/2655 4443/10/9 4444/11/2656
f 4443/10/9 4535/11/2655 4446/9/10
f 4534/12/287 4572/95/53 4447/8/53
f 4786/13/53 4572/95/53 4534/12/287
f 4786/13/53 4570/96/53 4572/95/53
f 4785/208/142 4570/96/53 4786/13/53
f 4570/96/53 4785/208/142 4568/97/53
f 4785/208/142 4565/98/53 4568/97/53
f 4785/208/142 4563/99/53 4565/98/53
f 4785/208/142 4561/101/53 4563/99/53
f 4561/101/53 4785/208/142 4783/16/163
f 4559/102/53 4561/101/53 4783/16/163
f 4536/17/2784 4559/102/53 4783/16/163
f 4559/102/53 4536/17/2784 4458/7/188
f 4616/111/107 4611/113/107 4614/112/107
f 4618/110/107 4611/113/107 4616/111/107
f 4611/113/107 4618/110/107 4623/108/107
f 4618/110/107 4620/109/107 4623/108/107
f 4623/108/107 4612/114/107 4611/113/107
f 4612/114/107 4623/108/107 4624/107/107
f 4638/116/107 4628/122/107 4640/115/107
f 4628/122/107 4638/116/107 4626/121/107
f 4634/118/107 4638/116/107 4636/117/107
f 4626/121/107 4638/116/107 4634/118/107
f 4626/121/107 4634/118/107 4632/119/107
f 4632/119/107 4630/120/107 4626/121/107
f 4551/207/238 4788/226/237 4549/207/238
f 4788/226/237 4551/207/238 4769/226/237
f 4769/226/237 4768/228/2785 4788/226/237
f 4789/228/2786 4788/226/237 4768/228/2785
f 4789/228/2786 4768/228/2785 4767/229/130
f 4790/229/2787 4789/228/2786 4767/229/130
f 4767/229/130 4766/230/240 4790/229/2787
f 4790/229/2787 4766/230/240 4791/230/240
f 4766/230/240 4765/231/28 4791/230/240
f 4791/230/240 4765/231/28 4792/231/28
f 4765/231/28 4793/232/241 4792/231/28
f 4793/232/241 4765/231/28 4764/232/241
f 4764/232/241 4794/233/2788 4793/232/241
f 4794/233/2788 4764/232/241 4763/233/121
f 4763/233/121 4795/234/120 4794/233/2788
f 4763/233/121 4762/234/2691 4795/234/120
f 4762/234/2691 4796/235/243 4795/234/120
f 4762/234/2691 4761/235/243 4796/235/243
f 4760/387/244 4796/235/243 4761/235/243
f 4796/235/243 4760/387/244 4774/85/244
f 4797/237/107 4798/239/107 4799/238/107
f 4800/240/107 4798/239/107 4797/237/107
f 4800/240/107 4801/241/107 4798/239/107
f 4798/239/107 4801/241/107 4802/242/107
f 4803/244/107 4804/243/107 4805/245/107
f 4804/243/107 4803/244/107 4806/246/107
f 4803/244/107 4807/247/107 4806/246/107
f 4807/247/107 4803/244/107 4808/248/107
f 4809/253/107 4810/250/107 4811/254/107
f 4812/252/107 4810/250/107 4809/253/107
f 4812/252/107 4813/249/107 4810/250/107
f 4810/250/107 4813/249/107 4814/251/107
f 4815/256/107 4816/255/107 4817/257/107
f 4816/255/107 4815/256/107 4818/258/107
f 4815/256/107 4819/259/107 4818/258/107
f 4819/259/107 4815/256/107 4820/260/107
f 4438/19/2655 4424/11/10 4821/261/262
f 4425/12/55 4821/261/262 4424/11/10
f 4427/13/55 4821/261/262 4425/12/55
f 4554/70/55 4821/261/262 4427/13/55
f 4440/20/11 4438/19/2655 4526/67/54
f 4821/261/2789 4526/67/54 4438/19/2655
f 4554/70/57 4526/67/54 4821/261/2789
f 4529/69/56 4526/67/54 4554/70/57
f 4557/13/258 4527/68/260 4528/70/258
f 4527/68/260 4557/13/258 4787/12/258
f 4444/11/2656 4527/68/260 4787/12/258
f 4527/68/260 4444/11/2656 4442/19/10
f 4822/71/2790 4576/72/58 4432/16/58
f 4432/16/58 4434/17/2790 4822/71/2790
f 4436/18/5 4822/71/2790 4434/17/2790
f 4822/71/2790 4436/18/5 4448/21/571
f 4823/262/266 4575/106/268 4576/72/270
f 4576/72/270 4822/71/2791 4823/262/266
f 4448/21/571 4823/262/266 4822/71/2791
f 4823/262/266 4448/21/571 4450/22/381
f 4823/262/266 4533/72/267 4575/106/268
f 4532/71/267 4533/72/267 4823/262/266
f 4452/21/5 4823/262/266 4450/22/381
f 4823/262/266 4452/21/5 4532/71/267
f 4456/18/5 4532/71/267 4452/21/5
f 4532/71/267 4456/18/5 4530/17/2792
f 4556/93/2793 4460/24/2793 4459/24/2793
f 4556/93/2793 4555/93/2793 4460/24/2793
f 4553/94/2793 4460/24/2793 4555/93/2793
f 4460/24/2793 4553/94/2793 4461/25/2793
f 4608/225/2794 4577/104/2794 4609/103/2794
f 4609/103/2794 4577/104/2794 4574/105/2794
f 4609/103/2794 4574/105/2794 4573/105/2794
f 4558/103/2794 4609/103/2794 4573/105/2794
f 4558/103/214 4573/105/107 4560/102/107
f 4560/102/107 4573/105/107 4784/14/107
f 4784/14/107 4573/105/107 4531/16/107
f 4560/102/107 4784/14/107 4562/100/107
f 4562/100/107 4784/14/107 4564/99/107
f 4564/99/107 4784/14/107 4566/98/107
f 4567/97/107 4566/98/107 4784/14/107
f 4569/96/107 4567/97/107 4784/14/107
f 4571/95/107 4569/96/107 4784/14/107
f 4556/93/107 4571/95/107 4784/14/107
f 4784/14/107 4557/13/107 4556/93/107
f 4459/24/214 4571/95/107 4556/93/107
f 4608/225/53 4607/224/2784 4577/104/53
f 4607/224/2784 4605/222/163 4577/104/53
f 4605/222/163 4603/220/2795 4577/104/53
f 4603/220/2795 4601/219/188 4577/104/53
f 4598/217/53 4577/104/53 4601/219/188
f 4577/104/53 4598/217/53 4429/14/53
f 4429/14/53 4432/16/53 4577/104/53
f 4598/217/53 4596/100/53 4429/14/53
f 4596/100/53 4594/99/53 4429/14/53
f 4594/99/53 4593/98/53 4429/14/53
f 4591/97/53 4429/14/53 4593/98/53
f 4589/96/53 4429/14/53 4591/97/53
f 4586/213/53 4429/14/53 4589/96/53
f 4586/213/53 4553/94/53 4429/14/53
f 4429/14/53 4553/94/53 4427/13/53
f 4553/94/53 4586/213/53 4584/212/143
f 4582/95/2796 4553/94/53 4584/212/143
f 4580/211/163 4553/94/53 4582/95/2796
f 4579/210/287 4553/94/53 4580/211/163
f 4461/25/53 4553/94/53 4579/210/287
f 4646/77/2797 4648/76/2797 4824/263/2797
f 4643/76/2798 4646/77/2799 4824/263/107
f 4648/76/2800 4650/74/2801 4824/263/107
f 4644/386/2802 4643/76/2798 4824/263/107
f 4650/74/2801 4652/75/2803 4824/263/107
f 4652/75/2803 4644/386/2802 4824/263/107
f 4545/83/2799 4825/264/275 4547/84/2798
f 4547/84/2798 4825/264/275 4538/78/2802
f 4543/82/2804 4825/264/275 4545/83/2799
f 4538/78/2802 4825/264/275 4539/79/2803
f 4541/80/2801 4825/264/275 4543/82/2804
f 4539/79/2803 4825/264/275 4541/80/2801
f 4426/12/2805 4422/11/2805 4826/274/2805
f 4826/274/107 4428/13/14 4426/12/210
f 4419/9/11 4826/274/107 4422/11/11
f 4428/13/14 4826/274/107 4827/272/213
f 4827/272/213 4430/15/15 4428/13/14
f 4826/274/107 4419/9/11 4828/276/107
f 4419/9/11 4421/8/2682 4828/276/107
f 4421/8/2682 4578/209/22 4828/276/107
f 4826/274/107 4828/276/107 4829/277/2806
f 4829/277/2806 4828/276/107 4578/209/22
f 4830/275/2807 4826/274/107 4829/277/2806
f 4827/272/213 4826/274/107 4830/275/2807
f 4578/209/22 4831/278/2808 4829/277/2806
f 4831/278/2808 4830/275/2807 4829/277/2806
f 4831/278/2808 4578/209/22 4581/211/26
f 4827/272/213 4830/275/2807 4832/273/2809
f 4581/211/26 4833/281/2810 4831/278/2808
f 4833/281/2810 4581/211/26 4583/95/2683
f 4834/270/107 4827/272/213 4832/273/2809
f 4430/15/15 4827/272/213 4834/270/107
f 4583/95/2683 4835/283/2811 4833/281/2810
f 4835/283/2811 4583/95/2683 4585/212/222
f 4836/266/214 4430/15/15 4834/270/107
f 4836/266/214 4834/270/107 4832/273/2809
f 4431/16/17 4430/15/15 4836/266/214
f 4585/212/222 4837/285/107 4835/283/2811
f 4837/285/107 4585/212/222 4587/213/223
f 4838/18/107 4431/16/17 4836/266/214
f 4433/17/2653 4431/16/17 4838/18/107
f 4838/18/107 4435/18/1612 4433/17/2653
f 4838/18/107 4418/6/25 4435/18/1612
f 4587/213/223 4839/287/107 4837/285/107
f 4839/287/107 4587/213/223 4588/96/2126
f 4588/96/2126 4590/214/89 4839/287/107
f 4418/6/25 4838/18/107 4840/265/107
f 4416/7/24 4418/6/25 4840/265/107
f 4840/265/107 4606/223/24 4416/7/24
f 4841/267/2812 4840/265/107 4838/18/107
f 4606/223/24 4840/265/107 4841/267/2812
f 4838/18/107 4842/268/2813 4841/267/2812
f 4842/268/2813 4838/18/107 4836/266/214
f 4832/273/2809 4842/268/2813 4836/266/214
f 4843/269/2814 4606/223/24 4841/267/2812
f 4842/268/2813 4843/269/2814 4841/267/2812
f 4604/221/24 4606/223/24 4843/269/2814
f 4844/279/2815 4842/268/2813 4832/273/2809
f 4832/273/2809 4830/275/2807 4844/279/2815
f 4843/269/2814 4842/268/2813 4845/300/2816
f 4842/268/2813 4844/279/2815 4845/300/2816
f 4846/271/2817 4604/221/24 4843/269/2814
f 4602/102/232 4604/221/24 4846/271/2817
f 4843/269/2814 4845/300/2816 4847/299/2818
f 4847/299/2818 4846/271/2817 4843/269/2814
f 4848/298/2819 4602/102/232 4846/271/2817
f 4847/299/2818 4848/298/2819 4846/271/2817
f 4600/218/2685 4602/102/232 4848/298/2819
f 4849/284/2820 4847/299/2818 4845/300/2816
f 4845/300/2816 4844/279/2815 4849/284/2820
f 4850/296/107 4600/218/2685 4848/298/2819
f 4599/217/2684 4600/218/2685 4850/296/107
f 4848/298/2819 4847/299/2818 4851/297/2821
f 4851/297/2821 4850/296/107 4848/298/2819
f 4852/295/107 4599/217/2684 4850/296/107
f 4597/100/228 4599/217/2684 4852/295/107
f 4852/295/107 4595/216/90 4597/100/228
f 4850/296/107 4851/297/2821 4853/294/107
f 4852/295/107 4850/296/107 4853/294/107
f 4595/216/90 4852/295/107 4854/293/695
f 4853/294/107 4854/293/695 4852/295/107
f 4854/293/695 4592/215/28 4595/216/90
f 4855/290/2822 4853/294/107 4851/297/2821
f 4855/290/2822 4851/297/2821 4847/299/2818
f 4847/299/2818 4849/284/2820 4855/290/2822
f 4853/294/107 4856/291/107 4854/293/695
f 4853/294/107 4855/290/2822 4856/291/107
f 4592/215/28 4854/293/695 4857/292/695
f 4856/291/107 4857/292/695 4854/293/695
f 4858/289/695 4592/215/28 4857/292/695
f 4856/291/107 4858/289/695 4857/292/695
f 4592/215/28 4858/289/695 4590/214/89
f 4858/289/695 4839/287/107 4590/214/89
f 4858/289/695 4856/291/107 4859/288/107
f 4858/289/695 4859/288/107 4839/287/107
f 4855/290/2822 4859/288/107 4856/291/107
f 4839/287/107 4859/288/107 4837/285/107
f 4860/286/2823 4837/285/107 4859/288/107
f 4859/288/107 4855/290/2822 4860/286/2823
f 4837/285/107 4860/286/2823 4835/283/2811
f 4861/282/2824 4860/286/2823 4855/290/2822
f 4861/282/2824 4835/283/2811 4860/286/2823
f 4849/284/2820 4861/282/2824 4855/290/2822
f 4835/283/2811 4861/282/2824 4833/281/2810
f 4833/281/2810 4861/282/2824 4831/278/2808
f 4862/280/2825 4861/282/2824 4849/284/2820
f 4862/280/2825 4831/278/2808 4861/282/2824
f 4844/279/2815 4862/280/2825 4849/284/2820
f 4830/275/2807 4831/278/2808 4862/280/2825
f 4844/279/2815 4830/275/2807 4862/280/2825
