# Blender 5.2.0 LTS
# www.blender.org
mtllib FL wheel.mtl
o FL_wheel
v 0.006514 0.003100 0.012524
v 0.006698 0.003100 0.012415
v 0.006514 0.002779 0.012541
v 0.006698 0.002767 0.012433
v 0.006514 0.002461 0.012591
v 0.006937 0.003100 0.012373
v 0.006698 0.002438 0.012485
v 0.006514 0.002150 0.012675
v 0.006937 0.002763 0.012391
v 0.006698 0.002116 0.012571
v 0.006514 0.001849 0.012790
v 0.006937 0.002429 0.012443
v 0.008284 0.002763 0.012391
v 0.008284 0.003100 0.012373
v 0.008284 0.002429 0.012443
v 0.008508 0.002767 0.012433
v 0.008508 0.003100 0.012415
v 0.008678 0.002779 0.012541
v 0.008678 0.003100 0.012524
v 0.008678 0.002461 0.012591
v 0.008508 0.002438 0.012485
v 0.008678 0.002150 0.012675
v 0.008508 0.002116 0.012571
v 0.008678 0.001849 0.012790
v 0.008284 0.002103 0.012531
v 0.008508 0.001805 0.012691
v 0.008678 0.001563 0.012936
v 0.008508 0.001508 0.012842
v 0.006937 0.002103 0.012531
v 0.008284 0.001788 0.012652
v 0.008284 0.001487 0.012805
v 0.006698 0.001805 0.012691
v 0.006514 0.001563 0.012936
v 0.006698 0.001508 0.012842
v 0.006937 0.001788 0.012652
v 0.006937 0.001487 0.012805
v 0.006514 0.001293 0.013111
v 0.006698 0.001229 0.013023
v 0.006514 0.001043 0.013314
v 0.006937 0.001204 0.012989
v 0.006698 0.000970 0.013233
v 0.006698 0.000734 0.013469
v 0.006514 0.000815 0.013542
v 0.008284 0.001204 0.012989
v 0.006937 0.000941 0.013202
v 0.008508 0.001229 0.013023
v 0.008284 0.000941 0.013202
v 0.008678 0.001293 0.013111
v 0.008678 0.001043 0.013314
v 0.008508 0.000970 0.013233
v 0.008508 0.000734 0.013469
v 0.008678 0.000815 0.013542
v 0.008284 0.000703 0.013440
v 0.006937 0.000703 0.013440
v 0.008284 0.000490 0.013703
v 0.008508 0.000524 0.013728
v 0.008678 0.000613 0.013792
v 0.008508 0.000343 0.014007
v 0.008678 0.000437 0.014062
v 0.008284 0.000306 0.013986
v 0.006937 0.000490 0.013703
v 0.006937 0.000306 0.013986
v 0.006698 0.000524 0.013728
v 0.006698 0.000343 0.014007
v 0.006514 0.000613 0.013792
v 0.006514 0.000437 0.014062
v 0.008508 -0.000084 0.015599
v 0.008678 0.000042 0.015278
v 0.008678 0.000025 0.015599
v 0.008508 -0.000066 0.015266
v 0.008678 0.000093 0.014960
v 0.008284 -0.000126 0.015599
v 0.008508 -0.000014 0.014937
v 0.008678 0.000176 0.014649
v 0.008284 -0.000108 0.015262
v 0.008508 0.000072 0.014615
v 0.008678 0.000291 0.014348
v 0.008284 -0.000055 0.014928
v 0.006937 -0.000108 0.015262
v 0.006937 -0.000126 0.015599
v 0.006937 -0.000056 0.014928
v 0.006698 -0.000066 0.015266
v 0.006698 -0.000084 0.015599
v 0.006514 0.000042 0.015278
v 0.006514 0.000025 0.015599
v 0.006514 0.000093 0.014960
v 0.006698 -0.000014 0.014937
v 0.006514 0.000176 0.014649
v 0.006698 0.000072 0.014615
v 0.006514 0.000291 0.014348
v 0.006937 0.000032 0.014602
v 0.006698 0.000192 0.014304
v 0.008284 0.000032 0.014602
v 0.006937 0.000153 0.014287
v 0.008508 0.000192 0.014304
v 0.008284 0.000153 0.014287
v 0.008678 0.000042 0.015920
v 0.008508 -0.000066 0.015932
v 0.008678 0.000093 0.016238
v 0.008284 -0.000108 0.015936
v 0.008508 -0.000014 0.016261
v 0.008678 0.000176 0.016549
v 0.008508 0.000072 0.016583
v 0.008678 0.000291 0.016850
v 0.008284 -0.000055 0.016270
v 0.006937 -0.000108 0.015936
v 0.008508 0.000192 0.016894
v 0.008678 0.000437 0.017136
v 0.008508 0.000343 0.017191
v 0.008284 0.000032 0.016596
v 0.008284 0.000153 0.016911
v 0.008284 0.000306 0.017212
v 0.006937 -0.000055 0.016270
v 0.006937 0.000032 0.016596
v 0.006937 0.000153 0.016911
v 0.006937 0.000306 0.017212
v 0.006698 0.000343 0.017191
v 0.006698 0.000192 0.016894
v 0.006514 0.000437 0.017136
v 0.006514 0.000291 0.016850
v 0.006698 0.000072 0.016583
v 0.006514 0.000176 0.016549
v 0.006698 -0.000014 0.016261
v 0.006514 0.000093 0.016238
v 0.006698 -0.000066 0.015932
v 0.006514 0.000042 0.015920
v 0.008678 0.001563 0.018262
v 0.008508 0.001508 0.018356
v 0.008678 0.001293 0.018086
v 0.008508 0.001229 0.018174
v 0.008678 0.001043 0.017884
v 0.008284 0.001487 0.018393
v 0.008508 0.000970 0.017965
v 0.008678 0.000815 0.017656
v 0.008284 0.001204 0.018209
v 0.006937 0.001204 0.018209
v 0.006937 0.001487 0.018393
v 0.008284 0.000941 0.017996
v 0.006698 0.001229 0.018174
v 0.006698 0.001508 0.018356
v 0.006937 0.000941 0.017996
v 0.006514 0.001293 0.018086
v 0.006514 0.001563 0.018262
v 0.006514 0.001043 0.017884
v 0.006698 0.000970 0.017965
v 0.006514 0.000815 0.017656
v 0.006698 0.000734 0.017729
v 0.006937 0.000703 0.017758
v 0.006698 0.000524 0.017470
v 0.006514 0.000613 0.017406
v 0.006937 0.000490 0.017495
v 0.008284 0.000490 0.017495
v 0.008284 0.000703 0.017758
v 0.008508 0.000524 0.017470
v 0.008508 0.000734 0.017729
v 0.008678 0.000613 0.017406
v 0.008678 0.002779 0.018657
v 0.008678 0.003100 0.018674
v 0.008508 0.003100 0.018782
v 0.008508 0.002767 0.018765
v 0.008678 0.002461 0.018606
v 0.008284 0.003100 0.018825
v 0.008508 0.002438 0.018713
v 0.008678 0.002150 0.018523
v 0.008284 0.002763 0.018807
v 0.008508 0.002116 0.018627
v 0.008678 0.001849 0.018408
v 0.008284 0.002429 0.018754
v 0.006937 0.002763 0.018807
v 0.006937 0.003100 0.018825
v 0.006937 0.002429 0.018754
v 0.006698 0.002767 0.018765
v 0.006698 0.003100 0.018782
v 0.006514 0.002779 0.018657
v 0.006514 0.003100 0.018674
v 0.006514 0.002461 0.018606
v 0.006698 0.002438 0.018713
v 0.006514 0.002150 0.018523
v 0.006698 0.002116 0.018627
v 0.006514 0.001849 0.018408
v 0.006937 0.002103 0.018667
v 0.006698 0.001805 0.018507
v 0.008284 0.002103 0.018667
v 0.006937 0.001788 0.018546
v 0.008508 0.001805 0.018507
v 0.008284 0.001788 0.018546
v 0.006514 0.003421 0.018657
v 0.006698 0.003433 0.018765
v 0.006514 0.003739 0.018606
v 0.006698 0.003762 0.018713
v 0.006514 0.004050 0.018523
v 0.006937 0.003437 0.018807
v 0.006698 0.004084 0.018627
v 0.006514 0.004351 0.018408
v 0.006937 0.003771 0.018754
v 0.008284 0.003437 0.018807
v 0.008284 0.003771 0.018754
v 0.008508 0.003433 0.018765
v 0.008678 0.003421 0.018657
v 0.008678 0.003739 0.018606
v 0.008508 0.003762 0.018713
v 0.008678 0.004050 0.018523
v 0.008508 0.004084 0.018627
v 0.008678 0.004351 0.018408
v 0.008284 0.004097 0.018667
v 0.008508 0.004395 0.018507
v 0.008678 0.004637 0.018262
v 0.008508 0.004692 0.018356
v 0.006937 0.004097 0.018667
v 0.008284 0.004412 0.018546
v 0.008284 0.004713 0.018393
v 0.006698 0.004395 0.018507
v 0.006514 0.004637 0.018262
v 0.006698 0.004692 0.018356
v 0.006937 0.004412 0.018546
v 0.006937 0.004713 0.018393
v 0.008678 0.005587 0.017406
v 0.008678 0.005763 0.017136
v 0.008508 0.005857 0.017191
v 0.008508 0.005676 0.017470
v 0.008284 0.005894 0.017212
v 0.008678 0.005385 0.017656
v 0.008284 0.005710 0.017495
v 0.008508 0.005466 0.017729
v 0.008508 0.005230 0.017965
v 0.008678 0.005157 0.017884
v 0.006937 0.005710 0.017495
v 0.006937 0.005894 0.017212
v 0.008284 0.005497 0.017758
v 0.006698 0.005676 0.017470
v 0.006698 0.005857 0.017191
v 0.006937 0.005497 0.017758
v 0.006514 0.005587 0.017406
v 0.006514 0.005763 0.017136
v 0.006514 0.005385 0.017656
v 0.006698 0.005466 0.017729
v 0.006698 0.005230 0.017965
v 0.006514 0.005157 0.017884
v 0.006937 0.005259 0.017996
v 0.006698 0.004971 0.018174
v 0.006514 0.004907 0.018086
v 0.006937 0.004996 0.018209
v 0.008284 0.005259 0.017996
v 0.008284 0.004996 0.018209
v 0.008508 0.004971 0.018174
v 0.008678 0.004907 0.018086
v 0.006514 0.006158 0.015920
v 0.006698 0.006284 0.015599
v 0.006514 0.006175 0.015599
v 0.006698 0.006266 0.015932
v 0.006937 0.006326 0.015599
v 0.006514 0.006107 0.016238
v 0.006937 0.006308 0.015936
v 0.006698 0.006214 0.016261
v 0.006514 0.006024 0.016549
v 0.008284 0.006326 0.015599
v 0.006698 0.006128 0.016583
v 0.006514 0.005909 0.016850
v 0.006937 0.006256 0.016270
v 0.008284 0.006308 0.015936
v 0.006698 0.006008 0.016894
v 0.006937 0.006168 0.016596
v 0.006937 0.006047 0.016911
v 0.008284 0.006256 0.016270
v 0.008284 0.006168 0.016596
v 0.008284 0.006047 0.016911
v 0.008508 0.006008 0.016894
v 0.008678 0.005909 0.016850
v 0.008508 0.006128 0.016583
v 0.008678 0.006024 0.016549
v 0.008508 0.006214 0.016261
v 0.008678 0.006107 0.016238
v 0.008508 0.006266 0.015932
v 0.008678 0.006158 0.015920
v 0.008508 0.006284 0.015599
v 0.008678 0.006175 0.015599
v 0.006514 0.006158 0.015278
v 0.006698 0.006266 0.015266
v 0.006514 0.006107 0.014960
v 0.006698 0.006214 0.014937
v 0.006514 0.006024 0.014649
v 0.006937 0.006308 0.015262
v 0.006698 0.006128 0.014615
v 0.006514 0.005909 0.014348
v 0.006937 0.006256 0.014928
v 0.008284 0.006308 0.015262
v 0.008284 0.006256 0.014928
v 0.008508 0.006266 0.015266
v 0.008678 0.006158 0.015278
v 0.008678 0.006107 0.014960
v 0.008508 0.006214 0.014937
v 0.008678 0.006024 0.014649
v 0.008508 0.006128 0.014615
v 0.008678 0.005909 0.014348
v 0.008284 0.006168 0.014602
v 0.008508 0.006008 0.014304
v 0.008678 0.005763 0.014062
v 0.008508 0.005857 0.014007
v 0.006937 0.006168 0.014602
v 0.008284 0.006047 0.014287
v 0.008284 0.005894 0.013986
v 0.006698 0.006008 0.014304
v 0.006514 0.005763 0.014062
v 0.006698 0.005857 0.014007
v 0.006937 0.006047 0.014287
v 0.006937 0.005894 0.013986
v 0.006514 0.005587 0.013792
v 0.006698 0.005676 0.013728
v 0.006514 0.005385 0.013542
v 0.006698 0.005466 0.013469
v 0.006514 0.005157 0.013314
v 0.006937 0.005710 0.013703
v 0.008284 0.005710 0.013703
v 0.006937 0.005497 0.013440
v 0.008508 0.005676 0.013728
v 0.008678 0.005587 0.013792
v 0.008678 0.005385 0.013542
v 0.008508 0.005466 0.013469
v 0.008678 0.005157 0.013314
v 0.008284 0.005497 0.013440
v 0.008508 0.005230 0.013233
v 0.008284 0.005259 0.013202
v 0.006937 0.005259 0.013202
v 0.008284 0.004996 0.012989
v 0.008508 0.004971 0.013023
v 0.008678 0.004907 0.013111
v 0.008508 0.004692 0.012842
v 0.008678 0.004637 0.012936
v 0.008284 0.004713 0.012805
v 0.006937 0.004996 0.012989
v 0.006937 0.004713 0.012805
v 0.006698 0.005230 0.013233
v 0.006698 0.004971 0.013023
v 0.006698 0.004692 0.012842
v 0.006514 0.004907 0.013111
v 0.006514 0.004637 0.012936
v 0.006514 0.003421 0.012541
v 0.006698 0.003433 0.012433
v 0.006514 0.003739 0.012591
v 0.006937 0.003437 0.012391
v 0.006698 0.003762 0.012485
v 0.006514 0.004050 0.012675
v 0.006698 0.004084 0.012571
v 0.006514 0.004351 0.012790
v 0.006937 0.003771 0.012443
v 0.008284 0.003437 0.012391
v 0.006698 0.004395 0.012691
v 0.006937 0.004097 0.012531
v 0.006937 0.004412 0.012652
v 0.008284 0.003771 0.012443
v 0.008284 0.004097 0.012531
v 0.008284 0.004412 0.012652
v 0.008508 0.004395 0.012691
v 0.008678 0.004351 0.012790
v 0.008508 0.004084 0.012571
v 0.008678 0.004050 0.012675
v 0.008508 0.003762 0.012485
v 0.008678 0.003739 0.012591
v 0.008508 0.003433 0.012433
v 0.008678 0.003421 0.012541
v 0.008749 0.006001 0.015599
v 0.008749 0.005985 0.015296
v 0.008773 0.005779 0.015599
v 0.008773 0.005764 0.015319
v 0.008716 0.005574 0.015599
v 0.008749 0.005938 0.014996
v 0.008716 0.005520 0.015085
v 0.008773 0.005720 0.015042
v 0.008749 0.005859 0.014702
v 0.008773 0.005648 0.014771
v 0.008716 0.005453 0.014835
v 0.008749 0.005751 0.014419
v 0.008773 0.005547 0.014509
v 0.008749 0.005613 0.014148
v 0.008773 0.005420 0.014260
v 0.008716 0.005242 0.014362
v 0.008749 0.005447 0.013894
v 0.008716 0.005101 0.014145
v 0.008773 0.005267 0.014024
v 0.008749 0.005256 0.013658
v 0.008773 0.005091 0.013806
v 0.008749 0.005041 0.013443
v 0.008773 0.004892 0.013608
v 0.008716 0.004938 0.013944
v 0.008749 0.004805 0.013252
v 0.008773 0.004675 0.013432
v 0.008716 0.004755 0.013761
v 0.008773 0.004439 0.013279
v 0.008716 0.004337 0.013457
v 0.008749 0.004551 0.013086
v 0.008773 0.004190 0.013152
v 0.008749 0.004280 0.012948
v 0.008716 0.003864 0.013246
v 0.008773 0.003928 0.013051
v 0.008749 0.003997 0.012840
v 0.008773 0.003657 0.012979
v 0.008749 0.003703 0.012761
v 0.008716 0.003359 0.013139
v 0.008773 0.003380 0.012935
v 0.008749 0.003403 0.012713
v 0.008716 0.003100 0.013125
v 0.008773 0.003100 0.012920
v 0.008749 0.003100 0.012698
v 0.008773 0.002820 0.012935
v 0.008749 0.002797 0.012713
v 0.008716 0.002841 0.013139
v 0.008773 0.002543 0.012979
v 0.008749 0.002497 0.012761
v 0.008749 0.002203 0.012840
v 0.008773 0.002272 0.013051
v 0.008716 0.002336 0.013246
v 0.008749 0.001920 0.012948
v 0.008773 0.002010 0.013152
v 0.008749 0.001649 0.013086
v 0.008773 0.001761 0.013279
v 0.008716 0.001863 0.013457
v 0.008773 0.001525 0.013432
v 0.008749 0.001395 0.013252
v 0.008749 0.001159 0.013443
v 0.008716 0.001445 0.013761
v 0.008773 0.001308 0.013608
v 0.008773 0.001109 0.013806
v 0.008749 0.000944 0.013658
v 0.008749 0.000753 0.013894
v 0.008773 0.000933 0.014024
v 0.008716 0.001262 0.013944
v 0.008749 0.000587 0.014148
v 0.008773 0.000780 0.014260
v 0.008716 0.000958 0.014362
v 0.008749 0.000449 0.014419
v 0.008773 0.000653 0.014509
v 0.008749 0.000341 0.014702
v 0.008773 0.000552 0.014771
v 0.008716 0.000747 0.014835
v 0.008749 0.000262 0.014996
v 0.008773 0.000480 0.015042
v 0.008716 0.000640 0.015340
v 0.008773 0.000436 0.015319
v 0.008749 0.000215 0.015296
v 0.008716 0.000626 0.015599
v 0.008773 0.000421 0.015599
v 0.008749 0.000199 0.015599
v 0.008749 0.000215 0.015902
v 0.008773 0.000436 0.015879
v 0.008749 0.000262 0.016202
v 0.008716 0.000640 0.015857
v 0.008773 0.000480 0.016156
v 0.008749 0.000341 0.016495
v 0.008773 0.000552 0.016427
v 0.008716 0.000747 0.016363
v 0.008749 0.000449 0.016779
v 0.008773 0.000653 0.016688
v 0.008749 0.000587 0.017050
v 0.008773 0.000780 0.016938
v 0.008716 0.000958 0.016836
v 0.008749 0.000753 0.017304
v 0.008716 0.001099 0.017053
v 0.008773 0.000933 0.017173
v 0.008773 0.001109 0.017391
v 0.008749 0.000944 0.017540
v 0.008749 0.001159 0.017755
v 0.008716 0.001445 0.017437
v 0.008773 0.001308 0.017590
v 0.008749 0.001395 0.017946
v 0.008773 0.001525 0.017766
v 0.008749 0.001649 0.018112
v 0.008716 0.001863 0.017741
v 0.008773 0.001761 0.017919
v 0.008749 0.001920 0.018249
v 0.008773 0.002010 0.018046
v 0.008749 0.002203 0.018358
v 0.008773 0.002272 0.018147
v 0.008716 0.002336 0.017952
v 0.008749 0.002497 0.018437
v 0.008773 0.002543 0.018219
v 0.008749 0.002797 0.018484
v 0.008773 0.002820 0.018263
v 0.008716 0.002586 0.018019
v 0.008749 0.003100 0.018500
v 0.008773 0.003100 0.018278
v 0.008716 0.003100 0.018073
v 0.008749 0.003403 0.018484
v 0.008773 0.003380 0.018263
v 0.008749 0.003703 0.018437
v 0.008773 0.003657 0.018219
v 0.008716 0.003359 0.018059
v 0.008749 0.003997 0.018358
v 0.008773 0.003928 0.018147
v 0.008716 0.003864 0.017952
v 0.008749 0.004280 0.018249
v 0.008773 0.004190 0.018046
v 0.008749 0.004551 0.018112
v 0.008773 0.004439 0.017919
v 0.008716 0.004337 0.017741
v 0.008749 0.004805 0.017946
v 0.008773 0.004675 0.017766
v 0.008749 0.005041 0.017755
v 0.008716 0.004755 0.017437
v 0.008773 0.004892 0.017590
v 0.008749 0.005256 0.017540
v 0.008716 0.004938 0.017254
v 0.008773 0.005091 0.017391
v 0.008716 0.005101 0.017053
v 0.008773 0.005267 0.017173
v 0.008749 0.005447 0.017304
v 0.008716 0.005242 0.016836
v 0.008773 0.005420 0.016938
v 0.008749 0.005613 0.017050
v 0.008773 0.005547 0.016688
v 0.008749 0.005751 0.016779
v 0.008749 0.005859 0.016495
v 0.008773 0.005648 0.016427
v 0.008716 0.005453 0.016363
v 0.008749 0.005938 0.016202
v 0.008773 0.005720 0.016156
v 0.008749 0.005985 0.015902
v 0.008773 0.005764 0.015879
v 0.008716 0.005520 0.016113
v 0.006443 0.006001 0.015599
v 0.006443 0.005938 0.014996
v 0.006423 0.005778 0.015599
v 0.006423 0.005719 0.015042
v 0.006487 0.005574 0.015599
v 0.006487 0.005360 0.014593
v 0.006423 0.005546 0.014510
v 0.006443 0.005751 0.014419
v 0.006487 0.005101 0.014145
v 0.006423 0.005266 0.014025
v 0.006443 0.005447 0.013894
v 0.006487 0.004755 0.013761
v 0.006423 0.004892 0.013609
v 0.006443 0.005041 0.013443
v 0.006423 0.004439 0.013280
v 0.006443 0.004551 0.013086
v 0.006423 0.003927 0.013052
v 0.006487 0.003864 0.013246
v 0.006443 0.003997 0.012840
v 0.006443 0.003403 0.012713
v 0.006423 0.003380 0.012936
v 0.006443 0.002797 0.012713
v 0.006423 0.002820 0.012936
v 0.006487 0.003359 0.013139
v 0.006443 0.002203 0.012840
v 0.006423 0.002273 0.013052
v 0.006487 0.002336 0.013246
v 0.006443 0.001649 0.013086
v 0.006423 0.001761 0.013280
v 0.006443 0.001159 0.013443
v 0.006423 0.001308 0.013609
v 0.006487 0.001863 0.013457
v 0.006487 0.001099 0.014145
v 0.006423 0.000934 0.014025
v 0.006443 0.000753 0.013894
v 0.006443 0.000449 0.014419
v 0.006423 0.000654 0.014510
v 0.006487 0.000840 0.014593
v 0.006443 0.000262 0.014996
v 0.006423 0.000481 0.015042
v 0.006423 0.000422 0.015599
v 0.006487 0.000680 0.015085
v 0.006443 0.000199 0.015599
v 0.006423 0.000481 0.016156
v 0.006487 0.000626 0.015599
v 0.006443 0.000262 0.016202
v 0.006423 0.000654 0.016688
v 0.006487 0.000840 0.016605
v 0.006443 0.000449 0.016779
v 0.006443 0.000753 0.017304
v 0.006423 0.000934 0.017173
v 0.006443 0.001159 0.017755
v 0.006423 0.001308 0.017589
v 0.006487 0.001099 0.017053
v 0.006443 0.001649 0.018112
v 0.006423 0.001761 0.017918
v 0.006487 0.001445 0.017437
v 0.006443 0.002203 0.018358
v 0.006487 0.002336 0.017952
v 0.006423 0.002273 0.018145
v 0.006443 0.002797 0.018484
v 0.006423 0.002820 0.018262
v 0.006443 0.003403 0.018484
v 0.006423 0.003380 0.018262
v 0.006487 0.002841 0.018059
v 0.006487 0.003864 0.017952
v 0.006423 0.003927 0.018145
v 0.006443 0.003997 0.018358
v 0.006487 0.004337 0.017741
v 0.006423 0.004439 0.017918
v 0.006443 0.004551 0.018112
v 0.006423 0.004892 0.017589
v 0.006487 0.004755 0.017437
v 0.006443 0.005041 0.017755
v 0.006423 0.005266 0.017173
v 0.006443 0.005447 0.017304
v 0.006423 0.005546 0.016688
v 0.006487 0.005101 0.017053
v 0.006443 0.005751 0.016779
v 0.006423 0.005719 0.016156
v 0.006487 0.005360 0.016605
v 0.006443 0.005938 0.016202
v 0.007691 0.003906 0.015599
v 0.007187 0.003888 0.015431
v 0.007187 0.003906 0.015599
v 0.007691 0.003888 0.015766
v 0.007187 0.003888 0.015766
v 0.007691 0.003836 0.015927
v 0.007187 0.003836 0.015927
v 0.007691 0.003752 0.016073
v 0.007187 0.003752 0.016073
v 0.007383 0.002591 0.017166
v 0.007383 0.002775 0.016598
v 0.007383 0.002882 0.016627
v 0.007383 0.002757 0.017211
v 0.007383 0.002990 0.016644
v 0.007383 0.002928 0.017238
v 0.007383 0.003100 0.016650
v 0.007383 0.003100 0.017247
v 0.007383 0.003210 0.016644
v 0.007383 0.003272 0.017238
v 0.007383 0.003318 0.016627
v 0.007383 0.003443 0.017211
v 0.007383 0.003425 0.016598
v 0.007383 0.003609 0.017166
v 0.007383 0.002430 0.017104
v 0.007383 0.002673 0.016559
v 0.007383 0.002276 0.017026
v 0.007383 0.002575 0.016509
v 0.007383 0.002131 0.016932
v 0.007383 0.002482 0.016449
v 0.007383 0.001997 0.016824
v 0.007383 0.002397 0.016380
v 0.007383 0.001875 0.016702
v 0.007383 0.002319 0.016302
v 0.007383 0.001767 0.016568
v 0.007383 0.002250 0.016216
v 0.007030 0.003609 0.017166
v 0.007030 0.003443 0.017211
v 0.007030 0.003272 0.017238
v 0.007030 0.003100 0.017247
v 0.007030 0.002928 0.017238
v 0.007030 0.002757 0.017211
v 0.007030 0.002591 0.017166
v 0.007030 0.002430 0.017104
v 0.007030 0.002276 0.017026
v 0.007030 0.002131 0.016932
v 0.007030 0.001997 0.016824
v 0.007030 0.001875 0.016702
v 0.007030 0.001767 0.016568
v 0.007030 0.002591 0.014032
v 0.007383 0.002591 0.014032
v 0.007383 0.002430 0.014093
v 0.007030 0.002430 0.014093
v 0.007383 0.002276 0.014172
v 0.007030 0.002276 0.014172
v 0.007383 0.002131 0.014266
v 0.007030 0.002131 0.014266
v 0.007383 0.001997 0.014374
v 0.007030 0.001997 0.014374
v 0.007383 0.001875 0.014496
v 0.007030 0.001875 0.014496
v 0.007383 0.001767 0.014630
v 0.007030 0.001767 0.014630
v 0.007030 0.003609 0.014032
v 0.007383 0.003609 0.014032
v 0.007383 0.003443 0.013987
v 0.007030 0.003443 0.013987
v 0.007383 0.003272 0.013960
v 0.007030 0.003272 0.013960
v 0.007383 0.003100 0.013951
v 0.007030 0.003100 0.013951
v 0.007383 0.002928 0.013960
v 0.007030 0.002928 0.013960
v 0.007383 0.002757 0.013987
v 0.007030 0.002757 0.013987
v 0.007030 0.004433 0.014630
v 0.007383 0.004433 0.014630
v 0.007383 0.004325 0.014496
v 0.007030 0.004325 0.014496
v 0.007383 0.004203 0.014374
v 0.007030 0.004203 0.014374
v 0.007383 0.004069 0.014266
v 0.007030 0.004069 0.014266
v 0.007383 0.003924 0.014172
v 0.007030 0.003924 0.014172
v 0.007383 0.003770 0.014093
v 0.007030 0.003770 0.014093
v 0.007030 0.004527 0.014775
v 0.007383 0.004527 0.014775
v 0.007030 0.004605 0.014929
v 0.007383 0.004605 0.014929
v 0.007030 0.004667 0.015090
v 0.007383 0.004667 0.015090
v 0.007030 0.004712 0.015256
v 0.007383 0.004712 0.015256
v 0.007030 0.004739 0.015427
v 0.007383 0.004739 0.015427
v 0.007030 0.004748 0.015599
v 0.007383 0.004748 0.015599
v 0.007030 0.004739 0.015771
v 0.007383 0.004739 0.015771
v 0.007030 0.004712 0.015942
v 0.007383 0.004712 0.015942
v 0.007030 0.004667 0.016108
v 0.007383 0.004667 0.016108
v 0.007030 0.004605 0.016269
v 0.007383 0.004605 0.016269
v 0.007030 0.004527 0.016423
v 0.007383 0.004527 0.016423
v 0.007030 0.004433 0.016568
v 0.007383 0.004433 0.016568
v 0.007030 0.004325 0.016702
v 0.007383 0.004325 0.016702
v 0.007030 0.004203 0.016824
v 0.007383 0.004203 0.016824
v 0.007030 0.004069 0.016932
v 0.007383 0.004069 0.016932
v 0.007030 0.003924 0.017026
v 0.007383 0.003924 0.017026
v 0.007030 0.003770 0.017104
v 0.007383 0.003770 0.017104
v 0.007187 0.002851 0.014832
v 0.007691 0.002851 0.014832
v 0.007187 0.002697 0.014901
v 0.007691 0.002697 0.014901
v 0.007187 0.002561 0.015000
v 0.007691 0.002561 0.015000
v 0.007187 0.002448 0.015125
v 0.007691 0.002448 0.015125
v 0.007691 0.003016 0.014797
v 0.007187 0.003016 0.014797
v 0.007691 0.003184 0.014797
v 0.007187 0.003184 0.014797
v 0.007691 0.003349 0.014832
v 0.007187 0.003349 0.014832
v 0.007691 0.003503 0.014901
v 0.007187 0.003503 0.014901
v 0.007691 0.003639 0.015000
v 0.007187 0.003639 0.015000
v 0.007691 0.003752 0.015125
v 0.007187 0.003752 0.015125
v 0.007691 0.003836 0.015271
v 0.007187 0.003836 0.015271
v 0.007691 0.003888 0.015431
v 0.007383 0.001673 0.016423
v 0.007383 0.002190 0.016124
v 0.007383 0.001595 0.016269
v 0.007383 0.002140 0.016026
v 0.007383 0.001533 0.016108
v 0.007383 0.002101 0.015924
v 0.007383 0.001488 0.015942
v 0.007383 0.002072 0.015817
v 0.007383 0.001461 0.015771
v 0.007383 0.002055 0.015709
v 0.007383 0.002049 0.015599
v 0.007383 0.001452 0.015599
v 0.007383 0.002250 0.014981
v 0.007383 0.001673 0.014775
v 0.007383 0.002190 0.015074
v 0.007383 0.001595 0.014929
v 0.007383 0.002140 0.015172
v 0.007383 0.001533 0.015090
v 0.007383 0.002101 0.015274
v 0.007383 0.001488 0.015256
v 0.007383 0.002072 0.015380
v 0.007383 0.001461 0.015427
v 0.007383 0.002055 0.015489
v 0.007383 0.002319 0.014896
v 0.007383 0.002397 0.014818
v 0.007383 0.002482 0.014749
v 0.007383 0.002575 0.014689
v 0.007383 0.002673 0.014639
v 0.007383 0.002775 0.014600
v 0.007383 0.002882 0.014571
v 0.007383 0.002990 0.014554
v 0.007383 0.003100 0.014548
v 0.007383 0.003210 0.014554
v 0.007383 0.003318 0.014571
v 0.007383 0.003425 0.014600
v 0.007383 0.003950 0.014981
v 0.007383 0.003881 0.014896
v 0.007383 0.003803 0.014818
v 0.007383 0.003718 0.014749
v 0.007383 0.003625 0.014689
v 0.007383 0.003527 0.014639
v 0.007383 0.004010 0.015074
v 0.007383 0.004060 0.015172
v 0.007383 0.004099 0.015274
v 0.007383 0.004128 0.015380
v 0.007383 0.004145 0.015489
v 0.007383 0.004151 0.015599
v 0.007383 0.004010 0.016124
v 0.007383 0.003950 0.016216
v 0.007383 0.004060 0.016026
v 0.007383 0.004099 0.015924
v 0.007383 0.004128 0.015817
v 0.007383 0.004145 0.015709
v 0.007383 0.003527 0.016559
v 0.007383 0.003625 0.016509
v 0.007383 0.003718 0.016449
v 0.007383 0.003803 0.016380
v 0.007383 0.003881 0.016302
v 0.007030 0.001673 0.016423
v 0.007030 0.001595 0.016269
v 0.007030 0.001533 0.016108
v 0.007030 0.001488 0.015942
v 0.007030 0.001461 0.015771
v 0.007030 0.001452 0.015599
v 0.007030 0.001461 0.015427
v 0.007030 0.001488 0.015256
v 0.007030 0.001533 0.015090
v 0.007030 0.001595 0.014929
v 0.007030 0.001673 0.014775
v 0.007237 0.002853 0.016360
v 0.007237 0.002700 0.016292
v 0.007237 0.002565 0.016194
v 0.007237 0.002453 0.016069
v 0.007237 0.002369 0.015924
v 0.007237 0.002317 0.015765
v 0.007237 0.002300 0.015599
v 0.007237 0.002317 0.015433
v 0.007237 0.002369 0.015273
v 0.007237 0.002453 0.015129
v 0.007237 0.002565 0.015004
v 0.007237 0.002700 0.014906
v 0.007237 0.002853 0.014838
v 0.007237 0.003016 0.014803
v 0.007237 0.003184 0.014803
v 0.007237 0.003347 0.014838
v 0.007237 0.003500 0.014906
v 0.007237 0.003635 0.015004
v 0.007237 0.003747 0.015129
v 0.007237 0.003831 0.015273
v 0.007237 0.003883 0.015433
v 0.007237 0.003900 0.015599
v 0.007237 0.003883 0.015765
v 0.007237 0.003831 0.015924
v 0.007237 0.003747 0.016069
v 0.007237 0.003635 0.016194
v 0.007237 0.003500 0.016292
v 0.007237 0.003347 0.016360
v 0.007237 0.003184 0.016395
v 0.007237 0.003016 0.016395
v 0.007187 0.002697 0.016297
v 0.007691 0.002851 0.016365
v 0.007187 0.002851 0.016365
v 0.007691 0.002697 0.016297
v 0.007187 0.002561 0.016198
v 0.007691 0.002561 0.016198
v 0.007691 0.002448 0.016073
v 0.007187 0.002448 0.016073
v 0.007691 0.002312 0.015766
v 0.007187 0.002294 0.015599
v 0.007691 0.002294 0.015599
v 0.007187 0.002312 0.015766
v 0.007691 0.002364 0.015927
v 0.007187 0.002364 0.015927
v 0.007187 0.002312 0.015431
v 0.007691 0.002312 0.015431
v 0.007187 0.002364 0.015271
v 0.007691 0.002364 0.015271
v 0.007691 0.003639 0.016198
v 0.007187 0.003639 0.016198
v 0.007691 0.003503 0.016297
v 0.007187 0.003503 0.016297
v 0.007691 0.003349 0.016365
v 0.007187 0.003349 0.016365
v 0.007691 0.003016 0.016400
v 0.007187 0.003016 0.016400
v 0.007691 0.003184 0.016400
v 0.007187 0.003184 0.016400
v 0.007691 0.003100 0.015599
v 0.007030 0.003100 0.015599
v 0.008336 0.001293 0.014912
v 0.008247 0.001316 0.014912
v 0.008240 0.001293 0.014912
v 0.008312 0.001638 0.015226
v 0.008408 0.001637 0.015225
v 0.008325 0.001650 0.015268
v 0.008336 0.001293 0.016286
v 0.008240 0.001293 0.016286
v 0.008247 0.001316 0.016286
v 0.008325 0.001650 0.015930
v 0.008408 0.001637 0.015973
v 0.008312 0.001638 0.015972
v 0.008307 0.001615 0.016009
v 0.008383 0.001490 0.016138
v 0.008287 0.001486 0.016142
v 0.008408 0.002292 0.016875
v 0.008325 0.002337 0.016876
v 0.008312 0.002293 0.016874
v 0.008383 0.002090 0.016964
v 0.008307 0.002251 0.016885
v 0.008287 0.002085 0.016966
v 0.008383 0.004086 0.016981
v 0.008307 0.004061 0.016804
v 0.008287 0.004086 0.016987
v 0.008408 0.004503 0.016156
v 0.008312 0.004502 0.016157
v 0.008325 0.004468 0.016184
v 0.008414 0.004400 0.016274
v 0.008314 0.004272 0.016450
v 0.008414 0.004336 0.016363
v 0.008348 0.004923 0.016086
v 0.008385 0.004947 0.016092
v 0.008343 0.004947 0.016091
v 0.008312 0.004502 0.015041
v 0.008408 0.004503 0.015042
v 0.008325 0.004468 0.015014
v 0.008307 0.004061 0.014394
v 0.008383 0.004086 0.014216
v 0.008287 0.004086 0.014211
v 0.008314 0.002652 0.014221
v 0.008414 0.002445 0.014288
v 0.008325 0.002337 0.014322
v 0.008414 0.002549 0.014254
v 0.008307 0.002251 0.014313
v 0.008383 0.002090 0.014234
v 0.008287 0.002085 0.014232
v 0.008378 0.003195 0.017530
v 0.008343 0.003202 0.017507
v 0.008385 0.003202 0.017508
v 0.008348 0.003200 0.017483
v 0.008287 0.003118 0.017302
v 0.008253 0.003200 0.017483
v 0.008383 0.003115 0.017297
v 0.008343 0.001895 0.017083
v 0.008253 0.001911 0.017065
v 0.008247 0.001895 0.017083
v 0.008336 0.001888 0.017105
v 0.008240 0.001888 0.017105
v 0.008315 0.001887 0.017172
v 0.008208 0.001889 0.017171
v 0.008352 0.001885 0.017173
v 0.008310 0.001900 0.017200
v 0.008197 0.001901 0.017199
v 0.008346 0.001896 0.017204
v 0.008307 0.001923 0.017222
v 0.008187 0.001923 0.017222
v 0.008187 0.002054 0.017300
v 0.008397 0.001864 0.017183
v 0.008378 0.001888 0.017105
v 0.008307 0.002054 0.017300
v 0.008187 0.002192 0.017377
v 0.008413 0.001867 0.017104
v 0.008385 0.001895 0.017083
v 0.008307 0.002192 0.017377
v 0.008187 0.002335 0.017444
v 0.008419 0.001877 0.017076
v 0.008307 0.002335 0.017444
v 0.008187 0.002483 0.017498
v 0.008425 0.001895 0.017053
v 0.008390 0.001911 0.017065
v 0.008307 0.002483 0.017498
v 0.008460 0.002076 0.016949
v 0.008425 0.002090 0.016964
v 0.008307 0.002634 0.017541
v 0.008187 0.002634 0.017541
v 0.008343 0.002481 0.017505
v 0.008307 0.002789 0.017571
v 0.008187 0.002789 0.017571
v 0.008343 0.002633 0.017548
v 0.008343 0.002788 0.017579
v 0.008307 0.002946 0.017590
v 0.008187 0.002946 0.017590
v 0.008343 0.002945 0.017598
v 0.008307 0.003098 0.017604
v 0.008187 0.003098 0.017604
v 0.008197 0.003129 0.017598
v 0.008343 0.003098 0.017612
v 0.008310 0.003130 0.017600
v 0.008208 0.003156 0.017582
v 0.008393 0.003098 0.017634
v 0.008315 0.003157 0.017584
v 0.008240 0.003195 0.017530
v 0.008346 0.003130 0.017605
v 0.008336 0.003195 0.017530
v 0.008247 0.003202 0.017508
v 0.008352 0.003158 0.017587
v 0.008413 0.003213 0.017541
v 0.008393 0.003136 0.017627
v 0.008397 0.003169 0.017606
v 0.008419 0.003222 0.017513
v 0.008434 0.003248 0.017556
v 0.008416 0.003184 0.017629
v 0.008390 0.003200 0.017483
v 0.008307 0.003031 0.017139
v 0.008403 0.003031 0.017139
v 0.008425 0.003115 0.017297
v 0.008425 0.003220 0.017483
v 0.008460 0.003135 0.017293
v 0.008445 0.003031 0.017139
v 0.008447 0.003257 0.017477
v 0.008479 0.003051 0.017133
v 0.008449 0.003004 0.017106
v 0.008482 0.003171 0.017282
v 0.008501 0.003086 0.017117
v 0.008481 0.003235 0.017275
v 0.008440 0.003261 0.017518
v 0.008443 0.003400 0.017495
v 0.008483 0.003362 0.017253
v 0.008512 0.003211 0.017013
v 0.008415 0.003419 0.017612
v 0.008443 0.003549 0.017467
v 0.008415 0.003260 0.017631
v 0.008412 0.003261 0.017648
v 0.008415 0.003576 0.017581
v 0.008411 0.003146 0.017653
v 0.008412 0.003421 0.017628
v 0.008410 0.003101 0.017660
v 0.008410 0.003263 0.017665
v 0.008410 0.003424 0.017645
v 0.008412 0.003580 0.017597
v 0.008415 0.003730 0.017538
v 0.008410 0.003584 0.017614
v 0.008443 0.003695 0.017429
v 0.008412 0.003735 0.017554
v 0.008415 0.003880 0.017482
v 0.008412 0.003886 0.017498
v 0.008410 0.003740 0.017570
v 0.008410 0.003893 0.017513
v 0.008410 0.003756 0.017619
v 0.008410 0.003596 0.017665
v 0.008410 0.003432 0.017697
v 0.008416 0.003598 0.017673
v 0.008410 0.003267 0.017717
v 0.008416 0.003434 0.017706
v 0.008416 0.003267 0.017725
v 0.008410 0.003100 0.017724
v 0.008431 0.003268 0.017729
v 0.008410 0.002941 0.017652
v 0.008416 0.003100 0.017732
v 0.008393 0.002944 0.017621
v 0.008410 0.002933 0.017717
v 0.008410 0.002780 0.017633
v 0.008393 0.002784 0.017602
v 0.008410 0.002768 0.017697
v 0.008393 0.002627 0.017570
v 0.008410 0.002620 0.017601
v 0.008393 0.002473 0.017527
v 0.008416 0.002933 0.017725
v 0.008410 0.002604 0.017665
v 0.008431 0.003100 0.017735
v 0.008416 0.002766 0.017706
v 0.008431 0.002932 0.017729
v 0.008410 0.002464 0.017557
v 0.008416 0.002602 0.017673
v 0.008410 0.002443 0.017620
v 0.008431 0.002766 0.017709
v 0.008434 0.002931 0.017749
v 0.008431 0.002601 0.017676
v 0.008434 0.002762 0.017730
v 0.008416 0.002441 0.017627
v 0.008434 0.002596 0.017697
v 0.008431 0.002440 0.017631
v 0.008416 0.002284 0.017569
v 0.008442 0.002761 0.017738
v 0.008442 0.002930 0.017758
v 0.008442 0.002594 0.017705
v 0.008442 0.003100 0.017765
v 0.008434 0.002433 0.017651
v 0.008442 0.002431 0.017659
v 0.008434 0.003100 0.017756
v 0.008442 0.003270 0.017758
v 0.008434 0.003269 0.017749
v 0.008442 0.003439 0.017738
v 0.008434 0.003437 0.017730
v 0.008442 0.003606 0.017705
v 0.008431 0.003434 0.017709
v 0.008434 0.003604 0.017697
v 0.008442 0.003769 0.017659
v 0.008434 0.003767 0.017651
v 0.008442 0.003929 0.017600
v 0.008431 0.003599 0.017676
v 0.008416 0.003759 0.017627
v 0.008431 0.003760 0.017631
v 0.008434 0.003926 0.017592
v 0.008442 0.004083 0.017529
v 0.008431 0.003917 0.017572
v 0.008416 0.003916 0.017569
v 0.008434 0.004079 0.017521
v 0.008442 0.004232 0.017446
v 0.008410 0.003913 0.017562
v 0.008434 0.004227 0.017438
v 0.008442 0.004373 0.017351
v 0.008431 0.004070 0.017502
v 0.008431 0.004216 0.017420
v 0.008434 0.004368 0.017344
v 0.008442 0.004507 0.017246
v 0.008416 0.004068 0.017499
v 0.008434 0.004501 0.017239
v 0.008442 0.004632 0.017131
v 0.008431 0.004356 0.017327
v 0.008434 0.004625 0.017124
v 0.008442 0.004747 0.017006
v 0.008431 0.004487 0.017223
v 0.008434 0.004740 0.017000
v 0.008442 0.004852 0.016872
v 0.008431 0.004611 0.017109
v 0.008434 0.004845 0.016867
v 0.008442 0.004947 0.016731
v 0.008431 0.004724 0.016986
v 0.008434 0.004939 0.016726
v 0.008431 0.004828 0.016855
v 0.008434 0.005022 0.016578
v 0.008442 0.005030 0.016582
v 0.008431 0.004921 0.016715
v 0.008434 0.005093 0.016424
v 0.008442 0.005101 0.016428
v 0.008431 0.005003 0.016569
v 0.008431 0.005074 0.016416
v 0.008434 0.005152 0.016266
v 0.008442 0.005160 0.016268
v 0.008434 0.005198 0.016103
v 0.008442 0.005206 0.016105
v 0.008431 0.005132 0.016259
v 0.008434 0.005231 0.015936
v 0.008442 0.005239 0.015938
v 0.008431 0.005177 0.016098
v 0.008434 0.005251 0.015768
v 0.008442 0.005259 0.015769
v 0.008431 0.005210 0.015933
v 0.008416 0.005129 0.016258
v 0.008434 0.005257 0.015599
v 0.008442 0.005266 0.015599
v 0.008442 0.005259 0.015429
v 0.008431 0.005230 0.015767
v 0.008416 0.005174 0.016097
v 0.008416 0.005207 0.015933
v 0.008434 0.005251 0.015430
v 0.008442 0.005239 0.015260
v 0.008431 0.005236 0.015599
v 0.008434 0.005231 0.015261
v 0.008442 0.005206 0.015093
v 0.008431 0.005230 0.015431
v 0.008431 0.005210 0.015265
v 0.008434 0.005198 0.015095
v 0.008442 0.005160 0.014930
v 0.008431 0.005177 0.015100
v 0.008434 0.005152 0.014932
v 0.008442 0.005101 0.014770
v 0.008431 0.005132 0.014939
v 0.008434 0.005093 0.014773
v 0.008442 0.005030 0.014616
v 0.008431 0.005074 0.014781
v 0.008434 0.005022 0.014620
v 0.008442 0.004947 0.014467
v 0.008416 0.005071 0.014783
v 0.008434 0.004939 0.014472
v 0.008416 0.005129 0.014940
v 0.008431 0.005003 0.014629
v 0.008416 0.005000 0.014631
v 0.008434 0.004845 0.014331
v 0.008442 0.004852 0.014326
v 0.008431 0.004921 0.014483
v 0.008434 0.004740 0.014198
v 0.008442 0.004747 0.014192
v 0.008431 0.004828 0.014343
v 0.008434 0.004625 0.014074
v 0.008442 0.004632 0.014067
v 0.008431 0.004724 0.014212
v 0.008434 0.004501 0.013959
v 0.008442 0.004507 0.013952
v 0.008431 0.004611 0.014088
v 0.008431 0.004487 0.013975
v 0.008416 0.004608 0.014091
v 0.008416 0.004722 0.014214
v 0.008416 0.004826 0.014345
v 0.008410 0.004715 0.014219
v 0.008416 0.004918 0.014484
v 0.008410 0.004819 0.014350
v 0.008410 0.004911 0.014489
v 0.008410 0.004993 0.014634
v 0.008410 0.004765 0.014389
v 0.008410 0.005063 0.014786
v 0.008410 0.004856 0.014524
v 0.008410 0.004935 0.014666
v 0.008410 0.005121 0.014942
v 0.008410 0.005003 0.014813
v 0.008393 0.004907 0.014680
v 0.008393 0.004974 0.014825
v 0.008410 0.005061 0.014963
v 0.008393 0.005035 0.014968
v 0.008343 0.004887 0.014690
v 0.008343 0.004953 0.014834
v 0.008393 0.004829 0.014540
v 0.008343 0.004810 0.014552
v 0.008393 0.004740 0.014407
v 0.008343 0.004722 0.014421
v 0.008307 0.004803 0.014556
v 0.008307 0.004715 0.014425
v 0.008307 0.004880 0.014694
v 0.008187 0.004715 0.014425
v 0.008187 0.004803 0.014556
v 0.008187 0.004880 0.014694
v 0.008307 0.004618 0.014302
v 0.008187 0.004618 0.014302
v 0.008307 0.004946 0.014837
v 0.008187 0.004946 0.014837
v 0.008343 0.005014 0.014975
v 0.008307 0.005006 0.014978
v 0.008187 0.005006 0.014978
v 0.008197 0.005011 0.015009
v 0.008310 0.005012 0.015009
v 0.008208 0.005004 0.015039
v 0.008393 0.005040 0.015007
v 0.008315 0.005006 0.015039
v 0.008240 0.004966 0.015093
v 0.008346 0.005017 0.015008
v 0.008336 0.004966 0.015093
v 0.008247 0.004947 0.015106
v 0.008352 0.005009 0.015040
v 0.008343 0.004947 0.015106
v 0.008253 0.004923 0.015112
v 0.008378 0.004966 0.015093
v 0.008348 0.004923 0.015112
v 0.008385 0.004947 0.015106
v 0.008390 0.004923 0.015112
v 0.008287 0.004725 0.015090
v 0.008425 0.004929 0.015131
v 0.008383 0.004719 0.015089
v 0.008307 0.004543 0.015058
v 0.008403 0.004543 0.015058
v 0.008425 0.004719 0.015089
v 0.008419 0.004958 0.015123
v 0.008460 0.004722 0.015108
v 0.008413 0.004982 0.015106
v 0.008397 0.005030 0.015044
v 0.008434 0.005007 0.015134
v 0.008416 0.005056 0.015052
v 0.008411 0.005068 0.015008
v 0.008415 0.005082 0.015123
v 0.008410 0.005115 0.015115
v 0.008412 0.005098 0.015119
v 0.008415 0.005113 0.015280
v 0.008410 0.005166 0.015103
v 0.008440 0.004975 0.015159
v 0.008416 0.005174 0.015101
v 0.008410 0.005199 0.015267
v 0.008416 0.005207 0.015265
v 0.008410 0.005147 0.015275
v 0.008410 0.005218 0.015432
v 0.008416 0.005226 0.015432
v 0.008412 0.005130 0.015277
v 0.008416 0.005233 0.015599
v 0.008416 0.005226 0.015766
v 0.008410 0.005224 0.015599
v 0.008410 0.005218 0.015766
v 0.008410 0.005199 0.015931
v 0.008410 0.005166 0.015436
v 0.008410 0.005166 0.016095
v 0.008412 0.005149 0.015438
v 0.008410 0.005121 0.016256
v 0.008410 0.005115 0.016083
v 0.008410 0.005147 0.015923
v 0.008410 0.005166 0.015761
v 0.008410 0.005172 0.015599
v 0.008412 0.005155 0.015599
v 0.008412 0.005149 0.015760
v 0.008415 0.005139 0.015599
v 0.008415 0.005132 0.015439
v 0.008415 0.005132 0.015759
v 0.008443 0.005024 0.015599
v 0.008443 0.005016 0.015448
v 0.008412 0.005130 0.015920
v 0.008443 0.005016 0.015750
v 0.008412 0.005098 0.016078
v 0.008415 0.005113 0.015918
v 0.008411 0.005068 0.016190
v 0.008415 0.005082 0.016075
v 0.008410 0.005061 0.016235
v 0.008416 0.005056 0.016146
v 0.008393 0.005040 0.016191
v 0.008434 0.005007 0.016063
v 0.008443 0.004996 0.015899
v 0.008397 0.005030 0.016154
v 0.008440 0.004975 0.016038
v 0.008413 0.004982 0.016091
v 0.008419 0.004958 0.016075
v 0.008447 0.004935 0.016030
v 0.008352 0.005009 0.016158
v 0.008378 0.004966 0.016105
v 0.008346 0.005017 0.016190
v 0.008425 0.004929 0.016067
v 0.008390 0.004923 0.016086
v 0.008253 0.004923 0.016086
v 0.008425 0.004719 0.016109
v 0.008247 0.004947 0.016092
v 0.008336 0.004966 0.016105
v 0.008240 0.004966 0.016105
v 0.008315 0.005006 0.016158
v 0.008208 0.005004 0.016158
v 0.008310 0.005012 0.016189
v 0.008197 0.005011 0.016189
v 0.008343 0.005014 0.016223
v 0.008307 0.005006 0.016220
v 0.008187 0.005006 0.016220
v 0.008187 0.004946 0.016361
v 0.008307 0.004946 0.016361
v 0.008187 0.004880 0.016504
v 0.008393 0.005035 0.016230
v 0.008343 0.004953 0.016364
v 0.008307 0.004880 0.016504
v 0.008187 0.004803 0.016642
v 0.008410 0.005003 0.016384
v 0.008393 0.004974 0.016372
v 0.008343 0.004887 0.016508
v 0.008307 0.004803 0.016642
v 0.008187 0.004715 0.016773
v 0.008393 0.004907 0.016518
v 0.008307 0.004715 0.016773
v 0.008343 0.004810 0.016646
v 0.008307 0.004618 0.016896
v 0.008187 0.004618 0.016896
v 0.008343 0.004722 0.016777
v 0.008393 0.004829 0.016658
v 0.008307 0.004511 0.017012
v 0.008187 0.004511 0.017012
v 0.008343 0.004624 0.016901
v 0.008393 0.004740 0.016791
v 0.008410 0.004856 0.016674
v 0.008410 0.004935 0.016532
v 0.008410 0.005063 0.016412
v 0.008410 0.004993 0.016564
v 0.008416 0.005071 0.016415
v 0.008416 0.005000 0.016567
v 0.008410 0.004911 0.016709
v 0.008416 0.004918 0.016713
v 0.008410 0.004765 0.016809
v 0.008410 0.004819 0.016848
v 0.008416 0.004826 0.016853
v 0.008416 0.004722 0.016984
v 0.008410 0.004715 0.016979
v 0.008416 0.004608 0.017107
v 0.008410 0.004665 0.016936
v 0.008410 0.004602 0.017101
v 0.008416 0.004485 0.017221
v 0.008393 0.004641 0.016916
v 0.008416 0.004354 0.017325
v 0.008410 0.004480 0.017215
v 0.008410 0.004555 0.017056
v 0.008416 0.004215 0.017418
v 0.008410 0.004349 0.017318
v 0.008410 0.004065 0.017492
v 0.008410 0.004210 0.017411
v 0.008410 0.004435 0.017166
v 0.008410 0.004183 0.017366
v 0.008410 0.004311 0.017267
v 0.008410 0.004041 0.017445
v 0.008412 0.004033 0.017430
v 0.008412 0.004174 0.017351
v 0.008415 0.004025 0.017415
v 0.008411 0.004270 0.017288
v 0.008415 0.004165 0.017337
v 0.008416 0.004225 0.017290
v 0.008393 0.004263 0.017261
v 0.008434 0.004131 0.017269
v 0.008397 0.004224 0.017263
v 0.008393 0.004298 0.017245
v 0.008413 0.004150 0.017237
v 0.008393 0.004415 0.017142
v 0.008378 0.004158 0.017218
v 0.008393 0.004533 0.017034
v 0.008343 0.004516 0.017018
v 0.008343 0.004400 0.017125
v 0.008307 0.004395 0.017119
v 0.008187 0.004395 0.017119
v 0.008343 0.004285 0.017226
v 0.008307 0.004280 0.017220
v 0.008187 0.004280 0.017220
v 0.008197 0.004252 0.017234
v 0.008346 0.004254 0.017239
v 0.008310 0.004252 0.017235
v 0.008208 0.004220 0.017236
v 0.008352 0.004222 0.017241
v 0.008315 0.004221 0.017238
v 0.008240 0.004158 0.017217
v 0.008336 0.004158 0.017217
v 0.008247 0.004139 0.017203
v 0.008343 0.004139 0.017203
v 0.008253 0.004127 0.017182
v 0.008419 0.004127 0.017219
v 0.008385 0.004139 0.017203
v 0.008425 0.004111 0.017194
v 0.008390 0.004127 0.017182
v 0.008440 0.004097 0.017246
v 0.008460 0.004068 0.016990
v 0.008425 0.004086 0.016981
v 0.008447 0.004077 0.017211
v 0.008443 0.003971 0.017309
v 0.008482 0.004032 0.017002
v 0.008443 0.003835 0.017374
v 0.008483 0.003860 0.017091
v 0.008481 0.003976 0.017035
v 0.008483 0.003617 0.017189
v 0.008483 0.003739 0.017142
v 0.008483 0.003490 0.017223
v 0.008512 0.003539 0.016949
v 0.008512 0.003322 0.017001
v 0.008512 0.003431 0.016980
v 0.008512 0.003643 0.016911
v 0.008542 0.003307 0.016462
v 0.008512 0.003744 0.016864
v 0.008542 0.003440 0.016419
v 0.008542 0.003374 0.016443
v 0.008512 0.003842 0.016808
v 0.008542 0.003503 0.016390
v 0.008545 0.003319 0.016274
v 0.008545 0.003367 0.016250
v 0.008542 0.003564 0.016356
v 0.008546 0.003404 0.016212
v 0.008515 0.003350 0.016227
v 0.008516 0.003381 0.016196
v 0.008546 0.003429 0.016165
v 0.008253 0.003381 0.016196
v 0.008253 0.003350 0.016227
v 0.008253 0.003401 0.016157
v 0.008515 0.003311 0.016247
v 0.008253 0.003311 0.016247
v 0.008253 0.003267 0.016254
v 0.008516 0.003401 0.016157
v 0.008253 0.003408 0.016113
v 0.008515 0.003267 0.016254
v 0.008253 0.003223 0.016247
v 0.008517 0.003408 0.016113
v 0.008253 0.003401 0.016069
v 0.008516 0.003223 0.016247
v 0.008253 0.003184 0.016227
v 0.008545 0.003267 0.016282
v 0.008516 0.003184 0.016227
v 0.008253 0.003153 0.016196
v 0.008546 0.003214 0.016274
v 0.008542 0.003239 0.016476
v 0.008542 0.003170 0.016484
v 0.008546 0.003167 0.016250
v 0.008517 0.003153 0.016196
v 0.008253 0.003133 0.016157
v 0.008542 0.003100 0.016487
v 0.008518 0.003133 0.016157
v 0.008253 0.003126 0.016113
v 0.008547 0.003129 0.016212
v 0.008546 0.003104 0.016230
v 0.008548 0.003105 0.016165
v 0.008518 0.003126 0.016113
v 0.008253 0.003133 0.016069
v 0.008548 0.003097 0.016112
v 0.008519 0.003133 0.016069
v 0.008253 0.003153 0.016030
v 0.008547 0.003059 0.016166
v 0.008520 0.003153 0.016030
v 0.008253 0.003184 0.015999
v 0.008549 0.003105 0.016060
v 0.008520 0.003184 0.015999
v 0.008253 0.003223 0.015979
v 0.008550 0.003129 0.016012
v 0.008549 0.003066 0.016083
v 0.008551 0.003077 0.015966
v 0.008551 0.003167 0.015975
v 0.008549 0.003015 0.016075
v 0.008521 0.003223 0.015979
v 0.008520 0.003267 0.015972
v 0.008253 0.003267 0.015972
v 0.008551 0.003214 0.015950
v 0.008520 0.003311 0.015979
v 0.008253 0.003311 0.015979
v 0.008551 0.003267 0.015942
v 0.008519 0.003350 0.015999
v 0.008253 0.003350 0.015999
v 0.008550 0.003319 0.015950
v 0.008518 0.003381 0.016030
v 0.008253 0.003381 0.016030
v 0.008549 0.003367 0.015975
v 0.008548 0.003404 0.016012
v 0.008518 0.003401 0.016069
v 0.008548 0.003429 0.016060
v 0.008547 0.003437 0.016112
v 0.008546 0.003468 0.016112
v 0.008547 0.003467 0.016033
v 0.008549 0.003412 0.015971
v 0.008542 0.003622 0.016317
v 0.008546 0.003507 0.016080
v 0.008549 0.003448 0.015935
v 0.008551 0.003335 0.015882
v 0.008547 0.003509 0.015998
v 0.008551 0.003297 0.015910
v 0.008531 0.003329 0.015876
v 0.008531 0.003293 0.015903
v 0.008531 0.003362 0.015845
v 0.008551 0.003257 0.015932
v 0.008531 0.003253 0.015925
v 0.008551 0.003214 0.015949
v 0.008531 0.003211 0.015941
v 0.008551 0.003169 0.015960
v 0.008531 0.003167 0.015952
v 0.008551 0.003123 0.015966
v 0.008531 0.003123 0.015958
v 0.008531 0.003077 0.015958
v 0.008531 0.003033 0.015952
v 0.008551 0.003031 0.015960
v 0.008531 0.002989 0.015941
v 0.008551 0.002986 0.015949
v 0.008531 0.002947 0.015925
v 0.008549 0.002951 0.016058
v 0.008551 0.002943 0.015932
v 0.008531 0.002907 0.015903
v 0.008551 0.002903 0.015910
v 0.008531 0.002871 0.015876
v 0.008549 0.002888 0.016034
v 0.008551 0.002865 0.015882
v 0.008531 0.002838 0.015845
v 0.008549 0.002843 0.016011
v 0.008551 0.002832 0.015851
v 0.008549 0.002825 0.015969
v 0.008551 0.002802 0.015815
v 0.008531 0.002809 0.015810
v 0.008550 0.002834 0.015916
v 0.008551 0.002778 0.015776
v 0.008531 0.002785 0.015772
v 0.008551 0.002801 0.015816
v 0.008551 0.002825 0.015864
v 0.008551 0.002758 0.015734
v 0.008531 0.002765 0.015731
v 0.008551 0.002763 0.015779
v 0.008521 0.002777 0.015834
v 0.008551 0.002744 0.015690
v 0.008531 0.002751 0.015688
v 0.008550 0.002716 0.015754
v 0.008520 0.002746 0.015802
v 0.008520 0.002797 0.015873
v 0.008253 0.002777 0.015834
v 0.008253 0.002746 0.015802
v 0.008253 0.002797 0.015873
v 0.008520 0.002706 0.015782
v 0.008253 0.002706 0.015782
v 0.008520 0.002804 0.015917
v 0.008253 0.002804 0.015917
v 0.008519 0.002797 0.015960
v 0.008253 0.002797 0.015960
v 0.008548 0.002801 0.016016
v 0.008518 0.002777 0.016000
v 0.008253 0.002777 0.016000
v 0.008547 0.002800 0.016082
v 0.008548 0.002763 0.016054
v 0.008518 0.002746 0.016031
v 0.008253 0.002746 0.016031
v 0.008547 0.002716 0.016078
v 0.008517 0.002706 0.016051
v 0.008253 0.002706 0.016051
v 0.008546 0.002726 0.016107
v 0.008516 0.002663 0.016058
v 0.008253 0.002663 0.016058
v 0.008546 0.002663 0.016086
v 0.008516 0.002619 0.016051
v 0.008253 0.002619 0.016051
v 0.008515 0.002580 0.016031
v 0.008253 0.002580 0.016031
v 0.008546 0.002611 0.016078
v 0.008515 0.002548 0.016000
v 0.008253 0.002548 0.016000
v 0.008253 0.002528 0.015960
v 0.008545 0.002563 0.016054
v 0.008545 0.002526 0.016016
v 0.008515 0.002528 0.015960
v 0.008253 0.002521 0.015917
v 0.008516 0.002521 0.015917
v 0.008253 0.002528 0.015873
v 0.008516 0.002528 0.015873
v 0.008253 0.002548 0.015834
v 0.008546 0.002493 0.015916
v 0.008517 0.002548 0.015834
v 0.008253 0.002580 0.015802
v 0.008546 0.002502 0.015864
v 0.008545 0.002502 0.015969
v 0.008518 0.002580 0.015802
v 0.008253 0.002619 0.015782
v 0.008547 0.002526 0.015816
v 0.008518 0.002619 0.015782
v 0.008253 0.002663 0.015775
v 0.008548 0.002563 0.015779
v 0.008546 0.002501 0.015798
v 0.008519 0.002663 0.015775
v 0.008549 0.002663 0.015746
v 0.008548 0.002611 0.015754
v 0.008549 0.002629 0.015716
v 0.008547 0.002548 0.015735
v 0.008549 0.002621 0.015666
v 0.008551 0.002735 0.015645
v 0.008531 0.002743 0.015644
v 0.008551 0.002732 0.015599
v 0.008531 0.002740 0.015599
v 0.008531 0.002743 0.015554
v 0.008549 0.002617 0.015599
v 0.008551 0.002735 0.015553
v 0.008531 0.002751 0.015509
v 0.008551 0.002744 0.015507
v 0.008531 0.002765 0.015466
v 0.008549 0.002621 0.015532
v 0.008551 0.002758 0.015463
v 0.008531 0.002785 0.015426
v 0.008549 0.002629 0.015481
v 0.008551 0.002778 0.015422
v 0.008531 0.002809 0.015387
v 0.008550 0.002716 0.015443
v 0.008551 0.002802 0.015383
v 0.008531 0.002838 0.015353
v 0.008551 0.002763 0.015419
v 0.008551 0.002801 0.015382
v 0.008551 0.002832 0.015347
v 0.008551 0.002865 0.015315
v 0.008531 0.002871 0.015322
v 0.008551 0.002825 0.015334
v 0.008521 0.002777 0.015364
v 0.008551 0.002903 0.015288
v 0.008531 0.002907 0.015295
v 0.008550 0.002834 0.015282
v 0.008520 0.002797 0.015325
v 0.008520 0.002746 0.015396
v 0.008253 0.002777 0.015364
v 0.008253 0.002797 0.015325
v 0.008253 0.002746 0.015396
v 0.008520 0.002804 0.015281
v 0.008253 0.002804 0.015281
v 0.008520 0.002706 0.015416
v 0.008253 0.002706 0.015416
v 0.008519 0.002797 0.015238
v 0.008253 0.002797 0.015238
v 0.008519 0.002663 0.015422
v 0.008253 0.002663 0.015422
v 0.008549 0.002663 0.015452
v 0.008518 0.002619 0.015416
v 0.008253 0.002619 0.015416
v 0.008548 0.002611 0.015443
v 0.008547 0.002548 0.015463
v 0.008548 0.002563 0.015419
v 0.008518 0.002580 0.015396
v 0.008253 0.002580 0.015396
v 0.008547 0.002526 0.015382
v 0.008517 0.002548 0.015364
v 0.008253 0.002548 0.015364
v 0.008546 0.002501 0.015400
v 0.008546 0.002502 0.015334
v 0.008516 0.002528 0.015325
v 0.008253 0.002528 0.015325
v 0.008516 0.002521 0.015281
v 0.008253 0.002521 0.015281
v 0.008546 0.002493 0.015282
v 0.008515 0.002528 0.015238
v 0.008253 0.002528 0.015238
v 0.008542 0.002280 0.015259
v 0.008515 0.002548 0.015198
v 0.008253 0.002548 0.015198
v 0.008253 0.002580 0.015167
v 0.008545 0.002502 0.015229
v 0.008515 0.002580 0.015167
v 0.008253 0.002619 0.015147
v 0.008545 0.002526 0.015182
v 0.008516 0.002619 0.015147
v 0.008253 0.002663 0.015140
v 0.008545 0.002563 0.015144
v 0.008516 0.002663 0.015140
v 0.008253 0.002706 0.015147
v 0.008546 0.002611 0.015120
v 0.008517 0.002706 0.015147
v 0.008253 0.002746 0.015167
v 0.008546 0.002663 0.015112
v 0.008518 0.002746 0.015167
v 0.008253 0.002777 0.015198
v 0.008547 0.002716 0.015120
v 0.008518 0.002777 0.015198
v 0.008548 0.002763 0.015144
v 0.008548 0.002801 0.015182
v 0.008549 0.002825 0.015229
v 0.008549 0.002843 0.015187
v 0.008547 0.002800 0.015116
v 0.008546 0.002726 0.015091
v 0.008549 0.002888 0.015164
v 0.008546 0.002769 0.015063
v 0.008551 0.002943 0.015266
v 0.008531 0.002947 0.015273
v 0.008547 0.002847 0.015086
v 0.008551 0.002986 0.015249
v 0.008531 0.002989 0.015257
v 0.008549 0.002951 0.015139
v 0.008551 0.003031 0.015237
v 0.008531 0.003033 0.015245
v 0.008548 0.002897 0.015092
v 0.008551 0.003077 0.015232
v 0.008531 0.003077 0.015240
v 0.008549 0.003015 0.015123
v 0.008551 0.003123 0.015232
v 0.008531 0.003123 0.015240
v 0.008531 0.003167 0.015245
v 0.008551 0.003169 0.015237
v 0.008531 0.003211 0.015257
v 0.008550 0.003129 0.015186
v 0.008551 0.003214 0.015249
v 0.008531 0.003253 0.015273
v 0.008551 0.003167 0.015223
v 0.008551 0.003214 0.015247
v 0.008551 0.003257 0.015266
v 0.008531 0.003293 0.015295
v 0.008521 0.003223 0.015219
v 0.008551 0.003297 0.015288
v 0.008531 0.003329 0.015322
v 0.008551 0.003267 0.015256
v 0.008551 0.003335 0.015315
v 0.008531 0.003362 0.015353
v 0.008550 0.003319 0.015247
v 0.008520 0.003267 0.015226
v 0.008520 0.003311 0.015219
v 0.008549 0.003367 0.015223
v 0.008253 0.003223 0.015219
v 0.008253 0.003267 0.015226
v 0.008253 0.003311 0.015219
v 0.008520 0.003184 0.015199
v 0.008253 0.003184 0.015199
v 0.008520 0.003153 0.015168
v 0.008253 0.003153 0.015168
v 0.008549 0.003105 0.015138
v 0.008519 0.003133 0.015129
v 0.008253 0.003133 0.015129
v 0.008549 0.003066 0.015115
v 0.008548 0.003097 0.015086
v 0.008518 0.003126 0.015085
v 0.008253 0.003126 0.015085
v 0.008518 0.003133 0.015041
v 0.008253 0.003133 0.015041
v 0.008547 0.003059 0.015032
v 0.008548 0.003105 0.015033
v 0.008517 0.003153 0.015002
v 0.008253 0.003153 0.015002
v 0.008547 0.003129 0.014986
v 0.008546 0.003104 0.014968
v 0.008546 0.003167 0.014948
v 0.008516 0.003184 0.014971
v 0.008253 0.003184 0.014971
v 0.008516 0.003223 0.014951
v 0.008253 0.003223 0.014951
v 0.008546 0.003214 0.014924
v 0.008515 0.003267 0.014944
v 0.008253 0.003267 0.014944
v 0.008545 0.003267 0.014916
v 0.008515 0.003311 0.014951
v 0.008253 0.003311 0.014951
v 0.008253 0.003350 0.014971
v 0.008515 0.003350 0.014971
v 0.008253 0.003381 0.015002
v 0.008545 0.003319 0.014924
v 0.008516 0.003381 0.015002
v 0.008253 0.003401 0.015041
v 0.008545 0.003367 0.014948
v 0.008516 0.003401 0.015041
v 0.008253 0.003408 0.015085
v 0.008546 0.003404 0.014986
v 0.008517 0.003408 0.015085
v 0.008253 0.003401 0.015129
v 0.008546 0.003429 0.015033
v 0.008518 0.003401 0.015129
v 0.008253 0.003381 0.015168
v 0.008547 0.003437 0.015086
v 0.008518 0.003381 0.015168
v 0.008253 0.003350 0.015199
v 0.008548 0.003429 0.015138
v 0.008519 0.003350 0.015199
v 0.008548 0.003404 0.015186
v 0.008549 0.003412 0.015227
v 0.008547 0.003467 0.015165
v 0.008546 0.003468 0.015086
v 0.008549 0.003448 0.015263
v 0.008546 0.003507 0.015118
v 0.008551 0.003368 0.015347
v 0.008547 0.003509 0.015199
v 0.008551 0.003398 0.015383
v 0.008531 0.003391 0.015387
v 0.008549 0.003491 0.015315
v 0.008551 0.003422 0.015422
v 0.008531 0.003415 0.015426
v 0.008548 0.003520 0.015249
v 0.008551 0.003442 0.015463
v 0.008531 0.003435 0.015466
v 0.008549 0.003527 0.015371
v 0.008548 0.003532 0.015285
v 0.008551 0.003456 0.015507
v 0.008531 0.003449 0.015509
v 0.008548 0.003562 0.015308
v 0.008551 0.003465 0.015553
v 0.008531 0.003457 0.015554
v 0.008551 0.003478 0.015546
v 0.008551 0.003468 0.015599
v 0.008531 0.003460 0.015599
v 0.008531 0.003457 0.015644
v 0.008550 0.003502 0.015499
v 0.008551 0.003465 0.015645
v 0.008531 0.003449 0.015688
v 0.008551 0.003470 0.015599
v 0.008551 0.003456 0.015690
v 0.008531 0.003435 0.015731
v 0.008551 0.003478 0.015651
v 0.008520 0.003506 0.015555
v 0.008520 0.003506 0.015643
v 0.008521 0.003499 0.015599
v 0.008253 0.003499 0.015599
v 0.008253 0.003506 0.015555
v 0.008253 0.003506 0.015643
v 0.008520 0.003526 0.015516
v 0.008253 0.003526 0.015516
v 0.008520 0.003526 0.015682
v 0.008253 0.003526 0.015682
v 0.008550 0.003502 0.015699
v 0.008519 0.003557 0.015713
v 0.008253 0.003557 0.015713
v 0.008549 0.003540 0.015737
v 0.008551 0.003442 0.015734
v 0.008531 0.003415 0.015772
v 0.008518 0.003597 0.015733
v 0.008253 0.003597 0.015733
v 0.008548 0.003587 0.015761
v 0.008518 0.003640 0.015740
v 0.008253 0.003640 0.015740
v 0.008548 0.003640 0.015769
v 0.008549 0.003550 0.015781
v 0.008517 0.003684 0.015733
v 0.008253 0.003684 0.015733
v 0.008547 0.003626 0.015813
v 0.008547 0.003692 0.015761
v 0.008549 0.003527 0.015826
v 0.008546 0.003701 0.015790
v 0.008546 0.003740 0.015737
v 0.008516 0.003724 0.015713
v 0.008253 0.003724 0.015713
v 0.008516 0.003755 0.015682
v 0.008253 0.003755 0.015682
v 0.008546 0.003777 0.015699
v 0.008515 0.003775 0.015643
v 0.008253 0.003775 0.015643
v 0.008545 0.003801 0.015651
v 0.008515 0.003782 0.015599
v 0.008253 0.003782 0.015599
v 0.008253 0.003775 0.015555
v 0.008545 0.003810 0.015599
v 0.008515 0.003775 0.015555
v 0.008253 0.003755 0.015516
v 0.008516 0.003755 0.015516
v 0.008253 0.003724 0.015485
v 0.008545 0.003801 0.015546
v 0.008516 0.003724 0.015485
v 0.008253 0.003684 0.015465
v 0.008546 0.003777 0.015499
v 0.008517 0.003684 0.015465
v 0.008253 0.003640 0.015458
v 0.008546 0.003740 0.015461
v 0.008518 0.003640 0.015458
v 0.008253 0.003597 0.015465
v 0.008547 0.003692 0.015437
v 0.008518 0.003597 0.015465
v 0.008253 0.003557 0.015485
v 0.008548 0.003640 0.015429
v 0.008519 0.003557 0.015485
v 0.008548 0.003587 0.015437
v 0.008549 0.003540 0.015461
v 0.008549 0.003550 0.015417
v 0.008547 0.003626 0.015384
v 0.008547 0.003606 0.015333
v 0.008546 0.003701 0.015408
v 0.008546 0.003683 0.015360
v 0.008542 0.003944 0.015325
v 0.008542 0.003963 0.015392
v 0.008542 0.003977 0.015460
v 0.008512 0.004479 0.015267
v 0.008542 0.003985 0.015529
v 0.008512 0.004502 0.015377
v 0.008542 0.003988 0.015599
v 0.008512 0.004516 0.015487
v 0.008542 0.003985 0.015669
v 0.008512 0.004520 0.015599
v 0.008483 0.004766 0.015468
v 0.008542 0.003977 0.015738
v 0.008512 0.004516 0.015710
v 0.008542 0.003963 0.015806
v 0.008512 0.004502 0.015821
v 0.008512 0.004479 0.015931
v 0.008542 0.003944 0.015873
v 0.008483 0.004766 0.015730
v 0.008483 0.004754 0.015861
v 0.008483 0.004772 0.015599
v 0.008481 0.004736 0.015989
v 0.008482 0.004723 0.016052
v 0.008501 0.004540 0.016082
v 0.008460 0.004722 0.016090
v 0.008512 0.004450 0.016038
v 0.008445 0.004543 0.016140
v 0.008403 0.004543 0.016140
v 0.008307 0.004543 0.016140
v 0.008479 0.004543 0.016120
v 0.008449 0.004503 0.016156
v 0.008506 0.004486 0.016099
v 0.008483 0.004498 0.016136
v 0.008509 0.004438 0.016134
v 0.008411 0.004468 0.016184
v 0.008453 0.004468 0.016184
v 0.008486 0.004456 0.016165
v 0.008456 0.004400 0.016274
v 0.008490 0.004384 0.016262
v 0.008512 0.004357 0.016243
v 0.008512 0.004405 0.016141
v 0.008542 0.003920 0.015939
v 0.008512 0.004292 0.016331
v 0.008546 0.003683 0.015838
v 0.008542 0.003891 0.016002
v 0.008547 0.003606 0.015865
v 0.008546 0.003659 0.015890
v 0.008546 0.003657 0.015926
v 0.008547 0.003633 0.015897
v 0.008547 0.003599 0.015884
v 0.008534 0.003621 0.015914
v 0.008548 0.003562 0.015890
v 0.008535 0.003596 0.015904
v 0.008423 0.003596 0.015904
v 0.008423 0.003621 0.015914
v 0.008424 0.003570 0.015909
v 0.008534 0.003638 0.015934
v 0.008422 0.003638 0.015934
v 0.008535 0.003570 0.015909
v 0.008424 0.003549 0.015925
v 0.008533 0.003642 0.015961
v 0.008422 0.003642 0.015961
v 0.008546 0.003662 0.015963
v 0.008533 0.003633 0.015986
v 0.008422 0.003633 0.015986
v 0.008422 0.003612 0.016003
v 0.008542 0.003857 0.016063
v 0.008546 0.003650 0.015998
v 0.008533 0.003612 0.016003
v 0.008422 0.003585 0.016007
v 0.008546 0.003620 0.016021
v 0.008534 0.003585 0.016007
v 0.008423 0.003561 0.015997
v 0.008542 0.003818 0.016121
v 0.008534 0.003561 0.015997
v 0.008423 0.003544 0.015977
v 0.008542 0.003775 0.016175
v 0.008512 0.004229 0.016419
v 0.008546 0.003583 0.016027
v 0.008542 0.003728 0.016227
v 0.008512 0.004165 0.016506
v 0.008490 0.004256 0.016438
v 0.008490 0.004319 0.016351
v 0.008456 0.004336 0.016363
v 0.008456 0.004272 0.016450
v 0.008414 0.004272 0.016450
v 0.008490 0.004192 0.016526
v 0.008456 0.004209 0.016538
v 0.008414 0.004209 0.016538
v 0.008490 0.004128 0.016615
v 0.008414 0.004144 0.016627
v 0.008456 0.004144 0.016627
v 0.008325 0.004079 0.016719
v 0.008486 0.004057 0.016714
v 0.008453 0.004079 0.016719
v 0.008411 0.004079 0.016719
v 0.008408 0.004064 0.016761
v 0.008312 0.004064 0.016760
v 0.008449 0.004064 0.016761
v 0.008403 0.004061 0.016804
v 0.008445 0.004061 0.016804
v 0.008483 0.004043 0.016762
v 0.008479 0.004042 0.016811
v 0.008509 0.004022 0.016706
v 0.008501 0.004004 0.016819
v 0.008506 0.004004 0.016762
v 0.008512 0.003935 0.016747
v 0.008512 0.004019 0.016673
v 0.008512 0.004101 0.016595
v 0.008542 0.003677 0.016274
v 0.008546 0.003549 0.016040
v 0.008547 0.003549 0.016014
v 0.008547 0.003525 0.015985
v 0.008548 0.003520 0.015948
v 0.008535 0.003544 0.015977
v 0.008424 0.003540 0.015950
v 0.008535 0.003540 0.015950
v 0.008535 0.003549 0.015925
v 0.008548 0.003532 0.015913
v 0.008549 0.003491 0.015883
v 0.008551 0.003368 0.015851
v 0.008551 0.003422 0.015776
v 0.008531 0.003391 0.015810
v 0.008551 0.003398 0.015815
v 0.008378 0.004158 0.013980
v 0.008343 0.004139 0.013995
v 0.008385 0.004139 0.013995
v 0.008348 0.004127 0.014015
v 0.008390 0.004127 0.014015
v 0.008253 0.004127 0.014015
v 0.008425 0.004086 0.014216
v 0.008403 0.004060 0.014394
v 0.008312 0.004064 0.014437
v 0.008408 0.004064 0.014437
v 0.008325 0.004079 0.014479
v 0.008445 0.004060 0.014394
v 0.008411 0.004079 0.014479
v 0.008449 0.004064 0.014437
v 0.008414 0.004144 0.014571
v 0.008314 0.004272 0.014747
v 0.008453 0.004079 0.014479
v 0.008483 0.004043 0.014436
v 0.008479 0.004041 0.014387
v 0.008460 0.004068 0.014208
v 0.008506 0.004004 0.014436
v 0.008425 0.004111 0.014004
v 0.008501 0.004004 0.014379
v 0.008482 0.004032 0.014195
v 0.008419 0.004127 0.013979
v 0.008447 0.004077 0.013987
v 0.008481 0.003976 0.014163
v 0.008512 0.003935 0.014451
v 0.008512 0.003842 0.014390
v 0.008483 0.003860 0.014107
v 0.008509 0.004022 0.014492
v 0.008512 0.004019 0.014525
v 0.008486 0.004057 0.014484
v 0.008512 0.004101 0.014603
v 0.008542 0.003622 0.014881
v 0.008542 0.003677 0.014924
v 0.008456 0.004144 0.014571
v 0.008490 0.004128 0.014583
v 0.008414 0.004209 0.014660
v 0.008456 0.004209 0.014660
v 0.008414 0.004272 0.014747
v 0.008490 0.004192 0.014672
v 0.008456 0.004272 0.014747
v 0.008414 0.004336 0.014835
v 0.008456 0.004336 0.014835
v 0.008490 0.004256 0.014759
v 0.008512 0.004165 0.014691
v 0.008490 0.004319 0.014847
v 0.008542 0.003728 0.014971
v 0.008456 0.004400 0.014923
v 0.008414 0.004400 0.014923
v 0.008490 0.004384 0.014936
v 0.008411 0.004468 0.015014
v 0.008453 0.004468 0.015014
v 0.008449 0.004503 0.015042
v 0.008512 0.004292 0.014866
v 0.008486 0.004456 0.015033
v 0.008512 0.004229 0.014779
v 0.008512 0.004357 0.014955
v 0.008542 0.003775 0.015022
v 0.008483 0.004498 0.015062
v 0.008509 0.004438 0.015064
v 0.008479 0.004543 0.015078
v 0.008506 0.004486 0.015099
v 0.008512 0.004405 0.015057
v 0.008512 0.004450 0.015159
v 0.008501 0.004540 0.015116
v 0.008445 0.004543 0.015058
v 0.008482 0.004723 0.015146
v 0.008481 0.004736 0.015209
v 0.008447 0.004935 0.015168
v 0.008483 0.004754 0.015337
v 0.008542 0.003920 0.015259
v 0.008443 0.004996 0.015299
v 0.008542 0.003891 0.015196
v 0.008546 0.003659 0.015308
v 0.008542 0.003857 0.015135
v 0.008546 0.003657 0.015272
v 0.008542 0.003818 0.015077
v 0.008546 0.003662 0.015235
v 0.008546 0.003650 0.015200
v 0.008546 0.003620 0.015177
v 0.008533 0.003633 0.015212
v 0.008534 0.003638 0.015263
v 0.008533 0.003642 0.015237
v 0.008422 0.003642 0.015237
v 0.008422 0.003638 0.015263
v 0.008422 0.003633 0.015212
v 0.008423 0.003621 0.015284
v 0.008422 0.003612 0.015195
v 0.008534 0.003621 0.015284
v 0.008423 0.003596 0.015294
v 0.008533 0.003612 0.015195
v 0.008422 0.003585 0.015191
v 0.008534 0.003585 0.015191
v 0.008423 0.003561 0.015200
v 0.008546 0.003583 0.015171
v 0.008534 0.003561 0.015200
v 0.008423 0.003544 0.015221
v 0.008546 0.003549 0.015158
v 0.008535 0.003544 0.015221
v 0.008424 0.003540 0.015247
v 0.008547 0.003549 0.015184
v 0.008547 0.003525 0.015213
v 0.008542 0.003564 0.014842
v 0.008542 0.003503 0.014808
v 0.008512 0.003744 0.014334
v 0.008542 0.003440 0.014779
v 0.008512 0.003643 0.014287
v 0.008542 0.003374 0.014755
v 0.008483 0.003739 0.014055
v 0.008512 0.003539 0.014249
v 0.008542 0.003307 0.014736
v 0.008483 0.003617 0.014009
v 0.008542 0.003239 0.014722
v 0.008512 0.003431 0.014218
v 0.008542 0.003170 0.014714
v 0.008512 0.003322 0.014197
v 0.008483 0.003490 0.013974
v 0.008512 0.003211 0.014185
v 0.008483 0.003362 0.013945
v 0.008542 0.003100 0.014711
v 0.008443 0.003549 0.013731
v 0.008546 0.003053 0.014970
v 0.008443 0.003695 0.013769
v 0.008547 0.003004 0.015035
v 0.008443 0.003835 0.013824
v 0.008443 0.003971 0.013889
v 0.008440 0.004097 0.013952
v 0.008434 0.004131 0.013929
v 0.008415 0.004025 0.013783
v 0.008413 0.004150 0.013961
v 0.008397 0.004224 0.013934
v 0.008415 0.004165 0.013861
v 0.008416 0.004225 0.013907
v 0.008352 0.004222 0.013957
v 0.008412 0.004174 0.013846
v 0.008393 0.004263 0.013937
v 0.008411 0.004270 0.013910
v 0.008336 0.004158 0.013981
v 0.008247 0.004139 0.013995
v 0.008240 0.004158 0.013981
v 0.008315 0.004221 0.013960
v 0.008208 0.004220 0.013961
v 0.008346 0.004254 0.013958
v 0.008310 0.004252 0.013963
v 0.008197 0.004252 0.013964
v 0.008307 0.004280 0.013978
v 0.008187 0.004280 0.013978
v 0.008187 0.004395 0.014079
v 0.008343 0.004285 0.013972
v 0.008307 0.004395 0.014079
v 0.008187 0.004511 0.014186
v 0.008393 0.004298 0.013953
v 0.008307 0.004511 0.014186
v 0.008343 0.004400 0.014073
v 0.008410 0.004311 0.013931
v 0.008343 0.004624 0.014297
v 0.008343 0.004516 0.014180
v 0.008393 0.004641 0.014282
v 0.008393 0.004415 0.014055
v 0.008393 0.004533 0.014164
v 0.008410 0.004665 0.014262
v 0.008410 0.004555 0.014142
v 0.008410 0.004602 0.014097
v 0.008410 0.004435 0.014032
v 0.008410 0.004480 0.013983
v 0.008416 0.004485 0.013977
v 0.008410 0.004349 0.013880
v 0.008416 0.004354 0.013873
v 0.008431 0.004356 0.013871
v 0.008434 0.004368 0.013854
v 0.008442 0.004373 0.013847
v 0.008431 0.004216 0.013778
v 0.008434 0.004227 0.013760
v 0.008442 0.004232 0.013752
v 0.008434 0.004079 0.013677
v 0.008442 0.004083 0.013669
v 0.008416 0.004215 0.013780
v 0.008431 0.004070 0.013696
v 0.008434 0.003926 0.013606
v 0.008442 0.003929 0.013598
v 0.008431 0.003917 0.013625
v 0.008434 0.003767 0.013547
v 0.008442 0.003769 0.013539
v 0.008416 0.004068 0.013698
v 0.008434 0.003604 0.013501
v 0.008442 0.003606 0.013493
v 0.008431 0.003760 0.013567
v 0.008434 0.003437 0.013468
v 0.008442 0.003439 0.013460
v 0.008431 0.003599 0.013522
v 0.008434 0.003269 0.013448
v 0.008442 0.003270 0.013440
v 0.008431 0.003434 0.013489
v 0.008434 0.003100 0.013442
v 0.008442 0.003100 0.013433
v 0.008431 0.003268 0.013469
v 0.008434 0.002931 0.013448
v 0.008442 0.002930 0.013440
v 0.008431 0.003100 0.013463
v 0.008434 0.002762 0.013468
v 0.008442 0.002761 0.013460
v 0.008431 0.002932 0.013469
v 0.008434 0.002596 0.013501
v 0.008442 0.002594 0.013493
v 0.008431 0.002766 0.013489
v 0.008434 0.002433 0.013547
v 0.008442 0.002431 0.013539
v 0.008431 0.002601 0.013522
v 0.008434 0.002275 0.013606
v 0.008442 0.002271 0.013598
v 0.008431 0.002440 0.013567
v 0.008434 0.002121 0.013677
v 0.008442 0.002117 0.013669
v 0.008431 0.002283 0.013625
v 0.008434 0.001973 0.013760
v 0.008442 0.001968 0.013752
v 0.008431 0.002130 0.013696
v 0.008431 0.001984 0.013777
v 0.008434 0.001832 0.013854
v 0.008442 0.001827 0.013847
v 0.008431 0.001844 0.013871
v 0.008434 0.001699 0.013959
v 0.008442 0.001693 0.013952
v 0.008431 0.001713 0.013975
v 0.008434 0.001575 0.014074
v 0.008442 0.001568 0.014067
v 0.008431 0.001589 0.014088
v 0.008434 0.001460 0.014198
v 0.008442 0.001453 0.014192
v 0.008416 0.001592 0.014091
v 0.008434 0.001355 0.014331
v 0.008442 0.001348 0.014326
v 0.008431 0.001476 0.014212
v 0.008434 0.001261 0.014472
v 0.008442 0.001253 0.014467
v 0.008431 0.001372 0.014343
v 0.008434 0.001178 0.014620
v 0.008442 0.001170 0.014616
v 0.008431 0.001279 0.014483
v 0.008431 0.001197 0.014629
v 0.008434 0.001107 0.014773
v 0.008442 0.001099 0.014770
v 0.008442 0.001040 0.014930
v 0.008431 0.001126 0.014781
v 0.008434 0.001048 0.014932
v 0.008442 0.000994 0.015093
v 0.008434 0.001002 0.015095
v 0.008442 0.000961 0.015260
v 0.008431 0.001068 0.014939
v 0.008434 0.000969 0.015262
v 0.008442 0.000941 0.015429
v 0.008431 0.001023 0.015100
v 0.008442 0.000935 0.015566
v 0.008434 0.000944 0.015558
v 0.008434 0.000949 0.015430
v 0.008431 0.000966 0.015540
v 0.008431 0.000990 0.015265
v 0.008431 0.000970 0.015431
v 0.008416 0.000970 0.015536
v 0.008416 0.001026 0.015101
v 0.008416 0.000974 0.015432
v 0.008410 0.000978 0.015532
v 0.008416 0.000993 0.015265
v 0.008410 0.000982 0.015432
v 0.008410 0.000997 0.015527
v 0.008410 0.001002 0.015267
v 0.008410 0.001048 0.015437
v 0.008410 0.001025 0.015530
v 0.008410 0.001044 0.015539
v 0.008410 0.001034 0.015103
v 0.008393 0.001079 0.015439
v 0.008403 0.001055 0.015550
v 0.008397 0.001065 0.015566
v 0.008393 0.001070 0.015581
v 0.008410 0.001067 0.015275
v 0.008393 0.001073 0.015599
v 0.008416 0.001071 0.014940
v 0.008416 0.001129 0.014783
v 0.008410 0.001079 0.014942
v 0.008410 0.001099 0.015116
v 0.008416 0.001199 0.014631
v 0.008410 0.001137 0.014786
v 0.008416 0.001281 0.014484
v 0.008410 0.001207 0.014634
v 0.008410 0.001288 0.014489
v 0.008416 0.001375 0.014345
v 0.008410 0.001381 0.014350
v 0.008416 0.001478 0.014214
v 0.008410 0.001484 0.014219
v 0.008410 0.001333 0.014516
v 0.008410 0.001598 0.014096
v 0.008410 0.001424 0.014381
v 0.008410 0.001524 0.014253
v 0.008412 0.001437 0.014391
v 0.008410 0.001254 0.014658
v 0.008412 0.001348 0.014525
v 0.008412 0.001537 0.014264
v 0.008410 0.001635 0.014134
v 0.008415 0.001451 0.014401
v 0.008412 0.001647 0.014146
v 0.008415 0.001550 0.014275
v 0.008415 0.001362 0.014534
v 0.008443 0.001543 0.014468
v 0.008412 0.001269 0.014666
v 0.008415 0.001284 0.014674
v 0.008412 0.001201 0.014812
v 0.008410 0.001186 0.014806
v 0.008410 0.001140 0.014961
v 0.008411 0.001161 0.014921
v 0.008416 0.001196 0.014892
v 0.008393 0.001182 0.014938
v 0.008415 0.001216 0.014819
v 0.008393 0.001164 0.014972
v 0.008434 0.001284 0.014854
v 0.008397 0.001212 0.014913
v 0.008346 0.001202 0.014950
v 0.008393 0.001129 0.015123
v 0.008343 0.001185 0.014979
v 0.008393 0.001098 0.015280
v 0.008343 0.001151 0.015128
v 0.008343 0.001120 0.015284
v 0.008343 0.001102 0.015441
v 0.008307 0.001159 0.015130
v 0.008307 0.001128 0.015285
v 0.008307 0.001193 0.014981
v 0.008187 0.001128 0.015285
v 0.008187 0.001159 0.015130
v 0.008187 0.001109 0.015442
v 0.008187 0.001193 0.014981
v 0.008197 0.001207 0.014953
v 0.008307 0.001109 0.015442
v 0.008187 0.001103 0.015599
v 0.008310 0.001206 0.014953
v 0.008208 0.001231 0.014933
v 0.008315 0.001230 0.014931
v 0.008352 0.001227 0.014930
v 0.008378 0.001293 0.014911
v 0.008343 0.001316 0.014912
v 0.008253 0.001339 0.014921
v 0.008413 0.001288 0.014891
v 0.008385 0.001316 0.014912
v 0.008419 0.001317 0.014892
v 0.008390 0.001339 0.014921
v 0.008348 0.001339 0.014921
v 0.008383 0.001490 0.015060
v 0.008440 0.001325 0.014853
v 0.008307 0.001615 0.015188
v 0.008287 0.001486 0.015056
v 0.008443 0.001390 0.014728
v 0.008403 0.001615 0.015188
v 0.008425 0.001490 0.015060
v 0.008445 0.001614 0.015188
v 0.008460 0.001499 0.015042
v 0.008479 0.001626 0.015172
v 0.008425 0.001345 0.014903
v 0.008482 0.001521 0.015011
v 0.008447 0.001362 0.014869
v 0.008501 0.001652 0.015143
v 0.008481 0.001547 0.014953
v 0.008483 0.001608 0.014839
v 0.008443 0.001462 0.014595
v 0.008512 0.001789 0.015057
v 0.008483 0.001676 0.014726
v 0.008483 0.001747 0.014616
v 0.008512 0.001835 0.014955
v 0.008443 0.001639 0.014351
v 0.008512 0.001952 0.014765
v 0.008415 0.001659 0.014158
v 0.008483 0.001830 0.014514
v 0.008512 0.001889 0.014857
v 0.008542 0.002343 0.015135
v 0.008542 0.002309 0.015196
v 0.008542 0.002382 0.015077
v 0.008542 0.002425 0.015022
v 0.008512 0.002020 0.014677
v 0.008542 0.002472 0.014971
v 0.008512 0.002096 0.014595
v 0.008483 0.001916 0.014415
v 0.008512 0.002179 0.014520
v 0.008542 0.002523 0.014924
v 0.008542 0.002578 0.014881
v 0.008443 0.001743 0.014242
v 0.008481 0.002005 0.014322
v 0.008447 0.001869 0.014172
v 0.008440 0.001842 0.014141
v 0.008501 0.002219 0.014362
v 0.008434 0.001830 0.014102
v 0.008482 0.002053 0.014279
v 0.008419 0.001877 0.014122
v 0.008425 0.001895 0.014145
v 0.008460 0.002076 0.014248
v 0.008385 0.001895 0.014115
v 0.008390 0.001911 0.014133
v 0.008425 0.002090 0.014234
v 0.008413 0.001867 0.014094
v 0.008479 0.002238 0.014329
v 0.008445 0.002251 0.014313
v 0.008506 0.002273 0.014380
v 0.008483 0.002285 0.014343
v 0.008449 0.002292 0.014323
v 0.008512 0.002266 0.014450
v 0.008509 0.002332 0.014380
v 0.008512 0.002363 0.014393
v 0.008542 0.002636 0.014842
v 0.008512 0.002462 0.014340
v 0.008486 0.002335 0.014344
v 0.008542 0.002697 0.014808
v 0.008453 0.002337 0.014322
v 0.008411 0.002337 0.014322
v 0.008546 0.002819 0.015035
v 0.008547 0.002844 0.015044
v 0.008456 0.002445 0.014288
v 0.008408 0.002292 0.014323
v 0.008312 0.002293 0.014323
v 0.008403 0.002251 0.014313
v 0.008348 0.001911 0.014133
v 0.008253 0.001911 0.014133
v 0.008343 0.001895 0.014115
v 0.008247 0.001895 0.014115
v 0.008336 0.001888 0.014092
v 0.008240 0.001888 0.014093
v 0.008378 0.001888 0.014092
v 0.008315 0.001887 0.014026
v 0.008208 0.001889 0.014027
v 0.008352 0.001885 0.014025
v 0.008397 0.001864 0.014015
v 0.008346 0.001896 0.013994
v 0.008310 0.001900 0.013998
v 0.008197 0.001901 0.013998
v 0.008307 0.001923 0.013976
v 0.008187 0.001923 0.013976
v 0.008187 0.002054 0.013898
v 0.008393 0.001879 0.013979
v 0.008307 0.002054 0.013898
v 0.008187 0.002192 0.013820
v 0.008343 0.001919 0.013970
v 0.008343 0.002050 0.013891
v 0.008307 0.002192 0.013820
v 0.008187 0.002335 0.013754
v 0.008343 0.002188 0.013813
v 0.008307 0.002335 0.013754
v 0.008187 0.002483 0.013700
v 0.008343 0.002332 0.013747
v 0.008393 0.002178 0.013793
v 0.008307 0.002483 0.013700
v 0.008393 0.002324 0.013726
v 0.008343 0.002481 0.013692
v 0.008393 0.002473 0.013671
v 0.008307 0.002634 0.013657
v 0.008187 0.002634 0.013657
v 0.008343 0.002633 0.013650
v 0.008307 0.002789 0.013626
v 0.008187 0.002789 0.013626
v 0.008343 0.002788 0.013619
v 0.008393 0.002627 0.013627
v 0.008393 0.002784 0.013596
v 0.008410 0.002620 0.013597
v 0.008307 0.002946 0.013608
v 0.008187 0.002946 0.013608
v 0.008343 0.002945 0.013600
v 0.008393 0.002944 0.013577
v 0.008307 0.003098 0.013594
v 0.008187 0.003098 0.013594
v 0.008197 0.003129 0.013599
v 0.008343 0.003098 0.013586
v 0.008310 0.003130 0.013598
v 0.008208 0.003156 0.013615
v 0.008393 0.003098 0.013563
v 0.008346 0.003130 0.013593
v 0.008315 0.003157 0.013614
v 0.008240 0.003195 0.013668
v 0.008336 0.003195 0.013668
v 0.008247 0.003202 0.013690
v 0.008352 0.003158 0.013611
v 0.008343 0.003202 0.013690
v 0.008253 0.003200 0.013714
v 0.008348 0.003200 0.013714
v 0.008378 0.003195 0.013667
v 0.008413 0.003213 0.013657
v 0.008385 0.003202 0.013690
v 0.008393 0.003136 0.013571
v 0.008397 0.003169 0.013591
v 0.008419 0.003222 0.013685
v 0.008390 0.003200 0.013714
v 0.008434 0.003248 0.013642
v 0.008416 0.003184 0.013569
v 0.008425 0.003220 0.013715
v 0.008425 0.003115 0.013901
v 0.008440 0.003261 0.013680
v 0.008460 0.003135 0.013904
v 0.008445 0.003031 0.014059
v 0.008447 0.003257 0.013721
v 0.008482 0.003171 0.013916
v 0.008479 0.003051 0.014065
v 0.008449 0.003004 0.014092
v 0.008501 0.003086 0.014081
v 0.008481 0.003235 0.013922
v 0.008443 0.003400 0.013703
v 0.008415 0.003419 0.013586
v 0.008415 0.003260 0.013567
v 0.008415 0.003576 0.013617
v 0.008412 0.003261 0.013550
v 0.008412 0.003421 0.013569
v 0.008411 0.003146 0.013545
v 0.008410 0.003424 0.013552
v 0.008410 0.003101 0.013537
v 0.008410 0.003263 0.013533
v 0.008410 0.002941 0.013546
v 0.008410 0.003100 0.013474
v 0.008410 0.002780 0.013565
v 0.008410 0.002933 0.013481
v 0.008410 0.002768 0.013500
v 0.008410 0.003267 0.013481
v 0.008416 0.003100 0.013466
v 0.008410 0.003432 0.013500
v 0.008416 0.003267 0.013472
v 0.008416 0.002933 0.013472
v 0.008416 0.003434 0.013492
v 0.008416 0.002766 0.013492
v 0.008416 0.003598 0.013525
v 0.008410 0.003596 0.013533
v 0.008416 0.003759 0.013571
v 0.008410 0.003756 0.013578
v 0.008416 0.003916 0.013628
v 0.008410 0.003584 0.013584
v 0.008410 0.003913 0.013636
v 0.008412 0.003580 0.013601
v 0.008410 0.003740 0.013628
v 0.008415 0.003730 0.013660
v 0.008412 0.003735 0.013644
v 0.008410 0.003893 0.013685
v 0.008412 0.003886 0.013700
v 0.008415 0.003880 0.013716
v 0.008412 0.004033 0.013768
v 0.008410 0.004041 0.013753
v 0.008410 0.004183 0.013832
v 0.008410 0.004065 0.013706
v 0.008410 0.004210 0.013787
v 0.008287 0.003118 0.013896
v 0.008383 0.003115 0.013901
v 0.008307 0.003031 0.014059
v 0.008403 0.003031 0.014059
v 0.008312 0.003003 0.014093
v 0.008408 0.003004 0.014092
v 0.008325 0.002967 0.014117
v 0.008411 0.002967 0.014117
v 0.008414 0.002859 0.014154
v 0.008453 0.002967 0.014117
v 0.008486 0.002981 0.014134
v 0.008414 0.002755 0.014188
v 0.008483 0.003021 0.014104
v 0.008456 0.002859 0.014154
v 0.008506 0.003053 0.014126
v 0.008509 0.003005 0.014162
v 0.008512 0.003099 0.014179
v 0.008512 0.002988 0.014190
v 0.008512 0.002876 0.014205
v 0.008542 0.003030 0.014714
v 0.008490 0.002866 0.014173
v 0.008542 0.002961 0.014722
v 0.008512 0.002772 0.014239
v 0.008490 0.002762 0.014207
v 0.008456 0.002755 0.014188
v 0.008490 0.002659 0.014241
v 0.008414 0.002652 0.014221
v 0.008456 0.002652 0.014221
v 0.008456 0.002549 0.014254
v 0.008490 0.002556 0.014274
v 0.008490 0.002452 0.014308
v 0.008512 0.002566 0.014306
v 0.008512 0.002669 0.014272
v 0.008542 0.002760 0.014779
v 0.008542 0.002893 0.014736
v 0.008542 0.002826 0.014755
v 0.008546 0.002890 0.014953
v 0.008546 0.002859 0.014974
v 0.008546 0.002928 0.014952
v 0.008533 0.002896 0.014972
v 0.008546 0.002842 0.015007
v 0.008534 0.002862 0.015011
v 0.008534 0.002863 0.015038
v 0.008533 0.002874 0.014987
v 0.008422 0.002862 0.015011
v 0.008422 0.002874 0.014987
v 0.008423 0.002863 0.015038
v 0.008422 0.002896 0.014972
v 0.008423 0.002878 0.015060
v 0.008422 0.002923 0.014971
v 0.008535 0.002878 0.015060
v 0.008533 0.002923 0.014971
v 0.008424 0.002902 0.015072
v 0.008422 0.002947 0.014984
v 0.008534 0.002947 0.014984
v 0.008423 0.002962 0.015006
v 0.008546 0.002961 0.014968
v 0.008534 0.002962 0.015006
v 0.008423 0.002963 0.015032
v 0.008546 0.002996 0.014978
v 0.008547 0.002981 0.015000
v 0.008547 0.002983 0.015037
v 0.008535 0.002963 0.015032
v 0.008424 0.002951 0.015056
v 0.008548 0.002966 0.015070
v 0.008535 0.002951 0.015056
v 0.008424 0.002929 0.015071
v 0.008535 0.002929 0.015071
v 0.008548 0.002935 0.015091
v 0.008535 0.002902 0.015072
v 0.008547 0.002864 0.015075
v 0.008081 0.001049 0.015599
v 0.006494 0.001049 0.015599
v 0.008081 0.001074 0.015920
v 0.006494 0.001074 0.015920
v 0.008081 0.001149 0.016233
v 0.006494 0.001149 0.016233
v 0.008081 0.001272 0.016530
v 0.006494 0.001272 0.016530
v 0.008081 0.001440 0.016805
v 0.006494 0.001440 0.016805
v 0.008081 0.001649 0.017049
v 0.006494 0.001649 0.017049
v 0.008081 0.001894 0.017258
v 0.006494 0.001894 0.017258
v 0.008081 0.002169 0.017427
v 0.006494 0.002169 0.017427
v 0.008081 0.002466 0.017550
v 0.006494 0.002466 0.017550
v 0.008081 0.002779 0.017625
v 0.006494 0.002779 0.017625
v 0.008081 0.003100 0.017650
v 0.006494 0.003100 0.017650
v 0.006494 0.003421 0.017625
v 0.008081 0.003421 0.017625
v 0.006494 0.003734 0.017550
v 0.008081 0.003734 0.017550
v 0.006494 0.004031 0.017427
v 0.008081 0.004031 0.017427
v 0.006494 0.004306 0.017258
v 0.008081 0.004306 0.017258
v 0.006494 0.004551 0.017049
v 0.008081 0.004551 0.017049
v 0.006494 0.004760 0.016805
v 0.008081 0.004760 0.016805
v 0.006494 0.004928 0.016530
v 0.008081 0.004928 0.016530
v 0.006494 0.005051 0.016233
v 0.008081 0.005051 0.016233
v 0.006494 0.005126 0.015920
v 0.008081 0.005126 0.015920
v 0.006494 0.005151 0.015599
v 0.008081 0.005151 0.015599
v 0.006494 0.005126 0.015278
v 0.008081 0.005126 0.015278
v 0.006494 0.005051 0.014965
v 0.008081 0.005051 0.014965
v 0.008081 0.004928 0.014668
v 0.006494 0.004928 0.014668
v 0.008081 0.004760 0.014393
v 0.006494 0.004760 0.014393
v 0.008081 0.004551 0.014148
v 0.006494 0.004551 0.014148
v 0.008081 0.004306 0.013939
v 0.006494 0.004306 0.013939
v 0.008081 0.004031 0.013771
v 0.006494 0.004031 0.013771
v 0.008081 0.003734 0.013648
v 0.006494 0.003734 0.013648
v 0.008081 0.003421 0.013573
v 0.006494 0.003421 0.013573
v 0.008081 0.003100 0.013548
v 0.006494 0.003100 0.013548
v 0.006494 0.002779 0.013573
v 0.008081 0.002779 0.013573
v 0.006494 0.002466 0.013648
v 0.008081 0.002466 0.013648
v 0.006494 0.002169 0.013771
v 0.008081 0.002169 0.013771
v 0.006494 0.001894 0.013939
v 0.008081 0.001894 0.013939
v 0.006494 0.001649 0.014148
v 0.008081 0.001649 0.014148
v 0.006494 0.001440 0.014393
v 0.008081 0.001440 0.014393
v 0.006494 0.001272 0.014668
v 0.008081 0.001272 0.014668
v 0.006494 0.001149 0.014965
v 0.008081 0.001149 0.014965
v 0.008081 0.001074 0.015278
v 0.006494 0.001074 0.015278
v 0.008299 0.000999 0.015643
v 0.008542 0.001025 0.015643
v 0.008298 0.001021 0.015637
v 0.008541 0.001047 0.015637
v 0.008297 0.001037 0.015621
v 0.008540 0.001063 0.015621
v 0.008540 0.001069 0.015599
v 0.008296 0.001043 0.015599
v 0.008297 0.001037 0.015577
v 0.008540 0.001063 0.015577
v 0.008541 0.001047 0.015561
v 0.008298 0.001021 0.015561
v 0.008542 0.001025 0.015555
v 0.008299 0.000999 0.015555
v 0.008253 0.001339 0.016277
v 0.008343 0.001316 0.016286
v 0.008378 0.001293 0.016286
v 0.008352 0.001227 0.016268
v 0.008315 0.001230 0.016266
v 0.008208 0.001231 0.016265
v 0.008397 0.001212 0.016285
v 0.008310 0.001206 0.016245
v 0.008197 0.001207 0.016245
v 0.008346 0.001202 0.016248
v 0.008307 0.001193 0.016217
v 0.008187 0.001193 0.016217
v 0.008187 0.001159 0.016068
v 0.008343 0.001185 0.016219
v 0.008307 0.001159 0.016068
v 0.008187 0.001128 0.015913
v 0.008343 0.001151 0.016070
v 0.008307 0.001128 0.015913
v 0.008187 0.001109 0.015756
v 0.008343 0.001120 0.015914
v 0.008307 0.001109 0.015756
v 0.008343 0.001102 0.015757
v 0.008307 0.001103 0.015599
v 0.008343 0.001095 0.015599
v 0.008393 0.001079 0.015759
v 0.008392 0.001070 0.015616
v 0.008397 0.001065 0.015632
v 0.008403 0.001055 0.015648
v 0.008410 0.001044 0.015658
v 0.008393 0.001098 0.015918
v 0.008410 0.001048 0.015761
v 0.008410 0.001025 0.015668
v 0.008410 0.000997 0.015671
v 0.008393 0.001129 0.016075
v 0.008410 0.001067 0.015923
v 0.008393 0.001164 0.016226
v 0.008410 0.001099 0.016082
v 0.008393 0.001182 0.016260
v 0.008410 0.001140 0.016237
v 0.008410 0.001034 0.016095
v 0.008411 0.001161 0.016277
v 0.008410 0.001002 0.015931
v 0.008410 0.001079 0.016255
v 0.008410 0.000982 0.015766
v 0.008410 0.000978 0.015666
v 0.008416 0.000974 0.015766
v 0.008416 0.000970 0.015662
v 0.008416 0.000993 0.015933
v 0.008431 0.000970 0.015766
v 0.008431 0.000966 0.015658
v 0.008416 0.001026 0.016097
v 0.008431 0.000990 0.015933
v 0.008434 0.000949 0.015768
v 0.008434 0.000944 0.015640
v 0.008442 0.000941 0.015769
v 0.008442 0.000935 0.015631
v 0.008434 0.000969 0.015936
v 0.008442 0.000961 0.015938
v 0.008431 0.001023 0.016098
v 0.008434 0.001002 0.016102
v 0.008442 0.000994 0.016105
v 0.008416 0.001071 0.016258
v 0.008431 0.001068 0.016259
v 0.008434 0.001048 0.016265
v 0.008442 0.001040 0.016268
v 0.008416 0.001129 0.016415
v 0.008431 0.001126 0.016416
v 0.008434 0.001107 0.016424
v 0.008442 0.001099 0.016428
v 0.008442 0.001170 0.016582
v 0.008434 0.001178 0.016578
v 0.008442 0.001253 0.016731
v 0.008434 0.001261 0.016726
v 0.008442 0.001348 0.016872
v 0.008431 0.001197 0.016569
v 0.008434 0.001355 0.016867
v 0.008442 0.001453 0.017006
v 0.008431 0.001279 0.016715
v 0.008416 0.001199 0.016567
v 0.008416 0.001281 0.016713
v 0.008431 0.001372 0.016855
v 0.008416 0.001375 0.016852
v 0.008410 0.001288 0.016709
v 0.008416 0.001478 0.016984
v 0.008410 0.001381 0.016848
v 0.008431 0.001476 0.016986
v 0.008434 0.001460 0.017000
v 0.008442 0.001568 0.017131
v 0.008434 0.001575 0.017124
v 0.008442 0.001693 0.017246
v 0.008431 0.001589 0.017109
v 0.008434 0.001699 0.017239
v 0.008442 0.001827 0.017351
v 0.008416 0.001592 0.017107
v 0.008431 0.001713 0.017223
v 0.008434 0.001832 0.017344
v 0.008442 0.001968 0.017446
v 0.008434 0.001973 0.017438
v 0.008442 0.002117 0.017529
v 0.008431 0.001844 0.017327
v 0.008434 0.002121 0.017521
v 0.008442 0.002271 0.017600
v 0.008431 0.001984 0.017420
v 0.008416 0.001715 0.017221
v 0.008416 0.001846 0.017325
v 0.008431 0.002130 0.017502
v 0.008434 0.002275 0.017592
v 0.008431 0.002283 0.017573
v 0.008416 0.002132 0.017499
v 0.008416 0.001986 0.017418
v 0.008410 0.002287 0.017562
v 0.008410 0.002135 0.017492
v 0.008410 0.002312 0.017501
v 0.008410 0.001990 0.017411
v 0.008410 0.002164 0.017432
v 0.008393 0.002324 0.017472
v 0.008410 0.001851 0.017318
v 0.008410 0.002022 0.017353
v 0.008393 0.002178 0.017405
v 0.008410 0.001720 0.017215
v 0.008393 0.002038 0.017326
v 0.008410 0.001598 0.017101
v 0.008410 0.001754 0.017175
v 0.008410 0.001888 0.017266
v 0.008410 0.001484 0.016979
v 0.008410 0.001635 0.017064
v 0.008410 0.001524 0.016945
v 0.008410 0.001424 0.016817
v 0.008410 0.001333 0.016682
v 0.008412 0.001437 0.016807
v 0.008412 0.001537 0.016934
v 0.008412 0.001348 0.016673
v 0.008415 0.001451 0.016797
v 0.008412 0.001647 0.017052
v 0.008410 0.001254 0.016540
v 0.008415 0.001550 0.016923
v 0.008412 0.001765 0.017162
v 0.008415 0.001659 0.017040
v 0.008411 0.001856 0.017234
v 0.008415 0.001776 0.017149
v 0.008416 0.001839 0.017192
v 0.008393 0.001879 0.017218
v 0.008393 0.001905 0.017247
v 0.008343 0.001919 0.017228
v 0.008434 0.001830 0.017096
v 0.008343 0.002050 0.017307
v 0.008343 0.002188 0.017384
v 0.008343 0.002332 0.017451
v 0.008440 0.001842 0.017056
v 0.008443 0.001743 0.016956
v 0.008447 0.001869 0.017026
v 0.008443 0.001639 0.016847
v 0.008483 0.001916 0.016783
v 0.008482 0.002053 0.016919
v 0.008481 0.002005 0.016876
v 0.008501 0.002219 0.016836
v 0.008479 0.002238 0.016869
v 0.008512 0.002179 0.016678
v 0.008445 0.002251 0.016885
v 0.008403 0.002251 0.016885
v 0.008506 0.002273 0.016818
v 0.008348 0.001911 0.017065
v 0.008483 0.002285 0.016855
v 0.008449 0.002292 0.016875
v 0.008509 0.002332 0.016818
v 0.008411 0.002337 0.016876
v 0.008486 0.002335 0.016854
v 0.008453 0.002337 0.016876
v 0.008414 0.002445 0.016910
v 0.008314 0.002652 0.016977
v 0.008456 0.002445 0.016910
v 0.008414 0.002549 0.016943
v 0.008456 0.002549 0.016943
v 0.008414 0.002652 0.016977
v 0.008490 0.002452 0.016890
v 0.008414 0.002755 0.017010
v 0.008512 0.002462 0.016858
v 0.008490 0.002556 0.016924
v 0.008456 0.002652 0.016977
v 0.008456 0.002755 0.017010
v 0.008490 0.002659 0.016957
v 0.008512 0.002566 0.016892
v 0.008512 0.002669 0.016926
v 0.008490 0.002762 0.016991
v 0.008512 0.002772 0.016959
v 0.008456 0.002859 0.017044
v 0.008490 0.002866 0.017025
v 0.008414 0.002859 0.017044
v 0.008325 0.002967 0.017081
v 0.008453 0.002967 0.017081
v 0.008411 0.002967 0.017081
v 0.008408 0.003004 0.017106
v 0.008312 0.003003 0.017105
v 0.008486 0.002981 0.017064
v 0.008483 0.003021 0.017094
v 0.008512 0.002876 0.016993
v 0.008509 0.003005 0.017036
v 0.008506 0.003053 0.017071
v 0.008512 0.003099 0.017018
v 0.008512 0.002988 0.017008
v 0.008542 0.003030 0.016484
v 0.008546 0.003053 0.016227
v 0.008542 0.002961 0.016476
v 0.008547 0.003004 0.016163
v 0.008546 0.002996 0.016220
v 0.008542 0.002893 0.016462
v 0.008546 0.002961 0.016229
v 0.008542 0.002826 0.016443
v 0.008547 0.002981 0.016198
v 0.008542 0.002760 0.016419
v 0.008546 0.002890 0.016245
v 0.008546 0.002928 0.016246
v 0.008542 0.002697 0.016390
v 0.008546 0.002859 0.016224
v 0.008533 0.002896 0.016226
v 0.008534 0.002947 0.016214
v 0.008533 0.002923 0.016226
v 0.008422 0.002923 0.016226
v 0.008422 0.002947 0.016214
v 0.008422 0.002896 0.016226
v 0.008423 0.002962 0.016192
v 0.008422 0.002874 0.016210
v 0.008534 0.002962 0.016192
v 0.008423 0.002963 0.016165
v 0.008533 0.002874 0.016210
v 0.008422 0.002862 0.016187
v 0.008534 0.002862 0.016187
v 0.008423 0.002863 0.016160
v 0.008546 0.002842 0.016191
v 0.008534 0.002863 0.016160
v 0.008423 0.002878 0.016138
v 0.008546 0.002819 0.016163
v 0.008535 0.002878 0.016138
v 0.008424 0.002902 0.016126
v 0.008547 0.002844 0.016154
v 0.008547 0.002864 0.016123
v 0.008535 0.002902 0.016126
v 0.008424 0.002929 0.016127
v 0.008548 0.002897 0.016106
v 0.008547 0.002847 0.016112
v 0.008535 0.002929 0.016127
v 0.008535 0.002951 0.016142
v 0.008424 0.002951 0.016142
v 0.008548 0.002935 0.016107
v 0.008535 0.002963 0.016165
v 0.008548 0.002966 0.016128
v 0.008547 0.002983 0.016161
v 0.008546 0.002769 0.016135
v 0.008542 0.002578 0.016317
v 0.008542 0.002636 0.016356
v 0.008512 0.002363 0.016805
v 0.008542 0.002523 0.016274
v 0.008512 0.002266 0.016748
v 0.008542 0.002472 0.016227
v 0.008512 0.002096 0.016603
v 0.008542 0.002425 0.016175
v 0.008483 0.001830 0.016684
v 0.008512 0.002020 0.016521
v 0.008542 0.002382 0.016121
v 0.008512 0.001952 0.016433
v 0.008542 0.002343 0.016063
v 0.008483 0.001747 0.016582
v 0.008512 0.001889 0.016341
v 0.008443 0.001543 0.016730
v 0.008483 0.001676 0.016472
v 0.008443 0.001462 0.016603
v 0.008415 0.001362 0.016664
v 0.008512 0.001835 0.016243
v 0.008412 0.001269 0.016532
v 0.008542 0.002309 0.016002
v 0.008415 0.001284 0.016524
v 0.008542 0.002280 0.015939
v 0.008512 0.001789 0.016141
v 0.008542 0.002256 0.015873
v 0.008483 0.001608 0.016359
v 0.008443 0.001390 0.016470
v 0.008481 0.001547 0.016245
v 0.008447 0.001362 0.016329
v 0.008440 0.001325 0.016345
v 0.008501 0.001652 0.016055
v 0.008434 0.001284 0.016344
v 0.008482 0.001521 0.016187
v 0.008419 0.001317 0.016306
v 0.008425 0.001345 0.016295
v 0.008460 0.001499 0.016156
v 0.008390 0.001339 0.016277
v 0.008385 0.001316 0.016286
v 0.008425 0.001490 0.016138
v 0.008413 0.001288 0.016307
v 0.008479 0.001626 0.016026
v 0.008416 0.001196 0.016306
v 0.008415 0.001217 0.016379
v 0.008412 0.001201 0.016386
v 0.008410 0.001186 0.016392
v 0.008410 0.001137 0.016412
v 0.008410 0.001207 0.016563
v 0.008445 0.001614 0.016009
v 0.008403 0.001615 0.016009
v 0.008348 0.001339 0.016277
v 0.008449 0.001637 0.015973
v 0.008411 0.001650 0.015930
v 0.008483 0.001654 0.015986
v 0.008414 0.001651 0.015817
v 0.008314 0.001651 0.015599
v 0.008453 0.001650 0.015930
v 0.008486 0.001670 0.015938
v 0.008506 0.001685 0.016009
v 0.008509 0.001703 0.015952
v 0.008512 0.001750 0.016037
v 0.008512 0.001725 0.015927
v 0.008512 0.001705 0.015817
v 0.008542 0.002237 0.015806
v 0.008546 0.002488 0.015748
v 0.008542 0.002223 0.015738
v 0.008490 0.001672 0.015817
v 0.008547 0.002534 0.015681
v 0.008456 0.001651 0.015817
v 0.008512 0.001705 0.015707
v 0.008490 0.001672 0.015707
v 0.008414 0.001651 0.015707
v 0.008456 0.001651 0.015707
v 0.008414 0.001651 0.015599
v 0.008456 0.001651 0.015599
v 0.008490 0.001672 0.015599
v 0.008414 0.001651 0.015491
v 0.008456 0.001651 0.015491
v 0.008490 0.001672 0.015491
v 0.008456 0.001651 0.015381
v 0.008414 0.001651 0.015381
v 0.008490 0.001672 0.015381
v 0.008411 0.001650 0.015268
v 0.008453 0.001650 0.015268
v 0.008449 0.001637 0.015225
v 0.008486 0.001670 0.015260
v 0.008483 0.001654 0.015212
v 0.008512 0.001705 0.015381
v 0.008506 0.001685 0.015189
v 0.008509 0.001703 0.015245
v 0.008512 0.001750 0.015161
v 0.008512 0.001725 0.015270
v 0.008542 0.002256 0.015325
v 0.008542 0.002237 0.015392
v 0.008546 0.002488 0.015449
v 0.008542 0.002223 0.015460
v 0.008547 0.002534 0.015516
v 0.008546 0.002477 0.015506
v 0.008512 0.001705 0.015491
v 0.008512 0.001705 0.015599
v 0.008542 0.002215 0.015529
v 0.008542 0.002215 0.015669
v 0.008542 0.002212 0.015599
v 0.008546 0.002421 0.015599
v 0.008546 0.002431 0.015563
v 0.008546 0.002431 0.015635
v 0.008533 0.002441 0.015599
v 0.008546 0.002457 0.015537
v 0.008533 0.002449 0.015573
v 0.008547 0.002493 0.015527
v 0.008534 0.002467 0.015554
v 0.008534 0.002493 0.015547
v 0.008547 0.002529 0.015537
v 0.008422 0.002467 0.015554
v 0.008423 0.002493 0.015547
v 0.008422 0.002449 0.015573
v 0.008423 0.002519 0.015554
v 0.008422 0.002441 0.015599
v 0.008422 0.002449 0.015625
v 0.008535 0.002519 0.015554
v 0.008424 0.002538 0.015573
v 0.008533 0.002449 0.015625
v 0.008422 0.002467 0.015644
v 0.008534 0.002467 0.015644
v 0.008423 0.002493 0.015651
v 0.008546 0.002457 0.015661
v 0.008534 0.002493 0.015651
v 0.008423 0.002519 0.015644
v 0.008546 0.002477 0.015692
v 0.008547 0.002493 0.015671
v 0.008547 0.002529 0.015661
v 0.008535 0.002519 0.015644
v 0.008424 0.002538 0.015625
v 0.008548 0.002555 0.015635
v 0.008535 0.002538 0.015625
v 0.008424 0.002545 0.015599
v 0.008535 0.002545 0.015599
v 0.008548 0.002565 0.015599
v 0.008548 0.002555 0.015563
v 0.008535 0.002538 0.015573
v 0.008187 0.001243 0.014830
v 0.008187 0.001309 0.014686
v 0.008187 0.001386 0.014549
v 0.008187 0.001474 0.014417
v 0.008187 0.001571 0.014293
v 0.008187 0.001679 0.014177
v 0.008187 0.001794 0.014070
v 0.008187 0.003258 0.013595
v 0.008187 0.003414 0.013613
v 0.008187 0.003569 0.013644
v 0.008187 0.003721 0.013687
v 0.008187 0.003869 0.013742
v 0.008187 0.004013 0.013808
v 0.008187 0.004150 0.013885
v 0.008187 0.005055 0.015130
v 0.008187 0.005085 0.015284
v 0.008187 0.005104 0.015441
v 0.008187 0.005110 0.015599
v 0.008187 0.005104 0.015757
v 0.008187 0.005085 0.015913
v 0.008187 0.005055 0.016068
v 0.008187 0.004150 0.017313
v 0.008187 0.004013 0.017390
v 0.008187 0.003869 0.017456
v 0.008187 0.003721 0.017511
v 0.008187 0.003569 0.017554
v 0.008187 0.003414 0.017584
v 0.008187 0.003258 0.017603
v 0.008187 0.001794 0.017128
v 0.008187 0.001679 0.017020
v 0.008187 0.001571 0.016904
v 0.008187 0.001474 0.016781
v 0.008187 0.001386 0.016649
v 0.008187 0.001309 0.016512
v 0.008187 0.001243 0.016368
v 0.006650 0.000812 0.015599
v 0.008546 0.000840 0.015241
v 0.008546 0.000812 0.015599
v 0.006650 0.000840 0.015241
v 0.008546 0.000924 0.014892
v 0.006650 0.000924 0.014892
v 0.008546 0.001061 0.014560
v 0.006650 0.001061 0.014560
v 0.008546 0.001249 0.014254
v 0.006650 0.001249 0.014254
v 0.008546 0.001482 0.013981
v 0.006650 0.001482 0.013981
v 0.008546 0.001755 0.013748
v 0.006650 0.001755 0.013748
v 0.008546 0.002061 0.013560
v 0.006650 0.002061 0.013560
v 0.008546 0.002393 0.013423
v 0.006650 0.002393 0.013423
v 0.008546 0.002742 0.013339
v 0.006650 0.002742 0.013339
v 0.008546 0.003100 0.013311
v 0.006650 0.003100 0.013311
v 0.006650 0.003458 0.013339
v 0.008546 0.003458 0.013339
v 0.006650 0.003807 0.013423
v 0.008546 0.003807 0.013423
v 0.006650 0.004139 0.013560
v 0.008546 0.004139 0.013560
v 0.006650 0.004445 0.013748
v 0.008546 0.004445 0.013748
v 0.006650 0.004718 0.013981
v 0.008546 0.004718 0.013981
v 0.006650 0.004951 0.014254
v 0.008546 0.004951 0.014254
v 0.006650 0.005139 0.014560
v 0.008546 0.005139 0.014560
v 0.006650 0.005276 0.014892
v 0.008546 0.005276 0.014892
v 0.006650 0.005360 0.015241
v 0.008546 0.005360 0.015241
v 0.006650 0.005388 0.015599
v 0.008546 0.005388 0.015599
v 0.008546 0.005360 0.015957
v 0.006650 0.005360 0.015957
v 0.008546 0.005276 0.016306
v 0.006650 0.005276 0.016306
v 0.008546 0.005139 0.016638
v 0.006650 0.005139 0.016638
v 0.008546 0.004951 0.016944
v 0.006650 0.004951 0.016944
v 0.008546 0.004718 0.017217
v 0.006650 0.004718 0.017217
v 0.008546 0.004445 0.017450
v 0.006650 0.004445 0.017450
v 0.008546 0.004139 0.017638
v 0.006650 0.004139 0.017638
v 0.008546 0.003807 0.017775
v 0.006650 0.003807 0.017775
v 0.008546 0.003458 0.017859
v 0.006650 0.003458 0.017859
v 0.008546 0.003100 0.017887
v 0.006650 0.003100 0.017887
v 0.006650 0.002742 0.017859
v 0.008546 0.002742 0.017859
v 0.006650 0.002393 0.017775
v 0.008546 0.002393 0.017775
v 0.006650 0.002061 0.017638
v 0.008546 0.002061 0.017638
v 0.006650 0.001755 0.017450
v 0.008546 0.001755 0.017450
v 0.006650 0.001482 0.017217
v 0.008546 0.001482 0.017217
v 0.006650 0.001249 0.016944
v 0.008546 0.001249 0.016944
v 0.006650 0.001061 0.016638
v 0.008546 0.001061 0.016638
v 0.006650 0.000924 0.016306
v 0.008546 0.000924 0.016306
v 0.006650 0.000840 0.015957
v 0.008546 0.000840 0.015957
v 0.006494 0.000664 0.015599
v 0.006494 0.000694 0.015218
v 0.006494 0.000783 0.014846
v 0.006494 0.000930 0.014493
v 0.006494 0.001129 0.014167
v 0.006494 0.001377 0.013876
v 0.006494 0.001668 0.013628
v 0.006494 0.001994 0.013428
v 0.006494 0.002347 0.013282
v 0.006494 0.002719 0.013193
v 0.006494 0.003100 0.013163
v 0.006494 0.003481 0.013193
v 0.006494 0.003853 0.013282
v 0.006494 0.004206 0.013428
v 0.006494 0.004532 0.013628
v 0.006494 0.004823 0.013876
v 0.006494 0.005071 0.014167
v 0.006494 0.005270 0.014493
v 0.006494 0.005417 0.014846
v 0.006494 0.005506 0.015218
v 0.006494 0.005536 0.015599
v 0.006494 0.005506 0.015980
v 0.006494 0.005417 0.016352
v 0.006494 0.005270 0.016705
v 0.006494 0.005071 0.017031
v 0.006494 0.004823 0.017321
v 0.006494 0.004532 0.017570
v 0.006494 0.004206 0.017769
v 0.006494 0.003853 0.017916
v 0.006494 0.003481 0.018005
v 0.006494 0.003100 0.018035
v 0.006494 0.002719 0.018005
v 0.006494 0.002347 0.017916
v 0.006494 0.001994 0.017769
v 0.006494 0.001668 0.017570
v 0.006494 0.001377 0.017321
v 0.006494 0.001129 0.017031
v 0.006494 0.000930 0.016705
v 0.006494 0.000783 0.016352
v 0.006494 0.000694 0.015980
v 0.006565 0.000694 0.015218
v 0.006565 0.000664 0.015599
v 0.006565 0.000783 0.014846
v 0.006565 0.000930 0.014493
v 0.006565 0.001129 0.014167
v 0.006565 0.001377 0.013876
v 0.006565 0.001668 0.013628
v 0.006565 0.001994 0.013428
v 0.006565 0.002347 0.013282
v 0.006565 0.002719 0.013193
v 0.006565 0.003100 0.013163
v 0.006565 0.003481 0.013193
v 0.006565 0.003853 0.013282
v 0.006565 0.004206 0.013428
v 0.006565 0.004532 0.013628
v 0.006565 0.004823 0.013876
v 0.006565 0.005071 0.014167
v 0.006565 0.005270 0.014493
v 0.006565 0.005417 0.014846
v 0.006565 0.005506 0.015218
v 0.006565 0.005536 0.015599
v 0.006565 0.005506 0.015980
v 0.006565 0.005417 0.016352
v 0.006565 0.005270 0.016705
v 0.006565 0.005071 0.017031
v 0.006565 0.004823 0.017321
v 0.006565 0.004532 0.017570
v 0.006565 0.004206 0.017769
v 0.006565 0.003853 0.017916
v 0.006565 0.003481 0.018005
v 0.006565 0.003100 0.018035
v 0.006565 0.002719 0.018005
v 0.006565 0.002347 0.017916
v 0.006565 0.001994 0.017769
v 0.006565 0.001668 0.017570
v 0.006565 0.001377 0.017321
v 0.006565 0.001129 0.017031
v 0.006565 0.000930 0.016705
v 0.006565 0.000783 0.016352
v 0.006565 0.000694 0.015980
v 0.008631 0.000672 0.015408
v 0.008631 0.000664 0.015599
v 0.008631 0.000694 0.015218
v 0.008631 0.000731 0.015030
v 0.008631 0.000783 0.014846
v 0.008631 0.000849 0.014667
v 0.008631 0.000930 0.014493
v 0.008631 0.001023 0.014326
v 0.008631 0.001129 0.014167
v 0.008631 0.001248 0.014017
v 0.008631 0.001377 0.013876
v 0.008631 0.001518 0.013747
v 0.008631 0.001668 0.013628
v 0.008631 0.001827 0.013522
v 0.008631 0.001994 0.013428
v 0.008631 0.002168 0.013348
v 0.008631 0.002347 0.013282
v 0.008631 0.002531 0.013230
v 0.008631 0.002719 0.013193
v 0.008631 0.002909 0.013170
v 0.008631 0.003100 0.013163
v 0.008631 0.003291 0.013170
v 0.008631 0.003481 0.013193
v 0.008631 0.003669 0.013230
v 0.008631 0.003853 0.013282
v 0.008631 0.004032 0.013348
v 0.008631 0.004206 0.013428
v 0.008631 0.004373 0.013522
v 0.008631 0.004532 0.013628
v 0.008631 0.004682 0.013747
v 0.008631 0.004823 0.013876
v 0.008631 0.004952 0.014017
v 0.008631 0.005071 0.014167
v 0.008631 0.005177 0.014326
v 0.008631 0.005270 0.014493
v 0.008631 0.005351 0.014667
v 0.008631 0.005417 0.014846
v 0.008631 0.005469 0.015030
v 0.008631 0.005506 0.015218
v 0.008631 0.005528 0.015408
v 0.008631 0.005536 0.015599
v 0.008631 0.005528 0.015790
v 0.008631 0.005506 0.015980
v 0.008631 0.005469 0.016168
v 0.008631 0.005417 0.016352
v 0.008631 0.005351 0.016531
v 0.008631 0.005270 0.016705
v 0.008631 0.005177 0.016872
v 0.008631 0.005071 0.017031
v 0.008631 0.004952 0.017181
v 0.008631 0.004823 0.017321
v 0.008631 0.004682 0.017451
v 0.008631 0.004532 0.017570
v 0.008631 0.004373 0.017676
v 0.008631 0.004206 0.017769
v 0.008631 0.004032 0.017849
v 0.008631 0.003853 0.017916
v 0.008631 0.003669 0.017968
v 0.008631 0.003481 0.018005
v 0.008631 0.003291 0.018027
v 0.008631 0.003100 0.018035
v 0.008631 0.002909 0.018027
v 0.008631 0.002719 0.018005
v 0.008631 0.002531 0.017968
v 0.008631 0.002347 0.017916
v 0.008631 0.002168 0.017849
v 0.008631 0.001994 0.017769
v 0.008631 0.001827 0.017676
v 0.008631 0.001668 0.017570
v 0.008631 0.001518 0.017451
v 0.008631 0.001377 0.017321
v 0.008631 0.001248 0.017181
v 0.008631 0.001129 0.017031
v 0.008631 0.001023 0.016872
v 0.008631 0.000930 0.016705
v 0.008631 0.000849 0.016531
v 0.008631 0.000783 0.016352
v 0.008631 0.000731 0.016168
v 0.008631 0.000694 0.015980
v 0.008631 0.000672 0.015790
v 0.008625 0.001008 0.015554
v 0.008542 0.001025 0.015547
v 0.008624 0.001033 0.015547
v 0.008544 0.000999 0.015554
v 0.008627 0.000989 0.015573
v 0.008545 0.000980 0.015573
v 0.008546 0.000973 0.015599
v 0.008627 0.000982 0.015599
v 0.008624 0.001033 0.015650
v 0.008541 0.001050 0.015644
v 0.008542 0.001025 0.015650
v 0.008622 0.001059 0.015644
v 0.008540 0.001069 0.015625
v 0.008621 0.001078 0.015625
v 0.008620 0.001085 0.015599
v 0.008539 0.001076 0.015599
v 0.008540 0.001069 0.015573
v 0.008621 0.001078 0.015573
v 0.008622 0.001059 0.015554
v 0.008541 0.001050 0.015554
v 0.008625 0.001008 0.015644
v 0.008544 0.000999 0.015644
v 0.008627 0.000989 0.015625
v 0.008545 0.000980 0.015625
v 0.008545 0.000987 0.015621
v 0.008545 0.000981 0.015599
v 0.008544 0.001003 0.015637
v 0.008544 0.001003 0.015561
v 0.008545 0.000987 0.015577
v 0.008300 0.000977 0.015561
v 0.008301 0.000961 0.015577
v 0.008302 0.000955 0.015599
v 0.008300 0.000977 0.015637
v 0.008301 0.000961 0.015621
v 0.008348 0.004127 0.017182
v 0.008287 0.004725 0.016108
v 0.008383 0.004719 0.016109
v 0.008199 0.005048 0.015133
v 0.008207 0.005038 0.015134
v 0.008199 0.005078 0.015288
v 0.008207 0.005069 0.015287
v 0.008261 0.004955 0.015599
v 0.008207 0.005087 0.015442
v 0.008199 0.005096 0.015439
v 0.008198 0.005103 0.015599
v 0.008207 0.005093 0.015599
v 0.008199 0.005096 0.015758
v 0.008207 0.005087 0.015756
v 0.008199 0.005078 0.015910
v 0.008207 0.005069 0.015911
v 0.008199 0.005048 0.016065
v 0.008207 0.005038 0.016064
v 0.008265 0.004942 0.015599
v 0.008269 0.004928 0.015599
v 0.008296 0.004728 0.015599
v 0.008323 0.004529 0.015599
v 0.008327 0.004507 0.015599
v 0.008328 0.004489 0.015599
v 0.008168 0.003879 0.015765
v 0.008168 0.003879 0.015433
v 0.008168 0.003745 0.016067
v 0.008168 0.003744 0.015131
v 0.008168 0.003498 0.016289
v 0.008168 0.003498 0.014909
v 0.008328 0.003529 0.016920
v 0.008168 0.003183 0.016391
v 0.008328 0.003529 0.014278
v 0.008168 0.003183 0.014807
v 0.008168 0.002854 0.014841
v 0.008168 0.002567 0.015007
v 0.008327 0.003535 0.014260
v 0.008323 0.003541 0.014240
v 0.008296 0.003603 0.014050
v 0.008269 0.003665 0.013860
v 0.008265 0.003669 0.013847
v 0.008261 0.003673 0.013834
v 0.008207 0.003412 0.013630
v 0.008207 0.003257 0.013612
v 0.008199 0.003259 0.013603
v 0.008199 0.003415 0.013622
v 0.008207 0.003564 0.013660
v 0.008199 0.003565 0.013651
v 0.008198 0.003719 0.013694
v 0.008207 0.003716 0.013704
v 0.008207 0.003864 0.013757
v 0.008199 0.003869 0.013749
v 0.008207 0.004005 0.013823
v 0.008199 0.004007 0.013814
v 0.008207 0.004141 0.013899
v 0.008199 0.004145 0.013891
v 0.008199 0.003259 0.017595
v 0.008207 0.003257 0.017586
v 0.008199 0.003415 0.017576
v 0.008207 0.003412 0.017568
v 0.008199 0.003565 0.017547
v 0.008207 0.003564 0.017538
v 0.008261 0.003673 0.017364
v 0.008198 0.003719 0.017504
v 0.008207 0.003716 0.017494
v 0.008199 0.003869 0.017448
v 0.008207 0.003864 0.017440
v 0.008199 0.004007 0.017384
v 0.008207 0.004005 0.017375
v 0.008199 0.004145 0.017307
v 0.008207 0.004141 0.017298
v 0.008265 0.003669 0.017350
v 0.008269 0.003665 0.017337
v 0.008296 0.003603 0.017148
v 0.008323 0.003541 0.016958
v 0.008327 0.003535 0.016937
v 0.008168 0.002854 0.016357
v 0.008168 0.002567 0.016191
v 0.008328 0.001976 0.016415
v 0.008168 0.002372 0.015923
v 0.008168 0.002303 0.015599
v 0.008168 0.002372 0.015275
v 0.008327 0.001961 0.016426
v 0.008323 0.001944 0.016439
v 0.008296 0.001783 0.016556
v 0.008269 0.001621 0.016673
v 0.008265 0.001610 0.016681
v 0.008261 0.001599 0.016690
v 0.008207 0.001324 0.016504
v 0.008207 0.001259 0.016362
v 0.008199 0.001250 0.016367
v 0.008199 0.001317 0.016510
v 0.008207 0.001400 0.016640
v 0.008199 0.001391 0.016643
v 0.008198 0.001479 0.016776
v 0.008207 0.001488 0.016770
v 0.008207 0.001585 0.016894
v 0.008199 0.001579 0.016901
v 0.008207 0.001691 0.017009
v 0.008199 0.001683 0.017013
v 0.008207 0.001805 0.017114
v 0.008199 0.001798 0.017121
v 0.008514 0.003429 0.015598
v 0.008525 0.003132 0.015548
v 0.008514 0.003428 0.015589
v 0.008561 0.003104 0.015594
v 0.008525 0.003128 0.015546
v 0.008514 0.003428 0.015602
v 0.008515 0.002942 0.015312
v 0.008515 0.002934 0.015317
v 0.008514 0.003428 0.015611
v 0.008524 0.003135 0.015652
v 0.008561 0.003100 0.015591
v 0.008515 0.002930 0.015319
v 0.008561 0.003104 0.015598
v 0.008561 0.003096 0.015594
v 0.008561 0.003100 0.015600
v 0.008524 0.003131 0.015655
v 0.008525 0.003041 0.015598
v 0.008515 0.002922 0.015324
v 0.008561 0.003096 0.015598
v 0.008525 0.003041 0.015602
v 0.008515 0.002949 0.015889
v 0.008515 0.002956 0.015892
v 0.008515 0.002945 0.015886
v 0.008515 0.002938 0.015882
v 0.008199 0.001250 0.014831
v 0.008199 0.001317 0.014688
v 0.008207 0.001259 0.014836
v 0.008207 0.001324 0.014694
v 0.008199 0.001391 0.014554
v 0.008207 0.001400 0.014558
v 0.008198 0.001479 0.014421
v 0.008261 0.001599 0.014508
v 0.008207 0.001488 0.014427
v 0.008199 0.001579 0.014296
v 0.008207 0.001585 0.014303
v 0.008199 0.001683 0.014185
v 0.008207 0.001691 0.014189
v 0.008199 0.001798 0.014077
v 0.008207 0.001805 0.014084
v 0.008265 0.001610 0.014516
v 0.008269 0.001621 0.014524
v 0.008296 0.001783 0.014642
v 0.008323 0.001944 0.014759
v 0.008327 0.001961 0.014772
v 0.008328 0.001976 0.014783
v 0.008451 0.000931 0.015572
v 0.008573 0.000915 0.015427
v 0.008573 0.000908 0.015599
v 0.008465 0.000926 0.015599
v 0.008451 0.000931 0.015625
v 0.008573 0.000935 0.015256
v 0.008573 0.000969 0.015087
v 0.008573 0.000915 0.015771
v 0.008606 0.000888 0.015599
v 0.008573 0.000935 0.015942
v 0.008606 0.000895 0.015772
v 0.008606 0.000895 0.015425
v 0.008573 0.000969 0.016111
v 0.008606 0.000916 0.015945
v 0.008573 0.001016 0.016276
v 0.008606 0.000950 0.016115
v 0.008573 0.001075 0.016438
v 0.008606 0.000997 0.016282
v 0.008573 0.001147 0.016594
v 0.008606 0.001057 0.016445
v 0.008573 0.001231 0.016744
v 0.008606 0.001130 0.016603
v 0.008573 0.001327 0.016888
v 0.008606 0.001214 0.016754
v 0.008573 0.001434 0.017023
v 0.008606 0.001311 0.016899
v 0.008653 0.001167 0.016783
v 0.008573 0.001550 0.017149
v 0.008653 0.001265 0.016932
v 0.008606 0.001418 0.017035
v 0.008653 0.001376 0.017071
v 0.008573 0.001677 0.017266
v 0.008606 0.001536 0.017163
v 0.008573 0.001812 0.017373
v 0.008606 0.001664 0.017280
v 0.008606 0.001800 0.017388
v 0.008573 0.001955 0.017468
v 0.008606 0.001944 0.017484
v 0.008573 0.002105 0.017552
v 0.008606 0.002096 0.017569
v 0.008573 0.002262 0.017624
v 0.008606 0.002254 0.017642
v 0.008573 0.002423 0.017684
v 0.008606 0.002417 0.017702
v 0.008573 0.002589 0.017731
v 0.008606 0.002584 0.017749
v 0.008573 0.002758 0.017764
v 0.008606 0.002754 0.017783
v 0.008573 0.002929 0.017785
v 0.008606 0.002926 0.017804
v 0.008573 0.003101 0.017791
v 0.008606 0.003100 0.017810
v 0.008573 0.003273 0.017785
v 0.008573 0.003444 0.017764
v 0.008606 0.003273 0.017804
v 0.008573 0.003612 0.017731
v 0.008606 0.003446 0.017783
v 0.008573 0.003778 0.017684
v 0.008606 0.003616 0.017749
v 0.008573 0.003940 0.017624
v 0.008606 0.003783 0.017702
v 0.008573 0.004096 0.017552
v 0.008606 0.003946 0.017642
v 0.008573 0.004246 0.017468
v 0.008606 0.004104 0.017569
v 0.008573 0.004389 0.017373
v 0.008606 0.004255 0.017484
v 0.008573 0.004524 0.017266
v 0.008606 0.004400 0.017388
v 0.008653 0.004284 0.017532
v 0.008573 0.004651 0.017149
v 0.008653 0.004129 0.017619
v 0.008653 0.004432 0.017433
v 0.008653 0.003967 0.017694
v 0.008606 0.004536 0.017280
v 0.008653 0.003800 0.017755
v 0.008653 0.004572 0.017323
v 0.008653 0.003629 0.017804
v 0.008689 0.003821 0.017820
v 0.008653 0.003454 0.017838
v 0.008689 0.003645 0.017869
v 0.008689 0.003465 0.017905
v 0.008653 0.003277 0.017859
v 0.008689 0.003283 0.017927
v 0.008653 0.003100 0.017866
v 0.008689 0.003100 0.017934
v 0.008653 0.002922 0.017859
v 0.008689 0.002916 0.017927
v 0.008653 0.002745 0.017838
v 0.008689 0.002734 0.017905
v 0.008653 0.002570 0.017804
v 0.008689 0.002555 0.017869
v 0.008653 0.002399 0.017755
v 0.008689 0.002378 0.017820
v 0.008653 0.002232 0.017694
v 0.008689 0.002206 0.017756
v 0.008653 0.002070 0.017619
v 0.008689 0.002040 0.017679
v 0.008653 0.001915 0.017532
v 0.008689 0.001880 0.017590
v 0.008653 0.001767 0.017433
v 0.008689 0.001727 0.017488
v 0.008653 0.001627 0.017323
v 0.008689 0.001583 0.017374
v 0.008653 0.001496 0.017202
v 0.008689 0.001449 0.017250
v 0.008689 0.001324 0.017115
v 0.008689 0.001211 0.016971
v 0.008713 0.001266 0.017165
v 0.008689 0.001109 0.016819
v 0.008713 0.001149 0.017016
v 0.008713 0.001044 0.016859
v 0.008689 0.001019 0.016659
v 0.008713 0.000952 0.016694
v 0.008653 0.001080 0.016628
v 0.008653 0.001005 0.016467
v 0.008689 0.000943 0.016492
v 0.008653 0.000943 0.016299
v 0.008689 0.000879 0.016320
v 0.008713 0.000872 0.016522
v 0.008713 0.000807 0.016344
v 0.008653 0.000895 0.016128
v 0.008689 0.000829 0.016144
v 0.008713 0.000755 0.016162
v 0.008653 0.000860 0.015954
v 0.008689 0.000794 0.015964
v 0.008713 0.000718 0.015976
v 0.008701 0.000783 0.016352
v 0.008701 0.000731 0.016168
v 0.008713 0.000696 0.015788
v 0.008701 0.000849 0.016531
v 0.008701 0.000694 0.015980
v 0.008701 0.000672 0.015790
v 0.008701 0.000664 0.015599
v 0.008689 0.000772 0.015782
v 0.008713 0.000689 0.015599
v 0.008701 0.000672 0.015408
v 0.008713 0.000696 0.015410
v 0.008701 0.000694 0.015218
v 0.008713 0.000718 0.015222
v 0.008701 0.000731 0.015030
v 0.008701 0.000783 0.014846
v 0.008713 0.000755 0.015036
v 0.008701 0.000849 0.014667
v 0.008713 0.000807 0.014854
v 0.008701 0.000930 0.014493
v 0.008713 0.000872 0.014676
v 0.008701 0.001023 0.014326
v 0.008713 0.000952 0.014504
v 0.008701 0.001129 0.014167
v 0.008713 0.001044 0.014339
v 0.008701 0.001248 0.014017
v 0.008713 0.001149 0.014182
v 0.008701 0.001377 0.013876
v 0.008713 0.001266 0.014033
v 0.008701 0.001518 0.013747
v 0.008713 0.001395 0.013894
v 0.008701 0.001668 0.013628
v 0.008713 0.001534 0.013765
v 0.008701 0.001827 0.013522
v 0.008713 0.001683 0.013648
v 0.008713 0.001840 0.013543
v 0.008701 0.001994 0.013428
v 0.008713 0.002005 0.013450
v 0.008701 0.002168 0.013348
v 0.008713 0.002177 0.013371
v 0.008701 0.002347 0.013282
v 0.008713 0.002355 0.013306
v 0.008701 0.002531 0.013230
v 0.008713 0.002537 0.013254
v 0.008701 0.002719 0.013193
v 0.008713 0.002723 0.013217
v 0.008701 0.002909 0.013170
v 0.008689 0.002734 0.013293
v 0.008701 0.003100 0.013163
v 0.008713 0.002911 0.013195
v 0.008701 0.003291 0.013170
v 0.008713 0.003100 0.013188
v 0.008701 0.003481 0.013193
v 0.008713 0.003289 0.013195
v 0.008701 0.003669 0.013230
v 0.008713 0.003477 0.013217
v 0.008701 0.003853 0.013282
v 0.008713 0.003663 0.013254
v 0.008701 0.004032 0.013348
v 0.008713 0.003845 0.013306
v 0.008689 0.003645 0.013328
v 0.008701 0.004206 0.013428
v 0.008689 0.003465 0.013293
v 0.008701 0.004373 0.013522
v 0.008689 0.003283 0.013271
v 0.008701 0.004532 0.013628
v 0.008689 0.003100 0.013264
v 0.008701 0.004682 0.013747
v 0.008689 0.002916 0.013271
v 0.008653 0.003100 0.013332
v 0.008653 0.002922 0.013339
v 0.008653 0.003277 0.013339
v 0.008606 0.002926 0.013394
v 0.008653 0.003454 0.013359
v 0.008606 0.003100 0.013387
v 0.008606 0.003273 0.013394
v 0.008653 0.003629 0.013394
v 0.008606 0.003446 0.013415
v 0.008573 0.003273 0.013413
v 0.008573 0.003444 0.013434
v 0.008606 0.003616 0.013449
v 0.008573 0.003612 0.013467
v 0.008573 0.003101 0.013407
v 0.008573 0.002929 0.013413
v 0.008573 0.002758 0.013434
v 0.008606 0.002754 0.013415
v 0.008573 0.002589 0.013467
v 0.008653 0.002745 0.013360
v 0.008606 0.002584 0.013449
v 0.008573 0.002423 0.013514
v 0.008689 0.002555 0.013328
v 0.008573 0.002262 0.013573
v 0.008689 0.002378 0.013378
v 0.008653 0.002570 0.013394
v 0.008689 0.002206 0.013442
v 0.008653 0.002399 0.013443
v 0.008606 0.002417 0.013496
v 0.008606 0.002254 0.013556
v 0.008653 0.002232 0.013504
v 0.008689 0.002040 0.013518
v 0.008573 0.002105 0.013645
v 0.008689 0.001880 0.013608
v 0.008573 0.001955 0.013730
v 0.008606 0.002096 0.013629
v 0.008573 0.001812 0.013825
v 0.008606 0.001944 0.013713
v 0.008653 0.002070 0.013579
v 0.008653 0.001915 0.013666
v 0.008606 0.001800 0.013810
v 0.008573 0.001677 0.013932
v 0.008689 0.001727 0.013710
v 0.008653 0.001767 0.013765
v 0.008689 0.001583 0.013823
v 0.008606 0.001664 0.013917
v 0.008653 0.001627 0.013875
v 0.008689 0.001449 0.013948
v 0.008606 0.001536 0.014035
v 0.008689 0.001324 0.014083
v 0.008653 0.001496 0.013996
v 0.008689 0.001211 0.014227
v 0.008653 0.001376 0.014126
v 0.008606 0.001418 0.014163
v 0.008573 0.001550 0.014049
v 0.008573 0.001434 0.014175
v 0.008606 0.001311 0.014299
v 0.008573 0.001327 0.014310
v 0.008653 0.001265 0.014266
v 0.008606 0.001214 0.014443
v 0.008573 0.001231 0.014453
v 0.008689 0.001109 0.014379
v 0.008653 0.001167 0.014414
v 0.008689 0.001019 0.014539
v 0.008606 0.001130 0.014595
v 0.008653 0.001080 0.014570
v 0.008689 0.000943 0.014705
v 0.008573 0.001147 0.014604
v 0.008689 0.000879 0.014877
v 0.008573 0.001075 0.014760
v 0.008606 0.001057 0.014753
v 0.008573 0.001016 0.014921
v 0.008606 0.000997 0.014916
v 0.008653 0.001005 0.014731
v 0.008606 0.000950 0.015083
v 0.008653 0.000943 0.014898
v 0.008689 0.000829 0.015054
v 0.008653 0.000895 0.015070
v 0.008689 0.000794 0.015234
v 0.008606 0.000916 0.015253
v 0.008653 0.000860 0.015244
v 0.008689 0.000772 0.015416
v 0.008653 0.000839 0.015421
v 0.008689 0.000765 0.015599
v 0.008653 0.000833 0.015599
v 0.008653 0.000839 0.015777
v 0.008517 0.004516 0.015685
v 0.008533 0.004227 0.015685
v 0.008533 0.004227 0.015599
v 0.008517 0.004516 0.015513
v 0.008533 0.004227 0.015514
v 0.008517 0.004520 0.015599
v 0.008487 0.004768 0.015685
v 0.008487 0.004768 0.015513
v 0.008487 0.004772 0.015599
v 0.008447 0.005020 0.015685
v 0.008447 0.005020 0.015513
v 0.008447 0.005024 0.015599
v 0.008428 0.000949 0.015561
v 0.008426 0.000969 0.015544
v 0.008412 0.000972 0.015541
v 0.008304 0.000937 0.015563
v 0.008436 0.000941 0.015569
v 0.008444 0.000936 0.015574
v 0.008304 0.000963 0.015536
v 0.008304 0.000927 0.015599
v 0.008406 0.000980 0.015537
v 0.008456 0.000932 0.015599
v 0.008304 0.001000 0.015526
v 0.008444 0.000936 0.015623
v 0.008406 0.000997 0.015532
v 0.008304 0.000937 0.015635
v 0.008406 0.001023 0.015536
v 0.008436 0.000941 0.015629
v 0.008304 0.001036 0.015536
v 0.008428 0.000949 0.015636
v 0.008406 0.001040 0.015544
v 0.008426 0.000969 0.015653
v 0.008400 0.001051 0.015554
v 0.008304 0.000963 0.015662
v 0.008304 0.001062 0.015563
v 0.008412 0.000972 0.015657
v 0.008395 0.001060 0.015568
v 0.008406 0.000980 0.015661
v 0.008391 0.001065 0.015583
v 0.008304 0.001000 0.015671
v 0.008304 0.001072 0.015599
v 0.008406 0.000997 0.015666
v 0.008390 0.001067 0.015599
v 0.008406 0.001023 0.015662
v 0.008391 0.001066 0.015615
v 0.008304 0.001036 0.015662
v 0.008304 0.001062 0.015635
v 0.008406 0.001040 0.015654
v 0.008395 0.001060 0.015629
v 0.008400 0.001051 0.015644
v 0.008547 0.003633 0.015300
v 0.008547 0.003599 0.015314
v 0.008535 0.003596 0.015294
v 0.008424 0.003570 0.015289
v 0.008535 0.003570 0.015289
v 0.008424 0.003549 0.015273
v 0.008535 0.003549 0.015273
v 0.008535 0.003540 0.015247
v 0.008416 0.001715 0.013977
v 0.008416 0.001846 0.013873
v 0.008410 0.001720 0.013983
v 0.008410 0.001754 0.014023
v 0.008410 0.001851 0.013880
v 0.008416 0.001986 0.013780
v 0.008410 0.001990 0.013787
v 0.008416 0.002132 0.013698
v 0.008410 0.002135 0.013706
v 0.008416 0.002284 0.013628
v 0.008410 0.002287 0.013636
v 0.008416 0.002441 0.013570
v 0.008410 0.002443 0.013578
v 0.008416 0.002602 0.013525
v 0.008410 0.002604 0.013533
v 0.008410 0.002464 0.013641
v 0.008410 0.002312 0.013697
v 0.008410 0.002164 0.013765
v 0.008393 0.002038 0.013871
v 0.008410 0.002022 0.013845
v 0.008393 0.001905 0.013951
v 0.008410 0.001888 0.013932
v 0.008411 0.001856 0.013964
v 0.008416 0.001839 0.014006
v 0.008412 0.001765 0.014036
v 0.008415 0.001776 0.014049
v 0.008573 0.003778 0.013514
v 0.008573 0.003940 0.013573
v 0.008606 0.003783 0.013496
v 0.008573 0.004096 0.013645
v 0.008606 0.003946 0.013556
v 0.008653 0.003800 0.013442
v 0.008653 0.003967 0.013504
v 0.008689 0.003821 0.013378
v 0.008689 0.003993 0.013442
v 0.008653 0.004129 0.013579
v 0.008713 0.004023 0.013371
v 0.008689 0.004160 0.013518
v 0.008713 0.004195 0.013450
v 0.008653 0.004284 0.013666
v 0.008713 0.004360 0.013543
v 0.008689 0.004320 0.013608
v 0.008606 0.004104 0.013629
v 0.008713 0.004517 0.013648
v 0.008573 0.004246 0.013730
v 0.008606 0.004255 0.013713
v 0.008573 0.004389 0.013825
v 0.008653 0.004432 0.013764
v 0.008606 0.004400 0.013810
v 0.008573 0.004524 0.013932
v 0.008689 0.004472 0.013710
v 0.008653 0.004572 0.013875
v 0.008689 0.004616 0.013823
v 0.008606 0.004536 0.013917
v 0.008653 0.004703 0.013996
v 0.008713 0.004666 0.013765
v 0.008689 0.004751 0.013948
v 0.008606 0.004664 0.014035
v 0.008573 0.004651 0.014049
v 0.008653 0.004824 0.014126
v 0.008606 0.004781 0.014163
v 0.008573 0.004768 0.014175
v 0.008653 0.004934 0.014266
v 0.008573 0.004874 0.014310
v 0.008606 0.004889 0.014299
v 0.008573 0.004970 0.014453
v 0.008606 0.004985 0.014443
v 0.008573 0.005054 0.014604
v 0.008606 0.005070 0.014595
v 0.008653 0.005033 0.014414
v 0.008653 0.005120 0.014569
v 0.008606 0.005143 0.014753
v 0.008573 0.005126 0.014760
v 0.008653 0.005195 0.014731
v 0.008573 0.005186 0.014921
v 0.008606 0.005203 0.014916
v 0.008653 0.005256 0.014898
v 0.008573 0.005232 0.015087
v 0.008606 0.005250 0.015083
v 0.008573 0.005266 0.015256
v 0.008606 0.005284 0.015253
v 0.008653 0.005305 0.015070
v 0.008653 0.005339 0.015244
v 0.008606 0.005304 0.015425
v 0.008573 0.005286 0.015427
v 0.008653 0.005360 0.015421
v 0.008573 0.005293 0.015599
v 0.008606 0.005311 0.015599
v 0.008573 0.005286 0.015771
v 0.008653 0.005367 0.015599
v 0.008606 0.005304 0.015772
v 0.008573 0.005266 0.015942
v 0.008573 0.005232 0.016111
v 0.008606 0.005284 0.015945
v 0.008573 0.005186 0.016276
v 0.008606 0.005250 0.016115
v 0.008653 0.005360 0.015777
v 0.008573 0.005126 0.016438
v 0.008606 0.005203 0.016282
v 0.008573 0.005054 0.016594
v 0.008606 0.005143 0.016445
v 0.008573 0.004970 0.016744
v 0.008606 0.005070 0.016603
v 0.008573 0.004874 0.016888
v 0.008606 0.004985 0.016754
v 0.008573 0.004768 0.017023
v 0.008606 0.004889 0.016899
v 0.008606 0.004781 0.017035
v 0.008606 0.004664 0.017163
v 0.008653 0.004934 0.016932
v 0.008653 0.004703 0.017202
v 0.008653 0.004824 0.017072
v 0.008653 0.005033 0.016784
v 0.008689 0.004875 0.017116
v 0.008653 0.005120 0.016628
v 0.008689 0.004989 0.016972
v 0.008689 0.005091 0.016819
v 0.008653 0.005195 0.016467
v 0.008689 0.005180 0.016659
v 0.008653 0.005256 0.016300
v 0.008689 0.005257 0.016493
v 0.008653 0.005305 0.016128
v 0.008689 0.005321 0.016321
v 0.008653 0.005339 0.015954
v 0.008689 0.005370 0.016144
v 0.008689 0.005406 0.015964
v 0.008689 0.005428 0.015782
v 0.008713 0.005445 0.016162
v 0.008713 0.005393 0.016344
v 0.008713 0.005482 0.015976
v 0.008701 0.005469 0.016168
v 0.008713 0.005328 0.016522
v 0.008701 0.005417 0.016352
v 0.008713 0.005248 0.016694
v 0.008701 0.005351 0.016531
v 0.008701 0.005506 0.015980
v 0.008701 0.005270 0.016705
v 0.008701 0.005528 0.015790
v 0.008701 0.005177 0.016872
v 0.008701 0.005536 0.015599
v 0.008713 0.005504 0.015788
v 0.008701 0.005528 0.015408
v 0.008713 0.005511 0.015599
v 0.008689 0.005435 0.015599
v 0.008713 0.005504 0.015410
v 0.008689 0.005428 0.015416
v 0.008713 0.005482 0.015222
v 0.008689 0.005406 0.015234
v 0.008701 0.005506 0.015218
v 0.008713 0.005445 0.015036
v 0.008689 0.005370 0.015054
v 0.008701 0.005469 0.015030
v 0.008689 0.005321 0.014877
v 0.008701 0.005417 0.014846
v 0.008713 0.005393 0.014854
v 0.008701 0.005351 0.014667
v 0.008713 0.005328 0.014676
v 0.008701 0.005270 0.014493
v 0.008689 0.005257 0.014705
v 0.008713 0.005248 0.014504
v 0.008689 0.005180 0.014539
v 0.008713 0.005156 0.014339
v 0.008689 0.005091 0.014379
v 0.008701 0.005177 0.014326
v 0.008713 0.005051 0.014182
v 0.008689 0.004989 0.014226
v 0.008701 0.005071 0.014167
v 0.008701 0.004952 0.014017
v 0.008713 0.004934 0.014033
v 0.008689 0.004875 0.014082
v 0.008713 0.004805 0.013894
v 0.008701 0.004823 0.013876
v 0.008713 0.005156 0.016859
v 0.008713 0.005051 0.017016
v 0.008701 0.005071 0.017031
v 0.008713 0.004934 0.017165
v 0.008701 0.004952 0.017181
v 0.008701 0.004823 0.017321
v 0.008713 0.004805 0.017304
v 0.008689 0.004751 0.017250
v 0.008713 0.004666 0.017432
v 0.008701 0.004682 0.017451
v 0.008689 0.004616 0.017375
v 0.008713 0.004517 0.017550
v 0.008701 0.004532 0.017570
v 0.008689 0.004472 0.017488
v 0.008713 0.004360 0.017655
v 0.008701 0.004373 0.017676
v 0.008689 0.004320 0.017590
v 0.008713 0.004195 0.017747
v 0.008701 0.004206 0.017769
v 0.008689 0.004160 0.017680
v 0.008713 0.004023 0.017827
v 0.008701 0.004032 0.017849
v 0.008689 0.003993 0.017756
v 0.008713 0.003845 0.017892
v 0.008701 0.003853 0.017916
v 0.008713 0.003663 0.017944
v 0.008701 0.003669 0.017968
v 0.008713 0.003477 0.017980
v 0.008701 0.003481 0.018005
v 0.008713 0.003289 0.018003
v 0.008701 0.003291 0.018027
v 0.008713 0.003100 0.018010
v 0.008701 0.003100 0.018035
v 0.008713 0.002911 0.018003
v 0.008701 0.002909 0.018027
v 0.008713 0.002723 0.017980
v 0.008701 0.002719 0.018005
v 0.008713 0.002537 0.017944
v 0.008701 0.002531 0.017968
v 0.008701 0.002347 0.017916
v 0.008713 0.002355 0.017892
v 0.008701 0.002168 0.017849
v 0.008713 0.002177 0.017827
v 0.008701 0.001994 0.017769
v 0.008713 0.002005 0.017747
v 0.008701 0.001827 0.017676
v 0.008713 0.001840 0.017655
v 0.008701 0.001668 0.017570
v 0.008713 0.001683 0.017550
v 0.008701 0.001518 0.017451
v 0.008713 0.001534 0.017432
v 0.008701 0.001377 0.017321
v 0.008713 0.001395 0.017304
v 0.008701 0.001248 0.017181
v 0.008701 0.001129 0.017031
v 0.008701 0.001023 0.016872
v 0.008701 0.000930 0.016705
v 0.007720 0.003620 0.015977
v 0.007720 0.003729 0.015733
v 0.007720 0.003422 0.016156
v 0.007720 0.003729 0.015465
v 0.007720 0.003167 0.016238
v 0.007720 0.003620 0.015221
v 0.007720 0.002901 0.016211
v 0.007720 0.002670 0.016077
v 0.007720 0.003422 0.015042
v 0.007720 0.003167 0.014959
v 0.007720 0.002513 0.015860
v 0.007720 0.002901 0.014987
v 0.007720 0.002457 0.015599
v 0.007720 0.002670 0.015121
v 0.007720 0.002513 0.015337
v 0.008508 0.003080 0.015281
v 0.008508 0.003040 0.015286
v 0.008513 0.003079 0.015271
v 0.008508 0.003120 0.015281
v 0.008513 0.003038 0.015276
v 0.008513 0.003121 0.015271
v 0.008508 0.003002 0.015296
v 0.008513 0.003162 0.015276
v 0.008513 0.002998 0.015286
v 0.008508 0.003160 0.015286
v 0.008508 0.002964 0.015311
v 0.008513 0.003202 0.015286
v 0.008513 0.002960 0.015302
v 0.008508 0.003198 0.015296
v 0.008508 0.002929 0.015330
v 0.008508 0.003236 0.015311
v 0.008513 0.002924 0.015322
v 0.008513 0.003240 0.015302
v 0.008508 0.002897 0.015354
v 0.008508 0.003271 0.015330
v 0.008513 0.002891 0.015346
v 0.008513 0.003276 0.015322
v 0.008513 0.002861 0.015374
v 0.008508 0.003303 0.015354
v 0.008508 0.002868 0.015381
v 0.008513 0.003309 0.015346
v 0.008508 0.002843 0.015412
v 0.008513 0.003340 0.015374
v 0.008513 0.002834 0.015406
v 0.008508 0.003332 0.015381
v 0.008508 0.002821 0.015446
v 0.008513 0.003366 0.015406
v 0.008513 0.002812 0.015441
v 0.008508 0.003358 0.015412
v 0.008508 0.002804 0.015482
v 0.008508 0.003379 0.015446
v 0.008513 0.002795 0.015478
v 0.008513 0.003388 0.015441
v 0.008508 0.002792 0.015520
v 0.008508 0.003396 0.015482
v 0.008513 0.002782 0.015517
v 0.008513 0.003405 0.015478
v 0.008508 0.002784 0.015559
v 0.008508 0.003408 0.015520
v 0.008513 0.002774 0.015558
v 0.008513 0.003418 0.015517
v 0.008513 0.002771 0.015599
v 0.008513 0.003426 0.015558
v 0.008508 0.002782 0.015599
v 0.008508 0.003416 0.015559
v 0.008513 0.002774 0.015640
v 0.008513 0.003429 0.015599
v 0.008508 0.002784 0.015639
v 0.008508 0.003418 0.015599
v 0.008508 0.002792 0.015678
v 0.008513 0.003426 0.015640
v 0.008513 0.002782 0.015681
v 0.008508 0.003416 0.015639
v 0.008508 0.002804 0.015716
v 0.008508 0.003408 0.015678
v 0.008513 0.002795 0.015720
v 0.008513 0.003418 0.015681
v 0.008513 0.002812 0.015757
v 0.008508 0.003396 0.015716
v 0.008508 0.002821 0.015752
v 0.008513 0.003405 0.015720
v 0.008508 0.002843 0.015786
v 0.008508 0.003379 0.015752
v 0.008513 0.002834 0.015792
v 0.008513 0.003388 0.015757
v 0.008508 0.002868 0.015817
v 0.008508 0.003358 0.015786
v 0.008513 0.002861 0.015824
v 0.008513 0.003366 0.015792
v 0.008508 0.002897 0.015844
v 0.008508 0.003332 0.015817
v 0.008513 0.002891 0.015852
v 0.008513 0.003340 0.015824
v 0.008513 0.002924 0.015876
v 0.008513 0.003309 0.015852
v 0.008508 0.002929 0.015868
v 0.008508 0.003303 0.015844
v 0.008513 0.002960 0.015896
v 0.008508 0.003271 0.015868
v 0.008508 0.002964 0.015887
v 0.008513 0.003276 0.015876
v 0.008513 0.002998 0.015911
v 0.008508 0.003236 0.015887
v 0.008508 0.003002 0.015902
v 0.008513 0.003240 0.015896
v 0.008513 0.003038 0.015922
v 0.008513 0.003202 0.015911
v 0.008508 0.003040 0.015912
v 0.008508 0.003198 0.015902
v 0.008508 0.003080 0.015917
v 0.008513 0.003162 0.015922
v 0.008513 0.003079 0.015927
v 0.008508 0.003160 0.015912
v 0.008508 0.003120 0.015917
v 0.008513 0.003121 0.015927
v 0.008423 0.002912 0.015022
v 0.008423 0.003591 0.015242
v 0.008423 0.002493 0.015599
v 0.008423 0.002912 0.016176
v 0.008423 0.003591 0.015956
v 0.008304 0.001000 0.015599
v 0.008528 0.002767 0.015599
v 0.008528 0.002769 0.015557
v 0.008528 0.002769 0.015641
v 0.008543 0.002754 0.015599
v 0.008528 0.002777 0.015516
v 0.008528 0.002777 0.015682
v 0.008528 0.002790 0.015476
v 0.008543 0.002757 0.015556
v 0.008543 0.002765 0.015513
v 0.008528 0.002808 0.015438
v 0.008543 0.002757 0.015642
v 0.008543 0.002778 0.015472
v 0.008543 0.002797 0.015432
v 0.008528 0.002830 0.015403
v 0.008543 0.002820 0.015396
v 0.008543 0.002848 0.015362
v 0.008528 0.002857 0.015371
v 0.008528 0.002887 0.015342
v 0.008543 0.002880 0.015332
v 0.008528 0.002921 0.015317
v 0.008543 0.002915 0.015307
v 0.008543 0.002953 0.015286
v 0.008528 0.002958 0.015297
v 0.008543 0.002993 0.015270
v 0.008528 0.002997 0.015282
v 0.008543 0.003035 0.015259
v 0.008528 0.003038 0.015271
v 0.008543 0.003078 0.015254
v 0.008528 0.003079 0.015266
v 0.008543 0.003122 0.015254
v 0.008528 0.003121 0.015266
v 0.008528 0.003162 0.015271
v 0.008543 0.003165 0.015259
v 0.008528 0.003203 0.015282
v 0.008543 0.003207 0.015270
v 0.008528 0.003242 0.015297
v 0.008543 0.003247 0.015286
v 0.008528 0.003279 0.015317
v 0.008543 0.003285 0.015307
v 0.008528 0.003313 0.015342
v 0.008543 0.003320 0.015332
v 0.008528 0.003343 0.015371
v 0.008543 0.003352 0.015362
v 0.008528 0.003370 0.015403
v 0.008543 0.003380 0.015396
v 0.008528 0.003392 0.015438
v 0.008543 0.003403 0.015432
v 0.008543 0.003422 0.015472
v 0.008528 0.003410 0.015476
v 0.008543 0.003435 0.015513
v 0.008528 0.003423 0.015516
v 0.008543 0.003443 0.015556
v 0.008528 0.003431 0.015557
v 0.008543 0.003446 0.015599
v 0.008528 0.003433 0.015599
v 0.008528 0.003431 0.015641
v 0.008543 0.003443 0.015642
v 0.008528 0.003423 0.015682
v 0.008543 0.003435 0.015685
v 0.008528 0.003410 0.015722
v 0.008543 0.003422 0.015726
v 0.008528 0.003392 0.015760
v 0.008543 0.003403 0.015766
v 0.008528 0.003370 0.015795
v 0.008543 0.003380 0.015802
v 0.008543 0.003352 0.015836
v 0.008528 0.003343 0.015827
v 0.008528 0.003313 0.015856
v 0.008543 0.003320 0.015865
v 0.008528 0.003279 0.015880
v 0.008543 0.003285 0.015891
v 0.008543 0.003247 0.015912
v 0.008528 0.003242 0.015901
v 0.008543 0.003207 0.015928
v 0.008528 0.003203 0.015916
v 0.008543 0.003165 0.015939
v 0.008528 0.003162 0.015926
v 0.008543 0.003122 0.015944
v 0.008528 0.003121 0.015932
v 0.008528 0.003079 0.015932
v 0.008543 0.003078 0.015944
v 0.008528 0.003038 0.015926
v 0.008543 0.003035 0.015939
v 0.008528 0.002997 0.015916
v 0.008543 0.002993 0.015928
v 0.008528 0.002958 0.015901
v 0.008543 0.002953 0.015912
v 0.008528 0.002921 0.015880
v 0.008543 0.002915 0.015891
v 0.008528 0.002887 0.015856
v 0.008543 0.002880 0.015865
v 0.008543 0.002848 0.015836
v 0.008528 0.002857 0.015827
v 0.008528 0.002830 0.015795
v 0.008543 0.002820 0.015802
v 0.008528 0.002808 0.015760
v 0.008543 0.002797 0.015766
v 0.008543 0.002778 0.015726
v 0.008528 0.002790 0.015722
v 0.008543 0.002765 0.015685
v 0.008631 0.001057 0.015560
v 0.008630 0.001074 0.015576
v 0.008633 0.001034 0.015554
v 0.008630 0.001080 0.015599
v 0.008634 0.001012 0.015560
v 0.008630 0.001074 0.015622
v 0.008648 0.001036 0.015599
v 0.008631 0.001057 0.015638
v 0.008633 0.001034 0.015644
v 0.008634 0.001012 0.015638
v 0.008635 0.000995 0.015622
v 0.008636 0.000989 0.015599
v 0.008635 0.000995 0.015576
v 0.007720 0.003100 0.015599
v 0.008383 0.003380 0.016083
v 0.008244 0.003298 0.016000
v 0.008244 0.003380 0.016083
v 0.008244 0.003349 0.016196
v 0.008383 0.003298 0.016000
v 0.008244 0.003185 0.016030
v 0.008383 0.003349 0.016196
v 0.008383 0.003185 0.016030
v 0.008244 0.003154 0.016143
v 0.008383 0.003236 0.016225
v 0.008244 0.003236 0.016225
v 0.008383 0.003154 0.016143
v 0.008394 0.003191 0.016036
v 0.008394 0.003295 0.016008
v 0.008394 0.003162 0.016141
v 0.008394 0.003372 0.016085
v 0.008394 0.003239 0.016218
v 0.008408 0.003267 0.016113
v 0.008394 0.003343 0.016190
v 0.008253 0.003267 0.015085
v 0.008253 0.002663 0.015281
v 0.008253 0.002663 0.015917
v 0.008253 0.003267 0.016113
v 0.008253 0.003640 0.015599
v 0.008244 0.003650 0.015715
v 0.008244 0.003544 0.015665
v 0.008383 0.003544 0.015665
v 0.008383 0.003535 0.015549
v 0.008244 0.003535 0.015549
v 0.008383 0.003650 0.015715
v 0.008244 0.003746 0.015649
v 0.008394 0.003551 0.015660
v 0.008383 0.003631 0.015483
v 0.008244 0.003631 0.015483
v 0.008394 0.003543 0.015552
v 0.008394 0.003649 0.015707
v 0.008383 0.003737 0.015533
v 0.008244 0.003737 0.015533
v 0.008408 0.003640 0.015599
v 0.008394 0.003738 0.015646
v 0.008394 0.003632 0.015491
v 0.008394 0.003730 0.015537
v 0.008383 0.003746 0.015649
v 0.008244 0.002710 0.015388
v 0.008244 0.002594 0.015376
v 0.008383 0.002594 0.015376
v 0.008383 0.002710 0.015388
v 0.008244 0.002779 0.015293
v 0.008383 0.002547 0.015269
v 0.008244 0.002547 0.015269
v 0.008394 0.002599 0.015369
v 0.008383 0.002779 0.015293
v 0.008244 0.002731 0.015187
v 0.008394 0.002707 0.015380
v 0.008383 0.002731 0.015187
v 0.008244 0.002615 0.015175
v 0.008394 0.002771 0.015292
v 0.008383 0.002615 0.015175
v 0.008394 0.002726 0.015193
v 0.008394 0.002618 0.015182
v 0.008408 0.002663 0.015281
v 0.008394 0.002555 0.015270
v 0.008244 0.003197 0.014992
v 0.008383 0.003197 0.014992
v 0.008244 0.003151 0.015099
v 0.008383 0.003312 0.014978
v 0.008244 0.003312 0.014978
v 0.008383 0.003151 0.015099
v 0.008244 0.003222 0.015192
v 0.008394 0.003201 0.014999
v 0.008383 0.003383 0.015070
v 0.008244 0.003383 0.015070
v 0.008394 0.003309 0.014985
v 0.008394 0.003159 0.015098
v 0.008383 0.003337 0.015178
v 0.008244 0.003337 0.015178
v 0.008408 0.003267 0.015085
v 0.008394 0.003225 0.015185
v 0.008394 0.003375 0.015071
v 0.008394 0.003332 0.015171
v 0.008383 0.003222 0.015192
v 0.008383 0.002760 0.015981
v 0.008244 0.002767 0.015865
v 0.008244 0.002760 0.015981
v 0.008383 0.002767 0.015865
v 0.008244 0.002670 0.015800
v 0.008383 0.002655 0.016033
v 0.008244 0.002655 0.016033
v 0.008394 0.002753 0.015976
v 0.008383 0.002670 0.015800
v 0.008244 0.002566 0.015852
v 0.008394 0.002760 0.015868
v 0.008383 0.002566 0.015852
v 0.008244 0.002558 0.015968
v 0.008394 0.002670 0.015808
v 0.008383 0.002558 0.015968
v 0.008394 0.002572 0.015857
v 0.008394 0.002566 0.015965
v 0.008408 0.002663 0.015917
v 0.008394 0.002656 0.016025
v 0.008521 0.003100 0.015599
v 0.008716 0.005560 0.015340
v 0.008716 0.005360 0.014593
v 0.008716 0.004554 0.013598
v 0.008716 0.004106 0.013339
v 0.008716 0.003614 0.013179
v 0.008716 0.002586 0.013179
v 0.008716 0.002094 0.013339
v 0.008716 0.001646 0.013598
v 0.008716 0.001099 0.014145
v 0.008716 0.000840 0.014593
v 0.008716 0.000680 0.015085
v 0.008716 0.000680 0.016113
v 0.008716 0.000840 0.016605
v 0.008716 0.001262 0.017254
v 0.008716 0.001646 0.017600
v 0.008716 0.002094 0.017859
v 0.008716 0.002841 0.018059
v 0.008716 0.003614 0.018019
v 0.008716 0.004106 0.017859
v 0.008716 0.004554 0.017600
v 0.008716 0.005360 0.016605
v 0.008716 0.005560 0.015857
v 0.006487 0.005520 0.015085
v 0.006487 0.004337 0.013457
v 0.006487 0.002841 0.013139
v 0.006487 0.001445 0.013761
v 0.006487 0.000680 0.016113
v 0.006487 0.001863 0.017741
v 0.006487 0.003359 0.018059
v 0.006487 0.005520 0.016113
v 0.008659 0.005505 0.015852
v 0.008659 0.005518 0.015599
v 0.008633 0.005432 0.015599
v 0.008633 0.005420 0.015843
v 0.008659 0.005465 0.016102
v 0.008633 0.005381 0.016084
v 0.008633 0.005318 0.016320
v 0.008659 0.005400 0.016346
v 0.008659 0.005309 0.016582
v 0.008633 0.005231 0.016548
v 0.008659 0.005194 0.016808
v 0.008633 0.005120 0.016765
v 0.008659 0.005056 0.017020
v 0.008633 0.004987 0.016970
v 0.008659 0.004897 0.017217
v 0.008633 0.004833 0.017160
v 0.008633 0.004661 0.017332
v 0.008659 0.004718 0.017396
v 0.008659 0.004521 0.017555
v 0.008633 0.004471 0.017486
v 0.008659 0.004309 0.017693
v 0.008633 0.004266 0.017619
v 0.008659 0.004083 0.017808
v 0.008633 0.004049 0.017730
v 0.008633 0.003821 0.017817
v 0.008659 0.003847 0.017898
v 0.008659 0.003603 0.017964
v 0.008633 0.003585 0.017880
v 0.008659 0.003353 0.018004
v 0.008633 0.003344 0.017919
v 0.008633 0.003100 0.017931
v 0.008659 0.003100 0.018017
v 0.008659 0.002847 0.018004
v 0.008633 0.002856 0.017919
v 0.008633 0.002615 0.017880
v 0.008659 0.002597 0.017964
v 0.008633 0.002379 0.017817
v 0.008659 0.002353 0.017898
v 0.008659 0.002117 0.017808
v 0.008633 0.002151 0.017730
v 0.008633 0.001934 0.017619
v 0.008659 0.001891 0.017693
v 0.008659 0.001679 0.017555
v 0.008633 0.001729 0.017486
v 0.008659 0.001482 0.017396
v 0.008633 0.001539 0.017332
v 0.008633 0.001367 0.017160
v 0.008659 0.001303 0.017217
v 0.008633 0.001213 0.016970
v 0.008659 0.001144 0.017020
v 0.008633 0.001080 0.016765
v 0.008659 0.001006 0.016808
v 0.008633 0.000969 0.016548
v 0.008659 0.000891 0.016582
v 0.008633 0.000882 0.016320
v 0.008659 0.000800 0.016346
v 0.008659 0.000735 0.016102
v 0.008633 0.000819 0.016084
v 0.008633 0.000780 0.015843
v 0.008659 0.000695 0.015852
v 0.008633 0.000768 0.015599
v 0.008659 0.000682 0.015599
v 0.008659 0.000695 0.015346
v 0.008633 0.000780 0.015355
v 0.008659 0.000735 0.015096
v 0.008633 0.000819 0.015114
v 0.008633 0.000882 0.014878
v 0.008659 0.000800 0.014852
v 0.008659 0.000891 0.014615
v 0.008633 0.000969 0.014650
v 0.008659 0.001006 0.014390
v 0.008633 0.001080 0.014433
v 0.008659 0.001144 0.014178
v 0.008633 0.001213 0.014228
v 0.008659 0.001303 0.013981
v 0.008633 0.001367 0.014038
v 0.008659 0.001482 0.013802
v 0.008633 0.001539 0.013866
v 0.008633 0.001729 0.013712
v 0.008659 0.001679 0.013643
v 0.008659 0.001891 0.013505
v 0.008633 0.001934 0.013579
v 0.008659 0.002117 0.013390
v 0.008633 0.002151 0.013468
v 0.008633 0.002379 0.013381
v 0.008659 0.002353 0.013299
v 0.008659 0.002597 0.013234
v 0.008633 0.002615 0.013317
v 0.008659 0.002847 0.013194
v 0.008633 0.002856 0.013279
v 0.008633 0.003100 0.013266
v 0.008659 0.003100 0.013181
v 0.008659 0.003353 0.013194
v 0.008633 0.003344 0.013279
v 0.008633 0.003585 0.013317
v 0.008659 0.003603 0.013234
v 0.008633 0.003821 0.013381
v 0.008659 0.003847 0.013299
v 0.008633 0.004049 0.013468
v 0.008659 0.004083 0.013390
v 0.008659 0.004309 0.013505
v 0.008633 0.004266 0.013579
v 0.008659 0.004521 0.013643
v 0.008633 0.004471 0.013712
v 0.008659 0.004718 0.013802
v 0.008633 0.004661 0.013866
v 0.008659 0.004897 0.013981
v 0.008633 0.004833 0.014038
v 0.008633 0.004987 0.014228
v 0.008659 0.005056 0.014178
v 0.008659 0.005194 0.014390
v 0.008633 0.005120 0.014433
v 0.008659 0.005309 0.014615
v 0.008633 0.005231 0.014650
v 0.008659 0.005400 0.014852
v 0.008633 0.005318 0.014878
v 0.008659 0.005465 0.015096
v 0.008633 0.005381 0.015114
v 0.008659 0.005505 0.015346
v 0.008633 0.005420 0.015355
v 0.006550 0.005465 0.015096
v 0.006581 0.005432 0.015599
v 0.006550 0.005518 0.015599
v 0.006581 0.005381 0.015114
v 0.006550 0.005309 0.014615
v 0.006581 0.005231 0.014650
v 0.006550 0.005056 0.014178
v 0.006581 0.004987 0.014228
v 0.006550 0.004718 0.013802
v 0.006581 0.004661 0.013866
v 0.006581 0.004266 0.013579
v 0.006550 0.004309 0.013505
v 0.006581 0.003821 0.013381
v 0.006550 0.003847 0.013299
v 0.006550 0.003353 0.013194
v 0.006581 0.003344 0.013279
v 0.006550 0.002847 0.013194
v 0.006581 0.002856 0.013279
v 0.006581 0.002379 0.013381
v 0.006550 0.002353 0.013299
v 0.006581 0.001934 0.013579
v 0.006550 0.001891 0.013505
v 0.006581 0.001539 0.013866
v 0.006550 0.001482 0.013802
v 0.006581 0.001213 0.014228
v 0.006550 0.001144 0.014178
v 0.006550 0.000891 0.014615
v 0.006581 0.000969 0.014650
v 0.006550 0.000735 0.015096
v 0.006581 0.000819 0.015114
v 0.006550 0.000682 0.015599
v 0.006581 0.000768 0.015599
v 0.006550 0.000735 0.016102
v 0.006581 0.000819 0.016084
v 0.006581 0.000969 0.016548
v 0.006550 0.000891 0.016582
v 0.006581 0.001213 0.016970
v 0.006550 0.001144 0.017020
v 0.006581 0.001539 0.017332
v 0.006550 0.001482 0.017396
v 0.006581 0.001934 0.017619
v 0.006550 0.001891 0.017693
v 0.006581 0.002379 0.017817
v 0.006550 0.002353 0.017898
v 0.006550 0.002847 0.018004
v 0.006581 0.002856 0.017919
v 0.006581 0.003344 0.017919
v 0.006550 0.003353 0.018004
v 0.006581 0.003821 0.017817
v 0.006550 0.003847 0.017898
v 0.006550 0.004309 0.017693
v 0.006581 0.004266 0.017619
v 0.006550 0.004718 0.017396
v 0.006581 0.004661 0.017332
v 0.006581 0.004987 0.016970
v 0.006550 0.005056 0.017020
v 0.006581 0.005231 0.016548
v 0.006550 0.005309 0.016582
v 0.006581 0.005381 0.016084
v 0.006550 0.005465 0.016102
vn -0.7991 -0.0000 -0.6012
vn -0.3332 -0.0000 -0.9428
vn -0.7346 -0.0706 -0.6749
vn -0.3311 -0.1025 -0.9380
vn -0.7307 -0.1414 -0.6679
vn -0.0236 -0.0000 -0.9997
vn -0.3313 -0.1972 -0.9227
vn -0.7329 -0.2128 -0.6462
vn -0.0237 -0.1026 -0.9944
vn -0.3307 -0.2913 -0.8977
vn -0.7326 -0.2757 -0.6223
vn -0.0237 -0.2052 -0.9784
vn 0.0237 -0.1026 -0.9944
vn 0.0236 -0.0000 -0.9997
vn 0.0237 -0.2052 -0.9784
vn 0.3547 -0.0946 -0.9302
vn 0.3537 -0.0000 -0.9354
vn 0.7512 -0.0712 -0.6563
vn 0.7492 -0.0000 -0.6624
vn 0.7501 -0.1342 -0.6475
vn 0.3546 -0.1970 -0.9140
vn 0.7487 -0.2049 -0.6305
vn 0.3539 -0.2910 -0.8888
vn 0.7485 -0.2679 -0.6067
vn 0.0236 -0.3067 -0.9515
vn 0.3534 -0.3770 -0.8561
vn 0.7483 -0.3308 -0.5750
vn 0.3545 -0.4648 -0.8114
vn -0.0236 -0.3067 -0.9515
vn 0.0236 -0.4089 -0.9123
vn 0.0236 -0.4969 -0.8675
vn -0.3316 -0.3868 -0.8605
vn -0.7324 -0.3387 -0.5907
vn -0.3302 -0.4717 -0.8176
vn -0.0236 -0.4089 -0.9123
vn -0.0237 -0.4968 -0.8675
vn -0.7318 -0.4013 -0.5508
vn -0.3313 -0.5521 -0.7651
vn -0.7327 -0.4570 -0.5043
vn -0.0235 -0.5885 -0.8082
vn -0.3311 -0.6308 -0.7018
vn -0.3312 -0.7017 -0.6308
vn -0.7327 -0.5043 -0.4570
vn 0.0235 -0.5885 -0.8082
vn -0.0237 -0.6705 -0.7415
vn 0.3542 -0.5510 -0.7556
vn 0.0236 -0.6705 -0.7415
vn 0.7499 -0.3868 -0.5367
vn 0.7509 -0.4426 -0.4901
vn 0.3556 -0.6244 -0.6955
vn 0.3556 -0.6955 -0.6244
vn 0.7509 -0.4901 -0.4426
vn 0.0237 -0.7415 -0.6705
vn -0.0237 -0.7415 -0.6705
vn 0.0235 -0.8082 -0.5885
vn 0.3542 -0.7556 -0.5510
vn 0.7499 -0.5367 -0.3868
vn 0.3545 -0.8114 -0.4648
vn 0.7483 -0.5750 -0.3308
vn 0.0236 -0.8675 -0.4968
vn -0.0235 -0.8082 -0.5885
vn -0.0237 -0.8675 -0.4969
vn -0.3313 -0.7651 -0.5521
vn -0.3302 -0.8176 -0.4717
vn -0.7318 -0.5508 -0.4013
vn -0.7324 -0.5906 -0.3387
vn 0.3537 -0.9354 -0.0000
vn 0.7512 -0.6562 -0.0712
vn 0.7492 -0.6624 -0.0000
vn 0.3547 -0.9302 -0.0946
vn 0.7501 -0.6475 -0.1342
vn 0.0236 -0.9997 -0.0000
vn 0.3546 -0.9140 -0.1970
vn 0.7487 -0.6305 -0.2049
vn 0.0237 -0.9944 -0.1026
vn 0.3539 -0.8888 -0.2910
vn 0.7485 -0.6066 -0.2679
vn 0.0237 -0.9784 -0.2052
vn -0.0237 -0.9944 -0.1026
vn -0.0236 -0.9997 -0.0000
vn -0.0237 -0.9784 -0.2052
vn -0.3311 -0.9380 -0.1025
vn -0.3304 -0.9438 -0.0000
vn -0.7323 -0.6772 -0.0709
vn -0.7303 -0.6831 -0.0000
vn -0.7307 -0.6679 -0.1414
vn -0.3312 -0.9227 -0.1972
vn -0.7329 -0.6462 -0.2128
vn -0.3307 -0.8976 -0.2913
vn -0.7326 -0.6223 -0.2757
vn -0.0236 -0.9515 -0.3067
vn -0.3316 -0.8605 -0.3868
vn 0.0236 -0.9515 -0.3067
vn -0.0236 -0.9123 -0.4089
vn 0.3534 -0.8561 -0.3770
vn 0.0236 -0.9123 -0.4089
vn 0.7511 -0.6563 0.0712
vn 0.3547 -0.9302 0.0946
vn 0.7501 -0.6475 0.1342
vn 0.0237 -0.9944 0.1026
vn 0.3546 -0.9140 0.1970
vn 0.7487 -0.6305 0.2049
vn 0.3539 -0.8888 0.2910
vn 0.7485 -0.6067 0.2679
vn 0.0237 -0.9784 0.2052
vn -0.0237 -0.9944 0.1026
vn 0.3534 -0.8561 0.3770
vn 0.7483 -0.5750 0.3308
vn 0.3545 -0.8114 0.4648
vn 0.0236 -0.9515 0.3067
vn 0.0236 -0.9123 0.4089
vn 0.0236 -0.8675 0.4969
vn -0.0237 -0.9784 0.2052
vn -0.0236 -0.9515 0.3067
vn -0.0236 -0.9123 0.4089
vn -0.0237 -0.8675 0.4969
vn -0.3302 -0.8176 0.4717
vn -0.3316 -0.8605 0.3868
vn -0.7324 -0.5907 0.3387
vn -0.7326 -0.6223 0.2757
vn -0.3307 -0.8976 0.2913
vn -0.7329 -0.6462 0.2128
vn -0.3312 -0.9227 0.1972
vn -0.7307 -0.6679 0.1414
vn -0.3311 -0.9380 0.1025
vn -0.7323 -0.6772 0.0712
vn 0.7483 -0.3308 0.5750
vn 0.3545 -0.4648 0.8114
vn 0.7499 -0.3868 0.5368
vn 0.3542 -0.5510 0.7556
vn 0.7509 -0.4426 0.4901
vn 0.0236 -0.4968 0.8675
vn 0.3557 -0.6244 0.6955
vn 0.7509 -0.4901 0.4427
vn 0.0235 -0.5885 0.8082
vn -0.0235 -0.5885 0.8082
vn -0.0237 -0.4969 0.8675
vn 0.0236 -0.6705 0.7415
vn -0.3313 -0.5521 0.7651
vn -0.3302 -0.4717 0.8176
vn -0.0237 -0.6705 0.7415
vn -0.7318 -0.4013 0.5508
vn -0.7324 -0.3387 0.5906
vn -0.7327 -0.4570 0.5043
vn -0.3311 -0.6308 0.7017
vn -0.7328 -0.5042 0.4570
vn -0.3311 -0.7018 0.6308
vn -0.0237 -0.7415 0.6705
vn -0.3313 -0.7651 0.5521
vn -0.7318 -0.5508 0.4013
vn -0.0235 -0.8082 0.5885
vn 0.0235 -0.8082 0.5885
vn 0.0237 -0.7415 0.6705
vn 0.3542 -0.7556 0.5510
vn 0.3556 -0.6955 0.6244
vn 0.7499 -0.5368 0.3868
vn 0.7512 -0.0712 0.6563
vn 0.7492 -0.0000 0.6624
vn 0.3537 -0.0000 0.9354
vn 0.3547 -0.0946 0.9302
vn 0.7501 -0.1342 0.6475
vn 0.0236 -0.0000 0.9997
vn 0.3546 -0.1970 0.9140
vn 0.7487 -0.2049 0.6305
vn 0.0237 -0.1026 0.9944
vn 0.3539 -0.2910 0.8888
vn 0.7485 -0.2679 0.6067
vn 0.0237 -0.2052 0.9784
vn -0.0237 -0.1026 0.9944
vn -0.0236 -0.0000 0.9997
vn -0.0237 -0.2052 0.9784
vn -0.3311 -0.1025 0.9380
vn -0.3304 -0.0000 0.9439
vn -0.7323 -0.0709 0.6772
vn -0.7303 -0.0000 0.6831
vn -0.7307 -0.1414 0.6679
vn -0.3312 -0.1972 0.9227
vn -0.7329 -0.2128 0.6462
vn -0.3307 -0.2913 0.8976
vn -0.7326 -0.2757 0.6223
vn -0.0236 -0.3067 0.9515
vn -0.3316 -0.3868 0.8605
vn 0.0236 -0.3067 0.9515
vn -0.0236 -0.4089 0.9123
vn 0.3534 -0.3770 0.8561
vn 0.0236 -0.4089 0.9123
vn -0.7323 0.0709 0.6772
vn -0.3311 0.1025 0.9380
vn -0.7307 0.1414 0.6679
vn -0.3312 0.1972 0.9227
vn -0.7329 0.2128 0.6462
vn -0.0237 0.1026 0.9944
vn -0.3307 0.2913 0.8977
vn -0.7326 0.2757 0.6223
vn -0.0237 0.2052 0.9784
vn 0.0237 0.1026 0.9944
vn 0.0237 0.2052 0.9784
vn 0.3547 0.0946 0.9302
vn 0.7512 0.0712 0.6562
vn 0.7502 0.1342 0.6475
vn 0.3546 0.1970 0.9140
vn 0.7487 0.2049 0.6305
vn 0.3539 0.2910 0.8888
vn 0.7485 0.2679 0.6067
vn 0.0236 0.3067 0.9515
vn 0.3534 0.3770 0.8561
vn 0.7483 0.3308 0.5750
vn 0.3545 0.4648 0.8114
vn -0.0236 0.3067 0.9515
vn 0.0236 0.4089 0.9123
vn 0.0236 0.4969 0.8675
vn -0.3316 0.3868 0.8605
vn -0.7324 0.3387 0.5907
vn -0.3302 0.4717 0.8176
vn -0.0236 0.4089 0.9123
vn -0.0237 0.4968 0.8675
vn 0.7499 0.5368 0.3868
vn 0.7483 0.5750 0.3308
vn 0.3545 0.8114 0.4647
vn 0.3542 0.7556 0.5510
vn 0.0236 0.8675 0.4968
vn 0.7509 0.4901 0.4427
vn 0.0235 0.8082 0.5885
vn 0.3557 0.6955 0.6244
vn 0.3557 0.6244 0.6954
vn 0.7509 0.4426 0.4901
vn -0.0235 0.8082 0.5885
vn -0.0237 0.8675 0.4969
vn 0.0237 0.7415 0.6705
vn -0.3313 0.7651 0.5521
vn -0.3302 0.8176 0.4717
vn -0.0237 0.7415 0.6705
vn -0.7318 0.5508 0.4013
vn -0.7324 0.5907 0.3386
vn -0.7328 0.5042 0.4570
vn -0.3311 0.7018 0.6308
vn -0.3311 0.6308 0.7017
vn -0.7327 0.4570 0.5043
vn -0.0237 0.6705 0.7415
vn -0.3313 0.5521 0.7651
vn -0.7318 0.4013 0.5508
vn -0.0235 0.5885 0.8082
vn 0.0236 0.6705 0.7415
vn 0.0235 0.5885 0.8082
vn 0.3542 0.5510 0.7556
vn 0.7499 0.3868 0.5368
vn -0.7324 0.6772 0.0709
vn -0.3304 0.9438 -0.0000
vn -0.7303 0.6831 -0.0000
vn -0.3311 0.9380 0.1025
vn -0.0236 0.9997 -0.0000
vn -0.7307 0.6679 0.1414
vn -0.0237 0.9944 0.1026
vn -0.3312 0.9227 0.1972
vn -0.7329 0.6462 0.2128
vn 0.0236 0.9997 -0.0000
vn -0.3307 0.8976 0.2913
vn -0.7326 0.6223 0.2757
vn -0.0237 0.9784 0.2052
vn 0.0237 0.9944 0.1026
vn -0.3316 0.8605 0.3868
vn -0.0236 0.9515 0.3067
vn -0.0236 0.9123 0.4089
vn 0.0237 0.9784 0.2052
vn 0.0236 0.9515 0.3067
vn 0.0236 0.9123 0.4089
vn 0.3534 0.8561 0.3770
vn 0.7485 0.6066 0.2679
vn 0.3539 0.8888 0.2910
vn 0.7487 0.6305 0.2049
vn 0.3546 0.9140 0.1970
vn 0.7501 0.6475 0.1342
vn 0.3547 0.9302 0.0946
vn 0.7512 0.6563 0.0712
vn 0.3537 0.9354 -0.0000
vn 0.7492 0.6624 -0.0000
vn -0.7324 0.6772 -0.0709
vn -0.3311 0.9380 -0.1025
vn -0.7307 0.6679 -0.1414
vn -0.3312 0.9227 -0.1972
vn -0.7329 0.6462 -0.2128
vn -0.0237 0.9944 -0.1026
vn -0.3307 0.8976 -0.2913
vn -0.7326 0.6223 -0.2757
vn -0.0237 0.9784 -0.2052
vn 0.0237 0.9944 -0.1026
vn 0.0237 0.9784 -0.2052
vn 0.3547 0.9302 -0.0946
vn 0.7512 0.6563 -0.0712
vn 0.7502 0.6475 -0.1342
vn 0.3546 0.9140 -0.1970
vn 0.7487 0.6305 -0.2049
vn 0.3539 0.8888 -0.2910
vn 0.7484 0.6067 -0.2679
vn 0.0236 0.9515 -0.3067
vn 0.3534 0.8561 -0.3770
vn 0.7483 0.5750 -0.3308
vn 0.3545 0.8114 -0.4648
vn -0.0236 0.9515 -0.3067
vn 0.0236 0.9123 -0.4089
vn 0.0236 0.8675 -0.4969
vn -0.3316 0.8605 -0.3868
vn -0.7324 0.5907 -0.3387
vn -0.3302 0.8176 -0.4717
vn -0.0236 0.9123 -0.4089
vn -0.0237 0.8675 -0.4968
vn -0.7318 0.5508 -0.4013
vn -0.3313 0.7651 -0.5521
vn -0.7327 0.5043 -0.4570
vn -0.3312 0.7017 -0.6308
vn -0.7327 0.4570 -0.5043
vn -0.0235 0.8082 -0.5885
vn 0.0235 0.8082 -0.5885
vn -0.0237 0.7415 -0.6705
vn 0.3542 0.7556 -0.5510
vn 0.7499 0.5368 -0.3868
vn 0.7509 0.4901 -0.4426
vn 0.3557 0.6955 -0.6244
vn 0.7509 0.4427 -0.4901
vn 0.0236 0.7415 -0.6705
vn 0.3557 0.6244 -0.6955
vn 0.0237 0.6705 -0.7415
vn -0.0237 0.6705 -0.7415
vn 0.0235 0.5885 -0.8082
vn 0.3542 0.5510 -0.7556
vn 0.7499 0.3868 -0.5367
vn 0.3545 0.4647 -0.8114
vn 0.7483 0.3308 -0.5750
vn 0.0236 0.4968 -0.8675
vn -0.0235 0.5885 -0.8082
vn -0.0237 0.4968 -0.8675
vn -0.3312 0.6308 -0.7017
vn -0.3313 0.5521 -0.7651
vn -0.3302 0.4717 -0.8176
vn -0.7318 0.4013 -0.5508
vn -0.7324 0.3386 -0.5907
vn -0.7324 0.0709 -0.6772
vn -0.3311 0.1025 -0.9380
vn -0.7307 0.1414 -0.6679
vn -0.0237 0.1026 -0.9944
vn -0.3312 0.1972 -0.9227
vn -0.7329 0.2128 -0.6462
vn -0.3307 0.2913 -0.8977
vn -0.7326 0.2757 -0.6223
vn -0.0237 0.2052 -0.9784
vn 0.0237 0.1026 -0.9944
vn -0.3316 0.3868 -0.8605
vn -0.0236 0.3067 -0.9515
vn -0.0236 0.4089 -0.9123
vn 0.0237 0.2052 -0.9784
vn 0.0236 0.3067 -0.9515
vn 0.0236 0.4089 -0.9123
vn 0.3534 0.3770 -0.8561
vn 0.7485 0.2679 -0.6067
vn 0.3539 0.2910 -0.8888
vn 0.7487 0.2049 -0.6305
vn 0.3546 0.1970 -0.9140
vn 0.7502 0.1342 -0.6475
vn 0.3547 0.0946 -0.9302
vn 0.7512 0.0712 -0.6562
vn 0.9697 0.2444 -0.0000
vn 0.9712 0.2369 -0.0237
vn 0.9980 -0.0629 -0.0000
vn 0.9980 -0.0628 0.0079
vn 0.9632 -0.2686 -0.0000
vn 0.9709 0.2343 -0.0498
vn 0.9638 -0.2608 0.0554
vn 0.9979 -0.0629 0.0157
vn 0.9710 0.2274 -0.0739
vn 0.9636 -0.2528 0.0869
vn 0.9707 0.2210 -0.0947
vn 0.9982 -0.0550 0.0236
vn 0.9713 0.2059 -0.1191
vn 0.9980 -0.0550 0.0314
vn 0.9641 -0.2301 0.1328
vn 0.9709 0.1934 -0.1409
vn 0.9624 -0.2196 0.1596
vn 0.9981 -0.0472 0.0393
vn 0.9706 0.1815 -0.1578
vn 0.9709 0.1602 -0.1777
vn 0.9981 -0.0393 0.0472
vn 0.9633 -0.1974 0.1816
vn 0.9706 0.1417 -0.1947
vn 0.9634 -0.1816 0.1974
vn 0.9977 -0.0338 0.0586
vn 0.9641 -0.1328 0.2300
vn 0.9699 0.1183 -0.2129
vn 0.9982 -0.0236 0.0550
vn 0.9706 0.0979 -0.2198
vn 0.9636 -0.0869 0.2528
vn 0.9979 -0.0157 0.0629
vn 0.9709 0.0710 -0.2289
vn 0.9709 0.0498 -0.2343
vn 0.9628 -0.0282 0.2687
vn 0.9980 -0.0079 0.0629
vn 0.9709 0.0253 -0.2380
vn 0.9633 -0.0000 0.2684
vn 0.9980 -0.0000 0.0629
vn 0.9697 -0.0000 -0.2444
vn 0.9980 0.0079 0.0629
vn 0.9706 -0.0252 -0.2393
vn 0.9628 0.0315 0.2683
vn 0.9979 0.0157 0.0629
vn 0.9709 -0.0498 -0.2343
vn 0.9713 -0.0733 -0.2263
vn 0.9636 0.0869 0.2528
vn 0.9707 -0.0947 -0.2210
vn 0.9982 0.0236 0.0550
vn 0.9709 -0.1198 -0.2072
vn 0.9980 0.0314 0.0550
vn 0.9641 0.1328 0.2300
vn 0.9981 0.0393 0.0472
vn 0.9713 -0.1399 -0.1923
vn 0.9706 -0.1613 -0.1789
vn 0.9634 0.1795 0.1993
vn 0.9981 0.0472 0.0393
vn 0.9716 -0.1757 -0.1582
vn 0.9700 -0.1972 -0.1420
vn 0.9633 0.1974 0.1816
vn 0.9710 -0.2071 -0.1196
vn 0.9980 0.0550 0.0314
vn 0.9641 0.2301 0.1328
vn 0.9707 -0.2210 -0.0947
vn 0.9982 0.0550 0.0236
vn 0.9713 -0.2262 -0.0733
vn 0.9979 0.0629 0.0157
vn 0.9636 0.2528 0.0869
vn 0.9704 -0.2367 -0.0473
vn 0.9196 0.3908 0.0411
vn 0.9978 0.0652 0.0069
vn 0.9709 -0.2380 -0.0249
vn 0.9633 0.2684 -0.0000
vn 0.9980 0.0629 -0.0000
vn 0.9697 -0.2444 -0.0000
vn 0.9712 -0.2369 0.0237
vn 0.9980 0.0629 -0.0079
vn 0.9706 -0.2356 0.0499
vn 0.9628 0.2683 -0.0316
vn 0.9979 0.0629 -0.0157
vn 0.9713 -0.2263 0.0733
vn 0.9636 0.2528 -0.0869
vn 0.9707 -0.2210 0.0947
vn 0.9982 0.0550 -0.0236
vn 0.9713 -0.2058 0.1191
vn 0.9980 0.0550 -0.0314
vn 0.9641 0.2301 -0.1328
vn 0.9706 -0.1947 0.1417
vn 0.9624 0.2196 -0.1596
vn 0.9981 0.0471 -0.0393
vn 0.9981 0.0472 -0.0393
vn 0.9713 -0.1766 0.1593
vn 0.9713 -0.1592 0.1769
vn 0.9634 0.1795 -0.1993
vn 0.9981 0.0393 -0.0471
vn 0.9700 -0.1420 0.1972
vn 0.9981 0.0393 -0.0472
vn 0.9706 -0.1203 0.2084
vn 0.9641 0.1328 -0.2300
vn 0.9980 0.0314 -0.0550
vn 0.9707 -0.0947 0.2210
vn 0.9982 0.0236 -0.0550
vn 0.9713 -0.0733 0.2263
vn 0.9979 0.0157 -0.0629
vn 0.9636 0.0869 -0.2528
vn 0.9704 -0.0473 0.2367
vn 0.9706 -0.0252 0.2393
vn 0.9980 0.0079 -0.0629
vn 0.9638 0.0553 -0.2608
vn 0.9713 0.0002 0.2378
vn 0.9980 -0.0000 -0.0629
vn 0.9633 -0.0000 -0.2685
vn 0.9712 0.0237 0.2369
vn 0.9980 -0.0079 -0.0629
vn 0.9713 0.0494 0.2328
vn 0.9979 -0.0157 -0.0628
vn 0.9628 -0.0316 -0.2683
vn 0.9713 0.0733 0.2263
vn 0.9979 -0.0157 -0.0629
vn 0.9636 -0.0869 -0.2529
vn 0.9707 0.0947 0.2210
vn 0.9982 -0.0236 -0.0550
vn 0.9713 0.1191 0.2059
vn 0.9980 -0.0314 -0.0550
vn 0.9641 -0.1328 -0.2301
vn 0.9700 0.1420 0.1972
vn 0.9981 -0.0393 -0.0472
vn 0.9709 0.1603 0.1780
vn 0.9634 -0.1795 -0.1993
vn 0.9709 0.1777 0.1603
vn 0.9634 -0.1993 -0.1795
vn 0.9981 -0.0472 -0.0393
vn 0.9624 -0.2196 -0.1596
vn 0.9709 0.1934 0.1409
vn 0.9641 -0.2301 -0.1328
vn 0.9980 -0.0550 -0.0314
vn 0.9699 0.2129 0.1183
vn 0.9982 -0.0550 -0.0236
vn 0.9709 0.2187 0.0972
vn 0.9713 0.2263 0.0733
vn 0.9979 -0.0629 -0.0157
vn 0.9636 -0.2528 -0.0869
vn 0.9704 0.2367 0.0473
vn 0.9706 0.2393 0.0252
vn 0.9980 -0.0628 -0.0079
vn 0.9638 -0.2608 -0.0553
vn -0.9791 0.2032 -0.0000
vn -0.9722 0.2292 -0.0474
vn -0.9962 -0.0870 -0.0000
vn -0.9961 -0.0870 0.0158
vn -0.9541 -0.2996 -0.0000
vn -0.9051 -0.3888 0.1720
vn -0.9964 -0.0780 0.0345
vn -0.9787 0.1875 -0.0833
vn -0.9527 -0.2441 0.1811
vn -0.9959 -0.0712 0.0553
vn -0.9787 0.1661 -0.1205
vn -0.9536 -0.2049 0.2206
vn -0.9960 -0.0632 0.0632
vn -0.9720 0.1581 -0.1739
vn -0.9957 -0.0474 0.0791
vn -0.9783 0.1037 -0.1795
vn -0.9957 -0.0316 0.0869
vn -0.9542 -0.0946 0.2839
vn -0.9726 0.0712 -0.2214
vn -0.9712 0.0237 -0.2370
vn -0.9962 -0.0079 0.0870
vn -0.9783 -0.0217 -0.2062
vn -0.9962 0.0079 0.0870
vn -0.9535 -0.0315 0.2998
vn -0.9791 -0.0628 -0.1933
vn -0.9957 0.0316 0.0869
vn -0.9542 0.0946 0.2839
vn -0.9715 -0.1185 -0.2054
vn -0.9957 0.0474 0.0791
vn -0.9783 -0.1387 -0.1541
vn -0.9960 0.0632 0.0633
vn -0.9538 0.1501 0.2601
vn -0.9051 0.3436 0.2503
vn -0.9966 0.0663 0.0487
vn -0.9791 -0.1644 -0.1194
vn -0.9723 -0.2135 -0.0949
vn -0.9961 0.0791 0.0395
vn -0.9530 0.2756 0.1260
vn -0.9722 -0.2292 -0.0474
vn -0.9961 0.0870 0.0158
vn -0.9962 0.0870 -0.0000
vn -0.9544 0.2921 0.0621
vn -0.9791 -0.2032 -0.0000
vn -0.9961 0.0870 -0.0158
vn -0.9540 0.2997 -0.0000
vn -0.9783 -0.2028 0.0431
vn -0.9961 0.0791 -0.0395
vn -0.9530 0.2756 -0.1260
vn -0.9723 -0.2134 0.0949
vn -0.9726 -0.1898 0.1344
vn -0.9959 0.0712 -0.0553
vn -0.9787 -0.1372 0.1526
vn -0.9960 0.0632 -0.0632
vn -0.9527 0.2459 -0.1786
vn -0.9787 -0.1025 0.1778
vn -0.9957 0.0474 -0.0791
vn -0.9536 0.2049 -0.2207
vn -0.9787 -0.0633 0.1952
vn -0.9542 0.0946 -0.2839
vn -0.9957 0.0316 -0.0869
vn -0.9712 -0.0237 0.2369
vn -0.9962 0.0079 -0.0870
vn -0.9783 0.0217 0.2062
vn -0.9962 -0.0079 -0.0870
vn -0.9535 0.0315 -0.2998
vn -0.9051 -0.1304 -0.4046
vn -0.9964 -0.0261 -0.0812
vn -0.9787 0.0633 0.1952
vn -0.9539 -0.1498 -0.2602
vn -0.9957 -0.0474 -0.0790
vn -0.9787 0.1025 0.1778
vn -0.9960 -0.0632 -0.0632
vn -0.9536 -0.2049 -0.2207
vn -0.9720 0.1581 0.1739
vn -0.9959 -0.0712 -0.0553
vn -0.9787 0.1659 0.1207
vn -0.9961 -0.0791 -0.0395
vn -0.9527 -0.2459 -0.1787
vn -0.9787 0.1874 0.0836
vn -0.9961 -0.0870 -0.0158
vn -0.9530 -0.2769 -0.1233
vn -0.9722 0.2292 0.0474
vn -0.0000 0.9945 -0.1045
vn -0.0000 0.9787 0.2052
vn -0.0000 1.0000 -0.0000
vn -0.0000 0.9945 0.1045
vn -0.0000 0.9125 0.4091
vn -0.0000 0.8084 0.5887
vn 1.0000 -0.0000 -0.0000
vn -0.0000 0.3068 0.9518
vn -0.0000 0.2052 0.9787
vn -0.0000 0.1026 0.9947
vn -0.0000 -0.0000 1.0000
vn -0.0000 -0.1026 0.9947
vn -0.0000 -0.2052 0.9787
vn -0.0000 -0.3068 0.9518
vn -0.0000 -0.4091 0.9125
vn -0.0000 -0.4970 0.8678
vn -0.0000 -0.4970 0.8677
vn -0.0000 -0.5886 0.8085
vn -0.0000 -0.5885 0.8085
vn -0.0000 -0.6707 0.7418
vn -0.0000 -0.6707 0.7417
vn -0.0000 -0.7418 0.6707
vn -0.0000 -0.7417 0.6707
vn -0.0000 -0.8084 0.5886
vn -0.0000 -0.3068 -0.9518
vn -0.0000 -0.4090 -0.9125
vn -0.0000 -0.4091 -0.9125
vn -0.0000 -0.4970 -0.8678
vn -0.0000 -0.5885 -0.8085
vn -0.0000 -0.6707 -0.7417
vn -0.0000 -0.7417 -0.6707
vn -0.0000 -0.7418 -0.6706
vn -0.0000 -0.8085 -0.5885
vn -0.0000 0.3068 -0.9518
vn -0.0000 0.2052 -0.9787
vn -0.0000 0.1027 -0.9947
vn -0.0000 -0.0000 -1.0000
vn -0.0000 -0.1027 -0.9947
vn -0.0000 -0.2052 -0.9787
vn -0.0000 0.8085 -0.5885
vn -0.0000 0.7417 -0.6707
vn -0.0000 0.6707 -0.7418
vn -0.0000 0.6706 -0.7418
vn -0.0000 0.5885 -0.8085
vn -0.0000 0.5887 -0.8084
vn -0.0000 0.5029 -0.8644
vn -0.0000 0.4091 -0.9125
vn -0.0000 0.4090 -0.9125
vn -0.0000 0.8644 -0.5029
vn -0.0000 0.9125 -0.4091
vn -0.0000 0.9518 -0.3068
vn -0.0000 0.9787 -0.2052
vn -0.0000 0.9787 -0.2053
vn -0.0000 0.9947 -0.1027
vn -0.0000 0.9947 -0.1026
vn -0.0000 0.9947 0.1027
vn -0.0000 0.9518 0.3068
vn -0.0000 0.9125 0.4090
vn -0.0000 0.8678 0.4970
vn -0.0000 0.8677 0.4970
vn -0.0000 0.8085 0.5885
vn -0.0000 0.7417 0.6707
vn -0.0000 0.6706 0.7418
vn -0.0000 0.6707 0.7417
vn -0.0000 0.5885 0.8085
vn -0.0000 0.4970 0.8678
vn -0.0000 0.4091 0.9125
vn -0.0000 -0.4970 -0.8677
vn -0.0000 -0.4971 -0.8677
vn -0.0000 -0.8084 -0.5886
vn -0.0000 -0.1026 -0.9947
vn -0.0000 0.4970 -0.8677
vn -0.0000 0.6708 -0.7417
vn -0.0000 0.6707 -0.7417
vn -0.0000 0.8084 -0.5886
vn -0.0000 -0.8678 0.4970
vn -0.0000 -0.9125 0.4091
vn -0.0000 -0.9518 0.3069
vn -0.0000 -0.9518 0.3068
vn -0.0000 -0.9787 0.2052
vn -0.0000 -0.9947 0.1027
vn -0.0000 -1.0000 -0.0000
vn -0.0000 -0.9947 -0.1027
vn -0.0000 -0.9787 -0.2052
vn -0.0000 -0.9518 -0.3068
vn -0.0000 -0.9125 -0.4091
vn -0.0000 -0.8643 -0.5029
vn -0.0000 -0.8644 -0.5029
vn 0.8636 0.1571 -0.4791
vn 0.8658 0.2046 -0.4566
vn 0.8680 0.1499 -0.4734
vn 0.8673 0.2444 -0.4337
vn 0.8656 0.2518 -0.4328
vn 0.8650 0.2909 -0.4089
vn 0.8676 0.3313 -0.3707
vn 0.8654 0.3383 -0.3697
vn 0.8654 0.3697 -0.3383
vn 0.8678 0.4022 -0.2919
vn 0.8630 0.4079 -0.2981
vn 0.8656 0.4328 -0.2518
vn 0.8659 0.4565 -0.2047
vn 0.8658 0.4566 -0.2047
vn 0.8637 0.4790 -0.1571
vn 0.8666 0.4884 -0.1024
vn 0.8632 0.4944 -0.1020
vn 0.8664 0.4962 -0.0551
vn 0.8677 0.4971 -0.0000
vn 0.8644 0.5028 -0.0000
vn 0.8664 0.4962 0.0551
vn 0.8666 0.4884 0.1024
vn 0.8632 0.4944 0.1020
vn 0.8637 0.4790 0.1571
vn 0.8659 0.4565 0.2046
vn 0.8658 0.4566 0.2047
vn 0.8656 0.4328 0.2518
vn 0.8678 0.4021 0.2919
vn 0.8630 0.4079 0.2980
vn 0.8653 0.3698 0.3383
vn 0.8676 0.3313 0.3707
vn 0.8654 0.3383 0.3697
vn 0.8650 0.2910 0.4089
vn 0.8673 0.2445 0.4336
vn 0.8656 0.2518 0.4328
vn 0.8658 0.2046 0.4566
vn 0.8680 0.1499 0.4734
vn 0.8636 0.1570 0.4791
vn 0.8666 0.1024 0.4884
vn 0.8664 0.0551 0.4962
vn 0.8631 0.0549 0.5021
vn 0.8643 -0.0000 0.5029
vn 0.8664 -0.0551 0.4962
vn 0.8631 -0.0549 0.5021
vn 0.8666 -0.1024 0.4884
vn 0.8680 -0.1499 0.4734
vn 0.8636 -0.1570 0.4791
vn 0.8658 -0.2046 0.4567
vn 0.8656 -0.2518 0.4328
vn 0.8650 -0.2910 0.4089
vn 0.8676 -0.3313 0.3707
vn 0.8628 -0.3373 0.3765
vn 0.8653 -0.3698 0.3383
vn 0.8678 -0.4021 0.2919
vn 0.8630 -0.4079 0.2981
vn 0.8656 -0.4328 0.2518
vn 0.8659 -0.4565 0.2046
vn 0.8658 -0.4565 0.2047
vn 0.8637 -0.4789 0.1570
vn 0.8666 -0.4884 0.1024
vn 0.8632 -0.4944 0.1020
vn 0.8664 -0.4963 0.0551
vn 0.8677 -0.4971 -0.0000
vn 0.8643 -0.5029 -0.0000
vn 0.8664 -0.4963 -0.0551
vn 0.8666 -0.4885 -0.1024
vn 0.8632 -0.4944 -0.1020
vn 0.8637 -0.4789 -0.1570
vn 0.8659 -0.4565 -0.2046
vn 0.8658 -0.4565 -0.2047
vn 0.8656 -0.4328 -0.2518
vn 0.8678 -0.4021 -0.2919
vn 0.8630 -0.4079 -0.2981
vn 0.8653 -0.3698 -0.3383
vn 0.8676 -0.3313 -0.3707
vn 0.8628 -0.3373 -0.3765
vn 0.8650 -0.2909 -0.4089
vn 0.8656 -0.2518 -0.4328
vn 0.8658 -0.2046 -0.4566
vn 0.8680 -0.1499 -0.4734
vn 0.8637 -0.1570 -0.4790
vn 0.8666 -0.1024 -0.4884
vn 0.8664 -0.0551 -0.4962
vn 0.8631 -0.0549 -0.5021
vn 0.8644 -0.0000 -0.5027
vn 0.8664 0.0551 -0.4962
vn 0.8631 0.0549 -0.5021
vn 0.8665 0.1024 -0.4885
vn -0.0000 -0.3067 0.9518
vn -0.0000 -0.4971 0.8677
vn -0.0000 -0.9125 0.4090
vn -0.0000 -0.9787 -0.2053
vn -0.0000 -0.9125 -0.4090
vn -0.0000 0.4970 0.8677
vn -0.0000 0.3069 0.9517
vn -0.0000 -0.1027 0.9947
vn -0.0000 0.1027 0.9947
vn -1.0000 -0.0000 -0.0000
vn 0.0008 -0.0126 0.9999
vn -0.0000 -0.8498 0.5271
vn -0.0000 -0.8554 0.5180
vn 0.0079 -0.9999 0.0079
vn 0.0079 0.3068 -0.9518
vn 0.0079 0.3067 -0.9518
vn -0.0000 -0.1105 -0.9939
vn 0.0079 -0.9999 -0.0079
vn -0.0000 -0.8554 -0.5180
vn -0.0000 -0.8498 -0.5272
vn -0.0000 -0.6871 -0.7266
vn -0.0000 0.2277 0.9737
vn 0.0079 -0.2996 0.9540
vn -0.0000 0.2443 0.9697
vn -0.0000 0.4783 0.8782
vn -0.0000 0.4782 0.8782
vn -0.0000 0.9835 -0.1809
vn -0.0000 0.9835 -0.1810
vn -0.0000 0.3863 0.9224
vn -0.0000 0.3768 0.9263
vn 0.0079 0.8018 0.5975
vn 0.0078 0.8019 0.5974
vn 0.0078 0.8084 0.5886
vn -0.0000 0.1260 0.9920
vn 0.2917 -0.3862 0.8751
vn -0.0000 -0.4504 0.8928
vn -0.0000 0.3768 -0.9263
vn -0.0000 0.3863 -0.9224
vn 0.0079 0.8018 -0.5975
vn -0.0000 0.9835 0.1809
vn -0.0000 0.9835 0.1810
vn 0.0079 -0.3068 -0.9517
vn 0.0079 -0.2996 -0.9540
vn -0.0000 0.4782 -0.8782
vn -0.0000 0.4783 -0.8782
vn -0.0013 -0.9577 -0.2879
vn -0.0000 -0.9021 0.4314
vn 0.2911 -0.9520 -0.0944
vn -0.0000 -0.9888 -0.1491
vn -0.0000 -0.9021 0.4315
vn -0.0000 -0.9022 0.4314
vn 0.0006 0.7572 0.6532
vn -0.0000 0.8896 0.4567
vn -0.0000 0.9095 0.4156
vn 0.0079 0.9999 0.0079
vn 0.0079 0.9999 0.0078
vn 0.2516 0.9673 0.0315
vn 0.0395 0.8921 -0.4500
vn 0.0079 0.8440 -0.5363
vn 0.3152 0.8669 -0.3861
vn -0.0000 0.5122 -0.8589
vn 0.6466 0.7570 0.0946
vn 0.3083 0.9406 0.1423
vn -0.0000 0.4566 -0.8897
vn 0.6915 0.6994 0.1807
vn 0.2915 0.8271 0.4805
vn 0.7700 0.5028 0.3928
vn 0.7083 0.2676 0.6532
vn 0.2295 0.4510 0.8625
vn 0.6985 0.2590 0.6671
vn 0.2444 0.4336 0.8673
vn -0.0000 0.2370 -0.9715
vn -0.0000 0.2369 -0.9715
vn 0.3377 0.2906 -0.8953
vn -0.0000 0.1580 -0.9874
vn 0.3390 0.2207 -0.9145
vn 0.3385 0.1496 -0.9290
vn -0.0000 0.1026 -0.9947
vn 0.3383 0.0944 -0.9363
vn -0.0000 0.0870 -0.9962
vn 0.0079 -0.3699 -0.9290
vn 0.3397 0.0315 -0.9400
vn 0.0393 -0.4563 -0.8890
vn 0.0079 -0.8121 -0.5835
vn 0.6409 0.0158 -0.7675
vn 0.3161 -0.4741 -0.8218
vn 0.0079 -0.8122 -0.5834
vn -0.0000 -0.9803 -0.1976
vn 0.2515 -0.8017 -0.5423
vn 0.3084 -0.8460 -0.4349
vn 0.6930 -0.6694 -0.2677
vn 0.6245 -0.4110 -0.6641
vn 0.6451 -0.6687 -0.3697
vn 0.7706 -0.6369 0.0236
vn 0.9861 0.0157 0.1657
vn 0.9771 0.0079 0.2127
vn 0.2279 -0.8725 0.4323
vn 0.2444 -0.8593 0.4493
vn 0.7075 -0.5975 0.3774
vn 0.7014 -0.5990 0.3862
vn 0.2609 -0.8538 0.4506
vn 0.9887 0.0157 0.1491
vn 0.7087 -0.5906 0.3859
vn 0.2922 -0.7108 0.6398
vn 0.9910 0.0078 0.1337
vn 0.9939 -0.0000 0.1104
vn 0.9909 0.0157 0.1337
vn 0.9873 0.0157 0.1580
vn 0.9872 0.0237 0.1580
vn 0.9898 0.0157 0.1414
vn 0.9947 0.0079 0.1026
vn 0.9766 0.0315 0.2126
vn 0.9879 0.0395 0.1502
vn 0.9770 0.0158 0.2128
vn 0.9920 0.0079 0.1261
vn 0.9776 0.0473 0.2050
vn 0.9900 -0.0000 0.1413
vn 0.9918 0.0236 0.1259
vn 0.9975 -0.0000 0.0707
vn 0.9992 -0.0000 0.0393
vn 0.9992 0.0079 0.0393
vn 0.9915 0.0315 0.1259
vn 0.9768 0.0630 0.2048
vn 0.9992 0.0079 0.0395
vn 0.9875 0.0474 0.1501
vn 0.9922 0.0394 0.1181
vn 0.9772 0.0788 0.1970
vn 0.9919 0.0472 0.1181
vn 0.9991 0.0157 0.0393
vn 0.9991 0.0157 0.0394
vn 1.0000 -0.0000 0.0079
vn 1.0000 -0.0000 0.0078
vn 0.4720 -0.2046 -0.8575
vn 0.4646 -0.1418 -0.8741
vn 0.4649 -0.0709 -0.8825
vn 0.8176 -0.0472 -0.5739
vn 0.9947 -0.0079 0.1026
vn 0.4661 0.0002 -0.8847
vn 0.6304 0.0788 -0.7723
vn 0.9946 -0.0158 0.1026
vn 0.6318 0.1185 -0.7660
vn 0.6296 0.1813 -0.7555
vn 0.9944 -0.0237 0.1026
vn 0.6298 0.2362 -0.7400
vn 0.4649 0.0709 -0.8825
vn 0.8148 -0.0000 -0.5797
vn 0.4707 0.1412 -0.8709
vn 0.8176 0.0472 -0.5739
vn 0.9942 -0.0315 0.1026
vn 0.4721 0.2045 -0.8575
vn 0.8185 0.0944 -0.5666
vn 0.9377 0.0236 -0.3467
vn 0.8185 0.1338 -0.5587
vn 0.9365 0.0551 -0.3463
vn 0.4734 0.2762 -0.8364
vn 0.9375 0.0788 -0.3389
vn 0.8160 0.1805 -0.5492
vn 0.4735 0.3393 -0.8128
vn 0.1931 0.1498 -0.9697
vn 0.1932 0.0789 -0.9780
vn 0.1961 0.2119 -0.9574
vn 0.1917 -0.0000 -0.9815
vn 0.9372 0.1103 -0.3308
vn 0.1882 0.3058 -0.9333
vn 0.9379 -0.0003 -0.3469
vn 0.1932 -0.0788 -0.9780
vn 0.9377 -0.0236 -0.3467
vn 0.1969 -0.1497 -0.9689
vn 0.9365 -0.0553 -0.3463
vn 0.1970 -0.2285 -0.9534
vn 0.8148 -0.0940 -0.5720
vn 0.9375 -0.0788 -0.3388
vn 0.1970 -0.2994 -0.9336
vn 0.9372 -0.1103 -0.3309
vn 0.1967 -0.3777 -0.9048
vn 0.8185 -0.1345 -0.5586
vn 0.4734 -0.2762 -0.8364
vn 0.8160 -0.1804 -0.5492
vn 0.9369 -0.1343 -0.3227
vn 0.1968 -0.4448 -0.8738
vn 0.8166 -0.2198 -0.5338
vn 0.4704 -0.3372 -0.8155
vn 0.9384 -0.1576 -0.3077
vn 0.1933 -0.5129 -0.8364
vn 1.0000 0.0022 0.0070
vn 0.9368 -0.1811 -0.2992
vn 0.1929 -0.5748 -0.7952
vn 0.8189 -0.2604 -0.5115
vn 0.8164 -0.2983 -0.4945
vn 0.9369 -0.2047 -0.2835
vn 0.1926 -0.6367 -0.7467
vn 0.4652 -0.4022 -0.7886
vn 0.9362 -0.2289 -0.2668
vn 0.1938 -0.6937 -0.6937
vn 0.8185 -0.3384 -0.4643
vn 0.9383 -0.2451 -0.2438
vn 0.1966 -0.7315 -0.6529
vn 0.8157 -0.3759 -0.4397
vn 0.9362 -0.2679 -0.2277
vn 0.1891 -0.7958 -0.5752
vn 0.8165 -0.4083 -0.4082
vn 0.9369 -0.2831 -0.2053
vn 0.1974 -0.8448 -0.4974
vn 0.8157 -0.4401 -0.3755
vn 0.9368 -0.2992 -0.1811
vn 0.8185 -0.4647 -0.3378
vn 0.9384 -0.3075 -0.1577
vn 0.1888 -0.8736 -0.4486
vn 0.8195 -0.4886 -0.2994
vn 0.9370 -0.3228 -0.1339
vn 0.1891 -0.9062 -0.3782
vn 0.8188 -0.5113 -0.2609
vn 0.8165 -0.5333 -0.2211
vn 0.9372 -0.3308 -0.1103
vn 0.1881 -0.9333 -0.3059
vn 0.9376 -0.3388 -0.0788
vn 0.1894 -0.9549 -0.2289
vn 0.8160 -0.5492 -0.1805
vn 0.9365 -0.3463 -0.0551
vn 0.2007 -0.9682 -0.1495
vn 0.8185 -0.5587 -0.1342
vn 0.9377 -0.3467 -0.0236
vn 0.2008 -0.9765 -0.0787
vn 0.8154 -0.5724 -0.0862
vn 0.4642 -0.8418 -0.2754
vn 0.9379 -0.3468 -0.0000
vn 0.2007 -0.9797 -0.0000
vn 0.2008 -0.9765 0.0787
vn 0.8176 -0.5739 -0.0472
vn 0.4660 -0.8607 -0.2053
vn 0.4646 -0.8741 -0.1418
vn 0.9377 -0.3467 0.0236
vn 0.2007 -0.9682 0.1496
vn 0.8185 -0.5745 -0.0000
vn 0.9365 -0.3463 0.0549
vn 0.1894 -0.9549 0.2289
vn 0.8176 -0.5739 0.0472
vn 0.8154 -0.5724 0.0862
vn 0.9376 -0.3388 0.0788
vn 0.1882 -0.9333 0.3058
vn 0.8185 -0.5587 0.1338
vn 0.9372 -0.3308 0.1103
vn 0.1891 -0.9062 0.3781
vn 0.8160 -0.5492 0.1805
vn 0.9370 -0.3228 0.1339
vn 0.1889 -0.8736 0.4485
vn 0.8165 -0.5333 0.2211
vn 0.9384 -0.3078 0.1571
vn 0.1973 -0.8448 0.4974
vn 0.4643 -0.8185 0.3384
vn 0.9368 -0.2992 0.1811
vn 0.4643 -0.8418 0.2754
vn 0.8188 -0.5113 0.2609
vn 0.4714 -0.7856 0.4007
vn 0.9369 -0.2834 0.2047
vn 0.1891 -0.7958 0.5752
vn 0.8195 -0.4886 0.2994
vn 0.9362 -0.2675 0.2281
vn 0.1967 -0.7315 0.6528
vn 0.8185 -0.4647 0.3378
vn 0.9383 -0.2444 0.2445
vn 0.1938 -0.6937 0.6937
vn 0.8157 -0.4400 0.3755
vn 0.9362 -0.2281 0.2675
vn 0.1926 -0.6367 0.7467
vn 0.8165 -0.4083 0.4082
vn 0.8157 -0.3765 0.4392
vn 0.4731 -0.6230 0.6230
vn 0.4721 -0.6688 0.5743
vn 0.4709 -0.7141 0.5180
vn 0.4728 -0.7486 0.4649
vn 1.0000 0.0078 -0.0000
vn 1.0000 0.0079 -0.0000
vn 0.9942 0.0868 -0.0631
vn 0.9940 0.0947 -0.0552
vn 0.9944 0.0947 -0.0474
vn 0.9939 0.1025 -0.0394
vn 0.6291 -0.6921 0.3539
vn 0.6305 -0.7093 0.3152
vn 0.9977 0.0628 -0.0236
vn 0.6394 -0.7262 0.2526
vn 0.3377 -0.8403 0.4241
vn 0.3385 -0.8582 0.3858
vn 0.6313 -0.6629 0.4025
vn 0.3389 -0.8039 0.4887
vn 0.6293 -0.6292 0.4562
vn 0.3383 -0.7631 0.5507
vn -0.0000 -0.8533 0.5215
vn -0.0000 -0.8897 0.4566
vn -0.0000 -0.8532 0.5215
vn -0.0000 -0.7637 0.6456
vn 0.3392 -0.8834 0.3234
vn -0.0000 -0.9195 0.3930
vn 0.0079 -0.9980 -0.0629
vn 0.0395 -0.9867 -0.1578
vn 0.0079 -0.8056 -0.5924
vn 0.6239 -0.7582 -0.1895
vn 0.3148 -0.9286 -0.1967
vn -0.0000 -0.4935 -0.8697
vn 0.2513 -0.7619 -0.5969
vn -0.0000 -0.4504 -0.8928
vn -0.0000 0.1260 -0.9920
vn 0.3070 -0.6769 -0.6690
vn 0.2917 -0.3862 -0.8751
vn 0.2289 0.1420 -0.9630
vn 0.7081 0.1731 -0.6845
vn 0.2451 0.1581 -0.9565
vn 0.7706 -0.1730 -0.6133
vn 0.6994 0.1808 -0.6915
vn 0.6955 -0.4584 -0.5533
vn 0.6458 -0.5592 -0.5198
vn 0.9854 0.1655 -0.0395
vn 0.9768 0.2048 -0.0630
vn 0.9903 0.1336 -0.0393
vn 0.9776 0.2050 -0.0473
vn 0.9992 0.0393 -0.0079
vn 0.9915 0.1259 -0.0315
vn 0.9766 0.2126 -0.0315
vn 0.9879 0.1502 -0.0396
vn 0.4660 -0.8607 0.2053
vn 0.4646 -0.8741 0.1418
vn 0.4710 -0.8793 0.0707
vn 0.9918 0.1259 -0.0236
vn 0.4722 -0.8815 -0.0000
vn 0.4710 -0.8793 -0.0707
vn 1.0000 0.0079 -0.0002
vn 0.9992 0.0394 -0.0000
vn 0.9920 0.1259 -0.0079
vn 0.9992 0.0393 0.0079
vn 0.9989 0.0472 -0.0000
vn 0.9920 0.1260 -0.0000
vn 0.9920 0.1260 0.0079
vn 0.9771 0.2128 -0.0000
vn 0.9770 0.2127 -0.0158
vn 0.9770 0.2127 0.0157
vn 0.9874 0.1580 -0.0000
vn 0.9873 0.1580 -0.0158
vn 0.9918 0.1259 0.0236
vn 0.9873 0.1580 0.0158
vn 0.9915 0.1259 0.0315
vn 0.9766 0.2126 0.0315
vn 0.9903 0.1336 0.0393
vn 0.9776 0.2050 0.0473
vn 0.9977 0.0629 0.0236
vn 0.9768 0.2047 0.0630
vn 0.6239 -0.7582 0.1895
vn 0.9854 0.1655 0.0395
vn 0.9872 0.1580 0.0237
vn 0.6458 -0.5592 0.5198
vn 0.9879 0.1501 0.0396
vn 0.6955 -0.4584 0.5533
vn 0.7706 -0.1730 0.6133
vn 0.9883 0.1491 0.0315
vn 0.2513 -0.7619 0.5969
vn 0.3070 -0.6769 0.6690
vn 0.3148 -0.9286 0.1967
vn 0.7081 0.1731 0.6845
vn 0.2289 0.1420 0.9630
vn -0.0000 0.1259 0.9920
vn 0.2451 0.1581 0.9565
vn -0.0000 -0.4936 0.8697
vn 0.0079 -0.8056 0.5924
vn 0.0395 -0.9867 0.1577
vn 0.0079 -0.9980 0.0629
vn 0.3392 -0.8834 -0.3234
vn -0.0000 -0.9195 -0.3930
vn -0.0000 -0.8897 -0.4566
vn 0.6394 -0.7262 -0.2526
vn 0.3385 -0.8582 -0.3858
vn -0.0000 -0.8532 -0.5216
vn 0.9940 0.1024 0.0395
vn 0.6305 -0.7093 -0.3152
vn 0.3377 -0.8403 -0.4241
vn -0.0000 -0.8527 -0.5225
vn 0.6291 -0.6921 -0.3539
vn -0.0000 -0.8090 -0.5878
vn 0.3389 -0.8039 -0.4887
vn -0.0000 -0.7637 -0.6456
vn 0.3383 -0.7631 -0.5507
vn 0.6313 -0.6629 -0.4025
vn -0.0000 -0.7071 -0.7071
vn 0.3377 -0.7147 -0.6126
vn 0.6292 -0.6288 -0.4569
vn 0.9940 0.0947 0.0553
vn 0.9944 0.0947 0.0474
vn 0.4643 -0.8185 -0.3384
vn 0.4714 -0.7856 -0.4007
vn 0.4728 -0.7486 -0.4648
vn 0.9942 0.0868 0.0630
vn 0.4709 -0.7141 -0.5180
vn 0.4721 -0.6688 -0.5743
vn 1.0000 -0.0001 -0.0000
vn 0.4731 -0.6230 -0.6230
vn 0.9944 0.0789 0.0710
vn 1.0000 -0.0000 -0.0001
vn 0.4659 -0.5765 -0.6712
vn 0.6301 -0.5907 -0.5040
vn 0.4647 -0.5199 -0.7168
vn 1.0000 -0.0001 -0.0001
vn 0.9938 0.0788 0.0789
vn 0.4639 -0.4639 -0.7547
vn 0.9944 0.0709 0.0789
vn 0.9989 0.0236 0.0393
vn 0.9977 0.0393 0.0549
vn 0.9915 0.0551 0.1180
vn 0.9919 0.0630 0.1103
vn 0.9774 0.0949 0.1891
vn 0.9908 0.0786 0.1101
vn 0.9772 0.1103 0.1813
vn 0.9777 0.1183 0.1734
vn 0.6228 -0.0552 -0.7804
vn 0.9861 0.0868 0.1419
vn 0.6453 0.3226 -0.6925
vn 0.6378 -0.4646 -0.6143
vn 0.6941 0.3866 -0.6073
vn 0.6308 -0.5204 -0.5756
vn 0.3074 0.4256 -0.8511
vn 0.6286 -0.5499 -0.5500
vn 0.3368 -0.6658 -0.6658
vn 0.3382 -0.6291 -0.6999
vn 0.3382 -0.5821 -0.7395
vn -0.0000 -0.6585 -0.7526
vn 0.0079 -0.2444 -0.9696
vn 0.3146 -0.1022 -0.9437
vn 0.0395 -0.1580 -0.9867
vn 0.0078 0.3138 -0.9494
vn 0.2511 0.3295 -0.9102
vn 0.0079 0.3138 -0.9495
vn 0.0078 0.3140 -0.9494
vn 0.0078 0.3138 -0.9495
vn -0.0000 0.6750 -0.7378
vn -0.0000 0.7111 -0.7031
vn -0.0000 0.9835 -0.1811
vn 0.7719 0.5277 -0.3545
vn 0.2906 0.7147 -0.6362
vn 0.7102 0.7024 -0.0474
vn 0.2281 0.9595 -0.1652
vn 0.9878 0.0791 0.1343
vn 0.6987 0.7144 -0.0392
vn 0.2438 0.9594 -0.1416
vn 0.9880 0.0785 0.1333
vn 0.9873 0.0711 0.1422
vn 0.9914 0.0708 0.1102
vn 0.9867 0.0632 0.1500
vn 0.9901 0.0628 0.1257
vn 0.9905 0.0707 0.1179
vn 0.9903 0.0393 0.1336
vn 0.9905 0.0550 0.1258
vn 0.9905 0.0311 0.1342
vn 0.9942 0.0316 0.1026
vn 0.9946 0.0158 0.1026
vn 0.9944 0.0237 0.1026
vn 0.9947 0.0394 0.0948
vn 0.9944 0.0473 0.0947
vn 0.9947 0.0553 0.0869
vn 0.9995 0.0079 0.0315
vn 0.9994 0.0158 0.0315
vn 0.9994 0.0157 0.0315
vn 0.1104 -0.5836 -0.8045
vn 0.1104 -0.8045 -0.5836
vn 0.9996 0.0157 0.0236
vn -0.0000 -0.8084 -0.5887
vn -0.0000 -0.5886 -0.8084
vn -0.0000 -0.9518 -0.3069
vn 0.1104 -0.3072 -0.9452
vn -0.0000 -0.3069 -0.9517
vn 0.1104 -0.9452 -0.3072
vn 0.1105 0.0017 -0.9939
vn 0.1104 -0.9939 -0.0000
vn 0.1104 0.3102 -0.9442
vn -0.0000 0.5884 -0.8086
vn 0.9995 0.0078 0.0315
vn 0.1104 0.5836 -0.8045
vn 0.9995 0.0078 0.0314
vn 0.9995 -0.0000 0.0315
vn 0.1104 0.8044 -0.5837
vn 0.9992 -0.0000 0.0392
vn 0.1104 0.9452 -0.3072
vn 0.9997 -0.0000 0.0236
vn 0.1105 0.9938 0.0077
vn 0.1104 0.9452 0.3072
vn 0.1105 0.8044 0.5837
vn 0.1183 0.5811 0.8052
vn 0.9999 0.0001 0.0157
vn 0.9999 -0.0000 0.0157
vn 0.9999 -0.0000 0.0158
vn 0.1181 0.3069 0.9444
vn 0.1183 -0.0000 0.9930
vn -0.0000 0.0001 1.0000
vn 0.9998 0.0079 0.0158
vn 0.1104 -0.3072 0.9452
vn 0.9998 0.0079 0.0157
vn 0.1104 -0.5836 0.8045
vn 0.1099 -0.8008 0.5888
vn 0.9998 0.0157 0.0157
vn 0.1103 -0.9452 0.3072
vn 0.9996 0.0156 0.0236
vn 0.9992 0.0236 0.0314
vn 0.9999 0.0079 0.0078
vn 0.3703 -0.5908 -0.7168
vn 0.3719 -0.4983 -0.7832
vn 0.3697 -0.6764 -0.6371
vn 0.3698 -0.3933 -0.8417
vn 0.3710 -0.2842 -0.8841
vn 0.3699 -0.1731 -0.9128
vn 0.3695 -0.0550 -0.9276
vn 0.3695 0.0550 -0.9276
vn 0.3698 0.1731 -0.9128
vn 0.3710 0.2842 -0.8841
vn 0.9998 -0.0078 0.0158
vn 0.3698 0.3934 -0.8417
vn 0.9997 -0.0079 0.0237
vn 0.9998 -0.0079 0.0158
vn 0.3719 0.4983 -0.7832
vn 0.3702 0.5908 -0.7168
vn 0.9999 -0.0079 0.0079
vn 0.3696 0.6764 -0.6371
vn 0.9998 -0.0079 0.0157
vn 0.9999 -0.0078 0.0079
vn 0.9998 -0.0158 0.0158
vn 0.9998 -0.0156 0.0079
vn 0.3717 0.7511 -0.5456
vn 0.9998 -0.0078 0.0157
vn 0.9998 -0.0157 0.0079
vn 0.3708 0.8126 -0.4497
vn 0.9998 -0.0136 0.0109
vn 0.9999 -0.0079 0.0080
vn 0.9998 -0.0158 0.0079
vn 0.3698 0.8654 -0.3383
vn 0.9998 -0.0157 0.0080
vn 0.1183 -0.8037 0.5831
vn 0.9999 -0.0157 -0.0000
vn 0.3711 0.9000 -0.2289
vn 0.9998 -0.0157 0.0078
vn 0.1182 -0.5831 0.8038
vn 0.1182 -0.9444 0.3069
vn -0.0000 -0.8085 0.5885
vn -0.0000 -0.3069 0.9518
vn 0.1103 -0.9452 -0.3072
vn 0.9998 -0.0157 0.0158
vn 0.9996 -0.0158 0.0236
vn 0.9996 -0.0157 0.0235
vn 0.1099 -0.5888 -0.8008
vn 0.9996 -0.0157 0.0236
vn 0.1103 -0.3072 -0.9452
vn 0.1105 0.0001 -0.9939
vn 0.9994 -0.0236 0.0236
vn 0.1104 0.3072 -0.9452
vn 0.1105 0.5836 -0.8045
vn 0.1104 0.8045 -0.5836
vn 0.9996 -0.0236 0.0157
vn 0.1103 0.9457 -0.3057
vn 0.1104 0.9939 0.0034
vn 0.1103 0.9452 0.3072
vn 0.9994 -0.0314 0.0157
vn 0.1099 0.8005 0.5891
vn -0.0000 0.5886 0.8085
vn 0.9994 -0.0315 0.0157
vn 0.9994 -0.0315 0.0158
vn 0.1105 0.5836 0.8045
vn 0.9997 -0.0236 0.0079
vn 0.1104 0.3072 0.9452
vn 0.9997 -0.0236 0.0078
vn 0.9995 -0.0315 0.0079
vn 0.1104 -0.0000 0.9939
vn 0.9997 -0.0236 -0.0000
vn 0.3701 0.9214 -0.1182
vn 0.9999 -0.0158 -0.0001
vn 0.3700 0.9290 -0.0000
vn 0.3701 0.9214 0.1181
vn 0.9999 -0.0158 -0.0000
vn 0.3710 0.9000 0.2289
vn 0.3698 0.8653 0.3383
vn 0.9998 -0.0157 -0.0078
vn 0.3708 0.8126 0.4497
vn 0.9997 -0.0236 -0.0079
vn 0.9998 -0.0157 -0.0079
vn 0.3718 0.7511 0.5456
vn 0.9998 -0.0159 -0.0079
vn 0.9998 -0.0158 -0.0079
vn 0.3696 0.6764 0.6371
vn 0.9998 -0.0135 -0.0111
vn 0.9999 -0.0079 -0.0078
vn 0.9999 -0.0079 -0.0079
vn 0.3703 0.5908 0.7168
vn 0.1183 -0.8037 -0.5831
vn 0.9998 -0.0079 -0.0157
vn 0.3719 0.4983 0.7832
vn 0.9998 -0.0078 -0.0157
vn 0.1182 -0.9444 -0.3069
vn 0.1182 -0.5832 -0.8037
vn -0.0000 -0.5886 -0.8085
vn 0.1104 -0.9452 0.3072
vn 0.1104 -0.0000 -0.9939
vn 0.9998 -0.0157 -0.0080
vn 0.1099 0.8008 -0.5888
vn 0.9995 -0.0315 -0.0079
vn 0.9994 -0.0315 -0.0157
vn 0.1103 0.9452 -0.3072
vn 0.1104 0.9939 -0.0000
vn 0.9994 -0.0314 -0.0157
vn 0.9991 -0.0393 -0.0157
vn 0.1104 0.8045 0.5836
vn -0.0000 0.5887 0.8084
vn 0.1105 0.5828 0.8051
vn 0.9996 -0.0236 -0.0157
vn 0.1104 0.3043 0.9462
vn 0.9994 -0.0236 -0.0236
vn 0.1100 -0.5898 0.8000
vn 0.9996 -0.0157 -0.0236
vn 0.1104 -0.8045 0.5836
vn 0.9998 -0.0157 -0.0158
vn 0.9998 -0.0158 -0.0158
vn 0.9996 -0.0158 -0.0236
vn 0.9998 -0.0078 -0.0158
vn 0.3697 0.3933 0.8418
vn 0.9997 -0.0079 -0.0236
vn 0.3710 0.2842 0.8841
vn 0.9999 -0.0001 -0.0158
vn 0.3698 0.1731 0.9128
vn 0.9999 -0.0000 -0.0157
vn 0.3695 0.0550 0.9276
vn 0.9997 -0.0000 -0.0236
vn 0.3695 -0.0550 0.9276
vn 0.3699 -0.1731 0.9128
vn 0.3710 -0.2842 0.8841
vn 0.9998 0.0079 -0.0159
vn 0.3698 -0.3934 0.8417
vn 0.9999 -0.0000 -0.0158
vn 0.9998 0.0063 -0.0163
vn 0.9998 0.0079 -0.0157
vn 0.3719 -0.4983 0.7832
vn 0.1180 0.3069 -0.9444
vn 0.9998 0.0078 -0.0157
vn 0.3702 -0.5908 0.7169
vn 0.9999 0.0079 -0.0079
vn 0.3697 -0.6764 0.6371
vn 0.1183 -0.0000 -0.9930
vn 0.1182 0.5831 -0.8037
vn -0.0000 0.5886 -0.8084
vn 0.1104 0.9939 -0.0079
vn -0.0000 0.8084 0.5886
vn 0.9995 -0.0000 -0.0315
vn 0.1104 0.5837 0.8044
vn -0.0000 0.5884 0.8086
vn 0.1103 0.3072 0.9452
vn 0.9995 0.0079 -0.0315
vn 0.1105 -0.0000 0.9939
vn 0.9995 0.0078 -0.0315
vn 0.1103 -0.3072 0.9452
vn -0.0000 -0.5887 0.8084
vn 0.1104 -0.5855 0.8031
vn 0.9995 0.0078 -0.0314
vn 0.1104 -0.8059 0.5816
vn 0.9994 0.0157 -0.0314
vn 0.9994 0.0157 -0.0315
vn 0.9996 0.0157 -0.0236
vn 0.1099 -0.7998 -0.5901
vn 0.9998 0.0157 -0.0157
vn 0.9998 0.0157 -0.0079
vn 0.3718 -0.7511 0.5456
vn 0.9998 0.0158 -0.0079
vn 0.3708 -0.8126 0.4497
vn 0.9998 0.0159 -0.0079
vn 0.3698 -0.8654 0.3383
vn 0.9998 0.0158 -0.0157
vn 0.9999 0.0158 -0.0000
vn 0.3710 -0.9000 0.2289
vn 0.9996 0.0236 -0.0158
vn 0.3701 -0.9214 0.1181
vn 0.9999 0.0157 0.0001
vn 0.3700 -0.9290 -0.0000
vn 0.3701 -0.9214 -0.1181
vn 0.9999 0.0158 -0.0002
vn 0.3712 -0.8999 -0.2290
vn 0.3698 -0.8654 -0.3383
vn 0.1181 0.9444 0.3069
vn 0.1182 0.9444 -0.3069
vn 0.1182 0.9930 -0.0000
vn 0.9998 0.0157 0.0079
vn 0.1100 0.5888 -0.8008
vn 0.9998 0.0158 0.0079
vn 0.3708 -0.8126 -0.4497
vn 0.1103 0.3072 -0.9452
vn -0.0000 0.3069 -0.9518
vn 0.9997 0.0236 0.0079
vn 0.1105 -0.0000 -0.9939
vn 0.9995 0.0315 0.0079
vn 0.9995 0.0315 0.0078
vn 0.1105 -0.5836 -0.8045
vn -0.0000 -0.5884 -0.8086
vn 0.9995 0.0315 -0.0000
vn 0.1106 -0.9939 -0.0000
vn 0.9995 0.0314 -0.0000
vn -0.0000 -0.5884 0.8085
vn 0.1104 -0.5837 0.8044
vn 0.9995 0.0315 -0.0079
vn -0.0000 0.3069 0.9518
vn 0.9997 0.0236 -0.0079
vn 0.9997 0.0236 -0.0078
vn 0.1100 0.5888 0.8008
vn 0.9998 0.0157 -0.0078
vn 0.9991 0.0393 -0.0157
vn 0.9992 0.0393 -0.0078
vn 0.9944 0.1026 -0.0237
vn 0.9992 0.0393 -0.0000
vn 0.9946 0.1026 -0.0158
vn 0.9947 0.1026 -0.0079
vn 0.9992 0.0393 0.0001
vn 0.9947 0.1026 -0.0000
vn 0.9898 0.1414 -0.0157
vn 0.9992 0.0393 0.0078
vn 0.9947 0.1026 0.0079
vn 0.9946 0.1026 0.0158
vn 0.9944 0.1026 0.0237
vn 0.9991 0.0393 0.0157
vn 0.9898 0.1414 0.0157
vn 0.9897 0.1414 0.0236
vn 0.9900 0.1414 -0.0000
vn 0.9905 0.1337 0.0314
vn 0.9913 0.1259 0.0393
vn 0.9931 0.1104 0.0394
vn 0.6994 0.1808 0.6915
vn 0.9942 0.1026 0.0316
vn 0.2595 0.1651 0.9515
vn 0.7110 0.1817 0.6794
vn 0.2908 0.3930 0.8723
vn 0.9939 0.1025 0.0395
vn 0.7540 0.2906 0.5891
vn 0.9939 0.1026 0.0395
vn -0.0000 0.8019 0.5975
vn 0.2837 0.7488 0.5990
vn 0.7241 0.5431 0.4250
vn 0.2676 0.7792 0.5667
vn 0.6951 0.5845 0.4186
vn 0.9947 0.0948 0.0395
vn 0.9947 0.0869 0.0553
vn 0.9996 0.0236 0.0158
vn 0.9996 0.0236 0.0157
vn 0.9996 0.0235 0.0157
vn 0.2053 -0.5681 0.7970
vn 0.2118 -0.0941 0.9728
vn -0.0000 -0.1104 0.9939
vn -0.0000 0.4025 0.9154
vn 0.2052 -0.8921 0.4025
vn -0.0000 -0.9154 0.4026
vn 0.2045 0.3932 0.8964
vn 0.2044 -0.9743 -0.0943
vn -0.0000 -0.9955 -0.0949
vn 0.2131 -0.7891 -0.5761
vn -0.0000 -0.4025 -0.9154
vn 0.9989 0.0393 0.0236
vn 0.2052 -0.3842 -0.9002
vn -0.0000 0.1030 -0.9947
vn 0.9994 0.0236 0.0235
vn 0.2056 0.1121 -0.9722
vn -0.0000 0.5834 -0.8122
vn 0.9992 0.0316 0.0235
vn 0.2047 0.5843 -0.7853
vn 0.9990 0.0315 0.0315
vn 0.9949 0.0790 0.0632
vn 0.9994 0.0236 0.0236
vn 0.9949 0.0790 0.0631
vn 0.6927 0.5826 0.4251
vn 0.6928 0.5826 0.4251
vn 0.2603 0.7809 0.5679
vn 0.6928 0.5825 0.4251
vn 0.0079 0.8121 0.5835
vn 0.6960 0.5773 0.4270
vn 0.0079 0.8121 0.5834
vn 0.2676 0.7793 0.5666
vn 0.7262 0.5683 0.3868
vn 0.2829 0.8017 0.5265
vn -0.0000 0.8185 0.5745
vn -0.0000 0.9963 0.0863
vn -0.0000 0.9975 0.0707
vn 0.2909 0.9513 0.1023
vn 0.2604 0.9550 -0.1420
vn 0.7570 0.6466 0.0946
vn 0.7107 0.7028 -0.0316
vn 0.9942 0.0631 0.0868
vn 0.9937 0.0711 0.0868
vn 0.9942 0.0632 0.0868
vn 0.9949 0.0632 0.0790
vn 0.9949 0.0711 0.0711
vn 0.9996 0.0236 0.0156
vn 0.9998 0.0157 0.0158
vn 0.2121 0.8950 -0.3925
vn -0.0000 0.9955 0.0950
vn 0.2044 0.9743 0.0943
vn 0.2131 0.7905 0.5742
vn 0.9998 0.0157 0.0159
vn 0.9999 0.0078 0.0080
vn 0.3717 -0.7511 -0.5456
vn 0.9999 0.0139 0.0103
vn 0.3074 0.4256 0.8511
vn -0.0000 0.7110 0.7032
vn 0.2906 0.7147 0.6362
vn -0.0000 0.9835 0.1811
vn 0.2281 0.9595 0.1652
vn 0.2438 0.9594 0.1416
vn -0.0000 0.9975 -0.0707
vn -0.0000 0.9963 -0.0863
vn 0.0079 0.8121 -0.5834
vn 0.2605 0.9550 0.1420
vn -0.0000 0.8185 -0.5745
vn 0.2909 0.9513 -0.1023
vn 0.0079 0.8084 -0.5886
vn 0.2829 0.8017 -0.5266
vn 0.7569 0.6466 -0.0946
vn 0.7107 0.7028 0.0316
vn 0.6987 0.7144 0.0392
vn 0.9942 0.0632 -0.0868
vn 0.7102 0.7024 0.0473
vn 0.9937 0.0711 -0.0867
vn 0.9914 0.0708 -0.1102
vn 0.7719 0.5277 0.3544
vn 0.9880 0.0785 -0.1333
vn 0.9905 0.0708 -0.1179
vn 0.9942 0.0631 -0.0868
vn 0.9947 0.0553 -0.0869
vn 0.9901 0.0629 -0.1257
vn 0.9949 0.0632 -0.0790
vn 0.7262 0.5683 -0.3868
vn 0.9949 0.0711 -0.0711
vn 0.9992 0.0236 -0.0315
vn 0.9990 0.0315 -0.0315
vn 0.2676 0.7793 -0.5666
vn 0.6959 0.5773 -0.4271
vn 0.0079 0.8121 -0.5835
vn 0.2603 0.7809 -0.5679
vn -0.0000 0.8084 -0.5887
vn 0.6927 0.5826 -0.4251
vn 0.9949 0.0789 -0.0632
vn 0.6928 0.5826 -0.4251
vn 0.9990 0.0315 -0.0314
vn 0.2676 0.7792 -0.5667
vn 0.0079 0.8019 -0.5975
vn 0.6951 0.5845 -0.4186
vn -0.0000 0.8019 -0.5975
vn 0.2837 0.7488 -0.5990
vn 0.2908 0.3930 -0.8724
vn 0.9947 0.0868 -0.0553
vn 0.7241 0.5431 -0.4251
vn 0.9949 0.0790 -0.0632
vn 0.9944 0.0947 -0.0475
vn 0.7540 0.2906 -0.5891
vn 0.9939 0.1026 -0.0394
vn 0.7110 0.1817 -0.6794
vn 0.9939 0.1026 -0.0395
vn 0.9947 0.0947 -0.0395
vn 0.9942 0.1026 -0.0316
vn 0.9931 0.1104 -0.0394
vn 0.2595 0.1651 -0.9515
vn 0.9913 0.1259 -0.0393
vn 0.9905 0.1337 -0.0314
vn 0.9883 0.1490 -0.0315
vn 0.9897 0.1414 -0.0236
vn 0.9872 0.1580 -0.0237
vn 0.9996 0.0236 -0.0157
vn 0.9989 0.0393 -0.0236
vn 0.9992 0.0316 -0.0235
vn 0.9996 0.0229 -0.0167
vn 0.2131 -0.7891 0.5761
vn 0.2052 -0.8921 -0.4026
vn 0.2043 -0.9743 0.0943
vn -0.0000 -0.9955 0.0949
vn -0.0000 -0.9154 -0.4026
vn -0.0000 -0.5888 -0.8083
vn -0.0000 -0.4025 0.9154
vn 0.2051 -0.5661 -0.7984
vn -0.0000 -0.1104 -0.9939
vn 0.2052 -0.3865 0.8992
vn -0.0000 0.1031 0.9947
vn 0.2055 0.1107 0.9724
vn -0.0000 0.5835 0.8121
vn 0.9994 0.0236 -0.0235
vn 0.2046 0.5823 0.7868
vn 0.9994 0.0236 -0.0236
vn 0.2121 0.8950 0.3925
vn -0.0000 0.9955 -0.0950
vn 0.9998 0.0158 -0.0158
vn 0.9989 0.0236 -0.0393
vn 0.9991 0.0157 -0.0393
vn 0.9944 0.0473 -0.0947
vn 0.9947 0.0395 -0.0947
vn 0.9905 0.0550 -0.1258
vn 0.9942 0.0316 -0.1026
vn 0.9992 0.0079 -0.0393
vn 0.9903 0.0393 -0.1336
vn 0.9944 0.0237 -0.1026
vn 0.9992 -0.0000 -0.0393
vn 0.9946 0.0158 -0.1026
vn 0.9905 0.0314 -0.1336
vn 0.9947 0.0079 -0.1026
vn 0.9898 0.0157 -0.1414
vn 0.9992 -0.0000 -0.0392
vn 0.9879 0.0395 -0.1502
vn 0.9995 0.0001 -0.0315
vn 0.9875 0.0474 -0.1501
vn 0.9867 0.0631 -0.1500
vn 0.9873 0.0711 -0.1422
vn 0.9878 0.0791 -0.1343
vn 0.9861 0.0868 -0.1419
vn 0.9774 0.0949 -0.1891
vn 0.6941 0.3865 0.6073
vn 0.6453 0.3226 0.6925
vn 0.9772 0.1103 -0.1813
vn 0.9777 0.1183 -0.1734
vn 0.2511 0.3295 0.9102
vn 0.9919 0.0630 -0.1103
vn 0.6228 -0.0552 0.7804
vn 0.9908 0.0786 -0.1101
vn 0.0078 0.3139 0.9494
vn -0.0000 0.6750 0.7378
vn 0.3146 -0.1022 0.9437
vn 0.0395 -0.1579 0.9867
vn 0.0079 -0.2444 0.9696
vn -0.0000 -0.6585 0.7526
vn 0.3383 -0.5821 0.7394
vn -0.0000 -0.7071 0.7071
vn 0.6378 -0.4646 0.6143
vn 0.3382 -0.6291 0.6999
vn 0.9977 0.0392 -0.0550
vn 0.3377 -0.7147 0.6126
vn 0.3368 -0.6658 0.6658
vn 0.6301 -0.5907 0.5040
vn 0.6308 -0.5204 0.5756
vn 0.6285 -0.5500 0.5500
vn 0.9944 0.0788 -0.0710
vn 0.9938 0.0789 -0.0788
vn 1.0000 -0.0000 0.0001
vn 0.9944 0.0710 -0.0788
vn 0.4659 -0.5765 0.6712
vn 1.0000 -0.0000 -0.0078
vn 0.4647 -0.5199 0.7168
vn 0.8185 -0.3384 0.4643
vn 0.9369 -0.2047 0.2834
vn 0.1930 -0.5748 0.7952
vn 0.8163 -0.2983 0.4946
vn 0.9368 -0.1811 0.2992
vn 0.1933 -0.5129 0.8364
vn 0.9384 -0.1577 0.3075
vn 0.1968 -0.4448 0.8738
vn 0.4639 -0.4639 0.7547
vn 0.8189 -0.2604 0.5115
vn 0.9369 -0.1339 0.3228
vn 0.1967 -0.3776 0.9048
vn 0.8165 -0.2207 0.5335
vn 0.9372 -0.1103 0.3309
vn 0.1967 -0.3029 0.9325
vn 0.4652 -0.4022 0.7885
vn 0.9375 -0.0788 0.3388
vn 0.1970 -0.2285 0.9534
vn 0.8160 -0.1805 0.5492
vn 0.9365 -0.0551 0.3463
vn 0.1970 -0.1497 0.9689
vn 0.8185 -0.1345 0.5586
vn 0.9377 -0.0236 0.3467
vn 0.1932 -0.0789 0.9780
vn 0.8149 -0.0940 0.5720
vn 0.9379 -0.0000 0.3469
vn 0.1917 -0.0000 0.9815
vn 0.8176 -0.0472 0.5739
vn 0.9377 0.0236 0.3467
vn 0.1932 0.0788 0.9780
vn 0.8148 0.0001 0.5798
vn 0.9365 0.0551 0.3463
vn 0.1932 0.1498 0.9697
vn 0.8176 0.0472 0.5739
vn 0.9375 0.0788 0.3389
vn 0.1961 0.2119 0.9574
vn 0.8186 0.0944 0.5666
vn 0.9372 0.1103 0.3308
vn 0.1882 0.3058 0.9333
vn 0.8185 0.1340 0.5587
vn 0.9369 0.1338 0.3228
vn 0.1968 0.3937 0.8979
vn 0.8160 0.1804 0.5492
vn 0.9384 0.1577 0.3075
vn 0.1927 0.4482 0.8729
vn 0.8165 0.2207 0.5335
vn 0.9369 0.1811 0.2992
vn 0.1933 0.5129 0.8364
vn 0.8189 0.2603 0.5116
vn 0.8164 0.2983 0.4945
vn 0.9369 0.2047 0.2835
vn 0.1929 0.5748 0.7952
vn 0.8185 0.3384 0.4643
vn 0.9362 0.2281 0.2675
vn 0.1925 0.6367 0.7467
vn 0.8157 0.3765 0.4392
vn 0.9383 0.2444 0.2445
vn 0.1969 0.6932 0.6933
vn 0.8165 0.4083 0.4082
vn 0.9362 0.2675 0.2281
vn 0.1964 0.7461 0.6362
vn 0.4670 0.6253 0.6253
vn 0.9369 0.2834 0.2048
vn 0.1968 0.7946 0.5744
vn 0.8157 0.4401 0.3755
vn 0.9368 0.2992 0.1811
vn 0.1971 0.8358 0.5125
vn 0.8185 0.4649 0.3375
vn 0.9384 0.3075 0.1577
vn 0.1965 0.8722 0.4479
vn 0.8195 0.4884 0.2997
vn 0.8189 0.5113 0.2608
vn 0.9370 0.3228 0.1338
vn 0.1891 0.9062 0.3782
vn 0.1882 0.9333 0.3059
vn 0.8165 0.5334 0.2210
vn 0.9372 0.3309 0.1103
vn 0.1894 0.9549 0.2288
vn 0.9376 0.3388 0.0788
vn 0.1893 0.9704 0.1499
vn 0.8160 0.5492 0.1805
vn 0.9365 0.3464 0.0545
vn 0.1968 0.9759 0.0944
vn 0.8185 0.5587 0.1340
vn 0.1885 0.9819 0.0157
vn 0.9379 0.3468 0.0079
vn 0.9377 0.3467 0.0236
vn 0.8184 0.5745 0.0157
vn 0.8191 0.5671 0.0866
vn 0.8176 0.5739 0.0472
vn 0.4721 0.8812 0.0236
vn 0.4659 0.8607 0.2053
vn 0.4710 0.8793 0.0707
vn 1.0000 -0.0079 -0.0000
vn 0.4713 0.8718 0.1335
vn 1.0000 -0.0078 -0.0000
vn 0.9995 -0.0315 0.0001
vn 0.9939 -0.1104 -0.0079
vn 0.9969 -0.0785 -0.0000
vn 0.9939 -0.1104 -0.0000
vn 0.6311 0.7731 0.0631
vn 0.9659 0.2591 -0.0000
vn 0.8057 0.5924 -0.0000
vn 0.7070 0.7072 -0.0000
vn 0.9946 -0.1026 -0.0158
vn 0.6285 0.7778 -0.0000
vn 0.4642 0.8418 0.2754
vn 0.4643 0.8185 0.3384
vn 0.9944 -0.1026 -0.0237
vn 0.4653 0.7885 0.4022
vn 0.4728 0.7486 0.4649
vn 1.0000 -0.0077 -0.0000
vn 0.4709 0.7142 0.5179
vn 0.4721 0.6688 0.5744
vn 0.9989 -0.0393 -0.0236
vn 0.9992 -0.0315 -0.0236
vn 0.9990 -0.0315 -0.0315
vn 0.9922 -0.1024 -0.0709
vn 0.9914 -0.1102 -0.0708
vn 0.9917 -0.0945 -0.0866
vn 0.9768 -0.1733 -0.1260
vn 0.9911 -0.0944 -0.0944
vn 0.9760 -0.1652 -0.1417
vn 0.9772 -0.1815 -0.1104
vn 0.9874 -0.1264 -0.0948
vn 0.9915 -0.1180 -0.0551
vn 0.9774 -0.1892 -0.0946
vn 0.9919 -0.1181 -0.0472
vn 0.9977 -0.0628 -0.0236
vn 0.9899 -0.1335 -0.0472
vn 0.9778 -0.1971 -0.0709
vn 0.6224 0.5042 0.5987
vn 0.9772 -0.1970 -0.0788
vn 0.6405 0.7354 0.2214
vn 0.9855 -0.1577 -0.0631
vn 0.6468 0.1420 0.7493
vn 0.3154 0.6387 0.7018
vn 0.6276 0.7609 0.1647
vn 0.3382 0.9046 0.2596
vn 0.6318 0.7661 0.1185
vn 0.3382 0.9203 0.1966
vn 0.3385 0.9290 0.1496
vn 0.3390 0.9381 0.0709
vn -0.0000 0.9771 0.2127
vn -0.0000 0.9874 0.1580
vn -0.0000 0.9754 0.2202
vn -0.0000 0.9787 0.2053
vn -0.0000 0.9969 0.0785
vn -0.0000 0.9754 0.2203
vn 0.0079 0.7708 0.6371
vn 0.0395 0.7026 0.7105
vn 0.0079 0.3067 0.9518
vn 0.0079 0.3068 0.9517
vn 0.2522 0.2679 0.9298
vn 0.3079 0.1500 0.9395
vn -0.0000 -0.1580 0.9874
vn -0.0000 -0.1105 0.9939
vn -0.0000 -0.6870 0.7266
vn 0.6944 0.0473 0.7180
vn 0.2907 -0.2043 0.9348
vn 0.7708 -0.2202 0.5978
vn 0.2294 -0.6803 0.6961
vn -0.0000 -0.6871 0.7266
vn 0.9878 -0.1422 -0.0632
vn -0.0000 -0.6871 0.7265
vn 0.9873 -0.1422 -0.0711
vn 0.2430 -0.6898 0.6820
vn 0.2604 -0.6944 0.6708
vn 0.7021 -0.5522 0.4496
vn 0.7085 -0.5511 0.4409
vn 0.7066 -0.5417 0.4554
vn 0.9909 -0.1258 -0.0472
vn 0.9885 -0.1412 -0.0548
vn 0.9934 -0.1104 -0.0315
vn 0.9905 -0.1258 -0.0550
vn 0.9901 -0.1257 -0.0628
vn 0.9878 -0.1343 -0.0790
vn 0.9947 -0.0947 -0.0395
vn 0.9905 -0.1180 -0.0711
vn 0.9908 -0.1101 -0.0787
vn 0.9944 -0.0946 -0.0474
vn 0.9876 -0.1185 -0.1027
vn 0.9942 -0.0868 -0.0631
vn 0.9773 -0.1501 -0.1494
vn 0.9903 -0.1022 -0.0943
vn 0.9947 -0.0868 -0.0553
vn 0.9943 -0.0789 -0.0710
vn 0.9949 -0.0711 -0.0711
vn 0.9903 -0.0944 -0.1021
vn 0.9943 -0.0710 -0.0789
vn 0.9992 -0.0235 -0.0314
vn 0.9877 -0.1106 -0.1106
vn 0.9910 -0.0865 -0.1022
vn 0.9878 -0.1019 -0.1176
vn 0.9876 -0.1027 -0.1185
vn 0.9935 -0.0631 -0.0946
vn 0.9858 -0.1104 -0.1262
vn 0.9916 -0.0787 -0.1023
vn 0.7700 0.5028 -0.3928
vn 0.7083 0.2676 -0.6532
vn 0.6985 0.2590 -0.6671
vn 0.2915 0.8271 -0.4805
vn 0.2295 0.4510 -0.8625
vn 0.2444 0.4336 -0.8673
vn 0.6915 0.6994 -0.1807
vn 0.7075 0.2516 -0.6604
vn 0.2601 0.4255 -0.8668
vn 0.9942 -0.0631 -0.0869
vn 0.7557 0.1102 -0.6456
vn 0.2911 0.1967 -0.9363
vn 0.9942 -0.0631 -0.0868
vn 0.9947 -0.0553 -0.0869
vn 0.9989 -0.0236 -0.0393
vn 0.9944 -0.0473 -0.0947
vn 0.7252 -0.1892 -0.6621
vn 0.9991 -0.0157 -0.0393
vn 0.2825 -0.2511 -0.9258
vn -0.0000 -0.2995 -0.9541
vn 0.2670 -0.2906 -0.9188
vn -0.0000 0.2277 -0.9737
vn -0.0000 0.2443 -0.9697
vn -0.0000 0.8897 -0.4566
vn -0.0000 0.9095 -0.4156
vn 0.0079 0.9999 -0.0079
vn 0.3083 0.9406 -0.1423
vn 0.2517 0.9673 -0.0315
vn 0.6466 0.7570 -0.0946
vn 0.3152 0.8669 0.3861
vn 0.0395 0.8921 0.4500
vn 0.0079 0.8440 0.5363
vn 0.0001 0.5122 0.8589
vn -0.0000 0.5122 0.8589
vn -0.0000 0.5029 0.8644
vn 0.6231 0.7256 0.2918
vn -0.0000 0.5029 0.8643
vn -0.0000 0.4566 0.8897
vn 0.3385 0.5274 0.7793
vn 0.3393 0.4735 0.8128
vn 0.3377 0.4241 0.8403
vn 0.3392 0.3629 0.8679
vn 0.6291 0.3539 0.6921
vn 0.6300 0.2992 0.7166
vn 0.3377 0.2906 0.8953
vn 0.6298 0.2362 0.7400
vn -0.0000 0.2370 0.9715
vn 0.3390 0.2207 0.9145
vn -0.0000 0.1580 0.9874
vn 0.3385 0.1496 0.9290
vn 0.6296 0.1813 0.7555
vn 0.6318 0.1185 0.7660
vn 0.9944 -0.0237 -0.1026
vn 0.0001 0.1026 0.9947
vn 0.3383 0.0944 0.9363
vn 0.6304 0.0788 0.7723
vn -0.0000 0.0870 0.9962
vn 0.0079 -0.3700 0.9290
vn 0.3397 0.0315 0.9400
vn 0.0393 -0.4563 0.8890
vn 0.0079 -0.8121 0.5835
vn 0.6409 0.0158 0.7675
vn 0.3161 -0.4741 0.8218
vn -0.0000 -0.9803 0.1976
vn 0.2515 -0.8017 0.5423
vn -0.0000 -0.9888 0.1491
vn -0.0000 -0.9022 -0.4314
vn -0.0000 -0.9021 -0.4315
vn 0.3084 -0.8460 0.4349
vn 0.6930 -0.6694 0.2677
vn 0.2911 -0.9520 0.0944
vn 0.6245 -0.4111 0.6641
vn 0.6451 -0.6687 0.3697
vn 0.7706 -0.6369 -0.0236
vn 0.2280 -0.8724 -0.4323
vn 0.9861 0.0158 -0.1657
vn 0.9771 0.0078 -0.2127
vn 0.7075 -0.5975 -0.3774
vn 0.2444 -0.8593 -0.4493
vn 0.9873 0.0157 -0.1580
vn 0.7014 -0.5990 -0.3862
vn 0.2608 -0.8538 -0.4506
vn 0.9887 0.0157 -0.1491
vn 0.9910 0.0079 -0.1337
vn 0.7087 -0.5906 -0.3858
vn 0.2922 -0.7108 -0.6398
vn 0.9939 -0.0001 -0.1104
vn 0.9909 0.0157 -0.1337
vn 0.9872 0.0237 -0.1580
vn 0.9766 0.0315 -0.2126
vn 0.9770 0.0158 -0.2128
vn 0.9776 0.0473 -0.2050
vn 0.9920 0.0079 -0.1261
vn 0.9918 0.0236 -0.1259
vn 0.9900 -0.0000 -0.1413
vn 0.9975 -0.0000 -0.0707
vn 0.9947 -0.0079 -0.1026
vn 1.0000 -0.0000 -0.0079
vn 0.9946 -0.0158 -0.1026
vn 0.4661 0.0002 0.8847
vn 0.4649 -0.0709 0.8825
vn 0.4649 0.0709 0.8825
vn 0.4646 -0.1417 0.8741
vn 0.4708 0.1412 0.8709
vn 0.4720 -0.2046 0.8575
vn 0.4735 -0.2762 0.8364
vn 0.4705 -0.3372 0.8154
vn 0.9992 0.0079 -0.0394
vn 1.0000 0.0022 -0.0070
vn 0.9915 0.0315 -0.1259
vn 0.9768 0.0630 -0.2048
vn 0.9922 0.0394 -0.1181
vn 0.9991 0.0157 -0.0395
vn 0.9919 0.0472 -0.1181
vn 0.9772 0.0788 -0.1970
vn 0.9915 0.0551 -0.1180
vn -0.0000 -0.9021 -0.4316
vn -0.0000 -0.7565 -0.6540
vn 0.0079 -0.3162 -0.9487
vn -0.0000 -0.3233 -0.9463
vn 0.2834 -0.3385 -0.8973
vn 0.7253 -0.2365 -0.6465
vn 0.0079 -0.3139 -0.9494
vn 0.7575 -0.4655 -0.4577
vn 0.2683 -0.2999 -0.9155
vn 0.9939 -0.0079 -0.1105
vn 0.9947 -0.0000 -0.1026
vn 0.9946 -0.0158 -0.1027
vn 0.6936 -0.2207 -0.6857
vn 0.9992 -0.0078 -0.0393
vn 0.6899 -0.2195 -0.6899
vn 0.2591 -0.2984 -0.9186
vn 0.2591 -0.2985 -0.9186
vn 0.6923 -0.2282 -0.6845
vn 0.9947 -0.0395 -0.0947
vn 0.9950 -0.0316 -0.0947
vn 0.9992 -0.0079 -0.0393
vn 0.9995 -0.0079 -0.0315
vn 0.9995 -0.0079 -0.0314
vn 0.2128 0.2995 0.9301
vn 0.2044 0.9590 0.1965
vn 0.2048 0.9294 -0.3072
vn 0.2052 0.7341 0.6473
vn -0.0000 0.7489 0.6627
vn -0.0000 0.9518 -0.3069
vn -0.0000 0.6704 -0.7420
vn -0.0000 -0.2128 0.9771
vn 0.2117 0.6507 -0.7292
vn 0.2054 -0.2131 0.9552
vn -0.0000 0.2128 -0.9771
vn -0.0000 -0.6669 0.7451
vn 0.2043 -0.6623 0.7208
vn -0.0000 -0.9495 0.3139
vn 0.2052 -0.9316 0.3000
vn -0.0000 -0.9787 -0.2054
vn 0.9997 -0.0080 -0.0235
vn 0.9997 -0.0080 -0.0236
vn 0.2128 -0.9534 -0.2137
vn -0.0000 -0.7495 -0.6620
vn 0.2042 -0.7296 -0.6527
vn 0.2128 -0.3019 -0.9293
vn 0.9997 -0.0079 -0.0237
vn 0.2056 0.2056 -0.9568
vn -0.0000 0.9874 -0.1580
vn -0.0000 0.8896 -0.4567
vn -0.0000 0.7071 -0.7071
vn -0.0000 0.4566 -0.8896
vn -0.0000 0.1579 -0.9875
vn -0.0000 -0.1579 -0.9875
vn -0.0000 -0.1580 -0.9874
vn -0.0000 -0.4566 -0.8897
vn -0.0000 -0.9874 -0.1580
vn -0.0000 -0.9874 0.1580
vn -0.0000 -0.4566 0.8897
vn -0.0000 -0.1579 0.9875
vn -0.0000 0.5886 0.8084
vn -0.0000 0.7071 0.7071
vn -0.0000 0.8897 0.4566
vn -0.0551 0.4962 0.8664
vn -0.0551 0.4962 0.8665
vn -0.0949 0.8619 0.4982
vn -0.0949 0.8619 0.4981
vn -0.1027 0.9947 -0.0000
vn -0.0949 0.8619 -0.4982
vn -0.0949 0.8619 -0.4981
vn -0.0551 0.4962 -0.8665
vn 0.0006 -0.3871 -0.9220
vn 0.3079 0.1499 -0.9395
vn 0.2522 0.2679 -0.9299
vn 0.6468 0.1420 -0.7493
vn 0.0395 0.7026 -0.7105
vn 0.0079 0.7707 -0.6371
vn 0.3154 0.6387 -0.7018
vn -0.0000 0.9755 -0.2202
vn -0.0000 0.9754 -0.2203
vn 0.3382 0.9046 -0.2596
vn -0.0000 0.9771 -0.2128
vn 0.3382 0.9203 -0.1966
vn -0.0000 0.9969 -0.0785
vn 0.3385 0.9290 -0.1496
vn 0.3390 0.9381 -0.0709
vn 0.3373 0.9414 -0.0000
vn 0.6311 0.7731 -0.0631
vn 0.8057 0.5923 -0.0000
vn 0.9659 0.2591 -0.0001
vn 0.6318 0.7661 -0.1185
vn 0.9939 -0.1104 0.0079
vn 0.9969 -0.0785 -0.0001
vn 0.9995 -0.0315 -0.0001
vn 0.6276 0.7609 -0.1647
vn 0.9946 -0.1026 0.0158
vn 0.6405 0.7354 -0.2214
vn 0.9944 -0.1026 0.0237
vn 0.6224 0.5042 -0.5986
vn 0.9977 -0.0628 0.0236
vn 0.9899 -0.1335 0.0472
vn 1.0000 -0.0079 0.0001
vn 0.4710 0.8793 -0.0707
vn 0.4721 0.8812 -0.0237
vn 0.4713 0.8718 -0.1335
vn 0.8176 0.5739 -0.0472
vn 0.8184 0.5745 -0.0157
vn 0.4659 0.8607 -0.2053
vn 0.8191 0.5671 -0.0866
vn 0.9377 0.3467 -0.0236
vn 0.9379 0.3468 -0.0080
vn 0.1968 0.9759 -0.0944
vn 0.1885 0.9819 -0.0157
vn 0.9365 0.3463 -0.0551
vn 0.1894 0.9704 -0.1499
vn 0.8185 0.5588 -0.1338
vn 0.9376 0.3388 -0.0788
vn 0.1894 0.9549 -0.2288
vn 0.4642 0.8418 -0.2754
vn 0.8160 0.5492 -0.1804
vn 0.9372 0.3309 -0.1103
vn 0.1882 0.9333 -0.3058
vn 0.4643 0.8185 -0.3384
vn 0.8165 0.5339 -0.2198
vn 0.9369 0.3228 -0.1339
vn 0.1891 0.9062 -0.3782
vn 0.1964 0.8723 -0.4479
vn 0.9384 0.3079 -0.1571
vn 0.1971 0.8358 -0.5125
vn 0.9368 0.2992 -0.1811
vn 0.1967 0.7946 -0.5744
vn 0.8189 0.5113 -0.2608
vn 0.9369 0.2834 -0.2048
vn 0.1964 0.7461 -0.6362
vn 0.8195 0.4884 -0.2997
vn 0.4653 0.7885 -0.4022
vn 0.4728 0.7486 -0.4649
vn 0.8185 0.4649 -0.3376
vn 0.4709 0.7142 -0.5179
vn 1.0000 -0.0052 0.0043
vn 0.4721 0.6688 -0.5744
vn 1.0000 -0.0052 0.0038
vn 0.8157 0.4392 -0.3765
vn 0.9362 0.2671 -0.2286
vn 0.1969 0.6933 -0.6932
vn 0.9383 0.2441 -0.2449
vn 0.1925 0.6367 -0.7467
vn 0.8165 0.4082 -0.4082
vn 0.9362 0.2279 -0.2677
vn 0.1929 0.5748 -0.7953
vn 0.4670 0.6253 -0.6253
vn 0.8157 0.3758 -0.4398
vn 0.9369 0.2049 -0.2833
vn 0.1933 0.5129 -0.8364
vn 0.9369 0.1820 -0.2987
vn 0.1927 0.4482 -0.8729
vn 0.8185 0.3377 -0.4649
vn 0.9384 0.1577 -0.3076
vn 0.1969 0.3938 -0.8979
vn 0.8164 0.2983 -0.4945
vn 0.4659 0.5765 -0.6713
vn 0.4647 0.5199 -0.7168
vn 0.8189 0.2603 -0.5116
vn 0.9370 0.1328 -0.3232
vn 0.8165 0.2198 -0.5339
vn 0.4714 0.4007 -0.7857
vn 0.4638 0.4639 -0.7548
vn 1.0000 -0.0011 0.0074
vn 1.0000 -0.0028 0.0065
vn 0.9940 -0.0394 0.1025
vn 0.9944 -0.0473 0.0946
vn 0.6301 0.2992 -0.7166
vn 0.9940 -0.0551 0.0947
vn 0.6291 0.3539 -0.6921
vn 0.6286 0.3850 -0.6757
vn 0.9990 -0.0315 0.0315
vn 0.9977 -0.0393 0.0550
vn 0.9992 -0.0315 0.0236
vn 0.9989 -0.0393 0.0236
vn 0.9922 -0.1024 0.0709
vn 0.9917 -0.0945 0.0866
vn 0.9914 -0.1102 0.0708
vn 0.9768 -0.1733 0.1261
vn 0.9910 -0.0944 0.0944
vn 0.9760 -0.1653 0.1417
vn 0.9917 -0.0866 0.0945
vn 0.9773 -0.1501 0.1494
vn 0.9908 -0.0786 0.1101
vn 0.9760 -0.1417 0.1653
vn 0.9771 -0.1340 0.1655
vn 0.6231 0.7256 -0.2919
vn 0.6407 0.4350 -0.6327
vn 0.3385 0.5274 -0.7793
vn 0.9858 -0.1104 0.1262
vn 0.3393 0.4735 -0.8128
vn 0.3377 0.4241 -0.8403
vn 0.3393 0.3629 -0.8679
vn 0.9876 -0.1027 0.1185
vn 0.9877 -0.1106 0.1106
vn 0.9878 -0.1019 0.1176
vn 0.9876 -0.1185 0.1027
vn 0.9903 -0.0944 0.1021
vn 0.9916 -0.0787 0.1023
vn 0.9910 -0.0865 0.1022
vn 0.9935 -0.0631 0.0946
vn 0.7075 0.2516 0.6604
vn 0.9943 -0.0710 0.0789
vn 0.2600 0.4255 0.8668
vn 0.9942 -0.0631 0.0869
vn -0.0000 0.4784 0.8782
vn 0.7557 0.1102 0.6455
vn 0.2911 0.1966 0.9363
vn -0.0000 -0.2995 0.9541
vn 0.7251 -0.1892 0.6621
vn 0.2825 -0.2510 0.9258
vn 0.0079 -0.3068 0.9517
vn 0.2670 -0.2906 0.9188
vn 0.2591 -0.2984 0.9186
vn 0.6922 -0.2282 0.6846
vn 0.0079 -0.3139 0.9494
vn 0.9944 -0.0473 0.0947
vn 0.6899 -0.2195 0.6899
vn 0.2591 -0.2985 0.9186
vn 0.9947 -0.0395 0.0947
vn 0.9950 -0.0316 0.0948
vn 0.6899 -0.2195 0.6898
vn 0.2683 -0.2999 0.9154
vn 0.6936 -0.2207 0.6857
vn 0.0079 -0.3162 0.9487
vn 0.0079 -0.3162 0.9486
vn 0.2834 -0.3385 0.8973
vn -0.0000 -0.3233 0.9463
vn -0.0000 -0.7565 0.6540
vn 0.7253 -0.2365 0.6465
vn 0.7575 -0.4656 0.4576
vn 0.9946 -0.0158 0.1027
vn 0.9939 -0.0079 0.1104
vn 0.9947 -0.0000 0.1026
vn 0.9995 0.0001 0.0315
vn 0.9992 -0.0078 0.0393
vn 0.9997 -0.0079 0.0236
vn 0.9995 -0.0079 0.0315
vn 0.9992 -0.0079 0.0393
vn 0.9991 -0.0157 0.0393
vn 0.9997 -0.0080 0.0235
vn 0.9995 -0.0078 0.0315
vn 0.9995 -0.0079 0.0314
vn 0.2128 0.2995 -0.9301
vn 0.2044 -0.6601 -0.7229
vn 0.2054 -0.2131 -0.9552
vn -0.0000 -0.2128 -0.9771
vn -0.0000 -0.6669 -0.7452
vn -0.0000 -0.9495 -0.3138
vn -0.0000 0.7489 -0.6627
vn 0.2052 -0.9316 -0.3000
vn -0.0000 -0.9787 0.2054
vn 0.2053 0.7372 -0.6438
vn -0.0000 0.9771 -0.2127
vn 0.2045 0.9595 -0.1938
vn -0.0000 0.9517 0.3070
vn 0.2048 0.9293 0.3072
vn -0.0000 0.6705 0.7419
vn 0.2118 0.6508 0.7291
vn -0.0001 0.2128 0.9771
vn 0.9997 -0.0078 0.0236
vn 0.2056 0.2069 0.9565
vn 0.2128 -0.3019 0.9293
vn 0.2043 -0.7304 0.6518
vn -0.0000 -0.7492 0.6624
vn 0.2128 -0.9536 0.2128
vn 0.9997 -0.0080 0.0237
vn 0.9992 -0.0235 0.0314
vn 0.9989 -0.0236 0.0393
vn 0.9947 -0.0553 0.0869
vn 0.9942 -0.0631 0.0868
vn 0.9990 -0.0314 0.0314
vn 0.9949 -0.0711 0.0711
vn 0.9903 -0.1022 0.0943
vn 0.9944 -0.0789 0.0710
vn 0.9942 -0.0868 0.0631
vn 0.9908 -0.1101 0.0786
vn 0.9947 -0.0868 0.0553
vn 0.9874 -0.1264 0.0948
vn 0.9905 -0.1180 0.0711
vn 0.9878 -0.1343 0.0790
vn 0.9772 -0.1814 0.1104
vn 0.9944 -0.0947 0.0473
vn 0.9915 -0.1180 0.0551
vn 0.9991 -0.0393 0.0157
vn 0.9774 -0.1891 0.0948
vn 0.9947 -0.0947 0.0395
vn 0.9901 -0.1257 0.0628
vn 0.9873 -0.1422 0.0711
vn 0.9905 -0.1258 0.0550
vn 0.9885 -0.1413 0.0548
vn 0.9878 -0.1422 0.0632
vn 0.9934 -0.1104 0.0315
vn 0.9855 -0.1577 0.0631
vn 0.9909 -0.1259 0.0472
vn 0.7708 -0.2202 -0.5978
vn 0.7066 -0.5416 -0.4554
vn 0.7021 -0.5522 -0.4496
vn 0.2294 -0.6803 -0.6961
vn 0.2907 -0.2043 -0.9348
vn 0.2430 -0.6898 -0.6820
vn 0.6944 0.0473 -0.7180
vn 0.7085 -0.5510 -0.4409
vn 0.9778 -0.1971 0.0709
vn 0.9772 -0.1970 0.0788
vn 0.9919 -0.1181 0.0472
vn 0.2604 -0.6945 -0.6708
vn -0.0000 -0.6871 -0.7265
vn 0.2926 -0.8303 -0.4744
vn -0.0000 -0.9999 -0.0158
vn 0.7557 -0.5825 -0.2992
vn 0.0079 -1.0000 -0.0000
vn 0.2827 -0.9581 -0.0471
vn 0.7264 -0.6869 -0.0237
vn 0.9942 -0.1026 0.0316
vn 0.9942 -0.1027 0.0316
vn 0.9946 -0.1027 0.0158
vn 0.9992 -0.0393 0.0079
vn 0.9992 -0.0393 0.0078
vn 0.6951 -0.7188 0.0079
vn 0.2685 -0.9633 -0.0000
vn 0.9947 -0.1027 0.0079
vn 0.6912 -0.7227 -0.0000
vn 0.2591 -0.9658 -0.0000
vn 0.6951 -0.7188 -0.0079
vn -0.0000 -0.9999 0.0158
vn 0.2827 -0.9581 0.0471
vn 0.2926 -0.8303 0.4744
vn 0.7264 -0.6869 0.0237
vn 0.7557 -0.5825 0.2992
vn 0.9946 -0.1027 -0.0158
vn 0.9942 -0.1026 -0.0315
vn 0.9942 -0.1027 -0.0316
vn 0.9942 -0.1026 -0.0316
vn 0.9992 -0.0393 -0.0079
vn 0.9992 -0.0393 -0.0078
vn 0.9995 -0.0315 -0.0077
vn 0.9947 -0.1027 -0.0079
vn 0.9947 -0.1026 0.0001
vn 0.9992 -0.0393 -0.0000
vn 0.9992 -0.0395 -0.0000
vn 0.9995 -0.0315 -0.0000
vn 0.2129 0.9771 -0.0000
vn 0.2050 0.8434 0.4966
vn 0.2053 0.4813 0.8522
vn 0.2052 -0.0079 0.9787
vn 0.9997 -0.0236 0.0001
vn -0.0000 0.5028 0.8644
vn -0.0000 0.8644 0.5029
vn 0.0001 0.8643 -0.5029
vn 0.2126 -0.4980 0.8407
vn -0.0000 -0.8624 0.5063
vn 0.2050 0.8434 -0.4966
vn 0.2053 0.4813 -0.8522
vn 0.2053 -0.0079 -0.9787
vn 0.9995 -0.0315 0.0077
vn 0.9997 -0.0236 -0.0001
vn 0.2126 -0.4958 -0.8420
vn -0.0000 -0.8623 -0.5063
vn 0.2049 -0.8434 -0.4966
vn 0.2128 -0.9771 -0.0000
vn 0.9997 -0.0237 -0.0000
vn 0.2049 -0.8434 0.4966
vn -0.4240 0.9029 0.0707
vn -0.4250 0.9052 -0.0000
vn -0.4565 0.8897 -0.0000
vn -0.4268 0.8931 0.1423
vn -0.4552 0.8791 0.1413
vn -0.4158 0.8863 0.2038
vn -0.3786 0.8834 0.2761
vn -0.4019 0.8825 0.2443
vn -0.3610 0.8632 0.3531
vn -0.3307 0.8425 0.4252
vn -0.4004 0.8164 0.4161
vn -0.3550 0.7967 0.4891
vn -0.3298 0.7618 0.5576
vn -0.3941 0.7409 0.5438
vn -0.3552 0.7103 0.6077
vn -0.3298 0.6675 0.6675
vn -0.4026 0.6473 0.6473
vn -0.3617 0.5976 0.7156
vn -0.3778 0.5352 0.7556
vn -0.4019 0.5043 0.7643
vn -0.4163 0.4713 0.7776
vn -0.4266 0.4108 0.8058
vn -0.4562 0.4011 0.7944
vn -0.4257 0.3469 0.8357
vn -0.4266 0.2765 0.8611
vn -0.4549 0.2745 0.8472
vn -0.4244 0.2122 0.8803
vn -0.4268 0.1423 0.8931
vn -0.4553 0.1413 0.8791
vn -0.4173 0.0787 0.9054
vn -0.3767 0.0157 0.9262
vn -0.4022 0.0394 0.9147
vn -0.3623 -0.0709 0.9294
vn -0.3315 -0.1500 0.9314
vn -0.4013 -0.1416 0.9049
vn -0.3555 -0.2211 0.9082
vn -0.3939 -0.2836 0.8743
vn -0.3541 -0.3541 0.8656
vn -0.3307 -0.4252 0.8425
vn -0.4004 -0.4161 0.8164
vn -0.3605 -0.4937 0.7914
vn -0.3773 -0.5582 0.7390
vn -0.4023 -0.5681 0.7179
vn -0.4169 -0.5979 0.6847
vn -0.4264 -0.6396 0.6396
vn -0.4562 -0.6292 0.6292
vn -0.4255 -0.6855 0.5908
vn -0.4262 -0.7340 0.5288
vn -0.4585 -0.7194 0.5218
vn -0.4253 -0.7719 0.4726
vn -0.4266 -0.8058 0.4108
vn -0.4562 -0.7944 0.4011
vn -0.4179 -0.8362 0.3550
vn -0.3787 -0.8756 0.2998
vn -0.4022 -0.8595 0.3154
vn -0.3623 -0.9056 0.2205
vn -0.3315 -0.9314 0.1500
vn -0.4013 -0.9049 0.1416
vn -0.3554 -0.9320 0.0711
vn -0.3303 -0.9439 -0.0000
vn -0.3930 -0.9195 -0.0000
vn -0.3554 -0.9320 -0.0711
vn -0.3315 -0.9314 -0.1500
vn -0.4013 -0.9049 -0.1416
vn -0.3623 -0.9056 -0.2205
vn -0.3787 -0.8756 -0.2998
vn -0.4012 -0.8573 -0.3225
vn -0.4180 -0.8362 -0.3550
vn -0.4266 -0.8058 -0.4108
vn -0.4562 -0.7944 -0.4011
vn -0.4253 -0.7719 -0.4726
vn -0.4262 -0.7340 -0.5288
vn -0.4585 -0.7194 -0.5218
vn -0.4255 -0.6855 -0.5908
vn -0.4264 -0.6396 -0.6396
vn -0.4562 -0.6292 -0.6292
vn -0.4169 -0.5979 -0.6846
vn -0.3773 -0.5582 -0.7390
vn -0.4024 -0.5680 -0.7179
vn -0.3605 -0.4937 -0.7914
vn -0.3307 -0.4252 -0.8425
vn -0.4004 -0.4161 -0.8164
vn -0.3541 -0.3541 -0.8656
vn -0.3307 -0.2913 -0.8976
vn -0.3940 -0.2836 -0.8743
vn -0.3554 -0.2211 -0.9082
vn -0.3316 -0.1500 -0.9314
vn -0.4013 -0.1416 -0.9049
vn -0.3623 -0.0709 -0.9293
vn -0.3767 0.0157 -0.9262
vn -0.4022 0.0394 -0.9147
vn -0.4172 0.0788 -0.9054
vn -0.4268 0.1423 -0.8931
vn -0.4552 0.1413 -0.8791
vn -0.4244 0.2122 -0.8803
vn -0.4266 0.2765 -0.8611
vn -0.4549 0.2745 -0.8472
vn -0.4257 0.3469 -0.8357
vn -0.4266 0.4108 -0.8058
vn -0.4562 0.4011 -0.7944
vn -0.4163 0.4712 -0.7776
vn -0.3778 0.5352 -0.7556
vn -0.4019 0.5043 -0.7643
vn -0.3617 0.5976 -0.7156
vn -0.3298 0.6675 -0.6675
vn -0.4026 0.6473 -0.6473
vn -0.3552 0.7103 -0.6077
vn -0.3298 0.7618 -0.5576
vn -0.3941 0.7409 -0.5438
vn -0.3550 0.7967 -0.4891
vn -0.3307 0.8425 -0.4252
vn -0.4004 0.8164 -0.4161
vn -0.3609 0.8632 -0.3531
vn -0.3786 0.8834 -0.2761
vn -0.4019 0.8825 -0.2443
vn -0.4158 0.8863 -0.2039
vn -0.4268 0.8931 -0.1423
vn -0.4552 0.8791 -0.1413
vn -0.4240 0.9029 -0.0707
vn -0.0000 -0.9875 -0.1578
vn -0.0000 -0.9875 -0.1579
vn -0.0000 -0.1578 -0.9875
vn -0.0000 0.1578 -0.9875
vn -0.0000 0.5884 -0.8085
vn -0.0000 0.9875 -0.1579
vn -0.0000 0.9875 -0.1578
vn -0.0000 0.9875 0.1578
vn -0.0000 0.9518 0.3069
vn -0.0000 0.1579 0.9875
vn -0.0000 -0.1578 0.9875
vn -0.0000 -0.5886 0.8084
vn -0.0000 -0.8084 0.5887
vn -0.0000 -0.9875 0.1579
vn -0.0000 -0.9875 0.1578
vn -0.0000 -0.8896 -0.4567
vn -0.0000 -0.8897 -0.4565
vn -0.0000 0.4565 -0.8897
vn -0.0000 0.8897 -0.4565
vn -0.0000 0.4565 0.8897
vn -0.0000 -0.4565 0.8897
vn -0.8971 -0.4407 -0.0315
vn -0.8928 -0.4504 -0.0000
vn -0.8976 -0.4409 -0.0000
vn -0.8984 -0.4334 -0.0709
vn -0.8937 -0.4429 -0.0712
vn -0.8959 -0.4323 -0.1022
vn -0.8986 -0.4178 -0.1340
vn -0.8931 -0.4268 -0.1423
vn -0.8973 -0.4093 -0.1653
vn -0.8979 -0.3938 -0.1969
vn -0.8921 -0.4026 -0.2052
vn -0.8973 -0.3778 -0.2283
vn -0.8982 -0.3545 -0.2600
vn -0.8922 -0.3632 -0.2685
vn -0.8973 -0.3385 -0.2834
vn -0.9002 -0.3080 -0.3080
vn -0.8942 -0.3165 -0.3165
vn -0.8973 -0.2834 -0.3385
vn -0.8982 -0.2600 -0.3545
vn -0.8922 -0.2684 -0.3632
vn -0.8973 -0.2283 -0.3778
vn -0.8979 -0.1969 -0.3938
vn -0.8921 -0.2052 -0.4026
vn -0.8973 -0.1653 -0.4093
vn -0.8986 -0.1340 -0.4178
vn -0.8931 -0.1423 -0.4268
vn -0.8959 -0.1022 -0.4323
vn -0.8984 -0.0709 -0.4335
vn -0.8937 -0.0712 -0.4429
vn -0.8971 -0.0315 -0.4407
vn -0.8976 -0.0000 -0.4409
vn -0.8928 -0.0000 -0.4504
vn -0.8971 0.0315 -0.4407
vn -0.8984 0.0709 -0.4335
vn -0.8937 0.0712 -0.4429
vn -0.8959 0.1022 -0.4323
vn -0.8986 0.1340 -0.4178
vn -0.8931 0.1423 -0.4268
vn -0.8973 0.1653 -0.4093
vn -0.8979 0.1969 -0.3938
vn -0.8921 0.2052 -0.4026
vn -0.8973 0.2283 -0.3778
vn -0.8982 0.2600 -0.3545
vn -0.8922 0.2685 -0.3632
vn -0.8973 0.2834 -0.3385
vn -0.9002 0.3080 -0.3080
vn -0.8942 0.3165 -0.3165
vn -0.8973 0.3385 -0.2834
vn -0.8982 0.3545 -0.2600
vn -0.8922 0.3632 -0.2685
vn -0.8973 0.3778 -0.2283
vn -0.8979 0.3938 -0.1969
vn -0.8921 0.4026 -0.2052
vn -0.8973 0.4093 -0.1653
vn -0.8986 0.4178 -0.1340
vn -0.8931 0.4268 -0.1423
vn -0.8959 0.4323 -0.1022
vn -0.8984 0.4334 -0.0709
vn -0.8937 0.4429 -0.0712
vn -0.8971 0.4407 -0.0315
vn -0.8976 0.4409 -0.0000
vn -0.8928 0.4504 -0.0000
vn -0.8971 0.4407 0.0315
vn -0.8984 0.4335 0.0709
vn -0.8937 0.4429 0.0712
vn -0.8959 0.4323 0.1022
vn -0.8986 0.4178 0.1340
vn -0.8931 0.4268 0.1423
vn -0.8973 0.4093 0.1653
vn -0.8979 0.3938 0.1969
vn -0.8921 0.4026 0.2052
vn -0.8973 0.3778 0.2283
vn -0.8982 0.3545 0.2600
vn -0.8922 0.3632 0.2685
vn -0.8973 0.3385 0.2834
vn -0.9002 0.3080 0.3080
vn -0.8942 0.3165 0.3165
vn -0.8973 0.2834 0.3385
vn -0.8982 0.2600 0.3545
vn -0.8922 0.2685 0.3632
vn -0.8973 0.2283 0.3778
vn -0.8979 0.1969 0.3938
vn -0.8921 0.2052 0.4026
vn -0.8973 0.1653 0.4093
vn -0.8986 0.1340 0.4178
vn -0.8931 0.1423 0.4268
vn -0.8959 0.1022 0.4323
vn -0.8984 0.0709 0.4335
vn -0.8937 0.0712 0.4429
vn -0.8971 0.0315 0.4407
vn -0.8976 -0.0000 0.4409
vn -0.8928 -0.0000 0.4504
vn -0.8971 -0.0315 0.4407
vn -0.8984 -0.0709 0.4334
vn -0.8937 -0.0712 0.4429
vn -0.8959 -0.1022 0.4323
vn -0.8986 -0.1340 0.4178
vn -0.8931 -0.1423 0.4268
vn -0.8973 -0.1653 0.4093
vn -0.8979 -0.1969 0.3938
vn -0.8921 -0.2052 0.4026
vn -0.8973 -0.2283 0.3778
vn -0.8982 -0.2600 0.3545
vn -0.8922 -0.2685 0.3632
vn -0.8973 -0.2834 0.3385
vn -0.9002 -0.3080 0.3080
vn -0.8942 -0.3166 0.3165
vn -0.8973 -0.3385 0.2834
vn -0.8982 -0.3545 0.2600
vn -0.8922 -0.3632 0.2685
vn -0.8973 -0.3778 0.2283
vn -0.8979 -0.3938 0.1969
vn -0.8921 -0.4026 0.2052
vn -0.8973 -0.4093 0.1653
vn -0.8986 -0.4178 0.1340
vn -0.8931 -0.4268 0.1423
vn -0.8959 -0.4323 0.1022
vn -0.8984 -0.4335 0.0709
vn -0.8937 -0.4429 0.0712
vn -0.8971 -0.4407 0.0315
vn 0.0551 -0.4962 -0.8665
vn 0.0551 -0.4963 -0.8664
vn 0.0949 -0.8619 -0.4982
vn 0.0949 -0.8619 -0.4981
vn 0.1027 -0.9947 -0.0000
vn -0.0551 0.4963 0.8664
vn -0.0948 0.8619 0.4981
vn -0.1026 0.9947 -0.0000
vn -0.0551 0.4962 -0.8664
vn 0.0552 -0.4962 0.8664
vn 0.0551 -0.4962 0.8665
vn 0.0949 -0.8619 0.4982
vn 0.0949 -0.8619 0.4981
vn -0.9980 -0.0630 0.0001
vn -0.9980 -0.0628 -0.0000
vn -0.9980 -0.0629 -0.0000
vn -0.9980 -0.0630 -0.0000
vn -0.9980 -0.0629 -0.0001
vn -0.9980 -0.0629 0.0001
vn -0.9980 -0.0630 -0.0001
vn 0.0551 -0.4962 -0.8664
vn 0.1026 -0.9947 -0.0000
vn 0.0551 -0.4962 0.8664
vn 0.0029 0.6007 -0.7995
vn 0.8928 -0.4504 -0.0000
vn 0.8937 -0.4429 0.0712
vn 0.8931 -0.4268 0.1423
vn 0.8921 -0.4026 0.2052
vn 0.8921 -0.4026 0.2053
vn 0.8922 -0.3632 0.2685
vn 0.8922 -0.3632 0.2684
vn 0.8942 -0.3165 0.3165
vn 0.8942 -0.3166 0.3165
vn 0.8922 -0.2685 0.3632
vn 0.8922 -0.2684 0.3632
vn 0.8921 -0.2053 0.4026
vn 0.8921 -0.2052 0.4026
vn 0.8931 -0.1423 0.4268
vn 0.8937 -0.0712 0.4429
vn 0.8937 -0.0712 0.4430
vn 0.8928 -0.0000 0.4504
vn 0.8937 0.0712 0.4429
vn 0.8937 0.0712 0.4430
vn 0.8931 0.1423 0.4268
vn 0.8921 0.2053 0.4026
vn 0.8922 0.2684 0.3632
vn 0.8922 0.2685 0.3632
vn 0.8942 0.3166 0.3165
vn 0.8942 0.3165 0.3165
vn 0.8922 0.3632 0.2684
vn 0.8922 0.3632 0.2685
vn 0.8921 0.4026 0.2052
vn 0.8921 0.4026 0.2053
vn 0.8931 0.4268 0.1423
vn 0.8937 0.4429 0.0712
vn 0.8928 0.4504 -0.0000
vn 0.8937 0.4429 -0.0712
vn 0.8937 0.4430 -0.0712
vn 0.8931 0.4268 -0.1423
vn 0.8921 0.4026 -0.2052
vn 0.8921 0.4026 -0.2053
vn 0.8922 0.3632 -0.2685
vn 0.8922 0.3632 -0.2684
vn 0.8942 0.3165 -0.3165
vn 0.8942 0.3166 -0.3165
vn 0.8922 0.2685 -0.3632
vn 0.8921 0.2052 -0.4026
vn 0.8921 0.2053 -0.4026
vn 0.8931 0.1423 -0.4268
vn 0.8937 0.0712 -0.4429
vn 0.8937 0.0712 -0.4430
vn 0.8928 -0.0000 -0.4504
vn 0.8937 -0.0712 -0.4429
vn 0.8931 -0.1423 -0.4268
vn 0.8921 -0.2052 -0.4026
vn 0.8921 -0.2053 -0.4026
vn 0.8922 -0.2685 -0.3632
vn 0.8942 -0.3165 -0.3165
vn 0.8922 -0.3632 -0.2684
vn 0.8922 -0.3632 -0.2685
vn 0.8921 -0.4026 -0.2052
vn 0.8921 -0.4026 -0.2053
vn 0.8931 -0.4268 -0.1423
vn 0.8937 -0.4429 -0.0712
vn 0.8937 -0.4430 -0.0712
vn -0.0000 0.1108 0.9938
vn -0.0001 0.1259 0.9920
vn -0.6117 -0.7528 0.2431
vn -0.6548 -0.7337 0.1815
vn -0.8957 -0.4242 0.1336
vn -0.9027 -0.4160 0.1099
vn -0.9148 -0.3944 0.0868
vn -0.6450 -0.7550 0.1180
vn -0.9233 -0.3788 0.0631
vn -0.9354 -0.3537 -0.0000
vn -0.9607 -0.2756 0.0315
vn -0.9351 -0.3536 0.0236
vn -0.6443 -0.7622 0.0629
vn -0.6455 -0.7637 -0.0000
vn -0.9317 -0.3633 -0.0000
vn -0.6443 -0.7622 -0.0629
vn -0.9351 -0.3536 -0.0236
vn -0.6449 -0.7551 -0.1180
vn -0.9233 -0.3788 -0.0631
vn -0.6548 -0.7337 -0.1815
vn -0.5601 -0.7890 -0.2525
vn -0.6116 -0.7529 -0.2431
vn -0.8956 -0.4242 -0.1336
vn -0.9027 -0.4161 -0.1099
vn -0.9149 -0.3943 -0.0868
vn -0.9607 -0.2756 -0.0315
vn -0.9633 -0.2685 -0.0000
vn -0.9895 -0.1413 -0.0314
vn -0.9895 -0.1413 0.0314
vn -0.9900 -0.1414 -0.0000
vn -0.9900 -0.1413 -0.0000
vn -0.9895 -0.1414 -0.0314
vn -0.9895 -0.1414 0.0314
vn -0.9910 -0.1337 -0.0000
vn -0.9918 -0.1259 -0.0236
vn -0.9918 -0.1259 0.0236
vn -0.9737 0.2277 -0.0000
vn -0.9783 0.1972 0.0631
vn -0.9783 0.1972 -0.0631
vn -0.9756 0.2124 0.0551
vn -0.9756 0.2124 -0.0551
vn -0.9790 0.1658 0.1184
vn -0.9790 0.1658 -0.1184
vn -0.9790 0.1184 0.1658
vn -0.9790 0.1184 -0.1658
vn -0.9749 0.1179 0.1887
vn -0.9749 0.1179 -0.1887
vn -0.9730 0.0706 0.2196
vn -0.9753 0.0157 0.2202
vn -0.9910 -0.0629 -0.1180
vn -0.9730 0.0706 -0.2196
vn -0.9753 0.0157 -0.2202
vn -0.9910 -0.0629 0.1180
vn -0.9787 -0.0000 -0.2052
vn -0.9783 -0.0631 -0.1972
vn -0.9783 -0.0631 -0.1973
vn -0.9909 -0.0157 0.1337
vn -0.9781 -0.1262 -0.1656
vn -0.9760 -0.1417 -0.1653
vn -0.9913 -0.0393 0.1258
vn -0.9898 -0.0157 0.1414
vn -0.9895 -0.0707 0.1257
vn -0.9903 -0.0393 0.1336
vn -0.9643 -0.0790 0.2528
vn -0.9598 -0.0551 0.2753
vn -0.9605 -0.1181 0.2520
vn -0.9348 -0.1100 0.3377
vn -0.9147 -0.0394 0.4023
vn -0.9151 -0.2051 0.3471
vn -0.9233 -0.0631 0.3789
vn -0.9019 -0.0235 0.4313
vn -0.8944 -0.0000 0.4472
vn -0.6533 -0.0472 0.7556
vn -0.6112 -0.0000 0.7915
vn -0.6449 -0.1180 0.7551
vn -0.9344 -0.0864 0.3455
vn -0.6472 -0.1743 0.7421
vn -0.6465 -0.2365 0.7253
vn -0.9312 -0.1105 0.3473
vn -0.9345 -0.1335 0.3299
vn -0.6480 -0.2924 0.7033
vn -0.9243 -0.1738 0.3398
vn -0.6471 -0.3472 0.6787
vn -0.9024 -0.2354 0.3610
vn -0.8956 -0.2593 0.3614
vn -0.6551 -0.4026 0.6394
vn -0.6112 -0.4623 0.6424
vn -0.5586 -0.4799 0.6765
vn -0.5600 -0.0079 -0.8284
vn -0.6111 -0.0000 -0.7915
vn -0.6533 -0.0472 -0.7556
vn -0.8944 -0.0000 -0.4472
vn -0.9019 -0.0235 -0.4313
vn -0.9147 -0.0394 -0.4023
vn -0.6450 -0.1180 -0.7551
vn -0.9233 -0.0632 -0.3789
vn -0.6472 -0.1743 -0.7421
vn -0.9344 -0.0864 -0.3455
vn -0.9348 -0.1100 -0.3378
vn -0.9598 -0.0551 -0.2754
vn -0.6465 -0.2365 -0.7253
vn -0.9312 -0.1105 -0.3473
vn -0.6480 -0.2924 -0.7033
vn -0.9345 -0.1335 -0.3299
vn -0.6471 -0.3473 -0.6787
vn -0.9243 -0.1738 -0.3398
vn -0.6551 -0.4026 -0.6393
vn -0.6111 -0.4623 -0.6425
vn -0.8956 -0.2593 -0.3614
vn -0.9024 -0.2354 -0.3610
vn -0.9151 -0.2051 -0.3471
vn -0.9605 -0.1181 -0.2519
vn -0.9643 -0.0790 -0.2529
vn -0.9895 -0.0707 -0.1257
vn -0.9898 -0.0157 -0.1414
vn -0.9903 -0.0393 -0.1336
vn -0.9896 -0.0707 -0.1257
vn -0.9913 -0.0393 -0.1258
vn -0.9909 -0.0157 -0.1337
vn -0.9787 -0.0000 0.2052
vn -0.9783 -0.0631 0.1972
vn -0.9783 -0.0631 0.1973
vn -0.9781 -0.1262 0.1656
vn -0.9760 -0.1417 0.1653
vn -0.9730 -0.1883 0.1334
vn -0.9757 -0.2046 0.0787
vn -0.9917 0.0866 -0.0945
vn -0.9783 -0.1973 0.0631
vn -0.9787 -0.2052 -0.0000
vn -0.9915 0.1180 -0.0551
vn -0.9783 -0.1973 -0.0631
vn -0.9757 -0.2046 -0.0787
vn -0.9908 0.1101 -0.0786
vn -0.9895 0.1335 -0.0550
vn -0.9903 0.0943 -0.1022
vn -0.9641 0.2134 -0.1581
vn -0.9605 0.2441 -0.1338
vn -0.9604 0.2047 -0.1890
vn -0.9369 0.2834 -0.2047
vn -0.9152 0.3708 -0.1578
vn -0.9155 0.2683 -0.2999
vn -0.9243 0.3398 -0.1738
vn -0.9028 0.4004 -0.1570
vn -0.8947 0.4238 -0.1413
vn -0.6540 0.7013 -0.2837
vn -0.6117 0.7528 -0.2431
vn -0.5590 0.7874 -0.2598
vn -0.6471 0.6787 -0.3472
vn -0.9355 0.2988 -0.1887
vn -0.6460 0.6539 -0.3939
vn -0.6471 0.6155 -0.4498
vn -0.9322 0.2923 -0.2133
vn -0.9362 0.2674 -0.2281
vn -0.6478 0.5767 -0.4977
vn -0.9249 0.2688 -0.2689
vn -0.6461 0.5436 -0.5358
vn -0.9031 0.2749 -0.3299
vn -0.8956 0.2593 -0.3614
vn -0.6519 0.4870 -0.5812
vn -0.6142 0.4646 -0.6379
vn 0.8515 0.1104 -0.5125
vn 0.8516 0.1104 -0.5125
vn 0.8516 0.1104 -0.5124
vn 0.8586 0.3702 -0.3546
vn 0.8826 0.1103 0.4569
vn 0.8587 0.3702 -0.3544
vn 0.8586 0.3703 -0.3545
vn 0.8825 0.1103 0.4571
vn 0.8825 0.1104 0.4571
vn 0.8587 0.3703 -0.3544
vn 0.8669 -0.4729 0.1576
vn 0.8826 0.1103 0.4571
vn 0.8670 -0.4728 0.1575
vn 0.8808 0.3538 0.3146
vn 0.8807 0.3540 0.3146
vn 0.8669 -0.4729 0.1575
vn 0.8571 -0.4953 -0.1416
vn 0.8571 -0.4954 -0.1415
vn 0.8808 0.3539 0.3146
vn 0.8808 0.3539 0.3145
vn -0.4610 0.8426 0.2783
vn -0.6117 0.7528 0.2431
vn -0.6540 0.7013 0.2837
vn -0.8947 0.4238 0.1413
vn -0.6472 0.6787 0.3472
vn -0.9028 0.4004 0.1570
vn -0.9152 0.3708 0.1578
vn -0.9243 0.3398 0.1738
vn -0.6460 0.6538 0.3939
vn -0.9355 0.2988 0.1887
vn -0.6471 0.6155 0.4498
vn -0.9369 0.2834 0.2047
vn -0.9605 0.2441 0.1338
vn -0.9322 0.2928 0.2128
vn -0.6478 0.5767 0.4978
vn -0.9362 0.2675 0.2281
vn -0.6461 0.5436 0.5358
vn -0.9249 0.2688 0.2688
vn -0.6519 0.4870 0.5812
vn -0.5593 0.4885 0.6697
vn -0.6142 0.4646 0.6379
vn -0.8956 0.2593 0.3614
vn -0.9031 0.2749 0.3299
vn -0.9155 0.2683 0.2999
vn -0.9604 0.2047 0.1890
vn -0.9641 0.2134 0.1581
vn -0.9903 0.0943 0.1022
vn -0.9895 0.1335 0.0550
vn -0.9908 0.1101 0.0786
vn -0.9908 0.1101 0.0787
vn -0.9917 0.0866 0.0945
vn -0.9915 0.1180 0.0551
vn -0.9730 -0.1883 -0.1334
vn 0.1962 0.9804 0.0157
vn 0.2747 0.9576 0.0863
vn 0.3068 0.9518 -0.0000
vn 0.2053 0.9787 -0.0000
vn 0.1959 0.9805 -0.0160
vn 0.2528 0.9556 0.1515
vn 0.2528 0.9400 0.2291
vn 0.2747 0.9576 -0.0864
vn 0.7071 0.7071 -0.0000
vn 0.2528 0.9558 -0.1501
vn 0.7099 0.7021 -0.0552
vn 0.7099 0.7021 0.0552
vn 0.2528 0.9400 -0.2291
vn 0.7106 0.6948 -0.1105
vn 0.2518 0.9204 -0.2990
vn 0.7091 0.6854 -0.1655
vn 0.2530 0.8933 -0.3715
vn 0.7091 0.6697 -0.2206
vn 0.2527 0.8606 -0.4422
vn 0.7120 0.6487 -0.2690
vn 0.2519 0.8264 -0.5037
vn 0.7075 0.6289 -0.3223
vn 0.2530 0.7824 -0.5690
vn 0.7096 0.5992 -0.3706
vn 0.2524 0.7336 -0.6310
vn 0.7118 0.5694 -0.4113
vn 0.8327 0.4714 -0.2907
vn 0.2518 0.6843 -0.6843
vn 0.8315 0.4472 -0.3295
vn 0.7096 0.5361 -0.4573
vn 0.8311 0.4234 -0.3607
vn 0.2524 0.6310 -0.7335
vn 0.7107 0.4975 -0.4975
vn 0.2529 0.5690 -0.7825
vn 0.7096 0.4573 -0.5361
vn 0.7094 0.4178 -0.5676
vn 0.2518 0.5037 -0.8264
vn 0.7096 0.3706 -0.5993
vn 0.2526 0.4421 -0.8606
vn 0.7075 0.3223 -0.6290
vn 0.2512 0.3689 -0.8949
vn 0.1967 0.3776 -0.9048
vn 0.2518 0.2990 -0.9204
vn 0.1977 0.3005 -0.9331
vn 0.7091 0.2206 -0.6697
vn 0.2528 0.2291 -0.9400
vn 0.1968 0.2286 -0.9534
vn 0.7091 0.1655 -0.6854
vn 0.2529 0.1501 -0.9558
vn 0.7106 0.1105 -0.6948
vn 0.2529 0.0790 -0.9643
vn 0.7099 0.0552 -0.7021
vn 0.2518 -0.0000 -0.9678
vn 0.7071 -0.0000 -0.7071
vn 0.2529 -0.0790 -0.9643
vn 0.2528 -0.1501 -0.9558
vn 0.7099 -0.0552 -0.7021
vn 0.2528 -0.2291 -0.9400
vn 0.7067 -0.1099 -0.6989
vn 0.2518 -0.2990 -0.9204
vn 0.7091 -0.1655 -0.6854
vn 0.2529 -0.3715 -0.8933
vn 0.7091 -0.2206 -0.6697
vn 0.2526 -0.4422 -0.8606
vn 0.7083 -0.2676 -0.6532
vn 0.2518 -0.5037 -0.8264
vn 0.7075 -0.3223 -0.6289
vn 0.2529 -0.5690 -0.7825
vn 0.7063 -0.3688 -0.6043
vn 0.2524 -0.6310 -0.7336
vn 0.7062 -0.4159 -0.5729
vn 0.8302 -0.2926 -0.4744
vn 0.2517 -0.6843 -0.6843
vn 0.8296 -0.2529 -0.4978
vn 0.8291 -0.3316 -0.4501
vn 0.8331 -0.2122 -0.5109
vn 0.7095 -0.4573 -0.5361
vn 0.8326 -0.1728 -0.5263
vn 0.8285 -0.3636 -0.4259
vn 0.8315 -0.1255 -0.5412
vn 0.9241 -0.1185 -0.3633
vn 0.8313 -0.0863 -0.5490
vn 0.9244 -0.0869 -0.3714
vn 0.9233 -0.0631 -0.3788
vn 0.8335 -0.0472 -0.5505
vn 0.9219 -0.0314 -0.3861
vn 0.8308 -0.0000 -0.5565
vn 0.9223 -0.0000 -0.3864
vn 0.8335 0.0472 -0.5505
vn 0.9219 0.0314 -0.3861
vn 0.8313 0.0863 -0.5490
vn 0.9233 0.0631 -0.3789
vn 0.8306 0.1332 -0.5407
vn 0.9244 0.0869 -0.3714
vn 0.8326 0.1728 -0.5263
vn 0.9241 0.1185 -0.3633
vn 0.8331 0.2122 -0.5108
vn 0.9228 0.1499 -0.3549
vn 0.8320 0.2512 -0.4946
vn 0.9243 0.1738 -0.3397
vn 0.8327 0.2907 -0.4713
vn 0.9212 0.2048 -0.3307
vn 0.8316 0.3295 -0.4472
vn 0.9213 0.2282 -0.3148
vn 0.8311 0.3606 -0.4234
vn 0.9226 0.2523 -0.2918
vn 0.8319 0.3924 -0.3924
vn 0.9210 0.2755 -0.2755
vn 0.9226 0.2918 -0.2523
vn 0.9212 0.3149 -0.2283
vn 0.9910 0.1014 -0.0875
vn 0.9213 0.3307 -0.2047
vn 0.9916 0.1023 -0.0787
vn 0.9914 0.1113 -0.0688
vn 0.9218 0.3467 -0.1733
vn 0.9915 0.1180 -0.0551
vn 0.8320 0.4946 -0.2512
vn 0.8331 0.5108 -0.2122
vn 0.9228 0.3550 -0.1499
vn 0.8326 0.5263 -0.1728
vn 0.9241 0.3633 -0.1185
vn 0.9919 0.1172 -0.0490
vn 0.9913 0.1253 -0.0411
vn 0.8315 0.5412 -0.1255
vn 0.9217 0.3781 -0.0867
vn 0.8314 0.5490 -0.0863
vn 0.9233 0.3788 -0.0631
vn 0.1654 -0.9372 0.3071
vn 0.1652 -0.9595 0.2281
vn 0.9920 0.1260 -0.0079
vn -0.0000 -0.9715 0.2370
vn 0.1650 -0.9113 0.3771
vn -0.0000 -0.9224 0.3862
vn 0.1649 -0.9737 0.1571
vn -0.0000 -0.9969 0.0785
vn 0.1652 -0.9831 0.0787
vn 0.1657 -0.9862 -0.0000
vn -0.0000 -0.9969 -0.0785
vn 0.9219 0.3861 -0.0314
vn 0.1651 -0.9831 -0.0787
vn 0.1649 -0.9737 -0.1570
vn -0.0000 -0.9715 -0.2370
vn 0.9918 0.1260 0.0236
vn 0.1652 -0.9595 -0.2281
vn 0.1654 -0.9372 -0.3072
vn -0.0000 -0.9224 -0.3863
vn 0.1650 -0.9113 -0.3771
vn 0.9913 0.1258 0.0394
vn 0.1648 -0.8790 -0.4474
vn 0.9919 0.1181 0.0472
vn 0.1654 -0.8429 -0.5120
vn 0.9915 0.1179 0.0551
vn 0.1654 -0.7955 -0.5829
vn 0.9914 0.1100 0.0708
vn 0.1660 -0.7504 -0.6398
vn -0.0001 -0.7071 -0.7071
vn 0.9916 0.1023 0.0787
vn 0.1646 -0.6975 -0.6974
vn -0.0000 -0.6456 -0.7637
vn 0.9910 0.1022 0.0865
vn 0.1659 -0.6398 -0.7504
vn 0.9911 0.0944 0.0944
vn 0.1654 -0.5829 -0.7956
vn -0.0000 -0.5215 -0.8533
vn 0.9910 0.0865 0.1023
vn 0.1654 -0.5120 -0.8429
vn 0.9916 0.0787 0.1023
vn 0.1648 -0.4474 -0.8790
vn -0.0000 -0.3863 -0.9224
vn 0.1650 -0.3771 -0.9113
vn 0.1654 -0.3072 -0.9372
vn -0.0000 -0.2370 -0.9715
vn 0.9913 0.0393 0.1259
vn 0.1652 -0.2281 -0.9595
vn 0.1649 -0.1571 -0.9737
vn -0.0000 -0.0785 -0.9969
vn 0.9918 0.0236 0.1258
vn 0.1652 -0.0787 -0.9831
vn 0.9233 0.0631 0.3788
vn 0.1657 -0.0000 -0.9862
vn -0.0000 0.0785 -0.9969
vn 0.9920 0.0079 0.1260
vn 0.1652 0.0787 -0.9831
vn 0.9920 -0.0000 0.1259
vn 0.1649 0.1570 -0.9737
vn 0.9920 -0.0079 0.1260
vn 0.1651 0.2281 -0.9595
vn 0.9918 -0.0236 0.1260
vn 0.1654 0.3072 -0.9372
vn 0.9915 -0.0315 0.1259
vn 0.1650 0.3771 -0.9113
vn 0.9913 -0.0393 0.1259
vn 0.9244 -0.0869 0.3714
vn 0.1648 0.4474 -0.8790
vn -0.0000 0.5215 -0.8533
vn 0.9233 -0.0631 0.3789
vn 0.1654 0.5120 -0.8429
vn 0.9219 -0.0314 0.3861
vn 0.1654 0.5829 -0.7956
vn 0.9222 -0.0000 0.3868
vn 0.1659 0.6398 -0.7504
vn -0.0000 0.6456 -0.7637
vn 0.9219 0.0315 0.3861
vn 0.8308 -0.0000 0.5565
vn 0.8335 0.0472 0.5505
vn 0.8335 -0.0472 0.5505
vn 0.7100 0.0551 0.7021
vn 0.8313 -0.0863 0.5490
vn 0.7071 -0.0001 0.7071
vn 0.7099 -0.0554 0.7021
vn 0.8314 -0.1255 0.5412
vn 0.7067 -0.1099 0.6989
vn 0.2529 -0.0790 0.9643
vn 0.2528 -0.1501 0.9558
vn 0.7091 -0.1655 0.6854
vn 0.2528 -0.2291 0.9400
vn 0.2518 -0.0000 0.9678
vn 0.2529 0.0790 0.9643
vn 0.2528 0.1501 0.9558
vn 0.1968 0.2286 0.9534
vn 0.7106 0.1105 0.6948
vn 0.2528 0.2291 0.9400
vn 0.1977 0.3005 0.9331
vn 0.8313 0.0863 0.5490
vn 0.7090 0.1655 0.6855
vn 0.2518 0.2990 0.9204
vn 0.1967 0.3776 0.9048
vn 0.9244 0.0869 0.3714
vn 0.2512 0.3689 0.8949
vn 0.9241 0.1185 0.3634
vn 0.8315 0.1255 0.5412
vn 0.9228 0.1499 0.3549
vn 0.8326 0.1728 0.5263
vn 0.7091 0.2206 0.6697
vn 0.8331 0.2122 0.5108
vn 0.9243 0.1738 0.3397
vn 0.2527 0.4421 0.8606
vn 0.9213 0.2047 0.3307
vn 0.2518 0.5037 0.8264
vn 0.7075 0.3223 0.6289
vn 0.2529 0.5691 0.7824
vn 0.7096 0.3706 0.5993
vn 0.8321 0.2512 0.4946
vn 0.8327 0.2907 0.4713
vn 0.7094 0.4178 0.5676
vn 0.2524 0.6310 0.7336
vn 0.9212 0.2283 0.3149
vn 0.8316 0.3295 0.4472
vn 0.9226 0.2523 0.2918
vn 0.7096 0.4573 0.5361
vn 0.8311 0.3606 0.4234
vn 0.9210 0.2755 0.2755
vn 0.7106 0.4975 0.4975
vn 0.9226 0.2918 0.2523
vn 0.8319 0.3924 0.3924
vn 0.9213 0.3149 0.2283
vn 0.8311 0.4234 0.3607
vn 0.7096 0.5361 0.4573
vn 0.2517 0.6843 0.6843
vn 0.2524 0.7336 0.6310
vn 0.7118 0.5694 0.4112
vn 0.2529 0.7824 0.5691
vn 0.8316 0.4471 0.3295
vn 0.7096 0.5992 0.3706
vn 0.2519 0.8263 0.5037
vn 0.9213 0.3307 0.2047
vn 0.8327 0.4714 0.2907
vn 0.9218 0.3467 0.1734
vn 0.7075 0.6289 0.3223
vn 0.8321 0.4945 0.2512
vn 0.9228 0.3549 0.1499
vn 0.2527 0.8606 0.4421
vn 0.9241 0.3633 0.1185
vn 0.2529 0.8933 0.3716
vn 0.7119 0.6487 0.2690
vn 0.2517 0.9205 0.2989
vn 0.7091 0.6697 0.2206
vn 0.8331 0.5108 0.2122
vn 0.7090 0.6855 0.1655
vn 0.8326 0.5263 0.1728
vn 0.9217 0.3781 0.0866
vn 0.8315 0.5412 0.1255
vn 0.9233 0.3788 0.0631
vn 0.7106 0.6949 0.1105
vn 0.8313 0.5490 0.0863
vn 0.9219 0.3861 0.0314
vn 0.8277 0.5597 0.0394
vn 0.9224 0.3863 -0.0000
vn 0.8284 0.5601 -0.0000
vn 0.8277 0.5597 -0.0394
vn 0.9975 0.0707 0.0079
vn 0.9975 0.0707 -0.0000
vn 0.9975 0.0707 -0.0079
vn 0.9899 0.1414 0.0079
vn 0.9899 0.1414 -0.0079
vn 0.9874 0.1580 0.0079
vn 0.9874 0.1580 -0.0079
vn -0.0551 0.8271 0.5593
vn -0.0708 0.6690 0.7398
vn -0.0631 0.5770 0.8143
vn -0.0551 0.8427 0.5355
vn -0.0472 0.8805 0.4717
vn -0.0471 0.9343 0.3533
vn -0.0632 0.5296 0.8459
vn -0.0394 0.9992 -0.0000
vn -0.0707 0.4015 0.9131
vn -0.0392 0.9992 -0.0000
vn -0.0628 -0.0236 0.9977
vn -0.0472 0.9369 -0.3464
vn -0.0630 -0.0000 0.9980
vn -0.0550 0.8485 -0.5264
vn -0.0550 -0.2826 0.9577
vn -0.0472 0.8887 -0.4560
vn -0.0552 -0.4809 0.8750
vn -0.0550 0.8109 -0.5826
vn -0.0554 -0.4747 0.8784
vn -0.0631 0.5682 -0.8205
vn -0.0474 -0.6781 0.7334
vn -0.0631 0.5204 -0.8516
vn -0.0393 -0.8724 0.4873
vn -0.0705 0.5016 -0.8622
vn -0.0394 -0.8582 0.5118
vn -0.0708 0.3622 -0.9294
vn -0.0395 -0.9708 0.2367
vn -0.0628 -0.0000 -0.9980
vn -0.0393 -0.9992 -0.0000
vn -0.0628 0.0549 -0.9965
vn -0.0394 -0.9992 -0.0001
vn -0.0632 -0.2605 -0.9634
vn -0.0395 -0.9707 -0.2368
vn -0.0552 -0.4809 -0.8750
vn -0.0393 -0.8724 -0.4873
vn -0.0554 -0.4748 -0.8784
vn -0.0394 -0.8582 -0.5118
vn -0.0474 -0.6782 -0.7334
vn 0.9999 0.0157 -0.0036
vn 0.9996 0.0235 -0.0157
vn 0.2118 -0.0941 -0.9728
vn -0.0001 0.4024 -0.9154
vn 0.2044 0.3952 -0.8956
vn 0.2131 0.7891 -0.5761
vn 0.2043 0.9744 -0.0942
vn 0.2076 0.6643 0.7181
vn 0.4660 0.5765 0.6712
vn 0.4647 0.5199 0.7168
vn 0.4639 0.4639 0.7548
vn 0.4714 0.4007 0.7856
vn 0.4735 0.3393 0.8128
vn 0.4734 0.2762 0.8364
vn 0.4720 0.2045 0.8575
vn 1.0000 -0.0032 -0.0070
vn 0.9942 -0.0332 -0.1020
vn 0.9940 -0.0392 -0.1026
vn 0.9944 -0.0473 -0.0946
vn 0.6286 0.3850 0.6757
vn 0.9940 -0.0552 -0.0945
vn 0.6406 0.4350 0.6327
vn 0.9977 -0.0393 -0.0549
vn 0.9908 -0.0785 -0.1101
vn 0.9771 -0.1340 -0.1655
vn 0.9917 -0.0866 -0.0946
vn 0.9760 -0.1417 -0.1653
vn 0.2518 -0.2999 0.9202
vn 0.2529 -0.3710 0.8935
vn 0.7091 -0.2206 0.6697
vn 0.2528 -0.4421 0.8606
vn 0.7083 -0.2676 0.6532
vn 0.8326 -0.1728 0.5263
vn 0.8331 -0.2122 0.5109
vn 0.9241 -0.1185 0.3633
vn 0.9228 -0.1499 0.3549
vn 0.8296 -0.2529 0.4978
vn 0.9919 -0.0495 0.1170
vn 0.9243 -0.1738 0.3397
vn 0.9915 -0.0551 0.1179
vn 0.8302 -0.2926 0.4744
vn 0.9914 -0.0708 0.1101
vn 0.9227 -0.1972 0.3312
vn 0.7075 -0.3223 0.6289
vn 0.2519 -0.5037 0.8263
vn 0.7063 -0.3688 0.6042
vn 0.2529 -0.5692 0.7823
vn 0.8291 -0.3316 0.4501
vn 0.7063 -0.4159 0.5729
vn 0.2524 -0.6310 0.7336
vn 0.9235 -0.2289 0.3078
vn 0.8286 -0.3632 0.4261
vn 0.9226 -0.2523 0.2918
vn 0.7096 -0.4573 0.5361
vn 0.8294 -0.3950 0.3950
vn 0.9918 -0.0866 0.0945
vn 0.9249 -0.2688 0.2688
vn 0.7051 -0.5014 0.5014
vn 0.2517 -0.6843 0.6843
vn 0.8286 -0.4261 0.3632
vn 0.7096 -0.5361 0.4573
vn 0.2524 -0.7336 0.6310
vn 0.2039 -0.7450 0.6352
vn 0.8291 -0.4501 0.3316
vn 0.2529 -0.7824 0.5690
vn 0.2042 -0.7934 0.5734
vn 0.7063 -0.5729 0.4159
vn 0.2519 -0.8263 0.5037
vn 0.2046 -0.8344 0.5117
vn 0.7063 -0.6043 0.3688
vn 0.2527 -0.8606 0.4421
vn 0.2047 -0.8739 0.4409
vn 0.7075 -0.6289 0.3223
vn 0.8302 -0.4744 0.2926
vn 0.8296 -0.4978 0.2529
vn 0.7083 -0.6532 0.2676
vn 0.2512 -0.8949 0.3689
vn 0.2042 -0.9034 0.3770
vn 0.8306 -0.5142 0.2136
vn 0.2517 -0.9205 0.2990
vn 0.2053 -0.9316 0.3000
vn 0.7054 -0.6740 0.2194
vn 0.8301 -0.5298 0.1739
vn 0.2528 -0.9400 0.2291
vn 0.2045 -0.9519 0.2282
vn 0.7053 -0.6896 0.1646
vn 0.2528 -0.9558 0.1501
vn 0.7067 -0.6989 0.1099
vn 0.8282 -0.5442 0.1341
vn 0.8289 -0.5527 0.0869
vn 0.7060 -0.7061 0.0549
vn 0.2529 -0.9643 0.0790
vn 0.8275 -0.5595 0.0473
vn 0.2518 -0.9678 -0.0000
vn 0.7071 -0.7071 -0.0000
vn 0.2529 -0.9643 -0.0790
vn 0.8284 -0.5602 -0.0000
vn 0.7060 -0.7061 -0.0549
vn 0.2528 -0.9556 -0.1512
vn 0.2045 -0.9519 -0.2282
vn 0.2528 -0.9400 -0.2291
vn 0.2053 -0.9316 -0.3000
vn 0.7068 -0.6989 -0.1099
vn 0.2517 -0.9205 -0.2988
vn 0.2042 -0.9034 -0.3770
vn 0.7052 -0.6896 -0.1646
vn 0.8275 -0.5595 -0.0473
vn 0.2512 -0.8944 -0.3701
vn 0.2047 -0.8739 -0.4409
vn 0.7054 -0.6740 -0.2194
vn 0.2526 -0.8606 -0.4421
vn 0.2047 -0.8344 -0.5117
vn 0.7083 -0.6532 -0.2676
vn 0.2518 -0.8264 -0.5037
vn 0.2042 -0.7934 -0.5734
vn 0.7075 -0.6289 -0.3223
vn 0.2529 -0.7830 -0.5683
vn 0.2039 -0.7450 -0.6352
vn 0.7063 -0.6043 -0.3688
vn 0.2524 -0.7336 -0.6310
vn 0.7063 -0.5729 -0.4159
vn 0.7096 -0.5361 -0.4573
vn 0.7051 -0.5014 -0.5014
vn 0.8291 -0.4501 -0.3316
vn 0.8294 -0.3951 -0.3951
vn 0.8286 -0.4261 -0.3630
vn 0.8302 -0.4744 -0.2926
vn 0.9226 -0.2918 -0.2523
vn 0.8296 -0.4978 -0.2529
vn 0.9235 -0.3078 -0.2289
vn 0.9251 -0.3242 -0.1977
vn 0.8306 -0.5142 -0.2136
vn 0.9243 -0.3397 -0.1738
vn 0.8302 -0.5297 -0.1739
vn 0.9228 -0.3549 -0.1499
vn 0.8282 -0.5442 -0.1341
vn 0.9241 -0.3634 -0.1185
vn 0.8289 -0.5527 -0.0869
vn 0.9244 -0.3714 -0.0869
vn 0.9233 -0.3788 -0.0631
vn 0.9247 -0.3794 -0.0316
vn 0.9916 -0.1261 -0.0301
vn 0.9922 -0.1185 -0.0382
vn 0.9918 -0.1259 -0.0236
vn 0.1652 0.9595 0.2281
vn 0.1654 0.9372 0.3072
vn 0.9924 -0.1103 -0.0551
vn 0.1650 0.9113 0.3771
vn -0.0000 0.9715 0.2370
vn -0.0000 0.9224 0.3863
vn 0.1649 0.9742 0.1543
vn 0.1648 0.8790 0.4474
vn 0.1652 0.9832 0.0774
vn 0.1654 0.8429 0.5120
vn -0.0000 0.8532 0.5216
vn 0.1657 0.9862 -0.0000
vn 0.9920 -0.1259 -0.0079
vn 0.1652 0.9832 -0.0774
vn 0.9920 -0.1260 -0.0000
vn 0.9225 -0.3859 -0.0000
vn 0.9920 -0.1259 0.0079
vn 0.9247 -0.3794 0.0316
vn 0.9918 -0.1259 0.0236
vn 0.9233 -0.3788 0.0631
vn 0.1650 0.9737 -0.1570
vn -0.0000 0.9715 -0.2370
vn 0.9915 -0.1259 0.0315
vn 0.9244 -0.3714 0.0869
vn 0.1653 0.9595 -0.2281
vn 0.9241 -0.3634 0.1185
vn 0.1654 0.9372 -0.3072
vn 0.9922 -0.1181 0.0394
vn 0.1650 0.9114 -0.3771
vn -0.0000 0.9224 -0.3863
vn 0.9919 -0.1181 0.0473
vn 0.1649 0.8790 -0.4474
vn 0.9228 -0.3549 0.1499
vn 0.9924 -0.1102 0.0551
vn 0.9243 -0.3397 0.1738
vn 0.9919 -0.1101 0.0630
vn 0.9251 -0.3242 0.1977
vn 0.1654 0.8429 -0.5120
vn -0.0000 0.8533 -0.5215
vn 0.9916 -0.1023 0.0787
vn 0.9235 -0.3078 0.2289
vn 0.1654 0.7955 -0.5829
vn 0.1660 0.7504 -0.6398
vn -0.0000 0.7637 -0.6456
vn 0.9918 -0.0945 0.0865
vn 0.9226 -0.2918 0.2523
vn 0.9925 -0.0866 0.0866
vn 0.1645 0.6976 -0.6974
vn 0.9919 -0.1101 -0.0630
vn 0.9916 -0.1023 -0.0787
vn 0.1654 0.7955 0.5829
vn -0.0000 0.8085 0.5884
vn 0.9918 -0.0944 -0.0865
vn 0.1659 0.7504 0.6398
vn -0.0000 0.7637 0.6456
vn 0.1646 0.6975 0.6974
vn 0.9925 -0.0866 -0.0866
vn 0.9249 -0.2688 -0.2688
vn 0.9918 -0.0866 -0.0944
vn 0.1660 0.6398 0.7504
vn -0.0000 0.6456 0.7637
vn 0.9226 -0.2523 -0.2918
vn 0.1654 0.5829 0.7955
vn 0.9235 -0.2289 -0.3078
vn 0.9914 -0.0708 -0.1102
vn 0.1654 0.5120 0.8429
vn -0.0000 0.5216 0.8532
vn 0.9227 -0.1972 -0.3312
vn 0.9915 -0.0551 -0.1180
vn 0.1648 0.4474 0.8790
vn 0.9243 -0.1738 -0.3397
vn 0.9919 -0.0472 -0.1180
vn 0.1650 0.3771 0.9113
vn -0.0000 0.3862 0.9224
vn 0.9228 -0.1498 -0.3550
vn 0.9913 -0.0393 -0.1258
vn 0.1654 0.3072 0.9372
vn 0.9915 -0.0315 -0.1259
vn 0.1652 0.2281 0.9595
vn 0.9918 -0.0236 -0.1259
vn 0.1649 0.1570 0.9737
vn 0.9920 -0.0079 -0.1260
vn 0.1651 0.0787 0.9831
vn -0.0000 0.0785 0.9969
vn 0.9920 -0.0000 -0.1259
vn 0.1657 -0.0000 0.9862
vn -0.0000 -0.0785 0.9969
vn 0.9920 0.0079 -0.1260
vn 0.1652 -0.0787 0.9831
vn 0.9918 0.0236 -0.1258
vn 0.1649 -0.1570 0.9737
vn -0.0000 -0.2370 0.9715
vn 0.9916 0.0315 -0.1258
vn 0.1651 -0.2281 0.9595
vn 0.1654 -0.3072 0.9372
vn -0.0000 -0.3863 0.9224
vn 0.9913 0.0393 -0.1258
vn 0.1650 -0.3771 0.9113
vn 0.1648 -0.4474 0.8790
vn -0.0000 -0.5215 0.8533
vn 0.9915 0.0551 -0.1181
vn 0.1654 -0.5120 0.8429
vn 0.1654 -0.5829 0.7955
vn -0.0000 -0.6456 0.7637
vn 0.9916 0.0787 -0.1022
vn 0.1660 -0.6398 0.7504
vn 0.9910 0.0865 -0.1022
vn 0.1646 -0.6974 0.6975
vn 0.9911 0.0944 -0.0943
vn 0.1659 -0.7504 0.6398
vn 0.1654 -0.7955 0.5829
vn 0.1655 -0.8429 0.5120
vn -0.0000 -0.8896 0.4566
vn 0.1648 -0.8790 0.4473
vn -0.3180 0.8661 0.3856
vn -0.3228 0.7637 0.5591
vn -0.3233 0.4729 0.8197
vn -0.3228 0.7637 0.5590
vn -0.3219 0.9262 0.1962
vn -0.3228 0.7638 0.5590
vn -0.3232 0.4729 0.8197
vn -0.3218 0.9262 -0.1962
vn -0.3240 0.1028 0.9405
vn -0.3228 0.7637 -0.5590
vn -0.3238 -0.2921 0.8999
vn -0.3231 0.4729 -0.8197
vn -0.3241 -0.6324 0.7036
vn -0.3233 0.4729 -0.8197
vn -0.3243 -0.6326 0.7033
vn -0.3240 0.1028 -0.9405
vn -0.3223 -0.8647 0.3852
vn -0.3240 0.1027 -0.9405
vn -0.3237 -0.2921 -0.8999
vn -0.3234 -0.9463 -0.0000
vn -0.3241 -0.6323 -0.7037
vn -0.3223 -0.8647 -0.3852
vn -0.3241 -0.6324 -0.7036
vn 0.9066 0.0529 0.4186
vn 0.3085 0.0633 0.9491
vn 0.3064 0.1806 0.9346
vn 0.3086 -0.0599 0.9493
vn 0.3064 -0.1806 0.9346
vn 0.3073 0.2915 0.9059
vn 0.3072 -0.2915 0.9059
vn 0.3084 0.4032 0.8616
vn 0.3069 0.5115 0.8026
vn 0.3083 -0.4054 0.8606
vn 0.3075 0.6068 0.7329
vn 0.3069 -0.5099 0.8036
vn 0.3069 0.6924 0.6530
vn 1.0000 0.0001 -0.0000
vn 0.3075 -0.6065 0.7333
vn 0.3069 -0.6924 0.6530
vn 0.3068 0.7708 0.5584
vn 0.3068 -0.7708 0.5584
vn 0.3072 0.8348 0.4568
vn 0.3084 0.8854 0.3478
vn 0.3072 -0.8341 0.4582
vn 0.3073 0.9218 0.2364
vn 0.3084 -0.8844 0.3503
vn 0.3069 0.9444 0.1180
vn 0.3074 -0.9217 0.2366
vn 0.3070 -0.9444 0.1180
vn 0.3070 0.9444 -0.1180
vn 0.3068 -0.9518 -0.0000
vn 0.3069 -0.9444 -0.1180
vn 0.3074 0.9218 -0.2363
vn 0.3084 0.8854 -0.3478
vn 0.3073 -0.9217 -0.2366
vn 0.3072 0.8348 -0.4568
vn 1.0000 -0.0000 -0.0002
vn 0.3084 -0.8844 -0.3502
vn 0.3068 0.7708 -0.5584
vn 0.3073 -0.8339 -0.4586
vn 0.3068 0.6924 -0.6530
vn 0.3068 -0.7699 -0.5595
vn 0.3075 0.6068 -0.7329
vn 0.3069 -0.6937 -0.6516
vn 0.3069 0.5115 -0.8026
vn 0.3074 -0.6069 -0.7329
vn 0.3084 0.4032 -0.8616
vn 0.3070 -0.5099 -0.8036
vn 0.3072 0.2915 -0.9059
vn 0.3084 -0.4053 -0.8606
vn 0.3064 0.1807 -0.9346
vn 0.3073 -0.2914 -0.9059
vn 0.3064 -0.1807 -0.9346
vn 0.3085 0.0633 -0.9491
vn 0.3085 -0.0633 -0.9491
vn 0.9998 -0.0073 -0.0160
vn 0.9998 -0.0067 -0.0161
vn 0.9998 -0.0076 -0.0158
vn 0.9998 -0.0077 -0.0157
vn 0.9998 -0.0079 -0.0158
vn 0.9998 0.0158 -0.0078
vn 0.9998 0.0157 -0.0080
vn 0.9998 0.0158 0.0078
vn 0.9998 0.0157 0.0080
vn 0.3099 0.9489 0.0597
vn 0.5063 0.8624 -0.0000
vn 0.5032 0.8571 0.1101
vn 0.5033 0.8571 -0.1101
vn 0.6409 0.7676 -0.0001
vn 0.5050 0.8364 0.2130
vn 0.5050 0.8364 -0.2130
vn 0.5044 0.8039 0.3152
vn 0.6381 0.7642 0.0944
vn 0.6408 0.7438 0.1898
vn 0.5041 0.7561 0.4174
vn 0.7638 -0.6455 -0.0000
vn 0.7652 -0.6389 -0.0789
vn 0.7652 -0.6389 0.0789
vn 0.7657 -0.6235 -0.1579
vn 0.7648 -0.5993 -0.2367
vn 0.6381 0.7642 -0.0946
vn 0.7656 -0.6236 0.1579
vn 0.6376 0.7164 0.2834
vn 0.7641 -0.5672 -0.3072
vn 0.6404 0.6728 0.3704
vn 0.5042 0.7011 0.5042
vn 0.6392 0.6236 0.4499
vn 0.7652 -0.5207 -0.3787
vn 0.6385 0.5597 0.5282
vn 0.7634 -0.4721 -0.4408
vn 0.5041 0.6301 0.5907
vn 0.5052 0.5525 0.6630
vn 0.6398 0.4897 0.5923
vn 0.7649 -0.4100 -0.4969
vn 0.7643 -0.3467 -0.5437
vn 0.5053 0.4658 0.7264
vn 0.6405 0.4113 0.6486
vn 0.6406 0.3244 0.6960
vn 0.7642 -0.2757 -0.5830
vn 0.5043 0.3703 0.7801
vn 0.6382 0.2365 0.7327
vn 0.7640 -0.1969 -0.6144
vn 0.7622 -0.1179 -0.6365
vn 0.5049 0.2682 0.8205
vn 0.6383 0.1418 0.7566
vn 0.7631 -0.0393 -0.6450
vn 0.5062 0.1661 0.8463
vn 0.6402 0.0475 0.7668
vn 0.5056 0.0553 0.8610
vn 0.6402 -0.0474 0.7668
vn 0.7631 0.0395 -0.6450
vn 0.5056 -0.0553 0.8610
vn 0.5062 -0.1661 0.8463
vn 0.6383 -0.1417 0.7566
vn 0.7622 0.1179 -0.6365
vn 0.7640 0.1970 -0.6144
vn 0.5049 -0.2682 0.8205
vn 0.6382 -0.2363 0.7327
vn 0.7642 0.2758 -0.5830
vn 0.5043 -0.3703 0.7801
vn 0.6407 -0.3242 0.6960
vn 0.7643 0.3467 -0.5437
vn 0.5053 -0.4658 0.7264
vn 0.6405 -0.4113 0.6485
vn 0.7648 0.4101 -0.4968
vn 0.5051 -0.5525 0.6630
vn 0.6397 -0.4897 0.5925
vn 0.7635 0.4721 -0.4407
vn 0.5041 -0.6301 0.5907
vn 0.6386 -0.5597 0.5282
vn 0.7652 0.5206 -0.3787
vn 0.5042 -0.7011 0.5042
vn 0.6393 -0.6236 0.4498
vn 0.7641 0.5672 -0.3072
vn 0.5040 -0.7561 0.4174
vn 0.6404 -0.6721 0.3716
vn 0.7648 0.5993 -0.2366
vn 0.6375 -0.7164 0.2835
vn 0.7657 0.6235 -0.1579
vn 0.5044 -0.8039 0.3152
vn 0.6408 -0.7438 0.1900
vn 0.5050 -0.8364 0.2130
vn 0.6380 -0.7642 0.0946
vn 0.7652 0.6390 -0.0789
vn 0.7638 0.6455 -0.0000
vn 0.5033 -0.8571 0.1101
vn 0.6410 -0.7676 0.0001
vn 0.7652 0.6389 0.0789
vn 0.5062 -0.8624 -0.0000
vn 0.5033 -0.8571 -0.1101
vn 0.6381 -0.7641 -0.0945
vn 0.7656 0.6236 0.1579
vn 0.5050 -0.8364 -0.2130
vn 0.6409 -0.7438 -0.1899
vn 0.5044 -0.8039 -0.3152
vn 0.6376 -0.7164 -0.2834
vn 0.7649 0.5991 0.2364
vn 0.5041 -0.7561 -0.4174
vn 0.6404 -0.6721 -0.3717
vn 0.7641 0.5672 0.3072
vn 0.5042 -0.7011 -0.5042
vn 0.6393 -0.6236 -0.4499
vn 0.7652 0.5207 0.3787
vn 0.7634 0.4722 0.4407
vn 0.6385 -0.5597 -0.5282
vn 0.7649 0.4101 0.4968
vn 0.5041 -0.6301 -0.5907
vn 0.5052 -0.5525 -0.6630
vn 0.6397 -0.4897 -0.5924
vn 0.7643 0.3467 0.5437
vn 0.5053 -0.4658 -0.7264
vn 0.6405 -0.4112 -0.6485
vn 0.6406 -0.3244 -0.6960
vn 0.7642 0.2757 0.5831
vn 0.5043 -0.3703 -0.7801
vn 0.6382 -0.2365 -0.7326
vn 0.7640 0.1969 0.6145
vn 0.7622 0.1179 0.6365
vn 0.5049 -0.2682 -0.8205
vn 0.6384 -0.1419 -0.7566
vn 0.5062 -0.1661 -0.8463
vn 0.6403 -0.0476 -0.7667
vn 0.7631 0.0393 0.6451
vn 0.5056 -0.0553 -0.8610
vn 0.7632 -0.0393 0.6450
vn 0.5055 0.0553 -0.8610
vn 0.6402 0.0475 -0.7668
vn 0.5062 0.1661 -0.8463
vn 0.6383 0.1418 -0.7566
vn 0.7622 -0.1179 0.6365
vn 0.7640 -0.1969 0.6144
vn 0.5049 0.2682 -0.8205
vn 0.6382 0.2363 -0.7327
vn 0.5043 0.3703 -0.7801
vn 0.6406 0.3244 -0.6960
vn 0.7642 -0.2756 0.5831
vn 0.7643 -0.3467 0.5437
vn 0.5053 0.4658 -0.7264
vn 0.6406 0.4112 -0.6486
vn 0.7649 -0.4100 0.4968
vn 0.5052 0.5525 -0.6630
vn 0.6398 0.4896 -0.5924
vn 0.6386 0.5596 -0.5283
vn 0.7634 -0.4722 0.4407
vn 0.5041 0.6301 -0.5907
vn 0.5042 0.7011 -0.5042
vn 0.6393 0.6235 -0.4500
vn 0.7652 -0.5207 0.3787
vn 0.5040 0.7561 -0.4174
vn 0.6405 0.6721 -0.3716
vn 0.7641 -0.5672 0.3072
vn 0.7648 -0.5992 0.2366
vn 0.6375 0.7164 -0.2834
vn 0.5044 0.8039 -0.3152
vn 0.6409 0.7438 -0.1900
vn 0.9358 0.2202 -0.2752
vn 0.9279 0.3381 -0.1573
vn 0.9468 0.0631 -0.3156
vn 0.9252 0.3795 -0.0000
vn 0.9570 -0.0941 -0.2745
vn 0.9279 0.3381 0.1572
vn 0.9358 0.2202 0.2753
vn 0.9468 0.0631 0.3156
vn 0.9569 -0.0941 0.2746
vn 0.9646 -0.2118 0.1569
vn 0.9678 -0.2518 -0.0000
vn 0.9645 -0.2096 -0.1607
vn -0.0000 0.7093 -0.7050
vn -0.0000 0.7032 0.7110
vn -0.0000 0.9678 -0.2518
vn -0.0000 0.9658 -0.2592
vn 0.0001 0.2620 -0.9651
vn -0.0000 0.2592 -0.9658
vn -0.0000 -0.7032 -0.7110
vn 0.0001 0.7031 0.7111
vn 0.0001 -0.7047 -0.7095
vn -0.0000 -0.9659 0.2591
vn 0.0001 -0.2591 0.9658
vn -0.0000 -0.2592 0.9658
vn 0.0001 -0.9678 0.2518
vn 0.9115 -0.2908 -0.2907
vn 0.9099 0.1098 -0.4000
vn 0.9135 -0.3937 0.1024
vn 0.9134 0.3939 -0.1025
vn 0.9127 -0.1102 0.3934
vn 1.0000 -0.0001 -0.0002
vn 0.9115 0.2908 0.2908
vn -0.0000 -0.4302 0.9028
vn -0.0000 -0.8247 0.5655
vn 0.0001 -0.9021 -0.4315
vn 0.0001 0.0789 0.9969
vn 0.0001 0.0784 0.9969
vn -0.0000 0.9022 0.4313
vn -0.0000 0.0784 0.9969
vn 0.9112 -0.3378 0.2357
vn 0.0001 -0.0785 -0.9969
vn -0.0000 -0.0788 -0.9969
vn 0.9115 -0.3694 -0.1807
vn 0.9121 0.0315 0.4088
vn -0.0000 0.8247 -0.5655
vn -0.0000 0.8247 -0.5656
vn 0.9128 0.3698 0.1731
vn 0.9120 -0.0328 -0.4088
vn 0.9129 0.3384 -0.2282
vn 0.0001 0.9022 0.4314
vn -0.0000 0.4090 0.9125
vn -0.0000 -0.5836 0.8121
vn 0.0001 -0.5835 0.8121
vn -0.0000 0.4094 0.9124
vn -0.0000 0.9947 0.1023
vn -0.0000 -0.9947 -0.1026
vn -0.0000 -0.9947 -0.1025
vn 0.9136 -0.2363 0.3308
vn -0.0000 0.9948 0.1018
vn -0.0000 0.5835 -0.8121
vn 0.9101 0.1726 0.3767
vn -0.0000 0.5854 -0.8108
vn -0.0000 -0.4093 -0.9124
vn 0.9118 0.4088 0.0393
vn 0.0001 -0.4094 -0.9124
vn 0.9119 0.2437 -0.3302
vn 0.9140 -0.1655 -0.3704
vn 1.0000 0.0002 0.0001
vn 0.9118 -0.4088 -0.0393
vn -0.0000 -0.9215 -0.3884
vn -0.0000 -0.6063 -0.7952
vn 0.0001 -0.6063 -0.7952
vn -0.0000 -0.9920 0.1260
vn 0.0001 -0.9922 0.1246
vn 0.9143 -0.2443 -0.3232
vn 0.0001 0.9920 -0.1260
vn -0.0000 0.9920 -0.1260
vn 0.9125 0.1573 -0.3776
vn 0.9140 -0.4020 0.0552
vn -0.0000 0.6063 0.7952
vn 0.9125 -0.1573 0.3776
vn 0.9111 0.4084 -0.0550
vn 0.9101 0.2504 0.3301
vn 0.0001 -0.3863 0.9224
vn 0.0001 0.8345 0.5510
vn -0.0000 0.8976 -0.4409
vn -0.0000 0.8344 0.5511
vn 0.0001 0.8976 -0.4409
vn -0.0000 0.0624 -0.9980
vn -0.0000 -0.0629 0.9980
vn -0.0000 -0.0627 0.9980
vn 0.9105 0.3453 0.2276
vn 0.0001 0.0625 -0.9980
vn -0.0000 -0.8344 -0.5511
vn 0.9116 0.3693 -0.1807
vn 0.0001 -0.8330 -0.5533
vn -0.0000 -0.8975 0.4409
vn 0.9122 0.0236 -0.4090
vn 0.9129 -0.3384 -0.2282
vn 0.9142 -0.3625 0.1812
vn 0.9123 -0.0236 0.4089
vn 0.9992 -0.0100 -0.0390
vn 0.9186 -0.3930 0.0413
vn 0.9186 -0.3610 0.1607
vn 0.9186 -0.2323 0.3197
vn 0.9190 -0.1604 0.3603
vn 0.9186 -0.0822 0.3866
vn 0.9186 0.0822 0.3866
vn 0.9190 0.1604 0.3603
vn 0.9186 0.2323 0.3198
vn 0.9182 0.3204 0.2328
vn 0.9190 0.3603 0.1604
vn 0.9186 0.3866 0.0822
vn 0.9186 0.3866 -0.0822
vn 0.9186 0.3610 -0.1607
vn 0.9186 0.2937 -0.2644
vn 0.9186 0.2323 -0.3198
vn 0.9190 0.1604 -0.3603
vn 0.9186 0.0413 -0.3931
vn 0.9186 -0.0822 -0.3866
vn 0.9186 -0.1608 -0.3611
vn 0.9182 -0.2328 -0.3204
vn 0.9186 -0.3611 -0.1608
vn 0.9186 -0.3931 -0.0413
vn -0.9038 -0.4187 0.0888
vn -0.9033 -0.2145 0.3715
vn -0.9042 0.0447 0.4247
vn -0.9038 0.2866 0.3180
vn -0.9038 0.4187 -0.0888
vn -0.9038 0.2138 -0.3708
vn -0.9037 -0.0445 -0.4257
vn -0.9038 -0.4187 -0.0888
vn 0.8567 -0.5131 -0.0539
vn 0.8582 -0.5133 -0.0000
vn 0.9570 -0.2902 -0.0000
vn 0.9565 -0.2901 -0.0314
vn 0.8571 -0.5032 -0.1101
vn 0.9572 -0.2825 -0.0628
vn 0.9576 -0.2747 -0.0864
vn 0.8583 -0.4883 -0.1575
vn 0.8561 -0.4713 -0.2121
vn 0.9566 -0.2666 -0.1176
vn 0.8559 -0.4476 -0.2591
vn 0.9576 -0.2512 -0.1413
vn 0.8561 -0.4163 -0.3063
vn 0.9566 -0.2352 -0.1723
vn 0.8559 -0.3848 -0.3455
vn 0.9574 -0.2119 -0.1962
vn 0.9574 -0.1962 -0.2119
vn 0.8559 -0.3455 -0.3848
vn 0.8561 -0.3063 -0.4162
vn 0.9565 -0.1725 -0.2352
vn 0.8559 -0.2591 -0.4476
vn 0.9576 -0.1413 -0.2512
vn 0.8561 -0.2121 -0.4713
vn 0.9566 -0.1176 -0.2666
vn 0.9576 -0.0864 -0.2747
vn 0.8584 -0.1575 -0.4883
vn 0.8571 -0.1101 -0.5033
vn 0.9572 -0.0627 -0.2825
vn 0.8576 -0.0551 -0.5114
vn 0.9565 -0.0314 -0.2901
vn 0.9570 -0.0000 -0.2901
vn 0.8554 -0.0000 -0.5179
vn 0.8576 0.0551 -0.5114
vn 0.9565 0.0314 -0.2901
vn 0.9572 0.0627 -0.2825
vn 0.8571 0.1101 -0.5033
vn 0.9576 0.0863 -0.2747
vn 0.8584 0.1575 -0.4883
vn 0.8561 0.2121 -0.4713
vn 0.9566 0.1176 -0.2666
vn 0.9576 0.1413 -0.2512
vn 0.8559 0.2591 -0.4476
vn 0.8561 0.3063 -0.4163
vn 0.9565 0.1724 -0.2352
vn 0.8559 0.3455 -0.3848
vn 0.9574 0.1962 -0.2119
vn 0.9574 0.2119 -0.1962
vn 0.8559 0.3848 -0.3455
vn 0.9565 0.2352 -0.1725
vn 0.8561 0.4163 -0.3063
vn 0.9576 0.2512 -0.1413
vn 0.8559 0.4476 -0.2591
vn 0.9566 0.2666 -0.1176
vn 0.8561 0.4713 -0.2121
vn 0.9576 0.2747 -0.0863
vn 0.8584 0.4882 -0.1575
vn 0.8571 0.5032 -0.1101
vn 0.9572 0.2825 -0.0628
vn 0.9565 0.2901 -0.0314
vn 0.8576 0.5114 -0.0551
vn 0.9570 0.2901 -0.0000
vn 0.8554 0.5180 -0.0000
vn 0.8576 0.5114 0.0551
vn 0.9565 0.2901 0.0314
vn 0.8571 0.5032 0.1101
vn 0.9572 0.2825 0.0628
vn 0.9576 0.2747 0.0864
vn 0.8584 0.4882 0.1575
vn 0.8561 0.4713 0.2121
vn 0.9566 0.2666 0.1176
vn 0.8559 0.4476 0.2591
vn 0.9576 0.2512 0.1413
vn 0.8561 0.4163 0.3063
vn 0.9565 0.2352 0.1725
vn 0.8559 0.3848 0.3455
vn 0.9574 0.2119 0.1962
vn 0.8559 0.3455 0.3848
vn 0.9574 0.1962 0.2119
vn 0.9565 0.1725 0.2352
vn 0.8561 0.3063 0.4163
vn 0.8559 0.2591 0.4476
vn 0.9576 0.1413 0.2512
vn 0.8561 0.2121 0.4713
vn 0.9566 0.1176 0.2666
vn 0.9576 0.0864 0.2747
vn 0.8584 0.1575 0.4882
vn 0.8571 0.1101 0.5033
vn 0.9572 0.0627 0.2825
vn 0.8576 0.0551 0.5114
vn 0.9565 0.0314 0.2901
vn 0.9569 -0.0000 0.2903
vn 0.8554 -0.0000 0.5180
vn 0.8576 -0.0551 0.5114
vn 0.9565 -0.0314 0.2901
vn 0.9572 -0.0627 0.2825
vn 0.8571 -0.1101 0.5033
vn 0.9576 -0.0865 0.2747
vn 0.8583 -0.1575 0.4883
vn 0.9566 -0.1176 0.2666
vn 0.8561 -0.2121 0.4713
vn 0.8559 -0.2591 0.4476
vn 0.9576 -0.1413 0.2512
vn 0.8561 -0.3063 0.4163
vn 0.9565 -0.1725 0.2352
vn 0.8559 -0.3455 0.3848
vn 0.9574 -0.1962 0.2119
vn 0.8559 -0.3848 0.3455
vn 0.9574 -0.2119 0.1962
vn 0.9565 -0.2352 0.1725
vn 0.8561 -0.4163 0.3063
vn 0.8559 -0.4476 0.2591
vn 0.9576 -0.2512 0.1413
vn 0.8561 -0.4713 0.2121
vn 0.9566 -0.2666 0.1176
vn 0.8583 -0.4883 0.1575
vn 0.9576 -0.2747 0.0865
vn 0.8571 -0.5033 0.1101
vn 0.9572 -0.2825 0.0628
vn 0.8576 -0.5114 0.0551
vn 0.9565 -0.2901 0.0314
vn -0.8262 -0.5508 0.1180
vn -0.9405 -0.3397 -0.0000
vn -0.8284 -0.5601 -0.0000
vn -0.9406 -0.3319 0.0710
vn -0.8278 -0.5124 0.2286
vn -0.9406 -0.3083 0.1423
vn -0.8261 -0.4564 0.3305
vn -0.9405 -0.2766 0.1976
vn -0.8265 -0.3778 0.4172
vn -0.9400 -0.2291 0.2528
vn -0.9404 -0.1738 0.2924
vn -0.8258 -0.2832 0.4877
vn -0.9405 -0.1028 0.3240
vn -0.8267 -0.1732 0.5354
vn -0.8271 -0.0551 0.5593
vn -0.9400 -0.0316 0.3397
vn -0.8271 0.0551 0.5593
vn -0.9400 0.0316 0.3397
vn -0.9405 0.1027 0.3240
vn -0.8267 0.1732 0.5354
vn -0.9404 0.1738 0.2924
vn -0.8258 0.2832 0.4877
vn -0.9400 0.2291 0.2528
vn -0.8265 0.3779 0.4172
vn -0.9405 0.2766 0.1975
vn -0.8262 0.4563 0.3305
vn -0.8277 0.5124 0.2286
vn -0.9406 0.3083 0.1423
vn -0.8262 0.5508 0.1180
vn -0.9406 0.3320 0.0712
vn -0.8284 0.5602 -0.0000
vn -0.9405 0.3397 -0.0000
vn -0.8262 0.5509 -0.1180
vn -0.9406 0.3319 -0.0710
vn -0.9406 0.3083 -0.1423
vn -0.8278 0.5124 -0.2286
vn -0.9405 0.2766 -0.1976
vn -0.8261 0.4564 -0.3305
vn -0.9400 0.2291 -0.2528
vn -0.8265 0.3779 -0.4172
vn -0.9404 0.1738 -0.2924
vn -0.8258 0.2832 -0.4876
vn -0.9405 0.1028 -0.3240
vn -0.8267 0.1732 -0.5354
vn -0.8271 0.0551 -0.5593
vn -0.9400 0.0316 -0.3397
vn -0.9400 -0.0316 -0.3397
vn -0.8271 -0.0551 -0.5593
vn -0.9405 -0.1028 -0.3240
vn -0.8267 -0.1732 -0.5354
vn -0.8258 -0.2832 -0.4877
vn -0.9404 -0.1738 -0.2924
vn -0.8265 -0.3778 -0.4172
vn -0.9400 -0.2291 -0.2528
vn -0.9405 -0.2766 -0.1976
vn -0.8261 -0.4564 -0.3305
vn -0.9406 -0.3083 -0.1423
vn -0.8278 -0.5124 -0.2286
vn -0.9406 -0.3319 -0.0710
vn -0.8262 -0.5508 -0.1180
vt 0.200562 0.717529
vt 0.200562 0.664062
vt 0.285889 0.717529
vt 0.285889 0.664062
vt 0.371094 0.717529
vt 0.200562 0.605225
vt 0.371094 0.664062
vt 0.456543 0.717529
vt 0.285889 0.605225
vt 0.456543 0.664062
vt 0.541504 0.717529
vt 0.371094 0.605225
vt 0.285889 0.395020
vt 0.200562 0.395020
vt 0.371094 0.395020
vt 0.285889 0.335938
vt 0.200562 0.335938
vt 0.285889 0.282715
vt 0.200562 0.282715
vt 0.371094 0.282715
vt 0.371094 0.335938
vt 0.456543 0.282715
vt 0.456543 0.335938
vt 0.541504 0.282715
vt 0.456543 0.395020
vt 0.541504 0.335938
vt 0.626953 0.282715
vt 0.626953 0.335938
vt 0.456543 0.605225
vt 0.541504 0.395020
vt 0.626953 0.395020
vt 0.541504 0.664062
vt 0.626953 0.717529
vt 0.626953 0.664062
vt 0.541504 0.605225
vt 0.626953 0.605225
vt 0.551758 0.996765
vt 0.499756 0.999500
vt 0.499756 0.969681
vt 0.548828 0.967102
vt 0.499756 0.940063
vt 0.603516 0.988586
vt 0.545898 0.937653
vt 0.499756 0.916626
vt 0.597168 0.959412
vt 0.586426 0.907471
vt 0.591309 0.930481
vt 0.645020 0.946686
vt 0.654297 0.975067
vt 0.703125 0.956329
vt 0.635742 0.918518
vt 0.628418 0.896240
vt 0.690918 0.929077
vt 0.749512 0.932617
vt 0.678711 0.902039
vt 0.734375 0.906799
vt 0.793457 0.904114
vt 0.719727 0.881104
vt 0.708008 0.860840
vt 0.775879 0.880005
vt 0.833984 0.871216
vt 0.744629 0.837036
vt 0.758301 0.856079
vt 0.813965 0.849121
vt 0.794434 0.827026
vt 0.848633 0.814331
vt 0.871094 0.834351
vt 0.826660 0.794556
vt 0.778320 0.809692
vt 0.879883 0.776123
vt 0.903809 0.793701
vt 0.855957 0.758667
vt 0.809570 0.778809
vt 0.880859 0.720215
vt 0.860352 0.708496
vt 0.906738 0.734863
vt 0.932129 0.749756
vt 0.901855 0.679199
vt 0.928711 0.691162
vt 0.956055 0.703369
vt 0.974609 0.654541
vt 0.895996 0.628906
vt 0.918457 0.635986
vt 0.946289 0.645264
vt 0.988281 0.604004
vt 0.930176 0.591553
vt 0.958984 0.597656
vt 0.914062 0.543701
vt 0.937500 0.546143
vt 0.966797 0.549316
vt 0.996582 0.552246
vt 0.916504 0.500244
vt 0.939941 0.500244
vt 0.969238 0.500244
vt 0.999023 0.500244
vt 0.937500 0.454102
vt 0.966797 0.451172
vt 0.996582 0.448242
vt 0.988281 0.396484
vt 0.914062 0.456543
vt 0.930176 0.408691
vt 0.958984 0.402832
vt 0.946289 0.354980
vt 0.974609 0.345703
vt 0.918457 0.364258
vt 0.895996 0.371582
vt 0.928711 0.309082
vt 0.956055 0.296875
vt 0.932129 0.250488
vt 0.901855 0.321289
vt 0.906738 0.265625
vt 0.903809 0.206543
vt 0.880859 0.280273
vt 0.860352 0.291992
vt 0.855957 0.241699
vt 0.879883 0.224121
vt 0.871094 0.166016
vt 0.848633 0.186035
vt 0.833984 0.128906
vt 0.809570 0.221680
vt 0.826660 0.205566
vt 0.794434 0.173340
vt 0.813965 0.151367
vt 0.775879 0.120117
vt 0.793457 0.096191
vt 0.758301 0.144043
vt 0.778320 0.190430
vt 0.734375 0.093262
vt 0.749512 0.067871
vt 0.703125 0.043945
vt 0.719727 0.119141
vt 0.708008 0.139648
vt 0.690918 0.071289
vt 0.654297 0.025391
vt 0.678711 0.098145
vt 0.645020 0.053711
vt 0.603516 0.011719
vt 0.635742 0.081543
vt 0.628418 0.104004
vt 0.597168 0.041016
vt 0.551758 0.003418
vt 0.591309 0.069824
vt 0.543457 0.085938
vt 0.545898 0.062500
vt 0.548828 0.033203
vt 0.499756 0.000977
vt 0.499756 0.083496
vt 0.499756 0.060059
vt 0.499756 0.030762
vt 0.450684 0.033203
vt 0.447754 0.003418
vt 0.453857 0.062500
vt 0.402344 0.041016
vt 0.395996 0.011719
vt 0.456299 0.085938
vt 0.408447 0.069824
vt 0.354736 0.053711
vt 0.345459 0.025391
vt 0.364014 0.081543
vt 0.371094 0.104004
vt 0.308838 0.071289
vt 0.296631 0.043945
vt 0.250244 0.067871
vt 0.320801 0.098145
vt 0.265137 0.093262
vt 0.206299 0.096191
vt 0.279785 0.119141
vt 0.291504 0.139648
vt 0.223877 0.120117
vt 0.165649 0.128906
vt 0.255127 0.163086
vt 0.241333 0.144043
vt 0.205444 0.173340
vt 0.185669 0.151367
vt 0.128784 0.166016
vt 0.150879 0.186035
vt 0.190308 0.221680
vt 0.172974 0.205566
vt 0.119995 0.224121
vt 0.095886 0.206543
vt 0.143921 0.241699
vt 0.093201 0.265625
vt 0.067383 0.250488
vt 0.043671 0.296875
vt 0.139160 0.291992
vt 0.118896 0.280273
vt 0.070923 0.309082
vt 0.024933 0.345703
vt 0.097961 0.321289
vt 0.053314 0.354980
vt 0.011414 0.396484
vt 0.081482 0.364258
vt 0.103760 0.371582
vt 0.040588 0.402832
vt 0.069519 0.408691
vt 0.032898 0.451172
vt 0.003235 0.448242
vt 0.000500 0.500000
vt 0.062347 0.454102
vt 0.092529 0.413574
vt 0.030319 0.500000
vt 0.003235 0.552246
vt 0.059937 0.500000
vt 0.083374 0.500000
vt 0.032898 0.549316
vt 0.011414 0.604004
vt 0.062347 0.546143
vt 0.040588 0.597656
vt 0.069519 0.591553
vt 0.085693 0.543701
vt 0.053314 0.645264
vt 0.024933 0.654541
vt 0.081482 0.635986
vt 0.103760 0.628906
vt 0.070923 0.691162
vt 0.043671 0.703369
vt 0.067383 0.749756
vt 0.097961 0.679199
vt 0.093201 0.734863
vt 0.095886 0.793701
vt 0.118896 0.720215
vt 0.139160 0.708496
vt 0.119995 0.776123
vt 0.128784 0.834351
vt 0.143921 0.758667
vt 0.150879 0.814331
vt 0.190308 0.778809
vt 0.172974 0.794556
vt 0.185669 0.849121
vt 0.221191 0.809692
vt 0.205444 0.827026
vt 0.165649 0.871216
vt 0.255127 0.837036
vt 0.241333 0.856079
vt 0.223877 0.880005
vt 0.206299 0.904114
vt 0.291504 0.860840
vt 0.279785 0.881104
vt 0.265137 0.906799
vt 0.250244 0.932617
vt 0.296631 0.956329
vt 0.320801 0.902039
vt 0.308838 0.929077
vt 0.345459 0.975067
vt 0.354736 0.946686
vt 0.395996 0.988586
vt 0.364014 0.918518
vt 0.371094 0.896240
vt 0.402344 0.959412
vt 0.408447 0.930481
vt 0.450684 0.967102
vt 0.447754 0.996765
vt 0.453857 0.937653
vt 0.413330 0.907471
vt 0.500000 0.999500
vt 0.500000 0.969589
vt 0.402344 0.959351
vt 0.500000 0.939972
vt 0.408447 0.930359
vt 0.500000 0.916504
vt 0.330566 0.880493
vt 0.321045 0.901978
vt 0.308838 0.929016
vt 0.296631 0.956329
vt 0.255127 0.837036
vt 0.241333 0.855957
vt 0.223877 0.879944
vt 0.190430 0.778687
vt 0.172974 0.794434
vt 0.151001 0.814331
vt 0.118958 0.720215
vt 0.093323 0.734863
vt 0.067383 0.749756
vt 0.081543 0.635986
vt 0.103882 0.628906
vt 0.053375 0.645264
vt 0.032990 0.549316
vt 0.062439 0.546143
vt 0.032990 0.451172
vt 0.062439 0.454102
vt 0.085754 0.543701
vt 0.053375 0.354980
vt 0.024933 0.345703
vt 0.081543 0.364258
vt 0.103882 0.371582
vt 0.093323 0.265625
vt 0.118958 0.280273
vt 0.151001 0.186035
vt 0.172974 0.206055
vt 0.139282 0.291992
vt 0.241333 0.144531
vt 0.321045 0.098145
vt 0.330566 0.119629
vt 0.408447 0.069824
vt 0.500000 0.060059
vt 0.413330 0.092773
vt 0.500000 0.030762
vt 0.500000 0.000977
vt 0.500000 0.083984
vt 0.668945 0.119629
vt 0.775879 0.120117
vt 0.833984 0.128906
vt 0.758301 0.144531
vt 0.826660 0.206055
vt 0.744629 0.163086
vt 0.906250 0.265625
vt 0.932129 0.250488
vt 0.880859 0.280273
vt 0.809082 0.221680
vt 0.895996 0.371582
vt 0.917969 0.364258
vt 0.937500 0.454102
vt 0.895996 0.628906
vt 0.917969 0.635986
vt 0.956055 0.703369
vt 0.860352 0.708252
vt 0.906250 0.734863
vt 0.932129 0.749756
vt 0.826660 0.794434
vt 0.809082 0.778687
vt 0.758301 0.855957
vt 0.775879 0.879944
vt 0.678711 0.901978
vt 0.744629 0.837036
vt 0.690918 0.929016
vt 0.654297 0.975067
vt 0.591309 0.930359
vt 0.668945 0.880493
vt 0.597168 0.959351
vt 0.031525 0.480469
vt 0.132202 0.463867
vt 0.225830 0.427246
vt 0.311035 0.371094
vt 0.130737 0.464355
vt 0.030014 0.480469
vt 0.056610 0.989990
vt 0.036743 0.628662
vt 0.102966 0.621582
vt 0.160522 0.978806
vt 0.168091 0.607666
vt 0.262695 0.956818
vt 0.231445 0.586914
vt 0.361816 0.924255
vt 0.292236 0.559570
vt 0.457275 0.881531
vt 0.349854 0.526123
vt 0.547363 0.829102
vt 0.403564 0.486816
vt 0.631836 0.767456
vt 0.408936 0.482422
vt 0.640137 0.760498
vt 0.556641 0.822998
vt 0.355469 0.522217
vt 0.467041 0.876465
vt 0.298340 0.556396
vt 0.372070 0.920288
vt 0.237915 0.584229
vt 0.273193 0.953918
vt 0.174805 0.605713
vt 0.171265 0.977005
vt 0.109802 0.620605
vt 0.067505 0.989326
vt 0.043671 0.628418
vt 0.361816 0.924255
vt 0.262695 0.956818
vt 0.372070 0.920288
vt 0.070435 0.989128
vt 0.174194 0.976501
vt 0.275879 0.953094
vt 0.374756 0.919189
vt 0.469482 0.875122
vt 0.469482 0.875122
vt 0.559082 0.821411
vt 0.559082 0.821411
vt 0.642578 0.758545
vt 0.062042 0.989670
vt 0.165894 0.977921
vt 0.267822 0.955383
vt 0.366943 0.922302
vt 0.462158 0.879028
vt 0.552246 0.826050
vt 0.636230 0.763916
vt 0.064026 0.989548
vt 0.167847 0.977585
vt 0.269775 0.954834
vt 0.368896 0.921570
vt 0.463867 0.878113
vt 0.463867 0.878113
vt 0.553711 0.824951
vt 0.637695 0.762695
vt 0.636719 0.763550
vt 0.552734 0.825806
vt 0.552734 0.825806
vt 0.462646 0.878784
vt 0.367432 0.922119
vt 0.367432 0.922119
vt 0.268311 0.955231
vt 0.166382 0.977829
vt 0.062622 0.989639
vt 0.634277 0.765625
vt 0.549805 0.827515
vt 0.549805 0.827515
vt 0.459961 0.880188
vt 0.364502 0.923218
vt 0.364502 0.923218
vt 0.265381 0.956055
vt 0.163330 0.978333
vt 0.059509 0.989822
vt 0.059509 0.989822
vt 0.645508 0.755981
vt 0.562500 0.819214
vt 0.562500 0.819214
vt 0.473145 0.873291
vt 0.378418 0.917664
vt 0.279785 0.951996
vt 0.178101 0.975800
vt 0.074402 0.988853
vt 0.035370 0.480469
vt 0.135864 0.462891
vt 0.230591 0.424805
vt 0.230591 0.424805
vt 0.315186 0.367676
vt 0.312012 0.370117
vt 0.226929 0.426270
vt 0.131836 0.463867
vt 0.131836 0.463867
vt 0.031250 0.480469
vt 0.312744 0.369629
vt 0.227783 0.426270
vt 0.227783 0.426270
vt 0.132812 0.463379
vt 0.032227 0.480469
vt 0.312256 0.370117
vt 0.227173 0.426270
vt 0.227173 0.426270
vt 0.556641 0.822876
vt 0.640625 0.760376
vt 0.355713 0.522217
vt 0.467041 0.876404
vt 0.372314 0.920227
vt 0.238037 0.584229
vt 0.273193 0.953857
vt 0.174927 0.605713
vt 0.171387 0.976974
vt 0.109985 0.620361
vt 0.043823 0.628418
vt 0.067688 0.989311
vt 0.044220 0.628418
vt 0.171997 0.976868
vt 0.068298 0.989273
vt 0.110352 0.620361
vt 0.273926 0.953674
vt 0.175293 0.605713
vt 0.372803 0.919983
vt 0.238403 0.584229
vt 0.467773 0.876099
vt 0.298828 0.556152
vt 0.557129 0.822632
vt 0.355957 0.521973
vt 0.409424 0.482422
vt 0.641113 0.760010
vt 0.357178 0.521240
vt 0.410400 0.481445
vt 0.300049 0.555420
vt 0.239624 0.583496
vt 0.176636 0.605225
vt 0.111694 0.620117
vt 0.045563 0.628174
vt 0.352783 0.524170
vt 0.406250 0.484863
vt 0.295166 0.558105
vt 0.234619 0.585693
vt 0.171387 0.606689
vt 0.106384 0.621094
vt 0.040222 0.628662
vt 0.041473 0.628418
vt 0.107666 0.620850
vt 0.172607 0.606445
vt 0.235840 0.585205
vt 0.296387 0.557373
vt 0.353760 0.523438
vt 0.407227 0.483887
vt 0.353027 0.523926
vt 0.406494 0.484375
vt 0.295654 0.557861
vt 0.234985 0.585449
vt 0.171753 0.606689
vt 0.106750 0.621094
vt 0.040558 0.628418
vt 0.104797 0.621338
vt 0.038574 0.628662
vt 0.169922 0.607178
vt 0.233154 0.586182
vt 0.293701 0.558838
vt 0.351318 0.525146
vt 0.405029 0.485840
vt 0.114197 0.619629
vt 0.048096 0.627930
vt 0.179077 0.604492
vt 0.241943 0.582764
vt 0.302246 0.554199
vt 0.359131 0.519775
vt 0.412354 0.479492
vt 0.467773 0.876099
vt 0.372803 0.919983
vt 0.311768 0.365723
vt 0.227661 0.422363
vt 0.133545 0.459961
vt 0.033691 0.477051
vt 0.312012 0.365723
vt 0.227783 0.422363
vt 0.133667 0.459961
vt 0.033783 0.477051
vt 0.312256 0.365723
vt 0.228027 0.421875
vt 0.133911 0.459473
vt 0.034088 0.477051
vt 0.312988 0.364746
vt 0.228882 0.421387
vt 0.134888 0.459473
vt 0.035126 0.477051
vt 0.309814 0.367676
vt 0.225342 0.423340
vt 0.130981 0.460449
vt 0.031052 0.477051
vt 0.310547 0.366699
vt 0.226196 0.422852
vt 0.131958 0.460449
vt 0.032013 0.477051
vt 0.310059 0.367188
vt 0.225586 0.423340
vt 0.131226 0.460449
vt 0.031311 0.477051
vt 0.308838 0.368164
vt 0.224243 0.423828
vt 0.129761 0.460938
vt 0.029816 0.477051
vt 0.314453 0.363770
vt 0.230591 0.420410
vt 0.136719 0.458984
vt 0.037048 0.476562
vt 0.307861 0.369141
vt 0.222900 0.424805
vt 0.128418 0.461426
vt 0.028412 0.477539
vt 0.229248 0.425293
vt 0.313965 0.368652
vt 0.134521 0.462891
vt 0.033905 0.480469
vt 0.134644 0.462891
vt 0.034088 0.480469
vt 0.229370 0.425293
vt 0.314209 0.368164
vt 0.229614 0.425293
vt 0.314453 0.368164
vt 0.134888 0.462891
vt 0.034332 0.480469
vt 0.316650 0.366211
vt 0.232300 0.423828
vt 0.137695 0.462402
vt 0.037292 0.479980
vt 0.129395 0.464355
vt 0.028610 0.480957
vt 0.224487 0.427734
vt 0.310059 0.372070
vt 0.015251 0.052734
vt 0.015251 0.052734
vt 0.012260 0.015137
vt 0.012260 0.015137
vt 0.012314 0.015137
vt 0.012321 0.015137
vt 0.012482 0.015137
vt 0.012482 0.015137
vt 0.012428 0.015137
vt 0.012436 0.015137
vt 0.012459 0.015137
vt 0.012581 0.015625
vt 0.012596 0.015625
vt 0.012566 0.015625
vt 0.012466 0.015625
vt 0.012482 0.015625
vt 0.012512 0.015625
vt 0.012497 0.015625
vt 0.012451 0.016113
vt 0.012283 0.015625
vt 0.012276 0.015625
vt 0.012177 0.015625
vt 0.012146 0.015625
vt 0.012161 0.015625
vt 0.012154 0.015625
vt 0.012688 0.015625
vt 0.012680 0.015625
vt 0.012680 0.015625
vt 0.012650 0.015625
vt 0.012650 0.015625
vt 0.012611 0.015625
vt 0.012611 0.015625
vt 0.012619 0.015625
vt 0.012619 0.015625
vt 0.012627 0.015625
vt 0.012634 0.015625
vt 0.012665 0.015625
vt 0.012672 0.015625
vt 0.012680 0.015625
vt 0.012688 0.015625
vt 0.012695 0.015625
vt 0.012703 0.015625
vt 0.012619 0.015625
vt 0.012642 0.015625
vt 0.012604 0.015625
vt 0.012711 0.015625
vt 0.012718 0.015625
vt 0.012703 0.015625
vt 0.012726 0.015625
vt 0.012726 0.015625
vt 0.012711 0.015625
vt 0.012657 0.015625
vt 0.012604 0.016113
vt 0.012581 0.016113
vt 0.012558 0.016113
vt 0.012596 0.016113
vt 0.012573 0.016113
vt 0.012535 0.016113
vt 0.012505 0.016113
vt 0.012527 0.016113
vt 0.012482 0.016113
vt 0.012428 0.016113
vt 0.012398 0.016113
vt 0.012375 0.016113
vt 0.012344 0.016113
vt 0.012314 0.016113
vt 0.012291 0.016113
vt 0.012260 0.016113
vt 0.012238 0.016113
vt 0.012268 0.016113
vt 0.012215 0.016113
vt 0.012184 0.016113
vt 0.012192 0.016113
vt 0.012169 0.016113
vt 0.012161 0.016113
vt 0.012146 0.016113
vt 0.012123 0.015625
vt 0.012108 0.015625
vt 0.012100 0.015625
vt 0.012177 0.016113
vt 0.012199 0.016113
vt 0.012222 0.016113
vt 0.012245 0.016113
vt 0.012184 0.016113
vt 0.012161 0.015625
vt 0.012276 0.016113
vt 0.012283 0.016113
vt 0.012299 0.016113
vt 0.012321 0.016113
vt 0.012421 0.016113
vt 0.012466 0.016113
vt 0.012474 0.016113
vt 0.012459 0.016113
vt 0.012444 0.016113
vt 0.012497 0.016113
vt 0.012520 0.016113
vt 0.012543 0.016113
vt 0.012566 0.016113
vt 0.012581 0.015625
vt 0.012604 0.015625
vt 0.012550 0.016113
vt 0.012589 0.015625
vt 0.012634 0.015625
vt 0.012634 0.015625
vt 0.012596 0.015625
vt 0.012512 0.015625
vt 0.012505 0.015625
vt 0.012573 0.015625
vt 0.012474 0.015625
vt 0.012466 0.015625
vt 0.012459 0.015625
vt 0.012451 0.015625
vt 0.012520 0.015625
vt 0.012444 0.015625
vt 0.012436 0.015625
vt 0.012428 0.015625
vt 0.012489 0.015625
vt 0.012421 0.015625
vt 0.012413 0.015625
vt 0.012405 0.015625
vt 0.012398 0.015625
vt 0.012390 0.015625
vt 0.012383 0.015625
vt 0.012375 0.015625
vt 0.012367 0.015625
vt 0.012360 0.015625
vt 0.012352 0.015625
vt 0.012344 0.015625
vt 0.012337 0.015625
vt 0.012329 0.015625
vt 0.012321 0.015625
vt 0.012314 0.015625
vt 0.012306 0.015625
vt 0.012299 0.015625
vt 0.012291 0.015625
vt 0.012268 0.015625
vt 0.012260 0.015625
vt 0.012352 0.016113
vt 0.012390 0.016113
vt 0.012413 0.016113
vt 0.012436 0.016113
vt 0.012527 0.015625
vt 0.012535 0.015625
vt 0.012543 0.015625
vt 0.012558 0.015625
vt 0.012550 0.015625
vt 0.012108 0.015625
vt 0.012115 0.015625
vt 0.012115 0.015625
vt 0.012177 0.015625
vt 0.012184 0.015625
vt 0.012192 0.015625
vt 0.012207 0.015625
vt 0.012230 0.015625
vt 0.012138 0.015625
vt 0.012131 0.015625
vt 0.012199 0.015625
vt 0.012253 0.015625
vt 0.012222 0.015625
vt 0.012245 0.015625
vt 0.012238 0.015625
vt 0.012306 0.016113
vt 0.012329 0.016113
vt 0.012169 0.015625
vt 0.012070 0.015625
vt 0.012085 0.015625
vt 0.012093 0.015625
vt 0.012077 0.015625
vt 0.012138 0.015625
vt 0.012062 0.015625
vt 0.012054 0.015625
vt 0.012047 0.015625
vt 0.012039 0.015625
vt 0.012032 0.015625
vt 0.012024 0.015625
vt 0.012016 0.015625
vt 0.012016 0.015625
vt 0.012108 0.015137
vt 0.012100 0.015137
vt 0.012108 0.015137
vt 0.012123 0.015137
vt 0.012146 0.015137
vt 0.012123 0.015137
vt 0.012169 0.015137
vt 0.012161 0.015137
vt 0.012192 0.015137
vt 0.012184 0.015137
vt 0.012215 0.015137
vt 0.012238 0.015137
vt 0.012260 0.015137
vt 0.012291 0.015137
vt 0.012314 0.015137
vt 0.012268 0.015137
vt 0.012344 0.015137
vt 0.012367 0.015137
vt 0.012360 0.015137
vt 0.012321 0.015137
vt 0.012360 0.015137
vt 0.012375 0.015137
vt 0.012177 0.015137
vt 0.012154 0.015137
vt 0.012222 0.015137
vt 0.012199 0.015137
vt 0.012131 0.015137
vt 0.012138 0.015137
vt 0.012245 0.015137
vt 0.012253 0.015137
vt 0.012299 0.015137
vt 0.012344 0.015137
vt 0.012321 0.015137
vt 0.012375 0.015137
vt 0.012260 0.015137
vt 0.012283 0.015137
vt 0.012306 0.015137
vt 0.012283 0.015137
vt 0.012230 0.015137
vt 0.012276 0.015137
vt 0.012207 0.015137
vt 0.012215 0.015625
vt 0.012138 0.015137
vt 0.012131 0.015625
vt 0.012161 0.015625
vt 0.012115 0.015625
vt 0.012085 0.015625
vt 0.012062 0.015625
vt 0.012062 0.015625
vt 0.012032 0.015625
vt 0.012131 0.015625
vt 0.012138 0.015625
vt 0.012375 0.015137
vt 0.012375 0.015137
vt 0.012421 0.015137
vt 0.012474 0.015137
vt 0.012527 0.015137
vt 0.012527 0.015137
vt 0.012566 0.015137
vt 0.012611 0.015137
vt 0.012611 0.015137
vt 0.012642 0.015625
vt 0.012611 0.015625
vt 0.012527 0.016113
vt 0.012039 0.015625
vt 0.012222 0.015137
vt 0.048187 0.015137
vt 0.048187 0.015137
vt 0.012482 0.015137
vt 0.012451 0.015137
vt 0.012421 0.015137
vt 0.012398 0.015137
vt 0.012383 0.015137
vt 0.012383 0.015137
vt 0.012428 0.015137
vt 0.012505 0.015137
vt 0.012535 0.015137
vt 0.012558 0.015137
vt 0.012581 0.015137
vt 0.012527 0.015137
vt 0.012604 0.015137
vt 0.012550 0.015137
vt 0.012573 0.015137
vt 0.012596 0.015137
vt 0.012619 0.015137
vt 0.012619 0.015137
vt 0.012642 0.015137
vt 0.012634 0.015137
vt 0.012589 0.015137
vt 0.012581 0.015625
vt 0.012596 0.015625
vt 0.012512 0.015137
vt 0.012543 0.015137
vt 0.012520 0.015137
vt 0.012497 0.015137
vt 0.012489 0.015137
vt 0.012444 0.015137
vt 0.012466 0.015137
vt 0.012459 0.015137
vt 0.012436 0.015137
vt 0.012436 0.015137
vt 0.012405 0.015137
vt 0.012375 0.015137
vt 0.012390 0.015137
vt 0.012352 0.015137
vt 0.012337 0.015137
vt 0.012604 0.015137
vt 0.012314 0.015137
vt 0.012199 0.015137
vt 0.012001 0.015625
vt 0.012108 0.016113
vt 0.012154 0.016113
vt 0.012489 0.016113
vt 0.012589 0.016113
vt 0.012634 0.016113
vt 0.012741 0.015625
vt 0.012741 0.015625
vt 0.012749 0.015625
vt 0.012543 0.015137
vt 0.012428 0.015137
vt 0.012253 0.015137
vt 0.012093 0.015137
vt 0.012047 0.015137
vt 0.011993 0.015625
vt 0.011978 0.015625
vt 0.012093 0.016113
vt 0.012138 0.016113
vt 0.012253 0.016113
vt 0.012650 0.016113
vt 0.012749 0.015625
vt 0.012764 0.015625
vt 0.012772 0.015625
vt 0.012695 0.015137
vt 0.012650 0.015137
vt 0.012047 0.015137
vt 0.011993 0.015625
vt 0.012550 0.016113
vt 0.012764 0.015625
vt 0.012550 0.015137
vt 0.012497 0.015137
vt 0.012115 0.015137
vt 0.012070 0.015137
vt 0.011986 0.015625
vt 0.012115 0.016113
vt 0.012405 0.016113
vt 0.012627 0.016113
vt 0.012756 0.015625
vt 0.012672 0.015137
vt 0.012627 0.015137
vt 0.051300 0.014648
vt 0.051300 0.014648
vt 0.051300 0.014648
vt 0.051300 0.014648
vt 0.051331 0.014648
vt 0.051331 0.014648
vt 0.051331 0.014648
vt 0.051331 0.014648
vt 0.012466 0.015625
vt 0.107361 0.015625
vt 0.107422 0.015625
vt 0.012459 0.015137
vt 0.012733 0.015625
vt 0.012657 0.015137
vt 0.012665 0.015137
vt 0.012642 0.015137
vt 0.012550 0.015137
vt 0.012520 0.015137
vt 0.012054 0.015137
vt 0.012009 0.015625
vt 0.011986 0.015625
vt 0.012009 0.015625
vt 0.012085 0.015137
vt 0.026932 0.575195
vt 0.025024 0.365723
vt 0.087219 0.364746
vt 0.151245 0.574219
vt 0.149170 0.364258
vt 0.089172 0.577637
vt 0.028595 0.760010
vt 0.153198 0.758911
vt 0.090820 0.762451
vt 0.030273 0.945129
vt 0.155029 0.944000
vt 0.092529 0.947632
vt 0.012367 0.015137
vt 0.012100 0.016113
vt 0.012131 0.016113
vt 0.012207 0.016113
vt 0.012230 0.016113
vt 0.012512 0.016113
vt 0.012611 0.016113
vt 0.012619 0.016113
vt 0.012123 0.016113
vt 0.012642 0.016113
vt 0.012688 0.015137
vt 0.051605 0.018066
vt 0.051636 0.018555
vt 0.051636 0.018066
vt 0.051666 0.018555
vt 0.051666 0.018066
vt 0.051697 0.018066
vt 0.051727 0.018066
vt 0.051819 0.018066
vt 0.051788 0.018066
vt 0.051758 0.018555
vt 0.051758 0.018066
vt 0.107300 0.015625
vt 0.102661 0.015625
vt 0.102722 0.015625
vt 0.051697 0.018555
vt 0.051727 0.018555
vt 0.102600 0.015625
vt 0.102539 0.015625
vt 0.102478 0.015625
vt 0.543457 0.914307
vt 0.668945 0.880615
vt 0.836914 0.744873
vt 0.880371 0.669678
vt 0.907227 0.586670
vt 0.907227 0.413574
vt 0.880371 0.330566
vt 0.836914 0.255371
vt 0.744629 0.163086
vt 0.669434 0.119629
vt 0.586426 0.092773
vt 0.330322 0.119629
vt 0.221191 0.190430
vt 0.162964 0.255371
vt 0.119385 0.330566
vt 0.085693 0.456543
vt 0.092529 0.586670
vt 0.119385 0.669678
vt 0.162964 0.744873
vt 0.330322 0.880615
vt 0.456299 0.914307
vt 0.413330 0.907410
vt 0.139282 0.708252
vt 0.085754 0.456543
vt 0.190430 0.221680
vt 0.860352 0.291992
vt 0.586426 0.907410
vt 0.458008 0.898621
vt 0.499756 0.900757
vt 0.499756 0.889771
vt 0.459229 0.887634
vt 0.416504 0.892029
vt 0.418945 0.881226
vt 0.379395 0.870728
vt 0.375977 0.881165
vt 0.336914 0.866211
vt 0.341309 0.856079
vt 0.299561 0.847168
vt 0.304932 0.837524
vt 0.264404 0.824219
vt 0.270752 0.815308
vt 0.231812 0.797852
vt 0.239136 0.789673
vt 0.210327 0.760864
vt 0.202148 0.768188
vt 0.175781 0.735596
vt 0.184692 0.729248
vt 0.152832 0.700439
vt 0.162476 0.695068
vt 0.133789 0.663086
vt 0.143921 0.658691
vt 0.129272 0.620605
vt 0.118835 0.624023
vt 0.107971 0.583496
vt 0.118774 0.581055
vt 0.101379 0.541992
vt 0.112366 0.540771
vt 0.110229 0.500000
vt 0.099243 0.500000
vt 0.101379 0.458496
vt 0.112366 0.459473
vt 0.118774 0.419434
vt 0.107971 0.416992
vt 0.129272 0.379883
vt 0.118835 0.376465
vt 0.133789 0.337402
vt 0.143921 0.341797
vt 0.162476 0.305176
vt 0.152832 0.299805
vt 0.175781 0.264648
vt 0.184692 0.270996
vt 0.202148 0.231934
vt 0.210327 0.239258
vt 0.239136 0.210449
vt 0.231812 0.202637
vt 0.270752 0.185059
vt 0.264404 0.176270
vt 0.304932 0.162598
vt 0.299561 0.153320
vt 0.341309 0.144043
vt 0.336914 0.134277
vt 0.379395 0.129395
vt 0.375977 0.119141
vt 0.416504 0.108398
vt 0.418945 0.119141
vt 0.459229 0.112793
vt 0.458008 0.101562
vt 0.499756 0.110352
vt 0.499756 0.099609
vt 0.541504 0.101562
vt 0.540527 0.112793
vt 0.583008 0.108398
vt 0.580566 0.119141
vt 0.620117 0.129395
vt 0.623535 0.119141
vt 0.662598 0.134277
vt 0.658203 0.144043
vt 0.700195 0.153320
vt 0.694824 0.162598
vt 0.735352 0.176270
vt 0.729004 0.185059
vt 0.768066 0.202637
vt 0.760742 0.210449
vt 0.797363 0.231934
vt 0.789551 0.239258
vt 0.814941 0.270996
vt 0.823730 0.264648
vt 0.846680 0.299805
vt 0.837402 0.305176
vt 0.865723 0.337402
vt 0.855957 0.341797
vt 0.870605 0.379883
vt 0.880859 0.376465
vt 0.891602 0.416992
vt 0.880859 0.419434
vt 0.898438 0.458496
vt 0.887207 0.459473
vt 0.889648 0.500244
vt 0.900391 0.500244
vt 0.898438 0.541992
vt 0.887207 0.540771
vt 0.880859 0.581055
vt 0.891602 0.583496
vt 0.870605 0.620605
vt 0.880859 0.624023
vt 0.855957 0.658691
vt 0.865723 0.663086
vt 0.846680 0.700439
vt 0.837402 0.695068
vt 0.823730 0.735596
vt 0.814941 0.729248
vt 0.797363 0.768188
vt 0.789551 0.760864
vt 0.768066 0.797852
vt 0.760742 0.789673
vt 0.729004 0.815308
vt 0.735352 0.824341
vt 0.700195 0.847168
vt 0.694824 0.837524
vt 0.662598 0.866211
vt 0.658203 0.856079
vt 0.623535 0.881165
vt 0.620117 0.870728
vt 0.583008 0.892029
vt 0.580566 0.881226
vt 0.541504 0.898621
vt 0.540527 0.887634
vt 0.500000 0.889771
vt 0.500000 0.900818
vt 0.264404 0.824341
vt 0.264404 0.175781
vt 0.500000 0.099609
vt 0.500000 0.110352
vt 0.735352 0.175781
s 1
usemtl e50:MI_ChangeA_Tyre1
f 1/1/1 2/2/2 3/3/3
f 2/2/2 4/4/4 3/3/3
f 3/3/3 4/4/4 5/5/5
f 2/2/2 6/6/6 4/4/4
f 4/4/4 7/7/7 5/5/5
f 5/5/5 7/7/7 8/8/8
f 6/6/6 9/9/9 4/4/4
f 4/4/4 9/9/9 7/7/7
f 7/7/7 10/10/10 8/8/8
f 8/8/8 10/10/10 11/11/11
f 9/9/9 12/12/12 7/7/7
f 7/7/7 12/12/12 10/10/10
f 6/6/6 13/13/13 9/9/9
f 6/6/6 14/14/14 13/13/13
f 9/9/9 15/15/15 12/12/12
f 9/9/9 13/13/13 15/15/15
f 14/14/14 16/16/16 13/13/13
f 16/16/16 14/14/14 17/17/17
f 18/18/18 17/17/17 19/19/19
f 17/17/17 18/18/18 16/16/16
f 20/20/20 16/16/16 18/18/18
f 21/21/21 13/13/13 16/16/16
f 16/16/16 20/20/20 21/21/21
f 13/13/13 21/21/21 15/15/15
f 22/22/22 21/21/21 20/20/20
f 21/21/21 22/22/22 23/23/23
f 23/23/23 15/15/15 21/21/21
f 24/24/24 23/23/23 22/22/22
f 15/15/15 23/23/23 25/25/25
f 12/12/12 15/15/15 25/25/25
f 23/23/23 24/24/24 26/26/26
f 26/26/26 25/25/25 23/23/23
f 27/27/27 26/26/26 24/24/24
f 26/26/26 27/27/27 28/28/28
f 12/12/12 25/25/25 29/29/29
f 12/12/12 29/29/29 10/10/10
f 25/25/25 26/26/26 30/30/30
f 28/28/28 30/30/30 26/26/26
f 29/29/29 25/25/25 30/30/30
f 30/30/30 28/28/28 31/31/31
f 10/10/10 29/29/29 32/32/32
f 10/10/10 32/32/32 11/11/11
f 11/11/11 32/32/32 33/33/33
f 32/32/32 34/34/34 33/33/33
f 29/29/29 30/30/30 35/35/35
f 29/29/29 35/35/35 32/32/32
f 35/35/35 30/30/30 31/31/31
f 32/32/32 35/35/35 34/34/34
f 35/35/35 31/31/31 36/36/36
f 35/35/35 36/36/36 34/34/34
f 33/1/33 34/2/34 37/3/37
f 34/2/34 38/4/38 37/3/37
f 34/2/34 36/6/36 38/4/38
f 37/3/37 38/4/38 39/5/39
f 36/6/36 40/9/40 38/4/38
f 38/4/38 41/7/41 39/5/39
f 38/4/38 40/9/40 41/7/41
f 42/10/42 39/5/39 41/7/41
f 39/5/39 42/10/42 43/8/43
f 36/6/36 44/13/44 40/9/40
f 36/6/36 31/14/31 44/13/44
f 40/9/40 45/12/45 41/7/41
f 31/14/31 46/16/46 44/13/44
f 46/16/46 31/14/31 28/17/28
f 40/9/40 44/13/44 47/15/47
f 40/9/40 47/15/47 45/12/45
f 48/18/48 28/17/28 27/19/27
f 28/17/28 48/18/48 46/16/46
f 49/20/49 46/16/46 48/18/48
f 50/21/50 44/13/44 46/16/46
f 46/16/46 49/20/49 50/21/50
f 44/13/44 50/21/50 47/15/47
f 50/21/50 49/20/49 51/23/51
f 51/23/51 47/15/47 50/21/50
f 51/23/51 49/20/49 52/22/52
f 45/12/45 47/15/47 53/25/53
f 47/15/47 51/23/51 53/25/53
f 53/25/53 54/29/54 45/12/45
f 54/29/54 41/7/41 45/12/45
f 41/7/41 54/29/54 42/10/42
f 53/25/53 51/23/51 55/30/55
f 54/29/54 53/25/53 55/30/55
f 51/23/51 52/22/52 56/26/56
f 55/30/55 51/23/51 56/26/56
f 56/26/56 52/22/52 57/24/57
f 58/28/58 57/24/57 59/27/59
f 56/26/56 57/24/57 58/28/58
f 60/31/60 56/26/56 58/28/58
f 55/30/55 56/26/56 60/31/60
f 55/30/55 61/35/61 54/29/54
f 61/35/61 55/30/55 60/31/60
f 61/35/61 42/10/42 54/29/54
f 60/31/60 62/36/62 61/35/61
f 42/10/42 61/35/61 63/32/63
f 62/36/62 63/32/63 61/35/61
f 63/32/63 43/8/43 42/10/42
f 63/32/63 62/36/62 64/34/64
f 43/8/43 63/32/63 65/11/65
f 64/34/64 65/11/65 63/32/63
f 65/11/65 64/34/64 66/33/66
f 67/28/67 68/24/68 69/27/69
f 67/28/67 70/26/70 68/24/68
f 70/26/70 71/22/71 68/24/68
f 72/31/72 70/26/70 67/28/67
f 70/26/70 73/23/73 71/22/71
f 73/23/73 74/20/74 71/22/71
f 70/26/70 72/31/72 75/30/75
f 75/30/75 73/23/73 70/26/70
f 76/21/76 74/20/74 73/23/73
f 76/21/76 77/18/77 74/20/74
f 78/25/78 73/23/73 75/30/75
f 78/25/78 76/21/76 73/23/73
f 79/35/79 75/30/75 72/31/72
f 72/31/72 80/36/80 79/35/79
f 81/29/81 78/25/78 75/30/75
f 75/30/75 79/35/79 81/29/81
f 80/36/80 82/32/82 79/35/79
f 82/32/82 80/36/80 83/34/83
f 84/11/84 83/34/83 85/33/85
f 83/34/83 84/11/84 82/32/82
f 86/8/86 82/32/82 84/11/84
f 87/10/87 79/35/79 82/32/82
f 82/32/82 86/8/86 87/10/87
f 79/35/79 87/10/87 81/29/81
f 88/5/88 87/10/87 86/8/86
f 87/10/87 88/5/88 89/7/89
f 89/7/89 81/29/81 87/10/87
f 90/3/90 89/7/89 88/5/88
f 81/29/81 89/7/89 91/12/91
f 78/25/78 81/29/81 91/12/91
f 89/7/89 90/3/90 92/4/92
f 92/4/92 91/12/91 89/7/89
f 66/1/66 92/4/92 90/3/90
f 92/4/92 66/1/66 64/2/64
f 91/12/91 93/15/93 78/25/78
f 93/15/93 76/21/76 78/25/78
f 91/12/91 92/4/92 94/9/94
f 64/2/64 94/9/94 92/4/92
f 93/15/93 91/12/91 94/9/94
f 94/9/94 64/2/64 62/6/62
f 93/15/93 95/16/95 76/21/76
f 95/16/95 77/18/77 76/21/76
f 95/16/95 59/19/59 77/18/77
f 58/17/58 59/19/59 95/16/95
f 94/9/94 96/13/96 93/15/93
f 96/13/96 95/16/95 93/15/93
f 96/13/96 94/9/94 62/6/62
f 96/13/96 58/17/58 95/16/95
f 62/6/62 60/14/60 96/13/96
f 60/14/60 58/17/58 96/13/96
f 97/18/97 67/17/67 69/19/69
f 67/17/67 97/18/97 98/16/98
f 98/16/98 72/14/72 67/17/67
f 99/20/99 98/16/98 97/18/97
f 72/14/72 98/16/98 100/13/100
f 98/16/98 99/20/99 101/21/101
f 101/21/101 100/13/100 98/16/98
f 102/22/102 101/21/101 99/20/99
f 80/6/80 72/14/72 100/13/100
f 101/21/101 102/22/102 103/23/103
f 104/24/104 103/23/103 102/22/102
f 100/13/100 101/21/101 105/15/105
f 103/23/103 105/15/105 101/21/101
f 100/13/100 106/9/106 80/6/80
f 106/9/106 100/13/100 105/15/105
f 103/23/103 104/24/104 107/26/107
f 108/27/108 107/26/107 104/24/104
f 107/26/107 108/27/108 109/28/109
f 105/15/105 103/23/103 110/25/110
f 107/26/107 110/25/110 103/23/103
f 109/28/109 111/30/111 107/26/107
f 110/25/110 107/26/107 111/30/111
f 111/30/111 109/28/109 112/31/112
f 113/12/113 105/15/105 110/25/110
f 105/15/105 113/12/113 106/9/106
f 114/29/114 110/25/110 111/30/111
f 110/25/110 114/29/114 113/12/113
f 115/35/115 111/30/111 112/31/112
f 111/30/111 115/35/115 114/29/114
f 112/31/112 116/36/116 115/35/115
f 117/34/117 115/35/115 116/36/116
f 117/34/117 118/32/118 115/35/115
f 118/32/118 114/29/114 115/35/115
f 118/32/118 117/34/117 119/33/119
f 119/33/119 120/11/120 118/32/118
f 118/32/118 121/10/121 114/29/114
f 121/10/121 118/32/118 120/11/120
f 121/10/121 113/12/113 114/29/114
f 120/11/120 122/8/122 121/10/121
f 121/10/121 123/7/123 113/12/113
f 122/8/122 123/7/123 121/10/121
f 123/7/123 106/9/106 113/12/113
f 122/8/122 124/5/124 123/7/123
f 123/7/123 125/4/125 106/9/106
f 124/5/124 125/4/125 123/7/123
f 125/4/125 80/6/80 106/9/106
f 124/5/124 126/3/126 125/4/125
f 125/4/125 83/2/83 80/6/80
f 126/3/126 83/2/83 125/4/125
f 126/3/126 85/1/85 83/2/83
f 127/27/127 128/28/128 129/24/129
f 128/28/128 130/26/130 129/24/129
f 129/24/129 130/26/130 131/22/131
f 128/28/128 132/31/132 130/26/130
f 130/26/130 133/23/133 131/22/131
f 131/22/131 133/23/133 134/20/134
f 132/31/132 135/30/135 130/26/130
f 130/26/130 135/30/135 133/23/133
f 132/31/132 136/35/136 135/30/135
f 132/31/132 137/36/137 136/35/136
f 135/30/135 138/25/138 133/23/133
f 137/36/137 139/32/139 136/35/136
f 139/32/139 137/36/137 140/34/140
f 135/30/135 136/35/136 141/29/141
f 135/30/135 141/29/141 138/25/138
f 142/11/142 140/34/140 143/33/143
f 140/34/140 142/11/142 139/32/139
f 144/8/144 139/32/139 142/11/142
f 145/10/145 136/35/136 139/32/139
f 139/32/139 144/8/144 145/10/145
f 136/35/136 145/10/145 141/29/141
f 146/5/146 145/10/145 144/8/144
f 147/7/147 141/29/141 145/10/145
f 145/10/145 146/5/146 147/7/147
f 141/29/141 147/7/147 148/12/148
f 138/25/138 141/29/141 148/12/148
f 149/4/149 147/7/147 146/5/146
f 146/5/146 150/3/150 149/4/149
f 150/3/150 119/1/119 117/2/117
f 117/2/117 149/4/149 150/3/150
f 149/4/149 117/2/117 116/6/116
f 147/7/147 149/4/149 151/9/151
f 149/4/149 116/6/116 151/9/151
f 147/7/147 151/9/151 148/12/148
f 152/13/152 151/9/151 116/6/116
f 116/6/116 112/14/112 152/13/152
f 153/15/153 148/12/148 151/9/151
f 151/9/151 152/13/152 153/15/153
f 138/25/138 148/12/148 153/15/153
f 112/14/112 154/16/154 152/13/152
f 154/16/154 112/14/112 109/17/109
f 152/13/152 155/21/155 153/15/153
f 138/25/138 153/15/153 155/21/155
f 155/21/155 152/13/152 154/16/154
f 133/23/133 138/25/138 155/21/155
f 133/23/133 155/21/155 134/20/134
f 154/16/154 134/20/134 155/21/155
f 134/20/134 154/16/154 156/18/156
f 109/17/109 156/18/156 154/16/154
f 156/18/156 109/17/109 108/19/108
f 157/24/157 158/27/158 159/28/159
f 159/28/159 160/26/160 157/24/157
f 161/22/161 157/24/157 160/26/160
f 159/28/159 162/31/162 160/26/160
f 160/26/160 163/23/163 161/22/161
f 161/22/161 163/23/163 164/20/164
f 162/31/162 165/30/165 160/26/160
f 160/26/160 165/30/165 163/23/163
f 163/23/163 166/21/166 164/20/164
f 164/20/164 166/21/166 167/18/167
f 165/30/165 168/25/168 163/23/163
f 163/23/163 168/25/168 166/21/166
f 162/31/162 169/35/169 165/30/165
f 162/31/162 170/36/170 169/35/169
f 165/30/165 171/29/171 168/25/168
f 165/30/165 169/35/169 171/29/171
f 170/36/170 172/32/172 169/35/169
f 172/32/172 170/36/170 173/34/173
f 174/11/174 173/34/173 175/33/175
f 173/34/173 174/11/174 172/32/172
f 176/8/176 172/32/172 174/11/174
f 177/10/177 169/35/169 172/32/172
f 172/32/172 176/8/176 177/10/177
f 169/35/169 177/10/177 171/29/171
f 178/5/178 177/10/177 176/8/176
f 177/10/177 178/5/178 179/7/179
f 179/7/179 171/29/171 177/10/177
f 180/3/180 179/7/179 178/5/178
f 171/29/171 179/7/179 181/12/181
f 168/25/168 171/29/171 181/12/181
f 179/7/179 180/3/180 182/4/182
f 182/4/182 181/12/181 179/7/179
f 143/1/143 182/4/182 180/3/180
f 182/4/182 143/1/143 140/2/140
f 168/25/168 181/12/181 183/15/183
f 168/25/168 183/15/183 166/21/166
f 181/12/181 182/4/182 184/9/184
f 140/2/140 184/9/184 182/4/182
f 183/15/183 181/12/181 184/9/184
f 184/9/184 140/2/140 137/6/137
f 166/21/166 183/15/183 185/16/185
f 166/21/166 185/16/185 167/18/167
f 167/18/167 185/16/185 127/19/127
f 185/16/185 128/17/128 127/19/127
f 183/15/183 184/9/184 186/13/186
f 183/15/183 186/13/186 185/16/185
f 186/13/186 184/9/184 137/6/137
f 185/16/185 186/13/186 128/17/128
f 186/13/186 137/6/137 132/14/132
f 186/13/186 132/14/132 128/17/128
f 173/2/173 187/3/187 175/1/175
f 187/3/187 173/2/173 188/4/188
f 188/4/188 189/5/189 187/3/187
f 170/6/170 188/4/188 173/2/173
f 189/5/189 188/4/188 190/7/190
f 190/7/190 191/8/191 189/5/189
f 188/4/188 170/6/170 192/9/192
f 192/9/192 190/7/190 188/4/188
f 191/8/191 190/7/190 193/10/193
f 193/10/193 194/11/194 191/8/191
f 190/7/190 192/9/192 195/12/195
f 195/12/195 193/10/193 190/7/190
f 196/13/196 192/9/192 170/6/170
f 196/13/196 170/6/170 162/14/162
f 197/15/197 195/12/195 192/9/192
f 197/15/197 192/9/192 196/13/196
f 162/14/162 198/16/198 196/13/196
f 198/16/198 162/14/162 159/17/159
f 199/18/199 159/17/159 158/19/158
f 159/17/159 199/18/199 198/16/198
f 200/20/200 198/16/198 199/18/199
f 201/21/201 196/13/196 198/16/198
f 198/16/198 200/20/200 201/21/201
f 196/13/196 201/21/201 197/15/197
f 202/22/202 201/21/201 200/20/200
f 201/21/201 202/22/202 203/23/203
f 203/23/203 197/15/197 201/21/201
f 204/24/204 203/23/203 202/22/202
f 197/15/197 203/23/203 205/25/205
f 205/25/205 195/12/195 197/15/197
f 203/23/203 204/24/204 206/26/206
f 206/26/206 205/25/205 203/23/203
f 207/27/207 206/26/206 204/24/204
f 206/26/206 207/27/207 208/28/208
f 205/25/205 209/29/209 195/12/195
f 193/10/193 195/12/195 209/29/209
f 205/25/205 206/26/206 210/30/210
f 208/28/208 210/30/210 206/26/206
f 210/30/210 209/29/209 205/25/205
f 210/30/210 208/28/208 211/31/211
f 209/29/209 212/32/212 193/10/193
f 194/11/194 193/10/193 212/32/212
f 212/32/212 213/33/213 194/11/194
f 213/33/213 212/32/212 214/34/214
f 210/30/210 215/35/215 209/29/209
f 212/32/212 209/29/209 215/35/215
f 211/31/211 215/35/215 210/30/210
f 215/35/215 214/34/214 212/32/212
f 211/31/211 216/36/216 215/35/215
f 214/34/214 215/35/215 216/36/216
f 217/24/217 218/27/218 219/28/219
f 219/28/219 220/26/220 217/24/217
f 220/26/220 219/28/219 221/31/221
f 222/22/222 217/24/217 220/26/220
f 220/26/220 221/31/221 223/30/223
f 220/26/220 224/23/224 222/22/222
f 224/23/224 220/26/220 223/30/223
f 225/21/225 222/22/222 224/23/224
f 222/22/222 225/21/225 226/20/226
f 221/31/221 227/35/227 223/30/223
f 227/35/227 221/31/221 228/36/228
f 224/23/224 223/30/223 229/25/229
f 228/36/228 230/32/230 227/35/227
f 230/32/230 228/36/228 231/34/231
f 232/29/232 223/30/223 227/35/227
f 223/30/223 232/29/232 229/25/229
f 233/11/233 231/34/231 234/33/234
f 231/34/231 233/11/233 230/32/230
f 235/8/235 230/32/230 233/11/233
f 236/10/236 227/35/227 230/32/230
f 230/32/230 235/8/235 236/10/236
f 227/35/227 236/10/236 232/29/232
f 235/8/235 237/7/237 236/10/236
f 235/8/235 238/5/238 237/7/237
f 236/10/236 239/12/239 232/29/232
f 239/12/239 236/10/236 237/7/237
f 229/25/229 232/29/232 239/12/239
f 238/5/238 240/4/240 237/7/237
f 240/4/240 238/5/238 241/3/241
f 214/2/214 241/3/241 213/1/213
f 241/3/241 214/2/214 240/4/240
f 216/6/216 240/4/240 214/2/214
f 242/9/242 237/7/237 240/4/240
f 240/4/240 216/6/216 242/9/242
f 237/7/237 242/9/242 239/12/239
f 229/25/229 239/12/239 243/15/243
f 243/15/243 239/12/239 242/9/242
f 243/15/243 224/23/224 229/25/229
f 224/23/224 243/15/243 225/21/225
f 244/13/244 242/9/242 216/6/216
f 243/15/243 242/9/242 244/13/244
f 244/13/244 225/21/225 243/15/243
f 244/13/244 216/6/216 211/14/211
f 225/21/225 244/13/244 245/16/245
f 211/14/211 245/16/245 244/13/244
f 245/16/245 226/20/226 225/21/225
f 245/16/245 211/14/211 208/17/208
f 226/20/226 245/16/245 246/18/246
f 208/17/208 246/18/246 245/16/245
f 246/18/246 208/17/208 207/19/207
f 247/11/247 248/34/248 249/33/249
f 248/34/248 247/11/247 250/32/250
f 250/32/250 251/36/251 248/34/248
f 252/8/252 250/32/250 247/11/247
f 251/36/251 250/32/250 253/35/253
f 250/32/250 252/8/252 254/10/254
f 254/10/254 253/35/253 250/32/250
f 255/5/255 254/10/254 252/8/252
f 253/35/253 256/31/256 251/36/251
f 254/10/254 255/5/255 257/7/257
f 258/3/258 257/7/257 255/5/255
f 253/35/253 254/10/254 259/29/259
f 257/7/257 259/29/259 254/10/254
f 256/31/256 253/35/253 260/30/260
f 259/29/259 260/30/260 253/35/253
f 257/7/257 258/3/258 261/4/261
f 234/1/234 261/4/261 258/3/258
f 261/4/261 234/1/234 231/2/231
f 259/29/259 257/7/257 262/12/262
f 261/4/261 262/12/262 257/7/257
f 231/2/231 263/9/263 261/4/261
f 262/12/262 261/4/261 263/9/263
f 263/9/263 231/2/231 228/6/228
f 262/12/262 264/25/264 259/29/259
f 260/30/260 259/29/259 264/25/264
f 263/9/263 265/15/265 262/12/262
f 264/25/264 262/12/262 265/15/265
f 228/6/228 266/13/266 263/9/263
f 265/15/265 263/9/263 266/13/266
f 266/13/266 228/6/228 221/14/221
f 219/17/219 266/13/266 221/14/221
f 219/17/219 267/16/267 266/13/266
f 267/16/267 265/15/265 266/13/266
f 267/16/267 219/17/219 218/19/218
f 218/19/218 268/18/268 267/16/267
f 267/16/267 269/21/269 265/15/265
f 269/21/269 267/16/267 268/18/268
f 269/21/269 264/25/264 265/15/265
f 268/18/268 270/20/270 269/21/269
f 269/21/269 271/23/271 264/25/264
f 270/20/270 271/23/271 269/21/269
f 271/23/271 260/30/260 264/25/264
f 270/20/270 272/22/272 271/23/271
f 271/23/271 273/26/273 260/30/260
f 272/22/272 273/26/273 271/23/271
f 273/26/273 256/31/256 260/30/260
f 272/22/272 274/24/274 273/26/273
f 273/26/273 275/28/275 256/31/256
f 274/24/274 275/28/275 273/26/273
f 274/24/274 276/27/276 275/28/275
f 248/2/248 277/3/277 249/1/249
f 278/4/278 277/3/277 248/2/248
f 278/4/278 279/5/279 277/3/277
f 251/6/251 278/4/278 248/2/248
f 280/7/280 279/5/279 278/4/278
f 280/7/280 281/8/281 279/5/279
f 282/9/282 278/4/278 251/6/251
f 282/9/282 280/7/280 278/4/278
f 283/10/283 281/8/281 280/7/280
f 283/10/283 284/11/284 281/8/281
f 285/12/285 280/7/280 282/9/282
f 285/12/285 283/10/283 280/7/280
f 251/6/251 286/13/286 282/9/282
f 286/13/286 251/6/251 256/14/256
f 282/9/282 287/15/287 285/12/285
f 287/15/287 282/9/282 286/13/286
f 256/14/256 288/16/288 286/13/286
f 288/16/288 256/14/256 275/17/275
f 289/18/289 275/17/275 276/19/276
f 275/17/275 289/18/289 288/16/288
f 290/20/290 288/16/288 289/18/289
f 291/21/291 286/13/286 288/16/288
f 288/16/288 290/20/290 291/21/291
f 286/13/286 291/21/291 287/15/287
f 292/22/292 291/21/291 290/20/290
f 291/21/291 292/22/292 293/23/293
f 293/23/293 287/15/287 291/21/291
f 294/24/294 293/23/293 292/22/292
f 287/15/287 293/23/293 295/25/295
f 295/25/295 285/12/285 287/15/287
f 293/23/293 294/24/294 296/26/296
f 296/26/296 295/25/295 293/23/293
f 297/27/297 296/26/296 294/24/294
f 296/26/296 297/27/297 298/28/298
f 285/12/285 295/25/295 299/29/299
f 299/29/299 283/10/283 285/12/285
f 295/25/295 296/26/296 300/30/300
f 298/28/298 300/30/300 296/26/296
f 300/30/300 299/29/299 295/25/295
f 300/30/300 298/28/298 301/31/301
f 299/29/299 302/32/302 283/10/283
f 302/32/302 284/11/284 283/10/283
f 302/32/302 303/33/303 284/11/284
f 304/34/304 303/33/303 302/32/302
f 299/29/299 300/30/300 305/35/305
f 305/35/305 302/32/302 299/29/299
f 301/31/301 305/35/305 300/30/300
f 305/35/305 304/34/304 302/32/302
f 305/35/305 301/31/301 306/36/306
f 306/36/306 304/34/304 305/35/305
f 304/2/304 307/3/307 303/1/303
f 308/4/308 307/3/307 304/2/304
f 308/4/308 309/5/309 307/3/307
f 306/6/306 308/4/308 304/2/304
f 310/7/310 309/5/309 308/4/308
f 310/7/310 311/8/311 309/5/309
f 312/9/312 308/4/308 306/6/306
f 312/9/312 310/7/310 308/4/308
f 306/6/306 313/13/313 312/9/312
f 313/13/313 306/6/306 301/14/301
f 314/12/314 310/7/310 312/9/312
f 301/14/301 315/16/315 313/13/313
f 315/16/315 301/14/301 298/17/298
f 316/18/316 298/17/298 297/19/297
f 298/17/298 316/18/316 315/16/315
f 317/20/317 315/16/315 316/18/316
f 315/16/315 317/20/317 318/21/318
f 318/21/318 313/13/313 315/16/315
f 319/22/319 318/21/318 317/20/317
f 320/15/320 312/9/312 313/13/313
f 313/13/313 318/21/318 320/15/320
f 312/9/312 320/15/320 314/12/314
f 318/21/318 319/22/319 321/23/321
f 321/23/321 320/15/320 318/21/318
f 322/25/322 314/12/314 320/15/320
f 320/15/320 321/23/321 322/25/322
f 314/12/314 322/25/322 323/29/323
f 323/29/323 310/7/310 314/12/314
f 321/23/321 324/30/324 322/25/322
f 323/29/323 322/25/322 324/30/324
f 319/22/319 325/26/325 321/23/321
f 324/30/324 321/23/321 325/26/325
f 319/22/319 326/24/326 325/26/325
f 327/28/327 326/24/326 328/27/328
f 326/24/326 327/28/327 325/26/325
f 329/31/329 325/26/325 327/28/327
f 325/26/325 329/31/329 324/30/324
f 330/35/330 324/30/324 329/31/329
f 323/29/323 324/30/324 330/35/330
f 330/35/330 329/31/329 331/36/331
f 310/7/310 323/29/323 332/10/332
f 330/35/330 332/10/332 323/29/323
f 332/10/332 311/8/311 310/7/310
f 331/36/331 333/32/333 330/35/330
f 332/10/332 330/35/330 333/32/333
f 333/32/333 311/8/311 332/10/332
f 333/32/333 331/36/331 334/34/334
f 311/8/311 333/32/333 335/11/335
f 334/34/334 335/11/335 333/32/333
f 335/11/335 334/34/334 336/33/336
f 337/11/337 2/34/2 1/33/1
f 2/34/2 337/11/337 338/32/338
f 338/32/338 6/36/6 2/34/2
f 339/8/339 338/32/338 337/11/337
f 6/36/6 338/32/338 340/35/340
f 338/32/338 339/8/339 341/10/341
f 341/10/341 340/35/340 338/32/338
f 342/5/342 341/10/341 339/8/339
f 340/35/340 14/31/14 6/36/6
f 341/10/341 342/5/342 343/7/343
f 344/3/344 343/7/343 342/5/342
f 340/35/340 341/10/341 345/29/345
f 343/7/343 345/29/345 341/10/341
f 340/35/340 346/30/346 14/31/14
f 345/29/345 346/30/346 340/35/340
f 343/7/343 344/3/344 347/4/347
f 336/1/336 347/4/347 344/3/344
f 347/4/347 336/1/336 334/2/334
f 345/29/345 343/7/343 348/12/348
f 347/4/347 348/12/348 343/7/343
f 334/2/334 349/9/349 347/4/347
f 348/12/348 347/4/347 349/9/349
f 349/9/349 334/2/334 331/6/331
f 348/12/348 350/25/350 345/29/345
f 345/29/345 350/25/350 346/30/346
f 349/9/349 351/15/351 348/12/348
f 348/12/348 351/15/351 350/25/350
f 331/6/331 352/13/352 349/9/349
f 349/9/349 352/13/352 351/15/351
f 331/6/331 329/14/329 352/13/352
f 327/17/327 352/13/352 329/14/329
f 352/13/352 327/17/327 353/16/353
f 353/16/353 351/15/351 352/13/352
f 328/19/328 353/16/353 327/17/327
f 353/16/353 328/19/328 354/18/354
f 351/15/351 353/16/353 355/21/355
f 354/18/354 355/21/355 353/16/353
f 355/21/355 350/25/350 351/15/351
f 355/21/355 354/18/354 356/20/356
f 350/25/350 355/21/355 357/23/357
f 356/20/356 357/23/357 355/21/355
f 357/23/357 346/30/346 350/25/350
f 357/23/357 356/20/356 358/22/358
f 346/30/346 357/23/357 359/26/359
f 358/22/358 359/26/359 357/23/357
f 359/26/359 14/31/14 346/30/346
f 359/26/359 358/22/358 360/24/360
f 14/31/14 359/26/359 17/28/17
f 360/24/360 17/28/17 359/26/359
f 17/28/17 360/24/360 19/27/19
f 289/37/289 276/38/276 361/39/361
f 289/37/289 361/39/361 362/40/362
f 361/39/361 363/41/363 362/40/362
f 290/42/290 289/37/289 362/40/362
f 362/40/362 363/41/363 364/43/364
f 363/41/363 365/44/365 364/43/364
f 290/42/290 362/40/362 366/45/366
f 366/45/366 362/40/362 364/43/364
f 364/43/364 367/46/367 368/47/368
f 366/45/366 364/43/364 368/47/368
f 369/48/369 290/42/290 366/45/366
f 290/42/290 369/48/369 292/49/292
f 294/50/294 292/49/292 369/48/369
f 370/51/368 366/45/366 368/47/368
f 366/45/366 370/51/368 369/48/369
f 368/47/368 371/52/370 370/51/368
f 294/50/294 369/48/369 372/53/371
f 372/53/371 369/48/369 370/51/368
f 297/54/297 294/50/294 372/53/371
f 373/55/372 370/51/368 371/52/370
f 372/53/371 370/51/368 373/55/372
f 374/56/373 297/54/297 372/53/371
f 316/57/316 297/54/297 374/56/373
f 375/58/374 372/53/371 373/55/372
f 373/55/372 376/59/375 375/58/374
f 372/53/371 375/58/374 374/56/373
f 374/56/373 377/60/376 316/57/316
f 377/60/376 374/56/373 375/58/374
f 317/61/317 316/57/316 377/60/376
f 375/58/374 378/62/377 379/63/378
f 379/63/378 377/60/376 375/58/374
f 377/60/376 380/64/379 317/61/317
f 380/64/379 377/60/376 379/63/378
f 381/65/378 379/63/378 378/62/377
f 379/63/378 381/65/378 380/64/379
f 382/66/380 317/61/317 380/64/379
f 382/66/380 380/64/379 381/65/378
f 317/61/317 382/66/380 319/67/319
f 383/68/381 381/65/378 384/69/382
f 381/65/378 383/68/381 382/66/380
f 385/70/383 319/67/319 382/66/380
f 385/70/383 382/66/380 383/68/381
f 319/67/319 385/70/383 326/71/326
f 386/72/381 383/68/381 387/73/384
f 383/68/381 386/72/381 385/70/383
f 388/74/385 385/70/383 386/72/381
f 386/72/381 389/75/386 388/74/385
f 390/76/387 326/71/326 385/70/383
f 385/70/383 388/74/385 390/76/387
f 326/71/326 390/76/387 328/77/328
f 389/75/386 391/78/388 388/74/385
f 391/78/388 390/76/387 388/74/385
f 392/79/389 328/77/328 390/76/387
f 390/76/387 391/78/388 392/79/389
f 328/77/328 392/79/389 354/80/354
f 392/79/389 356/81/356 354/80/354
f 391/78/388 393/82/390 394/83/391
f 394/83/391 392/79/389 391/78/388
f 356/81/356 392/79/389 395/84/392
f 392/79/389 394/83/391 395/84/392
f 395/84/392 358/85/358 356/81/356
f 393/82/390 396/86/391 394/83/391
f 394/83/391 397/87/393 395/84/392
f 397/87/393 394/83/391 396/86/391
f 358/85/358 395/84/392 397/87/393
f 396/86/391 398/88/394 399/89/395
f 399/89/395 397/87/393 396/86/391
f 400/90/396 358/85/358 397/87/393
f 397/87/393 399/89/395 400/90/396
f 358/85/358 400/90/396 360/91/360
f 399/89/395 401/92/397 402/93/398
f 402/93/398 400/90/396 399/89/395
f 403/94/399 360/91/360 400/90/396
f 400/90/396 402/93/398 403/94/399
f 360/91/360 403/94/399 19/95/19
f 401/92/397 404/96/400 402/93/398
f 402/93/398 405/97/401 403/94/399
f 405/97/401 19/95/19 403/94/399
f 405/97/401 402/93/398 404/96/400
f 19/95/19 405/97/401 18/98/18
f 405/97/401 20/99/20 18/98/18
f 406/100/402 407/101/403 404/96/400
f 404/96/400 408/102/404 405/97/401
f 20/99/20 405/97/401 408/102/404
f 408/102/404 404/96/400 407/101/403
f 409/103/405 20/99/20 408/102/404
f 20/99/20 409/103/405 22/104/22
f 410/105/403 408/102/404 407/101/403
f 408/102/404 410/105/403 409/103/405
f 407/101/403 411/106/406 410/105/403
f 412/107/407 22/104/22 409/103/405
f 410/105/403 412/107/407 409/103/405
f 22/104/22 412/107/407 24/108/24
f 412/107/407 27/109/27 24/108/24
f 411/106/406 413/110/408 410/105/403
f 412/107/407 410/105/403 413/110/408
f 27/109/27 412/107/407 414/111/409
f 48/112/48 27/109/27 414/111/409
f 415/113/410 412/107/407 413/110/408
f 413/110/408 416/114/411 415/113/410
f 412/107/407 415/113/410 414/111/409
f 415/113/410 416/114/411 417/115/412
f 417/115/412 414/111/409 415/113/410
f 48/112/48 414/111/409 418/116/413
f 414/111/409 417/115/412 418/116/413
f 49/117/49 48/112/48 418/116/413
f 49/117/49 418/116/413 419/118/414
f 419/118/414 418/116/413 417/115/412
f 52/119/52 49/117/49 419/118/414
f 417/115/412 420/120/415 421/121/412
f 419/118/414 417/115/412 421/121/412
f 422/122/416 421/121/412 420/120/415
f 422/122/416 419/118/414 421/121/412
f 52/119/52 419/118/414 423/123/417
f 419/118/414 422/122/416 423/123/417
f 424/124/418 52/119/52 423/123/417
f 424/124/418 423/123/417 422/122/416
f 52/119/52 424/124/418 57/125/57
f 425/126/416 422/122/416 426/127/419
f 424/124/418 422/122/416 425/126/416
f 427/128/420 57/125/57 424/124/418
f 57/125/57 427/128/420 59/129/59
f 77/130/77 59/129/59 427/128/420
f 428/131/421 424/124/418 425/126/416
f 424/124/418 428/131/421 427/128/420
f 425/126/416 429/132/422 428/131/421
f 427/128/420 430/133/423 77/130/77
f 430/133/423 427/128/420 428/131/421
f 74/134/74 77/130/77 430/133/423
f 431/135/424 428/131/421 429/132/422
f 431/135/424 430/133/423 428/131/421
f 430/133/423 432/136/425 74/134/74
f 71/137/71 74/134/74 432/136/425
f 433/138/426 430/133/423 431/135/424
f 430/133/423 433/138/426 432/136/425
f 431/135/424 434/139/427 433/138/426
f 432/136/425 435/140/428 71/137/71
f 435/140/428 432/136/425 433/138/426
f 68/141/68 71/137/71 435/140/428
f 436/142/426 433/138/426 434/139/427
f 433/138/426 436/142/426 435/140/428
f 436/142/426 437/143/429 438/144/430
f 438/144/430 435/140/428 436/142/426
f 435/140/428 439/145/431 68/141/68
f 435/140/428 438/144/430 439/145/431
f 439/145/431 69/146/69 68/141/68
f 438/144/430 440/147/432 441/148/433
f 441/148/433 439/145/431 438/144/430
f 439/145/431 442/149/434 69/146/69
f 439/145/431 441/148/433 442/149/434
f 443/150/435 69/146/69 442/149/434
f 441/148/433 443/150/435 442/149/434
f 69/146/69 443/150/435 97/151/97
f 440/147/432 444/152/436 441/148/433
f 441/148/433 444/152/436 443/150/435
f 445/153/437 97/151/97 443/150/435
f 444/152/436 445/153/437 443/150/435
f 97/151/97 445/153/437 99/154/99
f 446/155/438 447/156/439 444/152/436
f 445/153/437 444/152/436 447/156/439
f 448/157/440 99/154/99 445/153/437
f 99/154/99 448/157/440 102/158/102
f 449/159/439 445/153/437 447/156/439
f 445/153/437 449/159/439 448/157/440
f 447/156/439 450/160/441 449/159/439
f 451/161/442 102/158/102 448/157/440
f 449/159/439 451/161/442 448/157/440
f 102/158/102 451/161/442 104/162/104
f 451/161/442 108/163/108 104/162/104
f 450/160/441 452/164/443 449/159/439
f 451/161/442 449/159/439 452/164/443
f 108/163/108 451/161/442 453/165/444
f 453/165/444 156/166/156 108/163/108
f 454/167/445 451/161/442 452/164/443
f 452/164/443 455/168/446 454/167/445
f 451/161/442 454/167/445 453/165/444
f 156/166/156 453/165/444 456/169/447
f 454/167/445 456/169/447 453/165/444
f 456/169/447 134/170/134 156/166/156
f 454/167/445 457/171/448 458/172/449
f 456/169/447 454/167/445 458/172/449
f 457/171/448 459/173/450 458/172/449
f 459/173/450 456/169/447 458/172/449
f 134/170/134 456/169/447 460/174/451
f 456/169/447 459/173/450 460/174/451
f 460/174/451 131/175/131 134/170/134
f 131/175/131 460/174/451 461/176/452
f 459/173/450 461/176/452 460/174/451
f 459/173/450 462/177/453 463/178/454
f 461/176/452 459/173/450 463/178/454
f 464/179/455 131/175/131 461/176/452
f 463/178/454 464/179/455 461/176/452
f 131/175/131 464/179/455 129/180/129
f 462/177/453 465/181/456 463/178/454
f 464/179/455 463/178/454 465/181/456
f 466/182/457 129/180/129 464/179/455
f 465/181/456 466/182/457 464/179/455
f 129/180/129 466/182/457 127/183/127
f 167/184/167 127/183/127 466/182/457
f 465/181/456 467/185/458 468/186/459
f 466/182/457 465/181/456 468/186/459
f 167/184/167 466/182/457 469/187/460
f 466/182/457 468/186/459 469/187/460
f 164/188/164 167/184/167 469/187/460
f 468/186/459 467/185/458 470/189/461
f 469/187/460 468/186/459 470/189/461
f 164/188/164 469/187/460 471/190/462
f 161/191/161 164/188/164 471/190/462
f 472/192/463 469/187/460 470/189/461
f 469/187/460 472/192/463 471/190/462
f 470/189/461 473/193/464 472/192/463
f 161/191/161 471/190/462 474/194/465
f 474/194/465 471/190/462 472/192/463
f 475/195/463 472/192/463 473/193/464
f 474/194/465 472/192/463 475/195/463
f 476/196/466 161/191/161 474/194/465
f 161/191/161 476/196/466 157/197/157
f 158/198/158 157/197/157 476/196/466
f 477/199/467 474/194/465 475/195/463
f 477/199/467 475/195/463 478/200/468
f 474/194/465 477/199/467 476/196/466
f 479/201/469 158/198/158 476/196/466
f 199/202/199 158/198/158 479/201/469
f 480/203/470 476/196/466 477/199/467
f 476/196/466 480/203/470 479/201/469
f 477/199/467 481/204/471 480/203/470
f 479/201/469 482/205/472 199/202/199
f 482/205/472 479/201/469 480/203/470
f 200/206/200 199/202/199 482/205/472
f 483/207/473 480/203/470 481/204/471
f 483/207/473 482/205/472 480/203/470
f 482/205/472 484/208/474 200/206/200
f 485/209/475 483/207/473 486/210/476
f 485/209/475 482/205/472 483/207/473
f 482/205/472 485/209/475 484/208/474
f 487/211/477 200/206/200 484/208/474
f 200/206/200 487/211/477 202/212/202
f 488/213/478 484/208/474 485/209/475
f 484/208/474 488/213/478 487/211/477
f 485/209/475 489/214/479 488/213/478
f 490/215/480 202/212/202 487/211/477
f 490/215/480 487/211/477 488/213/478
f 202/212/202 490/215/480 204/216/204
f 490/215/480 207/217/207 204/216/204
f 491/218/481 488/213/478 489/214/479
f 488/213/478 491/218/481 490/215/480
f 490/215/480 492/219/482 207/217/207
f 492/219/482 246/220/246 207/217/207
f 493/221/483 490/215/480 491/218/481
f 490/215/480 493/221/483 492/219/482
f 491/218/481 494/222/484 493/221/483
f 492/219/482 495/223/485 246/220/246
f 493/221/483 495/223/485 492/219/482
f 495/223/485 226/224/226 246/220/246
f 494/222/484 496/225/486 493/221/483
f 493/221/483 496/225/486 495/223/485
f 226/224/226 495/223/485 497/226/487
f 496/225/486 497/226/487 495/223/485
f 496/225/486 498/227/488 499/228/486
f 497/226/487 496/225/486 499/228/486
f 500/229/489 226/224/226 497/226/487
f 499/228/486 501/230/490 502/231/491
f 502/231/491 497/226/487 499/228/486
f 497/226/487 502/231/491 500/229/489
f 226/224/226 500/229/489 222/232/222
f 502/231/491 503/233/492 504/234/491
f 504/234/491 500/229/489 502/231/491
f 505/235/493 222/232/222 500/229/489
f 500/229/489 504/234/491 505/235/493
f 222/232/222 505/235/493 217/236/217
f 504/234/491 506/237/494 507/238/495
f 507/238/495 505/235/493 504/234/491
f 508/239/496 217/236/217 505/235/493
f 505/235/493 507/238/495 508/239/496
f 217/236/217 508/239/496 218/240/218
f 508/239/496 268/241/268 218/240/218
f 506/237/494 509/242/497 507/238/495
f 509/242/497 508/239/496 507/238/495
f 268/241/268 508/239/496 510/243/498
f 508/239/496 509/242/497 510/243/498
f 510/243/498 270/244/270 268/241/268
f 270/244/270 510/243/498 511/245/499
f 511/245/499 272/246/272 270/244/270
f 512/247/500 510/243/498 509/242/497
f 510/243/498 512/247/500 511/245/499
f 509/242/497 513/248/501 512/247/500
f 272/246/272 511/245/499 514/249/502
f 512/247/500 514/249/502 511/245/499
f 513/248/501 515/250/500 512/247/500
f 514/249/502 512/247/500 515/250/500
f 516/251/503 272/246/272 514/249/502
f 272/246/272 516/251/503 274/252/274
f 516/251/503 276/38/276 274/252/274
f 276/38/276 516/251/503 361/39/361
f 516/251/503 363/41/363 361/39/361
f 517/253/504 514/249/502 515/250/500
f 514/249/502 517/253/504 516/251/503
f 363/41/363 516/251/503 517/253/504
f 518/254/505 517/253/504 515/250/500
f 517/253/504 365/44/365 363/41/363
f 249/255/249 277/252/277 519/256/506
f 277/252/277 520/257/507 519/256/506
f 277/252/277 279/246/279 520/257/507
f 520/257/507 521/258/508 519/256/506
f 279/246/279 281/244/281 520/257/507
f 521/258/508 520/257/507 522/259/509
f 522/259/509 523/260/510 521/258/508
f 524/261/511 522/259/509 525/262/512
f 520/257/507 525/262/512 522/259/509
f 281/244/281 526/263/513 520/257/507
f 525/262/512 520/257/507 526/263/513
f 281/244/281 284/264/284 526/263/513
f 284/264/284 303/240/303 526/263/513
f 527/265/514 525/262/512 528/266/515
f 526/263/513 528/266/515 525/262/512
f 303/240/303 529/267/516 526/263/513
f 528/266/515 526/263/513 529/267/516
f 303/240/303 307/236/307 529/267/516
f 307/236/307 309/232/309 529/267/516
f 530/268/517 528/266/515 531/269/518
f 529/267/516 531/269/518 528/266/515
f 309/232/309 532/270/519 529/267/516
f 531/269/518 529/267/516 532/270/519
f 309/232/309 311/224/311 532/270/519
f 311/224/311 335/220/335 532/270/519
f 533/271/520 530/268/517 531/269/518
f 534/272/521 531/269/518 532/270/519
f 335/220/335 534/272/521 532/270/519
f 531/269/518 534/272/521 533/271/520
f 335/220/335 336/273/336 534/272/521
f 336/273/336 344/216/344 534/272/521
f 533/271/520 535/274/522 536/275/523
f 535/274/522 533/271/520 534/272/521
f 344/216/344 537/276/524 534/272/521
f 534/272/521 537/276/524 535/274/522
f 344/216/344 342/212/342 537/276/524
f 342/212/342 339/206/339 537/276/524
f 339/206/339 538/277/525 537/276/524
f 538/277/525 535/274/522 537/276/524
f 339/206/339 337/202/337 538/277/525
f 337/202/337 1/198/1 538/277/525
f 539/278/526 536/275/523 535/274/522
f 535/274/522 538/277/525 539/278/526
f 538/277/525 1/198/1 540/279/527
f 538/277/525 540/279/527 539/278/526
f 1/198/1 3/197/3 540/279/527
f 3/197/3 5/191/5 540/279/527
f 539/278/526 541/280/528 542/281/529
f 539/278/526 540/279/527 541/280/528
f 5/191/5 543/282/530 540/279/527
f 5/191/5 8/283/8 543/282/530
f 8/283/8 11/184/11 543/282/530
f 540/279/527 544/284/531 541/280/528
f 540/279/527 543/282/530 544/284/531
f 541/280/528 544/284/531 545/285/532
f 11/184/11 546/286/533 543/282/530
f 546/286/533 544/284/531 543/282/530
f 11/184/11 33/183/33 546/286/533
f 33/183/33 37/180/37 546/286/533
f 547/287/534 545/285/532 544/284/531
f 544/284/531 546/286/533 547/287/534
f 37/180/37 548/288/535 546/286/533
f 548/288/535 547/287/534 546/286/533
f 37/180/37 39/175/39 548/288/535
f 39/175/39 43/170/43 548/288/535
f 549/289/536 550/290/537 547/287/534
f 547/287/534 548/288/535 549/289/536
f 551/171/538 549/289/536 552/291/539
f 548/288/535 552/291/539 549/289/536
f 43/170/43 553/169/540 548/288/535
f 552/291/539 548/288/535 553/169/540
f 43/170/43 65/166/65 553/169/540
f 65/166/65 66/163/66 553/169/540
f 66/163/66 554/161/541 553/169/540
f 554/161/541 552/291/539 553/169/540
f 66/163/66 90/162/90 554/161/541
f 90/162/90 88/158/88 554/161/541
f 552/291/539 554/161/541 555/292/542
f 556/293/543 552/291/539 555/292/542
f 88/158/88 557/153/544 554/161/541
f 557/153/544 555/292/542 554/161/541
f 88/158/88 86/154/86 557/153/544
f 558/294/545 556/293/543 555/292/542
f 555/292/542 557/153/544 558/294/545
f 86/154/86 84/151/84 557/153/544
f 559/295/546 560/296/547 558/294/545
f 559/295/546 558/294/545 557/153/544
f 84/151/84 561/297/548 557/153/544
f 559/295/546 557/153/544 561/297/548
f 84/151/84 85/298/85 561/297/548
f 85/298/85 126/141/126 561/297/548
f 562/142/549 563/299/550 559/295/546
f 564/140/551 559/295/546 561/297/548
f 126/141/126 564/140/551 561/297/548
f 559/295/546 564/140/551 562/142/549
f 126/141/126 124/137/124 564/140/551
f 124/137/124 122/134/122 564/140/551
f 562/142/549 565/135/552 566/300/553
f 565/135/552 562/142/549 564/140/551
f 122/134/122 567/133/554 564/140/551
f 564/140/551 567/133/554 565/135/552
f 122/134/122 120/130/120 567/133/554
f 120/130/120 119/129/119 567/133/554
f 119/129/119 568/301/555 567/133/554
f 568/301/555 565/135/552 567/133/554
f 119/129/119 150/125/150 568/301/555
f 150/125/150 146/302/146 568/301/555
f 569/303/556 566/300/553 565/135/552
f 565/135/552 568/301/555 569/303/556
f 146/302/146 570/118/557 568/301/555
f 570/118/557 569/303/556 568/301/555
f 146/302/146 144/117/144 570/118/557
f 144/117/144 142/112/142 570/118/557
f 571/304/558 572/305/559 569/303/556
f 569/303/556 570/118/557 571/304/558
f 142/112/142 573/306/560 570/118/557
f 573/306/560 571/304/558 570/118/557
f 142/112/142 143/307/143 573/306/560
f 143/307/143 180/108/180 573/306/560
f 574/308/561 575/309/562 571/304/558
f 571/304/558 573/306/560 574/308/561
f 180/108/180 576/103/563 573/306/560
f 576/103/563 574/308/561 573/306/560
f 180/108/180 178/104/178 576/103/563
f 178/104/178 176/99/176 576/103/563
f 577/310/564 574/308/561 578/311/565
f 574/308/561 576/103/563 578/311/565
f 176/99/176 579/97/566 576/103/563
f 579/97/566 578/311/565 576/103/563
f 176/99/176 174/98/174 579/97/566
f 174/98/174 175/95/175 579/97/566
f 580/312/567 577/310/564 578/311/565
f 578/311/565 579/97/566 580/312/567
f 175/95/175 581/90/568 579/97/566
f 581/90/568 580/312/567 579/97/566
f 175/95/175 187/91/187 581/90/568
f 187/91/187 189/85/189 581/90/568
f 582/89/569 583/100/570 580/312/567
f 580/312/567 581/90/568 582/89/569
f 584/313/571 582/89/569 585/314/572
f 581/90/568 585/314/572 582/89/569
f 189/85/189 586/84/573 581/90/568
f 585/314/572 581/90/568 586/84/573
f 189/85/189 191/81/191 586/84/573
f 191/81/191 194/315/194 586/84/573
f 587/316/574 585/314/572 588/74/575
f 586/84/573 588/74/575 585/314/572
f 194/315/194 589/317/576 586/84/573
f 588/74/575 586/84/573 589/317/576
f 194/315/194 213/318/213 589/317/576
f 213/318/213 241/71/241 589/317/576
f 588/74/575 590/319/577 591/320/578
f 590/319/577 588/74/575 589/317/576
f 241/71/241 592/66/579 589/317/576
f 589/317/576 592/66/579 590/319/577
f 241/71/241 238/67/238 592/66/579
f 238/67/238 235/61/235 592/66/579
f 593/321/580 591/320/578 590/319/577
f 593/321/580 590/319/577 592/66/579
f 235/61/235 594/322/581 592/66/579
f 592/66/579 594/322/581 593/321/580
f 235/61/235 233/57/233 594/322/581
f 233/57/233 234/54/234 594/322/581
f 595/323/582 596/324/583 593/321/580
f 595/323/582 593/321/580 594/322/581
f 234/54/234 597/325/584 594/322/581
f 594/322/581 597/325/584 595/323/582
f 234/54/234 258/50/258 597/325/584
f 258/50/258 255/326/255 597/325/584
f 598/327/585 599/328/586 595/323/582
f 597/325/584 598/327/585 595/323/582
f 598/327/585 521/258/508 523/260/510
f 255/326/255 600/329/587 597/325/584
f 597/325/584 600/329/587 598/327/585
f 600/329/587 521/258/508 598/327/585
f 255/326/255 252/42/252 600/329/587
f 600/329/587 519/256/506 521/258/508
f 252/42/252 247/37/247 600/329/587
f 247/37/247 519/256/506 600/329/587
f 247/37/247 249/255/249 519/256/506
f 364/43/364 365/44/365 4440/957/3868
f 367/46/367 364/43/364 4440/957/3868
f 371/52/370 368/47/368 367/46/367
f 373/55/372 371/52/370 4441/958/3869
f 376/59/375 373/55/372 4441/958/3869
f 378/62/377 375/58/374 376/59/375
f 378/62/377 384/69/382 381/65/378
f 384/69/382 387/73/384 383/68/381
f 387/73/384 4442/959/3870 386/72/381
f 389/75/386 386/72/381 4442/959/3870
f 389/75/386 4443/960/3871 391/78/388
f 393/82/390 391/78/388 4443/960/3871
f 396/86/391 393/82/390 4444/961/3872
f 398/88/394 396/86/391 4444/961/3872
f 401/92/397 399/89/395 398/88/394
f 404/96/400 401/92/397 406/100/402
f 407/101/403 406/100/402 4445/962/3873
f 411/106/406 407/101/403 4445/962/3873
f 413/110/408 411/106/406 4446/963/3874
f 416/114/411 413/110/408 4446/963/3874
f 417/115/412 416/114/411 4447/964/3875
f 420/120/415 417/115/412 4447/964/3875
f 422/122/416 420/120/415 426/127/419
f 425/126/416 426/127/419 4448/965/3876
f 429/132/422 425/126/416 4448/965/3876
f 4449/966/3877 431/135/424 429/132/422
f 434/139/427 431/135/424 4449/966/3877
f 434/139/427 4450/967/3878 436/142/426
f 437/143/429 436/142/426 4450/967/3878
f 440/147/432 438/144/430 437/143/429
f 440/147/432 446/155/438 444/152/436
f 447/156/439 446/155/438 4451/296/3879
f 450/160/441 447/156/439 4451/296/3879
f 452/164/443 450/160/441 4452/968/3880
f 455/168/446 452/164/443 4452/968/3880
f 457/171/448 454/167/445 455/168/446
f 459/173/450 457/171/448 4453/969/3881
f 462/177/453 459/173/450 4453/969/3881
f 465/181/456 462/177/453 4454/970/3882
f 467/185/458 465/181/456 4454/970/3882
f 470/189/461 467/185/458 4455/971/3883
f 473/193/464 470/189/461 4455/971/3883
f 475/195/463 473/193/464 478/200/468
f 477/199/467 478/200/468 4456/972/3884
f 481/204/471 477/199/467 4456/972/3884
f 486/210/476 483/207/473 481/204/471
f 486/210/476 4457/973/3885 485/209/475
f 489/214/479 485/209/475 4457/973/3885
f 489/214/479 4458/974/3886 491/218/481
f 494/222/484 491/218/481 4458/974/3886
f 494/222/484 4459/975/3887 496/225/486
f 498/227/488 496/225/486 4459/975/3887
f 501/230/490 499/228/486 498/227/488
f 503/233/492 502/231/491 501/230/490
f 506/237/494 504/234/491 503/233/492
f 509/242/497 506/237/494 4460/976/3888
f 513/248/501 509/242/497 4460/976/3888
f 515/250/500 513/248/501 518/254/505
f 517/253/504 518/254/505 4461/977/3889
f 365/44/365 517/253/504 4461/977/3889
f 523/260/510 522/259/509 4462/978/3890
f 522/259/509 524/261/511 4462/978/3890
f 525/262/512 527/265/514 524/261/511
f 528/266/515 530/268/517 527/265/514
f 530/268/517 533/271/520 4463/979/3891
f 536/275/523 4463/979/3891 533/271/520
f 536/275/523 539/278/526 542/281/529
f 542/281/529 541/280/528 4464/980/3892
f 541/280/528 545/285/532 4464/980/3892
f 545/285/532 547/287/534 550/290/537
f 550/290/537 549/289/536 4465/981/3893
f 549/289/536 551/171/538 4465/981/3893
f 552/291/539 556/293/543 551/171/538
f 556/293/543 558/294/545 560/296/547
f 560/296/547 559/295/546 563/299/550
f 563/299/550 562/142/549 4466/967/3894
f 566/300/553 4466/967/3894 562/142/549
f 566/300/553 569/303/556 572/305/559
f 572/305/559 571/304/558 575/309/562
f 575/309/562 574/308/561 4467/982/3895
f 574/308/561 577/310/564 4467/982/3895
f 577/310/564 580/312/567 583/100/570
f 583/100/570 582/89/569 4468/88/3896
f 582/89/569 584/313/571 4468/88/3896
f 585/314/572 587/316/574 584/313/571
f 591/320/578 587/316/574 588/74/575
f 591/320/578 593/321/580 596/324/583
f 596/324/583 595/323/582 599/328/586
f 599/328/586 598/327/585 4469/983/3897
f 598/327/585 523/260/510 4469/983/3897
f 4470/984/3898 4471/985/3899 365/44/365
f 4470/984/3898 4472/986/3900 4471/985/3899
f 4470/984/3898 365/44/365 4461/977/3889
f 4472/986/3900 4470/984/3898 4473/987/3901
f 4474/988/3902 4470/984/3898 4461/977/3889
f 4474/988/3902 4473/987/3901 4470/984/3898
f 4473/987/3901 4474/988/3902 4475/989/3903
f 4474/988/3902 4461/977/3889 518/254/505
f 4474/988/3902 4476/990/3904 4475/989/3903
f 518/254/505 4477/991/3905 4474/988/3902
f 4476/990/3904 4474/988/3902 4477/991/3905
f 4477/991/3905 518/254/505 513/248/501
f 4478/992/3906 4476/990/3904 4477/991/3905
f 513/248/501 4478/992/3906 4477/991/3905
f 4476/990/3904 4478/992/3906 4479/993/3907
f 4478/992/3906 513/248/501 4460/976/3888
f 4480/994/3908 4479/993/3907 4478/992/3906
f 4460/976/3888 4480/994/3908 4478/992/3906
f 4479/993/3907 4480/994/3908 4481/995/3909
f 4480/994/3908 4460/976/3888 506/237/494
f 4482/996/3910 4481/995/3909 4480/994/3908
f 506/237/494 4482/996/3910 4480/994/3908
f 4481/995/3909 4482/996/3910 4483/997/3911
f 4482/996/3910 506/237/494 503/233/492
f 4484/998/3912 4483/997/3911 4482/996/3910
f 503/233/492 4484/998/3912 4482/996/3910
f 4483/997/3911 4484/998/3912 4485/999/3913
f 4484/998/3912 503/233/492 501/230/490
f 4484/998/3912 4486/1000/3914 4485/999/3913
f 501/230/490 4487/1001/3915 4484/998/3912
f 4486/1000/3914 4484/998/3912 4487/1001/3915
f 4487/1001/3915 501/230/490 498/227/488
f 4488/1002/3916 4486/1000/3914 4487/1001/3915
f 498/227/488 4488/1002/3916 4487/1001/3915
f 4488/1002/3916 498/227/488 4459/975/3887
f 4486/1000/3914 4488/1002/3916 4489/1003/3917
f 494/222/484 4488/1002/3916 4459/975/3887
f 4490/1004/3918 4489/1003/3917 4488/1002/3916
f 4488/1002/3916 494/222/484 4490/1004/3918
f 4489/1003/3917 4490/1004/3918 4491/1005/3919
f 4458/974/3886 4490/1004/3918 494/222/484
f 4492/1006/3920 4491/1005/3919 4490/1004/3918
f 4490/1004/3918 4458/974/3886 4492/1006/3920
f 4491/1005/3919 4492/1006/3920 4493/1007/3921
f 489/214/479 4492/1006/3920 4458/974/3886
f 4494/1008/3922 4493/1007/3921 4492/1006/3920
f 4492/1006/3920 489/214/479 4495/1009/3923
f 4492/1006/3920 4495/1009/3923 4494/1008/3922
f 4457/973/3885 4495/1009/3923 489/214/479
f 4496/1010/3924 4494/1008/3922 4495/1009/3923
f 4495/1009/3923 4457/973/3885 4496/1010/3924
f 4494/1008/3922 4496/1010/3924 4497/1011/3925
f 486/210/476 4496/1010/3924 4457/973/3885
f 4498/1012/3926 4497/1011/3925 4496/1010/3924
f 4496/1010/3924 486/210/476 4498/1012/3926
f 4497/1011/3925 4498/1012/3926 4499/1013/3927
f 481/204/471 4498/1012/3926 486/210/476
f 4500/1014/3928 4499/1013/3927 4498/1012/3926
f 4498/1012/3926 481/204/471 4501/1015/3929
f 4498/1012/3926 4501/1015/3929 4500/1014/3928
f 4502/1016/3930 4501/1015/3929 481/204/471
f 4502/1016/3930 4500/1014/3928 4501/1015/3929
f 4500/1014/3928 4502/1016/3930 4503/1017/3931
f 481/204/471 4456/972/3884 4502/1016/3930
f 4504/1018/3932 4503/1017/3931 4502/1016/3930
f 4505/1019/3933 4502/1016/3930 4456/972/3884
f 4502/1016/3930 4505/1019/3933 4504/1018/3932
f 4456/972/3884 478/200/468 4505/1019/3933
f 4505/1019/3933 4506/1020/3934 4504/1018/3932
f 4507/1021/3935 4505/1019/3933 478/200/468
f 4505/1019/3933 4507/1021/3935 4506/1020/3934
f 478/200/468 473/193/464 4507/1021/3935
f 4455/971/3883 4507/1021/3935 473/193/464
f 4508/1022/3936 4506/1020/3934 4507/1021/3935
f 4507/1021/3935 4455/971/3883 4508/1022/3936
f 4506/1020/3934 4508/1022/3936 4509/1023/3937
f 4508/1022/3936 4510/1024/3938 4509/1023/3937
f 4455/971/3883 4511/1025/3939 4508/1022/3936
f 4508/1022/3936 4511/1025/3939 4510/1024/3938
f 4455/971/3883 467/185/458 4511/1025/3939
f 4512/1026/3940 4510/1024/3938 4511/1025/3939
f 467/185/458 4512/1026/3940 4511/1025/3939
f 4510/1024/3938 4512/1026/3940 4513/1027/3941
f 4512/1026/3940 467/185/458 4454/970/3882
f 4514/1028/3942 4513/1027/3941 4512/1026/3940
f 4454/970/3882 4514/1028/3942 4512/1026/3940
f 4513/1027/3941 4514/1028/3942 4515/1029/3943
f 4514/1028/3942 4454/970/3882 462/177/453
f 4514/1028/3942 4516/1030/3944 4515/1029/3943
f 462/177/453 4517/1031/3945 4514/1028/3942
f 4516/1030/3944 4514/1028/3942 4517/1031/3945
f 4517/1031/3945 462/177/453 4453/969/3881
f 4517/1031/3945 4518/1032/3946 4516/1030/3944
f 4453/969/3881 4519/1033/3947 4517/1031/3945
f 4518/1032/3946 4517/1031/3945 4519/1033/3947
f 4519/1033/3947 4453/969/3881 457/171/448
f 4519/1033/3947 4520/1034/3948 4518/1032/3946
f 457/171/448 4521/1035/3949 4519/1033/3947
f 4520/1034/3948 4519/1033/3947 4521/1035/3949
f 4521/1035/3949 457/171/448 455/168/446
f 4521/1035/3949 4522/1036/3950 4520/1034/3948
f 455/168/446 4523/1037/3951 4521/1035/3949
f 4522/1036/3950 4521/1035/3949 4523/1037/3951
f 4523/1037/3951 455/168/446 4452/968/3880
f 4523/1037/3951 4524/1038/3952 4522/1036/3950
f 4452/968/3880 4525/1039/3953 4523/1037/3951
f 4524/1038/3952 4523/1037/3951 4525/1039/3953
f 4525/1039/3953 4452/968/3880 450/160/441
f 4451/296/3879 4525/1039/3953 450/160/441
f 4526/1040/3954 4524/1038/3952 4525/1039/3953
f 4525/1039/3953 4451/296/3879 4526/1040/3954
f 4524/1038/3952 4526/1040/3954 4527/1041/3955
f 446/155/438 4526/1040/3954 4451/296/3879
f 4528/1042/3956 4527/1041/3955 4526/1040/3954
f 4526/1040/3954 446/155/438 4529/1043/3957
f 4528/1042/3956 4526/1040/3954 4529/1043/3957
f 440/147/432 4529/1043/3957 446/155/438
f 4530/1044/3958 4528/1042/3956 4529/1043/3957
f 4529/1043/3957 440/147/432 4531/1045/3959
f 4530/1044/3958 4529/1043/3957 4531/1045/3959
f 440/147/432 4532/1046/3960 4531/1045/3959
f 4532/1046/3960 4530/1044/3958 4531/1045/3959
f 440/147/432 437/143/429 4532/1046/3960
f 4530/1044/3958 4532/1046/3960 4533/1047/3961
f 437/143/429 4534/1048/3962 4532/1046/3960
f 4534/1048/3962 4533/1047/3961 4532/1046/3960
f 4533/1047/3961 4534/1048/3962 4535/1049/3963
f 437/143/429 4450/967/3878 4534/1048/3962
f 4536/1050/3964 4535/1049/3963 4534/1048/3962
f 4537/1051/3965 4534/1048/3962 4450/967/3878
f 4534/1048/3962 4537/1051/3965 4536/1050/3964
f 4450/967/3878 434/139/427 4537/1051/3965
f 4449/966/3877 4537/1051/3965 434/139/427
f 4538/1052/3966 4536/1050/3964 4537/1051/3965
f 4537/1051/3965 4449/966/3877 4538/1052/3966
f 4536/1050/3964 4538/1052/3966 4539/1053/3967
f 4540/1054/3968 4538/1052/3966 4449/966/3877
f 4540/1054/3968 4539/1053/3967 4538/1052/3966
f 4449/966/3877 429/132/422 4540/1054/3968
f 4539/1053/3967 4540/1054/3968 4541/1055/3969
f 4542/1056/3970 4540/1054/3968 429/132/422
f 4542/1056/3970 4541/1055/3969 4540/1054/3968
f 429/132/422 4448/965/3876 4542/1056/3970
f 4541/1055/3969 4542/1056/3970 4543/1057/3971
f 426/127/419 4542/1056/3970 4448/965/3876
f 4544/1058/3972 4543/1057/3971 4542/1056/3970
f 4542/1056/3970 426/127/419 4544/1058/3972
f 4543/1057/3971 4544/1058/3972 4545/1059/3973
f 4546/1060/3974 4544/1058/3972 426/127/419
f 4546/1060/3974 4545/1059/3973 4544/1058/3972
f 4545/1059/3973 4546/1060/3974 4547/1061/3975
f 426/127/419 420/120/415 4546/1060/3974
f 4546/1060/3974 4548/1062/3976 4547/1061/3975
f 420/120/415 4549/1063/3977 4546/1060/3974
f 4546/1060/3974 4549/1063/3977 4548/1062/3976
f 420/120/415 4447/964/3875 4549/1063/3977
f 4550/1064/3978 4548/1062/3976 4549/1063/3977
f 4447/964/3875 4550/1064/3978 4549/1063/3977
f 4447/964/3875 416/114/411 4550/1064/3978
f 4548/1062/3976 4550/1064/3978 4551/1065/3979
f 4446/963/3874 4550/1064/3978 416/114/411
f 4552/1066/3980 4551/1065/3979 4550/1064/3978
f 4550/1064/3978 4446/963/3874 4552/1066/3980
f 4551/1065/3979 4552/1066/3980 4553/1067/3981
f 4552/1066/3980 4554/1068/3982 4553/1067/3981
f 4446/963/3874 4555/1069/3983 4552/1066/3980
f 4554/1068/3982 4552/1066/3980 4555/1069/3983
f 4555/1069/3983 4446/963/3874 411/106/406
f 4445/962/3873 4555/1069/3983 411/106/406
f 4556/1070/3984 4554/1068/3982 4555/1069/3983
f 4555/1069/3983 4445/962/3873 4556/1070/3984
f 4554/1068/3982 4556/1070/3984 4557/1071/3985
f 406/100/402 4556/1070/3984 4445/962/3873
f 4558/1072/3986 4557/1071/3985 4556/1070/3984
f 4556/1070/3984 406/100/402 4558/1072/3986
f 4557/1071/3985 4558/1072/3986 4559/1073/3987
f 401/92/397 4558/1072/3986 406/100/402
f 4558/1072/3986 4560/1074/3988 4559/1073/3987
f 4558/1072/3986 401/92/397 4561/1075/3989
f 4560/1074/3988 4558/1072/3986 4561/1075/3989
f 401/92/397 4562/1076/3990 4561/1075/3989
f 4562/1076/3990 4560/1074/3988 4561/1075/3989
f 4560/1074/3988 4562/1076/3990 4563/1077/3991
f 4562/1076/3990 401/92/397 398/88/394
f 4562/1076/3990 4564/1078/3992 4563/1077/3991
f 398/88/394 4565/1079/3993 4562/1076/3990
f 4564/1078/3992 4562/1076/3990 4565/1079/3993
f 4565/1079/3993 398/88/394 4444/961/3872
f 4565/1079/3993 4566/1080/3994 4564/1078/3992
f 4444/961/3872 4567/1081/3995 4565/1079/3993
f 4566/1080/3994 4565/1079/3993 4567/1081/3995
f 4567/1081/3995 4444/961/3872 393/82/390
f 4567/1081/3995 4568/1082/3996 4566/1080/3994
f 4443/960/3871 4567/1081/3995 393/82/390
f 4568/1082/3996 4567/1081/3995 4569/1083/3997
f 4567/1081/3995 4443/960/3871 4569/1083/3997
f 4570/1084/3998 4568/1082/3996 4569/1083/3997
f 4570/1084/3998 4569/1083/3997 4443/960/3871
f 4570/1084/3998 4443/960/3871 389/75/386
f 4568/1082/3996 4570/1084/3998 4571/1085/3999
f 4442/959/3870 4570/1084/3998 389/75/386
f 4572/1086/4000 4571/1085/3999 4570/1084/3998
f 4570/1084/3998 4442/959/3870 4572/1086/4000
f 4571/1085/3999 4572/1086/4000 4573/1087/4001
f 387/73/384 4572/1086/4000 4442/959/3870
f 4574/1088/4002 4573/1087/4001 4572/1086/4000
f 4572/1086/4000 387/73/384 4574/1088/4002
f 4573/1087/4001 4574/1088/4002 4575/1089/4003
f 384/69/382 4574/1088/4002 387/73/384
f 4576/1090/4004 4575/1089/4003 4574/1088/4002
f 4574/1088/4002 384/69/382 4576/1090/4004
f 4575/1089/4003 4576/1090/4004 4577/1091/4005
f 378/62/377 4576/1090/4004 384/69/382
f 4578/1092/4006 4577/1091/4005 4576/1090/4004
f 4576/1090/4004 378/62/377 4579/1093/4007
f 4576/1090/4004 4579/1093/4007 4578/1092/4006
f 4580/1094/4008 4579/1093/4007 378/62/377
f 4580/1094/4008 4578/1092/4006 4579/1093/4007
f 378/62/377 376/59/375 4580/1094/4008
f 4578/1092/4006 4580/1094/4008 4581/1095/4009
f 4582/1096/4010 4580/1094/4008 376/59/375
f 4582/1096/4010 4581/1095/4009 4580/1094/4008
f 376/59/375 4441/958/3869 4582/1096/4010
f 4581/1095/4009 4582/1096/4010 4583/1097/4011
f 4584/1098/4012 4582/1096/4010 4441/958/3869
f 4584/1098/4012 4583/1097/4011 4582/1096/4010
f 4441/958/3869 371/52/370 4584/1098/4012
f 4583/1097/4011 4584/1098/4012 4585/1099/4013
f 367/46/367 4584/1098/4012 371/52/370
f 4586/1100/4014 4585/1099/4013 4584/1098/4012
f 4584/1098/4012 367/46/367 4586/1100/4014
f 4585/1099/4013 4586/1100/4014 4587/1101/4015
f 4440/957/3868 4586/1100/4014 367/46/367
f 4588/1102/4016 4587/1101/4015 4586/1100/4014
f 4586/1100/4014 4440/957/3868 4588/1102/4016
f 4587/1101/4015 4588/1102/4016 4589/1103/4017
f 365/44/365 4588/1102/4016 4440/957/3868
f 4588/1102/4016 4472/986/3900 4589/1103/4017
f 4588/1102/4016 365/44/365 4471/985/3899
f 4588/1102/4016 4471/985/3899 4472/986/3900
f 4590/988/4018 4591/1104/4019 4592/1105/4020
f 523/260/510 4590/988/4018 4592/1105/4020
f 4591/1104/4019 4590/988/4018 4593/989/4021
f 4590/988/4018 523/260/510 4462/978/3890
f 4594/992/4022 4593/989/4021 4590/988/4018
f 4462/978/3890 4594/992/4022 4590/988/4018
f 4593/989/4021 4594/992/4022 4595/993/4023
f 4462/978/3890 524/261/511 4594/992/4022
f 4596/1106/4024 4595/993/4023 4594/992/4022
f 524/261/511 4596/1106/4024 4594/992/4022
f 4596/1106/4024 524/261/511 527/265/514
f 4595/993/4023 4596/1106/4024 4597/997/4025
f 530/268/517 4596/1106/4024 527/265/514
f 4598/1001/4026 4597/997/4025 4596/1106/4024
f 4596/1106/4024 530/268/517 4598/1001/4026
f 4597/997/4025 4598/1001/4026 4599/1000/4027
f 4600/1005/4028 4599/1000/4027 4598/1001/4026
f 4601/1004/4029 4598/1001/4026 530/268/517
f 4600/1005/4028 4598/1001/4026 4601/1004/4029
f 4601/1004/4029 530/268/517 4463/979/3891
f 4602/1008/4030 4600/1005/4028 4601/1004/4029
f 536/275/523 4601/1004/4029 4463/979/3891
f 4601/1004/4029 536/275/523 4603/1009/4031
f 4602/1008/4030 4601/1004/4029 4603/1009/4031
f 542/281/529 4603/1009/4031 536/275/523
f 4604/1012/4032 4602/1008/4030 4603/1009/4031
f 4603/1009/4031 542/281/529 4604/1012/4032
f 4602/1008/4030 4604/1012/4032 4605/1013/4033
f 542/281/529 4464/980/3892 4604/1012/4032
f 4606/1016/4034 4605/1013/4033 4604/1012/4032
f 4604/1012/4032 4464/980/3892 4606/1016/4034
f 4605/1013/4033 4606/1016/4034 4607/1017/4035
f 4608/1020/4036 4607/1017/4035 4606/1016/4034
f 4609/1021/4037 4606/1016/4034 4464/980/3892
f 4606/1016/4034 4609/1021/4037 4608/1020/4036
f 4464/980/3892 545/285/532 4609/1021/4037
f 4609/1021/4037 4610/1024/4038 4608/1020/4036
f 4611/1025/4039 4609/1021/4037 545/285/532
f 4609/1021/4037 4611/1025/4039 4610/1024/4038
f 545/285/532 550/290/537 4611/1025/4039
f 4611/1025/4039 4612/1029/4040 4610/1024/4038
f 4465/981/3893 4611/1025/4039 550/290/537
f 4612/1029/4040 4611/1025/4039 4613/1028/4041
f 4611/1025/4039 4465/981/3893 4613/1028/4041
f 4613/1028/4041 4614/1032/4042 4612/1029/4040
f 551/171/538 4613/1028/4041 4465/981/3893
f 4613/1028/4041 551/171/538 4615/1107/4043
f 4614/1032/4042 4613/1028/4041 4615/1107/4043
f 556/293/543 4615/1107/4043 551/171/538
f 4616/1037/4044 4614/1032/4042 4615/1107/4043
f 4615/1107/4043 556/293/543 4616/1037/4044
f 4614/1032/4042 4616/1037/4044 4617/1036/4045
f 560/296/547 4616/1037/4044 556/293/543
f 4618/1040/4046 4617/1036/4045 4616/1037/4044
f 4616/1037/4044 560/296/547 4618/1040/4046
f 4617/1036/4045 4618/1040/4046 4619/1041/4047
f 563/299/550 4618/1040/4046 560/296/547
f 4620/1108/4048 4619/1041/4047 4618/1040/4046
f 4618/1040/4046 563/299/550 4620/1108/4048
f 4619/1041/4047 4620/1108/4048 4621/1109/4049
f 4622/1048/4050 4620/1108/4048 563/299/550
f 4622/1048/4050 4621/1109/4049 4620/1108/4048
f 4621/1109/4049 4622/1048/4050 4623/1049/4051
f 4622/1048/4050 563/299/550 4466/967/3894
f 4624/1053/4052 4623/1049/4051 4622/1048/4050
f 4625/1052/4053 4622/1048/4050 4466/967/3894
f 4622/1048/4050 4625/1052/4053 4624/1053/4052
f 4466/967/3894 566/300/553 4625/1052/4053
f 4626/1057/4054 4624/1053/4052 4625/1052/4053
f 572/305/559 4625/1052/4053 566/300/553
f 4625/1052/4053 4627/1110/4055 4626/1057/4054
f 4625/1052/4053 572/305/559 4627/1110/4055
f 4628/1061/4056 4626/1057/4054 4627/1110/4055
f 575/309/562 4627/1110/4055 572/305/559
f 4627/1110/4055 4629/1060/4057 4628/1061/4056
f 4627/1110/4055 575/309/562 4629/1060/4057
f 4629/1060/4057 4630/1065/4058 4628/1061/4056
f 4467/982/3895 4629/1060/4057 575/309/562
f 4629/1060/4057 4631/1064/4059 4630/1065/4058
f 4629/1060/4057 4467/982/3895 4631/1064/4059
f 4631/1064/4059 4632/1068/4060 4630/1065/4058
f 577/310/564 4631/1064/4059 4467/982/3895
f 4631/1064/4059 577/310/564 4633/1069/4061
f 4632/1068/4060 4631/1064/4059 4633/1069/4061
f 583/100/570 4633/1069/4061 577/310/564
f 4634/1072/4062 4632/1068/4060 4633/1069/4061
f 4633/1069/4061 583/100/570 4634/1072/4062
f 4632/1068/4060 4634/1072/4062 4635/1073/4063
f 4634/1072/4062 4636/1077/4064 4635/1073/4063
f 583/100/570 4637/1076/4065 4634/1072/4062
f 4636/1077/4064 4634/1072/4062 4637/1076/4065
f 4637/1076/4065 583/100/570 4468/88/3896
f 4637/1076/4065 4638/1080/4066 4636/1077/4064
f 4468/88/3896 4639/1081/4067 4637/1076/4065
f 4638/1080/4066 4637/1076/4065 4639/1081/4067
f 4639/1081/4067 4468/88/3896 584/313/571
f 4640/1084/4068 4638/1080/4066 4639/1081/4067
f 584/313/571 4640/1084/4068 4639/1081/4067
f 4638/1080/4066 4640/1084/4068 4641/1085/4069
f 4640/1084/4068 584/313/571 587/316/574
f 4642/1088/4070 4641/1085/4069 4640/1084/4068
f 4642/1088/4070 4640/1084/4068 587/316/574
f 4641/1085/4069 4642/1088/4070 4643/1089/4071
f 4642/1088/4070 587/316/574 591/320/578
f 4644/1092/4072 4643/1089/4071 4642/1088/4070
f 4645/1093/4073 4642/1088/4070 591/320/578
f 4642/1088/4070 4645/1093/4073 4644/1092/4072
f 591/320/578 596/324/583 4645/1093/4073
f 4646/1097/4074 4644/1092/4072 4645/1093/4073
f 599/328/586 4645/1093/4073 596/324/583
f 4645/1093/4073 4647/1096/4075 4646/1097/4074
f 4645/1093/4073 599/328/586 4647/1096/4075
f 4648/1101/4076 4646/1097/4074 4647/1096/4075
f 4469/983/3897 4647/1096/4075 599/328/586
f 4647/1096/4075 4649/1100/4077 4648/1101/4076
f 4647/1096/4075 4469/983/3897 4649/1100/4077
f 4649/1100/4077 4591/1104/4019 4648/1101/4076
f 523/260/510 4649/1100/4077 4469/983/3897
f 4649/1100/4077 4592/1105/4020 4591/1104/4019
f 4649/1100/4077 523/260/510 4592/1105/4020
usemtl e50:MI_Change_Brake1
f 601/330/588 602/331/588 603/330/588
f 604/332/589 603/333/590 605/332/589
f 601/333/591 603/333/591 604/332/591
f 604/332/589 605/332/589 606/334/592
f 606/334/592 605/332/589 607/334/592
f 606/334/592 607/334/592 608/335/593
f 608/335/593 607/334/592 609/335/593
f 610/336/594 611/337/594 612/338/594
f 612/338/594 613/339/594 610/336/594
f 614/340/594 613/339/594 612/338/594
f 614/340/594 615/341/594 613/339/594
f 616/342/594 615/341/594 614/340/594
f 616/342/594 617/343/594 615/341/594
f 618/344/594 617/343/594 616/342/594
f 618/344/594 619/345/594 617/343/594
f 620/346/594 619/345/594 618/344/594
f 620/346/594 621/347/594 619/345/594
f 622/348/594 621/347/594 620/346/594
f 621/347/594 622/348/594 623/349/594
f 611/350/594 610/351/594 624/352/594
f 624/352/594 625/353/594 611/350/594
f 625/353/594 624/352/594 626/354/594
f 626/354/594 627/355/594 625/353/594
f 627/355/594 626/354/594 628/356/594
f 628/356/594 629/357/594 627/355/594
f 629/357/594 628/356/594 630/358/594
f 630/358/594 631/359/594 629/357/594
f 631/359/594 630/358/594 632/360/594
f 632/360/594 633/361/594 631/359/594
f 634/362/594 633/361/594 632/360/594
f 634/362/594 635/363/594 633/361/594
f 623/349/595 636/349/595 637/347/596
f 623/349/595 637/347/596 621/347/596
f 621/347/596 637/347/596 638/345/597
f 621/347/596 638/345/597 619/345/597
f 619/345/597 638/345/597 639/364/598
f 619/345/597 639/364/598 617/343/598
f 640/365/599 617/343/598 639/364/598
f 617/343/598 640/365/599 615/341/599
f 615/341/599 640/365/599 641/339/600
f 615/341/599 641/339/600 613/339/600
f 613/339/600 641/339/600 642/336/601
f 613/339/600 642/336/601 610/336/601
f 610/351/601 642/351/601 643/352/602
f 610/351/601 643/352/602 624/352/602
f 624/352/602 643/352/602 644/354/603
f 624/352/602 644/354/603 626/354/604
f 645/366/605 626/354/604 644/354/603
f 626/354/604 645/366/605 628/356/606
f 646/358/607 628/356/606 645/366/605
f 628/356/606 646/358/607 630/358/608
f 647/360/609 630/358/608 646/358/607
f 630/358/608 647/360/609 632/360/610
f 648/362/611 632/360/610 647/360/609
f 632/360/610 648/362/611 634/362/611
f 649/367/612 650/367/612 651/368/613
f 649/367/612 651/368/613 652/368/614
f 652/368/614 651/368/613 653/369/615
f 652/368/614 653/369/615 654/369/615
f 654/369/615 653/369/615 655/370/616
f 654/369/615 655/370/616 656/370/616
f 656/370/616 655/370/616 657/371/617
f 656/370/616 657/371/617 658/372/617
f 658/372/617 657/371/617 659/373/618
f 658/372/617 659/373/618 660/374/619
f 661/375/620 660/374/619 659/373/618
f 660/374/619 661/375/620 662/375/620
f 663/376/621 664/376/621 665/377/622
f 663/376/621 665/377/622 666/377/622
f 666/377/622 665/377/622 667/378/623
f 666/377/622 667/378/623 668/378/623
f 668/378/623 667/378/623 669/379/624
f 668/378/623 669/379/624 670/379/624
f 670/379/624 669/379/624 671/380/625
f 670/379/624 671/380/625 672/380/625
f 672/380/625 671/380/625 673/381/626
f 672/380/625 673/381/626 674/381/626
f 674/381/626 673/381/626 650/382/612
f 674/381/626 650/382/612 649/382/612
f 675/383/627 676/383/627 677/384/628
f 677/384/628 678/384/628 675/383/627
f 678/384/628 677/384/628 679/385/629
f 678/384/628 679/385/629 680/385/630
f 680/385/630 679/385/629 681/386/631
f 680/385/630 681/386/631 682/386/632
f 682/386/632 681/386/631 683/387/633
f 682/386/632 683/387/633 684/388/633
f 684/388/633 683/387/633 685/389/634
f 684/388/633 685/389/634 686/389/635
f 686/389/635 685/389/634 664/390/621
f 686/389/635 664/390/621 663/390/621
f 676/391/627 675/391/627 687/392/636
f 687/392/636 688/393/636 676/391/627
f 688/393/636 687/392/636 689/394/637
f 689/394/637 690/394/637 688/393/636
f 690/394/637 689/394/637 691/395/638
f 691/395/638 692/396/638 690/394/637
f 692/396/638 691/395/638 693/397/639
f 693/397/639 694/397/640 692/396/638
f 694/397/640 693/397/639 695/398/641
f 695/398/641 696/398/642 694/397/640
f 696/398/642 695/398/641 697/399/590
f 697/399/590 698/399/590 696/398/642
f 698/400/590 697/400/590 699/401/643
f 699/401/643 700/402/643 698/400/590
f 700/402/643 699/401/643 701/403/589
f 701/403/589 702/403/589 700/402/643
f 702/403/589 701/403/589 703/404/644
f 703/404/644 704/405/644 702/403/589
f 704/405/644 703/404/644 705/406/592
f 705/406/592 706/406/645 704/405/644
f 706/406/645 705/406/592 707/407/646
f 707/407/646 708/407/647 706/406/645
f 708/407/647 707/407/646 709/408/648
f 709/408/648 710/409/648 708/407/647
f 710/410/648 709/410/648 711/411/649
f 711/411/649 712/412/649 710/410/648
f 712/412/649 711/411/649 713/413/650
f 713/413/650 714/413/651 712/412/649
f 714/413/651 713/413/650 715/414/652
f 714/413/651 715/414/652 716/414/652
f 717/415/653 716/414/652 715/414/652
f 716/414/652 717/415/653 718/415/653
f 718/415/653 717/415/653 719/416/654
f 718/415/653 719/416/654 720/416/654
f 720/416/654 719/416/654 636/417/595
f 720/416/654 636/417/595 623/417/595
f 721/418/612 722/418/612 723/419/655
f 724/419/656 723/419/655 722/418/612
f 723/419/655 724/419/656 725/420/617
f 726/421/617 725/420/617 724/419/656
f 725/420/617 726/421/617 727/422/657
f 727/422/657 726/421/617 728/422/620
f 722/423/612 721/423/612 729/424/625
f 730/424/658 729/424/625 721/423/612
f 729/424/625 730/424/658 731/425/623
f 732/426/623 731/425/623 730/424/658
f 731/425/623 732/426/623 733/427/621
f 734/427/621 733/427/621 732/426/623
f 733/428/621 734/428/621 735/429/659
f 736/430/659 735/429/659 734/428/621
f 735/429/659 736/430/659 737/431/660
f 738/431/661 737/431/660 736/430/659
f 737/431/660 738/431/661 739/432/662
f 739/432/662 738/431/661 740/432/662
f 739/433/662 740/433/662 741/434/637
f 741/434/637 740/433/662 742/435/637
f 741/434/637 742/435/637 743/331/640
f 743/331/640 742/435/637 602/331/639
f 602/331/639 601/330/590 743/331/640
f 744/436/594 635/350/594 634/437/594
f 744/436/594 745/438/594 635/350/594
f 746/439/594 745/438/594 744/436/594
f 745/438/594 746/439/594 747/355/594
f 748/440/594 747/355/594 746/439/594
f 747/355/594 748/440/594 749/441/594
f 750/442/594 749/441/594 748/440/594
f 749/441/594 750/442/594 751/443/594
f 752/444/594 751/443/594 750/442/594
f 751/443/594 752/444/594 753/445/594
f 752/444/594 754/446/594 753/445/594
f 754/446/594 752/444/594 755/447/594
f 756/448/594 757/449/594 661/450/594
f 757/449/594 756/448/594 758/451/594
f 758/451/594 759/452/594 757/449/594
f 759/452/594 758/451/594 760/453/594
f 760/453/594 761/454/594 759/452/594
f 761/454/594 760/453/594 762/455/594
f 762/455/594 763/456/594 761/454/594
f 763/456/594 762/455/594 764/457/594
f 764/457/594 765/458/594 763/456/594
f 765/458/594 764/457/594 766/459/594
f 754/460/594 765/458/594 766/459/594
f 765/458/594 754/460/594 755/461/594
f 661/375/594 767/462/594 756/463/594
f 767/462/594 661/375/594 659/373/594
f 659/373/594 768/464/594 767/462/594
f 768/464/594 659/373/594 657/371/594
f 657/371/594 769/465/594 768/464/594
f 769/465/594 657/371/594 655/370/594
f 655/370/594 770/466/594 769/465/594
f 770/466/594 655/370/594 653/369/594
f 653/369/594 771/467/594 770/466/594
f 771/467/594 653/369/594 651/368/594
f 651/368/594 772/468/594 771/467/594
f 772/468/594 651/368/594 650/367/594
f 650/382/594 773/469/594 772/470/594
f 773/469/594 650/382/594 673/381/594
f 673/381/594 774/471/594 773/469/594
f 774/471/594 673/381/594 671/380/594
f 671/380/594 775/472/594 774/471/594
f 775/472/594 671/380/594 669/379/594
f 669/379/594 776/473/594 775/472/594
f 776/473/594 669/379/594 667/378/594
f 667/378/594 777/474/594 776/473/594
f 777/474/594 667/378/594 665/377/594
f 665/377/594 778/475/594 777/474/594
f 778/475/594 665/377/594 664/376/594
f 779/476/594 677/384/594 676/383/594
f 677/384/594 779/476/594 780/477/594
f 780/477/594 679/385/594 677/384/594
f 679/385/594 780/477/594 781/478/594
f 781/478/594 681/386/594 679/385/594
f 681/386/594 781/478/594 782/479/594
f 782/479/594 683/387/594 681/386/594
f 683/387/594 782/479/594 783/480/594
f 783/480/594 685/389/594 683/387/594
f 685/389/594 783/480/594 784/481/594
f 784/481/594 664/390/594 685/389/594
f 664/390/594 784/481/594 778/482/594
f 676/391/594 785/483/594 779/484/594
f 785/483/594 676/391/594 688/393/594
f 688/393/594 786/485/594 785/483/594
f 786/485/594 688/393/594 690/394/594
f 690/394/594 787/486/594 786/485/594
f 787/486/594 690/394/594 692/396/594
f 692/396/594 788/487/594 787/486/594
f 788/487/594 692/396/594 694/397/594
f 788/487/594 694/397/594 696/398/594
f 696/398/594 789/488/594 788/487/594
f 696/398/594 790/489/594 789/488/594
f 790/489/594 696/398/594 698/399/594
f 791/490/594 710/409/594 792/491/594
f 710/409/594 791/490/594 708/407/594
f 708/407/594 791/490/594 793/492/594
f 708/407/594 793/492/594 706/406/594
f 706/406/594 793/492/594 794/493/594
f 706/406/594 794/493/594 704/405/594
f 704/405/594 794/493/594 795/494/594
f 795/494/594 702/403/594 704/405/594
f 795/494/594 700/402/594 702/403/594
f 700/402/594 795/494/594 796/495/594
f 700/402/594 796/495/594 790/496/594
f 790/496/594 698/400/594 700/402/594
f 797/497/594 623/417/594 622/498/594
f 623/417/594 797/497/594 720/416/594
f 798/499/594 720/416/594 797/497/594
f 720/416/594 798/499/594 718/415/594
f 799/500/594 718/415/594 798/499/594
f 718/415/594 799/500/594 716/414/594
f 800/501/594 716/414/594 799/500/594
f 716/414/594 800/501/594 714/413/594
f 801/502/594 714/413/594 800/501/594
f 714/413/594 801/502/594 712/412/594
f 792/503/594 712/412/594 801/502/594
f 712/412/594 792/503/594 710/410/594
f 802/436/663 634/437/611 648/437/611
f 634/437/611 802/436/663 744/436/663
f 803/439/664 744/436/663 802/436/663
f 744/436/663 803/439/664 746/439/664
f 804/440/665 746/439/664 803/439/664
f 746/439/664 804/440/665 748/440/666
f 805/442/667 748/440/666 804/440/665
f 748/440/666 805/442/667 750/442/667
f 806/444/668 750/442/667 805/442/667
f 750/442/667 806/444/668 752/444/668
f 807/447/669 752/444/668 806/444/668
f 752/444/668 807/447/669 755/447/669
f 808/458/670 755/461/669 807/461/669
f 755/461/669 808/458/670 765/458/670
f 809/504/671 765/458/670 808/458/670
f 765/458/670 809/504/671 763/456/671
f 810/505/672 763/456/671 809/504/671
f 763/456/671 810/505/672 761/454/672
f 811/452/673 761/454/672 810/505/672
f 761/454/672 811/452/673 759/452/673
f 812/449/674 759/452/673 811/452/673
f 759/452/673 812/449/674 757/449/675
f 662/450/620 757/449/675 812/449/674
f 757/449/675 662/450/620 661/450/620
f 611/350/676 625/353/677 813/506/678
f 813/506/678 625/353/677 814/507/679
f 625/353/677 627/355/680 814/507/679
f 627/355/680 629/357/681 814/507/679
f 814/507/679 629/357/681 815/508/682
f 629/357/681 631/359/683 815/508/682
f 631/359/683 633/361/684 815/508/682
f 815/508/682 633/361/684 816/509/685
f 633/361/684 635/363/686 816/509/685
f 635/350/686 745/438/687 816/510/685
f 816/510/685 745/438/687 817/511/688
f 745/438/687 747/355/689 817/511/688
f 747/355/689 749/441/690 817/511/688
f 817/511/688 749/441/690 818/512/691
f 749/441/690 751/443/692 818/512/691
f 751/443/692 753/445/693 818/512/691
f 818/512/691 753/445/693 819/513/694
f 753/445/693 754/446/695 819/513/694
f 754/460/695 766/459/696 819/514/694
f 819/514/694 766/459/696 820/515/697
f 766/459/696 764/457/698 820/515/697
f 764/457/698 762/455/699 820/515/697
f 820/515/697 762/455/699 821/516/700
f 762/455/699 760/453/701 821/516/700
f 760/453/701 758/451/702 821/516/700
f 821/516/700 758/451/702 822/517/703
f 758/451/702 756/448/704 822/517/703
f 756/463/704 767/462/705 822/518/703
f 822/518/703 767/462/705 823/519/706
f 767/462/705 768/464/707 823/519/706
f 768/464/707 769/465/708 823/519/706
f 823/519/706 769/465/708 824/520/709
f 769/465/708 770/466/710 824/520/709
f 770/466/710 771/467/711 824/520/709
f 824/520/709 771/467/711 825/521/712
f 771/467/711 772/468/713 825/521/712
f 772/470/713 773/469/714 825/522/712
f 825/522/712 773/469/714 826/523/715
f 773/469/714 774/471/716 826/523/715
f 774/471/716 775/472/717 826/523/715
f 826/523/715 775/472/717 827/524/718
f 775/472/717 776/473/719 827/524/718
f 776/473/719 777/474/720 827/524/718
f 827/524/718 777/474/720 828/525/721
f 777/474/720 778/475/722 828/525/721
f 778/482/722 784/481/723 828/526/721
f 828/526/721 784/481/723 829/527/724
f 784/481/723 783/480/724 829/527/724
f 783/480/724 782/479/725 829/527/724
f 829/527/724 782/479/725 830/528/726
f 782/479/725 781/478/727 830/528/726
f 781/478/727 780/477/728 830/528/726
f 830/528/726 780/477/728 831/529/729
f 780/477/728 779/476/730 831/529/729
f 779/484/730 785/483/731 831/530/729
f 831/530/729 785/483/731 832/531/732
f 785/483/731 786/485/733 832/531/732
f 786/485/733 787/486/734 832/531/732
f 832/531/732 787/486/734 833/532/735
f 787/486/734 788/487/736 833/532/735
f 788/487/736 789/488/737 833/532/735
f 833/532/735 789/488/737 834/533/738
f 789/488/737 790/489/739 834/533/738
f 790/496/739 796/495/740 834/534/738
f 834/534/738 796/495/740 835/535/741
f 796/495/740 795/494/742 835/535/741
f 795/494/742 794/493/743 835/535/741
f 835/535/741 794/493/743 836/536/744
f 794/493/743 793/492/745 836/536/744
f 793/492/745 791/490/746 836/536/744
f 836/536/744 791/490/746 837/537/747
f 791/490/746 792/491/748 837/537/747
f 792/503/748 801/502/749 837/538/747
f 837/538/747 801/502/749 838/539/750
f 801/502/749 800/501/751 838/539/750
f 800/501/751 799/500/752 838/539/750
f 838/539/750 799/500/752 839/540/753
f 799/500/752 798/499/753 839/540/753
f 798/499/753 797/497/754 839/540/753
f 839/540/753 797/497/754 840/541/755
f 797/497/754 622/498/756 840/541/755
f 622/348/756 620/346/757 840/542/755
f 840/542/755 620/346/757 841/543/758
f 620/346/757 618/344/759 841/543/758
f 618/344/759 616/342/760 841/543/758
f 841/543/758 616/342/760 842/544/761
f 616/342/760 614/340/762 842/544/761
f 614/340/762 612/338/763 842/544/761
f 842/544/761 612/338/763 813/545/678
f 612/338/763 611/337/676 813/545/678
f 843/546/604 844/547/764 845/547/601
f 844/547/764 843/546/604 846/546/765
f 847/548/608 846/546/765 843/546/604
f 846/546/765 847/548/608 848/548/607
f 847/548/608 849/549/611 848/548/607
f 850/549/611 849/549/611 847/548/608
f 851/550/667 852/551/669 853/551/669
f 852/551/669 851/550/667 854/550/667
f 855/552/766 854/550/667 851/550/667
f 854/550/667 855/552/766 856/552/766
f 856/552/766 855/552/766 850/553/611
f 850/553/611 855/552/766 849/553/611
f 857/554/767 853/555/669 852/555/669
f 853/555/669 857/554/767 858/554/671
f 859/556/673 858/554/671 857/554/767
f 858/554/671 859/556/673 860/556/768
f 727/557/657 860/556/768 859/556/673
f 860/556/768 727/557/657 728/557/620
f 609/558/593 861/559/651 608/558/593
f 861/559/651 609/558/593 862/559/651
f 862/559/651 863/560/769 861/559/651
f 863/560/769 862/559/651 864/560/769
f 864/560/769 865/561/770 863/560/769
f 865/561/770 864/560/769 866/561/595
f 867/562/771 845/563/601 844/563/764
f 845/563/601 867/562/771 868/562/771
f 869/564/772 868/562/771 867/562/771
f 868/562/771 869/564/772 870/564/772
f 865/565/770 870/564/772 869/564/772
f 870/564/772 865/565/770 866/565/595
f 735/429/594 871/566/594 733/428/594
f 871/566/594 735/429/594 737/431/594
f 871/566/594 737/431/594 739/432/594
f 871/566/594 867/562/594 844/563/594
f 871/566/594 869/564/594 867/562/594
f 871/566/594 865/565/594 869/564/594
f 871/566/594 863/560/594 865/561/594
f 871/566/594 861/559/594 863/560/594
f 871/566/594 608/558/594 861/559/594
f 871/566/594 606/334/594 608/335/594
f 871/566/594 604/332/594 606/334/594
f 871/566/594 601/333/594 604/332/594
f 871/566/594 743/331/594 601/330/594
f 871/566/594 741/434/594 743/331/594
f 871/566/594 739/433/594 741/434/594
f 871/566/594 731/425/594 733/427/594
f 871/566/594 729/424/594 731/425/594
f 871/566/594 722/423/594 729/424/594
f 871/566/594 724/419/594 722/418/594
f 871/566/594 726/421/594 724/419/594
f 871/566/594 728/422/594 726/421/594
f 871/566/594 860/556/594 728/557/594
f 871/566/594 858/554/594 860/556/594
f 871/566/594 853/555/594 858/554/594
f 871/566/594 851/550/594 853/551/594
f 871/566/594 855/552/594 851/550/594
f 871/566/594 849/553/594 855/552/594
f 871/566/594 848/548/594 849/549/594
f 871/566/594 846/546/594 848/548/594
f 871/566/594 844/547/594 846/546/594
f 663/376/773 666/377/773 872/567/773
f 872/567/773 666/377/773 668/378/773
f 872/567/773 668/378/773 670/379/773
f 872/567/773 670/379/773 672/380/773
f 872/567/773 672/380/773 674/381/773
f 872/567/773 674/381/773 649/382/773
f 641/339/773 872/567/773 642/336/773
f 641/339/773 640/365/773 872/567/773
f 640/365/773 639/364/773 872/567/773
f 639/364/773 638/345/773 872/567/773
f 638/345/773 637/347/773 872/567/773
f 637/347/773 636/349/773 872/567/773
f 872/567/773 643/352/773 642/351/773
f 872/567/773 644/354/773 643/352/773
f 872/567/773 645/366/773 644/354/773
f 872/567/773 646/358/773 645/366/773
f 872/567/773 647/360/773 646/358/773
f 872/567/773 648/362/773 647/360/773
f 872/567/773 802/436/773 648/437/773
f 872/567/773 803/439/773 802/436/773
f 872/567/773 804/440/773 803/439/773
f 872/567/773 805/442/773 804/440/773
f 872/567/773 806/444/773 805/442/773
f 872/567/773 807/447/773 806/444/773
f 872/567/773 808/458/773 807/461/773
f 872/567/773 809/504/773 808/458/773
f 872/567/773 810/505/773 809/504/773
f 872/567/773 811/452/773 810/505/773
f 872/567/773 812/449/773 811/452/773
f 872/567/773 662/450/773 812/449/773
f 872/567/773 660/374/773 662/375/773
f 872/567/773 658/372/773 660/374/773
f 872/567/773 656/370/773 658/372/773
f 872/567/773 654/369/773 656/370/773
f 872/567/773 652/368/773 654/369/773
f 872/567/773 649/367/773 652/368/773
f 686/389/773 663/390/773 872/567/773
f 684/388/773 686/389/773 872/567/773
f 682/386/773 684/388/773 872/567/773
f 680/385/773 682/386/773 872/567/773
f 678/384/773 680/385/773 872/567/773
f 675/383/773 678/384/773 872/567/773
f 687/392/773 675/391/773 872/567/773
f 689/394/773 687/392/773 872/567/773
f 691/395/773 689/394/773 872/567/773
f 693/397/773 691/395/773 872/567/773
f 695/398/773 693/397/773 872/567/773
f 697/399/773 695/398/773 872/567/773
f 699/401/773 697/400/773 872/567/773
f 701/403/773 699/401/773 872/567/773
f 703/404/773 701/403/773 872/567/773
f 705/406/773 703/404/773 872/567/773
f 707/407/773 705/406/773 872/567/773
f 709/408/773 707/407/773 872/567/773
f 711/411/773 709/410/773 872/567/773
f 713/413/773 711/411/773 872/567/773
f 715/414/773 713/413/773 872/567/773
f 717/415/773 715/414/773 872/567/773
f 719/416/773 717/415/773 872/567/773
f 636/417/773 719/416/773 872/567/773
usemtl e50:MI_ChangeA_Rim1
f 873/568/774 874/568/774 875/569/774
f 876/570/775 877/570/776 878/571/777
f 879/572/778 880/573/779 881/572/780
f 882/574/781 883/575/782 884/575/783
f 885/575/784 886/576/784 887/576/784
f 888/577/785 889/577/786 890/577/787
f 891/578/788 892/577/789 893/578/788
f 894/578/790 895/579/790 896/578/791
f 897/580/792 898/580/793 899/580/794
f 900/581/795 901/582/796 902/583/796
f 903/584/797 904/584/798 905/584/799
f 906/585/800 907/585/801 908/586/802
f 909/587/803 910/588/803 911/588/804
f 912/588/805 913/589/806 914/589/806
f 913/589/806 912/588/805 915/590/805
f 916/589/807 917/588/808 918/588/808
f 919/591/809 920/592/809 921/592/809
f 922/593/810 921/592/811 920/592/812
f 923/594/813 922/593/810 924/593/814
f 922/593/810 923/594/813 925/595/813
f 926/596/815 927/597/815 928/596/815
f 926/596/816 928/596/817 929/598/818
f 930/599/818 929/598/818 928/596/817
f 931/600/818 929/598/818 930/599/818
f 931/600/818 930/599/818 932/600/819
f 933/600/820 929/598/818 931/600/818
f 932/600/819 934/601/821 931/600/818
f 934/601/821 932/600/819 935/601/822
f 936/601/823 933/600/820 931/600/818
f 936/601/823 931/600/818 934/601/821
f 934/601/821 935/601/822 937/601/824
f 936/601/823 934/601/821 937/601/824
f 938/601/824 937/601/824 935/601/822
f 939/594/633 937/601/824 938/601/824
f 940/601/825 933/600/820 936/601/823
f 940/601/825 941/598/826 933/600/820
f 939/594/633 942/594/633 937/601/824
f 943/602/827 942/594/633 939/594/633
f 940/601/825 944/598/828 941/598/826
f 944/598/828 945/596/829 941/598/826
f 943/602/827 946/602/827 942/594/633
f 947/603/801 946/602/827 943/602/827
f 945/596/829 944/598/828 948/596/830
f 947/603/801 949/603/801 946/602/827
f 950/604/621 949/603/801 947/603/801
f 951/596/831 945/596/829 948/596/830
f 945/596/829 951/596/831 952/596/832
f 950/604/621 953/592/621 949/603/801
f 951/596/831 954/578/833 952/596/832
f 955/578/834 952/596/832 954/578/833
f 956/605/835 953/592/621 950/604/621
f 957/605/836 956/605/835 950/604/621
f 949/603/801 953/592/621 958/604/837
f 959/606/838 956/605/835 957/605/836
f 960/606/838 959/606/838 957/605/836
f 961/605/839 953/592/621 956/605/835
f 953/592/621 961/605/839 958/604/837
f 962/606/840 956/605/835 959/606/838
f 956/605/835 962/606/840 961/605/839
f 963/606/841 959/606/838 960/606/838
f 964/606/841 963/606/841 960/606/838
f 959/606/838 965/606/842 962/606/840
f 965/606/842 959/606/838 963/606/841
f 966/607/843 963/606/841 964/606/841
f 967/607/843 966/607/843 964/606/841
f 966/607/843 967/607/843 968/606/844
f 969/607/845 963/606/841 966/607/843
f 963/606/841 969/607/845 965/606/842
f 968/606/844 970/606/846 966/607/843
f 970/606/846 969/607/845 966/607/843
f 971/606/847 970/606/846 968/606/844
f 972/607/848 965/606/842 969/607/845
f 970/606/846 971/606/847 973/606/847
f 971/606/847 974/591/847 973/606/847
f 969/607/845 970/606/846 975/607/849
f 973/606/847 975/607/849 970/606/846
f 975/607/849 972/607/848 969/607/845
f 974/591/847 976/605/850 973/606/847
f 977/592/851 976/605/850 974/591/847
f 978/606/852 975/607/849 973/606/847
f 973/606/847 976/605/850 978/606/852
f 976/605/850 977/592/851 920/592/812
f 924/593/814 920/592/812 977/592/851
f 920/592/812 924/593/814 922/593/810
f 920/592/812 919/591/853 976/605/850
f 919/591/853 978/606/852 976/605/850
f 979/605/854 978/606/852 919/591/853
f 921/592/811 979/605/854 919/591/853
f 978/606/852 980/607/855 975/607/849
f 972/607/848 975/607/849 980/607/855
f 978/606/852 979/605/854 981/607/856
f 980/607/855 978/606/852 981/607/856
f 979/605/854 921/592/811 982/605/857
f 983/606/858 981/607/856 979/605/854
f 983/606/858 979/605/854 982/605/857
f 981/607/856 984/607/859 980/607/855
f 981/607/856 983/606/858 984/607/859
f 985/592/860 982/605/857 921/592/811
f 921/592/811 922/593/810 985/592/860
f 925/595/813 985/592/860 922/593/810
f 986/600/813 925/595/813 923/594/813
f 925/595/813 986/600/813 987/600/813
f 987/600/813 988/594/861 925/595/813
f 985/592/860 925/595/813 988/594/861
f 988/594/861 989/592/862 985/592/860
f 985/592/860 989/592/862 982/605/857
f 989/592/862 988/594/861 990/594/863
f 991/600/864 990/594/863 988/594/861
f 992/592/865 982/605/857 989/592/862
f 990/594/863 991/600/864 993/598/866
f 991/600/864 994/608/867 993/598/866
f 995/594/868 989/592/862 990/594/863
f 989/592/862 995/594/868 992/592/865
f 990/594/863 996/598/869 995/594/868
f 996/598/869 990/594/863 993/598/866
f 997/594/870 992/592/865 995/594/868
f 996/598/869 997/594/870 995/594/868
f 992/592/865 998/605/871 982/605/857
f 998/605/871 983/606/858 982/605/857
f 998/605/871 992/592/865 999/592/872
f 983/606/858 998/605/871 999/592/872
f 1000/609/873 992/592/865 997/594/870
f 1000/609/873 999/592/872 992/592/865
f 1001/610/874 997/594/870 996/598/869
f 1001/610/874 1000/609/873 997/594/870
f 1002/607/875 983/606/858 999/592/872
f 1000/609/873 1003/592/876 999/592/872
f 1003/592/876 1002/607/875 999/592/872
f 983/606/858 1002/607/875 1004/607/877
f 984/607/859 983/606/858 1004/607/877
f 1002/607/875 1005/607/878 1004/607/877
f 1005/607/878 984/607/859 1004/607/877
f 1002/607/875 1003/592/876 1006/606/879
f 984/607/859 1005/607/878 1007/611/880
f 980/607/855 984/607/859 1007/611/880
f 1005/607/878 1002/607/875 1008/607/881
f 1006/606/879 1008/607/881 1002/607/875
f 1009/611/882 980/607/855 1007/611/880
f 980/607/855 1009/611/882 972/607/848
f 1010/611/883 1007/611/880 1005/607/878
f 1010/611/883 1009/611/882 1007/611/880
f 1011/607/884 1005/607/878 1008/607/881
f 1005/607/878 1011/607/884 1010/611/883
f 1008/607/881 1006/606/879 1012/606/885
f 1012/606/885 1011/607/884 1008/607/881
f 1013/605/886 1012/606/885 1006/606/879
f 1014/607/887 1011/607/884 1012/606/885
f 1006/606/879 1015/603/888 1013/605/886
f 1015/603/888 1006/606/879 1003/592/876
f 1012/606/885 1013/605/886 1016/605/889
f 1016/605/889 1014/607/887 1012/606/885
f 1017/592/890 1013/605/886 1015/603/888
f 1013/605/886 1018/592/891 1016/605/889
f 1018/592/891 1013/605/886 1017/592/890
f 1019/606/892 1014/607/887 1016/605/889
f 1020/605/893 1016/605/889 1018/592/891
f 1016/605/889 1020/605/893 1019/606/892
f 1021/607/894 1014/607/887 1019/606/892
f 1020/605/893 1021/607/894 1019/606/892
f 1022/611/895 1011/607/884 1014/607/887
f 1014/607/887 1021/607/894 1022/611/895
f 1011/607/884 1022/611/895 1023/612/894
f 1023/612/894 1010/611/883 1011/607/884
f 1021/607/894 1024/611/896 1022/611/895
f 1010/611/883 1023/612/894 1025/612/894
f 1022/611/895 1026/612/897 1023/612/894
f 1026/612/897 1022/611/895 1024/611/896
f 1023/612/894 1027/612/898 1025/612/894
f 1027/612/898 1023/612/894 1026/612/897
f 1025/612/894 1028/612/895 1010/611/883
f 1027/612/898 1028/612/895 1025/612/894
f 1010/611/883 1028/612/895 1009/611/882
f 1026/612/897 1029/612/899 1027/612/898
f 1028/612/895 1030/611/900 1009/611/882
f 1009/611/882 1030/611/900 972/607/848
f 1028/612/895 1027/612/898 1031/612/901
f 1030/611/900 1032/607/902 972/607/848
f 965/606/842 972/607/848 1032/607/902
f 1032/607/902 962/606/840 965/606/842
f 1030/611/900 1028/612/895 1033/612/895
f 1031/612/901 1033/612/895 1028/612/895
f 1030/611/900 1034/607/903 1032/607/902
f 1033/612/895 1034/607/903 1030/611/900
f 962/606/840 1032/607/902 1035/606/904
f 1034/607/903 1035/606/904 1032/607/902
f 1035/606/904 961/605/839 962/606/840
f 1034/607/903 1033/612/895 1036/612/895
f 961/605/839 1035/606/904 1037/606/905
f 1037/606/905 958/604/837 961/605/839
f 1034/607/903 1038/606/906 1035/606/904
f 1037/606/905 1035/606/904 1038/606/906
f 1036/612/895 1038/606/906 1034/607/903
f 958/604/837 1037/606/905 1039/591/907
f 1038/606/906 1039/591/907 1037/606/905
f 1040/612/908 1036/612/895 1033/612/895
f 1033/612/895 1031/612/901 1040/612/908
f 1038/606/906 1036/612/895 1041/611/894
f 1042/612/909 1040/612/908 1031/612/901
f 1027/612/898 1042/612/909 1031/612/901
f 1029/612/899 1042/612/909 1027/612/898
f 1036/612/895 1040/612/908 1043/612/910
f 1043/612/910 1041/611/894 1036/612/895
f 1040/612/908 1042/612/909 1044/612/911
f 1044/612/911 1043/612/910 1040/612/908
f 1041/611/894 1045/606/912 1038/606/906
f 1039/591/907 1038/606/906 1045/606/912
f 1041/611/894 1043/612/910 1046/611/913
f 1045/606/912 1041/611/894 1047/613/894
f 1046/611/913 1047/613/894 1041/611/894
f 1043/612/910 1044/612/911 1048/612/914
f 1048/612/914 1046/611/913 1043/612/910
f 1049/614/915 1044/612/911 1042/612/909
f 1046/611/913 1048/612/914 1050/611/916
f 1051/612/917 1048/612/914 1044/612/911
f 1049/614/915 1051/612/917 1044/612/911
f 1050/611/916 1052/607/918 1046/611/913
f 1046/611/913 1052/607/918 1047/613/894
f 1050/611/916 1048/612/914 1053/612/919
f 1051/612/917 1053/612/919 1048/612/914
f 1052/607/918 1050/611/916 1054/607/920
f 1053/612/919 1054/607/920 1050/611/916
f 1055/606/921 1047/613/894 1052/607/918
f 1055/606/921 1052/607/918 1054/607/920
f 1056/612/922 1053/612/919 1051/612/917
f 1051/612/917 1057/614/923 1056/612/922
f 1057/614/923 1051/612/917 1049/614/915
f 1053/612/919 1056/612/922 1058/612/924
f 1049/614/915 1059/615/925 1057/614/923
f 1058/612/924 1060/611/926 1053/612/919
f 1054/607/920 1053/612/919 1060/611/926
f 1058/612/924 1061/616/927 1060/611/926
f 1059/615/925 1049/614/915 1062/614/928
f 1062/614/928 1049/614/915 1042/612/909
f 1062/614/928 1063/614/929 1059/615/925
f 1029/612/899 1062/614/928 1042/612/909
f 1063/614/929 1062/614/928 1064/614/930
f 1064/614/930 1062/614/928 1029/612/899
f 1064/614/930 1065/612/931 1063/614/929
f 1065/612/931 1064/614/930 1066/612/932
f 1029/612/899 1066/612/932 1064/614/930
f 1066/612/932 1067/612/933 1065/612/931
f 1066/612/932 1029/612/899 1068/612/934
f 1068/612/934 1029/612/899 1026/612/897
f 1067/612/933 1066/612/932 1069/612/935
f 1068/612/934 1069/612/935 1066/612/932
f 1069/612/935 1070/611/936 1067/612/933
f 1024/611/896 1068/612/934 1026/612/897
f 1070/611/936 1069/612/935 1071/611/937
f 1071/611/937 1072/606/938 1070/611/936
f 1069/612/935 1068/612/934 1073/611/939
f 1073/611/939 1068/612/934 1024/611/896
f 1073/611/939 1071/611/937 1069/612/935
f 1074/607/940 1073/611/939 1024/611/896
f 1024/611/896 1021/607/894 1074/607/940
f 1071/611/937 1073/611/939 1075/607/941
f 1075/607/941 1073/611/939 1074/607/940
f 1072/606/938 1071/611/937 1076/606/942
f 1076/606/942 1077/605/943 1072/606/938
f 1078/606/944 1071/611/937 1075/607/941
f 1071/611/937 1078/606/944 1076/606/942
f 1079/606/945 1075/607/941 1074/607/940
f 1075/607/941 1079/606/945 1078/606/944
f 1021/607/894 1079/606/945 1074/607/940
f 1077/605/943 1076/606/942 1080/605/946
f 1080/605/946 1081/603/947 1077/605/943
f 1079/606/945 1021/607/894 1082/606/948
f 1021/607/894 1020/605/893 1082/606/948
f 1081/603/947 1080/605/946 1083/603/949
f 1083/603/949 1084/617/950 1081/603/947
f 1076/606/942 1085/592/951 1080/605/946
f 1085/592/951 1076/606/942 1078/606/944
f 1080/605/946 1086/603/952 1083/603/949
f 1086/603/952 1080/605/946 1085/592/951
f 1084/617/950 1083/603/949 1087/617/953
f 1086/603/952 1087/617/953 1083/603/949
f 1087/617/953 1088/609/954 1084/617/950
f 1078/606/944 1089/592/955 1085/592/951
f 1089/592/955 1078/606/944 1079/606/945
f 1082/606/948 1089/592/955 1079/606/945
f 1088/609/954 1087/617/953 1090/609/956
f 1090/609/956 1091/599/957 1088/609/954
f 1092/617/958 1090/609/956 1087/617/953
f 1086/603/952 1092/617/958 1087/617/953
f 1091/599/957 1090/609/956 1093/598/959
f 1093/598/959 1094/618/960 1091/599/957
f 1092/617/958 1095/601/961 1090/609/956
f 1095/601/961 1093/598/959 1090/609/956
f 1094/618/960 1093/598/959 1096/618/962
f 1096/618/962 1097/619/963 1094/618/960
f 1093/598/959 1095/601/961 1098/598/964
f 1098/598/964 1096/618/962 1093/598/959
f 1097/619/963 1096/618/962 1099/619/965
f 1100/620/966 1097/619/963 1099/619/965
f 1096/618/962 1098/598/964 1101/621/967
f 1099/619/965 1102/620/968 1100/620/966
f 1096/618/962 1103/622/969 1099/619/965
f 1103/622/969 1102/620/968 1099/619/965
f 1103/622/969 1096/618/962 1101/621/967
f 1104/623/970 1100/620/966 1102/620/968
f 1100/620/966 1104/623/970 1105/623/971
f 1102/620/968 1103/622/969 1106/620/972
f 1107/624/973 1105/623/971 1104/623/970
f 1105/623/971 1107/624/973 1108/624/974
f 1102/620/968 1109/625/975 1104/623/970
f 1109/625/975 1102/620/968 1106/620/972
f 1104/623/970 1110/624/976 1107/624/973
f 1109/625/975 1110/624/976 1104/623/970
f 1111/626/977 1108/624/974 1107/624/973
f 1110/624/976 1111/626/977 1107/624/973
f 1108/624/974 1111/626/977 1112/626/978
f 1113/584/979 1112/626/978 1111/626/977
f 1112/626/978 1113/584/979 1114/584/980
f 1111/626/977 1110/624/976 1115/626/981
f 1115/626/981 1113/584/979 1111/626/977
f 1116/627/982 1114/584/980 1113/584/979
f 1114/584/980 1116/627/982 1117/627/983
f 1113/584/979 1115/626/981 1118/584/984
f 1118/584/984 1116/627/982 1113/584/979
f 1119/628/985 1117/627/983 1116/627/982
f 1117/627/983 1119/628/985 1120/628/986
f 1116/627/982 1118/584/984 1121/627/987
f 1121/627/987 1119/628/985 1116/627/982
f 1122/626/988 1118/584/984 1115/626/981
f 1123/629/989 1120/628/986 1119/628/985
f 1120/628/986 1123/629/989 1124/629/990
f 1123/629/989 1125/630/991 1124/629/990
f 1119/628/985 1121/627/987 1126/628/992
f 1126/628/992 1123/629/989 1119/628/985
f 1127/584/993 1121/627/987 1118/584/984
f 1118/584/984 1122/626/988 1127/584/993
f 1128/627/994 1126/628/992 1121/627/987
f 1121/627/987 1127/584/993 1128/627/994
f 1125/630/991 1123/629/989 1129/630/995
f 1129/630/995 1130/631/996 1125/630/991
f 1123/629/989 1126/628/992 1131/629/997
f 1130/631/996 1129/630/995 1132/631/998
f 1132/631/998 1133/632/999 1130/631/996
f 1123/629/989 1134/630/1000 1129/630/995
f 1134/630/1000 1123/629/989 1131/629/997
f 1129/630/995 1135/631/1001 1132/631/998
f 1135/631/1001 1129/630/995 1134/630/1000
f 1133/632/999 1132/631/998 1136/632/1002
f 1136/632/1002 1137/633/1003 1133/632/999
f 1138/632/1004 1132/631/998 1135/631/1001
f 1132/631/998 1138/632/1004 1136/632/1002
f 1137/633/1003 1136/632/1002 1139/633/1005
f 1139/633/1005 1140/634/1006 1137/633/1003
f 1141/635/1007 1136/632/1002 1138/632/1004
f 1136/632/1002 1141/635/1007 1139/633/1005
f 1140/634/1006 1139/633/1005 1142/634/1008
f 1142/634/1008 1143/636/1009 1140/634/1006
f 1139/633/1005 1144/634/1010 1142/634/1008
f 1144/634/1010 1139/633/1005 1141/635/1007
f 1143/636/1009 1142/634/1008 1145/636/1011
f 1145/636/1011 1142/634/1008 1144/634/1010
f 1145/636/1011 1146/637/1012 1143/636/1009
f 1141/635/1007 1147/634/1013 1144/634/1010
f 1146/637/1012 1145/636/1011 1148/638/1014
f 1147/634/1013 1141/635/1007 1149/635/1015
f 1138/632/1004 1149/635/1015 1141/635/1007
f 1144/634/1010 1150/636/1016 1145/636/1011
f 1148/638/1014 1145/636/1011 1150/636/1016
f 1151/636/1017 1144/634/1010 1147/634/1013
f 1144/634/1010 1151/636/1017 1150/636/1016
f 1152/639/1018 1146/637/1012 1148/638/1014
f 1153/640/1019 1146/637/1012 1152/639/1018
f 1150/636/1016 1154/638/1020 1148/638/1014
f 1155/641/1021 1153/640/1019 1152/639/1018
f 1153/640/1019 1155/641/1021 1156/641/1022
f 1148/638/1014 1157/639/1023 1152/639/1018
f 1157/639/1023 1155/641/1021 1152/639/1018
f 1157/639/1023 1148/638/1014 1154/638/1020
f 1158/642/1024 1156/641/1022 1155/641/1021
f 1156/641/1022 1158/642/1024 1159/642/1025
f 1155/641/1021 1157/639/1023 1160/641/1026
f 1161/643/1027 1159/642/1025 1158/642/1024
f 1159/642/1025 1161/643/1027 1162/644/1028
f 1158/642/1024 1155/641/1021 1163/642/1029
f 1163/642/1029 1155/641/1021 1160/641/1026
f 1164/643/1030 1158/642/1024 1163/642/1029
f 1161/643/1027 1158/642/1024 1164/643/1030
f 1160/641/1026 1165/642/1031 1163/642/1029
f 1165/642/1031 1164/643/1030 1163/642/1029
f 1157/639/1023 1166/641/1032 1160/641/1026
f 1165/642/1031 1160/641/1026 1166/641/1032
f 1166/641/1032 1157/639/1023 1167/639/1033
f 1154/638/1020 1167/639/1033 1157/639/1023
f 1168/641/594 1165/642/1031 1166/641/1032
f 1167/639/1033 1154/638/1020 1169/638/1034
f 1150/636/1016 1169/638/1034 1154/638/1020
f 1169/638/1034 1150/636/1016 1151/636/1017
f 1170/639/1035 1166/641/1032 1167/639/1033
f 1167/639/1033 1169/638/1034 1170/639/1035
f 1166/641/1032 1170/639/1035 1168/641/594
f 1169/638/1034 1151/636/1017 1171/638/1035
f 1170/639/1035 1169/638/1034 1171/638/1035
f 1171/638/1035 1151/636/1017 1172/636/1036
f 1147/634/1013 1172/636/1036 1151/636/1017
f 1171/638/1035 1173/645/1037 1170/639/1035
f 1173/645/1037 1168/641/594 1170/639/1035
f 1172/636/1036 1147/634/1013 1174/634/1035
f 1149/635/1015 1174/634/1035 1147/634/1013
f 1172/636/1036 1175/646/1038 1171/638/1035
f 1173/645/1037 1171/638/1035 1175/646/1038
f 1174/634/1035 1176/647/1039 1172/636/1036
f 1175/646/1038 1172/636/1036 1176/647/1039
f 1174/634/1035 1149/635/1015 1177/635/1036
f 1176/647/1039 1174/634/1035 1178/648/1040
f 1177/635/1036 1178/648/1040 1174/634/1035
f 1175/646/1038 1176/647/1039 1179/647/1041
f 1176/647/1039 1178/648/1040 1180/648/1042
f 1180/648/1042 1179/647/1041 1176/647/1039
f 1178/648/1040 1177/635/1036 1181/635/1043
f 1182/635/1044 1180/648/1042 1178/648/1040
f 1178/648/1040 1181/635/1043 1182/635/1044
f 1180/648/1042 1183/647/1045 1179/647/1041
f 1182/635/1044 1184/648/1046 1180/648/1042
f 1183/647/1045 1180/648/1042 1184/648/1046
f 1179/647/1041 1185/646/1047 1175/646/1038
f 1186/646/1048 1179/647/1041 1183/647/1045
f 1179/647/1041 1186/646/1048 1185/646/1047
f 1187/645/1049 1175/646/1038 1185/646/1047
f 1175/646/1038 1187/645/1049 1173/645/1037
f 1188/645/1050 1185/646/1047 1186/646/1048
f 1185/646/1047 1188/645/1050 1187/645/1049
f 1183/647/1045 1189/646/1051 1186/646/1048
f 1186/646/1048 1190/637/611 1188/645/1050
f 1190/637/611 1186/646/1048 1189/646/1051
f 1189/646/1051 1183/647/1045 1191/647/1052
f 1184/648/1046 1191/647/1052 1183/647/1045
f 1189/646/1051 1192/649/611 1190/637/611
f 1191/647/1052 1193/646/1053 1189/646/1051
f 1192/649/611 1189/646/1051 1193/646/1053
f 1193/646/1053 1191/647/1052 1194/647/1052
f 1192/649/611 1195/650/1054 1190/637/611
f 1195/650/1054 1188/645/1050 1190/637/611
f 1192/649/611 1196/650/1054 1195/650/1054
f 1197/648/664 1194/647/1052 1191/647/1052
f 1191/647/1052 1184/648/1046 1197/648/664
f 1194/647/1052 1197/648/664 1198/648/766
f 1199/635/1055 1197/648/664 1184/648/1046
f 1184/648/1046 1182/635/1044 1199/635/1055
f 1200/635/1056 1198/648/766 1197/648/664
f 1197/648/664 1199/635/1055 1200/635/1056
f 1198/648/766 1200/635/1056 1201/635/1056
f 1201/635/1056 1200/635/1056 1202/651/1057
f 1202/651/1057 1200/635/1056 1203/651/1058
f 1199/635/1055 1203/651/1058 1200/635/1056
f 1203/651/1058 1204/652/1059 1202/651/1057
f 1205/651/1060 1199/635/1055 1182/635/1044
f 1204/652/1059 1203/651/1058 1206/652/1059
f 1181/635/1043 1205/651/1060 1182/635/1044
f 1204/652/1059 1206/652/1059 1207/632/1059
f 1203/651/1058 1199/635/1055 1208/651/1061
f 1203/651/1058 1208/651/1061 1206/652/1059
f 1199/635/1055 1205/651/1060 1208/651/1061
f 1209/632/1059 1207/632/1059 1206/652/1059
f 1207/632/1059 1209/632/1059 1210/632/1062
f 1206/652/1059 1208/651/1061 1211/652/1063
f 1209/632/1059 1206/652/1059 1211/652/1063
f 1205/651/1060 1211/652/1063 1208/651/1061
f 1212/632/1064 1210/632/1062 1209/632/1059
f 1212/632/1064 1213/632/1065 1210/632/1062
f 1214/632/1066 1209/632/1059 1211/652/1063
f 1209/632/1059 1214/632/1066 1212/632/1064
f 1213/632/1065 1212/632/1064 1215/632/1065
f 1216/632/1067 1215/632/1065 1212/632/1064
f 1216/632/1067 1212/632/1064 1214/632/1066
f 1215/632/1065 1216/632/1067 1217/632/1068
f 1215/632/1065 1218/632/1065 1213/632/1065
f 1216/632/1067 1219/653/1069 1217/632/1068
f 1218/632/1065 1215/632/1065 1220/632/1065
f 1220/632/1065 1221/585/1065 1218/632/1065
f 1217/632/1068 1220/632/1065 1215/632/1065
f 1221/585/1065 1220/632/1065 1222/585/1065
f 1220/632/1065 1217/632/1068 1223/632/1070
f 1223/632/1070 1222/585/1065 1220/632/1065
f 1219/653/1069 1223/632/1070 1217/632/1068
f 1219/653/1069 1216/632/1067 1224/632/1071
f 1214/632/1066 1224/632/1071 1216/632/1067
f 1223/632/1070 1219/653/1069 1225/632/1072
f 1224/632/1071 1214/632/1066 1226/632/1073
f 1211/652/1063 1226/632/1073 1214/632/1066
f 1226/632/1073 1211/652/1063 1227/652/1074
f 1211/652/1063 1205/651/1060 1227/652/1074
f 1227/652/1074 1228/653/1075 1226/632/1073
f 1228/653/1075 1224/632/1071 1226/632/1073
f 1205/651/1060 1229/652/1076 1227/652/1074
f 1228/653/1075 1227/652/1074 1229/652/1076
f 1229/652/1076 1205/651/1060 1230/651/1077
f 1181/635/1043 1230/651/1077 1205/651/1060
f 1229/652/1076 1231/632/1078 1228/653/1075
f 1181/635/1043 1232/632/1079 1230/651/1077
f 1233/632/1080 1229/652/1076 1230/651/1077
f 1229/652/1076 1233/632/1080 1231/632/1078
f 1230/651/1077 1232/632/1079 1233/632/1080
f 1177/635/1036 1232/632/1079 1181/635/1043
f 1233/632/1080 1234/654/1081 1231/632/1078
f 1234/654/1081 1228/653/1075 1231/632/1078
f 1232/632/1079 1177/635/1036 1235/632/1036
f 1224/632/1071 1228/653/1075 1236/653/1082
f 1177/635/1036 1237/632/1083 1235/632/1036
f 1237/632/1083 1177/635/1036 1149/635/1015
f 1149/635/1015 1138/632/1004 1237/632/1083
f 1135/631/1001 1237/632/1083 1138/632/1004
f 1237/632/1083 1238/654/1036 1235/632/1036
f 1238/654/1036 1232/632/1079 1235/632/1036
f 1237/632/1083 1135/631/1001 1239/631/1084
f 1238/654/1036 1237/632/1083 1239/631/1084
f 1134/630/1000 1239/631/1084 1135/631/1001
f 1232/632/1079 1238/654/1036 1240/654/1079
f 1240/654/1079 1233/632/1080 1232/632/1079
f 1239/631/1084 1241/630/1036 1238/654/1036
f 1241/630/1036 1240/654/1079 1238/654/1036
f 1239/631/1084 1134/630/1000 1242/630/1085
f 1241/630/1036 1239/631/1084 1242/630/1085
f 1131/629/997 1242/630/1085 1134/630/1000
f 1233/632/1080 1240/654/1079 1243/654/1086
f 1234/654/1081 1233/632/1080 1243/654/1086
f 1242/630/1085 1131/629/997 1244/629/1087
f 1131/629/997 1245/628/1088 1244/629/1087
f 1245/628/1088 1131/629/997 1126/628/992
f 1126/628/992 1128/627/994 1245/628/1088
f 1246/629/1035 1242/630/1085 1244/629/1087
f 1245/628/1088 1246/629/1035 1244/629/1087
f 1242/630/1085 1246/629/1035 1241/630/1036
f 1128/627/994 1247/628/1089 1245/628/1088
f 1246/629/1035 1245/628/1088 1247/628/1089
f 1247/628/1089 1128/627/994 1248/627/1036
f 1127/584/993 1248/627/1036 1128/627/994
f 1246/629/1035 1249/630/1090 1241/630/1036
f 1240/654/1079 1241/630/1036 1249/630/1090
f 1248/627/1036 1127/584/993 1250/584/1036
f 1240/654/1079 1249/630/1090 1251/630/1091
f 1240/654/1079 1251/630/1091 1243/654/1086
f 1127/584/993 1252/626/1036 1250/584/1036
f 1127/584/993 1122/626/988 1252/626/1036
f 1253/584/1092 1248/627/1036 1250/584/1036
f 1252/626/1036 1253/584/1092 1250/584/1036
f 1254/627/1092 1247/628/1089 1248/627/1036
f 1248/627/1036 1253/584/1092 1254/627/1092
f 1255/628/1090 1246/629/1035 1247/628/1089
f 1247/628/1089 1254/627/1092 1255/628/1090
f 1246/629/1035 1255/628/1090 1256/629/1093
f 1249/630/1090 1246/629/1035 1256/629/1093
f 1249/630/1090 1256/629/1093 1257/629/1094
f 1255/628/1090 1257/629/1094 1256/629/1093
f 1249/630/1090 1257/629/1094 1251/630/1091
f 1257/629/1094 1255/628/1090 1258/628/1095
f 1254/627/1092 1258/628/1095 1255/628/1090
f 1259/629/1096 1251/630/1091 1257/629/1094
f 1258/628/1095 1259/629/1096 1257/629/1094
f 1260/630/1097 1243/654/1086 1251/630/1091
f 1251/630/1091 1259/629/1096 1260/630/1097
f 1243/654/1086 1260/630/1097 1234/654/1081
f 1259/629/1096 1258/628/1095 1261/628/1098
f 1259/629/1096 1262/629/1099 1260/630/1097
f 1259/629/1096 1261/628/1098 1262/629/1099
f 1260/630/1097 1263/630/1100 1234/654/1081
f 1260/630/1097 1262/629/1099 1263/630/1100
f 1264/627/1101 1261/628/1098 1258/628/1095
f 1264/627/1101 1258/628/1095 1254/627/1092
f 1261/628/1098 1265/628/1102 1262/629/1099
f 1254/627/1092 1266/584/1103 1264/627/1101
f 1266/584/1103 1254/627/1092 1253/584/1092
f 1261/628/1098 1264/627/1101 1267/655/1104
f 1266/584/1103 1267/655/1104 1264/627/1101
f 1261/628/1098 1267/655/1104 1265/628/1102
f 1268/656/1105 1266/584/1103 1253/584/1092
f 1267/655/1104 1266/584/1103 1269/584/1106
f 1253/584/1092 1270/657/1107 1268/656/1105
f 1253/584/1092 1252/626/1036 1270/657/1107
f 1271/658/1108 1266/584/1103 1268/656/1105
f 1266/584/1103 1271/658/1108 1269/584/1106
f 1268/656/1105 1270/657/1107 1272/656/1109
f 1271/658/1108 1268/656/1105 1272/656/1109
f 1267/655/1104 1269/584/1106 1273/584/1110
f 1271/658/1108 1273/584/1110 1269/584/1106
f 1267/655/1104 1273/584/1110 1274/655/1111
f 1267/655/1104 1274/655/1111 1265/628/1102
f 1275/656/1112 1273/584/1110 1271/658/1108
f 1271/658/1108 1272/656/1109 1275/656/1112
f 1273/584/1110 1276/659/1113 1274/655/1111
f 1273/584/1110 1275/656/1112 1277/584/1114
f 1273/584/1110 1278/584/1115 1276/659/1113
f 1278/584/1115 1273/584/1110 1277/584/1114
f 1276/659/1113 1279/659/1116 1274/655/1111
f 1278/584/1115 1279/659/1116 1276/659/1113
f 1280/656/1117 1277/584/1114 1275/656/1112
f 1272/656/1109 1280/656/1117 1275/656/1112
f 1281/584/1118 1278/584/1115 1277/584/1114
f 1277/584/1114 1280/656/1117 1281/584/1118
f 1278/584/1115 1281/584/1118 904/584/798
f 1280/656/1117 1272/656/1109 1282/656/1119
f 904/584/798 1283/584/1120 1278/584/1115
f 1283/584/1120 1279/659/1116 1278/584/1115
f 1281/584/1118 905/584/799 904/584/798
f 1283/584/1120 904/584/798 1284/584/1121
f 904/584/798 903/584/797 1284/584/1121
f 905/584/799 1285/584/1122 903/584/797
f 1286/658/1123 1283/584/1120 1284/584/1121
f 1285/584/1122 905/584/799 1287/584/1124
f 1281/584/1118 1288/584/1125 905/584/799
f 1288/584/1125 1287/584/1124 905/584/799
f 1281/584/1118 1280/656/1117 1288/584/1125
f 1288/584/1125 1289/584/1125 1287/584/1124
f 1290/656/1125 1288/584/1125 1280/656/1117
f 1289/584/1125 1288/584/1125 1290/656/1125
f 1290/656/1125 1280/656/1117 1282/656/1119
f 1291/656/1125 1289/584/1125 1290/656/1125
f 1292/656/1126 1291/656/1125 1290/656/1125
f 1292/656/1126 1290/656/1125 1282/656/1119
f 1291/656/1125 1292/656/1126 1293/656/1127
f 1294/657/1128 1292/656/1126 1282/656/1119
f 1294/657/1128 1282/656/1119 1272/656/1109
f 1295/657/1129 1293/656/1127 1292/656/1126
f 1292/656/1126 1294/657/1128 1295/657/1129
f 1293/656/1127 1295/657/1129 1296/657/1129
f 1297/660/768 1296/657/1129 1295/657/1129
f 1297/660/768 1295/657/1129 1298/660/768
f 1294/657/1128 1298/660/768 1295/657/1129
f 1299/661/1130 1297/660/768 1298/660/768
f 1272/656/1109 1300/657/1131 1294/657/1128
f 1300/657/1131 1272/656/1109 1270/657/1107
f 1298/660/768 1294/657/1128 1301/660/1132
f 1300/657/1131 1301/660/1132 1294/657/1128
f 1299/661/1130 1298/660/768 1302/661/1130
f 1301/660/1132 1302/661/1130 1298/660/768
f 1303/662/1133 1299/661/1130 1302/661/1130
f 1270/657/1107 1304/660/1134 1300/657/1131
f 1252/626/1036 1304/660/1134 1270/657/1107
f 1301/660/1132 1300/657/1131 1305/660/1135
f 1305/660/1135 1300/657/1131 1304/660/1134
f 1302/661/1130 1301/660/1132 1306/661/1136
f 1305/660/1135 1306/661/1136 1301/660/1132
f 1303/662/1133 1302/661/1130 1307/662/1137
f 1306/661/1136 1307/662/1137 1302/661/1130
f 1308/663/657 1303/662/1133 1307/662/1137
f 1306/661/1136 1305/660/1135 1309/661/1138
f 1308/663/657 1307/662/1137 1310/663/1139
f 1307/662/1137 1306/661/1136 1311/662/1140
f 1311/662/1140 1310/663/1139 1307/662/1137
f 1309/661/1138 1311/662/1140 1306/661/1136
f 1312/664/1141 1308/663/657 1310/663/1139
f 1308/663/657 1312/664/1141 1313/664/1141
f 1310/663/1139 1311/662/1140 1314/663/1142
f 1312/664/1141 1310/663/1139 1314/663/1142
f 1311/662/1140 1309/661/1138 1315/662/1143
f 1315/662/1143 1314/663/1142 1311/662/1140
f 1316/665/1144 1313/664/1141 1312/664/1141
f 1313/664/1141 1316/665/1144 1317/610/1144
f 1312/664/1141 1314/663/1142 1318/664/1145
f 1316/665/1144 1312/664/1141 1318/664/1145
f 1314/663/1142 1315/662/1143 1319/663/1146
f 1318/664/1145 1314/663/1142 1319/663/1146
f 1309/661/1138 1320/666/1147 1315/662/1143
f 1320/666/1147 1319/663/1146 1315/662/1143
f 1309/661/1138 1305/660/1135 1321/625/1148
f 1320/666/1147 1309/661/1138 1321/625/1148
f 1321/625/1148 1305/660/1135 1304/660/1134
f 1322/624/1035 1321/625/1148 1304/660/1134
f 1304/660/1134 1252/626/1036 1322/624/1035
f 1322/624/1035 1252/626/1036 1122/626/988
f 1321/625/1148 1322/624/1035 1323/625/1036
f 1323/625/1036 1320/666/1147 1321/625/1148
f 1122/626/988 1324/624/1149 1322/624/1035
f 1323/625/1036 1322/624/1035 1324/624/1149
f 1115/626/981 1324/624/1149 1122/626/988
f 1324/624/1149 1115/626/981 1110/624/976
f 1110/624/976 1325/625/1150 1324/624/1149
f 1324/624/1149 1325/625/1150 1323/625/1036
f 1325/625/1150 1110/624/976 1109/625/975
f 1320/666/1147 1323/625/1036 1326/666/1035
f 1326/666/1035 1323/625/1036 1325/625/1150
f 1109/625/975 1327/666/1151 1325/625/1150
f 1325/625/1150 1327/666/1151 1326/666/1035
f 1327/666/1151 1109/625/975 1106/620/972
f 1326/666/1035 1328/622/1152 1320/666/1147
f 1319/663/1146 1320/666/1147 1328/622/1152
f 1329/622/1035 1326/666/1035 1327/666/1151
f 1328/622/1152 1326/666/1035 1329/622/1035
f 1106/620/972 1330/622/1153 1327/666/1151
f 1327/666/1151 1330/622/1153 1329/622/1035
f 1330/622/1153 1106/620/972 1103/622/969
f 1331/621/1154 1330/622/1153 1103/622/969
f 1330/622/1153 1331/621/1154 1329/622/1035
f 1331/621/1154 1103/622/969 1101/621/967
f 1332/621/1155 1328/622/1152 1329/622/1035
f 1332/621/1155 1329/622/1035 1331/621/1154
f 1333/598/1156 1331/621/1154 1101/621/967
f 1331/621/1154 1333/598/1156 1332/621/1155
f 1333/598/1156 1101/621/967 1098/598/964
f 1095/601/961 1333/598/1156 1098/598/964
f 1328/622/1152 1332/621/1155 1334/667/1157
f 1334/667/1157 1319/663/1146 1328/622/1152
f 1335/598/1158 1332/621/1155 1333/598/1156
f 1335/598/1158 1334/667/1157 1332/621/1155
f 1333/598/1156 1095/601/961 1336/601/1159
f 1333/598/1156 1336/601/1159 1335/598/1158
f 1092/617/958 1336/601/1159 1095/601/961
f 1319/663/1146 1334/667/1157 1337/667/1160
f 1318/664/1145 1319/663/1146 1337/667/1160
f 1336/601/1159 1092/617/958 1338/617/1161
f 1086/603/952 1338/617/1161 1092/617/958
f 1339/601/1162 1335/598/1158 1336/601/1159
f 1336/601/1159 1338/617/1161 1339/601/1162
f 1334/667/1157 1335/598/1158 1340/596/1163
f 1339/601/1162 1340/596/1163 1335/598/1158
f 1340/596/1163 1337/667/1160 1334/667/1157
f 1338/617/1161 1086/603/952 1341/603/1164
f 1085/592/951 1341/603/1164 1086/603/952
f 1341/603/1164 1085/592/951 1089/592/955
f 1342/594/894 1339/601/1162 1338/617/1161
f 1338/617/1161 1341/603/1164 1342/594/894
f 1343/592/895 1341/603/1164 1089/592/955
f 1089/592/955 1082/606/948 1343/592/895
f 1344/602/894 1342/594/894 1341/603/1164
f 1341/603/1164 1343/592/895 1344/602/894
f 1342/594/894 1345/600/1165 1339/601/1162
f 1340/596/1163 1339/601/1162 1345/600/1165
f 1346/617/1166 1342/594/894 1344/602/894
f 1343/592/895 1346/617/1166 1344/602/894
f 1345/600/1165 1342/594/894 1347/609/1167
f 1346/617/1166 1347/609/1167 1342/594/894
f 1082/606/948 1348/603/1166 1343/592/895
f 1346/617/1166 1343/592/895 1348/603/1166
f 1348/603/1166 1082/606/948 1020/605/893
f 1018/592/891 1348/603/1166 1020/605/893
f 1348/603/1166 1018/592/891 1349/603/1168
f 1017/592/890 1349/603/1168 1018/592/891
f 1348/603/1166 1350/617/1169 1346/617/1166
f 1350/617/1169 1348/603/1166 1349/603/1168
f 1349/603/1168 1017/592/890 1351/602/1170
f 1351/602/1170 1350/617/1169 1349/603/1168
f 1352/594/1171 1346/617/1166 1350/617/1169
f 1347/609/1167 1346/617/1166 1352/594/1171
f 1350/617/1169 1351/602/1170 1353/617/1172
f 1350/617/1169 1354/594/1173 1352/594/1171
f 1354/594/1173 1350/617/1169 1353/617/1172
f 1347/609/1167 1352/594/1171 1355/609/1174
f 1352/594/1171 1354/594/1173 1355/609/1174
f 1354/594/1173 1353/617/1172 1356/609/1175
f 1353/617/1172 1351/602/1170 1356/609/1175
f 1355/609/1174 1354/594/1173 1357/609/1176
f 1356/609/1175 1357/609/1176 1354/594/1173
f 1355/609/1174 1358/609/1177 1347/609/1167
f 1358/609/1177 1345/600/1165 1347/609/1167
f 1357/609/1176 1356/609/1175 1359/609/1178
f 1358/609/1177 1360/600/1179 1345/600/1165
f 1360/600/1179 1340/596/1163 1345/600/1165
f 1357/609/1176 1359/609/1178 1361/668/1180
f 1340/596/1163 1360/600/1179 1362/665/1181
f 1337/667/1160 1340/596/1163 1362/665/1181
f 1363/665/1182 1337/667/1160 1362/665/1181
f 1360/600/1179 1363/665/1182 1362/665/1181
f 1363/665/1182 1318/664/1145 1337/667/1160
f 1316/665/1144 1318/664/1145 1363/665/1182
f 1363/665/1182 1360/600/1179 1364/598/1183
f 1364/598/1183 1316/665/1144 1363/665/1182
f 1358/609/1177 1364/598/1183 1360/600/1179
f 1316/665/1144 1364/598/1183 1365/598/617
f 1317/610/1144 1316/665/1144 1365/598/617
f 1317/610/1144 1365/598/617 1366/598/617
f 1364/598/1183 1358/609/1177 1367/601/1184
f 1367/601/1184 1365/598/617 1364/598/1183
f 1367/601/1184 1358/609/1177 1355/609/1174
f 1366/598/617 1365/598/617 1368/601/1185
f 1365/598/617 1367/601/1184 1368/601/1185
f 1366/598/617 1368/601/1185 1369/601/1185
f 1369/601/1185 1368/601/1185 1370/609/1186
f 1367/601/1184 1355/609/1174 1371/609/1187
f 1368/601/1185 1367/601/1184 1371/609/1187
f 1372/609/1188 1370/609/1186 1368/601/1185
f 1368/601/1185 1371/609/1187 1372/609/1188
f 1372/609/1188 1373/609/1189 1370/609/1186
f 1355/609/1174 1374/609/1190 1371/609/1187
f 1374/609/1190 1355/609/1174 1357/609/1176
f 1361/668/1180 1374/609/1190 1357/609/1176
f 1371/609/1187 1375/609/1191 1372/609/1188
f 1373/609/1189 1372/609/1188 1375/609/1191
f 1375/609/1191 1371/609/1187 1374/609/1190
f 1373/609/1189 1375/609/1191 1376/601/1192
f 1374/609/1190 1377/601/1193 1375/609/1191
f 1376/601/1192 1375/609/1191 1377/601/1193
f 1377/601/1193 1374/609/1190 1361/668/1180
f 1376/601/1192 1377/601/1193 1378/601/1194
f 1379/601/1195 1378/601/1194 1377/601/1193
f 1379/601/1195 1380/669/1196 1378/601/1194
f 1361/668/1180 1359/609/1178 1381/601/1197
f 1361/668/1180 1381/601/1197 1382/601/1198
f 1356/609/1175 1381/601/1197 1359/609/1178
f 1383/601/1199 1382/601/1198 1381/601/1197
f 1382/601/1198 1383/601/1199 1384/601/1200
f 1381/601/1197 1356/609/1175 1385/609/1201
f 1383/601/1199 1386/670/1202 1384/601/1200
f 1387/670/1203 1384/601/1200 1386/670/1202
f 1388/601/1204 1383/601/1199 1381/601/1197
f 1388/601/1204 1381/601/1197 1385/609/1201
f 1356/609/1175 1389/594/1205 1385/609/1201
f 1385/609/1201 1389/594/1205 1388/601/1204
f 1389/594/1205 1356/609/1175 1351/602/1170
f 1390/665/1206 1383/601/1199 1388/601/1204
f 1383/601/1199 1390/665/1206 1386/670/1202
f 1391/602/1207 1389/594/1205 1351/602/1170
f 1391/602/1207 1351/602/1170 1017/592/890
f 1015/603/888 1391/602/1207 1017/592/890
f 1392/598/1208 1388/601/1204 1389/594/1205
f 1391/602/1207 1392/598/1208 1389/594/1205
f 1393/665/1209 1390/665/1206 1388/601/1204
f 1388/601/1204 1392/598/1208 1393/665/1209
f 1394/601/1210 1391/602/1207 1015/603/888
f 1394/601/1210 1015/603/888 1003/592/876
f 1392/598/1208 1391/602/1207 1395/600/1211
f 1391/602/1207 1394/601/1210 1395/600/1211
f 1394/601/1210 1003/592/876 1396/601/1212
f 1003/592/876 1000/609/873 1396/601/1212
f 1397/670/1213 1395/600/1211 1394/601/1210
f 1397/670/1213 1394/601/1210 1396/601/1212
f 1398/665/1214 1396/601/1212 1000/609/873
f 1000/609/873 1001/610/874 1398/665/1214
f 1397/670/1213 1396/601/1212 1399/670/1215
f 1396/601/1212 1398/665/1214 1399/670/1215
f 1395/600/1211 1397/670/1213 1400/667/1216
f 1401/671/884 1399/670/1215 1398/665/1214
f 1401/671/884 1397/670/1213 1399/670/1215
f 1402/664/1217 1395/600/1211 1400/667/1216
f 1395/600/1211 1402/664/1217 1392/598/1208
f 1397/670/1213 1403/672/892 1400/667/1216
f 1403/672/892 1402/664/1217 1400/667/1216
f 1397/670/1213 1401/671/884 1404/671/892
f 1403/672/892 1397/670/1213 1404/671/892
f 1405/673/1218 1392/598/1208 1402/664/1217
f 1392/598/1208 1405/673/1218 1393/665/1209
f 1402/664/1217 1403/672/892 1406/672/892
f 1406/672/892 1405/673/1218 1402/664/1217
f 1407/581/1219 1403/672/892 1404/671/892
f 1407/581/1219 1404/671/892 1401/671/884
f 1408/581/1220 1406/672/892 1403/672/892
f 1403/672/892 1407/581/1219 1408/581/1220
f 1405/673/1218 1406/672/892 1409/583/1166
f 1410/674/1221 1406/672/892 1408/581/1220
f 1410/674/1221 1409/583/1166 1406/672/892
f 1407/581/1219 1411/674/1222 1408/581/1220
f 1408/581/1220 1412/675/1223 1410/674/1221
f 1412/675/1223 1408/581/1220 1411/674/1222
f 1413/675/1224 1409/583/1166 1410/674/1221
f 1411/674/1222 1414/675/1225 1412/675/1223
f 1414/675/1225 1411/674/1222 1415/674/1226
f 1416/675/1227 1412/675/1223 1414/675/1225
f 1417/581/1228 1415/674/1226 1411/674/1222
f 1411/674/1222 1407/581/1219 1417/581/1228
f 1415/674/1226 1417/581/1228 1418/581/1229
f 1417/581/1228 1419/581/624 1418/581/1229
f 1412/675/1223 1416/675/1227 1420/675/1230
f 1420/675/1230 1410/674/1221 1412/675/1223
f 1410/674/1221 1420/675/1230 1413/675/1224
f 1421/676/669 1420/675/1230 1416/675/1227
f 1419/581/624 1417/581/1228 1422/581/1231
f 1422/581/1231 1423/581/621 1419/581/624
f 1420/675/1230 1421/676/669 1424/676/1232
f 1425/677/666 1424/676/1232 1421/676/669
f 1423/581/621 1422/581/1231 1426/581/1233
f 1426/581/1233 1427/674/1234 1423/581/621
f 1417/581/1228 1428/581/1235 1422/581/1231
f 1428/581/1235 1426/581/1233 1422/581/1231
f 1417/581/1228 1407/581/1219 1428/581/1235
f 1407/581/1219 1401/671/884 1428/581/1235
f 1427/674/1234 1426/581/1233 1429/674/1236
f 1429/674/1236 1430/675/662 1427/674/1234
f 1426/581/1233 1428/581/1235 1431/581/1237
f 1431/581/1237 1429/674/1236 1426/581/1233
f 1428/581/1235 1401/671/884 1432/671/884
f 1428/581/1235 1432/671/884 1431/581/1237
f 1398/665/1214 1432/671/884 1401/671/884
f 1432/671/884 1398/665/1214 1001/610/874
f 1431/581/1237 1432/671/884 1433/678/883
f 1432/671/884 1001/610/874 1433/678/883
f 1429/674/1236 1431/581/1237 1434/581/1238
f 1431/581/1237 1433/678/883 1434/581/1238
f 1430/675/662 1429/674/1236 1435/675/1239
f 1434/581/1238 1435/675/1239 1429/674/1236
f 1435/675/1239 1436/675/638 1430/675/662
f 1437/678/1240 1434/581/1238 1433/678/883
f 1001/610/874 1437/678/1240 1433/678/883
f 1436/675/638 1435/675/1239 1438/675/1241
f 1438/675/1241 1439/676/590 1436/675/638
f 1435/675/1239 1434/581/1238 1440/674/1238
f 1440/674/1238 1438/675/1241 1435/675/1239
f 1441/674/1238 1440/674/1238 1434/581/1238
f 1434/581/1238 1437/678/1240 1441/674/1238
f 1438/675/1241 1440/674/1238 1442/675/1242
f 1441/674/1238 1442/675/1242 1440/674/1238
f 1439/676/590 1438/675/1241 1443/676/1243
f 1443/676/1243 1444/677/644 1439/676/590
f 1442/675/1242 1445/676/1242 1438/675/1241
f 1445/676/1242 1443/676/1243 1438/675/1241
f 1444/677/644 1443/676/1243 1446/677/1244
f 1445/676/1242 1446/677/1244 1443/676/1243
f 1446/677/1244 1447/679/648 1444/677/644
f 1445/676/1242 1442/675/1242 1448/675/1242
f 1441/674/1238 1448/675/1242 1442/675/1242
f 1447/679/648 1446/677/1244 1449/679/1245
f 1449/679/1245 1450/680/652 1447/679/648
f 1446/677/1244 1445/676/1242 1451/679/1242
f 1451/679/1242 1449/679/1245 1446/677/1244
f 1450/680/652 1449/679/1245 1452/680/1246
f 1452/680/1246 1453/680/595 1450/680/652
f 1449/679/1245 1451/679/1242 1454/680/1247
f 1454/680/1247 1452/680/1246 1449/679/1245
f 1445/676/1242 1455/677/1242 1451/679/1242
f 1448/675/1242 1455/677/1242 1445/676/1242
f 1451/679/1242 1456/681/1248 1454/680/1247
f 1456/681/1248 1451/679/1242 1455/677/1242
f 1452/680/1246 1454/680/1247 1457/680/1249
f 1455/677/1242 1448/675/1242 1458/677/1242
f 1458/677/1242 1456/681/1248 1455/677/1242
f 1453/680/595 1452/680/1246 1459/680/1250
f 1457/680/1249 1459/680/1250 1452/680/1246
f 1460/680/1251 1453/680/595 1459/680/1250
f 1453/680/595 1460/680/1251 1461/680/1252
f 1459/680/1250 1457/680/1249 1462/681/1253
f 1463/680/1254 1461/680/1252 1460/680/1251
f 1461/680/1252 1463/680/1254 1464/680/601
f 1459/680/1250 1465/681/1255 1460/680/1251
f 1465/681/1255 1463/680/1254 1460/680/1251
f 1465/681/1255 1459/680/1250 1462/681/1253
f 1466/680/1256 1464/680/601 1463/680/1254
f 1464/680/601 1466/680/1256 1467/680/606
f 1463/680/1254 1465/681/1255 1468/681/1253
f 1469/679/1257 1467/680/606 1466/680/1256
f 1467/680/606 1469/679/1257 1470/679/611
f 1463/680/1254 1471/680/1253 1466/680/1256
f 1471/680/1253 1463/680/1254 1468/681/1253
f 1466/680/1256 1472/680/1258 1469/679/1257
f 1472/680/1258 1466/680/1256 1471/680/1253
f 1473/677/1259 1470/679/611 1469/679/1257
f 1470/679/611 1473/677/1259 1425/677/666
f 1424/676/1232 1425/677/666 1473/677/1259
f 1469/679/1257 1474/679/1260 1473/677/1259
f 1474/679/1260 1469/679/1257 1472/680/1258
f 1473/677/1259 1475/676/1224 1424/676/1232
f 1475/676/1224 1473/677/1259 1474/679/1260
f 1420/675/1230 1424/676/1232 1475/676/1224
f 1475/676/1224 1413/675/1224 1420/675/1230
f 1476/676/1224 1475/676/1224 1474/679/1260
f 1476/676/1224 1413/675/1224 1475/676/1224
f 1472/680/1258 1477/679/1224 1474/679/1260
f 1477/679/1224 1476/676/1224 1474/679/1260
f 1472/680/1258 1471/680/1253 1478/680/1258
f 1477/679/1224 1472/680/1258 1478/680/1258
f 1479/682/1261 1413/675/1224 1476/676/1224
f 1413/675/1224 1479/682/1261 1409/583/1166
f 1479/682/1261 1405/673/1218 1409/583/1166
f 1476/676/1224 1477/679/1224 1480/677/1224
f 1480/677/1224 1479/682/1261 1476/676/1224
f 1481/681/1258 1477/679/1224 1478/680/1258
f 1471/680/1253 1482/683/1262 1478/680/1258
f 1482/683/1262 1481/681/1258 1478/680/1258
f 1482/683/1262 1471/680/1253 1468/681/1253
f 1477/679/1224 1481/681/1258 1483/680/1258
f 1483/680/1258 1480/677/1224 1477/679/1224
f 1468/681/1253 1484/683/1253 1482/683/1262
f 1484/683/1253 1468/681/1253 1465/681/1255
f 1485/683/1263 1482/683/1262 1484/683/1253
f 1485/683/1263 1484/683/1253 1486/683/1264
f 1487/684/1265 1482/683/1262 1485/683/1263
f 1484/683/1253 1488/681/1255 1486/683/1264
f 1484/683/1253 1465/681/1255 1488/681/1255
f 1486/683/1264 1488/681/1255 1489/681/1266
f 1465/681/1255 1462/681/1253 1488/681/1255
f 1488/681/1255 1490/681/1253 1489/681/1266
f 1490/681/1253 1488/681/1255 1462/681/1253
f 1489/681/1266 1490/681/1253 1491/681/1267
f 1462/681/1253 1492/681/1248 1490/681/1253
f 1492/681/1248 1491/681/1267 1490/681/1253
f 1492/681/1248 1462/681/1253 1457/680/1249
f 1491/681/1267 1492/681/1248 1493/681/1268
f 1494/681/1248 1492/681/1248 1457/680/1249
f 1494/681/1248 1493/681/1268 1492/681/1248
f 1457/680/1249 1454/680/1247 1494/681/1248
f 1493/681/1268 1494/681/1248 1495/681/1269
f 1496/681/1270 1495/681/1269 1494/681/1248
f 1454/680/1247 1456/681/1248 1494/681/1248
f 1494/681/1248 1456/681/1248 1496/681/1270
f 1497/681/1271 1496/681/1270 1456/681/1248
f 1456/681/1248 1498/681/1249 1497/681/1271
f 1499/681/1272 1497/681/1271 1498/681/1249
f 1456/681/1248 1458/677/1242 1498/681/1249
f 1498/681/1249 1500/681/1273 1499/681/1272
f 1500/681/1273 1501/681/1274 1499/681/1272
f 1498/681/1249 1502/679/1275 1500/681/1273
f 1502/679/1275 1498/681/1249 1458/677/1242
f 1501/681/1274 1500/681/1273 1503/681/1276
f 1502/679/1275 1503/681/1276 1500/681/1273
f 1503/681/1276 1504/683/1277 1501/681/1274
f 1504/683/1277 1503/681/1276 1505/683/1276
f 1505/683/1276 1506/683/1278 1504/683/1277
f 1503/681/1276 1502/679/1275 1507/679/1276
f 1507/679/1276 1505/683/1276 1503/681/1276
f 1506/683/1278 1505/683/1276 1508/683/1279
f 1508/683/1279 1509/684/1280 1506/683/1278
f 1505/683/1276 1507/679/1276 1510/680/1281
f 1509/684/1280 1508/683/1279 1511/684/1282
f 1512/680/1283 1505/683/1276 1510/680/1281
f 1511/684/1282 1513/685/1284 1509/684/1280
f 1513/685/1284 1514/685/1285 1509/684/1280
f 1515/683/1286 1508/683/1279 1505/683/1276
f 1505/683/1276 1512/680/1283 1515/683/1286
f 1516/686/1287 1514/685/1285 1513/685/1284
f 1514/685/1285 1516/686/1287 1517/686/1288
f 1513/685/1284 1511/684/1282 1518/685/1289
f 1516/686/1287 1513/685/1284 1518/685/1289
f 1511/684/1282 1508/683/1279 1519/684/1290
f 1511/684/1282 1519/684/1290 1518/685/1289
f 1519/684/1290 1508/683/1279 1515/683/1286
f 1520/686/1291 1517/686/1288 1516/686/1287
f 1517/686/1288 1520/686/1291 1521/687/1292
f 1518/685/1289 1522/686/1293 1516/686/1287
f 1522/686/1293 1520/686/1291 1516/686/1287
f 1519/684/1290 1523/684/1294 1518/685/1289
f 1523/684/1294 1522/686/1293 1518/685/1289
f 1524/687/1295 1521/687/1292 1520/686/1291
f 1521/687/1292 1524/687/1295 1525/687/1296
f 1526/686/1297 1520/686/1291 1522/686/1293
f 1526/686/1297 1524/687/1295 1520/686/1291
f 1522/686/1293 1523/684/1294 1527/685/1298
f 1527/685/1298 1526/686/1297 1522/686/1293
f 1523/684/1294 1519/684/1290 1528/684/1299
f 1515/683/1286 1528/684/1299 1519/684/1290
f 1529/684/1300 1527/685/1298 1523/684/1294
f 1528/684/1299 1529/684/1300 1523/684/1294
f 1527/685/1298 1529/684/1300 1530/685/606
f 1529/684/1300 1528/684/1299 1531/684/666
f 1530/685/606 1532/685/1254 1527/685/1298
f 1526/686/1297 1527/685/1298 1532/685/1254
f 1532/685/1254 1530/685/606 1533/685/1301
f 1534/683/1232 1531/684/666 1528/684/1299
f 1528/684/1299 1515/683/1286 1534/683/1232
f 1531/684/666 1534/683/1232 1535/683/669
f 1536/681/1302 1534/683/1232 1515/683/1286
f 1536/681/1302 1535/683/669 1534/683/1232
f 1515/683/1286 1512/680/1283 1536/681/1302
f 1535/683/669 1536/681/1302 1537/681/1227
f 1538/679/1303 1536/681/1302 1512/680/1283
f 1538/679/1303 1512/680/1283 1510/680/1281
f 1539/680/1223 1537/681/1227 1536/681/1302
f 1536/681/1302 1538/679/1303 1539/680/1223
f 1537/681/1227 1539/680/1223 1540/680/620
f 1510/680/1281 1541/677/1304 1538/679/1303
f 1541/677/1304 1510/680/1281 1507/679/1276
f 1542/679/1305 1539/680/1223 1538/679/1303
f 1538/679/1303 1541/677/1304 1542/679/1305
f 1543/679/1306 1540/680/620 1539/680/1223
f 1539/680/1223 1542/679/1305 1543/679/1306
f 1540/680/620 1543/679/1306 1544/679/1226
f 1545/677/1307 1543/679/1306 1542/679/1305
f 1546/679/1308 1544/679/1226 1543/679/1306
f 1543/679/1306 1545/677/1307 1546/679/1308
f 1544/679/1226 1546/679/1308 1547/679/1229
f 1548/676/1304 1545/677/1307 1542/679/1305
f 1541/677/1304 1548/676/1304 1542/679/1305
f 1549/679/1309 1547/679/1229 1546/679/1308
f 1547/679/1229 1549/679/1309 1550/679/624
f 1551/677/1310 1546/679/1308 1545/677/1307
f 1546/679/1308 1551/677/1310 1549/679/1309
f 1548/676/1304 1551/677/1310 1545/677/1307
f 1552/679/1311 1550/679/624 1549/679/1309
f 1549/679/1309 1551/677/1310 1552/679/1311
f 1550/679/624 1552/679/1311 1553/679/621
f 1554/679/1312 1553/679/621 1552/679/1311
f 1553/679/621 1554/679/1312 1555/679/631
f 1551/677/1310 1556/677/1310 1552/679/1311
f 1557/680/1313 1555/679/631 1554/679/1312
f 1555/679/631 1557/680/1313 1558/680/627
f 1557/680/1313 1559/681/638 1558/680/627
f 1552/679/1311 1560/679/1310 1554/679/1312
f 1560/679/1310 1552/679/1311 1556/677/1310
f 1554/679/1312 1561/679/1314 1557/680/1313
f 1561/679/1314 1554/679/1312 1560/679/1310
f 1559/681/638 1557/680/1313 1562/681/1315
f 1561/679/1314 1562/681/1315 1557/680/1313
f 1562/681/1315 1563/683/590 1559/681/638
f 1563/683/590 1562/681/1315 1564/683/1316
f 1564/683/1316 1565/684/644 1563/683/590
f 1565/684/644 1564/683/1316 1566/684/1317
f 1566/684/1317 1567/684/648 1565/684/644
f 1568/683/1318 1564/683/1316 1562/681/1315
f 1568/683/1318 1566/684/1317 1564/683/1316
f 1567/684/648 1566/684/1317 1569/684/1319
f 1569/684/1319 1570/685/1320 1567/684/648
f 1566/684/1317 1568/683/1318 1571/684/1321
f 1571/684/1321 1569/684/1319 1566/684/1317
f 1572/680/1322 1568/683/1318 1562/681/1315
f 1562/681/1315 1561/679/1314 1572/680/1322
f 1570/685/1320 1569/684/1319 1573/685/1323
f 1573/685/1323 1574/685/595 1570/685/1320
f 1575/685/1324 1573/685/1323 1569/684/1319
f 1569/684/1319 1571/684/1321 1575/685/1324
f 1574/685/595 1573/685/1323 1576/685/1325
f 1576/685/1325 1577/686/598 1574/685/595
f 1573/685/1323 1575/685/1324 1578/686/1326
f 1578/686/1326 1576/685/1325 1573/685/1323
f 1579/685/1327 1575/685/1324 1571/684/1321
f 1579/685/1327 1578/686/1326 1575/685/1324
f 1577/686/598 1576/685/1325 1580/686/1328
f 1580/686/1328 1533/685/1301 1577/686/598
f 1533/685/1301 1580/686/1328 1532/685/1254
f 1581/686/1293 1532/685/1254 1580/686/1328
f 1576/685/1325 1581/686/1293 1580/686/1328
f 1532/685/1254 1581/686/1293 1526/686/1297
f 1581/686/1293 1524/687/1295 1526/686/1297
f 1581/686/1293 1576/685/1325 1582/686/1326
f 1576/685/1325 1578/686/1326 1582/686/1326
f 1524/687/1295 1581/686/1293 1583/687/1324
f 1582/686/1326 1583/687/1324 1581/686/1293
f 1584/686/1324 1582/686/1326 1578/686/1326
f 1582/686/1326 1584/686/1324 1583/687/1324
f 1579/685/1327 1584/686/1324 1578/686/1326
f 1585/688/1329 1524/687/1295 1583/687/1324
f 1584/686/1324 1585/688/1329 1583/687/1324
f 1524/687/1295 1585/688/1329 1586/688/1295
f 1586/688/1295 1525/687/1296 1524/687/1295
f 1525/687/1296 1586/688/1295 1587/688/1330
f 1588/689/1331 1587/688/1330 1586/688/1295
f 1587/688/1330 1588/689/1331 1589/689/1332
f 1588/689/1331 1590/690/1333 1589/689/1332
f 1586/688/1295 1591/689/1329 1588/689/1331
f 1591/689/1329 1586/688/1295 1585/688/1329
f 1590/690/1333 1588/689/1331 1592/690/1334
f 1591/689/1329 1592/690/1334 1588/689/1331
f 1592/690/1334 1593/691/1335 1590/690/1333
f 1593/691/1335 1592/690/1334 1594/691/1334
f 1594/691/1334 1595/692/1336 1593/691/1335
f 1592/690/1334 1591/689/1329 1596/691/1329
f 1596/691/1329 1594/691/1334 1592/690/1334
f 1595/692/1336 1594/691/1334 1597/692/1337
f 1597/692/1337 1598/693/1338 1595/692/1336
f 1594/691/1334 1596/691/1329 1599/692/1339
f 1598/693/1338 1597/692/1337 1600/693/1340
f 1600/693/1340 1601/694/1341 1598/693/1338
f 1602/693/1342 1597/692/1337 1594/691/1334
f 1601/694/1341 1600/693/1340 1603/694/1343
f 1603/694/1343 1604/695/1344 1601/694/1341
f 1597/692/1337 1605/693/1340 1600/693/1340
f 1602/693/1342 1605/693/1340 1597/692/1337
f 1600/693/1340 1606/694/1345 1603/694/1343
f 1605/693/1340 1606/694/1345 1600/693/1340
f 1607/695/1346 1604/695/1344 1603/694/1343
f 1606/694/1345 1607/695/1346 1603/694/1343
f 1608/695/1347 1604/695/1344 1607/695/1346
f 1604/695/1344 1608/695/1347 1609/695/1348
f 1606/694/1345 1610/695/1347 1607/695/1346
f 1610/695/1347 1608/695/1347 1607/695/1346
f 1605/693/1340 1611/694/1349 1606/694/1345
f 1611/694/1349 1610/695/1347 1606/694/1345
f 1612/696/1350 1609/695/1348 1608/695/1347
f 1609/695/1348 1612/696/1350 1613/696/1351
f 1610/695/1347 1614/696/1352 1608/695/1347
f 1614/696/1352 1612/696/1350 1608/695/1347
f 1610/695/1347 1611/694/1349 1615/695/1353
f 1615/695/1353 1614/696/1352 1610/695/1347
f 1611/694/1349 1605/693/1340 1616/694/1354
f 1602/693/1342 1616/694/1354 1605/693/1340
f 1617/694/620 1615/695/1353 1611/694/1349
f 1616/694/1354 1617/694/620 1611/694/1349
f 1615/695/1353 1617/694/620 1618/695/672
f 1617/694/620 1616/694/1354 1619/694/1355
f 1618/695/672 1620/696/1232 1615/695/1353
f 1614/696/1352 1615/695/1353 1620/696/1232
f 1620/696/1232 1618/695/672 1621/696/669
f 1622/693/1228 1619/694/1355 1616/694/1354
f 1616/694/1354 1602/693/1342 1622/693/1228
f 1619/694/1355 1622/693/1228 1623/693/1229
f 1621/696/669 1624/697/1356 1620/696/1232
f 1624/697/1356 1614/696/1352 1620/696/1232
f 1624/697/1356 1621/696/669 1625/697/666
f 1626/693/1357 1623/693/1229 1622/693/1228
f 1623/693/1229 1626/693/1357 1627/693/624
f 1628/693/1358 1622/693/1228 1602/693/1342
f 1622/693/1228 1628/693/1358 1626/693/1357
f 1594/691/1334 1628/693/1358 1602/693/1342
f 1628/693/1358 1594/691/1334 1599/692/1339
f 1629/693/1311 1627/693/624 1626/693/1357
f 1626/693/1357 1628/693/1358 1629/693/1311
f 1627/693/624 1629/693/1311 1630/693/621
f 1631/693/1339 1628/693/1358 1599/692/1339
f 1628/693/1358 1631/693/1339 1629/693/1311
f 1599/692/1339 1632/692/1339 1631/693/1339
f 1596/691/1329 1632/692/1339 1599/692/1339
f 1633/693/1339 1629/693/1311 1631/693/1339
f 1632/692/1339 1633/693/1339 1631/693/1339
f 1634/694/1236 1630/693/621 1629/693/1311
f 1629/693/1311 1633/693/1339 1634/694/1236
f 1630/693/621 1634/694/1236 1635/694/631
f 1636/694/1339 1634/694/1236 1633/693/1339
f 1637/694/1359 1635/694/631 1634/694/1236
f 1634/694/1236 1636/694/1339 1637/694/1359
f 1635/694/631 1637/694/1359 1638/694/627
f 1639/694/1360 1636/694/1339 1633/693/1339
f 1632/692/1339 1639/694/1360 1633/693/1339
f 1640/695/1361 1637/694/1359 1636/694/1339
f 1639/694/1360 1640/695/1361 1636/694/1339
f 1641/695/1362 1638/694/627 1637/694/1359
f 1637/694/1359 1640/695/1361 1641/695/1362
f 1638/694/627 1641/695/1362 1642/695/638
f 1643/696/1363 1642/695/638 1641/695/1362
f 1642/695/638 1643/696/1363 1644/696/590
f 1641/695/1362 1645/696/1364 1643/696/1363
f 1645/696/1364 1641/695/1362 1640/695/1361
f 1646/697/1317 1644/696/590 1643/696/1363
f 1645/696/1364 1646/697/1317 1643/696/1363
f 1644/696/590 1646/697/1317 1647/697/644
f 1640/695/1361 1648/697/1365 1645/696/1364
f 1649/698/1366 1647/697/644 1646/697/1317
f 1647/697/644 1649/698/1366 1650/698/648
f 1649/698/1366 1651/699/1367 1650/698/648
f 1646/697/1317 1645/696/1364 1652/697/1364
f 1651/699/1367 1649/698/1366 1653/699/1368
f 1653/699/1368 1654/699/595 1651/699/1367
f 1646/697/1317 1655/698/1369 1649/698/1366
f 1655/698/1369 1653/699/1368 1649/698/1366
f 1655/698/1369 1646/697/1317 1652/697/1364
f 1654/699/595 1653/699/1368 1656/699/1370
f 1656/699/1370 1657/699/598 1654/699/595
f 1653/699/1368 1655/698/1369 1658/699/1371
f 1658/699/1371 1656/699/1370 1653/699/1368
f 1657/699/598 1656/699/1370 1659/699/1328
f 1659/699/1328 1660/699/1301 1657/699/598
f 1656/699/1370 1658/699/1371 1661/700/1371
f 1660/699/1301 1659/699/1328 1662/699/1254
f 1662/699/1254 1663/699/606 1660/699/1301
f 1656/699/1370 1664/700/1371 1659/699/1328
f 1664/700/1371 1662/699/1254 1659/699/1328
f 1664/700/1371 1656/699/1370 1661/700/1371
f 1663/699/606 1662/699/1254 1665/699/1372
f 1665/699/1372 1666/698/1300 1663/699/606
f 1662/699/1254 1664/700/1371 1667/700/1373
f 1667/700/1373 1665/699/1372 1662/699/1254
f 1666/698/1300 1665/699/1372 1668/698/1374
f 1668/698/1374 1625/697/666 1666/698/1300
f 1625/697/666 1668/698/1374 1624/697/1356
f 1665/699/1372 1667/700/1373 1669/699/1373
f 1669/699/1373 1668/698/1374 1665/699/1372
f 1670/698/1375 1624/697/1356 1668/698/1374
f 1668/698/1374 1669/699/1373 1670/698/1375
f 1624/697/1356 1670/698/1375 1671/697/1376
f 1614/696/1352 1624/697/1356 1671/697/1376
f 1671/697/1376 1612/696/1350 1614/696/1352
f 1670/698/1375 1672/698/1350 1671/697/1376
f 1612/696/1350 1671/697/1376 1672/698/1350
f 1669/699/1373 1673/700/1377 1670/698/1375
f 1673/700/1377 1672/698/1350 1670/698/1375
f 1674/700/1377 1669/699/1373 1667/700/1373
f 1674/700/1377 1673/700/1377 1669/699/1373
f 1674/700/1377 1667/700/1373 1664/700/1371
f 1673/700/1377 1675/699/1378 1672/698/1350
f 1675/699/1378 1612/696/1350 1672/698/1350
f 1673/700/1377 1674/700/1377 1676/585/1373
f 1612/696/1350 1675/699/1378 1677/696/1350
f 1677/696/1350 1613/696/1351 1612/696/1350
f 1613/696/1351 1677/696/1350 1678/696/1379
f 1679/700/1380 1675/699/1378 1673/700/1377
f 1676/585/1373 1679/700/1380 1673/700/1377
f 1680/697/1350 1678/696/1379 1677/696/1350
f 1678/696/1379 1680/697/1350 1681/697/1381
f 1682/699/1380 1677/696/1350 1675/699/1378
f 1677/696/1350 1682/699/1380 1680/697/1350
f 1683/697/1382 1681/697/1381 1680/697/1350
f 1682/699/1380 1683/697/1382 1680/697/1350
f 1684/697/1383 1681/697/1381 1683/697/1382
f 1682/699/1380 1675/699/1378 1685/700/1380
f 1675/699/1378 1679/700/1380 1685/700/1380
f 1686/697/1384 1684/697/1383 1683/697/1382
f 1687/697/1385 1684/697/1383 1686/697/1384
f 1683/697/1382 1682/699/1380 1688/700/1386
f 1688/700/1386 1686/697/1384 1683/697/1382
f 1689/697/1384 1687/697/1385 1686/697/1384
f 1687/697/1385 1689/697/1384 1690/697/1387
f 1689/697/1384 1691/697/1388 1690/697/1387
f 1691/697/1388 1689/697/1384 1692/697/1384
f 1692/697/1384 1693/697/1389 1691/697/1388
f 1694/698/1384 1689/697/1384 1686/697/1384
f 1693/697/1389 1692/697/1384 1695/697/1390
f 1695/697/1390 1696/696/1391 1693/697/1389
f 1692/697/1384 1689/697/1384 1697/697/1392
f 1697/697/1392 1689/697/1384 1694/698/1384
f 1695/697/1390 1692/697/1384 1698/697/1393
f 1697/697/1392 1698/697/1393 1692/697/1384
f 1696/696/1391 1695/697/1390 1699/696/1394
f 1699/696/1394 1695/697/1390 1698/697/1393
f 1699/696/1394 1700/696/1395 1696/696/1391
f 1697/697/1392 1701/697/1396 1698/697/1393
f 1700/696/1395 1699/696/1394 1702/696/1397
f 1702/696/1397 1703/695/1398 1700/696/1395
f 1698/697/1393 1704/697/1394 1699/696/1394
f 1702/696/1397 1699/696/1394 1704/697/1394
f 1701/697/1396 1704/697/1394 1698/697/1393
f 1703/695/1398 1702/696/1397 1705/695/1399
f 1705/695/1399 1706/695/1400 1703/695/1398
f 1702/696/1397 1704/697/1394 1707/697/1397
f 1707/697/1397 1705/695/1399 1702/696/1397
f 1704/697/1394 1701/697/1396 1708/697/1401
f 1709/697/1228 1707/697/1397 1704/697/1394
f 1709/697/1228 1704/697/1394 1708/697/1401
f 1710/697/1394 1705/695/1399 1707/697/1397
f 1709/697/1228 1710/697/1394 1707/697/1397
f 1711/697/621 1708/697/1401 1701/697/1396
f 1712/697/624 1709/697/1228 1708/697/1401
f 1708/697/1401 1711/697/621 1712/697/624
f 1709/697/1228 1712/697/624 1713/697/612
f 1714/698/1402 1711/697/621 1701/697/1396
f 1701/697/1396 1697/697/1392 1714/698/1402
f 1711/697/621 1714/698/1402 1715/698/1403
f 1694/698/1384 1714/698/1402 1697/697/1392
f 1716/699/1313 1715/698/1403 1714/698/1402
f 1714/698/1402 1694/698/1384 1716/699/1313
f 1715/698/1403 1716/699/1313 1717/699/662
f 1718/699/1386 1716/699/1313 1694/698/1384
f 1686/697/1384 1718/699/1386 1694/698/1384
f 1719/699/1362 1717/699/662 1716/699/1313
f 1716/699/1313 1718/699/1386 1719/699/1362
f 1717/699/662 1719/699/1362 1720/699/638
f 1718/699/1386 1686/697/1384 1721/700/1386
f 1686/697/1384 1688/700/1386 1721/700/1386
f 1722/700/1386 1719/699/1362 1718/699/1386
f 1722/700/1386 1718/699/1386 1721/700/1386
f 1723/700/1404 1720/699/638 1719/699/1362
f 1719/699/1362 1722/700/1386 1723/700/1404
f 1720/699/638 1723/700/1404 1724/700/590
f 1725/585/1317 1724/700/590 1723/700/1404
f 1722/700/1386 1725/585/1317 1723/700/1404
f 1724/700/590 1725/585/1317 1726/585/644
f 1727/585/1386 1722/700/1386 1721/700/1386
f 1727/585/1386 1721/700/1386 1688/700/1386
f 1725/585/1317 1722/700/1386 1728/585/1386
f 1722/700/1386 1727/585/1386 1728/585/1386
f 1729/586/1366 1726/585/644 1725/585/1317
f 1726/585/644 1729/586/1366 1730/586/1405
f 1731/586/1406 1725/585/1317 1728/585/1386
f 1725/585/1317 1731/586/1406 1729/586/1366
f 1732/701/1406 1731/586/1406 1728/585/1386
f 1727/585/1386 1732/701/1406 1728/585/1386
f 1733/701/1406 1729/586/1366 1731/586/1406
f 1732/701/1406 1733/701/1406 1731/586/1406
f 1734/701/1407 1730/586/1405 1729/586/1366
f 1729/586/1366 1733/701/1406 1734/701/1407
f 1730/586/1405 1734/701/1407 1735/701/1408
f 1736/701/1409 1735/701/1408 1734/701/1407
f 1735/701/1408 1736/701/1409 1737/701/595
f 1738/702/1410 1734/701/1407 1733/701/1406
f 1734/701/1407 1738/702/1410 1736/701/1409
f 1739/701/1411 1737/701/595 1736/701/1409
f 1737/701/595 1739/701/1411 1740/701/598
f 1736/701/1409 1741/702/1412 1739/701/1411
f 1741/702/1412 1736/701/1409 1738/702/1410
f 1742/701/1413 1740/701/598 1739/701/1411
f 1741/702/1412 1742/701/1413 1739/701/1411
f 1740/701/598 1742/701/1413 1743/701/1301
f 1742/701/1413 1744/701/1414 1743/701/1301
f 1744/701/1414 1742/701/1413 1745/701/1415
f 1745/701/1415 1746/586/611 1744/701/1414
f 1742/701/1413 1741/702/1412 1747/702/1416
f 1747/702/1416 1745/701/1415 1742/701/1413
f 1746/586/611 1745/701/1415 1748/586/1417
f 1748/586/1417 1749/585/665 1746/586/611
f 1745/701/1415 1747/702/1416 1750/701/1418
f 1750/701/1418 1748/586/1417 1745/701/1415
f 1749/585/665 1748/586/1417 1751/585/1356
f 1751/585/1356 1752/700/669 1749/585/665
f 1748/586/1417 1750/701/1418 1753/586/1419
f 1753/586/1419 1751/585/1356 1748/586/1417
f 1752/700/669 1751/585/1356 1754/700/1232
f 1754/700/1232 1755/699/672 1752/700/669
f 1751/585/1356 1753/586/1419 1756/585/1420
f 1755/699/672 1754/700/1232 1757/699/1230
f 1757/699/1230 1758/699/620 1755/699/672
f 1751/585/1356 1759/700/1420 1754/700/1232
f 1759/700/1420 1757/699/1230 1754/700/1232
f 1759/700/1420 1751/585/1356 1756/585/1420
f 1758/699/620 1757/699/1230 1760/699/1421
f 1760/699/1421 1761/698/616 1758/699/620
f 1757/699/1230 1759/700/1420 1762/699/1420
f 1762/699/1420 1760/699/1421 1757/699/1230
f 1761/698/616 1760/699/1421 1763/698/1222
f 1763/698/1222 1713/697/612 1761/698/616
f 1713/697/612 1763/698/1222 1709/697/1228
f 1710/697/1394 1709/697/1228 1763/698/1222
f 1764/698/1422 1763/698/1222 1760/699/1421
f 1763/698/1222 1764/698/1422 1710/697/1394
f 1760/699/1421 1762/699/1420 1764/698/1422
f 1764/698/1422 1765/697/1422 1710/697/1394
f 1705/695/1399 1710/697/1394 1765/697/1422
f 1766/699/1420 1764/698/1422 1762/699/1420
f 1766/699/1420 1765/697/1422 1764/698/1422
f 1767/700/1420 1762/699/1420 1759/700/1420
f 1767/700/1420 1766/699/1420 1762/699/1420
f 1767/700/1420 1759/700/1420 1756/585/1420
f 1765/697/1422 1766/699/1420 1768/697/1422
f 1768/697/1422 1705/695/1399 1765/697/1422
f 1766/699/1420 1767/700/1420 1769/700/1420
f 1705/695/1399 1768/697/1422 1770/695/1399
f 1706/695/1400 1705/695/1399 1770/695/1399
f 1766/699/1420 1771/698/1422 1768/697/1422
f 1769/700/1420 1771/698/1422 1766/699/1420
f 1772/694/1423 1706/695/1400 1770/695/1399
f 1706/695/1400 1772/694/1423 1773/694/1424
f 1774/695/1422 1770/695/1399 1768/697/1422
f 1770/695/1399 1774/695/1422 1772/694/1423
f 1775/693/1425 1773/694/1424 1772/694/1423
f 1774/695/1422 1775/693/1425 1772/694/1423
f 1773/694/1424 1775/693/1425 1776/693/1426
f 1777/697/1422 1774/695/1422 1768/697/1422
f 1777/697/1422 1768/697/1422 1771/698/1422
f 1778/692/1427 1776/693/1426 1775/693/1425
f 1776/693/1426 1778/692/1427 1779/692/1428
f 1775/693/1425 1774/695/1422 1780/694/1423
f 1780/694/1423 1778/692/1427 1775/693/1425
f 1774/695/1422 1777/697/1422 1781/696/1429
f 1782/691/1430 1779/692/1428 1778/692/1427
f 1779/692/1428 1782/691/1430 1783/691/1431
f 1774/695/1422 1781/696/1429 1784/696/1432
f 1780/694/1423 1774/695/1422 1784/696/1432
f 1785/690/1430 1783/691/1431 1782/691/1430
f 1783/691/1431 1785/690/1430 1786/690/1433
f 1787/690/1430 1785/690/1430 1782/691/1430
f 1788/689/1434 1786/690/1433 1785/690/1430
f 1786/690/1433 1788/689/1434 1789/689/1435
f 1790/688/1436 1789/689/1435 1788/689/1434
f 1791/692/1425 1787/690/1430 1782/691/1430
f 1791/692/1425 1782/691/1430 1778/692/1427
f 1790/688/1436 1788/689/1434 1792/688/1437
f 1793/687/1438 1790/688/1436 1792/688/1437
f 1785/690/1430 1794/689/1430 1788/689/1434
f 1794/689/1430 1792/688/1437 1788/689/1434
f 1787/690/1430 1794/689/1430 1785/690/1430
f 1793/687/1438 1792/688/1437 1795/687/1434
f 1796/687/1439 1793/687/1438 1795/687/1434
f 1794/689/1430 1797/688/1430 1792/688/1437
f 1797/688/1430 1795/687/1434 1792/688/1437
f 1798/690/1440 1794/689/1430 1787/690/1430
f 1791/692/1425 1798/690/1440 1787/690/1430
f 1797/688/1430 1794/689/1430 1799/688/1441
f 1794/689/1430 1798/690/1440 1800/689/1442
f 1794/689/1430 1800/689/1442 1799/688/1441
f 1798/690/1440 1801/689/590 1800/689/1442
f 1801/689/590 1799/688/1441 1800/689/1442
f 1801/689/590 1798/690/1440 1802/690/644
f 1799/688/1441 1801/689/590 1803/688/638
f 1804/691/1366 1802/690/644 1798/690/1440
f 1798/690/1440 1791/692/1425 1804/691/1366
f 1802/690/644 1804/691/1366 1805/691/1405
f 1803/688/638 1806/688/1313 1799/688/1441
f 1806/688/1313 1803/688/638 1807/688/662
f 1799/688/1441 1808/687/1443 1797/688/1430
f 1808/687/1443 1799/688/1441 1806/688/1313
f 1808/687/1443 1795/687/1434 1797/688/1430
f 1807/688/662 1809/687/1444 1806/688/1313
f 1809/687/1444 1807/688/662 1810/687/631
f 1806/688/1313 1811/686/1445 1808/687/1443
f 1811/686/1445 1806/688/1313 1809/687/1444
f 1808/687/1443 1812/686/1445 1795/687/1434
f 1811/686/1445 1812/686/1445 1808/687/1443
f 1796/687/1439 1795/687/1434 1812/686/1445
f 1813/686/1446 1796/687/1439 1812/686/1445
f 1810/687/631 1814/686/1447 1809/687/1444
f 1814/686/1447 1810/687/631 1815/686/1448
f 1809/687/1444 1816/686/1449 1811/686/1445
f 1816/686/1449 1809/687/1444 1814/686/1447
f 1815/686/1448 1817/686/1450 1814/686/1447
f 1817/686/1450 1815/686/1448 1818/686/624
f 1814/686/1447 1819/686/1449 1816/686/1449
f 1819/686/1449 1814/686/1447 1817/686/1450
f 1816/686/1449 1820/685/1449 1811/686/1445
f 1812/686/1445 1811/686/1445 1820/685/1449
f 1818/686/624 1821/686/1308 1817/686/1450
f 1821/686/1308 1819/686/1449 1817/686/1450
f 1821/686/1308 1818/686/624 1822/686/1229
f 1823/685/1449 1816/686/1449 1819/686/1449
f 1823/685/1449 1820/685/1449 1816/686/1449
f 1821/686/1308 1824/686/1449 1819/686/1449
f 1823/685/1449 1825/684/1443 1820/685/1449
f 1825/684/1443 1812/686/1445 1820/685/1449
f 1826/685/1451 1819/686/1449 1824/686/1449
f 1826/685/1451 1823/685/1449 1819/686/1449
f 1821/686/1308 1827/686/1452 1824/686/1449
f 1826/685/1451 1824/686/1449 1827/686/1452
f 1822/686/1229 1828/687/1453 1821/686/1308
f 1827/686/1452 1821/686/1308 1828/687/1453
f 1828/687/1453 1822/686/1229 1829/687/1454
f 1829/687/1454 1830/688/1223 1828/687/1453
f 1830/688/1223 1829/687/1454 1831/688/620
f 1828/687/1453 1832/687/1451 1827/686/1452
f 1832/687/1451 1828/687/1453 1830/688/1223
f 1831/688/620 1833/688/1230 1830/688/1223
f 1833/688/1230 1831/688/620 1834/688/672
f 1830/688/1223 1835/688/1455 1832/687/1451
f 1835/688/1455 1830/688/1223 1833/688/1230
f 1834/688/672 1836/689/1456 1833/688/1230
f 1836/689/1456 1834/688/672 1837/689/669
f 1838/690/666 1836/689/1456 1837/689/669
f 1839/689/1457 1833/688/1230 1836/689/1456
f 1833/688/1230 1839/689/1457 1835/688/1455
f 1836/689/1456 1838/690/666 1840/690/1356
f 1840/690/1356 1839/689/1457 1836/689/1456
f 1841/691/1300 1840/690/1356 1838/690/666
f 1840/690/1356 1841/691/1300 1842/691/1374
f 1843/692/1458 1842/691/1374 1841/691/1300
f 1839/689/1457 1840/690/1356 1844/690/1455
f 1842/691/1374 1844/690/1455 1840/690/1356
f 1842/691/1374 1843/692/1458 1845/692/1459
f 1846/692/601 1845/692/1459 1843/692/1458
f 1844/690/1455 1842/691/1374 1847/692/1460
f 1845/692/1459 1847/692/1460 1842/691/1374
f 1845/692/1459 1846/692/601 1848/692/1413
f 1849/692/598 1848/692/1413 1846/692/601
f 1847/692/1460 1845/692/1459 1850/692/1460
f 1848/692/1413 1850/692/1460 1845/692/1459
f 1848/692/1413 1849/692/598 1851/692/1411
f 1852/692/1461 1851/692/1411 1849/692/598
f 1850/692/1460 1848/692/1413 1853/693/1462
f 1851/692/1411 1852/692/1461 1854/692/1409
f 1855/692/652 1854/692/1409 1852/692/1461
f 1856/693/1463 1848/692/1413 1851/692/1411
f 1848/692/1413 1856/693/1463 1853/693/1462
f 1854/692/1409 1856/693/1463 1851/692/1411
f 1854/692/1409 1855/692/652 1857/692/1464
f 1805/691/1405 1857/692/1464 1855/692/652
f 1857/692/1464 1805/691/1405 1804/691/1366
f 1857/692/1464 1858/693/1462 1854/692/1409
f 1856/693/1463 1854/692/1409 1858/693/1462
f 1804/691/1366 1859/692/1465 1857/692/1464
f 1858/693/1462 1857/692/1464 1859/692/1465
f 1859/692/1465 1804/691/1366 1791/692/1425
f 1778/692/1427 1859/692/1465 1791/692/1425
f 1859/692/1465 1778/692/1427 1860/693/1462
f 1858/693/1462 1859/692/1465 1860/693/1462
f 1778/692/1427 1780/694/1423 1860/693/1462
f 1860/693/1462 1861/694/1462 1858/693/1462
f 1780/694/1423 1861/694/1462 1860/693/1462
f 1856/693/1463 1858/693/1462 1861/694/1462
f 1780/694/1423 1862/695/1432 1861/694/1462
f 1861/694/1462 1863/693/1460 1856/693/1463
f 1863/693/1460 1853/693/1462 1856/693/1463
f 1863/693/1460 1850/692/1460 1853/693/1462
f 1862/695/1432 1780/694/1423 1784/696/1432
f 1863/693/1460 1861/694/1462 1864/694/1462
f 1862/695/1432 1864/694/1462 1861/694/1462
f 1865/695/1466 1850/692/1460 1863/693/1460
f 1864/694/1462 1865/695/1466 1863/693/1460
f 1850/692/1460 1865/695/1466 1866/694/1079
f 1866/694/1079 1847/692/1460 1850/692/1460
f 1847/692/1460 1866/694/1079 1867/692/1467
f 1867/692/1467 1844/690/1455 1847/692/1460
f 1865/695/1466 1868/696/1468 1866/694/1079
f 1868/696/1468 1867/692/1467 1866/694/1079
f 1869/691/1469 1844/690/1455 1867/692/1467
f 1869/691/1469 1839/689/1457 1844/690/1455
f 1870/694/1470 1867/692/1467 1868/696/1468
f 1870/694/1470 1869/691/1469 1867/692/1467
f 1871/689/1090 1839/689/1457 1869/691/1469
f 1872/692/1471 1869/691/1469 1870/694/1470
f 1873/688/1472 1839/689/1457 1871/689/1090
f 1839/689/1457 1873/688/1472 1835/688/1455
f 1869/691/1469 1874/689/1473 1871/689/1090
f 1874/689/1473 1869/691/1469 1872/692/1471
f 1874/689/1473 1873/688/1472 1871/689/1090
f 1870/694/1470 1875/703/1474 1872/692/1471
f 1875/703/1474 1874/689/1473 1872/692/1471
f 1876/686/1475 1835/688/1455 1873/688/1472
f 1876/686/1475 1832/687/1451 1835/688/1455
f 1873/688/1472 1874/689/1473 1877/687/1476
f 1878/685/1092 1832/687/1451 1876/686/1475
f 1878/685/1092 1827/686/1452 1832/687/1451
f 1873/688/1472 1879/685/1477 1876/686/1475
f 1879/685/1477 1873/688/1472 1877/687/1476
f 1876/686/1475 1880/681/1478 1878/685/1092
f 1880/681/1478 1876/686/1475 1879/685/1477
f 1881/683/1479 1827/686/1452 1878/685/1092
f 1880/681/1478 1881/683/1479 1878/685/1092
f 1827/686/1452 1881/683/1479 1826/685/1451
f 1882/704/1480 1879/685/1477 1877/687/1476
f 1874/689/1473 1882/704/1480 1877/687/1476
f 1879/685/1477 1882/704/1480 1883/705/1481
f 1883/705/1481 1880/681/1478 1879/685/1477
f 1882/704/1480 1874/689/1473 1884/629/1482
f 1884/629/1482 1874/689/1473 1875/703/1474
f 1265/628/1102 1883/705/1481 1882/704/1480
f 1884/629/1482 1265/628/1102 1882/704/1480
f 1883/705/1481 1265/628/1102 1274/655/1111
f 1265/628/1102 1884/629/1482 1262/629/1099
f 1279/659/1116 1883/705/1481 1274/655/1111
f 1263/630/1100 1262/629/1099 1884/629/1482
f 1263/630/1100 1884/629/1482 1875/703/1474
f 1883/705/1481 1279/659/1116 1885/706/1483
f 1880/681/1478 1883/705/1481 1885/706/1483
f 1885/706/1483 1279/659/1116 1886/659/1484
f 1283/584/1120 1886/659/1484 1279/659/1116
f 1887/677/1485 1880/681/1478 1885/706/1483
f 1886/659/1484 1887/677/1485 1885/706/1483
f 1886/659/1484 1283/584/1120 1888/584/1486
f 1887/677/1485 1886/659/1484 1888/584/1486
f 1283/584/1120 1286/658/1123 1888/584/1486
f 1887/677/1485 1889/679/1487 1880/681/1478
f 1881/683/1479 1880/681/1478 1889/679/1487
f 1890/676/1488 1888/584/1486 1286/658/1123
f 1286/658/1123 1891/676/797 1890/676/1488
f 1891/676/797 1892/676/797 898/580/793
f 1891/676/797 898/580/793 897/580/792
f 1891/676/797 897/580/792 1890/676/1488
f 1888/584/1486 1890/676/1488 1893/676/1489
f 1888/584/1486 1893/676/1489 1887/677/1485
f 1890/676/1488 897/580/792 1894/675/1490
f 1893/676/1489 1890/676/1488 1894/675/1490
f 1893/676/1489 1895/677/1491 1887/677/1485
f 1887/677/1485 1895/677/1491 1889/679/1487
f 1895/677/1491 1893/676/1489 1896/676/1492
f 1893/676/1489 1894/675/1490 1896/676/1492
f 1889/679/1487 1895/677/1491 1897/676/1493
f 1896/676/1492 1897/676/1493 1895/677/1491
f 897/580/792 1898/675/1494 1894/675/1490
f 897/580/792 899/580/794 1898/675/1494
f 1896/676/1492 1894/675/1490 1899/675/1495
f 1894/675/1490 1898/675/1494 1899/675/1495
f 1898/675/1494 899/580/794 900/581/795
f 901/582/796 900/581/795 899/580/794
f 900/581/795 1899/675/1495 1898/675/1494
f 1897/676/1493 1896/676/1492 1900/675/1496
f 1896/676/1492 1899/675/1495 1900/675/1496
f 1899/675/1495 900/581/795 1901/581/1497
f 902/583/796 1901/581/1497 900/581/795
f 1899/675/1495 1902/581/1498 1900/675/1496
f 1902/581/1498 1899/675/1495 1901/581/1497
f 1903/674/1148 1897/676/1493 1900/675/1496
f 1900/675/1496 1902/581/1498 1903/674/1148
f 1889/679/1487 1897/676/1493 1904/676/1499
f 1897/676/1493 1903/674/1148 1904/676/1499
f 1904/676/1499 1881/683/1479 1889/679/1487
f 1903/674/1148 1905/681/1479 1904/676/1499
f 1904/676/1499 1905/681/1479 1881/683/1479
f 1906/682/1500 1903/674/1148 1902/581/1498
f 1907/684/1449 1881/683/1479 1905/681/1479
f 1881/683/1479 1907/684/1449 1826/685/1451
f 1823/685/1449 1826/685/1451 1907/684/1449
f 1905/681/1479 1903/674/1148 1908/680/1479
f 1908/680/1479 1907/684/1449 1905/681/1479
f 1906/682/1500 1908/680/1479 1903/674/1148
f 1907/684/1449 1909/684/1501 1823/685/1449
f 1825/684/1443 1823/685/1449 1909/684/1501
f 1907/684/1449 1908/680/1479 1910/683/1502
f 1909/684/1501 1907/684/1449 1910/683/1502
f 1910/683/1502 1908/680/1479 1911/681/1501
f 1909/684/1501 1910/683/1502 1912/683/1503
f 1910/683/1502 1911/681/1501 1912/683/1503
f 1912/683/1503 1913/683/1501 1909/684/1501
f 1911/681/1501 1914/683/1504 1912/683/1503
f 1914/683/1504 1913/683/1501 1912/683/1503
f 1915/683/1501 1909/684/1501 1913/683/1501
f 1825/684/1443 1909/684/1501 1915/683/1501
f 1913/683/1501 1914/683/1504 1916/683/1505
f 1916/683/1505 1915/683/1501 1913/683/1501
f 1914/683/1504 1917/683/1506 1916/683/1505
f 1914/683/1504 1918/683/1414 1917/683/1506
f 1916/683/1505 1917/683/1506 1919/683/1507
f 1920/681/1508 1918/683/1414 1914/683/1504
f 1914/683/1504 1911/681/1501 1920/681/1508
f 1918/683/1414 1920/681/1508 1921/681/1509
f 1916/683/1505 1919/683/1507 1922/683/1510
f 1915/683/1501 1916/683/1505 1922/683/1510
f 1922/683/1510 1919/683/1507 1923/681/1405
f 1924/681/1511 1921/681/1509 1920/681/1508
f 1921/681/1509 1924/681/1511 1925/681/1512
f 1911/681/1501 1926/681/1501 1920/681/1508
f 1926/681/1501 1924/681/1511 1920/681/1508
f 1908/680/1479 1926/681/1501 1911/681/1501
f 1927/680/1513 1925/681/1512 1924/681/1511
f 1926/681/1501 1927/680/1513 1924/681/1511
f 1925/681/1512 1927/680/1513 1928/680/620
f 1928/680/620 1927/680/1513 1929/680/1514
f 1926/681/1501 1908/680/1479 1930/677/1515
f 1906/682/1500 1930/677/1515 1908/680/1479
f 1927/680/1513 1926/681/1501 1931/680/1502
f 1926/681/1501 1930/677/1515 1931/680/1502
f 1932/680/1516 1929/680/1514 1927/680/1513
f 1929/680/1514 1932/680/1516 1933/680/1517
f 1927/680/1513 1934/679/1518 1932/680/1516
f 1934/679/1518 1927/680/1513 1931/680/1502
f 1935/680/1519 1933/680/1517 1932/680/1516
f 1935/680/1519 1932/680/1516 1934/679/1518
f 1933/680/1517 1935/680/1519 1936/680/1520
f 1937/676/1521 1931/680/1502 1930/677/1515
f 1938/680/1522 1936/680/1520 1935/680/1519
f 1938/680/1522 1939/680/637 1936/680/1520
f 1940/675/1523 1931/680/1502 1937/676/1521
f 1940/675/1523 1934/679/1518 1931/680/1502
f 1941/672/1524 1937/676/1521 1930/677/1515
f 1937/676/1521 1941/672/1524 1940/675/1523
f 1941/672/1524 1930/677/1515 1906/682/1500
f 1934/679/1518 1942/679/1525 1935/680/1519
f 1942/679/1525 1938/680/1522 1935/680/1519
f 1943/674/1523 1934/679/1518 1940/675/1523
f 1934/679/1518 1943/674/1523 1942/679/1525
f 1944/678/1526 1940/675/1523 1941/672/1524
f 1940/675/1523 1944/678/1526 1943/674/1523
f 1906/682/1500 1945/671/1527 1941/672/1524
f 1945/671/1527 1944/678/1526 1941/672/1524
f 1945/671/1527 1906/682/1500 1946/583/1528
f 1902/581/1498 1946/583/1528 1906/682/1500
f 1946/583/1528 1902/581/1498 1901/581/1497
f 1946/583/1528 1901/581/1497 1947/583/1529
f 1945/671/1527 1946/583/1528 1947/583/1529
f 1901/581/1497 902/583/796 1947/583/1529
f 1945/671/1527 1947/583/1529 1948/671/1529
f 1949/671/593 1947/583/1529 902/583/796
f 1947/583/1529 1949/671/593 1948/671/1529
f 902/583/796 901/582/796 1949/671/593
f 1948/671/1529 1950/678/1530 1945/671/1527
f 1944/678/1526 1945/671/1527 1950/678/1530
f 1949/671/593 1951/707/1529 1948/671/1529
f 1950/678/1530 1948/671/1529 1951/707/1529
f 1952/707/1531 1949/671/593 901/582/796
f 1951/707/1529 1949/671/593 1952/707/1531
f 1944/678/1526 1950/678/1530 1953/708/1532
f 1951/707/1529 1953/708/1532 1950/678/1530
f 901/582/796 1954/709/1533 1952/707/1531
f 1952/707/1531 1955/709/1534 1951/707/1529
f 1953/708/1532 1951/707/1529 1955/709/1534
f 1955/709/1534 1952/707/1531 1954/709/1533
f 1954/709/1533 901/582/796 1956/710/1533
f 1955/709/1534 1957/711/1535 1953/708/1532
f 1954/709/1533 1958/710/1536 1955/709/1534
f 1957/711/1535 1955/709/1534 1958/710/1536
f 1959/710/1537 1954/709/1533 1956/710/1533
f 1958/710/1536 1954/709/1533 1959/710/1537
f 1959/710/1537 1956/710/1533 1960/579/1538
f 1960/579/1538 1956/710/1533 1961/710/1539
f 1958/710/1536 1959/710/1537 1962/579/1540
f 1962/579/1540 1959/710/1537 1960/579/1538
f 1960/579/1538 1961/710/1539 1963/579/790
f 1963/579/790 1961/710/1539 895/579/790
f 1964/579/1541 1960/579/1538 1963/579/790
f 1962/579/1540 1960/579/1538 1964/579/1541
f 1963/579/790 1387/670/1203 1964/579/1541
f 1965/579/1542 1958/710/1536 1962/579/1540
f 1964/579/1541 1965/579/1542 1962/579/1540
f 1965/579/1542 1957/711/1535 1958/710/1536
f 1964/579/1541 1387/670/1203 1966/673/1543
f 1965/579/1542 1964/579/1541 1966/673/1543
f 1386/670/1202 1966/673/1543 1387/670/1203
f 1965/579/1542 1967/711/1544 1957/711/1535
f 1966/673/1543 1386/670/1202 1968/673/1545
f 1390/665/1206 1968/673/1545 1386/670/1202
f 1968/673/1545 1390/665/1206 1393/665/1209
f 1405/673/1218 1968/673/1545 1393/665/1209
f 1966/673/1543 1969/579/1546 1965/579/1542
f 1969/579/1546 1966/673/1543 1968/673/1545
f 1967/711/1544 1965/579/1542 1969/579/1546
f 1968/673/1545 1405/673/1218 1970/710/1544
f 1968/673/1545 1970/710/1544 1969/579/1546
f 1970/710/1544 1967/711/1544 1969/579/1546
f 1405/673/1218 1479/682/1261 1970/710/1544
f 1970/710/1544 1971/711/1547 1967/711/1544
f 1479/682/1261 1971/711/1547 1970/710/1544
f 1967/711/1544 1972/708/1548 1957/711/1535
f 1967/711/1544 1971/711/1547 1972/708/1548
f 1972/708/1548 1953/708/1532 1957/711/1535
f 1972/708/1548 1944/678/1526 1953/708/1532
f 1972/708/1548 1943/674/1523 1944/678/1526
f 1973/581/1523 1971/711/1547 1479/682/1261
f 1973/581/1523 1972/708/1548 1971/711/1547
f 1972/708/1548 1973/581/1523 1943/674/1523
f 1479/682/1261 1480/677/1224 1973/581/1523
f 1480/677/1224 1943/674/1523 1973/581/1523
f 1943/674/1523 1480/677/1224 1974/679/1525
f 1974/679/1525 1942/679/1525 1943/674/1523
f 1480/677/1224 1483/680/1258 1974/679/1525
f 1974/679/1525 1975/679/1549 1942/679/1525
f 1974/679/1525 1483/680/1258 1975/679/1549
f 1942/679/1525 1975/679/1549 1938/680/1522
f 1976/680/1258 1975/679/1549 1483/680/1258
f 1976/680/1258 1938/680/1522 1975/679/1549
f 1483/680/1258 1977/681/1550 1976/680/1258
f 1938/680/1522 1976/680/1258 1978/680/1551
f 1977/681/1550 1978/680/1551 1976/680/1258
f 1978/680/1551 1939/680/637 1938/680/1522
f 1978/680/1551 1979/681/1552 1939/680/637
f 1483/680/1258 1481/681/1258 1977/681/1550
f 1980/681/1553 1979/681/1552 1978/680/1551
f 1978/680/1551 1977/681/1550 1980/681/1553
f 1980/681/1553 1923/681/1405 1979/681/1552
f 1981/681/1554 1923/681/1405 1980/681/1553
f 1981/681/1554 1980/681/1553 1977/681/1550
f 1922/683/1510 1923/681/1405 1981/681/1554
f 1915/683/1501 1922/683/1510 1981/681/1554
f 1977/681/1550 1982/683/1555 1981/681/1554
f 1982/683/1555 1915/683/1501 1981/681/1554
f 1977/681/1550 1983/683/1258 1982/683/1555
f 1983/683/1258 1915/683/1501 1982/683/1555
f 1977/681/1550 1481/681/1258 1983/683/1258
f 1825/684/1443 1915/683/1501 1983/683/1258
f 1984/684/1556 1983/683/1258 1481/681/1258
f 1481/681/1258 1482/683/1262 1984/684/1556
f 1487/684/1265 1984/684/1556 1482/683/1262
f 1983/683/1258 1985/686/1443 1825/684/1443
f 1812/686/1445 1825/684/1443 1985/686/1443
f 1813/686/1446 1812/686/1445 1985/686/1443
f 1986/685/1557 1813/686/1446 1985/686/1443
f 1983/683/1258 1984/684/1556 1987/685/1558
f 1985/686/1443 1983/683/1258 1987/685/1558
f 1487/684/1265 1987/685/1558 1984/684/1556
f 1985/686/1443 1987/685/1558 1986/685/1557
f 1987/685/1558 1487/684/1265 1986/685/1557
f 1988/712/1559 1989/643/1560 1990/643/1561
f 1991/713/1562 1990/643/1561 1989/643/1560
f 1990/643/1561 1991/713/1562 1992/713/1563
f 911/588/804 1991/713/1562 1993/714/804
f 1991/713/1562 911/588/804 910/588/803
f 910/588/803 1992/713/1563 1991/713/1562
f 1992/713/1563 910/588/803 1994/588/1564
f 1995/715/804 1994/588/1564 910/588/803
f 910/588/803 909/587/803 1995/715/804
f 1995/715/804 909/587/803 1996/716/1565
f 1996/716/1565 1997/716/1566 1995/715/804
f 1997/716/1566 1996/716/1565 1998/717/1567
f 1999/715/1568 1995/715/804 1997/716/1566
f 1994/588/1564 1995/715/804 1999/715/1568
f 1998/717/1567 2000/717/1569 1997/716/1566
f 2001/716/1570 1999/715/1568 1997/716/1566
f 2001/716/1570 1997/716/1566 2000/717/1569
f 2000/717/1569 1998/717/1567 2002/718/1567
f 2003/719/1571 2002/718/1567 1998/717/1567
f 2004/717/1572 2001/716/1570 2000/717/1569
f 2002/718/1567 2004/717/1572 2000/717/1569
f 2005/716/1573 1999/715/1568 2001/716/1570
f 2004/717/1572 2005/716/1573 2001/716/1570
f 2006/715/1574 1994/588/1564 1999/715/1568
f 1999/715/1568 2005/716/1573 2006/715/1574
f 1994/588/1564 2006/715/1574 2007/588/1575
f 2007/588/1575 1992/713/1563 1994/588/1564
f 2006/715/1574 2005/716/1573 2008/716/1576
f 1992/713/1563 2007/588/1575 2009/713/1577
f 2009/713/1577 1990/643/1561 1992/713/1563
f 2010/715/1578 2007/588/1575 2006/715/1574
f 2008/716/1576 2010/715/1578 2006/715/1574
f 2011/588/1579 2009/713/1577 2007/588/1575
f 2007/588/1575 2010/715/1578 2011/588/1579
f 1990/643/1561 2009/713/1577 2012/643/1580
f 2012/643/1580 1988/712/1559 1990/643/1561
f 2009/713/1577 2011/588/1579 2013/643/1581
f 2013/643/1581 2012/643/1580 2009/713/1577
f 2010/715/1578 2014/720/1582 2011/588/1579
f 2014/720/1582 2013/643/1581 2011/588/1579
f 2010/715/1578 2008/716/1576 2015/716/1583
f 2016/715/1584 2014/720/1582 2010/715/1578
f 2010/715/1578 2015/716/1583 2016/715/1584
f 2014/720/1582 2017/721/1585 2013/643/1581
f 2016/715/1584 2017/721/1585 2014/720/1582
f 2015/716/1583 2008/716/1576 2018/717/1583
f 2005/716/1573 2018/717/1583 2008/716/1576
f 2015/716/1583 2018/717/1583 2019/722/1586
f 2018/717/1583 2005/716/1573 2020/717/1587
f 2005/716/1573 2004/717/1572 2020/717/1587
f 2018/717/1583 2021/718/1588 2019/722/1586
f 2020/717/1587 2021/718/1588 2018/717/1583
f 2022/723/1589 2015/716/1583 2019/722/1586
f 2022/723/1589 2016/715/1584 2015/716/1583
f 2021/718/1588 2023/702/1590 2019/722/1586
f 2019/722/1586 2023/702/1590 2022/723/1589
f 2024/718/1591 2020/717/1587 2004/717/1572
f 2004/717/1572 2002/718/1567 2024/718/1591
f 2021/718/1588 2020/717/1587 2025/718/1592
f 2020/717/1587 2024/718/1591 2025/718/1592
f 2026/724/1593 2024/718/1591 2002/718/1567
f 2002/718/1567 2003/719/1571 2026/724/1593
f 2024/718/1591 2026/724/1593 2027/724/1594
f 2027/724/1594 2025/718/1592 2024/718/1591
f 2026/724/1593 2003/719/1571 2028/719/1595
f 2028/719/1595 2027/724/1594 2026/724/1593
f 2025/718/1592 2027/724/1594 2029/724/1596
f 2027/724/1594 2028/719/1595 2030/719/1594
f 2030/719/1594 2029/724/1596 2027/724/1594
f 2031/725/1571 2028/719/1595 2003/719/1571
f 2028/719/1595 2032/725/1594 2030/719/1594
f 2032/725/1594 2028/719/1595 2031/725/1571
f 2029/724/1596 2030/719/1594 2033/726/1596
f 2030/719/1594 2032/725/1594 2033/726/1596
f 2034/724/1597 2025/718/1592 2029/724/1596
f 2033/726/1596 2034/724/1597 2029/724/1596
f 2025/718/1592 2034/724/1597 2021/718/1588
f 2035/723/1598 2033/726/1596 2032/725/1594
f 2036/701/1599 2021/718/1588 2034/724/1597
f 2023/702/1590 2021/718/1588 2036/701/1599
f 2032/725/1594 2037/702/1600 2035/723/1598
f 2031/725/1571 2037/702/1600 2032/725/1594
f 2003/719/1571 2038/702/1601 2031/725/1571
f 2037/702/1600 2031/725/1571 2038/702/1601
f 2038/702/1601 2003/719/1571 908/586/802
f 2039/702/1602 2035/723/1598 2037/702/1600
f 2040/586/1603 2038/702/1601 908/586/802
f 2040/586/1603 908/586/802 907/585/801
f 2038/702/1601 2041/586/1604 2037/702/1600
f 2041/586/1604 2038/702/1601 2040/586/1603
f 2037/702/1600 2041/586/1604 2039/702/1602
f 907/585/801 2042/585/1605 2040/586/1603
f 2042/585/1605 2041/586/1604 2040/586/1603
f 2035/723/1598 2039/702/1602 2043/723/1606
f 2043/723/1606 2033/726/1596 2035/723/1598
f 2044/585/1607 2039/702/1602 2041/586/1604
f 2033/726/1596 2043/723/1606 2045/726/1608
f 2034/724/1597 2033/726/1596 2045/726/1608
f 2043/723/1606 2039/702/1602 2046/701/1609
f 2039/702/1602 2044/585/1607 2046/701/1609
f 2047/586/1590 2034/724/1597 2045/726/1608
f 2034/724/1597 2047/586/1590 2036/701/1599
f 2041/586/1604 2048/585/1610 2044/585/1607
f 2048/585/1610 2041/586/1604 2042/585/1605
f 2048/585/1610 2049/585/1611 2044/585/1607
f 2049/585/1611 2046/701/1609 2044/585/1607
f 2042/585/1605 2050/585/1612 2048/585/1610
f 2049/585/1611 2048/585/1610 2051/700/1613
f 2051/700/1613 2048/585/1610 2050/585/1612
f 2049/585/1611 2052/585/1614 2046/701/1609
f 2053/699/1615 2049/585/1611 2051/700/1613
f 2053/699/1615 2052/585/1614 2049/585/1611
f 2054/700/1616 2051/700/1613 2050/585/1612
f 2054/700/1616 2053/699/1615 2051/700/1613
f 2050/585/1612 2042/585/1605 2055/585/1617
f 2055/585/1617 2042/585/1605 907/585/801
f 1225/632/1072 2054/700/1616 2050/585/1612
f 2055/585/1617 1225/632/1072 2050/585/1612
f 1225/632/1072 2055/585/1617 1223/632/1070
f 1222/585/1065 1223/632/1070 2055/585/1617
f 1222/585/1065 2055/585/1617 907/585/801
f 907/585/801 906/585/800 1222/585/1065
f 1221/585/1065 1222/585/1065 906/585/800
f 2056/653/1618 2054/700/1616 1225/632/1072
f 1219/653/1069 2056/653/1618 1225/632/1072
f 2057/727/1619 2054/700/1616 2056/653/1618
f 2056/653/1618 1219/653/1069 2058/653/1620
f 2057/727/1619 2056/653/1618 2058/653/1620
f 1224/632/1071 2058/653/1620 1219/653/1069
f 1224/632/1071 1236/653/1082 2058/653/1620
f 2057/727/1619 1868/696/1468 2054/700/1616
f 2054/700/1616 1868/696/1468 2053/699/1615
f 2058/653/1620 2059/728/1621 2057/727/1619
f 2059/728/1621 1868/696/1468 2057/727/1619
f 1868/696/1468 1865/695/1466 2053/699/1615
f 1868/696/1468 2059/728/1621 1870/694/1470
f 2053/699/1615 1865/695/1466 2052/585/1614
f 1875/703/1474 1870/694/1470 2059/728/1621
f 2059/728/1621 1263/630/1100 1875/703/1474
f 2052/585/1614 1865/695/1466 2060/697/1466
f 2060/697/1466 2046/701/1609 2052/585/1614
f 1864/694/1462 2060/697/1466 1865/695/1466
f 1263/630/1100 2059/728/1621 2061/654/1622
f 2059/728/1621 2058/653/1620 2061/654/1622
f 1236/653/1082 2061/654/1622 2058/653/1620
f 1234/654/1081 1263/630/1100 2061/654/1622
f 1228/653/1075 2061/654/1622 1236/653/1082
f 1228/653/1075 1234/654/1081 2061/654/1622
f 2046/701/1609 2060/697/1466 2062/698/1466
f 1864/694/1462 2062/698/1466 2060/697/1466
f 2062/698/1466 2043/723/1606 2046/701/1609
f 2062/698/1466 1864/694/1462 2063/696/1623
f 1864/694/1462 1862/695/1432 2063/696/1623
f 2043/723/1606 2062/698/1466 2064/699/1624
f 2064/699/1624 2045/726/1608 2043/723/1606
f 2063/696/1623 2065/696/1623 2062/698/1466
f 2045/726/1608 2064/699/1624 2066/585/1625
f 2047/586/1590 2045/726/1608 2066/585/1625
f 2067/697/1432 2064/699/1624 2062/698/1466
f 2062/698/1466 2065/696/1623 2067/697/1432
f 2068/698/1626 2066/585/1625 2064/699/1624
f 2068/698/1626 2047/586/1590 2066/585/1625
f 2068/698/1626 2064/699/1624 2067/697/1432
f 2047/586/1590 2068/698/1626 2069/698/1623
f 2069/698/1623 2036/701/1599 2047/586/1590
f 2067/697/1432 2070/698/1627 2068/698/1626
f 2070/698/1627 2069/698/1623 2068/698/1626
f 2071/697/1628 2067/697/1432 2065/696/1623
f 2070/698/1627 2067/697/1432 2072/697/1629
f 2067/697/1432 2071/697/1628 2072/697/1629
f 2073/697/1630 2070/698/1627 2072/697/1629
f 2073/697/1630 2072/697/1629 2074/697/1631
f 2074/697/1631 2072/697/1629 2071/697/1628
f 2075/698/611 2070/698/1627 2073/697/1630
f 2074/697/1631 2071/697/1628 2076/696/1632
f 2070/698/1627 2075/698/611 2077/698/1633
f 2076/696/1632 2071/697/1628 2078/696/1634
f 2065/696/1623 2078/696/1634 2071/697/1628
f 2076/696/1632 2078/696/1634 2079/696/1635
f 2070/698/1627 2077/698/1633 2080/698/1636
f 2069/698/1623 2070/698/1627 2080/698/1636
f 2080/698/1636 2077/698/1633 2081/698/1637
f 2080/698/1636 2081/698/1637 2082/698/1638
f 2082/698/1638 2069/698/1623 2080/698/1636
f 2082/698/1638 2081/698/1637 2083/698/1639
f 2069/698/1623 2082/698/1638 2084/699/1640
f 2036/701/1599 2069/698/1623 2084/699/1640
f 2082/698/1638 2083/698/1639 2085/698/1641
f 2082/698/1638 2085/698/1641 2084/699/1640
f 2085/698/1641 2083/698/1639 2086/697/592
f 2087/699/1642 2036/701/1599 2084/699/1640
f 2086/697/592 2088/697/1643 2085/698/1641
f 2088/697/1643 2086/697/592 2089/697/1644
f 2090/698/1623 2084/699/1640 2085/698/1641
f 2087/699/1642 2084/699/1640 2090/698/1623
f 2091/698/1645 2085/698/1641 2088/697/1643
f 2085/698/1641 2091/698/1645 2090/698/1623
f 1771/698/1422 2087/699/1642 2090/698/1623
f 1771/698/1422 2090/698/1623 2091/698/1645
f 1771/698/1422 1769/700/1420 2087/699/1642
f 1769/700/1420 2036/701/1599 2087/699/1642
f 1777/697/1422 1771/698/1422 2091/698/1645
f 2036/701/1599 1769/700/1420 2023/702/1590
f 2088/697/1643 1777/697/1422 2091/698/1645
f 2022/723/1589 2023/702/1590 1769/700/1420
f 1767/700/1420 2022/723/1589 1769/700/1420
f 1756/585/1420 2022/723/1589 1767/700/1420
f 2022/723/1589 1756/585/1420 2092/725/1646
f 2092/725/1646 1756/585/1420 1753/586/1419
f 2016/715/1584 2022/723/1589 2092/725/1646
f 1753/586/1419 2093/725/1647 2092/725/1646
f 2016/715/1584 2092/725/1646 2093/725/1647
f 2093/725/1647 1753/586/1419 1750/701/1418
f 2093/725/1647 2094/729/1648 2016/715/1584
f 2017/721/1585 2016/715/1584 2094/729/1648
f 1750/701/1418 2095/726/1647 2093/725/1647
f 2094/729/1648 2093/725/1647 2095/726/1647
f 2095/726/1647 1750/701/1418 1747/702/1416
f 2095/726/1647 2096/650/1649 2094/729/1648
f 1747/702/1416 2097/726/1647 2095/726/1647
f 2098/642/1650 2094/729/1648 2096/650/1649
f 2094/729/1648 2098/642/1650 2017/721/1585
f 2095/726/1647 2099/590/1651 2096/650/1649
f 2099/590/1651 2095/726/1647 2097/726/1647
f 2098/642/1650 2096/650/1649 2099/590/1651
f 1747/702/1416 2100/719/1652 2097/726/1647
f 2100/719/1652 2099/590/1651 2097/726/1647
f 1741/702/1412 2100/719/1652 1747/702/1416
f 2099/590/1651 2101/713/1653 2098/642/1650
f 2100/719/1652 1741/702/1412 2102/719/1652
f 1738/702/1410 2102/719/1652 1741/702/1412
f 2099/590/1651 2100/719/1652 2103/588/1654
f 2102/719/1652 1738/702/1410 2104/719/1655
f 1733/701/1406 2104/719/1655 1738/702/1410
f 2102/719/1652 2105/588/1656 2100/719/1652
f 2103/588/1654 2100/719/1652 2105/588/1656
f 2103/588/1654 2106/643/1657 2099/590/1651
f 2105/588/1656 2106/643/1657 2103/588/1654
f 2099/590/1651 2106/643/1657 2101/713/1653
f 2105/588/1656 2102/719/1652 2107/720/1658
f 2104/719/1655 2107/720/1658 2102/719/1652
f 2106/643/1657 2105/588/1656 2108/644/1659
f 2107/720/1658 2108/644/1659 2105/588/1656
f 1733/701/1406 2109/719/1660 2104/719/1655
f 2109/719/1660 2107/720/1658 2104/719/1655
f 2109/719/1660 1733/701/1406 1732/701/1406
f 2108/644/1659 2110/730/1661 2106/643/1657
f 2106/643/1657 2110/730/1661 2101/713/1653
f 2109/719/1660 1732/701/1406 2111/701/1662
f 1732/701/1406 1727/585/1386 2111/701/1662
f 2101/713/1653 2110/730/1661 2112/730/1663
f 2113/585/1380 2111/701/1662 1727/585/1386
f 1727/585/1386 1688/700/1386 2113/585/1380
f 2101/713/1653 2112/730/1663 2114/731/1664
f 2114/731/1664 2098/642/1650 2101/713/1653
f 2114/731/1664 2017/721/1585 2098/642/1650
f 2017/721/1585 2114/731/1664 2115/732/1665
f 2017/721/1585 2115/732/1665 2013/643/1581
f 2116/644/1666 2013/643/1581 2115/732/1665
f 2012/643/1580 2013/643/1581 2116/644/1666
f 2117/644/1667 2116/644/1666 2115/732/1665
f 2116/644/1666 2117/644/1667 2012/643/1580
f 2114/731/1664 2118/733/1668 2115/732/1665
f 2117/644/1667 2115/732/1665 2118/733/1668
f 2117/644/1667 2119/643/1669 2012/643/1580
f 1988/712/1559 2012/643/1580 2119/643/1669
f 2117/644/1667 2120/644/1670 2119/643/1669
f 2120/644/1670 1988/712/1559 2119/643/1669
f 2117/644/1667 2118/733/1668 2121/731/1671
f 2120/644/1670 2117/644/1667 2122/732/1672
f 2122/732/1672 2117/644/1667 2121/731/1671
f 1988/712/1559 2120/644/1670 2123/644/1673
f 2124/731/1674 2122/732/1672 2121/731/1671
f 2118/733/1668 2124/731/1674 2121/731/1671
f 2125/644/1675 2120/644/1670 2122/732/1672
f 2125/644/1675 2123/644/1673 2120/644/1670
f 2122/732/1672 2124/731/1674 2126/644/1676
f 2126/644/1676 2125/644/1675 2122/732/1672
f 2127/643/1677 1988/712/1559 2123/644/1673
f 1988/712/1559 2127/643/1677 1989/643/1560
f 1989/643/1560 1993/714/804 1991/713/1562
f 1993/714/804 1989/643/1560 2128/643/1678
f 2127/643/1677 2128/643/1678 1989/643/1560
f 2127/643/1677 2129/643/1677 2128/643/1678
f 2129/643/1677 2127/643/1677 2130/643/1677
f 2130/643/1677 2127/643/1677 2123/644/1673
f 2130/643/1677 2131/643/1677 2129/643/1677
f 2130/643/1677 2123/644/1673 2132/643/1679
f 2123/644/1673 2125/644/1675 2132/643/1679
f 2133/643/1680 2131/643/1677 2130/643/1677
f 2132/643/1679 2133/643/1680 2130/643/1677
f 2131/643/1677 2133/643/1680 2134/643/1681
f 2135/643/1682 2134/643/1681 2133/643/1680
f 2132/643/1679 2135/643/1682 2133/643/1680
f 2135/643/1682 2136/643/1682 2134/643/1681
f 2135/643/1682 2137/642/607 2136/643/1682
f 2135/643/1682 2132/643/1679 2138/643/1683
f 2125/644/1675 2138/643/1683 2132/643/1679
f 2137/642/607 2135/643/1682 2139/642/608
f 2138/643/1683 2139/642/608 2135/643/1682
f 2139/642/608 2140/734/1684 2137/642/607
f 2138/643/1683 2125/644/1675 2141/644/1685
f 2140/734/1684 2139/642/608 2142/720/1684
f 1196/650/1054 2140/734/1684 2142/720/1684
f 2139/642/608 2138/643/1683 2143/642/1686
f 2143/642/1686 2142/720/1684 2139/642/608
f 2141/644/1685 2143/642/1686 2138/643/1683
f 1196/650/1054 2142/720/1684 1195/650/1054
f 2125/644/1675 2144/644/1687 2141/644/1685
f 2144/644/1687 2125/644/1675 2126/644/1676
f 2142/720/1684 2145/650/1688 1195/650/1054
f 1188/645/1050 1195/650/1054 2145/650/1688
f 1188/645/1050 2145/650/1688 1187/645/1049
f 2145/650/1688 2142/720/1684 2146/720/1689
f 2142/720/1684 2143/642/1686 2146/720/1689
f 2147/590/1690 1187/645/1049 2145/650/1688
f 2145/650/1688 2146/720/1689 2147/590/1690
f 2148/642/1691 2146/720/1689 2143/642/1686
f 2143/642/1686 2141/644/1685 2148/642/1691
f 2149/720/1692 2147/590/1690 2146/720/1689
f 2146/720/1689 2148/642/1691 2149/720/1692
f 2150/590/1693 1187/645/1049 2147/590/1690
f 1187/645/1049 2150/590/1693 1173/645/1037
f 1168/641/594 1173/645/1037 2150/590/1693
f 2151/721/1694 2147/590/1690 2149/720/1692
f 2147/590/1690 2151/721/1694 2150/590/1693
f 2148/642/1691 2151/721/1694 2149/720/1692
f 2150/590/1693 2152/642/1695 1168/641/594
f 2152/642/1695 2150/590/1693 2151/721/1694
f 1165/642/1031 1168/641/594 2152/642/1695
f 2153/713/1696 2151/721/1694 2148/642/1691
f 2141/644/1685 2153/713/1696 2148/642/1691
f 2153/713/1696 2141/644/1685 2144/644/1687
f 2151/721/1694 2154/643/594 2152/642/1695
f 2154/643/594 2151/721/1694 2153/713/1696
f 2152/642/1695 2155/643/1697 1165/642/1031
f 2155/643/1697 2152/642/1695 2154/643/594
f 1164/643/1030 1165/642/1031 2155/643/1697
f 2153/713/1696 2156/732/1698 2154/643/594
f 2156/732/1698 2153/713/1696 2144/644/1687
f 2154/643/594 2157/732/1699 2155/643/1697
f 2157/732/1699 2154/643/594 2156/732/1698
f 2155/643/1697 2158/732/1700 1164/643/1030
f 2158/732/1700 2155/643/1697 2157/732/1699
f 2158/732/1700 1161/643/1027 1164/643/1030
f 2159/731/1701 1161/643/1027 2158/732/1700
f 2159/731/1701 1162/644/1028 1161/643/1027
f 1162/644/1028 2159/731/1701 2160/731/1702
f 2157/732/1699 2161/733/1703 2158/732/1700
f 2161/733/1703 2159/731/1701 2158/732/1700
f 2162/730/1704 2160/731/1702 2159/731/1701
f 2159/731/1701 2161/733/1703 2162/730/1704
f 2160/731/1702 2162/730/1704 2163/730/1705
f 2164/735/1706 2163/730/1705 2162/730/1704
f 2161/733/1703 2164/735/1706 2162/730/1704
f 2163/730/1705 2164/735/1706 2165/736/1707
f 2161/733/1703 2157/732/1699 2166/733/1708
f 2156/732/1698 2166/733/1708 2157/732/1699
f 2164/735/1706 2161/733/1703 2167/735/1709
f 2166/733/1708 2167/735/1709 2161/733/1703
f 2168/737/1710 2165/736/1707 2164/735/1706
f 2167/735/1709 2168/737/1710 2164/735/1706
f 2165/736/1707 2168/737/1710 2169/737/1711
f 2168/737/1710 2167/735/1709 2170/737/1712
f 2171/738/1713 2169/737/1711 2168/737/1710
f 2170/737/1712 2171/738/1713 2168/737/1710
f 2169/737/1711 2171/738/1713 2172/738/1714
f 2173/735/1715 2170/737/1712 2167/735/1709
f 2167/735/1709 2166/733/1708 2173/735/1715
f 2171/738/1713 2174/739/1716 2172/738/1714
f 2175/739/1717 2172/738/1714 2174/739/1716
f 2171/738/1713 2170/737/1712 2176/738/1718
f 2174/739/1716 2177/740/1719 2175/739/1717
f 2178/740/1720 2175/739/1717 2177/740/1719
f 2171/738/1713 2179/739/1721 2174/739/1716
f 2179/739/1721 2171/738/1713 2176/738/1718
f 2177/740/1719 2180/740/1722 2178/740/1720
f 2181/741/1723 2178/740/1720 2180/740/1722
f 2174/739/1716 2182/740/1724 2177/740/1719
f 2182/740/1724 2174/739/1716 2179/739/1721
f 2180/740/1722 2183/741/1725 2181/741/1723
f 2183/741/1725 2184/742/1726 2181/741/1723
f 2177/740/1719 2185/740/1727 2180/740/1722
f 2185/740/1727 2183/741/1725 2180/740/1722
f 2185/740/1727 2177/740/1719 2182/740/1724
f 2183/741/1725 2186/740/1728 2184/742/1726
f 2184/742/1726 2186/740/1728 2187/741/1729
f 2183/741/1725 2185/740/1727 2188/740/1730
f 2188/740/1730 2186/740/1728 2183/741/1725
f 2186/740/1728 2189/740/1731 2187/741/1729
f 2187/741/1729 2189/740/1731 2190/740/1732
f 2186/740/1728 2188/740/1730 2191/740/1733
f 2191/740/1733 2189/740/1731 2186/740/1728
f 2189/740/1731 2192/739/1734 2190/740/1732
f 2190/740/1732 2192/739/1734 2193/739/1735
f 2189/740/1731 2191/740/1733 2194/740/1736
f 2194/740/1736 2192/739/1734 2189/740/1731
f 2192/739/1734 2195/738/1737 2193/739/1735
f 2193/739/1735 2195/738/1737 2196/738/1738
f 2192/739/1734 2194/740/1736 2197/739/1739
f 2198/737/1740 2196/738/1738 2195/738/1737
f 2196/738/1738 2198/737/1740 2199/737/1741
f 2192/739/1734 2200/738/1742 2195/738/1737
f 2200/738/1742 2198/737/1740 2195/738/1737
f 2200/738/1742 2192/739/1734 2197/739/1739
f 2201/735/1743 2199/737/1741 2198/737/1740
f 2199/737/1741 2201/735/1743 2202/736/1744
f 2198/737/1740 2200/738/1742 2203/737/1745
f 2204/730/1746 2202/736/1744 2201/735/1743
f 2202/736/1744 2204/730/1746 2205/730/1747
f 2201/735/1743 2198/737/1740 2206/735/1748
f 2203/737/1745 2206/735/1748 2198/737/1740
f 2204/730/1746 2201/735/1743 2207/733/1749
f 2206/735/1748 2207/733/1749 2201/735/1743
f 2208/731/1750 2205/730/1747 2204/730/1746
f 2205/730/1747 2208/731/1750 2209/731/1751
f 2207/733/1749 2210/732/1752 2204/730/1746
f 2208/731/1750 2204/730/1746 2210/732/1752
f 2211/743/1753 2209/731/1751 2208/731/1750
f 2209/731/1751 2211/743/1753 2212/744/1754
f 2210/732/1752 2213/745/1755 2208/731/1750
f 2211/743/1753 2208/731/1750 2213/745/1755
f 2214/746/1756 2212/744/1754 2211/743/1753
f 2212/744/1754 2214/746/1756 2215/746/1757
f 2214/746/1756 2211/743/1753 2216/746/1758
f 2213/745/1755 2216/746/1758 2211/743/1753
f 2217/747/1759 2215/746/1757 2214/746/1756
f 2216/746/1758 2217/747/1759 2214/746/1756
f 2215/746/1757 2217/747/1759 2218/747/1760
f 2213/745/1755 2219/748/1761 2216/746/1758
f 2220/749/1762 2218/747/1760 2217/747/1759
f 2218/747/1760 2220/749/1762 2221/750/1763
f 2217/747/1759 2216/746/1758 2222/747/1764
f 2222/747/1764 2220/749/1762 2217/747/1759
f 2219/748/1761 2222/747/1764 2216/746/1758
f 2223/751/1765 2221/750/1763 2220/749/1762
f 2221/750/1763 2223/751/1765 2224/752/1766
f 2220/749/1762 2222/747/1764 2225/749/1767
f 2226/753/1768 2224/752/1766 2223/751/1765
f 2227/753/1769 2224/752/1766 2226/753/1768
f 2220/749/1762 2228/751/1770 2223/751/1765
f 2228/751/1770 2220/749/1762 2225/749/1767
f 2223/751/1765 2229/753/1771 2226/753/1768
f 2229/753/1771 2223/751/1765 2228/751/1770
f 2230/754/1772 2227/753/1769 2226/753/1768
f 2231/754/1773 2227/753/1769 2230/754/1772
f 2230/754/1772 2232/755/1774 2231/754/1773
f 2226/753/1768 2233/754/1775 2230/754/1772
f 2233/754/1775 2226/753/1768 2229/753/1771
f 2232/755/1774 2230/754/1772 2234/755/1776
f 2234/755/1776 2230/754/1772 2233/754/1775
f 2234/755/1776 2235/756/1777 2232/755/1774
f 2235/756/1777 2234/755/1776 2236/756/1778
f 2236/756/1778 2237/757/1779 2235/756/1777
f 2233/754/1775 2238/758/1780 2234/755/1776
f 2236/756/1778 2234/755/1776 2238/758/1780
f 2237/757/1779 2236/756/1778 2239/757/1781
f 2239/757/1781 2240/759/1782 2237/757/1779
f 2238/758/1780 2241/756/1783 2236/756/1778
f 2241/756/1783 2239/757/1781 2236/756/1778
f 2242/760/1784 2240/759/1782 2243/760/1785
f 2244/759/1786 2243/760/1785 2240/759/1782
f 2240/759/1782 2239/757/1781 2244/759/1786
f 2243/760/1785 2244/759/1786 2245/761/1787
f 2246/757/1788 2244/759/1786 2239/757/1781
f 2241/756/1783 2246/757/1788 2239/757/1781
f 2247/759/1789 2245/761/1787 2244/759/1786
f 2246/757/1788 2247/759/1789 2244/759/1786
f 2247/759/1789 2248/761/1790 2245/761/1787
f 2246/757/1788 2241/756/1783 2249/756/1791
f 2248/761/1790 2247/759/1789 2250/759/1792
f 2248/761/1790 2250/759/1792 2251/761/1793
f 2247/759/1789 2246/757/1788 2252/757/1794
f 2247/759/1789 2252/757/1794 2250/759/1792
f 2246/757/1788 2249/756/1791 2252/757/1794
f 2253/759/1795 2251/761/1793 2250/759/1792
f 2250/759/1792 2252/757/1794 2253/759/1795
f 2253/759/1795 2254/761/1796 2251/761/1793
f 2255/762/1793 2253/759/1795 2252/757/1794
f 2252/757/1794 2249/756/1791 2255/762/1793
f 2254/761/1796 2253/759/1795 2256/759/1797
f 2255/762/1793 2256/759/1797 2253/759/1795
f 2256/759/1797 2257/761/1798 2254/761/1796
f 2256/759/1797 2258/763/1799 2257/761/1798
f 2259/756/1793 2255/762/1793 2249/756/1791
f 2260/759/1800 2258/763/1799 2256/759/1797
f 2260/759/1800 2261/760/1801 2258/763/1799
f 2260/759/1800 2262/760/1802 2261/760/1801
f 2260/759/1800 2263/760/1803 2262/760/1802
f 2256/759/1797 2255/762/1793 2264/762/1804
f 2264/762/1804 2260/759/1800 2256/759/1797
f 2259/756/1793 2264/762/1804 2255/762/1793
f 2260/759/1800 2265/764/1805 2263/760/1803
f 2249/756/1791 2266/758/1806 2259/756/1793
f 2241/756/1783 2266/758/1806 2249/756/1791
f 2241/756/1783 2238/758/1780 2266/758/1806
f 2238/758/1780 2267/754/1807 2266/758/1806
f 2238/758/1780 2233/754/1775 2267/754/1807
f 2259/756/1793 2266/758/1806 2268/758/1793
f 2266/758/1806 2267/754/1807 2268/758/1793
f 2264/762/1804 2259/756/1793 2269/756/1808
f 2268/758/1793 2269/756/1808 2259/756/1793
f 2233/754/1775 2270/753/1809 2267/754/1807
f 2233/754/1775 2229/753/1771 2270/753/1809
f 2268/758/1793 2267/754/1807 2271/754/1793
f 2229/753/1771 2272/751/1810 2270/753/1809
f 2229/753/1771 2228/751/1770 2272/751/1810
f 2273/753/1811 2267/754/1807 2270/753/1809
f 2267/754/1807 2273/753/1811 2271/754/1793
f 2274/751/1795 2270/753/1809 2272/751/1810
f 2270/753/1809 2274/751/1795 2273/753/1811
f 2228/751/1770 2275/749/1812 2272/751/1810
f 2228/751/1770 2225/749/1767 2275/749/1812
f 2276/749/1795 2272/751/1810 2275/749/1812
f 2272/751/1810 2276/749/1795 2274/751/1795
f 2225/749/1767 2277/747/1813 2275/749/1812
f 2277/747/1813 2276/749/1795 2275/749/1812
f 2277/747/1813 2225/749/1767 2222/747/1764
f 2222/747/1764 2219/748/1761 2277/747/1813
f 2276/749/1795 2277/747/1813 2278/747/1347
f 2219/748/1761 2278/747/1347 2277/747/1813
f 2276/749/1795 2279/751/1814 2274/751/1795
f 2278/747/1347 2219/748/1761 2280/746/1346
f 2279/751/1814 2276/749/1795 2281/765/1815
f 2282/766/1816 2276/749/1795 2278/747/1347
f 2276/749/1795 2282/766/1816 2281/765/1815
f 2283/765/1817 2279/751/1814 2281/765/1815
f 2282/766/1816 2283/765/1817 2281/765/1815
f 2284/767/1814 2274/751/1795 2279/751/1814
f 2274/751/1795 2284/767/1814 2273/753/1811
f 2279/751/1814 2283/765/1817 2285/768/1818
f 2285/768/1818 2284/767/1814 2279/751/1814
f 2283/765/1817 2282/766/1816 2286/766/1819
f 2278/747/1347 2287/769/1816 2282/766/1816
f 2287/769/1816 2286/766/1819 2282/766/1816
f 2287/769/1816 2278/747/1347 2280/746/1346
f 2286/766/1819 2288/765/1820 2283/765/1817
f 2288/765/1820 2285/768/1818 2283/765/1817
f 2286/766/1819 2287/769/1816 2289/770/1821
f 2288/765/1820 2286/766/1819 2290/766/1822
f 2289/770/1821 2290/766/1822 2286/766/1819
f 2285/768/1818 2288/765/1820 2291/768/1823
f 2288/765/1820 2290/766/1822 2292/752/1824
f 2291/768/1823 2288/765/1820 2292/752/1824
f 2291/768/1823 2293/767/1825 2285/768/1818
f 2284/767/1814 2285/768/1818 2293/767/1825
f 2293/767/1825 2291/768/1823 2294/767/1826
f 2295/771/1827 2284/767/1814 2293/767/1825
f 2294/767/1826 2295/771/1827 2293/767/1825
f 2296/771/1365 2273/753/1811 2284/767/1814
f 2284/767/1814 2295/771/1827 2296/771/1365
f 2273/753/1811 2296/771/1365 2271/754/1793
f 2296/771/1365 2268/758/1793 2271/754/1793
f 2268/758/1793 2296/771/1365 2297/758/1828
f 2269/756/1808 2268/758/1793 2297/758/1828
f 2298/755/1829 2296/771/1365 2295/771/1827
f 2297/758/1828 2296/771/1365 2298/755/1829
f 2295/771/1827 2299/755/1830 2298/755/1829
f 2297/758/1828 2298/755/1829 2300/755/1831
f 2299/755/1830 2300/755/1831 2298/755/1829
f 2299/755/1830 2295/771/1827 2301/771/1832
f 2295/771/1827 2294/767/1826 2301/771/1832
f 2302/758/1833 2297/758/1828 2300/755/1831
f 2269/756/1808 2297/758/1828 2302/758/1833
f 2299/755/1830 2301/771/1832 2303/772/1834
f 2301/771/1832 2294/767/1826 2303/772/1834
f 2300/755/1831 2299/755/1830 2304/755/1835
f 2303/772/1834 2304/755/1835 2299/755/1830
f 2305/758/1836 2302/758/1833 2300/755/1831
f 2304/755/1835 2305/758/1836 2300/755/1831
f 2302/758/1833 2306/756/1837 2269/756/1808
f 2302/758/1833 2305/758/1836 2307/758/1838
f 2306/756/1837 2302/758/1833 2307/758/1838
f 2308/762/1839 2269/756/1808 2306/756/1837
f 2269/756/1808 2308/762/1839 2264/762/1804
f 2260/759/1800 2264/762/1804 2308/762/1839
f 2308/762/1839 2306/756/1837 2309/773/1840
f 2306/756/1837 2307/758/1838 2309/773/1840
f 2260/759/1800 2308/762/1839 2310/762/1841
f 2308/762/1839 2309/773/1840 2310/762/1841
f 2260/759/1800 2310/762/1841 2311/774/1842
f 2265/764/1805 2260/759/1800 2311/774/1842
f 2310/762/1841 2309/773/1840 2312/773/1843
f 2311/774/1842 2310/762/1841 2313/762/1844
f 2310/762/1841 2312/773/1843 2313/762/1844
f 2309/773/1840 2307/758/1838 2314/758/1845
f 2309/773/1840 2314/758/1845 2312/773/1843
f 2313/762/1844 2312/773/1843 2315/775/1844
f 2312/773/1843 2316/773/1846 2315/775/1844
f 2312/773/1843 2314/758/1845 2316/773/1846
f 2313/762/1844 2315/775/1844 2317/759/1847
f 2314/758/1845 2318/758/1848 2316/773/1846
f 2318/758/1848 2314/758/1845 2319/758/1849
f 2320/759/1847 2313/762/1844 2317/759/1847
f 2311/774/1842 2313/762/1844 2320/759/1847
f 2320/759/1847 2317/759/1847 2321/776/590
f 2322/758/1850 2319/758/1849 2314/758/1845
f 2307/758/1838 2322/758/1850 2314/758/1845
f 2322/758/1850 2323/755/1851 2319/758/1849
f 2322/758/1850 2307/758/1838 2305/758/1836
f 2323/755/1851 2322/758/1850 2324/755/1851
f 2324/755/1851 2322/758/1850 2305/758/1836
f 875/569/1852 2323/755/1851 2324/755/1851
f 873/568/1851 875/569/1852 2324/755/1851
f 2325/755/1853 2324/755/1851 2305/758/1836
f 873/568/1851 2324/755/1851 2325/755/1853
f 2304/755/1835 2325/755/1853 2305/758/1836
f 2325/755/1853 2326/755/1854 873/568/1851
f 2304/755/1835 2326/755/1854 2325/755/1853
f 2326/755/1854 2327/755/1855 873/568/1851
f 874/568/1856 873/568/1851 2327/755/1855
f 2327/755/1855 2328/569/1857 874/568/1856
f 2326/755/1854 2304/755/1835 2329/772/1858
f 2329/772/1858 2330/777/1859 2326/755/1854
f 2304/755/1835 2303/772/1834 2329/772/1858
f 2330/777/1859 2329/772/1858 2331/755/1860
f 2303/772/1834 2331/755/1860 2329/772/1858
f 2332/755/1861 2330/777/1859 2331/755/1860
f 2333/755/1857 2330/777/1859 2332/755/1861
f 2332/755/1861 2334/778/1862 2333/755/1857
f 2331/755/1860 2303/772/1834 2335/772/1863
f 2334/778/1862 2336/779/1864 2337/780/1862
f 2303/772/1834 2338/781/1865 2335/772/1863
f 2303/772/1834 2294/767/1826 2338/781/1865
f 2336/779/1864 2334/778/1862 2339/779/1864
f 2336/779/1864 2339/779/1864 876/570/775
f 876/570/775 2339/779/1864 877/570/776
f 2340/778/1866 2339/779/1864 2334/778/1862
f 2334/778/1862 2332/755/1861 2340/778/1866
f 877/570/776 2339/779/1864 2341/779/1867
f 2339/779/1864 2340/778/1866 2341/779/1867
f 2340/778/1866 2332/755/1861 2342/778/1868
f 2341/779/1867 2340/778/1866 2343/779/1869
f 2343/779/1869 2340/778/1866 2342/778/1868
f 2342/778/1868 2332/755/1861 2344/755/1870
f 2344/755/1870 2332/755/1861 2331/755/1860
f 2344/755/1870 2345/782/1871 2342/778/1868
f 2344/755/1870 2331/755/1860 2346/772/1872
f 2345/782/1871 2344/755/1870 2346/772/1872
f 2331/755/1860 2335/772/1863 2346/772/1872
f 2335/772/1863 2338/781/1865 2346/772/1872
f 2345/782/1871 2347/773/1873 2342/778/1868
f 2343/779/1869 2342/778/1868 2347/773/1873
f 2348/758/1874 2345/782/1871 2346/772/1872
f 2348/758/1874 2347/773/1873 2345/782/1871
f 2349/771/1875 2346/772/1872 2338/781/1865
f 2346/772/1872 2349/771/1875 2348/758/1874
f 2338/781/1865 2294/767/1826 2350/783/1876
f 2350/783/1876 2349/771/1875 2338/781/1865
f 2294/767/1826 2291/768/1823 2350/783/1876
f 2350/783/1876 2291/768/1823 2292/752/1824
f 2349/771/1875 2351/585/1877 2348/758/1874
f 2347/773/1873 2348/758/1874 2351/585/1877
f 2349/771/1875 2350/783/1876 2352/781/1878
f 2353/784/1879 2350/783/1876 2292/752/1824
f 2350/783/1876 2353/784/1879 2352/781/1878
f 2352/781/1878 2354/701/1880 2349/771/1875
f 2351/585/1877 2349/771/1875 2354/701/1880
f 2355/749/1881 2353/784/1879 2292/752/1824
f 2290/766/1822 2355/749/1881 2292/752/1824
f 2356/726/1882 2352/781/1878 2353/784/1879
f 2290/766/1822 2357/785/1883 2355/749/1881
f 2290/766/1822 2289/770/1821 2357/785/1883
f 2353/784/1879 2355/749/1881 2358/717/1884
f 2358/717/1884 2356/726/1882 2353/784/1879
f 2354/701/1880 2352/781/1878 2359/723/1885
f 2352/781/1878 2356/726/1882 2359/723/1885
f 2360/699/1814 2354/701/1880 2359/723/1885
f 2356/726/1882 2360/699/1814 2359/723/1885
f 2354/701/1880 2360/699/1814 2361/698/1365
f 2361/698/1365 2351/585/1877 2354/701/1880
f 2360/699/1814 2356/726/1882 2362/585/1815
f 1652/697/1364 2361/698/1365 2360/699/1814
f 2361/698/1365 1652/697/1364 1645/696/1364
f 2360/699/1814 1655/698/1369 1652/697/1364
f 1655/698/1369 2360/699/1814 2362/585/1815
f 1645/696/1364 1648/697/1365 2361/698/1365
f 2351/585/1877 2361/698/1365 1648/697/1365
f 2363/586/1816 1655/698/1369 2362/585/1815
f 2356/726/1882 2363/586/1816 2362/585/1815
f 1655/698/1369 2363/586/1816 1658/699/1371
f 2363/586/1816 2356/726/1882 2364/724/1886
f 2356/726/1882 2358/717/1884 2364/724/1886
f 2365/701/1816 1658/699/1371 2363/586/1816
f 1658/699/1371 2365/701/1816 1661/700/1371
f 2366/718/1887 2363/586/1816 2364/724/1886
f 2358/717/1884 2366/718/1887 2364/724/1886
f 2363/586/1816 2366/718/1887 2365/701/1816
f 2366/718/1887 2358/717/1884 2367/715/1888
f 2355/749/1881 2367/715/1888 2358/717/1884
f 2368/722/1889 2365/701/1816 2366/718/1887
f 2367/715/1888 2368/722/1889 2366/718/1887
f 2369/702/1816 1661/700/1371 2365/701/1816
f 2365/701/1816 2368/722/1889 2369/702/1816
f 2369/702/1816 1664/700/1371 1661/700/1371
f 2370/723/1890 1664/700/1371 2369/702/1816
f 2368/722/1889 2370/723/1890 2369/702/1816
f 1664/700/1371 2370/723/1890 1674/700/1377
f 2370/723/1890 1676/585/1373 1674/700/1377
f 2367/715/1888 2355/749/1881 2371/590/1891
f 2357/785/1883 2371/590/1891 2355/749/1881
f 2368/722/1889 2367/715/1888 2372/650/1892
f 2373/720/1893 2367/715/1888 2371/590/1891
f 2367/715/1888 2373/720/1893 2372/650/1892
f 2374/721/1894 2373/720/1893 2371/590/1891
f 2372/650/1892 2375/729/1895 2368/722/1889
f 2376/721/1896 2374/721/1894 2371/590/1891
f 2357/785/1883 2376/721/1896 2371/590/1891
f 2372/650/1892 2373/720/1893 2377/590/1897
f 2375/729/1895 2372/650/1892 2377/590/1897
f 2374/721/1894 2378/721/1898 2373/720/1893
f 2376/721/1896 2378/721/1898 2374/721/1894
f 2379/720/1899 2377/590/1897 2373/720/1893
f 2378/721/1898 2379/720/1899 2373/720/1893
f 2377/590/1897 2379/720/1899 2380/590/1900
f 2375/729/1895 2377/590/1897 2380/590/1900
f 2381/786/1901 2379/720/1899 2378/721/1898
f 2380/590/1900 2379/720/1899 2382/721/1902
f 2379/720/1899 2381/786/1901 2382/721/1902
f 2382/721/1902 2383/588/1903 2380/590/1900
f 2384/642/1904 2381/786/1901 2378/721/1898
f 2378/721/1898 2376/721/1896 2384/642/1904
f 2385/650/1905 2380/590/1900 2383/588/1903
f 2375/729/1895 2380/590/1900 2385/650/1905
f 2383/588/1903 2386/650/1906 2385/650/1905
f 2387/715/1907 2375/729/1895 2385/650/1905
f 2386/650/1906 2388/729/1908 2385/650/1905
f 2387/715/1907 2385/650/1905 2388/729/1908
f 2388/729/1908 2386/650/1906 2389/787/1909
f 2375/729/1895 2387/715/1907 2390/716/1910
f 2375/729/1895 2390/716/1910 2368/722/1889
f 2370/723/1890 2368/722/1889 2390/716/1910
f 2388/729/1908 2391/715/1907 2387/715/1907
f 2390/716/1910 2387/715/1907 2391/715/1907
f 2392/715/1911 2370/723/1890 2390/716/1910
f 2390/716/1910 2391/715/1907 2392/715/1911
f 2370/723/1890 2392/715/1911 2393/725/1912
f 2393/725/1912 1676/585/1373 2370/723/1890
f 2391/715/1907 2394/729/1913 2392/715/1911
f 2394/729/1913 2393/725/1912 2392/715/1911
f 2391/715/1907 2388/729/1908 2395/729/1914
f 2394/729/1913 2391/715/1907 2395/729/1914
f 2389/787/1909 2395/729/1914 2388/729/1908
f 2393/725/1912 2394/729/1913 2396/725/1915
f 2396/725/1915 1676/585/1373 2393/725/1912
f 2395/729/1914 2389/787/1909 2397/650/1916
f 2398/650/1917 2397/650/1916 2389/787/1909
f 1676/585/1373 2396/725/1915 2399/585/1373
f 1679/700/1380 1676/585/1373 2399/585/1373
f 913/589/806 2397/650/1916 2398/650/1917
f 1679/700/1380 2399/585/1373 2400/585/1380
f 2398/650/1917 914/589/806 913/589/806
f 2397/650/1916 913/589/806 2401/650/1918
f 2401/650/1918 2395/729/1914 2397/650/1916
f 915/590/805 2401/650/1918 913/589/806
f 914/589/806 2398/650/1917 2402/650/1919
f 2398/650/1917 2389/787/1909 2402/650/1919
f 2402/650/1919 2403/650/1920 914/589/806
f 2402/650/1919 2389/787/1909 2386/650/1906
f 2403/650/1920 2402/650/1919 2404/650/808
f 2402/650/1919 2386/650/1906 2404/650/808
f 2403/650/1920 2404/650/808 916/589/807
f 2383/588/1903 2404/650/808 2386/650/1906
f 917/588/808 916/589/807 2404/650/808
f 2404/650/808 2383/588/1903 917/588/808
f 2382/721/1902 917/588/808 2383/588/1903
f 917/588/808 2382/721/1902 2405/721/808
f 2405/721/808 918/588/808 917/588/808
f 2381/786/1901 2405/721/808 2382/721/1902
f 918/588/808 2405/721/808 2406/721/808
f 2405/721/808 2381/786/1901 2407/721/1921
f 2407/721/1921 2406/721/808 2405/721/808
f 2406/721/808 2407/721/1921 2408/721/1922
f 2408/721/1922 2407/721/1921 2409/642/1923
f 2409/642/1923 2410/642/1923 2408/721/1922
f 2411/642/1924 2409/642/1923 2407/721/1921
f 2381/786/1901 2411/642/1924 2407/721/1921
f 2381/786/1901 2384/642/1904 2411/642/1924
f 2412/713/1923 2410/642/1923 2409/642/1923
f 2412/713/1923 2413/713/1923 2410/642/1923
f 2414/713/1925 2409/642/1923 2411/642/1924
f 2409/642/1923 2414/713/1925 2412/713/1923
f 2384/642/1904 2415/788/1926 2411/642/1924
f 2414/713/1925 2411/642/1924 2415/788/1926
f 2376/721/1896 2415/788/1926 2384/642/1904
f 2416/643/1927 2412/713/1923 2414/713/1925
f 2415/788/1926 2416/643/1927 2414/713/1925
f 2417/643/1928 2413/713/1923 2412/713/1923
f 2412/713/1923 2416/643/1927 2417/643/1928
f 2413/713/1923 2417/643/1928 2418/643/1929
f 2419/643/1930 2418/643/1929 2417/643/1928
f 2416/643/1927 2419/643/1930 2417/643/1928
f 2419/643/1930 2420/643/1931 2418/643/1929
f 2419/643/1930 2421/732/1932 2420/643/1931
f 2416/643/1927 2415/788/1926 2422/712/1933
f 2421/732/1932 2419/643/1930 2423/732/1934
f 2423/732/1934 2424/789/1935 2421/732/1932
f 2419/643/1930 2416/643/1927 2425/643/1936
f 2422/712/1933 2425/643/1936 2416/643/1927
f 2423/732/1934 2419/643/1930 2426/732/1937
f 2426/732/1937 2419/643/1930 2425/643/1936
f 2424/789/1935 2423/732/1934 2427/731/1935
f 2427/731/1935 2428/730/792 2424/789/1935
f 2429/733/1938 2423/732/1934 2426/732/1937
f 2427/731/1935 2423/732/1934 2429/733/1938
f 2428/730/792 2427/731/1935 2430/730/792
f 2430/730/792 2431/790/595 2428/730/792
f 2432/730/1939 2427/731/1935 2429/733/1938
f 2430/730/792 2427/731/1935 2432/730/1939
f 2429/733/1938 2426/732/1937 2433/733/1940
f 2431/790/595 2430/730/792 2434/735/595
f 2432/730/1939 2429/733/1938 2435/730/1941
f 2435/730/1941 2429/733/1938 2433/733/1940
f 2436/735/1942 2430/730/792 2432/730/1939
f 2434/735/595 2430/730/792 2436/735/1942
f 2437/736/1943 2432/730/1939 2435/730/1941
f 2436/735/1942 2432/730/1939 2437/736/1943
f 2438/736/1944 2431/790/595 2434/735/595
f 2439/736/1944 2431/790/595 2438/736/1944
f 2440/736/1945 2434/735/595 2436/735/1942
f 2434/735/595 2440/736/1945 2438/736/1944
f 2441/737/1946 2439/736/1944 2438/736/1944
f 2442/737/1946 2439/736/1944 2441/737/1946
f 2443/737/1947 2438/736/1944 2440/736/1945
f 2438/736/1944 2443/737/1947 2441/737/1946
f 2436/735/1942 2444/737/1948 2440/736/1945
f 2444/737/1948 2436/735/1942 2437/736/1943
f 2445/737/1949 2440/736/1945 2444/737/1948
f 2440/736/1945 2445/737/1949 2443/737/1947
f 2437/736/1943 2446/737/1950 2444/737/1948
f 2446/737/1950 2445/737/1949 2444/737/1948
f 2447/737/1951 2442/737/1946 2441/737/1946
f 2448/737/772 2442/737/1946 2447/737/1951
f 2449/737/1952 2441/737/1946 2443/737/1947
f 2441/737/1946 2449/737/1952 2447/737/1951
f 2450/738/1953 2443/737/1947 2445/737/1949
f 2443/737/1947 2450/738/1953 2449/737/1952
f 2451/737/1954 2448/737/772 2447/737/1951
f 2452/737/1954 2448/737/772 2451/737/1954
f 2451/737/1954 2453/737/1955 2452/737/1954
f 2454/737/1956 2447/737/1951 2449/737/1952
f 2447/737/1951 2454/737/1956 2451/737/1954
f 2453/737/1955 2451/737/1954 2455/737/1957
f 2454/737/1956 2455/737/1957 2451/737/1954
f 2455/737/1957 2456/737/1958 2453/737/1955
f 2449/737/1952 2457/738/1959 2454/737/1956
f 2457/738/1959 2449/737/1952 2450/738/1953
f 2455/737/1957 2454/737/1956 2458/737/1960
f 2457/738/1959 2458/737/1960 2454/737/1956
f 2456/737/1958 2455/737/1957 2459/737/1958
f 2459/737/1958 2455/737/1957 2458/737/1960
f 2456/737/1958 2459/737/1958 2460/736/1958
f 2461/736/1958 2460/736/1958 2459/737/1958
f 2460/736/1958 2461/736/1958 2462/735/1961
f 2463/737/1962 2459/737/1958 2458/737/1960
f 2461/736/1958 2459/737/1958 2463/737/1962
f 2462/735/1961 2461/736/1958 2464/790/1963
f 2464/790/1963 2465/791/1964 2462/735/1961
f 2465/791/1964 2464/790/1963 2466/791/1965
f 2464/790/1963 2461/736/1958 2467/736/1966
f 2467/736/1966 2461/736/1958 2463/737/1962
f 2463/737/1962 2468/736/1967 2467/736/1966
f 2468/736/1967 2469/735/1968 2467/736/1966
f 2470/738/1969 2463/737/1962 2458/737/1960
f 2458/737/1960 2457/738/1959 2470/738/1969
f 2468/736/1967 2463/737/1962 2471/737/1970
f 2463/737/1962 2470/738/1969 2471/737/1970
f 2469/735/1968 2468/736/1967 2472/735/1971
f 2469/735/1968 2472/735/1971 2473/735/1972
f 2471/737/1970 2474/736/1973 2468/736/1967
f 2474/736/1973 2472/735/1971 2468/736/1967
f 2471/737/1970 2470/738/1969 2475/738/1974
f 2474/736/1973 2471/737/1970 2475/738/1974
f 2473/735/1972 2472/735/1971 2476/735/1975
f 2476/735/1975 2477/732/1976 2473/735/1972
f 2478/735/1977 2472/735/1971 2474/736/1973
f 2477/732/1976 2476/735/1975 2479/732/1978
f 2479/732/1978 2480/642/1979 2477/732/1976
f 2472/735/1971 2481/735/1980 2476/735/1975
f 2481/735/1980 2472/735/1971 2478/735/1977
f 2476/735/1975 2482/644/1981 2479/732/1978
f 2482/644/1981 2476/735/1975 2481/735/1980
f 2480/642/1979 2479/732/1978 2483/642/1982
f 2480/642/1979 2483/642/1982 2484/642/1983
f 2485/642/1984 2479/732/1978 2482/644/1981
f 2483/642/1982 2479/732/1978 2485/642/1984
f 2486/644/1985 2482/644/1981 2481/735/1980
f 2486/644/1985 2485/642/1984 2482/644/1981
f 2486/644/1985 2481/735/1980 2108/644/1659
f 2486/644/1985 2107/720/1658 2485/642/1984
f 2108/644/1659 2107/720/1658 2486/644/1985
f 2487/735/1986 2108/644/1659 2481/735/1980
f 2478/735/1977 2487/735/1986 2481/735/1980
f 2474/736/1973 2487/735/1986 2478/735/1977
f 2110/730/1661 2108/644/1659 2487/735/1986
f 2487/735/1986 2474/736/1973 2488/737/1987
f 2488/737/1987 2110/730/1661 2487/735/1986
f 2488/737/1987 2474/736/1973 2489/738/1988
f 2475/738/1974 2489/738/1988 2474/736/1973
f 2110/730/1661 2488/737/1987 2490/737/1989
f 2490/737/1989 2112/730/1663 2110/730/1661
f 2491/738/1990 2488/737/1987 2489/738/1988
f 2475/738/1974 2491/738/1990 2489/738/1988
f 2492/738/1991 2490/737/1989 2488/737/1987
f 2488/737/1987 2491/738/1990 2492/738/1991
f 2491/738/1990 2475/738/1974 2493/738/1992
f 2470/738/1969 2493/738/1992 2475/738/1974
f 2491/738/1990 2494/738/1652 2492/738/1991
f 2470/738/1969 2495/738/1993 2493/738/1992
f 2495/738/1993 2470/738/1969 2457/738/1959
f 2493/738/1992 2496/739/1655 2491/738/1990
f 2495/738/1993 2496/739/1655 2493/738/1992
f 2494/738/1652 2491/738/1990 2496/739/1655
f 2457/738/1959 2497/738/1994 2495/738/1993
f 2497/738/1994 2457/738/1959 2450/738/1953
f 2496/739/1655 2495/738/1993 2498/740/1995
f 2497/738/1994 2498/740/1995 2495/738/1993
f 2450/738/1953 2499/738/1996 2497/738/1994
f 2499/738/1996 2450/738/1953 2445/737/1949
f 2445/737/1949 2446/737/1950 2499/738/1996
f 2499/738/1996 2500/740/1995 2497/738/1994
f 2498/740/1995 2497/738/1994 2500/740/1995
f 2446/737/1950 2501/792/1698 2499/738/1996
f 2500/740/1995 2499/738/1996 2501/792/1698
f 2498/740/1995 2502/740/1995 2496/739/1655
f 2498/740/1995 2500/740/1995 2503/740/1997
f 2504/739/1698 2496/739/1655 2502/740/1995
f 2496/739/1655 2504/739/1698 2494/738/1652
f 2502/740/1995 2498/740/1995 2505/740/1998
f 2505/740/1998 2504/739/1698 2502/740/1995
f 2498/740/1995 2503/740/1997 2505/740/1998
f 2503/740/1997 2500/740/1995 2506/740/1999
f 2500/740/1995 2501/792/1698 2506/740/1999
f 2188/740/1730 2505/740/1998 2503/740/1997
f 2506/740/1999 2188/740/1730 2503/740/1997
f 2505/740/1998 2188/740/1730 2185/740/1727
f 2188/740/1730 2506/740/1999 2191/740/1733
f 2185/740/1727 2507/739/2000 2505/740/1998
f 2504/739/1698 2505/740/1998 2507/739/2000
f 2507/739/2000 2185/740/1727 2182/740/1724
f 2508/739/2001 2191/740/1733 2506/740/1999
f 2506/740/1999 2501/792/1698 2508/739/2001
f 2191/740/1733 2508/739/2001 2194/740/1736
f 2182/740/1724 2509/739/2002 2507/739/2000
f 2509/739/2002 2182/740/1724 2179/739/1721
f 2507/739/2000 2510/739/1698 2504/739/1698
f 2510/739/1698 2507/739/2000 2509/739/2002
f 2510/739/1698 2494/738/1652 2504/739/1698
f 2179/739/1721 2511/738/2003 2509/739/2002
f 2511/738/2003 2179/739/1721 2176/738/1718
f 2509/739/2002 2512/738/1995 2510/739/1698
f 2512/738/1995 2509/739/2002 2511/738/2003
f 2176/738/1718 2513/737/2004 2511/738/2003
f 2513/737/2004 2512/738/1995 2511/738/2003
f 2513/737/2004 2176/738/1718 2170/737/1712
f 2170/737/1712 2173/735/1715 2513/737/2004
f 2494/738/1652 2510/739/1698 2514/737/2005
f 2512/738/1995 2514/737/2005 2510/739/1698
f 2173/735/1715 2515/736/2006 2513/737/2004
f 2512/738/1995 2513/737/2004 2515/736/2006
f 2494/738/1652 2514/737/2005 2516/737/2007
f 2516/737/2007 2492/738/1991 2494/738/1652
f 2490/737/1989 2492/738/1991 2516/737/2007
f 2514/737/2005 2512/738/1995 2517/737/1647
f 2516/737/2007 2518/736/2008 2490/737/1989
f 2112/730/1663 2490/737/1989 2518/736/2008
f 2519/736/2009 2516/737/2007 2514/737/2005
f 2514/737/2005 2517/737/1647 2519/736/2009
f 2518/736/2008 2516/737/2007 2519/736/2009
f 2512/738/1995 2520/735/2010 2517/737/1647
f 2517/737/1647 2520/735/2010 2519/736/2009
f 2520/735/2010 2512/738/1995 2515/736/2006
f 2521/735/2011 2518/736/2008 2519/736/2009
f 2521/735/2011 2519/736/2009 2520/735/2010
f 2522/735/2012 2112/730/1663 2518/736/2008
f 2518/736/2008 2521/735/2011 2522/735/2012
f 2112/730/1663 2522/735/2012 2114/731/1664
f 2118/733/1668 2114/731/1664 2522/735/2012
f 2522/735/2012 2523/730/2013 2118/733/1668
f 2523/730/2013 2522/735/2012 2521/735/2011
f 2124/731/1674 2118/733/1668 2523/730/2013
f 2523/730/2013 2521/735/2011 2524/730/1646
f 2524/730/1646 2124/731/1674 2523/730/2013
f 2520/735/2010 2524/730/1646 2521/735/2011
f 2515/736/2006 2524/730/1646 2520/735/2010
f 2124/731/1674 2524/730/1646 2525/731/1646
f 2126/644/1676 2124/731/1674 2525/731/1646
f 2525/731/1646 2144/644/1687 2126/644/1676
f 2144/644/1687 2525/731/1646 2156/732/1698
f 2524/730/1646 2515/736/2006 2526/735/1698
f 2526/735/1698 2525/731/1646 2524/730/1646
f 2515/736/2006 2173/735/1715 2526/735/1698
f 2166/733/1708 2526/735/1698 2173/735/1715
f 2527/733/1995 2156/732/1698 2525/731/1646
f 2166/733/1708 2156/732/1698 2527/733/1995
f 2525/731/1646 2526/735/1698 2527/733/1995
f 2526/735/1698 2166/733/1708 2527/733/1995
f 2464/790/1963 2467/736/1966 2469/735/1968
f 2469/735/1968 2466/791/1965 2464/790/1963
f 2466/791/1965 2469/735/1968 2473/735/1972
f 2466/791/1965 2528/732/1965 2465/791/1964
f 2473/735/1972 2529/732/1965 2466/791/1965
f 2528/732/1965 2466/791/1965 2529/732/1965
f 2529/732/1965 2473/735/1972 2477/732/1976
f 2529/732/1965 2530/642/1965 2528/732/1965
f 2477/732/1976 2531/642/2014 2529/732/1965
f 2530/642/1965 2529/732/1965 2531/642/2014
f 2531/642/2014 2477/732/1976 2480/642/1979
f 2530/642/1965 2531/642/2014 2532/642/1141
f 2533/642/2015 2531/642/2014 2480/642/1979
f 2532/642/1141 2531/642/2014 2533/642/2015
f 2533/642/2015 2480/642/1979 2484/642/1983
f 2532/642/1141 2533/642/2015 2534/793/2016
f 2533/642/2015 2484/642/1983 2535/721/2017
f 2535/721/2017 2534/793/2016 2533/642/2015
f 2535/721/2017 2536/794/2016 2534/793/2016
f 2484/642/1983 2537/721/2018 2535/721/2017
f 2537/721/2018 2536/794/2016 2535/721/2017
f 2536/794/2016 912/588/805 2534/793/2016
f 2484/642/1983 2538/721/2019 2537/721/2018
f 912/588/805 2536/794/2016 2539/720/2020
f 2538/721/2019 2484/642/1983 2540/721/2021
f 2484/642/1983 2483/642/1982 2540/721/2021
f 2536/794/2016 2537/721/2018 2541/720/2022
f 2541/720/2022 2539/720/2020 2536/794/2016
f 2483/642/1982 2542/721/1984 2540/721/2021
f 2542/721/1984 2483/642/1982 2485/642/1984
f 2543/720/2023 2540/721/2021 2542/721/1984
f 2540/721/2021 2543/720/2023 2538/721/2019
f 2485/642/1984 2544/720/2024 2542/721/1984
f 2544/720/2024 2543/720/2023 2542/721/1984
f 2485/642/1984 2107/720/1658 2544/720/2024
f 2107/720/1658 2109/719/1660 2544/720/2024
f 2544/720/2024 2545/720/1994 2543/720/2023
f 2544/720/2024 2109/719/1660 2545/720/1994
f 2546/588/2025 2538/721/2019 2543/720/2023
f 2543/720/2023 2545/720/1994 2546/588/2025
f 2547/719/1655 2545/720/1994 2109/719/1660
f 2547/719/1655 2546/588/2025 2545/720/1994
f 2109/719/1660 2111/701/1662 2547/719/1655
f 2538/721/2019 2546/588/2025 2548/720/2026
f 2538/721/2019 2548/720/2026 2537/721/2018
f 2537/721/2018 2548/720/2026 2541/720/2022
f 2546/588/2025 2547/719/1655 2549/719/2027
f 2111/701/1662 2549/719/2027 2547/719/1655
f 2550/590/1950 2548/720/2026 2546/588/2025
f 2546/588/2025 2549/719/2027 2550/590/1950
f 2548/720/2026 2551/588/2028 2541/720/2022
f 2548/720/2026 2550/590/1950 2551/588/2028
f 2541/720/2022 2551/588/2028 2552/720/2029
f 2539/720/2020 2541/720/2022 2552/720/2029
f 2550/590/1950 2553/590/2028 2551/588/2028
f 2551/588/2028 2553/590/2028 2552/720/2029
f 2552/720/2029 2554/588/612 2539/720/2020
f 2539/720/2020 2554/588/612 912/588/805
f 915/590/805 912/588/805 2554/588/612
f 2554/588/612 2552/720/2029 2555/588/2030
f 2552/720/2029 2553/590/2028 2555/588/2030
f 2554/588/612 2556/590/2029 915/590/805
f 2556/590/2029 2554/588/612 2555/588/2030
f 2401/650/1918 915/590/805 2556/590/2029
f 2557/590/2028 2555/588/2030 2553/590/2028
f 2555/588/2030 2557/590/2028 2556/590/2029
f 2556/590/2029 2558/650/2031 2401/650/1918
f 2558/650/2031 2556/590/2029 2557/590/2028
f 2395/729/1914 2401/650/1918 2558/650/2031
f 2395/729/1914 2558/650/2031 2394/729/1913
f 2559/650/2032 2394/729/1913 2558/650/2031
f 2558/650/2031 2557/590/2028 2559/650/2032
f 2559/650/2032 2396/725/1915 2394/729/1913
f 2557/590/2028 2553/590/2028 2560/590/2033
f 2560/590/2033 2559/650/2032 2557/590/2028
f 2553/590/2028 2550/590/1950 2560/590/2033
f 2396/725/1915 2559/650/2032 2561/726/1915
f 2560/590/2033 2561/726/1915 2559/650/2032
f 2550/590/1950 2562/719/2034 2560/590/2033
f 2562/719/2034 2550/590/1950 2549/719/2027
f 2561/726/1915 2560/590/2033 2563/726/1915
f 2563/726/1915 2560/590/2033 2562/719/2034
f 2563/726/1915 2564/701/2035 2561/726/1915
f 2562/719/2034 2564/701/2035 2563/726/1915
f 2565/701/2036 2396/725/1915 2561/726/1915
f 2564/701/2035 2565/701/2036 2561/726/1915
f 2562/719/2034 2566/701/2036 2564/701/2035
f 2549/719/2027 2566/701/2036 2562/719/2034
f 2567/701/2037 2565/701/2036 2564/701/2035
f 2566/701/2036 2567/701/2037 2564/701/2035
f 2396/725/1915 2565/701/2036 2568/586/1373
f 2399/585/1373 2396/725/1915 2568/586/1373
f 2399/585/1373 2568/586/1373 2400/585/1380
f 2569/586/2038 2568/586/1373 2565/701/2036
f 2568/586/1373 2570/585/2039 2400/585/1380
f 2570/585/2039 2568/586/1373 2569/586/2038
f 2569/586/2038 2565/701/2036 2571/586/2040
f 2565/701/2036 2567/701/2037 2571/586/2040
f 2572/586/1843 2569/586/2038 2571/586/2040
f 2571/586/2040 2573/586/2041 2572/586/1843
f 2567/701/2037 2573/586/2041 2571/586/2040
f 2569/586/2038 2572/586/1843 2574/585/2042
f 2574/585/2042 2570/585/2039 2569/586/2038
f 2567/701/2037 2575/701/595 2573/586/2041
f 2570/585/2039 2574/585/2042 2576/585/2043
f 2567/701/2037 2577/701/2044 2575/701/595
f 2576/585/2043 2578/585/2045 2570/585/2039
f 2577/701/2044 2567/701/2037 2579/701/2046
f 2580/585/2047 2578/585/2045 2576/585/2043
f 2567/701/2037 2566/701/2036 2579/701/2046
f 2579/701/2046 2581/701/2048 2577/701/2044
f 2581/701/2048 2579/701/2046 2582/701/2049
f 2566/701/2036 2582/701/2049 2579/701/2046
f 2581/701/2048 2582/701/2049 2583/586/2050
f 2566/701/2036 2584/701/2035 2582/701/2049
f 2566/701/2036 2549/719/2027 2584/701/2035
f 2583/586/2050 2582/701/2049 2585/586/2051
f 2585/586/2051 2582/701/2049 2584/701/2035
f 2583/586/2050 2585/586/2051 2586/585/2052
f 2587/701/2035 2584/701/2035 2549/719/2027
f 2549/719/2027 2111/701/1662 2587/701/2035
f 2111/701/1662 2113/585/1380 2587/701/2035
f 2587/701/2035 2588/586/2053 2584/701/2035
f 2587/701/2035 2113/585/1380 2588/586/2053
f 2584/701/2035 2588/586/2053 2585/586/2051
f 2113/585/1380 2589/585/2054 2588/586/2053
f 2589/585/2054 2585/586/2051 2588/586/2053
f 2586/585/2052 2585/586/2051 2590/585/2055
f 2585/586/2051 2589/585/2054 2590/585/2055
f 2586/585/2052 2590/585/2055 2591/585/2056
f 2113/585/1380 2592/585/1380 2589/585/2054
f 2592/585/1380 2590/585/2055 2589/585/2054
f 1688/700/1386 2592/585/1380 2113/585/1380
f 2591/585/2056 2590/585/2055 2593/585/2057
f 2590/585/2055 2592/585/1380 2593/585/2057
f 2591/585/2056 2593/585/2057 2594/585/612
f 1682/699/1380 2592/585/1380 1688/700/1386
f 2595/585/2058 2594/585/612 2593/585/2057
f 2592/585/1380 2595/585/2058 2593/585/2057
f 2592/585/1380 1682/699/1380 2596/700/2059
f 2592/585/1380 2596/700/2059 2595/585/2058
f 2596/700/2059 1682/699/1380 1685/700/1380
f 2595/585/2058 2596/700/2059 1685/700/1380
f 2594/585/612 2595/585/2058 2597/585/2060
f 2595/585/2058 1685/700/1380 2597/585/2060
f 2594/585/612 2597/585/2060 2580/585/2047
f 2580/585/2047 2597/585/2060 2578/585/2045
f 1685/700/1380 2578/585/2045 2597/585/2060
f 2578/585/2045 1685/700/1380 2598/585/2059
f 2598/585/2059 2570/585/2039 2578/585/2045
f 1679/700/1380 2598/585/2059 1685/700/1380
f 2570/585/2039 2598/585/2059 2400/585/1380
f 1679/700/1380 2400/585/1380 2598/585/2059
f 2599/795/590 2600/796/590 2601/797/2061
f 2601/797/2061 2600/796/590 2602/797/2061
f 2601/797/2061 2602/797/2061 2603/798/638
f 2603/798/638 2602/797/2061 2604/798/638
f 2603/798/638 2604/798/638 2605/799/2062
f 2605/799/2062 2604/798/638 2606/800/1921
f 2605/799/2062 2606/800/1921 2607/801/662
f 2607/801/662 2606/800/1921 2608/801/627
f 2607/801/662 2608/801/627 2609/802/2063
f 2609/802/2063 2608/801/627 2610/803/2063
f 2610/803/2063 2611/804/631 2609/802/2063
f 2611/804/631 2610/803/2063 2612/804/631
f 2612/804/631 2613/603/2064 2611/804/631
f 2613/603/2064 2612/804/631 2614/603/827
f 2614/603/827 2615/591/621 2613/603/2064
f 2615/591/621 2614/603/827 2616/605/621
f 2616/605/621 2617/607/838 2615/591/621
f 2617/607/838 2616/605/621 2618/607/2065
f 2618/607/2065 2619/616/624 2617/607/838
f 2619/616/624 2618/607/2065 2620/616/624
f 2621/607/2066 2619/616/624 2620/616/624
f 2621/607/2066 2622/607/2067 2619/616/624
f 2623/605/612 2622/607/2067 2621/607/2066
f 2623/605/612 2624/591/612 2622/607/2067
f 2625/603/2068 2624/591/612 2623/605/612
f 2625/603/2068 2626/603/2068 2624/591/612
f 2627/804/616 2626/603/2068 2625/603/2068
f 2627/804/616 2628/804/616 2626/603/2068
f 2629/805/1144 2628/804/616 2627/804/616
f 2629/805/1144 2630/596/1144 2628/804/616
f 2631/663/620 2630/596/1144 2629/805/1144
f 2630/596/1144 2631/663/620 2632/663/620
f 2633/625/1130 2632/663/620 2631/663/620
f 2632/663/620 2633/625/1130 2634/806/1130
f 2635/657/672 2634/806/1130 2633/625/1130
f 2634/806/1130 2635/657/672 2636/657/672
f 2637/655/2069 2636/657/672 2635/657/672
f 2636/657/672 2637/655/2069 2638/655/2069
f 2639/629/669 2638/655/2069 2637/655/2069
f 2638/655/2069 2639/629/669 2640/629/669
f 2641/654/2070 2640/629/669 2639/629/669
f 2640/629/669 2641/654/2070 2642/654/2070
f 2643/635/666 2642/654/2070 2641/654/2070
f 2642/654/2070 2643/635/666 2644/635/666
f 2643/635/666 2645/647/1052 2644/635/666
f 2646/647/1052 2645/647/1052 2643/635/666
f 2646/647/1052 2647/645/1300 2645/647/1052
f 2647/645/1300 2646/647/1052 2648/645/1300
f 2648/645/1300 2649/720/1684 2647/645/1300
f 2650/720/1684 2649/720/1684 2648/645/1300
f 2649/720/1684 2650/720/1684 2651/644/606
f 2652/644/606 2651/644/606 2650/720/1684
f 2651/644/606 2652/644/606 2653/733/2071
f 2654/733/2071 2653/733/2071 2652/644/606
f 2653/733/2071 2654/733/2071 2655/736/601
f 2656/736/601 2655/736/601 2654/733/2071
f 2655/736/601 2656/736/601 2657/738/2072
f 2658/738/1855 2657/738/2072 2656/736/601
f 2657/738/2072 2658/738/1855 2659/738/598
f 2660/807/598 2659/738/598 2658/738/1855
f 2659/738/598 2660/807/598 2661/738/1946
f 2659/738/598 2661/738/1946 2662/738/1946
f 2662/738/1946 2661/738/1946 2663/736/595
f 2662/738/1946 2663/736/595 2664/736/595
f 2665/733/1935 2664/736/595 2663/736/595
f 2664/736/595 2665/733/1935 2666/733/1935
f 2667/644/652 2666/733/1935 2665/733/1935
f 2666/733/1935 2667/644/652 2668/644/2073
f 2668/644/2073 2667/644/652 2669/770/2074
f 2668/644/2073 2669/770/2074 2670/785/2074
f 2670/785/2074 2669/770/2074 2671/765/648
f 2671/765/648 2672/765/648 2670/785/2074
f 2672/765/648 2671/765/648 2673/808/2075
f 2673/808/2075 2674/767/2075 2672/765/648
f 2674/767/2075 2673/808/2075 2675/758/644
f 2675/758/644 2676/758/644 2674/767/2075
f 2675/758/644 2677/762/1844 2676/758/644
f 2677/762/1844 2675/758/644 2678/762/1844
f 2678/762/1844 2599/795/590 2677/762/1844
f 2599/795/590 2678/762/1844 2600/796/590
f 2679/809/598 2680/810/598 2681/810/2076
f 2681/810/2076 2680/810/598 2682/810/2077
f 2681/810/2076 2682/810/2077 2683/810/2078
f 2683/810/2078 2682/810/2077 2684/810/2079
f 2685/810/2080 2683/810/2078 2684/810/2079
f 2683/810/2078 2685/810/2080 2686/810/2080
f 2685/810/2080 2687/810/2081 2686/810/2080
f 2688/810/2082 2687/810/2081 2685/810/2080
f 2689/810/2083 2687/810/2081 2688/810/2082
f 2687/810/2081 2689/810/2083 2690/810/2083
f 2691/810/624 2690/810/2083 2689/810/2083
f 2690/810/2083 2691/810/624 2692/809/624
f 2693/573/2084 2694/811/2084 881/572/2084
f 881/572/780 2694/811/2067 879/572/778
f 2695/811/2085 879/572/778 2694/811/2067
f 2695/811/2085 2696/811/2086 879/572/778
f 879/572/778 2696/811/2086 2697/811/779
f 879/572/778 2697/811/779 880/573/779
f 880/573/779 2697/811/779 2698/811/779
f 2699/811/2087 2696/811/2086 2695/811/2085
f 2700/798/2088 2698/811/779 2697/811/779
f 2698/811/779 2700/798/2088 2701/798/2089
f 2702/811/2090 2697/811/779 2696/811/2086
f 2697/811/779 2702/811/2090 2700/798/2088
f 2699/811/2087 2702/811/2090 2696/811/2086
f 2701/798/2089 2700/798/2088 2703/798/2091
f 2703/798/2091 2704/798/2092 2701/798/2089
f 2703/798/2091 2705/812/640 2704/798/2092
f 2706/798/2093 2700/798/2088 2702/811/2090
f 2700/798/2088 2706/798/2093 2703/798/2091
f 2707/812/2094 2705/812/640 2703/798/2091
f 2707/812/2094 2708/813/2061 2705/812/640
f 2706/798/2093 2709/812/2095 2703/798/2091
f 2707/812/2094 2703/798/2091 2709/812/2095
f 2710/797/2061 2708/813/2061 2707/812/2094
f 2710/797/2061 2711/814/2096 2708/813/2061
f 2709/812/2095 2712/797/2097 2707/812/2094
f 2710/797/2061 2707/812/2094 2712/797/2097
f 2713/814/2096 2711/814/2096 2710/797/2061
f 2713/814/2096 2321/776/590 2711/814/2096
f 2712/797/2097 2714/814/2098 2710/797/2061
f 2713/814/2096 2710/797/2061 2714/814/2098
f 2715/796/590 2321/776/590 2713/814/2096
f 2715/796/590 2320/759/1847 2321/776/590
f 2715/796/590 2713/814/2096 2716/796/2099
f 2716/796/2099 2320/759/1847 2715/796/590
f 2714/814/2098 2716/796/2099 2713/814/2096
f 2716/796/2099 2311/774/1842 2320/759/1847
f 2265/764/1805 2311/774/1842 2716/796/2099
f 2714/814/2098 2265/764/1805 2716/796/2099
f 2265/764/1805 2714/814/2098 2717/814/2100
f 2712/797/2097 2717/814/2100 2714/814/2098
f 2717/814/2100 2718/796/1803 2265/764/1805
f 2717/814/2100 2719/796/2101 2718/796/1803
f 2717/814/2100 2720/815/2102 2719/796/2101
f 2720/815/2102 2717/814/2100 2721/816/1799
f 2717/814/2100 2712/797/2097 2722/797/2103
f 2709/812/2095 2722/797/2103 2712/797/2097
f 2721/816/1799 2717/814/2100 2723/814/2104
f 2723/814/2104 2724/815/2105 2721/816/1799
f 2723/814/2104 2725/815/2106 2724/815/2105
f 2722/797/2103 2709/812/2095 2726/812/2107
f 2706/798/2093 2726/812/2107 2709/812/2095
f 2727/817/2108 2717/814/2100 2722/797/2103
f 2717/814/2100 2727/817/2108 2723/814/2104
f 2726/812/2107 2706/798/2093 2728/798/2109
f 2702/811/2090 2728/798/2109 2706/798/2093
f 2729/812/2110 2722/797/2103 2726/812/2107
f 2728/798/2109 2729/812/2110 2726/812/2107
f 2722/797/2103 2729/812/2110 2727/817/2108
f 2728/798/2109 2702/811/2090 2730/811/2111
f 2730/811/2111 2702/811/2090 2699/811/2087
f 2729/812/2110 2728/798/2109 2731/798/2112
f 2730/811/2111 2731/798/2112 2728/798/2109
f 2732/812/1795 2727/817/2108 2729/812/2110
f 2731/798/2112 2730/811/2111 2733/811/2113
f 2727/817/2108 2732/812/1795 2734/817/1793
f 2734/817/1793 2723/814/2104 2727/817/2108
f 2735/811/1793 2729/812/2110 2731/798/2112
f 2729/812/2110 2735/811/1793 2732/812/1795
f 2723/814/2104 2734/817/1793 2736/814/1795
f 2736/814/1795 2725/815/2106 2723/814/2104
f 2725/815/2106 2736/814/1795 2737/815/2114
f 2737/815/2114 2736/814/1795 2738/814/2115
f 2737/815/2114 2738/814/2115 2739/815/2116
f 2736/814/1795 2734/817/1793 2740/817/2117
f 2740/817/2117 2738/814/2115 2736/814/1795
f 2741/814/2118 2739/815/2116 2738/814/2115
f 2738/814/2115 2740/817/2117 2741/814/2118
f 2741/814/2118 2742/815/2119 2739/815/2116
f 2743/812/2120 2740/817/2117 2734/817/1793
f 2734/817/1793 2732/812/1795 2743/812/2120
f 2744/817/2121 2741/814/2118 2740/817/2117
f 2740/817/2117 2743/812/2120 2744/817/2121
f 2742/815/2119 2741/814/2118 2745/814/2122
f 2744/817/2121 2745/814/2122 2741/814/2118
f 2742/815/2119 2745/814/2122 2746/815/2123
f 2746/815/2123 2747/814/2124 2748/796/2125
f 2746/815/2123 2745/814/2122 2747/814/2124
f 2749/817/2126 2747/814/2124 2745/814/2122
f 2745/814/2122 2744/817/2121 2749/817/2126
f 2747/814/2124 2749/817/2126 2750/817/2127
f 2751/812/2128 2749/817/2126 2744/817/2121
f 2751/812/2128 2744/817/2121 2743/812/2120
f 2752/812/2129 2750/817/2127 2749/817/2126
f 2749/817/2126 2751/812/2128 2752/812/2129
f 2750/817/2127 2752/812/2129 2753/812/2130
f 2743/812/2120 2754/811/2131 2751/812/2128
f 2754/811/2131 2743/812/2120 2732/812/1795
f 2732/812/1795 2735/811/1793 2754/811/2131
f 2755/811/2132 2752/812/2129 2751/812/2128
f 2755/811/2132 2751/812/2128 2754/811/2131
f 2756/811/2133 2753/812/2130 2752/812/2129
f 2752/812/2129 2755/811/2132 2756/811/2133
f 2753/812/2130 2756/811/2133 2757/811/2134
f 2754/811/2131 2758/818/2135 2755/811/2132
f 2758/818/2135 2754/811/2131 2735/811/1793
f 2759/818/2136 2756/811/2133 2755/811/2132
f 2759/818/2136 2755/811/2132 2758/818/2135
f 2760/818/2137 2757/811/2134 2756/811/2133
f 2756/811/2133 2759/818/2136 2760/818/2137
f 2757/811/2134 2760/818/2137 2761/818/2138
f 2762/819/2139 2761/818/2138 2760/818/2137
f 2760/818/2137 2763/819/2140 2762/819/2139
f 2759/818/2136 2763/819/2140 2760/818/2137
f 2764/820/2141 2762/819/2139 2763/819/2140
f 2763/819/2140 2765/820/2142 2764/820/2141
f 2766/821/2143 2764/820/2141 2765/820/2142
f 2763/819/2140 2759/818/2136 2767/822/2144
f 2767/822/2144 2765/820/2142 2763/819/2140
f 2765/820/2142 2768/821/2145 2766/821/2143
f 2768/821/2145 2769/823/2146 2766/821/2143
f 2765/820/2142 2767/822/2144 2770/820/2147
f 2770/820/2147 2768/821/2145 2765/820/2142
f 2767/822/2144 2759/818/2136 2771/822/2148
f 2758/818/2135 2771/822/2148 2759/818/2136
f 2770/820/2147 2767/822/2144 2772/824/2149
f 2771/822/2148 2772/824/2149 2767/822/2144
f 2768/821/2145 2770/820/2147 2773/825/2150
f 2772/824/2149 2774/825/2151 2770/820/2147
f 2773/825/2150 2770/820/2147 2774/825/2151
f 2771/822/2148 2775/824/2152 2772/824/2149
f 2776/826/2153 2773/825/2150 2774/825/2151
f 2772/824/2149 2777/825/2154 2774/825/2151
f 2777/825/2154 2776/826/2153 2774/825/2151
f 2777/825/2154 2772/824/2149 2775/824/2152
f 2773/825/2150 2776/826/2153 2778/826/2155
f 2778/826/2155 2768/821/2145 2773/825/2150
f 2769/823/2146 2768/821/2145 2779/823/2156
f 2768/821/2145 2778/826/2155 2779/823/2156
f 2779/823/2156 2780/827/2157 2769/823/2146
f 2780/827/2157 2779/823/2156 2781/828/2158
f 2781/828/2158 2782/829/2159 2780/827/2157
f 2783/828/2160 2779/823/2156 2778/826/2155
f 2779/823/2156 2783/828/2160 2781/828/2158
f 2782/829/2159 2781/828/2158 2784/829/2161
f 2783/828/2160 2784/829/2161 2781/828/2158
f 2784/829/2161 2785/617/2162 2782/829/2159
f 2778/826/2155 2786/828/2163 2783/828/2160
f 2786/828/2163 2778/826/2155 2776/826/2153
f 2784/829/2161 2783/828/2160 2787/830/2164
f 2787/830/2164 2783/828/2160 2786/828/2163
f 2785/617/2162 2784/829/2161 2788/617/2165
f 2787/830/2164 2788/617/2165 2784/829/2161
f 2788/617/2165 2789/603/2166 2785/617/2162
f 2789/603/2166 2788/617/2165 2790/603/2167
f 2790/603/2167 2791/605/2168 2789/603/2166
f 2788/617/2165 2787/830/2164 2792/617/2169
f 2792/617/2169 2790/603/2167 2788/617/2165
f 2791/605/2168 2790/603/2167 2793/605/2170
f 2793/605/2170 2794/606/2171 2791/605/2168
f 2790/603/2167 2792/617/2169 2795/603/2172
f 2793/605/2170 2790/603/2167 2795/603/2172
f 2792/617/2169 2787/830/2164 2796/830/2173
f 2786/828/2163 2796/830/2173 2787/830/2164
f 2795/603/2172 2792/617/2169 2797/617/2174
f 2796/830/2173 2797/617/2174 2792/617/2169
f 2793/605/2170 2795/603/2172 2798/592/2175
f 2794/606/2171 2793/605/2170 2799/606/2176
f 2799/606/2176 2793/605/2170 2798/592/2175
f 2799/606/2176 1061/616/927 2794/606/2171
f 1061/616/927 2799/606/2176 1060/611/926
f 2799/606/2176 1054/607/920 1060/611/926
f 1054/607/920 2799/606/2176 2800/606/2177
f 2799/606/2176 2798/592/2175 2800/606/2177
f 1054/607/920 2800/606/2177 1055/606/921
f 2800/606/2177 2798/592/2175 2801/592/2178
f 2801/592/2178 1055/606/921 2800/606/2177
f 2798/592/2175 2795/603/2172 2802/603/2179
f 2802/603/2179 2801/592/2178 2798/592/2175
f 2797/617/2174 2802/603/2179 2795/603/2172
f 2801/592/2178 2803/606/2180 1055/606/921
f 1047/613/894 1055/606/921 2803/606/2180
f 2803/606/2180 1045/606/912 1047/613/894
f 2802/603/2179 2804/592/2181 2801/592/2178
f 2803/606/2180 2801/592/2178 2804/592/2181
f 1045/606/912 2803/606/2180 2805/592/2182
f 2804/592/2181 2805/592/2182 2803/606/2180
f 2805/592/2182 1039/591/907 1045/606/912
f 2804/592/2181 2802/603/2179 2806/602/895
f 2797/617/2174 2806/602/895 2802/603/2179
f 2805/592/2182 2804/592/2181 2807/603/2183
f 2806/602/895 2807/603/2183 2804/592/2181
f 1039/591/907 2805/592/2182 2808/592/2184
f 2807/603/2183 2808/592/2184 2805/592/2182
f 2809/594/894 2806/602/895 2797/617/2174
f 2796/830/2173 2809/594/894 2797/617/2174
f 2807/603/2183 2806/602/895 2810/617/2185
f 2809/594/894 2810/617/2185 2806/602/895
f 2808/592/2184 2807/603/2183 2811/602/2186
f 2812/830/895 2809/594/894 2796/830/2173
f 2807/603/2183 2813/617/2187 2811/602/2186
f 2807/603/2183 2810/617/2185 2813/617/2187
f 2796/830/2173 2814/828/1282 2812/830/895
f 2814/828/1282 2796/830/2173 2786/828/2163
f 2809/594/894 2812/830/895 2815/600/2188
f 2814/828/1282 2815/600/2188 2812/830/895
f 2810/617/2185 2809/594/894 2816/609/2189
f 2809/594/894 2815/600/2188 2816/609/2189
f 2786/828/2163 2817/826/1279 2814/828/1282
f 2817/826/1279 2786/828/2163 2776/826/2153
f 2776/826/2153 2777/825/2154 2817/826/1279
f 2817/826/1279 2818/802/2188 2814/828/1282
f 2815/600/2188 2814/828/1282 2818/802/2188
f 2777/825/2154 2819/831/2188 2817/826/1279
f 2818/802/2188 2817/826/1279 2819/831/2188
f 2819/831/2188 2777/825/2154 2820/825/2190
f 2777/825/2154 2821/824/2191 2820/825/2190
f 2821/824/2191 2777/825/2154 2775/824/2152
f 2819/831/2188 2820/825/2190 2822/801/2192
f 2821/824/2191 2822/801/2192 2820/825/2190
f 2818/802/2188 2819/831/2188 2823/831/2193
f 2822/801/2192 2823/831/2193 2819/831/2188
f 2824/824/2194 2822/801/2192 2821/824/2191
f 2825/801/2195 2823/831/2193 2822/801/2192
f 2824/824/2194 2825/801/2195 2822/801/2192
f 2823/831/2193 2826/802/2196 2818/802/2188
f 2827/822/2191 2824/824/2194 2821/824/2191
f 2775/824/2152 2827/822/2191 2821/824/2191
f 2828/831/2197 2826/802/2196 2823/831/2193
f 2823/831/2193 2825/801/2195 2828/831/2197
f 2829/600/2198 2818/802/2188 2826/802/2196
f 2818/802/2188 2829/600/2198 2815/600/2188
f 2826/802/2196 2828/831/2197 2830/823/2199
f 2830/823/2199 2829/600/2198 2826/802/2196
f 2831/609/2200 2815/600/2188 2829/600/2198
f 2816/609/2189 2815/600/2188 2831/609/2200
f 2829/600/2198 2830/823/2199 2832/600/2201
f 2829/600/2198 2833/601/2202 2831/609/2200
f 2833/601/2202 2829/600/2198 2832/600/2201
f 2834/601/2203 2816/609/2189 2831/609/2200
f 2834/601/2203 2831/609/2200 2833/601/2202
f 2816/609/2189 2834/601/2203 2835/609/2204
f 2835/609/2204 2810/617/2185 2816/609/2189
f 2810/617/2185 2835/609/2204 2813/617/2187
f 940/601/825 2834/601/2203 2833/601/2202
f 2836/601/2205 2813/617/2187 2835/609/2204
f 2836/601/2205 2835/609/2204 2834/601/2203
f 936/601/823 2834/601/2203 940/601/825
f 2834/601/2203 936/601/823 2836/601/2205
f 937/601/824 2836/601/2205 936/601/823
f 2837/598/2206 940/601/825 2833/601/2202
f 2833/601/2202 2832/600/2201 2837/598/2206
f 940/601/825 2837/598/2206 944/598/828
f 2830/823/2199 2837/598/2206 2832/600/2201
f 944/598/828 2837/598/2206 948/596/830
f 2838/594/2207 2836/601/2205 937/601/824
f 2813/617/2187 2836/601/2205 2838/594/2207
f 937/601/824 942/594/633 2838/594/2207
f 2838/594/2207 2811/602/2186 2813/617/2187
f 2839/602/2208 2838/594/2207 942/594/633
f 2811/602/2186 2838/594/2207 2839/602/2208
f 942/594/633 946/602/827 2839/602/2208
f 2839/602/2208 2808/592/2184 2811/602/2186
f 2840/603/2209 2839/602/2208 946/602/827
f 2808/592/2184 2839/602/2208 2840/603/2209
f 946/602/827 949/603/801 2840/603/2209
f 2840/603/2209 1039/591/907 2808/592/2184
f 958/604/837 2840/603/2209 949/603/801
f 1039/591/907 2840/603/2209 958/604/837
f 2837/598/2206 2841/596/2210 948/596/830
f 2837/598/2206 2842/670/2211 2841/596/2210
f 2830/823/2199 2842/670/2211 2837/598/2206
f 2841/596/2210 2843/665/2212 948/596/830
f 2841/596/2210 2842/670/2211 2843/665/2212
f 948/596/830 2843/665/2212 951/596/831
f 2830/823/2199 2844/825/2213 2842/670/2211
f 2844/825/2213 2830/823/2199 2828/831/2197
f 2842/670/2211 2845/579/2214 2843/665/2212
f 2844/825/2213 2845/579/2214 2842/670/2211
f 2846/667/2215 951/596/831 2843/665/2212
f 951/596/831 2846/667/2215 954/578/833
f 2847/664/2216 2846/667/2215 2843/665/2212
f 2845/579/2214 2847/664/2216 2843/665/2212
f 2848/673/2217 954/578/833 2846/667/2215
f 2847/664/2216 2848/673/2217 2846/667/2215
f 954/578/833 2848/673/2217 2849/664/2218
f 954/578/833 2849/664/2218 955/578/834
f 2847/664/2216 2850/711/2219 2848/673/2217
f 2845/579/2214 2850/711/2219 2847/664/2216
f 2851/664/2220 955/578/834 2849/664/2218
f 2852/832/788 955/578/834 2851/664/2220
f 2848/673/2217 2853/673/2221 2849/664/2218
f 2852/832/788 890/577/787 892/577/789
f 890/577/787 2852/832/788 888/577/785
f 2851/664/2220 888/577/785 2852/832/788
f 892/577/789 891/578/788 2852/832/788
f 955/578/834 2852/832/788 891/578/788
f 891/578/788 952/596/832 955/578/834
f 952/596/832 891/578/788 2854/596/2222
f 893/578/788 2854/596/2222 891/578/788
f 2854/596/2222 893/578/788 927/597/788
f 2854/596/2222 945/596/829 952/596/832
f 927/597/788 926/596/816 2854/596/2222
f 945/596/829 2854/596/2222 926/596/816
f 945/596/829 926/596/816 941/598/826
f 941/598/826 926/596/816 929/598/818
f 933/600/820 941/598/826 929/598/818
f 2855/664/2223 2851/664/2220 2849/664/2218
f 2855/664/2223 2849/664/2218 2853/673/2221
f 2851/664/2220 2855/664/2223 2856/664/2224
f 888/577/785 2851/664/2220 2856/664/2224
f 2857/673/2221 2855/664/2223 2853/673/2221
f 2856/664/2224 2858/664/2225 888/577/785
f 889/577/786 888/577/785 2858/664/2225
f 2859/673/2226 2856/664/2224 2855/664/2223
f 2855/664/2223 2857/673/2221 2859/673/2226
f 2858/664/2225 2856/664/2224 2860/664/2227
f 2856/664/2224 2859/673/2226 2860/664/2227
f 2858/664/2225 2861/667/786 889/577/786
f 2860/664/2227 2861/667/786 2858/664/2225
f 2861/667/786 2862/833/2228 889/577/786
f 2861/667/786 2860/664/2227 2863/667/2229
f 2859/673/2226 2863/667/2229 2860/664/2227
f 2863/667/2229 2864/667/2228 2861/667/786
f 2864/667/2228 2863/667/2229 2865/667/2230
f 2865/667/2230 2866/670/601 2864/667/2228
f 2863/667/2229 2859/673/2226 2867/664/2231
f 2867/664/2231 2865/667/2230 2863/667/2229
f 2868/665/2232 2862/833/2228 2866/670/601
f 2862/833/2228 2861/667/786 2864/667/2228
f 2864/667/2228 2866/670/601 2862/833/2228
f 2859/673/2226 2869/664/2233 2867/664/2231
f 2869/664/2233 2859/673/2226 2857/673/2221
f 2865/667/2230 2867/664/2231 2870/667/2234
f 2866/670/601 2865/667/2230 2871/670/2235
f 2870/667/2234 2871/670/2235 2865/667/2230
f 2872/665/2230 2866/670/601 2871/670/2235
f 2866/670/601 2872/665/2230 2868/665/2232
f 2871/670/2235 2870/667/2234 2873/670/2234
f 2873/670/2234 2872/665/2230 2871/670/2235
f 2867/664/2231 2874/664/2236 2870/667/2234
f 2874/664/2236 2867/664/2231 2869/664/2233
f 2870/667/2234 2875/667/2237 2873/670/2234
f 2875/667/2237 2870/667/2234 2874/664/2236
f 2872/665/2230 2873/670/2234 2876/670/2238
f 2877/670/906 2873/670/2234 2875/667/2237
f 2873/670/2234 2877/670/906 2876/670/2238
f 2876/670/2238 2878/596/2239 2872/665/2230
f 2878/596/2239 2868/665/2232 2872/665/2230
f 2877/670/906 2879/665/2240 2876/670/2238
f 2878/596/2239 2876/670/2238 2879/665/2240
f 2868/665/2232 2878/596/2239 2880/596/2241
f 2880/596/2241 2862/833/2228 2868/665/2232
f 2862/833/2228 2880/596/2241 2881/597/2242
f 2882/596/2243 2880/596/2241 2878/596/2239
f 2879/665/2240 2882/596/2243 2878/596/2239
f 2880/596/2241 2882/596/2243 2883/596/2244
f 2883/596/2244 2881/597/2242 2880/596/2241
f 994/608/867 2883/596/2244 2882/596/2243
f 2884/598/2245 2881/597/2242 2883/596/2244
f 2884/598/2245 2883/596/2244 994/608/867
f 2884/598/2245 2885/598/1054 2881/597/2242
f 991/600/864 2884/598/2245 994/608/867
f 987/600/813 2885/598/1054 2884/598/2245
f 2884/598/2245 991/600/864 987/600/813
f 2885/598/1054 987/600/813 986/600/813
f 988/594/861 987/600/813 991/600/864
f 2886/596/2246 994/608/867 2882/596/2243
f 2882/596/2243 2879/665/2240 2886/596/2246
f 994/608/867 2886/596/2246 2887/598/2247
f 994/608/867 2887/598/2247 993/598/866
f 2886/596/2246 2879/665/2240 2888/670/2248
f 2879/665/2240 2877/670/906 2888/670/2248
f 2889/665/2249 2887/598/2247 2886/596/2246
f 2888/670/2248 2889/665/2249 2886/596/2246
f 2887/598/2247 2890/596/869 993/598/866
f 2887/598/2247 2889/665/2249 2890/596/869
f 2890/596/869 996/598/869 993/598/866
f 996/598/869 2890/596/869 2891/665/2250
f 2891/665/2250 2890/596/869 2889/665/2249
f 996/598/869 2891/665/2250 1001/610/874
f 1437/678/1240 1001/610/874 2891/665/2250
f 2891/665/2250 2889/665/2249 2892/665/900
f 2892/665/900 1437/678/1240 2891/665/2250
f 2889/665/2249 2888/670/2248 2892/665/900
f 1437/678/1240 2892/665/900 2893/678/883
f 2888/670/2248 2893/678/883 2892/665/900
f 2893/678/883 2894/674/2251 1437/678/1240
f 1441/674/1238 1437/678/1240 2894/674/2251
f 1448/675/1242 1441/674/1238 2894/674/2251
f 2893/678/883 2888/670/2248 2895/671/2252
f 2895/671/2252 2894/674/2251 2893/678/883
f 2877/670/906 2895/671/2252 2888/670/2248
f 2894/674/2251 2896/675/2253 1448/675/1242
f 2896/675/2253 1458/677/1242 1448/675/1242
f 2894/674/2251 2895/671/2252 2897/674/2254
f 2896/675/2253 2894/674/2251 2897/674/2254
f 2895/671/2252 2877/670/906 2898/671/2255
f 2875/667/2237 2898/671/2255 2877/670/906
f 2897/674/2254 2895/671/2252 2899/674/2254
f 2898/671/2255 2875/667/2237 2900/671/2256
f 2901/675/2257 2896/675/2253 2897/674/2254
f 2897/674/2254 2899/674/2254 2901/675/2257
f 2875/667/2237 2902/672/2256 2900/671/2256
f 2874/664/2236 2902/672/2256 2875/667/2237
f 2903/674/2258 2898/671/2255 2900/671/2256
f 2902/672/2256 2903/674/2258 2900/671/2256
f 2904/674/2259 2895/671/2252 2898/671/2255
f 2898/671/2255 2903/674/2258 2904/674/2259
f 2895/671/2252 2904/674/2259 2899/674/2254
f 2874/664/2236 2905/672/2256 2902/672/2256
f 2869/664/2233 2905/672/2256 2874/664/2236
f 2903/674/2258 2902/672/2256 2906/674/2258
f 2906/674/2258 2902/672/2256 2905/672/2256
f 2907/674/2260 2904/674/2259 2903/674/2258
f 2906/674/2258 2907/674/2260 2903/674/2258
f 2904/674/2259 2908/674/2261 2899/674/2254
f 2904/674/2259 2907/674/2260 2909/674/2262
f 2908/674/2261 2904/674/2259 2909/674/2262
f 2910/674/2263 2909/674/2262 2907/674/2260
f 2911/674/2264 2909/674/2262 2910/674/2263
f 2911/674/2264 2908/674/2261 2909/674/2262
f 2910/674/2263 2907/674/2260 2912/674/621
f 2913/675/2265 2908/674/2261 2911/674/2264
f 2912/674/621 2907/674/2260 2914/674/2266
f 2908/674/2261 2913/675/2265 2915/675/2267
f 2915/675/2267 2899/674/2254 2908/674/2261
f 2916/675/2268 2915/675/2267 2913/675/2265
f 2899/674/2254 2915/675/2267 2901/675/2257
f 2917/674/2269 2914/674/2266 2907/674/2260
f 2907/674/2260 2906/674/2258 2917/674/2269
f 2917/674/2269 2918/675/2270 2914/674/2266
f 2919/675/2271 2918/675/2270 2917/674/2269
f 2906/674/2258 2919/675/2271 2917/674/2269
f 2919/675/2271 2920/675/2272 2918/675/2270
f 2919/675/2271 2906/674/2258 2921/675/1307
f 2905/672/2256 2921/675/1307 2906/674/2258
f 2922/675/2273 2920/675/2272 2919/675/2271
f 2921/675/1307 2922/675/2273 2919/675/2271
f 2922/675/2273 2923/676/2274 2920/675/2272
f 2924/675/1307 2921/675/1307 2905/672/2256
f 2925/676/2275 2923/676/2274 2922/675/2273
f 2925/676/2275 2926/676/2276 2923/676/2274
f 2921/675/1307 2927/675/2253 2922/675/2273
f 2924/675/1307 2927/675/2253 2921/675/1307
f 2922/675/2273 2928/676/2277 2925/676/2275
f 2928/676/2277 2922/675/2273 2927/675/2253
f 2926/676/2276 2925/676/2275 2929/676/2278
f 2929/676/2278 2930/676/1301 2926/676/2276
f 2931/677/2253 2925/676/2275 2928/676/2277
f 2925/676/2275 2931/677/2253 2929/676/2278
f 2927/675/2253 2932/676/2253 2928/676/2277
f 2924/675/1307 2932/676/2253 2927/675/2253
f 2932/676/2253 2931/677/2253 2928/676/2277
f 2930/676/1301 2929/676/2278 2933/676/2279
f 2931/677/2253 2933/676/2279 2929/676/2278
f 2934/676/2280 2930/676/1301 2933/676/2279
f 2934/676/2280 2935/676/2281 2930/676/1301
f 2933/676/2279 2931/677/2253 2936/676/1275
f 2937/675/2282 2935/676/2281 2934/676/2280
f 2935/676/2281 2937/675/2282 2916/675/2268
f 2915/675/2267 2916/675/2268 2937/675/2282
f 2933/676/2279 2938/676/2253 2934/676/2280
f 2938/676/2253 2937/675/2282 2934/676/2280
f 2938/676/2253 2933/676/2279 2936/676/1275
f 2939/675/2283 2915/675/2267 2937/675/2282
f 2937/675/2282 2938/676/2253 2939/675/2283
f 2915/675/2267 2939/675/2283 2901/675/2257
f 2896/675/2253 2901/675/2257 2939/675/2283
f 2938/676/2253 2896/675/2253 2939/675/2283
f 1458/677/1242 2896/675/2253 2938/676/2253
f 1502/679/1275 1458/677/1242 2938/676/2253
f 1502/679/1275 2938/676/2253 2936/676/1275
f 2931/677/2253 1502/679/1275 2936/676/1275
f 1502/679/1275 2931/677/2253 1507/679/1276
f 1507/679/1276 2931/677/2253 2932/676/2253
f 2932/676/2253 1541/677/1304 1507/679/1276
f 2932/676/2253 2940/676/1307 1541/677/1304
f 2940/676/1307 2932/676/2253 2924/675/1307
f 1548/676/1304 1541/677/1304 2940/676/1307
f 2905/672/2256 2940/676/1307 2924/675/1307
f 2941/682/2284 1548/676/1304 2940/676/1307
f 2940/676/1307 2905/672/2256 2942/583/2285
f 2940/676/1307 2942/583/2285 2941/682/2284
f 2869/664/2233 2942/583/2285 2905/672/2256
f 2941/682/2284 1551/677/1310 1548/676/1304
f 2942/583/2285 2869/664/2233 2943/579/2286
f 2943/579/2286 2941/682/2284 2942/583/2285
f 2857/673/2221 2943/579/2286 2869/664/2233
f 1551/677/1310 2941/682/2284 2944/581/2188
f 1556/677/1310 1551/677/1310 2944/581/2188
f 2945/710/2287 2943/579/2286 2857/673/2221
f 2945/710/2287 2941/682/2284 2943/579/2286
f 2945/710/2287 2857/673/2221 2853/673/2221
f 2848/673/2217 2945/710/2287 2853/673/2221
f 2848/673/2217 2850/711/2219 2945/710/2287
f 2850/711/2219 2941/682/2284 2945/710/2287
f 2941/682/2284 2850/711/2219 2944/581/2188
f 2946/674/2288 1556/677/1310 2944/581/2188
f 2944/581/2188 2850/711/2219 2946/674/2288
f 1560/679/1310 1556/677/1310 2946/674/2288
f 2947/708/2289 2946/674/2288 2850/711/2219
f 2850/711/2219 2845/579/2214 2947/708/2289
f 2948/675/2188 1560/679/1310 2946/674/2288
f 2946/674/2288 2947/708/2289 2948/675/2188
f 1560/679/1310 2948/675/2188 1561/679/1314
f 2949/711/2290 2947/708/2289 2845/579/2214
f 2845/579/2214 2844/825/2213 2949/711/2290
f 2950/678/2291 2948/675/2188 2947/708/2289
f 2947/708/2289 2949/711/2290 2950/678/2291
f 2951/676/2190 1561/679/1314 2948/675/2188
f 2952/672/2292 2948/675/2188 2950/678/2291
f 2948/675/2188 2952/672/2292 2951/676/2190
f 2952/672/2292 2950/678/2291 2949/711/2290
f 2953/677/2191 1561/679/1314 2951/676/2190
f 2952/672/2292 2953/677/2191 2951/676/2190
f 2953/677/2191 1572/680/1322 1561/679/1314
f 2954/708/2293 2952/672/2292 2949/711/2290
f 2954/708/2293 2949/711/2290 2844/825/2213
f 2953/677/2191 2952/672/2292 2955/583/2294
f 2956/820/2295 2954/708/2293 2844/825/2213
f 2828/831/2197 2956/820/2295 2844/825/2213
f 2956/820/2295 2828/831/2197 2825/801/2195
f 2957/834/2296 2952/672/2292 2954/708/2293
f 2957/834/2296 2955/583/2294 2952/672/2292
f 2958/819/2297 2954/708/2293 2956/820/2295
f 2958/819/2297 2957/834/2296 2954/708/2293
f 2959/835/2298 2956/820/2295 2825/801/2195
f 2958/819/2297 2956/820/2295 2959/835/2298
f 2825/801/2195 2824/824/2194 2959/835/2298
f 2957/834/2296 2960/674/2299 2955/583/2294
f 2960/674/2299 2953/677/2191 2955/583/2294
f 2961/822/2300 2959/835/2298 2824/824/2194
f 2961/822/2300 2824/824/2194 2827/822/2191
f 2960/674/2299 2962/680/2301 2953/677/2191
f 2962/680/2301 1572/680/1322 2953/677/2191
f 2962/680/2301 1568/683/1318 1572/680/1322
f 2959/835/2298 2961/822/2300 2963/836/2302
f 2963/836/2302 2958/819/2297 2959/835/2298
f 2964/681/2301 1568/683/1318 2962/680/2301
f 2964/681/2301 1571/684/1321 1568/683/1318
f 2965/676/2303 2964/681/2301 2962/680/2301
f 2965/676/2303 2962/680/2301 2960/674/2299
f 2966/683/2301 1571/684/1321 2964/681/2301
f 2965/676/2303 2966/683/2301 2964/681/2301
f 1571/684/1321 2966/683/2301 1579/685/1327
f 2967/837/2304 2965/676/2303 2960/674/2299
f 2960/674/2299 2957/834/2296 2967/837/2304
f 2958/819/2297 2967/837/2304 2957/834/2296
f 2967/837/2304 2958/819/2297 2968/834/2305
f 2958/819/2297 2963/836/2302 2968/834/2305
f 2965/676/2303 2967/837/2304 2969/798/2306
f 2967/837/2304 2968/834/2305 2970/838/2307
f 2970/838/2307 2969/798/2306 2967/837/2304
f 2971/837/2308 2970/838/2307 2968/834/2305
f 2965/676/2303 2969/798/2306 2972/839/2309
f 2973/837/2310 2971/837/2308 2968/834/2305
f 2973/837/2310 2968/834/2305 2963/836/2302
f 2969/798/2306 2970/838/2307 2974/840/2311
f 2974/840/2311 2972/839/2309 2969/798/2306
f 2975/838/2312 2970/838/2307 2971/837/2308
f 2975/838/2312 2971/837/2308 2973/837/2310
f 2976/838/2313 2974/840/2311 2970/838/2307
f 2970/838/2307 2975/838/2312 2976/838/2313
f 2974/840/2311 2976/838/2313 2977/840/2314
f 2972/839/2309 2974/840/2311 2977/840/2314
f 2976/838/2313 2975/838/2312 2978/811/2315
f 2977/840/2314 2976/838/2313 2978/811/2315
f 2978/811/2315 2975/838/2312 2979/811/2316
f 2978/811/2315 2980/841/2317 2977/840/2314
f 2981/838/2318 2979/811/2316 2975/838/2312
f 2975/838/2312 2973/837/2310 2981/838/2318
f 2979/811/2316 2981/838/2318 2695/811/2085
f 2981/838/2318 2699/811/2087 2695/811/2085
f 2973/837/2310 2699/811/2087 2981/838/2318
f 2982/839/2319 2977/840/2314 2980/841/2317
f 2977/840/2314 2982/839/2319 2972/839/2309
f 2699/811/2087 2973/837/2310 2983/838/2320
f 2983/838/2320 2730/811/2111 2699/811/2087
f 2983/838/2320 2733/811/2113 2730/811/2111
f 2983/838/2320 2973/837/2310 2984/837/2321
f 2984/837/2321 2973/837/2310 2963/836/2302
f 2985/837/2322 2983/838/2320 2984/837/2321
f 2963/836/2302 2985/837/2322 2984/837/2321
f 2983/838/2320 2985/837/2322 2733/811/2113
f 2985/837/2322 2963/836/2302 2961/822/2300
f 2827/822/2191 2985/837/2322 2961/822/2300
f 2733/811/2113 2985/837/2322 2986/818/2301
f 2985/837/2322 2827/822/2191 2986/818/2301
f 2986/818/2301 2731/798/2112 2733/811/2113
f 2731/798/2112 2986/818/2301 2735/811/1793
f 2986/818/2301 2987/818/1793 2735/811/1793
f 2735/811/1793 2987/818/1793 2758/818/2135
f 2988/822/1795 2986/818/2301 2827/822/2191
f 2986/818/2301 2988/822/1795 2987/818/1793
f 2988/822/1795 2758/818/2135 2987/818/1793
f 2827/822/2191 2775/824/2152 2988/822/1795
f 2758/818/2135 2988/822/1795 2771/822/2148
f 2775/824/2152 2771/822/2148 2988/822/1795
f 2980/841/2317 2989/842/2323 2982/839/2319
f 2980/841/2317 2990/843/2324 2989/842/2323
f 884/575/783 2990/843/2324 885/575/784
f 2990/843/2324 884/575/783 883/575/782
f 883/575/782 2989/842/2323 2990/843/2324
f 886/576/784 885/575/784 2990/843/2324
f 2990/843/2324 2980/841/2317 886/576/784
f 2978/811/2315 886/576/784 2980/841/2317
f 886/576/784 2978/811/2315 2991/811/784
f 2991/811/784 887/576/784 886/576/784
f 887/576/784 2991/811/784 2693/573/784
f 2979/811/2316 2991/811/784 2978/811/2315
f 2694/811/2067 2693/573/784 2991/811/784
f 2991/811/784 2979/811/2316 2694/811/2067
f 2694/811/2067 2979/811/2316 2695/811/2085
f 2989/842/2323 883/575/782 2992/842/2325
f 2993/817/2326 2992/842/2325 883/575/782
f 883/575/782 882/574/781 2993/817/2326
f 2994/842/2327 2989/842/2323 2992/842/2325
f 2989/842/2323 2994/842/2327 2982/839/2319
f 2993/817/2326 882/574/781 2995/844/781
f 2996/845/2328 2995/844/781 882/574/781
f 2992/842/2325 2993/817/2326 2997/817/2329
f 2995/844/781 2997/817/2329 2993/817/2326
f 2992/842/2325 2998/817/2330 2994/842/2327
f 2998/817/2330 2992/842/2325 2997/817/2329
f 2999/842/2331 2982/839/2319 2994/842/2327
f 2982/839/2319 2999/842/2331 2972/839/2309
f 3000/817/2332 2994/842/2327 2998/817/2330
f 2994/842/2327 3000/817/2332 2999/842/2331
f 2972/839/2309 2999/842/2331 3001/679/2331
f 3001/679/2331 2999/842/2331 3000/817/2332
f 2972/839/2309 3001/679/2331 2965/676/2303
f 2966/683/2301 2965/676/2303 3001/679/2331
f 3001/679/2331 3000/817/2332 3002/681/2110
f 2966/683/2301 3001/679/2331 3002/681/2110
f 2998/817/2330 3003/844/2333 3000/817/2332
f 3000/817/2332 3003/844/2333 3002/681/2110
f 3002/681/2110 3004/685/2334 2966/683/2301
f 3003/844/2333 3004/685/2334 3002/681/2110
f 3005/686/1327 2966/683/2301 3004/685/2334
f 1579/685/1327 2966/683/2301 3005/686/1327
f 1584/686/1324 1579/685/1327 3005/686/1327
f 3004/685/2334 3003/844/2333 3006/686/2335
f 3006/686/2335 3005/686/1327 3004/685/2334
f 3003/844/2333 2998/817/2330 3007/844/2336
f 3007/844/2336 2998/817/2330 2997/817/2329
f 3005/686/1327 3008/688/1329 1584/686/1324
f 1585/688/1329 1584/686/1324 3008/688/1329
f 2997/817/2329 3009/844/2337 3007/844/2336
f 2997/817/2329 2995/844/781 3009/844/2337
f 3007/844/2336 3010/846/2338 3003/844/2333
f 3006/686/2335 3003/844/2333 3010/846/2338
f 3009/844/2337 3011/846/2339 3007/844/2336
f 3010/846/2338 3007/844/2336 3011/846/2339
f 3012/846/2328 3009/844/2337 2995/844/781
f 2995/844/781 2996/845/2328 3012/846/2328
f 3009/844/2337 3012/846/2328 3013/846/2340
f 3009/844/2337 3013/846/2340 3011/846/2339
f 3014/796/669 3013/846/2340 3012/846/2328
f 3012/846/2328 2996/845/2328 3014/796/669
f 3015/796/2340 3011/846/2339 3013/846/2340
f 3013/846/2340 3014/796/669 3015/796/2340
f 3016/796/2339 3010/846/2338 3011/846/2339
f 3011/846/2339 3015/796/2340 3016/796/2339
f 3017/847/2328 3014/796/669 2996/845/2328
f 3014/796/669 3018/847/2340 3015/796/2340
f 3018/847/2340 3014/796/669 3017/847/2328
f 3019/847/2339 3015/796/2340 3018/847/2340
f 3015/796/2340 3019/847/2339 3016/796/2339
f 3017/847/2328 3020/848/2337 3018/847/2340
f 3020/848/2337 3019/847/2339 3018/847/2340
f 2996/845/2328 3021/848/777 3017/847/2328
f 3020/848/2337 3017/847/2328 3021/848/777
f 3021/848/777 2996/845/2328 878/571/777
f 3019/847/2339 3020/848/2337 3022/848/2341
f 3023/762/2342 3021/848/777 878/571/777
f 878/571/777 877/570/776 3023/762/2342
f 3021/848/777 3024/762/2343 3020/848/2337
f 3024/762/2343 3021/848/777 3023/762/2342
f 3024/762/2343 3022/848/2341 3020/848/2337
f 3023/762/2342 877/570/776 3025/757/2344
f 3023/762/2342 3025/757/2344 3024/762/2343
f 877/570/776 2341/779/1867 3025/757/2344
f 3025/757/2344 3026/757/2345 3024/762/2343
f 3022/848/2341 3024/762/2343 3026/757/2345
f 2341/779/1867 3027/779/2346 3025/757/2344
f 3026/757/2345 3025/757/2344 3027/779/2346
f 3027/779/2346 2341/779/1867 2343/779/1869
f 3022/848/2341 3026/757/2345 3028/848/2347
f 2343/779/1869 3029/779/2348 3027/779/2346
f 3029/779/2348 2343/779/1869 2347/773/1873
f 3027/779/2346 3030/757/2349 3026/757/2345
f 3030/757/2349 3027/779/2346 3029/779/2348
f 3030/757/2349 3028/848/2347 3026/757/2345
f 2347/773/1873 3031/699/2350 3029/779/2348
f 3031/699/2350 3030/757/2349 3029/779/2348
f 2347/773/1873 2351/585/1877 3031/699/2350
f 3031/699/2350 3032/696/1808 3030/757/2349
f 3030/757/2349 3032/696/1808 3028/848/2347
f 2351/585/1877 3033/695/1365 3031/699/2350
f 3033/695/1365 3032/696/1808 3031/699/2350
f 3033/695/1365 2351/585/1877 1648/697/1365
f 1640/695/1361 3033/695/1365 1648/697/1365
f 3033/695/1365 1640/695/1361 1639/694/1360
f 3032/696/1808 3033/695/1365 3034/694/2351
f 3034/694/2351 3028/848/2347 3032/696/1808
f 3035/693/1360 3033/695/1365 1639/694/1360
f 3033/695/1365 3035/693/1360 3034/694/2351
f 1639/694/1360 1632/692/1339 3035/693/1360
f 3028/848/2347 3034/694/2351 3036/692/2352
f 3035/693/1360 3036/692/2352 3034/694/2351
f 3037/691/1329 3035/693/1360 1632/692/1339
f 1632/692/1339 1596/691/1329 3037/691/1329
f 3036/692/2352 3035/693/1360 3038/691/2353
f 3035/693/1360 3037/691/1329 3038/691/2353
f 3036/692/2352 3039/847/2354 3028/848/2347
f 3028/848/2347 3039/847/2354 3022/848/2341
f 3019/847/2339 3022/848/2341 3039/847/2354
f 3039/847/2354 3016/796/2339 3019/847/2339
f 3016/796/2339 3039/847/2354 3040/796/2355
f 3010/846/2338 3016/796/2339 3040/796/2355
f 3039/847/2354 3036/692/2352 3041/691/2356
f 3041/691/2356 3040/796/2355 3039/847/2354
f 3042/688/2356 3010/846/2338 3040/796/2355
f 3010/846/2338 3042/688/2356 3006/686/2335
f 3040/796/2355 3041/691/2356 3043/689/2357
f 3040/796/2355 3043/689/2357 3042/688/2356
f 3044/689/2358 3043/689/2357 3041/691/2356
f 3044/689/2358 3042/688/2356 3043/689/2357
f 3036/692/2352 3045/690/2358 3041/691/2356
f 3041/691/2356 3045/690/2358 3044/689/2358
f 3046/689/2358 3042/688/2356 3044/689/2358
f 3046/689/2358 3006/686/2335 3042/688/2356
f 3045/690/2358 3047/689/2359 3044/689/2358
f 3047/689/2359 3046/689/2358 3044/689/2358
f 3036/692/2352 3048/691/1796 3045/690/2358
f 3038/691/2353 3048/691/1796 3036/692/2352
f 3047/689/2359 3045/690/2358 3049/690/2360
f 3038/691/2353 3050/691/2358 3048/691/1796
f 3038/691/2353 3037/691/1329 3050/691/2358
f 3045/690/2358 3048/691/1796 3051/690/2361
f 3045/690/2358 3051/690/2361 3049/690/2360
f 3052/690/2362 3048/691/1796 3050/691/2358
f 3048/691/1796 3052/690/2362 3051/690/2361
f 3050/691/2358 3037/691/1329 3053/691/2363
f 3053/691/2363 3052/690/2362 3050/691/2358
f 3054/690/2364 3049/690/2360 3051/690/2361
f 3051/690/2361 3055/690/598 3054/690/2364
f 3055/690/598 3051/690/2361 3052/690/2362
f 3049/690/2360 3054/690/2364 3056/690/2365
f 3049/690/2360 3056/690/2365 3047/689/2359
f 3052/690/2362 3057/690/765 3055/690/598
f 3047/689/2359 3056/690/2365 3058/689/590
f 3047/689/2359 3058/689/590 3059/689/2366
f 3057/690/765 3052/690/2362 3060/690/2367
f 3052/690/2362 3053/691/2363 3060/690/2367
f 3057/690/765 3060/690/2367 3061/690/2368
f 3059/689/2366 3062/689/2369 3047/689/2359
f 3046/689/2358 3047/689/2359 3062/689/2369
f 3063/688/633 3062/689/2369 3059/689/2366
f 3063/688/633 3064/688/2370 3062/689/2369
f 3064/688/2370 3046/689/2358 3062/689/2369
f 3065/688/624 3064/688/2370 3063/688/633
f 3066/688/2106 3046/689/2358 3064/688/2370
f 3006/686/2335 3046/689/2358 3066/688/2106
f 3065/688/624 3067/688/2371 3064/688/2370
f 3066/688/2106 3064/688/2370 3067/688/2371
f 3068/688/615 3067/688/2371 3065/688/624
f 3069/687/2372 3006/686/2335 3066/688/2106
f 3005/686/1327 3006/686/2335 3069/687/2372
f 3008/688/1329 3005/686/1327 3069/687/2372
f 3069/687/2372 3066/688/2106 3070/688/2358
f 3008/688/1329 3069/687/2372 3070/688/2358
f 3070/688/2358 3066/688/2106 3067/688/2371
f 3070/688/2358 3071/688/2373 3008/688/1329
f 3067/688/2371 3071/688/2373 3070/688/2358
f 3068/688/615 3072/688/2374 3067/688/2371
f 3071/688/2373 3067/688/2371 3072/688/2374
f 3073/689/2375 3072/688/2374 3068/688/615
f 3074/689/1329 3008/688/1329 3071/688/2373
f 3072/688/2374 3074/689/1329 3071/688/2373
f 3008/688/1329 3074/689/1329 1585/688/1329
f 3072/688/2374 3073/689/2375 3075/689/2376
f 3074/689/1329 3072/688/2374 3075/689/2376
f 3076/689/669 3075/689/2376 3073/689/2375
f 1585/688/1329 3074/689/1329 1591/689/1329
f 3075/689/2376 3076/689/669 3077/689/2377
f 3077/689/2377 3074/689/1329 3075/689/2376
f 1591/689/1329 3074/689/1329 3078/689/2378
f 3078/689/2378 3074/689/1329 3077/689/2377
f 1591/689/1329 3078/689/2378 3079/690/2363
f 3079/690/2363 3078/689/2378 3077/689/2377
f 1596/691/1329 1591/689/1329 3079/690/2363
f 3037/691/1329 1596/691/1329 3079/690/2363
f 3037/691/1329 3079/690/2363 3053/691/2363
f 3079/690/2363 3060/690/2367 3053/691/2363
f 3079/690/2363 3077/689/2377 3080/690/2379
f 3060/690/2367 3079/690/2363 3080/690/2379
f 3076/689/669 3080/690/2379 3077/689/2377
f 3061/690/2368 3060/690/2367 3080/690/2379
f 3061/690/2368 3080/690/2379 3076/689/669
f 2327/755/1855 2326/755/1854 2330/777/1859
f 2330/777/1859 2333/755/1857 2327/755/1855
f 2328/569/1857 2327/755/1855 2333/755/1857
f 2333/755/1857 2337/780/1862 2328/569/1857
f 2337/780/1862 2333/755/1857 2334/778/1862
f 2317/759/2380 2599/795/2381 2321/776/2382
f 2317/759/2380 2677/762/2383 2599/795/2381
f 2315/775/2384 2677/762/2383 2317/759/2380
f 2316/773/2385 2677/762/2383 2315/775/2384
f 2316/773/2385 2676/758/2386 2677/762/2383
f 2318/758/2387 2676/758/2386 2316/773/2385
f 3081/771/2388 2676/758/2386 2318/758/2387
f 3081/771/2388 2674/767/2389 2676/758/2386
f 3082/767/2390 2674/767/2389 3081/771/2388
f 3083/768/2391 2674/767/2389 3082/767/2390
f 3083/768/2391 2672/765/2392 2674/767/2389
f 3084/765/2393 2672/765/2392 3083/768/2391
f 3084/765/2393 3085/750/2394 2672/765/2392
f 3085/750/2394 2670/785/2395 2672/765/2392
f 3085/750/2394 3086/770/2396 2670/785/2395
f 3086/770/2396 3087/642/2397 2670/785/2395
f 3087/642/2397 2668/644/2398 2670/785/2395
f 3087/642/2397 2420/643/2399 2668/644/2398
f 2420/643/2399 2421/732/2400 2668/644/2398
f 2421/732/2400 2666/733/2401 2668/644/2398
f 2421/732/2400 2424/789/2402 2666/733/2401
f 2424/789/2402 2428/730/2403 2666/733/2401
f 2428/730/2403 2664/736/2404 2666/733/2401
f 2428/730/2403 2431/790/2405 2664/736/2404
f 2439/736/2406 2664/736/2404 2431/790/2405
f 2439/736/2406 2662/738/2407 2664/736/2404
f 2442/737/2408 2662/738/2407 2439/736/2406
f 2448/737/2409 2662/738/2407 2442/737/2408
f 2448/737/2409 2659/738/2410 2662/738/2407
f 2452/737/2411 2659/738/2410 2448/737/2409
f 3088/737/2412 2659/738/2410 2452/737/2411
f 3088/737/2412 2657/738/2413 2659/738/2410
f 3089/737/2414 2657/738/2413 3088/737/2412
f 3090/736/2415 2657/738/2413 3089/737/2414
f 3090/736/2415 2655/736/179 2657/738/2413
f 3091/735/2416 2655/736/179 3090/736/2415
f 3091/735/2416 3092/730/2417 2655/736/179
f 3092/730/2417 2653/733/2418 2655/736/179
f 3092/730/2417 3093/733/2419 2653/733/2418
f 3093/733/2419 3094/732/2420 2653/733/2418
f 3094/732/2420 2651/644/2421 2653/733/2418
f 3094/732/2420 2136/643/2422 2651/644/2421
f 2136/643/2422 2137/642/2423 2651/644/2421
f 2137/642/2423 2649/720/2424 2651/644/2421
f 2137/642/2423 2140/734/2425 2649/720/2424
f 2140/734/2425 1196/650/2426 2649/720/2424
f 1196/650/2426 2647/645/2427 2649/720/2424
f 1196/650/2426 1192/649/2428 2647/645/2427
f 1193/646/2429 2647/645/2427 1192/649/2428
f 1193/646/2429 2645/647/2430 2647/645/2427
f 1194/647/2431 2645/647/2430 1193/646/2429
f 1198/648/2432 2645/647/2430 1194/647/2431
f 1198/648/2432 2644/635/2433 2645/647/2430
f 1201/635/2434 2644/635/2433 1198/648/2432
f 3095/653/2435 2644/635/2433 1201/635/2434
f 3095/653/2435 2642/654/2436 2644/635/2433
f 3096/654/2437 2642/654/2436 3095/653/2435
f 3097/630/2438 2642/654/2436 3096/654/2437
f 3097/630/2438 2640/629/2439 2642/654/2436
f 3098/629/2440 2640/629/2439 3097/630/2438
f 3098/629/2440 3099/628/2441 2640/629/2439
f 3099/628/2441 2638/655/2442 2640/629/2439
f 3099/628/2441 3100/655/2443 2638/655/2442
f 3100/655/2443 3101/584/2444 2638/655/2442
f 3101/584/2444 2636/657/2445 2638/655/2442
f 3101/584/2444 1296/657/2446 2636/657/2445
f 1296/657/2446 1297/660/2447 2636/657/2445
f 1297/660/2447 2634/806/2448 2636/657/2445
f 1297/660/2447 1299/661/2449 2634/806/2448
f 1299/661/2449 1303/662/2450 2634/806/2448
f 1303/662/2450 2632/663/2451 2634/806/2448
f 1303/662/2450 1308/663/2452 2632/663/2451
f 1313/664/2453 2632/663/2451 1308/663/2452
f 1313/664/2453 2630/596/2454 2632/663/2451
f 1317/610/2455 2630/596/2454 1313/664/2453
f 1366/598/2456 2630/596/2454 1317/610/2455
f 1366/598/2456 2628/804/2457 2630/596/2454
f 1369/601/2458 2628/804/2457 1366/598/2456
f 3102/594/2459 2628/804/2457 1369/601/2458
f 3102/594/2459 2626/603/2460 2628/804/2457
f 3103/602/2461 2626/603/2460 3102/594/2459
f 3104/603/2462 2626/603/2460 3103/602/2461
f 3104/603/2462 2624/591/2463 2626/603/2460
f 3105/605/2464 2624/591/2463 3104/603/2462
f 3105/605/2464 3106/605/2465 2624/591/2463
f 3106/605/2465 2622/607/2466 2624/591/2463
f 3106/605/2465 3107/606/2467 2622/607/2466
f 3107/606/2467 3108/607/2468 2622/607/2466
f 3108/607/2468 2619/616/2469 2622/607/2466
f 3108/607/2468 967/607/2470 2619/616/2469
f 967/607/2470 964/606/2471 2619/616/2469
f 964/606/2471 2617/607/2472 2619/616/2469
f 964/606/2471 960/606/2473 2617/607/2472
f 960/606/2473 957/605/2474 2617/607/2472
f 957/605/2474 2615/591/2475 2617/607/2472
f 957/605/2474 950/604/2476 2615/591/2475
f 947/603/2477 2615/591/2475 950/604/2476
f 947/603/2477 2613/603/2478 2615/591/2475
f 943/602/2479 2613/603/2478 947/603/2477
f 939/594/2480 2613/603/2478 943/602/2479
f 939/594/2480 2611/804/2481 2613/603/2478
f 938/601/2482 2611/804/2481 939/594/2480
f 3109/599/2483 2611/804/2481 938/601/2482
f 3109/599/2483 2609/802/2484 2611/804/2481
f 3110/849/2485 2609/802/2484 3109/599/2483
f 3111/831/2486 2609/802/2484 3110/849/2485
f 3111/831/2486 2607/801/2487 2609/802/2484
f 3112/801/2488 2607/801/2487 3111/831/2486
f 3112/801/2488 3113/835/2489 2607/801/2487
f 3113/835/2489 2605/799/2490 2607/801/2487
f 3113/835/2489 3114/836/2491 2605/799/2490
f 3114/836/2491 3115/837/2492 2605/799/2490
f 3115/837/2492 2603/798/2493 2605/799/2490
f 3115/837/2492 2704/798/2494 2603/798/2493
f 2704/798/2494 2705/812/2495 2603/798/2493
f 2705/812/2495 2601/797/2496 2603/798/2493
f 2705/812/2495 2708/813/2497 2601/797/2496
f 2708/813/2497 2711/814/2498 2601/797/2496
f 2711/814/2498 2599/795/2381 2601/797/2496
f 2711/814/2498 2321/776/2382 2599/795/2381
f 3116/795/669 3117/757/2499 3118/776/669
f 3119/850/2500 3117/757/2499 3116/795/669
f 3119/850/2500 3120/755/1227 3117/757/2499
f 3120/755/1227 3119/850/2500 3121/755/1227
f 3121/755/1227 3122/768/1130 3120/755/1227
f 3123/851/1130 3122/768/1130 3121/755/1227
f 3123/851/1130 3124/766/657 3122/768/1130
f 3124/766/657 3123/851/1130 3125/766/1225
f 3125/766/1225 3126/743/1144 3124/766/657
f 3127/743/1144 3126/743/1144 3125/766/1225
f 3127/743/1144 3128/730/616 3126/743/1144
f 3128/730/616 3127/743/1144 3129/730/616
f 3129/730/616 3130/738/2068 3128/730/616
f 3130/738/2068 3129/730/616 3131/807/2068
f 3131/807/2068 3132/741/612 3130/738/2068
f 3132/741/612 3131/807/2068 3133/741/612
f 3133/741/612 3134/852/2501 3132/741/612
f 3134/852/2501 3133/741/612 3135/852/2066
f 3135/852/2066 3136/852/624 3134/852/2501
f 3136/852/624 3135/852/2066 3137/852/624
f 3138/852/838 3136/852/624 3137/852/624
f 3138/852/838 3139/852/2502 3136/852/624
f 3140/741/621 3139/852/2502 3138/852/838
f 3140/741/621 3141/741/1448 3139/852/2502
f 3142/807/827 3141/741/1448 3140/741/621
f 3142/807/827 3143/738/827 3141/741/1448
f 3144/730/2503 3143/738/827 3142/807/827
f 3144/730/2503 3145/730/631 3143/738/827
f 3146/853/2063 3145/730/631 3144/730/2503
f 3146/853/2063 3147/853/2063 3145/730/631
f 3147/853/2063 3146/853/2063 3148/854/627
f 3148/854/627 3149/854/627 3147/853/2063
f 3149/854/627 3148/854/627 3150/646/1921
f 3150/646/1921 3151/646/1921 3149/854/627
f 3151/646/1921 3150/646/1921 3152/633/638
f 3152/633/638 3153/633/2042 3151/646/1921
f 3153/633/2042 3152/633/638 3154/631/2504
f 3154/631/2504 3155/631/2505 3153/633/2042
f 3155/631/2505 3154/631/2504 3156/629/590
f 3156/629/590 3157/629/590 3155/631/2505
f 3157/629/590 3156/629/590 3158/627/2506
f 3158/627/2506 3156/629/590 3159/627/2506
f 3158/627/2506 3159/627/2506 3160/855/2507
f 3160/855/2507 3159/627/2506 3161/855/644
f 3160/855/2507 3161/855/644 3162/662/2075
f 3162/662/2075 3161/855/644 3163/662/2075
f 3162/662/2075 3163/662/2075 3164/856/648
f 3164/856/648 3163/662/2075 3165/856/648
f 3164/856/648 3165/856/648 3166/857/2074
f 3166/857/2074 3165/856/648 3167/857/2074
f 3166/857/2074 3167/857/2074 3168/603/652
f 3169/603/2073 3168/603/652 3167/857/2074
f 3168/603/652 3169/603/2073 3170/607/1935
f 3171/607/1935 3170/607/1935 3169/603/2073
f 3170/607/1935 3171/607/1935 3172/614/1461
f 3173/614/595 3172/614/1461 3171/607/1935
f 3172/614/1461 3173/614/595 3174/858/2508
f 3175/859/2508 3174/858/2508 3173/614/595
f 3174/858/2508 3175/859/2508 3176/860/598
f 3177/860/598 3176/860/598 3175/859/2508
f 3176/860/598 3177/860/598 3178/859/2509
f 3176/860/598 3178/859/2509 3179/858/2072
f 3180/614/601 3179/858/2072 3178/859/2509
f 3179/858/2072 3180/614/601 3181/614/601
f 3181/614/601 3180/614/601 3182/607/2071
f 3181/614/601 3182/607/2071 3183/607/2071
f 3183/607/2071 3182/607/2071 3184/603/2510
f 3183/607/2071 3184/603/2510 3185/603/1414
f 3185/603/1414 3184/603/2510 3186/830/1684
f 3185/603/1414 3186/830/1684 3187/830/1684
f 3188/831/2511 3187/830/1684 3186/830/1684
f 3187/830/1684 3188/831/2511 3189/831/1300
f 3190/861/1052 3189/831/1300 3188/831/2511
f 3189/831/1300 3190/861/1052 3191/835/1052
f 3192/838/665 3191/835/1052 3190/861/1052
f 3191/835/1052 3192/838/665 3193/838/665
f 3194/862/2512 3193/838/665 3192/838/665
f 3193/838/665 3194/862/2512 3195/817/2513
f 3116/795/669 3195/817/2513 3194/862/2512
f 3195/817/2513 3116/795/669 3118/776/669
f 2678/762/773 3196/776/773 2600/796/773
f 3196/776/773 2678/762/773 3197/779/773
f 2675/758/773 3197/779/773 2678/762/773
f 3197/779/773 2675/758/773 3198/863/773
f 2675/758/773 3199/751/773 3198/863/773
f 3199/751/773 2675/758/773 2673/808/773
f 2671/765/773 3199/751/773 2673/808/773
f 3199/751/773 2671/765/773 3200/785/773
f 2671/765/773 3201/864/773 3200/785/773
f 3201/864/773 2671/765/773 2669/770/773
f 3201/864/773 2669/770/773 2667/644/773
f 3202/865/773 3201/864/773 2667/644/773
f 2667/644/773 3203/741/773 3202/865/773
f 3203/741/773 2667/644/773 2665/733/773
f 2665/733/773 3204/866/773 3203/741/773
f 3204/866/773 2665/733/773 2663/736/773
f 3204/866/773 2663/736/773 2661/738/773
f 2661/738/773 3205/867/773 3204/866/773
f 2661/738/773 3206/867/773 3205/867/773
f 3206/867/773 2661/738/773 2660/807/773
f 2658/738/773 3206/867/773 2660/807/773
f 3206/867/773 2658/738/773 3207/867/773
f 3208/866/773 3207/867/773 2658/738/773
f 2656/736/773 3208/866/773 2658/738/773
f 2654/733/773 3208/866/773 2656/736/773
f 3208/866/773 2654/733/773 3209/741/773
f 2652/644/773 3209/741/773 2654/733/773
f 3209/741/773 2652/644/773 3210/737/773
f 2652/644/773 3211/868/773 3210/737/773
f 3211/868/773 2652/644/773 2650/720/773
f 2650/720/773 3212/869/773 3211/868/773
f 3212/869/773 2650/720/773 2648/645/773
f 2648/645/773 3213/638/773 3212/869/773
f 3213/638/773 2648/645/773 2646/647/773
f 2643/635/773 3213/638/773 2646/647/773
f 3213/638/773 2643/635/773 3214/870/773
f 2643/635/773 3215/727/773 3214/870/773
f 3215/727/773 2643/635/773 2641/654/773
f 2641/654/773 3216/629/773 3215/727/773
f 3216/629/773 2641/654/773 2639/629/773
f 3216/629/773 2639/629/773 2637/655/773
f 3217/706/773 3216/629/773 2637/655/773
f 2637/655/773 3218/660/773 3217/706/773
f 3218/660/773 2637/655/773 2635/657/773
f 2635/657/773 3219/666/773 3218/660/773
f 3219/666/773 2635/657/773 2633/625/773
f 2631/663/773 3219/666/773 2633/625/773
f 2631/663/773 3220/618/773 3219/666/773
f 2631/663/773 3221/871/773 3220/618/773
f 3221/871/773 2631/663/773 2629/805/773
f 2627/804/773 3221/871/773 2629/805/773
f 3221/871/773 2627/804/773 3222/606/773
f 2627/804/773 3223/614/773 3222/606/773
f 3223/614/773 2627/804/773 2625/603/773
f 2625/603/773 3224/872/773 3223/614/773
f 3224/872/773 2625/603/773 2623/605/773
f 2621/607/773 3224/872/773 2623/605/773
f 3224/872/773 2621/607/773 3225/873/773
f 2620/616/773 3225/873/773 2621/607/773
f 3225/873/773 2620/616/773 3226/874/773
f 2620/616/773 3227/873/773 3226/874/773
f 3227/873/773 2620/616/773 2618/607/773
f 2618/607/773 3228/872/773 3227/873/773
f 3228/872/773 2618/607/773 2616/605/773
f 2614/603/773 3228/872/773 2616/605/773
f 3228/872/773 2614/603/773 3229/614/773
f 2612/804/773 3229/614/773 2614/603/773
f 3229/614/773 2612/804/773 3230/875/773
f 3230/875/773 2612/804/773 3231/876/773
f 3231/876/773 2612/804/773 2610/803/773
f 2608/801/773 3231/876/773 2610/803/773
f 3231/876/773 2608/801/773 3232/823/773
f 3233/824/773 3232/823/773 2608/801/773
f 2606/800/773 3233/824/773 2608/801/773
f 2604/798/773 3233/824/773 2606/800/773
f 3233/824/773 2604/798/773 3234/837/773
f 2602/797/773 3234/837/773 2604/798/773
f 3234/837/773 2602/797/773 3235/842/773
f 3196/776/773 3235/842/773 2602/797/773
f 2602/797/773 2600/796/773 3196/776/773
f 3196/776/669 3236/779/2069 3237/796/669
f 3236/779/2069 3196/776/669 3197/779/2500
f 3197/779/2500 3238/863/672 3236/779/2069
f 3197/779/2500 3198/863/1227 3238/863/672
f 3199/751/2514 3238/863/672 3198/863/1227
f 3238/863/672 3199/751/2514 3239/751/2515
f 3199/751/2514 3240/785/620 3239/751/2515
f 3240/785/620 3199/751/2514 3200/785/620
f 3200/785/620 3241/864/1144 3240/785/620
f 3200/785/620 3201/864/1144 3241/864/1144
f 3201/864/1144 3242/877/1226 3241/864/1144
f 3242/877/1226 3201/864/1144 3202/865/616
f 3202/865/616 3243/741/2068 3242/877/1226
f 3243/741/2068 3202/865/616 3203/741/2068
f 3203/741/2068 3244/878/612 3243/741/2068
f 3244/878/612 3203/741/2068 3204/866/612
f 3204/866/612 3245/867/2501 3244/878/612
f 3245/867/2501 3204/866/612 3205/867/2067
f 3205/867/2067 3246/867/624 3245/867/2501
f 3246/867/624 3205/867/2067 3206/867/624
f 3207/867/838 3246/867/624 3206/867/624
f 3247/867/838 3246/867/624 3207/867/838
f 3208/866/621 3247/867/838 3207/867/838
f 3248/878/621 3247/867/838 3208/866/621
f 3209/741/827 3248/878/621 3208/866/621
f 3249/741/2516 3248/878/621 3209/741/827
f 3210/737/632 3249/741/2516 3209/741/827
f 3250/737/631 3249/741/2516 3210/737/632
f 3211/868/2063 3250/737/631 3210/737/632
f 3251/868/2063 3250/737/631 3211/868/2063
f 3211/868/2063 3212/869/627 3251/868/2063
f 3252/869/627 3251/868/2063 3212/869/627
f 3212/869/627 3213/638/1921 3252/869/627
f 3253/638/2517 3252/869/627 3213/638/1921
f 3213/638/1921 3254/870/638 3253/638/2517
f 3254/870/638 3213/638/1921 3214/870/2042
f 3214/870/2042 3215/727/2061 3254/870/638
f 3255/727/2061 3254/870/638 3215/727/2061
f 3215/727/2061 3216/629/590 3255/727/2061
f 3256/629/590 3255/727/2061 3216/629/590
f 3217/706/1844 3256/629/590 3216/629/590
f 3256/629/590 3217/706/1844 3257/706/1844
f 3258/660/644 3257/706/1844 3217/706/1844
f 3258/660/644 3217/706/1844 3218/660/644
f 3259/879/2075 3258/660/644 3218/660/644
f 3259/879/2075 3218/660/644 3219/666/2075
f 3260/618/648 3259/879/2075 3219/666/2075
f 3260/618/648 3219/666/2075 3220/618/648
f 3261/871/2074 3260/618/648 3220/618/648
f 3261/871/2074 3220/618/648 3221/871/2074
f 3262/606/2073 3261/871/2074 3221/871/2074
f 3221/871/2074 3222/606/1367 3262/606/2073
f 3263/614/2518 3262/606/2073 3222/606/1367
f 3222/606/1367 3223/614/1935 3263/614/2518
f 3264/872/595 3263/614/2518 3223/614/1935
f 3223/614/1935 3224/872/595 3264/872/595
f 3265/880/1946 3264/872/595 3224/872/595
f 3224/872/595 3225/873/2508 3265/880/1946
f 3266/874/598 3265/880/1946 3225/873/2508
f 3225/873/2508 3226/874/598 3266/874/598
f 3226/874/598 3227/873/2072 3266/874/598
f 3266/874/598 3227/873/2072 3267/880/1855
f 3228/872/601 3267/880/1855 3227/873/2072
f 3267/880/1855 3228/872/601 3268/872/601
f 3229/614/2519 3268/872/601 3228/872/601
f 3268/872/601 3229/614/2519 3269/614/2519
f 3230/875/606 3269/614/2519 3229/614/2519
f 3269/614/2519 3230/875/606 3270/875/606
f 3230/875/606 3231/876/1684 3270/875/606
f 3270/875/606 3231/876/1684 3271/876/1684
f 3232/823/1300 3271/876/1684 3231/876/1684
f 3271/876/1684 3232/823/1300 3272/823/1300
f 3233/824/1052 3272/823/1300 3232/823/1300
f 3272/823/1300 3233/824/1052 3273/881/1052
f 3234/837/666 3273/881/1052 3233/824/1052
f 3273/881/1052 3234/837/666 3274/882/666
f 3235/842/2070 3274/882/666 3234/837/666
f 3274/882/666 3235/842/2070 3275/842/2070
f 3235/842/2070 3237/796/669 3275/842/2070
f 3237/796/669 3235/842/2070 3196/776/669
f 3276/759/2520 3277/796/2521 3118/776/2522
f 3117/757/2523 3276/759/2520 3118/776/2522
f 3117/757/2523 3278/779/2524 3276/759/2520
f 3279/782/2525 3278/779/2524 3117/757/2523
f 3120/755/2526 3279/782/2525 3117/757/2523
f 3120/755/2526 3280/772/2527 3279/782/2525
f 3281/767/2528 3280/772/2527 3120/755/2526
f 3122/768/2529 3281/767/2528 3120/755/2526
f 3122/768/2529 3282/751/2530 3281/767/2528
f 3283/750/2531 3282/751/2530 3122/768/2529
f 3124/766/2532 3283/750/2531 3122/768/2529
f 3124/766/2532 3284/785/2533 3283/750/2531
f 3285/883/2534 3284/785/2533 3124/766/2532
f 3126/743/2535 3285/883/2534 3124/766/2532
f 3126/743/2535 3286/864/2536 3285/883/2534
f 3287/884/2537 3286/864/2536 3126/743/2535
f 3128/730/2538 3287/884/2537 3126/743/2535
f 3128/730/2538 3288/865/2539 3287/884/2537
f 3289/739/2540 3288/865/2539 3128/730/2538
f 3130/738/2541 3289/739/2540 3128/730/2538
f 3130/738/2541 3290/741/2542 3289/739/2540
f 3291/852/2543 3290/741/2542 3130/738/2541
f 3132/741/2544 3291/852/2543 3130/738/2541
f 3132/741/2544 3292/866/2545 3291/852/2543
f 3293/885/2546 3292/866/2545 3132/741/2544
f 3134/852/2547 3293/885/2546 3132/741/2544
f 3134/852/2547 3294/867/2548 3293/885/2546
f 3295/867/2549 3294/867/2548 3134/852/2547
f 3136/852/2550 3295/867/2549 3134/852/2547
f 3136/852/2550 3296/867/2551 3295/867/2549
f 3136/852/2550 3297/867/2552 3296/867/2551
f 3136/852/2550 3139/852/2553 3297/867/2552
f 3297/867/2552 3139/852/2553 3298/867/2554
f 3139/852/2553 3299/885/2555 3298/867/2554
f 3139/852/2553 3141/741/2556 3299/885/2555
f 3299/885/2555 3141/741/2556 3300/866/2557
f 3141/741/2556 3301/852/2558 3300/866/2557
f 3141/741/2556 3143/738/2559 3301/852/2558
f 3301/852/2558 3143/738/2559 3302/741/2560
f 3143/738/2559 3303/739/2561 3302/741/2560
f 3143/738/2559 3145/730/2562 3303/739/2561
f 3303/739/2561 3145/730/2562 3304/737/2563
f 3145/730/2562 3305/730/2564 3304/737/2563
f 3145/730/2562 3147/853/2565 3305/730/2564
f 3305/730/2564 3147/853/2565 3306/868/2566
f 3147/853/2565 3307/886/2567 3306/868/2566
f 3147/853/2565 3149/854/2568 3307/886/2567
f 3307/886/2567 3149/854/2568 3308/869/2569
f 3149/854/2568 3309/640/2570 3308/869/2569
f 3149/854/2568 3151/646/2571 3309/640/2570
f 3309/640/2570 3151/646/2571 3310/638/2572
f 3151/646/2571 3311/647/2573 3310/638/2572
f 3151/646/2571 3153/633/2574 3311/647/2573
f 3311/647/2573 3153/633/2574 3312/870/2575
f 3153/633/2574 3313/651/2576 3312/870/2575
f 3153/633/2574 3155/631/2577 3313/651/2576
f 3313/651/2576 3155/631/2577 3314/727/2578
f 3155/631/2577 3315/630/2579 3314/727/2578
f 3155/631/2577 3157/629/2580 3315/630/2579
f 3315/630/2579 3157/629/2580 3316/629/2581
f 3317/887/2582 3316/629/2581 3157/629/2580
f 3158/627/2583 3317/887/2582 3157/629/2580
f 3158/627/2583 3318/706/2584 3317/887/2582
f 3319/656/2585 3318/706/2584 3158/627/2583
f 3160/855/2586 3319/656/2585 3158/627/2583
f 3160/855/2586 3320/660/2587 3319/656/2585
f 3321/625/2588 3320/660/2587 3160/855/2586
f 3162/662/2589 3321/625/2588 3160/855/2586
f 3162/662/2589 3322/666/2590 3321/625/2588
f 3323/619/2591 3322/666/2590 3162/662/2589
f 3164/856/2592 3323/619/2591 3162/662/2589
f 3164/856/2592 3324/618/2593 3323/619/2591
f 3325/888/2594 3324/618/2593 3164/856/2592
f 3166/857/2595 3325/888/2594 3164/856/2592
f 3166/857/2595 3326/871/2596 3325/888/2594
f 3327/603/2597 3326/871/2596 3166/857/2595
f 3168/603/2598 3327/603/2597 3166/857/2595
f 3168/603/2598 3328/606/2599 3327/603/2597
f 3329/611/2600 3328/606/2599 3168/603/2598
f 3170/607/2601 3329/611/2600 3168/603/2598
f 3170/607/2601 3330/614/2602 3329/611/2600
f 3331/859/2603 3330/614/2602 3170/607/2601
f 3172/614/2604 3331/859/2603 3170/607/2601
f 3172/614/2604 3332/872/2605 3331/859/2603
f 3333/889/2606 3332/872/2605 3172/614/2604
f 3174/858/2607 3333/889/2606 3172/614/2604
f 3174/858/2607 3334/873/2608 3333/889/2606
f 3335/874/2609 3334/873/2608 3174/858/2607
f 3176/860/2610 3335/874/2609 3174/858/2607
f 3176/860/2610 3336/874/2611 3335/874/2609
f 3176/860/2610 3337/874/2612 3336/874/2611
f 3176/860/2610 3179/858/2613 3337/874/2612
f 3337/874/2612 3179/858/2613 3338/873/2614
f 3179/858/2613 3339/889/2615 3338/873/2614
f 3179/858/2613 3181/614/2616 3339/889/2615
f 3339/889/2615 3181/614/2616 3340/872/2617
f 3181/614/2616 3341/859/2618 3340/872/2617
f 3181/614/2616 3183/607/2619 3341/859/2618
f 3341/859/2618 3183/607/2619 3342/614/2620
f 3183/607/2619 3343/611/2621 3342/614/2620
f 3183/607/2619 3185/603/2622 3343/611/2621
f 3343/611/2621 3185/603/2622 3344/875/2623
f 3185/603/2622 3345/890/2624 3344/875/2623
f 3185/603/2622 3187/830/2625 3345/890/2624
f 3345/890/2624 3187/830/2625 3346/876/2626
f 3187/830/2625 3347/891/2627 3346/876/2626
f 3187/830/2625 3189/831/2628 3347/891/2627
f 3347/891/2627 3189/831/2628 3348/823/2629
f 3189/831/2628 3349/821/2630 3348/823/2629
f 3189/831/2628 3191/835/2631 3349/821/2630
f 3349/821/2630 3191/835/2631 3350/824/2632
f 3191/835/2631 3351/822/2633 3350/824/2632
f 3191/835/2631 3193/838/2634 3351/822/2633
f 3351/822/2633 3193/838/2634 3352/837/2635
f 3193/838/2634 3353/840/2636 3352/837/2635
f 3193/838/2634 3195/817/2637 3353/840/2636
f 3353/840/2636 3195/817/2637 3354/842/2638
f 3195/817/2637 3355/844/2639 3354/842/2638
f 3195/817/2637 3118/776/2522 3355/844/2639
f 3355/844/2639 3118/776/2522 3277/796/2521
f 3356/892/2640 3357/892/624 3358/893/624
f 3357/892/624 3356/892/2640 3359/892/2641
f 3360/894/2642 3359/892/2641 3356/892/2640
f 3359/892/2641 3360/894/2642 3361/892/2643
f 3361/892/2643 3360/894/2642 3362/893/2644
f 3362/893/2644 3360/894/2642 3363/895/2644
f 3364/896/598 3365/897/2645 3366/898/598
f 3365/897/2645 3364/896/598 3367/899/2645
f 3367/899/2645 3368/897/2079 3365/897/2645
f 3368/897/2079 3367/899/2645 3369/897/2646
f 3370/892/2647 3368/897/2079 3369/897/2646
f 3368/897/2079 3370/892/2647 3371/892/2080
f 3370/892/2647 3372/892/2081 3371/892/2080
f 3373/892/2082 3372/892/2081 3370/892/2647
f 3374/894/2648 3372/892/2081 3373/892/2082
f 3372/892/2081 3374/894/2648 3375/892/2648
f 3358/893/624 3375/892/2648 3374/894/2648
f 3375/892/2648 3358/893/624 3357/892/624
f 3366/898/598 3376/897/2649 3364/896/598
f 3376/897/2649 3366/898/598 3377/897/2650
f 3377/897/2650 3378/899/2651 3376/897/2649
f 3378/899/2651 3377/897/2650 3379/897/2652
f 3362/893/2644 3378/899/2651 3379/897/2652
f 3378/899/2651 3362/893/2644 3363/895/2644
f 3380/897/2653 3381/892/2654 3362/893/2654
f 3362/893/2654 3379/897/2653 3380/897/2653
f 3379/897/2653 3382/897/2655 3380/897/2653
f 3379/897/2653 3377/897/2656 3382/897/2655
f 3377/897/2656 2680/897/2655 3382/897/2655
f 2680/897/2655 3377/897/2656 3366/898/2654
f 3365/897/2657 2680/897/2655 3366/898/2654
f 2680/897/2655 3365/897/2657 2682/897/2657
f 3368/897/2653 2682/897/2657 3365/897/2657
f 2682/897/2657 3368/897/2653 2684/897/2653
f 3371/892/2654 2684/897/2653 3368/897/2653
f 2684/897/2653 3371/892/2654 2685/892/2655
f 3371/892/2654 2688/892/2656 2685/892/2655
f 2688/892/2656 3371/892/2654 3372/892/2655
f 3372/892/2655 2689/892/2653 2688/892/2656
f 2689/892/2653 3372/892/2655 3375/892/2658
f 2691/892/2655 2689/892/2653 3375/892/2658
f 3375/892/2658 3357/892/2655 2691/892/2655
f 3359/892/2655 2691/892/2655 3357/892/2655
f 2691/892/2655 3359/892/2655 3383/892/2655
f 3361/892/2659 3383/892/2655 3359/892/2655
f 3383/892/2655 3361/892/2659 3384/892/2657
f 3362/893/2654 3384/892/2657 3361/892/2659
f 3384/892/2657 3362/893/2654 3381/892/2654
f 3383/810/2660 2692/809/624 2691/810/624
f 2692/809/624 3383/810/2660 3385/810/2640
f 3385/810/2640 3383/810/2660 3384/810/2643
f 3384/810/2643 3386/810/2643 3385/810/2640
f 3386/810/2643 3384/810/2643 3387/809/2661
f 3387/809/2661 3384/810/2643 3381/810/2661
f 2679/809/598 3382/810/2650 2680/810/598
f 3388/810/2662 3382/810/2650 2679/809/598
f 3388/810/2662 3380/810/2651 3382/810/2650
f 3389/810/2652 3380/810/2651 3388/810/2662
f 3387/809/2661 3380/810/2651 3389/810/2652
f 3380/810/2651 3387/809/2661 3381/810/2661
f 1377/601/2663 1361/668/2663 1379/601/2663
f 1382/601/1198 1379/601/1195 1361/668/1180
f 1382/601/1198 3390/601/791 1379/601/1195
f 1380/669/1196 1379/601/1195 3390/601/791
f 3390/601/791 896/578/791 1380/669/1196
f 3390/601/791 1382/601/1198 1384/601/1200
f 896/578/791 3390/601/791 894/578/790
f 1384/601/1200 894/578/790 3390/601/791
f 894/578/790 1384/601/1200 1387/670/1203
f 1387/670/1203 1963/579/790 894/578/790
f 895/579/790 894/578/790 1963/579/790
f 3116/795/2664 3275/842/2665 3237/796/2664
f 3275/842/2665 3116/795/2664 3194/862/2665
f 3194/862/2665 3192/838/2666 3275/842/2665
f 3192/838/2666 3274/882/2666 3275/842/2665
f 3192/838/2666 3273/881/2667 3274/882/2666
f 3273/881/2667 3192/838/2666 3190/861/2668
f 3190/861/2668 3188/831/2669 3273/881/2667
f 3273/881/2667 3188/831/2669 3272/823/2670
f 3186/830/2671 3272/823/2670 3188/831/2669
f 3272/823/2670 3186/830/2671 3271/876/2672
f 3184/603/2673 3271/876/2672 3186/830/2671
f 3271/876/2672 3184/603/2673 3270/875/2674
f 3182/607/2675 3270/875/2674 3184/603/2673
f 3270/875/2674 3182/607/2675 3269/614/2676
f 3180/614/2677 3269/614/2676 3182/607/2675
f 3269/614/2676 3180/614/2677 3268/872/2677
f 3180/614/2677 3267/880/2678 3268/872/2677
f 3267/880/2678 3180/614/2677 3178/859/2679
f 3177/860/2680 3267/880/2678 3178/859/2679
f 3266/874/2680 3267/880/2678 3177/860/2680
f 3265/880/2681 3266/874/2680 3177/860/2680
f 3177/860/2680 3175/859/2682 3265/880/2681
f 3173/614/2683 3265/880/2681 3175/859/2682
f 3265/880/2681 3173/614/2683 3264/872/2683
f 3263/614/2684 3264/872/2683 3173/614/2683
f 3173/614/2683 3171/607/2684 3263/614/2684
f 3171/607/2684 3262/606/2685 3263/614/2684
f 3171/607/2684 3169/603/2686 3262/606/2685
f 3169/603/2686 3261/871/2687 3262/606/2685
f 3261/871/2687 3169/603/2686 3167/857/2688
f 3167/857/2688 3260/618/2689 3261/871/2687
f 3260/618/2689 3167/857/2688 3165/856/2690
f 3165/856/2690 3259/879/2691 3260/618/2689
f 3259/879/2691 3165/856/2690 3163/662/2692
f 3161/855/2693 3259/879/2691 3163/662/2692
f 3259/879/2691 3161/855/2693 3258/660/2693
f 3161/855/2693 3257/706/2694 3258/660/2693
f 3257/706/2694 3161/855/2693 3159/627/2694
f 3156/629/2695 3257/706/2694 3159/627/2694
f 3257/706/2694 3156/629/2695 3256/629/2695
f 3156/629/2695 3255/727/2696 3256/629/2695
f 3255/727/2696 3156/629/2695 3154/631/2697
f 3152/633/2698 3255/727/2696 3154/631/2697
f 3255/727/2696 3152/633/2698 3254/870/2698
f 3152/633/2698 3253/638/2699 3254/870/2698
f 3253/638/2699 3152/633/2698 3150/646/2700
f 3148/854/2701 3253/638/2699 3150/646/2700
f 3252/869/2702 3253/638/2699 3148/854/2701
f 3146/853/2703 3252/869/2702 3148/854/2701
f 3251/868/2704 3252/869/2702 3146/853/2703
f 3144/730/2705 3251/868/2704 3146/853/2703
f 3250/737/2705 3251/868/2704 3144/730/2705
f 3144/730/2705 3249/741/2706 3250/737/2705
f 3249/741/2706 3144/730/2705 3142/807/2707
f 3142/807/2707 3140/741/2708 3249/741/2706
f 3248/878/2708 3249/741/2706 3140/741/2708
f 3140/741/2708 3247/867/2709 3248/878/2708
f 3247/867/2709 3140/741/2708 3138/852/2710
f 3138/852/2710 3137/852/2711 3247/867/2709
f 3247/867/2709 3137/852/2711 3246/867/2711
f 3137/852/2711 3245/867/2712 3246/867/2711
f 3245/867/2712 3137/852/2711 3135/852/2712
f 3133/741/2713 3245/867/2712 3135/852/2712
f 3245/867/2712 3133/741/2713 3244/878/2713
f 3133/741/2713 3243/741/2714 3244/878/2713
f 3243/741/2714 3133/741/2713 3131/807/2715
f 3129/730/2716 3243/741/2714 3131/807/2715
f 3243/741/2714 3129/730/2716 3242/877/2716
f 3241/864/2717 3242/877/2716 3129/730/2716
f 3241/864/2717 3129/730/2716 3127/743/2717
f 3240/785/2718 3241/864/2717 3127/743/2717
f 3240/785/2718 3127/743/2717 3125/766/2719
f 3239/751/2720 3240/785/2718 3125/766/2719
f 3125/766/2719 3123/851/2721 3239/751/2720
f 3121/755/2722 3239/751/2720 3123/851/2721
f 3239/751/2720 3121/755/2722 3238/863/2722
f 3236/779/2723 3238/863/2722 3121/755/2722
f 3121/755/2722 3119/850/2724 3236/779/2723
f 3116/795/2664 3236/779/2723 3119/850/2724
f 3236/779/2723 3116/795/2664 3237/796/2664
f 3391/658/2725 903/584/2725 1285/584/2725
f 903/584/797 3391/658/2726 3392/658/797
f 3392/658/797 1284/584/1121 903/584/797
f 1892/676/797 3392/658/797 3391/658/2726
f 1284/584/1121 3392/658/797 1286/658/1123
f 3392/658/797 1892/676/797 1891/676/797
f 1891/676/797 1286/658/1123 3392/658/797
f 3095/653/2435 1201/635/2434 1202/651/2727
f 1202/651/2727 3393/653/2728 3095/653/2435
f 3393/653/2728 1202/651/2727 1204/652/2729
f 3096/654/2437 3095/653/2435 3393/653/2728
f 3393/653/2728 1204/652/2729 3394/653/2730
f 3394/653/2730 1204/652/2729 1207/632/2731
f 3393/653/2728 3395/654/2732 3096/654/2437
f 3396/654/2733 3393/653/2728 3394/653/2730
f 3396/654/2733 3394/653/2730 1207/632/2731
f 3393/653/2728 3396/654/2733 3395/654/2732
f 3097/630/2438 3096/654/2437 3395/654/2732
f 1207/632/2731 3397/629/2734 3396/654/2733
f 3397/629/2734 1207/632/2731 1210/632/2735
f 3398/630/2736 3395/654/2732 3396/654/2733
f 3396/654/2733 3397/629/2734 3398/630/2736
f 3097/630/2438 3395/654/2732 3399/630/2737
f 3395/654/2732 3398/630/2736 3399/630/2737
f 3400/629/2738 3097/630/2438 3399/630/2737
f 3400/629/2738 3399/630/2737 3398/630/2736
f 3097/630/2438 3400/629/2738 3098/629/2440
f 3099/628/2441 3098/629/2440 3400/629/2738
f 3400/629/2738 3398/630/2736 3401/629/2739
f 3401/629/2739 3398/630/2736 3397/629/2734
f 3099/628/2441 3400/629/2738 3402/628/2740
f 3403/628/2741 3400/629/2738 3401/629/2739
f 3400/629/2738 3403/628/2741 3402/628/2740
f 3397/629/2734 3403/628/2741 3401/629/2739
f 3404/655/2742 3099/628/2441 3402/628/2740
f 3403/628/2741 3404/655/2742 3402/628/2740
f 3099/628/2441 3404/655/2742 3100/655/2443
f 3404/655/2742 3403/628/2741 3405/655/2743
f 3397/629/2734 3405/655/2743 3403/628/2741
f 3406/584/2744 3100/655/2443 3404/655/2742
f 3405/655/2743 3406/584/2744 3404/655/2742
f 3100/655/2443 3406/584/2744 3101/584/2444
f 1296/657/2745 3101/584/2444 1293/656/2746
f 3406/584/2744 1293/656/2746 3101/584/2444
f 1293/656/2746 3406/584/2744 1291/656/2747
f 1291/656/2747 3406/584/2744 3407/584/2748
f 3406/584/2744 3405/655/2743 3407/584/2748
f 3407/584/2748 1289/584/2749 1291/656/2747
f 3405/655/2743 1289/584/2749 3407/584/2748
f 3405/655/2743 3397/629/2734 1289/584/2749
f 1289/584/2749 3397/629/2734 1287/584/2750
f 3408/629/2751 1287/584/2750 3397/629/2734
f 3397/629/2734 1210/632/2735 3408/629/2751
f 3408/629/2751 1285/584/2752 1287/584/2750
f 3408/629/2751 1210/632/2735 1213/632/2753
f 1285/584/2752 3408/629/2751 3409/629/2754
f 3408/629/2751 1213/632/2753 3409/629/2754
f 1285/584/2752 3409/629/2754 3410/629/2755
f 1213/632/2753 3410/629/2755 3409/629/2754
f 1285/584/2752 3410/629/2755 3391/658/2756
f 3410/629/2755 1213/632/2753 1218/632/2757
f 3391/658/2756 3410/629/2755 3411/689/2754
f 1218/632/2757 3411/689/2754 3410/629/2755
f 3391/658/2756 3411/689/2754 1892/676/2752
f 3411/689/2754 1218/632/2757 1221/585/2753
f 3412/689/2758 1892/676/2752 3411/689/2754
f 3411/689/2754 1221/585/2753 3412/689/2758
f 1892/676/2752 3412/689/2758 898/580/2759
f 906/585/2760 3412/689/2758 1221/585/2753
f 898/580/2759 3412/689/2758 3413/689/2761
f 3412/689/2758 906/585/2760 3413/689/2761
f 898/580/2759 3413/689/2761 899/580/2762
f 908/586/2763 3413/689/2761 906/585/2760
f 3413/689/2761 3414/686/2764 899/580/2762
f 3414/686/2764 3413/689/2761 3415/693/2765
f 3415/693/2765 3413/689/2761 908/586/2763
f 3416/677/2766 899/580/2762 3414/686/2764
f 908/586/2763 3417/699/2767 3415/693/2765
f 899/580/2762 3416/677/2766 901/582/2766
f 3417/699/2767 908/586/2763 2003/719/2767
f 3416/677/2766 1956/710/2768 901/582/2766
f 1998/717/2769 3417/699/2767 2003/719/2767
f 1956/710/2768 3416/677/2766 3418/581/2770
f 3417/699/2767 1998/717/2769 3419/702/2771
f 3418/581/2770 3420/667/2772 1956/710/2768
f 3421/672/2773 3420/667/2772 3418/581/2770
f 1956/710/2768 3420/667/2772 1961/710/2774
f 3422/590/2775 3419/702/2771 1998/717/2769
f 3419/702/2771 3422/590/2775 3423/725/2776
f 3422/590/2775 1998/717/2769 1996/716/2777
f 3423/725/2776 3422/590/2775 2534/793/2778
f 2534/793/2778 3424/725/2779 3423/725/2776
f 3424/725/2779 2534/793/2778 912/588/2780
f 2534/793/2778 3422/590/2775 2532/642/2781
f 914/589/2782 3424/725/2779 912/588/2780
f 3424/725/2779 914/589/2782 3425/586/2783
f 3426/590/2784 2532/642/2781 3422/590/2775
f 3422/590/2775 1996/716/2777 3426/590/2784
f 3426/590/2784 2530/642/2785 2532/642/2781
f 3426/590/2784 1996/716/2777 909/587/2786
f 3427/590/2787 2530/642/2785 3426/590/2784
f 3426/590/2784 909/587/2786 3427/590/2787
f 2530/642/2785 3427/590/2787 2528/732/2785
f 911/588/2786 3427/590/2787 909/587/2786
f 3428/642/2787 2528/732/2785 3427/590/2787
f 3427/590/2787 911/588/2786 3428/642/2787
f 2528/732/2785 3428/642/2787 2465/791/2785
f 1993/714/2786 3428/642/2787 911/588/2786
f 3429/731/2787 2465/791/2785 3428/642/2787
f 3428/642/2787 1993/714/2786 3429/731/2787
f 2465/791/2785 3429/731/2787 3430/731/2788
f 1993/714/2786 3430/731/2788 3429/731/2787
f 3430/731/2788 2462/735/2789 2465/791/2785
f 3430/731/2788 1993/714/2786 2128/643/2790
f 2462/735/2789 3430/731/2788 3431/731/2791
f 2128/643/2790 3431/731/2791 3430/731/2788
f 3431/731/2791 2460/736/2792 2462/735/2789
f 2129/643/2793 3431/731/2791 2128/643/2790
f 2460/736/2792 3431/731/2791 3432/736/2794
f 3432/736/2794 3433/737/2795 2460/736/2792
f 3433/737/2795 2456/737/2796 2460/736/2792
f 3434/737/2797 2456/737/2796 3433/737/2795
f 3432/736/2794 3434/737/2797 3433/737/2795
f 3434/737/2797 2453/737/2798 2456/737/2796
f 3088/737/2412 2452/737/2411 2453/737/2798
f 3088/737/2412 2453/737/2798 3434/737/2797
f 3434/737/2797 3089/737/2414 3088/737/2412
f 3434/737/2797 3432/736/2794 3435/737/2799
f 3089/737/2414 3434/737/2797 3435/737/2799
f 3436/736/2800 3435/737/2799 3432/736/2794
f 3432/736/2794 3431/731/2791 3436/736/2800
f 3437/736/2801 3089/737/2414 3435/737/2799
f 3435/737/2799 3436/736/2800 3437/736/2801
f 3089/737/2414 3437/736/2801 3090/736/2415
f 3438/735/2802 3090/736/2415 3437/736/2801
f 3436/736/2800 3438/735/2802 3437/736/2801
f 3090/736/2415 3438/735/2802 3091/735/2416
f 3439/735/2803 3436/736/2800 3431/731/2791
f 3438/735/2802 3436/736/2800 3439/735/2803
f 3431/731/2791 3440/730/2804 3439/735/2803
f 3439/735/2803 3440/730/2804 3438/735/2802
f 3441/730/2805 3091/735/2416 3438/735/2802
f 3441/730/2805 3438/735/2802 3440/730/2804
f 3091/735/2416 3441/730/2805 3092/730/2417
f 3431/731/2791 3442/731/2806 3440/730/2804
f 3442/731/2806 3431/731/2791 2129/643/2793
f 3440/730/2804 3443/733/2807 3441/730/2805
f 3443/733/2807 3092/730/2417 3441/730/2805
f 3443/733/2807 3440/730/2804 3442/731/2806
f 3092/730/2417 3443/733/2807 3093/733/2419
f 3442/731/2806 2129/643/2793 3444/732/2808
f 3444/732/2808 2129/643/2793 2131/643/2809
f 3442/731/2806 3445/732/2810 3443/733/2807
f 3445/732/2810 3442/731/2806 3444/732/2808
f 3445/732/2810 3093/733/2419 3443/733/2807
f 3444/732/2808 2131/643/2809 3445/732/2810
f 3093/733/2419 3445/732/2810 3094/732/2420
f 2134/643/2811 3445/732/2810 2131/643/2809
f 3445/732/2810 2134/643/2811 3094/732/2420
f 2136/643/2812 3094/732/2420 2134/643/2811
f 967/607/2813 3108/607/2468 968/606/2814
f 968/606/2814 3108/607/2468 3446/606/2815
f 968/606/2814 3446/606/2815 971/606/2816
f 3107/606/2467 3446/606/2815 3108/607/2468
f 3447/606/2817 971/606/2816 3446/606/2815
f 3447/606/2817 974/591/2818 971/606/2816
f 3446/606/2815 3107/606/2467 3448/606/2819
f 3446/606/2815 3449/606/2820 3447/606/2817
f 3449/606/2820 974/591/2818 3447/606/2817
f 3449/606/2820 3446/606/2815 3448/606/2819
f 3450/605/2821 3448/606/2819 3107/606/2467
f 3107/606/2467 3106/605/2465 3450/605/2821
f 3448/606/2819 3451/605/2822 3449/606/2820
f 3451/605/2822 3448/606/2819 3450/605/2821
f 3449/606/2820 3452/617/2823 974/591/2818
f 3452/617/2823 3449/606/2820 3451/605/2822
f 3452/617/2823 977/592/2824 974/591/2818
f 3453/592/2825 3450/605/2821 3106/605/2465
f 3450/605/2821 3453/592/2825 3451/605/2822
f 3106/605/2465 3105/605/2464 3453/592/2825
f 3454/592/2826 3451/605/2822 3453/592/2825
f 3452/617/2823 3451/605/2822 3454/592/2826
f 3455/603/2827 3453/592/2825 3105/605/2464
f 3105/605/2464 3104/603/2462 3455/603/2827
f 3456/603/2828 3454/592/2826 3453/592/2825
f 3453/592/2825 3455/603/2827 3456/603/2828
f 3454/592/2826 3456/603/2828 3452/617/2823
f 3457/602/2829 3455/603/2827 3104/603/2462
f 3457/602/2829 3456/603/2828 3455/603/2827
f 3104/603/2462 3103/602/2461 3457/602/2829
f 3456/603/2828 3457/602/2829 3458/602/2830
f 3458/602/2830 3452/617/2823 3456/603/2828
f 3459/594/2831 3457/602/2829 3103/602/2461
f 3459/594/2831 3458/602/2830 3457/602/2829
f 3103/602/2461 3102/594/2459 3459/594/2831
f 3102/594/2459 1369/601/2458 1370/609/2832
f 1370/609/2832 3459/594/2831 3102/594/2459
f 3459/594/2831 1370/609/2832 1373/609/2833
f 3459/594/2831 1373/609/2833 3460/594/2834
f 3458/602/2830 3459/594/2831 3460/594/2834
f 3460/594/2834 1373/609/2833 1376/601/2835
f 3458/602/2830 3460/594/2834 1376/601/2835
f 1376/601/2835 3452/617/2823 3458/602/2830
f 3452/617/2823 1376/601/2835 1378/601/2836
f 1378/601/2836 3461/617/2837 3452/617/2823
f 977/592/2824 3452/617/2823 3461/617/2837
f 1380/669/2838 3461/617/2837 1378/601/2836
f 3461/617/2837 924/593/2839 977/592/2824
f 1380/669/2838 3462/617/2840 3461/617/2837
f 924/593/2839 3461/617/2837 3462/617/2840
f 3463/600/2840 3462/617/2840 1380/669/2838
f 3463/600/2840 924/593/2839 3462/617/2840
f 896/578/2838 3463/600/2840 1380/669/2838
f 3463/600/2840 923/594/2839 924/593/2839
f 3464/670/2840 3463/600/2840 896/578/2838
f 3464/670/2840 923/594/2839 3463/600/2840
f 895/579/2841 3464/670/2840 896/578/2838
f 3464/670/2840 986/600/2839 923/594/2839
f 895/579/2841 3465/667/2842 3464/670/2840
f 3465/667/2842 986/600/2839 3464/670/2840
f 1961/710/2774 3465/667/2842 895/579/2841
f 3465/667/2842 2885/598/2843 986/600/2839
f 1961/710/2774 3420/667/2772 3465/667/2842
f 3420/667/2772 2885/598/2843 3465/667/2842
f 3420/667/2772 2881/597/2844 2885/598/2843
f 3420/667/2772 3421/672/2773 2881/597/2844
f 3466/583/2845 2881/597/2844 3421/672/2773
f 2881/597/2844 3466/583/2845 2862/833/2846
f 3466/583/2845 889/577/2847 2862/833/2846
f 889/577/2847 3466/583/2845 3467/900/2848
f 3467/900/2848 3468/672/2849 889/577/2847
f 3469/681/2850 3468/672/2849 3467/900/2848
f 889/577/2847 3468/672/2849 890/577/2851
f 3468/672/2849 3469/681/2850 882/574/2852
f 3470/689/2853 882/574/2852 3469/681/2850
f 882/574/2852 3470/689/2853 2996/845/2853
f 3468/672/2849 882/574/2852 884/575/2854
f 3470/689/2853 878/571/2855 2996/845/2853
f 878/571/2855 3470/689/2853 3471/696/2856
f 884/575/2854 3472/672/2857 3468/672/2849
f 3472/672/2857 890/577/2851 3468/672/2849
f 3472/672/2857 884/575/2854 885/575/2858
f 890/577/2851 3472/672/2857 892/577/2859
f 885/575/2858 3473/671/2857 3472/672/2857
f 3473/671/2857 892/577/2859 3472/672/2857
f 887/576/2858 3473/671/2857 885/575/2858
f 3473/671/2857 893/578/2859 892/577/2859
f 3473/671/2857 887/576/2858 3474/707/2857
f 893/578/2859 3473/671/2857 3474/707/2857
f 2693/573/2858 3474/707/2857 887/576/2858
f 3474/707/2857 927/597/2859 893/578/2859
f 3474/707/2857 2693/573/2858 3475/824/2857
f 927/597/2859 3474/707/2857 3475/824/2857
f 2693/573/2858 3476/824/2860 3475/824/2857
f 927/597/2859 3475/824/2857 3476/824/2860
f 3476/824/2860 2693/573/2858 881/572/2861
f 3476/824/2860 928/596/2862 927/597/2859
f 3476/824/2860 881/572/2861 3477/824/2863
f 928/596/2862 3476/824/2860 3477/824/2863
f 880/573/2864 3477/824/2863 881/572/2861
f 3477/824/2863 930/599/2865 928/596/2862
f 3478/836/2866 3477/824/2863 880/573/2864
f 3478/836/2866 880/573/2864 3479/837/2867
f 3479/837/2867 880/573/2864 2698/811/2868
f 2698/811/2868 3480/837/2869 3479/837/2867
f 3480/837/2869 3478/836/2866 3479/837/2867
f 2701/798/2870 3480/837/2869 2698/811/2868
f 3115/837/2492 2701/798/2870 2704/798/2871
f 2701/798/2870 3115/837/2492 3480/837/2869
f 3481/836/2872 3480/837/2869 3115/837/2492
f 3478/836/2866 3480/837/2869 3481/836/2872
f 3481/836/2872 3115/837/2492 3114/836/2491
f 3481/836/2872 3482/835/2873 3478/836/2866
f 3477/824/2863 3478/836/2866 3482/835/2873
f 3483/835/2874 3481/836/2872 3114/836/2491
f 3482/835/2873 3481/836/2872 3483/835/2874
f 3483/835/2874 3114/836/2491 3113/835/2489
f 3484/801/2875 3483/835/2874 3113/835/2489
f 3483/835/2874 3484/801/2875 3482/835/2873
f 3484/801/2875 3113/835/2489 3112/801/2488
f 3477/824/2863 3482/835/2873 3485/801/2876
f 3482/835/2873 3484/801/2875 3485/801/2876
f 3485/801/2876 3486/821/2877 3477/824/2863
f 3484/801/2875 3486/821/2877 3485/801/2876
f 3487/831/2878 3484/801/2875 3112/801/2488
f 3484/801/2875 3487/831/2878 3486/821/2877
f 3487/831/2878 3112/801/2488 3111/831/2486
f 3488/823/2879 3477/824/2863 3486/821/2877
f 930/599/2865 3477/824/2863 3488/823/2879
f 3489/823/2880 3486/821/2877 3487/831/2878
f 3489/823/2880 3487/831/2878 3111/831/2486
f 3486/821/2877 3489/823/2880 3488/823/2879
f 3489/823/2880 3111/831/2486 3110/849/2485
f 3109/599/2483 3489/823/2880 3110/849/2485
f 3488/823/2879 3490/598/2881 930/599/2865
f 3490/598/2881 932/600/2882 930/599/2865
f 3491/598/2883 3488/823/2879 3489/823/2880
f 3488/823/2879 3491/598/2883 3490/598/2881
f 3491/598/2883 932/600/2882 3490/598/2881
f 3489/823/2880 3109/599/2483 3491/598/2883
f 3491/598/2883 935/601/2884 932/600/2882
f 3109/599/2483 935/601/2884 3491/598/2883
f 3109/599/2483 938/601/2482 935/601/2884
f 3492/901/2885 3493/901/2886 3494/901/2886
f 3493/901/2886 3492/901/2885 3495/901/2887
f 3495/901/2887 3496/901/2888 3493/901/2886
f 3497/901/2889 3495/901/2887 3492/901/2885
f 3498/901/2890 3496/901/2888 3499/901/2891
f 3500/901/2892 3501/901/2893 3497/901/2889
f 3499/901/2891 3496/901/2888 3502/901/2894
f 3502/901/2894 3496/901/2888 3495/901/2887
f 3499/901/2891 3502/901/2894 3503/901/2895
f 3495/901/2887 3497/901/2889 3504/901/2896
f 3504/901/2896 3502/901/2894 3495/901/2887
f 3497/901/2889 3501/901/2893 3504/901/2896
f 3503/901/2895 3502/901/2894 3505/901/2897
f 3504/901/2896 3501/901/2893 3506/901/2898
f 3502/901/2894 3504/901/2896 3506/901/2898
f 3506/901/2898 3505/901/2897 3502/901/2894
f 3506/901/2898 3501/901/2893 3507/901/2899
f 3508/901/2900 3503/901/2895 3505/901/2897
f 3503/901/2895 3508/901/2900 3509/901/2895
f 3510/901/2901 3508/901/2900 3505/901/2897
f 3505/901/2897 3506/901/2898 3510/901/2901
f 3508/901/2900 3510/901/2901 3511/901/2902
f 3507/901/2899 3512/902/2903 3506/901/2898
f 3512/902/2903 3507/901/2899 3513/902/2904
f 3514/902/2902 3506/901/2898 3512/902/2903
f 3506/901/2898 3514/902/2902 3510/901/2901
f 3514/902/2902 3511/901/2902 3510/901/2901
f 3515/902/2902 3511/901/2902 3514/902/2902
f 3081/771/2905 2318/758/2905 2319/758/2905
f 2319/758/2906 3516/771/2907 3081/771/2388
f 3516/771/2907 2319/758/2906 2323/755/2908
f 3517/767/2909 3081/771/2388 3516/771/2907
f 3081/771/2388 3517/767/2909 3082/767/2390
f 2323/755/2908 3518/771/2910 3516/771/2907
f 3518/771/2910 2323/755/2908 875/569/2911
f 3519/767/2912 3516/771/2907 3518/771/2910
f 3519/767/2912 3518/771/2910 875/569/2911
f 3516/771/2907 3519/767/2912 3517/767/2909
f 3520/768/2913 3082/767/2390 3517/767/2909
f 3082/767/2390 3520/768/2913 3083/768/2391
f 3521/768/2914 3517/767/2909 3519/767/2912
f 3517/767/2909 3521/768/2914 3520/768/2913
f 3522/765/2915 3083/768/2391 3520/768/2913
f 3522/765/2915 3520/768/2913 3521/768/2914
f 3083/768/2391 3522/765/2915 3084/765/2393
f 3519/767/2912 3523/751/2916 3521/768/2914
f 875/569/2911 3523/751/2916 3519/767/2912
f 874/568/2917 3523/751/2916 875/569/2911
f 3521/768/2914 3524/752/2918 3522/765/2915
f 3524/752/2918 3521/768/2914 3523/751/2916
f 3525/750/2919 3084/765/2393 3522/765/2915
f 3084/765/2393 3525/750/2919 3085/750/2394
f 3524/752/2918 3526/750/2920 3522/765/2915
f 3522/765/2915 3526/750/2920 3525/750/2919
f 3523/751/2916 3526/750/2920 3524/752/2918
f 3527/785/2921 3085/750/2394 3525/750/2919
f 3526/750/2920 3527/785/2921 3525/750/2919
f 3085/750/2394 3527/785/2921 3086/770/2396
f 3087/642/2397 3086/770/2396 3527/785/2921
f 3527/785/2921 3526/750/2920 3528/785/2922
f 3523/751/2916 3528/785/2922 3526/750/2920
f 3087/642/2397 3527/785/2921 3529/642/2923
f 3528/785/2922 3529/642/2923 3527/785/2921
f 2420/643/2924 3087/642/2397 2418/643/2925
f 2418/643/2925 3087/642/2397 3529/642/2923
f 2418/643/2925 3529/642/2923 2413/713/2926
f 2413/713/2926 3529/642/2923 3530/642/2927
f 3529/642/2923 3528/785/2922 3530/642/2927
f 3530/642/2927 2410/642/2928 2413/713/2926
f 3528/785/2922 2410/642/2928 3530/642/2927
f 3528/785/2922 3523/751/2916 2410/642/2928
f 2410/642/2928 3523/751/2916 2408/721/2929
f 3531/751/2930 2408/721/2929 3523/751/2916
f 3523/751/2916 874/568/2917 3531/751/2930
f 3531/751/2930 2406/721/2931 2408/721/2929
f 2328/569/2932 3531/751/2930 874/568/2917
f 2406/721/2931 3531/751/2930 3532/768/2933
f 3531/751/2930 2328/569/2932 3532/768/2933
f 2406/721/2931 3532/768/2933 3533/784/2933
f 2328/569/2932 3533/784/2933 3532/768/2933
f 3533/784/2933 918/588/2931 2406/721/2931
f 2337/780/2932 3533/784/2933 2328/569/2932
f 918/588/2931 3533/784/2933 3534/726/2934
f 2337/780/2932 3534/726/2934 3533/784/2933
f 3534/726/2934 916/589/2931 918/588/2931
f 2336/779/2932 3534/726/2934 2337/780/2932
f 3535/726/2933 916/589/2931 3534/726/2934
f 2336/779/2932 3535/726/2933 3534/726/2934
f 916/589/2931 3535/726/2933 2403/650/2935
f 876/570/2936 3535/726/2933 2336/779/2932
f 3536/726/2937 2403/650/2935 3535/726/2933
f 876/570/2936 3536/726/2937 3535/726/2933
f 3536/726/2937 914/589/2782 2403/650/2935
f 878/571/2855 3536/726/2937 876/570/2936
f 3536/726/2937 3425/586/2783 914/589/2782
f 3471/696/2856 3536/726/2937 878/571/2855
f 3425/586/2783 3536/726/2937 3471/696/2856
f 3537/760/2938 2240/759/1782 2242/760/1784
f 3537/760/2938 3538/759/2939 2240/759/1782
f 3538/759/2939 2237/757/1779 2240/759/1782
f 3538/759/2939 3537/760/2938 3539/796/2940
f 3539/796/2940 3537/760/2938 3540/845/2941
f 3541/796/2942 3539/796/2940 3540/845/2941
f 3538/759/2939 3542/757/2943 2237/757/1779
f 3542/757/2943 2235/756/1777 2237/757/1779
f 2747/814/2124 3541/796/2942 2748/796/2125
f 3542/757/2943 3543/756/2944 2235/756/1777
f 3543/756/2944 2232/755/1774 2235/756/1777
f 3544/814/2945 3541/796/2942 2747/814/2124
f 3544/814/2945 3539/796/2940 3541/796/2942
f 2750/817/2127 3544/814/2945 2747/814/2124
f 3545/796/2946 3538/759/2939 3539/796/2940
f 3544/814/2945 3545/796/2946 3539/796/2940
f 3544/814/2945 2750/817/2127 3546/817/2947
f 2753/812/2130 3546/817/2947 2750/817/2127
f 3545/796/2946 3544/814/2945 3547/814/2948
f 3546/817/2947 3547/814/2948 3544/814/2945
f 3545/796/2946 3548/759/2949 3538/759/2939
f 3548/759/2949 3542/757/2943 3538/759/2939
f 3546/817/2947 2753/812/2130 3549/903/2950
f 2757/811/2134 3549/903/2950 2753/812/2130
f 3549/903/2950 3550/817/2951 3546/817/2947
f 3547/814/2948 3546/817/2947 3550/817/2951
f 3549/903/2950 2757/811/2134 3551/811/2952
f 2761/818/2138 3551/811/2952 2757/811/2134
f 3550/817/2951 3549/903/2950 3552/903/2953
f 3551/811/2952 3552/903/2953 3549/903/2950
f 3551/811/2952 2761/818/2138 3553/834/2954
f 2762/819/2139 3553/834/2954 2761/818/2138
f 3552/903/2953 3551/811/2952 3554/811/2955
f 3553/834/2954 3554/811/2955 3551/811/2952
f 3553/834/2954 2762/819/2139 3555/819/2956
f 2764/820/2141 3555/819/2956 2762/819/2139
f 3554/811/2955 3553/834/2954 3556/834/2957
f 3555/819/2956 3556/834/2957 3553/834/2954
f 3555/819/2956 2764/820/2141 3557/820/2958
f 2766/821/2143 3557/820/2958 2764/820/2141
f 3556/834/2957 3555/819/2956 3558/819/2959
f 3557/820/2958 3558/819/2959 3555/819/2956
f 3557/820/2958 2766/821/2143 3559/821/2960
f 2769/823/2146 3559/821/2960 2766/821/2143
f 3558/819/2959 3557/820/2958 3560/820/2961
f 3559/821/2960 3560/820/2961 3557/820/2958
f 3559/821/2960 2769/823/2146 3561/823/2962
f 2780/827/2157 3561/823/2962 2769/823/2146
f 3560/820/2961 3559/821/2960 3562/821/2963
f 3561/823/2962 3562/821/2963 3559/821/2960
f 3558/819/2959 3560/820/2961 3563/801/2964
f 3561/823/2962 2780/827/2157 3564/891/2965
f 3560/820/2961 3562/821/2963 3565/831/2966
f 3565/831/2966 3563/801/2964 3560/820/2961
f 3562/821/2963 3561/823/2962 3566/823/2967
f 3564/891/2965 3566/823/2967 3561/823/2962
f 3567/802/2968 3565/831/2966 3562/821/2963
f 3562/821/2963 3566/823/2967 3567/802/2968
f 2780/827/2157 3568/829/2969 3564/891/2965
f 3568/829/2969 2780/827/2157 2782/829/2159
f 3566/823/2967 3564/891/2965 3569/891/2970
f 2782/829/2159 3570/602/2971 3568/829/2969
f 3570/602/2971 2782/829/2159 2785/617/2162
f 3564/891/2965 3568/829/2969 3571/876/2972
f 3571/876/2972 3569/891/2970 3564/891/2965
f 3568/829/2969 3570/602/2971 3572/602/2973
f 3572/602/2973 3571/876/2972 3568/829/2969
f 2785/617/2162 3573/592/2974 3570/602/2971
f 3573/592/2974 2785/617/2162 2789/603/2166
f 3574/592/2975 3572/602/2973 3570/602/2971
f 3570/602/2971 3573/592/2974 3574/592/2975
f 2789/603/2166 3575/605/2976 3573/592/2974
f 3575/605/2976 2789/603/2166 2791/605/2168
f 3576/606/2977 3574/592/2975 3573/592/2974
f 3573/592/2974 3575/605/2976 3576/606/2977
f 2791/605/2168 3577/607/2978 3575/605/2976
f 3577/607/2978 2791/605/2168 2794/606/2979
f 3578/607/1899 3576/606/2977 3575/605/2976
f 3575/605/2976 3577/607/2978 3578/607/1899
f 2794/606/2979 3579/611/2980 3577/607/2978
f 3579/611/2980 2794/606/2979 1061/616/2981
f 3580/612/2982 3578/607/1899 3577/607/2978
f 3577/607/2978 3579/611/2980 3580/612/2982
f 1061/616/2981 3581/612/2983 3579/611/2980
f 3581/612/2983 1061/616/2981 1058/612/2984
f 3582/614/2985 3580/612/2982 3579/611/2980
f 3579/611/2980 3581/612/2983 3582/614/2985
f 1058/612/2984 3583/614/2986 3581/612/2983
f 3583/614/2986 1058/612/2984 1056/612/922
f 3584/614/2987 3582/614/2985 3581/612/2983
f 3581/612/2983 3583/614/2986 3584/614/2987
f 1056/612/922 3585/614/2988 3583/614/2986
f 3585/614/2988 1056/612/922 1057/614/923
f 3586/904/2989 3584/614/2987 3583/614/2986
f 3583/614/2986 3585/614/2988 3586/904/2989
f 1057/614/923 3587/904/2990 3585/614/2988
f 3587/904/2990 1057/614/923 1059/615/925
f 1063/614/929 3587/904/2990 1059/615/925
f 3585/614/2988 3587/904/2990 3588/904/2991
f 3588/904/2991 3586/904/2989 3585/614/2988
f 3587/904/2990 1063/614/929 3589/614/2992
f 3589/614/2992 3588/904/2991 3587/904/2990
f 1065/612/931 3589/614/2992 1063/614/929
f 3589/614/2992 1065/612/931 3590/614/2993
f 1067/612/933 3590/614/2993 1065/612/931
f 3588/904/2991 3589/614/2992 3591/904/2994
f 3590/614/2993 3591/904/2994 3589/614/2992
f 3590/614/2993 1067/612/933 3592/612/2995
f 1070/611/936 3592/612/2995 1067/612/933
f 3591/904/2994 3590/614/2993 3593/614/2996
f 3592/612/2995 3593/614/2996 3590/614/2993
f 3592/612/2995 1070/611/936 3594/611/2997
f 1072/606/938 3594/611/2997 1070/611/936
f 3593/614/2996 3592/612/2995 3595/614/2998
f 3594/611/2997 3595/614/2998 3592/612/2995
f 3594/611/2997 1072/606/938 3596/607/2999
f 1077/605/943 3596/607/2999 1072/606/938
f 3595/614/2998 3594/611/2997 3597/612/3000
f 3596/607/2999 3597/612/3000 3594/611/2997
f 3596/607/2999 1077/605/943 3598/605/3001
f 1081/603/947 3598/605/3001 1077/605/943
f 3597/612/3000 3596/607/2999 3599/607/3002
f 3598/605/3001 3599/607/3002 3596/607/2999
f 3598/605/3001 1081/603/947 3600/592/3003
f 1084/617/950 3600/592/3003 1081/603/947
f 3599/607/3002 3598/605/3001 3601/606/3004
f 3600/592/3003 3601/606/3004 3598/605/3001
f 3600/592/3003 1084/617/950 3602/602/3005
f 1088/609/954 3602/602/3005 1084/617/950
f 3601/606/3004 3600/592/3003 3603/592/3006
f 3602/602/3005 3603/592/3006 3600/592/3003
f 3602/602/3005 1088/609/954 3604/609/3007
f 1091/599/957 3604/609/3007 1088/609/954
f 3603/592/3006 3602/602/3005 3605/602/3008
f 3604/609/3007 3605/602/3008 3602/602/3005
f 3606/605/3009 3601/606/3004 3603/592/3006
f 3604/609/3007 1091/599/957 3607/600/3010
f 3601/606/3004 3606/605/3009 3608/607/3011
f 3608/607/3011 3599/607/3002 3601/606/3004
f 3603/592/3006 3609/603/3012 3606/605/3009
f 3603/592/3006 3605/602/3008 3609/603/3012
f 3599/607/3002 3608/607/3011 3610/611/3013
f 3610/611/3013 3597/612/3000 3599/607/3002
f 3605/602/3008 3604/609/3007 3611/594/3014
f 3607/600/3010 3611/594/3014 3604/609/3007
f 3597/612/3000 3610/611/3013 3612/614/3015
f 3612/614/3015 3595/614/2998 3597/612/3000
f 3605/602/3008 3611/594/3014 3613/617/3016
f 3605/602/3008 3613/617/3016 3609/603/3012
f 3595/614/2998 3612/614/3015 3614/904/3017
f 3614/904/3017 3593/614/2996 3595/614/2998
f 3610/611/3013 3615/904/3018 3612/614/3015
f 3593/614/2996 3614/904/3017 3616/859/3019
f 3616/859/3019 3591/904/2994 3593/614/2996
f 3612/614/3015 3617/859/3020 3614/904/3017
f 3615/904/3018 3617/859/3020 3612/614/3015
f 3614/904/3017 3618/872/3021 3616/859/3019
f 3617/859/3020 3618/872/3021 3614/904/3017
f 3591/904/2994 3616/859/3019 3619/859/3022
f 3619/859/3022 3588/904/2991 3591/904/2994
f 3618/872/3021 3620/872/3023 3616/859/3019
f 3616/859/3019 3620/872/3023 3619/859/3022
f 3588/904/2991 3619/859/3022 3621/859/3024
f 3621/859/3024 3586/904/2989 3588/904/2991
f 3620/872/3023 3622/889/3025 3619/859/3022
f 3619/859/3022 3622/889/3025 3621/859/3024
f 3586/904/2989 3621/859/3024 3623/859/3026
f 3623/859/3026 3584/614/2987 3586/904/2989
f 3622/889/3025 3624/872/3027 3621/859/3024
f 3621/859/3024 3624/872/3027 3623/859/3026
f 3584/614/2987 3623/859/3026 3625/859/3028
f 3625/859/3028 3582/614/2985 3584/614/2987
f 3626/872/3029 3623/859/3026 3624/872/3027
f 3623/859/3026 3626/872/3029 3625/859/3028
f 3582/614/2985 3625/859/3028 3627/904/3030
f 3627/904/3030 3580/612/2982 3582/614/2985
f 3628/859/3031 3625/859/3028 3626/872/3029
f 3625/859/3028 3628/859/3031 3627/904/3030
f 3627/904/3030 3629/614/3032 3580/612/2982
f 3629/614/3032 3578/607/1899 3580/612/2982
f 3630/904/3033 3627/904/3030 3628/859/3031
f 3627/904/3030 3630/904/3033 3629/614/3032
f 3629/614/3032 3631/611/3034 3578/607/1899
f 3631/611/3034 3576/606/2977 3578/607/1899
f 3632/614/3035 3629/614/3032 3630/904/3033
f 3629/614/3032 3632/614/3035 3631/611/3034
f 3631/611/3034 3633/607/3036 3576/606/2977
f 3633/607/3036 3574/592/2975 3576/606/2977
f 3634/611/3037 3631/611/3034 3632/614/3035
f 3631/611/3034 3634/611/3037 3633/607/3036
f 3633/607/3036 3635/605/3038 3574/592/2975
f 3635/605/3038 3572/602/2973 3574/592/2975
f 3636/606/3039 3633/607/3036 3634/611/3037
f 3633/607/3036 3636/606/3039 3635/605/3038
f 3635/605/3038 3637/603/3040 3572/602/2973
f 3637/603/3040 3571/876/2972 3572/602/2973
f 3638/592/3041 3635/605/3038 3636/606/3039
f 3635/605/3038 3638/592/3041 3637/603/3040
f 3637/603/3040 3639/905/3042 3571/876/2972
f 3639/905/3042 3569/891/2970 3571/876/2972
f 3640/906/3043 3637/603/3040 3638/592/3041
f 3637/603/3040 3640/906/3043 3639/905/3042
f 3639/905/3042 3641/830/3044 3569/891/2970
f 3566/823/2967 3569/891/2970 3641/830/3044
f 3641/830/3044 3567/802/2968 3566/823/2967
f 3639/905/3042 3642/907/3045 3641/830/3044
f 3642/907/3045 3639/905/3042 3640/906/3043
f 3641/830/3044 3643/828/3046 3567/802/2968
f 3643/828/3046 3641/830/3044 3642/907/3045
f 3644/826/3047 3567/802/2968 3643/828/3046
f 3565/831/2966 3567/802/2968 3644/826/3047
f 3643/828/3046 3642/907/3045 3645/891/3048
f 3646/825/3049 3565/831/2966 3644/826/3047
f 3563/801/2964 3565/831/2966 3646/825/3049
f 3644/826/3047 3643/828/3046 3647/823/3050
f 3647/823/3050 3643/828/3046 3645/891/3048
f 3646/825/3049 3644/826/3047 3648/821/3051
f 3648/821/3051 3644/826/3047 3647/823/3050
f 3649/835/3052 3563/801/2964 3646/825/3049
f 3650/908/3053 3646/825/3049 3648/821/3051
f 3646/825/3049 3650/908/3053 3649/835/3052
f 3651/835/3054 3563/801/2964 3649/835/3052
f 3563/801/2964 3651/835/3054 3558/819/2959
f 3556/834/2957 3558/819/2959 3651/835/3054
f 3651/835/3054 3652/834/3055 3556/834/2957
f 3554/811/2955 3556/834/2957 3652/834/3055
f 3651/835/3054 3649/835/3052 3653/836/3056
f 3652/834/3055 3651/835/3054 3653/836/3056
f 3652/834/3055 3654/838/3057 3554/811/2955
f 3552/903/2953 3554/811/2955 3654/838/3057
f 3652/834/3055 3653/836/3056 3655/838/3058
f 3654/838/3057 3652/834/3055 3655/838/3058
f 3649/835/3052 3656/909/3059 3653/836/3056
f 3656/909/3059 3649/835/3052 3650/908/3053
f 3653/836/3056 3657/837/3060 3655/838/3058
f 3657/837/3060 3653/836/3056 3656/909/3059
f 3552/903/2953 3654/838/3057 3658/903/3061
f 3550/817/2951 3552/903/2953 3658/903/3061
f 3654/838/3057 3655/838/3058 3659/903/3062
f 3658/903/3061 3654/838/3057 3659/903/3062
f 3660/840/1080 3655/838/3058 3657/837/3060
f 3655/838/3058 3660/840/1080 3659/903/3062
f 3550/817/2951 3658/903/3061 3661/817/3063
f 3547/814/2948 3550/817/2951 3661/817/3063
f 3658/903/3061 3659/903/3062 3662/817/3064
f 3661/817/3063 3658/903/3061 3662/817/3064
f 3663/842/1086 3659/903/3062 3660/840/1080
f 3659/903/3062 3663/842/1086 3662/817/3064
f 3660/840/1080 3657/837/3060 3664/837/3065
f 3656/909/3059 3664/837/3065 3657/837/3060
f 3663/842/1086 3660/840/1080 3665/840/3066
f 3664/837/3065 3665/840/3066 3660/840/1080
f 3666/844/3067 3662/817/3064 3663/842/1086
f 3664/837/3065 3353/840/3068 3665/840/3066
f 3353/840/3068 3664/837/3065 3352/837/666
f 3354/842/2070 3665/840/3066 3353/840/3068
f 3667/800/3069 3352/837/666 3664/837/3065
f 3664/837/3065 3656/909/3059 3667/800/3069
f 3352/837/666 3667/800/3069 3351/822/3070
f 3665/840/3066 3354/842/2070 3668/842/3071
f 3665/840/3066 3668/842/3071 3663/842/1086
f 3355/844/3072 3668/842/3071 3354/842/2070
f 3669/844/3073 3663/842/1086 3668/842/3071
f 3668/842/3071 3355/844/3072 3669/844/3073
f 3663/842/1086 3669/844/3073 3666/844/3067
f 3277/796/669 3669/844/3073 3355/844/3072
f 3669/844/3073 3277/796/669 3670/796/3074
f 3670/796/3074 3666/844/3067 3669/844/3073
f 3276/759/3075 3670/796/3074 3277/796/669
f 3662/817/3064 3666/844/3067 3671/844/3076
f 3662/817/3064 3671/844/3076 3661/817/3063
f 3666/844/3067 3670/796/3074 3672/796/1094
f 3672/796/1094 3671/844/3076 3666/844/3067
f 3670/796/3074 3276/759/3075 3673/759/3077
f 3278/779/2500 3673/759/3077 3276/759/3075
f 3670/796/3074 3674/759/1095 3672/796/1094
f 3674/759/1095 3670/796/3074 3673/759/3077
f 3673/759/3077 3278/779/2500 3675/779/3078
f 3279/782/3079 3675/779/3078 3278/779/2500
f 3673/759/3077 3676/757/3080 3674/759/1095
f 3676/757/3080 3673/759/3077 3675/779/3078
f 3675/779/3078 3279/782/3079 3677/782/3081
f 3677/782/3081 3676/757/3080 3675/779/3078
f 3280/772/672 3677/782/3081 3279/782/3079
f 3677/782/3081 3280/772/672 3678/772/3082
f 3281/767/3083 3678/772/3082 3280/772/672
f 3676/757/3080 3677/782/3081 3679/778/1103
f 3678/772/3082 3679/778/1103 3677/782/3081
f 3678/772/3082 3281/767/3083 3680/767/3084
f 3282/751/1130 3680/767/3084 3281/767/3083
f 3679/778/1103 3678/772/3082 3681/772/3085
f 3680/767/3084 3681/772/3085 3678/772/3082
f 3680/767/3084 3282/751/1130 3682/751/3086
f 3283/750/1133 3682/751/3086 3282/751/1130
f 3681/772/3085 3680/767/3084 3683/767/3087
f 3682/751/3086 3683/767/3087 3680/767/3084
f 3682/751/3086 3283/750/1133 3684/750/3088
f 3284/785/620 3684/750/3088 3283/750/1133
f 3683/767/3087 3682/751/3086 3685/751/3089
f 3684/750/3088 3284/785/620 3686/785/3090
f 3285/883/1141 3686/785/3090 3284/785/620
f 3687/749/3091 3682/751/3086 3684/750/3088
f 3682/751/3086 3687/749/3091 3685/751/3089
f 3686/785/3090 3285/883/1141 3688/883/3092
f 3286/864/3093 3688/883/3092 3285/883/1141
f 3689/785/3094 3684/750/3088 3686/785/3090
f 3688/883/3092 3689/785/3094 3686/785/3090
f 3684/750/3088 3689/785/3094 3687/749/3091
f 3688/883/3092 3286/864/3093 3690/864/3095
f 3287/884/3096 3690/864/3095 3286/864/3093
f 3689/785/3094 3688/883/3092 3691/883/3097
f 3690/864/3095 3691/883/3097 3688/883/3092
f 3690/864/3095 3287/884/3096 3692/884/3098
f 3288/865/616 3692/884/3098 3287/884/3096
f 3691/883/3097 3690/864/3095 3693/864/3099
f 3692/884/3098 3693/864/3099 3690/864/3095
f 3692/884/3098 3288/865/616 3694/865/3100
f 3289/739/3101 3694/865/3100 3288/865/616
f 3693/864/3099 3692/884/3098 3695/884/3102
f 3694/865/3100 3289/739/3101 3696/739/3103
f 3290/741/2068 3696/739/3103 3289/739/3101
f 3692/884/3098 3694/865/3100 3697/910/3104
f 3692/884/3098 3697/910/3104 3695/884/3102
f 3694/865/3100 3696/739/3103 3698/738/1206
f 3694/865/3100 3698/738/1206 3697/910/3104
f 3696/739/3103 3290/741/2068 3699/741/3105
f 3291/852/3106 3699/741/3105 3290/741/2068
f 3696/739/3103 3700/740/1168 3698/738/1206
f 3696/739/3103 3699/741/3105 3700/740/1168
f 3699/741/3105 3291/852/3106 3701/852/3107
f 3292/866/612 3701/852/3107 3291/852/3106
f 3699/741/3105 3702/911/891 3700/740/1168
f 3699/741/3105 3701/852/3107 3702/911/891
f 3701/852/3107 3292/866/612 3703/866/3108
f 3293/885/3109 3703/866/3108 3292/866/612
f 3701/852/3107 3704/852/3110 3702/911/891
f 3701/852/3107 3703/866/3108 3704/852/3110
f 3703/866/3108 3293/885/3109 3705/885/3111
f 3294/867/2066 3705/885/3111 3293/885/3109
f 3703/866/3108 3706/885/885 3704/852/3110
f 3703/866/3108 3705/885/3111 3706/885/885
f 3705/885/3111 3294/867/2066 3707/867/3112
f 3295/867/3113 3707/867/3112 3294/867/2066
f 3705/885/3111 3707/867/3112 3708/885/3114
f 3708/885/3114 3706/885/885 3705/885/3111
f 3707/867/3112 3295/867/3113 3709/867/3115
f 3709/867/3115 3708/885/3114 3707/867/3112
f 3296/867/624 3709/867/3115 3295/867/3113
f 3710/866/3116 3706/885/885 3708/885/3114
f 3709/867/3115 3296/867/624 3711/867/3117
f 3297/867/3118 3711/867/3117 3296/867/624
f 3708/885/3114 3709/867/3115 3712/867/3119
f 3711/867/3117 3297/867/3118 3713/867/3120
f 3298/867/838 3713/867/3120 3297/867/3118
f 3709/867/3115 3711/867/3117 3714/867/3121
f 3713/867/3120 3714/867/3121 3711/867/3117
f 3714/867/3121 3712/867/3119 3709/867/3115
f 3713/867/3120 3298/867/838 3715/867/3122
f 3299/885/835 3715/867/3122 3298/867/838
f 3714/867/3121 3713/867/3120 3716/867/3123
f 3715/867/3122 3299/885/835 3717/885/3124
f 3300/866/621 3717/885/3124 3299/885/835
f 3713/867/3120 3715/867/3122 3718/885/3125
f 3718/885/3125 3716/867/3123 3713/867/3120
f 3717/885/3124 3300/866/621 3719/866/3126
f 3301/852/801 3719/866/3126 3300/866/621
f 3715/867/3122 3717/885/3124 3720/912/3127
f 3719/866/3126 3720/912/3127 3717/885/3124
f 3720/912/3127 3718/885/3125 3715/867/3122
f 3719/866/3126 3301/852/801 3721/852/3128
f 3302/741/827 3721/852/3128 3301/852/801
f 3720/912/3127 3719/866/3126 3722/852/3129
f 3721/852/3128 3722/852/3129 3719/866/3126
f 3723/852/3130 3718/885/3125 3720/912/3127
f 3721/852/3128 3302/741/827 3724/741/3131
f 3303/739/3132 3724/741/3131 3302/741/827
f 3718/885/3125 3723/852/3130 3725/866/3133
f 3725/866/3133 3716/867/3123 3718/885/3125
f 3724/741/3131 3303/739/3132 3726/792/3134
f 3304/737/1403 3726/792/3134 3303/739/3132
f 3716/867/3123 3725/866/3133 3727/866/3135
f 3727/866/3135 3714/867/3121 3716/867/3123
f 3726/792/3134 3304/737/1403 3728/737/3136
f 3714/867/3121 3727/866/3135 3729/866/3137
f 3729/866/3137 3712/867/3119 3714/867/3121
f 3730/730/3138 3728/737/3136 3304/737/1403
f 3304/737/1403 3305/730/3139 3730/730/3138
f 3712/867/3119 3729/866/3137 3731/866/3140
f 3731/866/3140 3708/885/3114 3712/867/3119
f 3708/885/3114 3731/866/3140 3710/866/3116
f 3732/852/3141 3731/866/3140 3729/866/3137
f 3733/852/3142 3710/866/3116 3731/866/3140
f 3731/866/3140 3732/852/3141 3733/852/3142
f 3729/866/3137 3734/852/3143 3732/852/3141
f 3734/852/3143 3729/866/3137 3727/866/3135
f 3732/852/3141 3735/911/3144 3733/852/3142
f 3727/866/3135 3736/911/3145 3734/852/3143
f 3736/911/3145 3727/866/3135 3725/866/3133
f 3734/852/3143 3737/911/3146 3732/852/3141
f 3735/911/3144 3732/852/3141 3737/911/3146
f 3736/911/3145 3738/911/3147 3734/852/3143
f 3737/911/3146 3734/852/3143 3738/911/3147
f 3725/866/3133 3739/913/3148 3736/911/3145
f 3739/913/3148 3725/866/3133 3723/852/3130
f 3738/911/3147 3736/911/3145 3740/741/3149
f 3739/913/3148 3740/741/3149 3736/911/3145
f 3741/741/3150 3737/911/3146 3738/911/3147
f 3742/741/3151 3738/911/3147 3740/741/3149
f 3738/911/3147 3742/741/3151 3741/741/3150
f 3740/741/3149 3739/913/3148 3743/740/3152
f 3742/741/3151 2178/740/1720 3741/741/3150
f 2175/739/1717 2178/740/1720 3742/741/3151
f 2178/740/1720 2181/741/1723 3741/741/3150
f 3744/740/3153 2175/739/1717 3742/741/3151
f 3740/741/3149 3744/740/3153 3742/741/3151
f 3744/740/3153 3740/741/3149 3743/740/3152
f 2172/738/1714 2175/739/1717 3744/740/3153
f 3741/741/3150 2181/741/1723 3745/741/3154
f 3737/911/3146 3741/741/3150 3745/741/3154
f 2181/741/1723 2184/742/1726 3745/741/3154
f 2187/741/1729 3745/741/3154 2184/742/1726
f 3746/741/3155 3737/911/3146 3745/741/3154
f 3745/741/3154 2187/741/1729 3746/741/3155
f 3737/911/3146 3746/741/3155 3735/911/3144
f 2190/740/1732 3746/741/3155 2187/741/1729
f 3746/741/3155 2190/740/1732 3747/741/3156
f 3747/741/3156 3735/911/3144 3746/741/3155
f 2193/739/3157 3747/741/3156 2190/740/1732
f 3735/911/3144 3747/741/3156 3748/741/3158
f 3748/741/3158 3733/852/3142 3735/911/3144
f 3747/741/3156 2193/739/3157 3749/740/3159
f 3749/740/3159 3748/741/3158 3747/741/3156
f 2196/738/3160 3749/740/3159 2193/739/3157
f 3733/852/3142 3748/741/3158 3750/911/3161
f 3710/866/3116 3733/852/3142 3750/911/3161
f 3748/741/3158 3749/740/3159 3751/740/3162
f 3751/740/3162 3750/911/3161 3748/741/3158
f 3749/740/3159 2196/738/3160 3752/739/3163
f 3752/739/3163 3751/740/3162 3749/740/3159
f 2199/737/3164 3752/739/3163 2196/738/3160
f 3750/911/3161 3753/852/3165 3710/866/3116
f 3706/885/885 3710/866/3116 3753/852/3165
f 3753/852/3165 3704/852/3110 3706/885/885
f 3752/739/3163 2199/737/3164 3754/738/3166
f 2202/736/1744 3754/738/3166 2199/737/3164
f 3704/852/3110 3753/852/3165 3755/911/3167
f 3755/911/3167 3702/911/891 3704/852/3110
f 3753/852/3165 3750/911/3161 3756/911/3168
f 3756/911/3168 3755/911/3167 3753/852/3165
f 3750/911/3161 3751/740/3162 3756/911/3168
f 3702/911/891 3755/911/3167 3757/741/3169
f 3757/741/3169 3700/740/1168 3702/911/891
f 3755/911/3167 3756/911/3168 3758/740/3170
f 3758/740/3170 3757/741/3169 3755/911/3167
f 3759/739/3171 3756/911/3168 3751/740/3162
f 3756/911/3168 3759/739/3171 3758/740/3170
f 3751/740/3162 3752/739/3163 3759/739/3171
f 3754/738/3166 3759/739/3171 3752/739/3163
f 3760/738/831 3758/740/3170 3759/739/3171
f 3759/739/3171 3754/738/3166 3760/738/831
f 3757/741/3169 3758/740/3170 3761/739/3172
f 3758/740/3170 3760/738/831 3761/739/3172
f 3700/740/1168 3757/741/3169 3762/739/3173
f 3761/739/3172 3762/739/3173 3757/741/3169
f 3762/739/3173 3698/738/1206 3700/740/1168
f 3763/736/3174 3760/738/831 3754/738/3166
f 3754/738/3166 2202/736/1744 3763/736/3174
f 2205/730/1747 3763/736/3174 2202/736/1744
f 3698/738/1206 3762/739/3173 3764/737/3175
f 3764/737/3175 3697/910/3104 3698/738/1206
f 3763/736/3174 2205/730/1747 3765/730/3176
f 2209/731/1751 3765/730/3176 2205/730/1747
f 3760/738/831 3763/736/3174 3766/737/3177
f 3765/730/3176 3766/737/3177 3763/736/3174
f 3766/737/3177 3761/739/3172 3760/738/831
f 3765/730/3176 2209/731/1751 3767/731/3178
f 2212/744/1754 3767/731/3178 2209/731/1751
f 3766/737/3177 3765/730/3176 3768/735/3179
f 3767/731/3178 3768/735/3179 3765/730/3176
f 3761/739/3172 3766/737/3177 3769/738/3180
f 3768/735/3179 3769/738/3180 3766/737/3177
f 3762/739/3173 3761/739/3172 3769/738/3180
f 3769/738/3180 3764/737/3175 3762/739/3173
f 3769/738/3180 3768/735/3179 3770/736/3181
f 3764/737/3175 3769/738/3180 3770/736/3181
f 3768/735/3179 3767/731/3178 3771/733/3182
f 3771/733/3182 3770/736/3181 3768/735/3179
f 3767/731/3178 2212/744/1754 3772/744/3183
f 3772/744/3183 3771/733/3182 3767/731/3178
f 2215/746/1757 3772/744/3183 2212/744/1754
f 3770/736/3181 3773/735/3184 3764/737/3175
f 3697/910/3104 3764/737/3175 3773/735/3184
f 3773/735/3184 3695/884/3102 3697/910/3104
f 3770/736/3181 3771/733/3182 3774/730/3185
f 3773/735/3184 3770/736/3181 3774/730/3185
f 3695/884/3102 3773/735/3184 3775/914/3186
f 3774/730/3185 3775/914/3186 3773/735/3184
f 3775/914/3186 3693/864/3099 3695/884/3102
f 3776/744/3187 3774/730/3185 3771/733/3182
f 3771/733/3182 3772/744/3183 3776/744/3187
f 3775/914/3186 3774/730/3185 3777/864/3188
f 3774/730/3185 3776/744/3187 3777/864/3188
f 3693/864/3099 3775/914/3186 3778/744/3189
f 3777/864/3188 3778/744/3189 3775/914/3186
f 3778/744/3189 3691/883/3097 3693/864/3099
f 3779/883/3190 3777/864/3188 3776/744/3187
f 3691/883/3097 3778/744/3189 3780/746/3191
f 3780/746/3191 3689/785/3094 3691/883/3097
f 3778/744/3189 3777/864/3188 3781/743/3192
f 3781/743/3192 3780/746/3191 3778/744/3189
f 3777/864/3188 3779/883/3190 3781/743/3192
f 3689/785/3094 3780/746/3191 3782/747/3193
f 3782/747/3193 3687/749/3091 3689/785/3094
f 3780/746/3191 3781/743/3192 3783/769/3194
f 3783/769/3194 3782/747/3193 3780/746/3191
f 3784/785/3195 3781/743/3192 3779/883/3190
f 3781/743/3192 3784/785/3195 3783/769/3194
f 3776/744/3187 3785/883/3196 3779/883/3190
f 3784/785/3195 3779/883/3190 3785/883/3196
f 3785/883/3196 3776/744/3187 3772/744/3183
f 3772/744/3183 2215/746/1757 3785/883/3196
f 3786/785/3197 3785/883/3196 2215/746/1757
f 3784/785/3195 3785/883/3196 3786/785/3197
f 3786/785/3197 2215/746/1757 2218/747/1760
f 3787/750/3198 3784/785/3195 3786/785/3197
f 3787/750/3198 3783/769/3194 3784/785/3195
f 3788/750/3199 3786/785/3197 2218/747/1760
f 3787/750/3198 3786/785/3197 3788/750/3199
f 3788/750/3199 2218/747/1760 2221/750/1763
f 3783/769/3194 3787/750/3198 3789/766/3200
f 3782/747/3193 3783/769/3194 3789/766/3200
f 3790/752/3201 3787/750/3198 3788/750/3199
f 3790/752/3201 3789/766/3200 3787/750/3198
f 3791/752/3202 3788/750/3199 2221/750/1763
f 3790/752/3201 3788/750/3199 3791/752/3202
f 3791/752/3202 2221/750/1763 2224/752/1766
f 3789/766/3200 3792/765/3203 3782/747/3193
f 3687/749/3091 3782/747/3193 3792/765/3203
f 3792/765/3203 3685/751/3089 3687/749/3091
f 3789/766/3200 3790/752/3201 3793/765/3204
f 3792/765/3203 3789/766/3200 3793/765/3204
f 3685/751/3089 3792/765/3203 3794/768/3205
f 3793/765/3204 3794/768/3205 3792/765/3203
f 3794/768/3205 3683/767/3087 3685/751/3089
f 3795/783/3206 3793/765/3204 3790/752/3201
f 3795/783/3206 3790/752/3201 3791/752/3202
f 3794/768/3205 3793/765/3204 3796/783/3207
f 3793/765/3204 3795/783/3206 3796/783/3207
f 3683/767/3087 3794/768/3205 3797/781/3208
f 3796/783/3207 3797/781/3208 3794/768/3205
f 3797/781/3208 3681/772/3085 3683/767/3087
f 3795/783/3206 3791/752/3202 3798/783/3209
f 3798/783/3209 3791/752/3202 2224/752/1766
f 3798/783/3209 2224/752/1766 2227/753/1769
f 3681/772/3085 3797/781/3208 3799/772/3210
f 3799/772/3210 3679/778/1103 3681/772/3085
f 3800/754/3211 3798/783/3209 2227/753/1769
f 3800/754/3211 2227/753/1769 2231/754/1773
f 3801/754/3212 3795/783/3206 3798/783/3209
f 3801/754/3212 3798/783/3209 3800/754/3211
f 3801/754/3212 3796/783/3207 3795/783/3206
f 3802/755/3213 3800/754/3211 2231/754/1773
f 3802/755/3213 2231/754/1773 2232/755/1774
f 3543/756/2944 3802/755/3213 2232/755/1774
f 3803/755/3214 3801/754/3212 3800/754/3211
f 3803/755/3214 3800/754/3211 3802/755/3213
f 3796/783/3207 3801/754/3212 3804/781/3215
f 3803/755/3214 3804/781/3215 3801/754/3212
f 3797/781/3208 3796/783/3207 3804/781/3215
f 3804/781/3215 3799/772/3210 3797/781/3208
f 3805/756/3216 3803/755/3214 3802/755/3213
f 3805/756/3216 3802/755/3213 3543/756/2944
f 3804/781/3215 3803/755/3214 3806/755/3217
f 3799/772/3210 3804/781/3215 3806/755/3217
f 3805/756/3216 3806/755/3217 3803/755/3214
f 3806/755/3217 3807/778/3218 3799/772/3210
f 3679/778/1103 3799/772/3210 3807/778/3218
f 3807/778/3218 3676/757/3080 3679/778/1103
f 3806/755/3217 3805/756/3216 3808/778/3219
f 3807/778/3218 3806/755/3217 3808/778/3219
f 3676/757/3080 3807/778/3218 3809/757/3220
f 3808/778/3219 3809/757/3220 3807/778/3218
f 3809/757/3220 3674/759/1095 3676/757/3080
f 3810/757/3221 3808/778/3219 3805/756/3216
f 3810/757/3221 3805/756/3216 3543/756/2944
f 3810/757/3221 3543/756/2944 3542/757/2943
f 3548/759/2949 3810/757/3221 3542/757/2943
f 3808/778/3219 3810/757/3221 3811/757/3222
f 3548/759/2949 3811/757/3222 3810/757/3221
f 3809/757/3220 3808/778/3219 3811/757/3222
f 3674/759/1095 3809/757/3220 3812/759/3223
f 3811/757/3222 3812/759/3223 3809/757/3220
f 3812/759/3223 3672/796/1094 3674/759/1095
f 3811/757/3222 3548/759/2949 3813/759/3224
f 3812/759/3223 3811/757/3222 3813/759/3224
f 3672/796/1094 3812/759/3223 3814/796/3225
f 3813/759/3224 3814/796/3225 3812/759/3223
f 3671/844/3076 3672/796/1094 3814/796/3225
f 3548/759/2949 3815/796/3226 3813/759/3224
f 3814/796/3225 3813/759/3224 3815/796/3226
f 3815/796/3226 3548/759/2949 3545/796/2946
f 3547/814/2948 3815/796/3226 3545/796/2946
f 3671/844/3076 3814/796/3225 3816/814/3227
f 3815/796/3226 3816/814/3227 3814/796/3225
f 3815/796/3226 3547/814/2948 3816/814/3227
f 3816/814/3227 3661/817/3063 3671/844/3076
f 3547/814/2948 3661/817/3063 3816/814/3227
f 3817/915/1476 3818/916/3228 3819/917/3229
f 3820/918/1471 3819/917/3229 3821/919/3230
f 3819/917/3229 3822/920/1473 3817/915/1476
f 3822/920/1473 3819/917/3229 3820/918/1471
f 3822/920/1473 3823/921/3231 3817/915/1476
f 3824/922/3232 3822/920/1473 3820/918/1471
f 3823/921/3231 3822/920/1473 3825/923/1482
f 3825/923/1482 3822/920/1473 3824/922/3232
f 3825/923/1482 3826/924/3233 3823/921/3231
f 3827/925/3234 3825/923/1482 3824/922/3232
f 3826/924/3233 3825/923/1482 3828/926/1099
f 3828/926/1099 3825/923/1482 3827/925/3234
f 3829/760/3235 3830/761/3236 3831/761/3237
f 3831/761/3237 3832/927/3238 3829/760/3235
f 3833/760/3239 3829/760/3235 3832/927/3238
f 3834/760/3240 3833/760/3239 3832/927/3238
f 3832/927/3238 3831/761/3237 3835/763/3241
f 3836/845/3242 3834/760/3240 3832/927/3238
f 3835/763/3241 3831/761/3237 3837/763/3243
f 3834/760/3240 3836/845/3242 3838/796/3244
f 3837/763/3243 3839/763/3245 3835/763/3241
f 3838/796/3244 3836/845/3242 3840/796/3246
f 3839/763/3245 3837/763/3243 3841/761/3247
f 3840/796/3246 3836/845/3242 3842/845/3248
f 3841/761/3247 3843/761/3249 3839/763/3245
f 3844/796/3250 3840/796/3246 3842/845/3248
f 3845/763/3251 3839/763/3245 3843/761/3249
f 3844/796/3250 3842/845/3248 3846/796/3252
f 3847/761/3253 3845/763/3251 3843/761/3249
f 3846/796/3252 3842/845/3248 3848/815/3254
f 3847/761/3253 3849/760/3255 3845/763/3251
f 3848/815/3254 3842/845/3248 3850/816/3256
f 3845/763/3251 3849/760/3255 3851/927/3257
f 3848/815/3254 3850/816/3256 3852/815/3258
f 3849/760/3255 3853/760/3259 3851/927/3257
f 3852/815/3258 3850/816/3256 3854/816/3260
f 3853/760/3259 3855/760/3261 3851/927/3257
f 3856/816/3262 3854/816/3260 3850/816/3256
f 3857/845/3263 3851/927/3257 3855/760/3261
f 3854/816/3260 3856/816/3262 3858/815/3264
f 3859/845/3265 3857/845/3263 3855/760/3261
f 3860/815/3266 3858/815/3264 3856/816/3262
f 3859/845/3265 3861/796/3267 3857/845/3263
f 3862/816/3268 3860/815/3266 3856/816/3262
f 3857/845/3263 3861/796/3267 3863/845/3269
f 3864/815/3270 3860/815/3266 3862/816/3268
f 3861/796/3267 3865/796/3271 3863/845/3269
f 3864/815/3270 3862/816/3268 3866/815/3272
f 3865/796/3271 3866/815/3272 3863/845/3269
f 3862/816/3268 3863/845/3269 3866/815/3272
f 2063/696/3273 3867/696/3273 2065/696/3273
f 1862/695/1432 3867/696/3274 2063/696/1623
f 2078/696/1634 2065/696/1623 3867/696/3274
f 3867/696/3274 1862/695/1432 3868/695/1432
f 3868/695/1432 2078/696/1634 3867/696/3274
f 1862/695/1432 1784/696/1432 3868/695/1432
f 2078/696/1634 3868/695/1432 3869/696/3275
f 1784/696/1432 3869/696/3275 3868/695/1432
f 3869/696/3275 2079/696/1635 2078/696/1634
f 2079/696/1635 3869/696/3275 3870/696/3276
f 3871/696/3277 3870/696/3276 3869/696/3275
f 3869/696/3275 1784/696/1432 3871/696/3277
f 3870/696/3276 3871/696/3277 3872/696/627
f 1784/696/1432 3873/696/3278 3871/696/3277
f 3873/696/3278 3872/696/627 3871/696/3277
f 3873/696/3278 1784/696/1432 1781/696/1429
f 1777/697/1422 3873/696/3278 1781/696/1429
f 3872/696/627 3873/696/3278 3874/697/3279
f 3873/696/3278 1777/697/1422 3874/697/3279
f 3874/697/3279 2089/697/1644 3872/696/627
f 1777/697/1422 2088/697/1643 3874/697/3279
f 2089/697/1644 3874/697/3279 2088/697/1643
f 3875/743/3280 2219/748/3280 2213/745/3280
f 2210/732/1752 3875/743/3281 2213/745/1755
f 3875/743/3281 2280/746/1346 2219/748/1761
f 3876/732/3282 3875/743/3281 2210/732/1752
f 2207/733/1749 3876/732/3282 2210/732/1752
f 2280/746/1346 3875/743/3281 3877/743/1995
f 3876/732/3282 3877/743/1995 3875/743/3281
f 3878/713/1816 2280/746/1346 3877/743/1995
f 2280/746/1346 3878/713/1816 2287/769/1816
f 3877/743/1995 3876/732/3282 3879/732/1995
f 3879/732/1995 3878/713/1816 3877/743/1995
f 3880/733/3283 3876/732/3282 2207/733/1749
f 2206/735/1748 3880/733/3283 2207/733/1749
f 3876/732/3282 3881/733/1698 3879/732/1995
f 3876/732/3282 3880/733/3283 3881/733/1698
f 3882/735/3284 3880/733/3283 2206/735/1748
f 2203/737/1745 3882/735/3284 2206/735/1748
f 3880/733/3283 3883/735/1698 3881/733/1698
f 3880/733/3283 3882/735/3284 3883/735/1698
f 3884/737/3285 3882/735/3284 2203/737/1745
f 2200/738/1742 3884/737/3285 2203/737/1745
f 3882/735/3284 3885/736/1995 3883/735/1698
f 3882/735/3284 3884/737/3285 3885/736/1995
f 3886/738/3286 3884/737/3285 2200/738/1742
f 2197/739/1739 3886/738/3286 2200/738/1742
f 3884/737/3285 3886/738/3286 3887/738/1995
f 3884/737/3285 3887/738/1995 3885/736/1995
f 3886/738/3286 2197/739/1739 3888/739/3287
f 3888/739/3287 3887/738/1995 3886/738/3286
f 2194/740/1736 3888/739/3287 2197/739/1739
f 3888/739/3287 2194/740/1736 2508/739/2001
f 2508/739/2001 3889/739/3288 3888/739/3287
f 3889/739/3288 3887/738/1995 3888/739/3287
f 2501/792/1698 3889/739/3288 2508/739/2001
f 2501/792/1698 2446/737/1950 3889/739/3288
f 3889/739/3288 3890/736/3289 3887/738/1995
f 3890/736/3289 3889/739/3288 2446/737/1950
f 3890/736/3289 3885/736/1995 3887/738/1995
f 2446/737/1950 2437/736/1943 3890/736/3289
f 3885/736/1995 3890/736/3289 3891/735/3290
f 2437/736/1943 3891/735/3290 3890/736/3289
f 3891/735/3290 3883/735/1698 3885/736/1995
f 3891/735/3290 2437/736/1943 2435/730/1941
f 2435/730/1941 2433/733/1940 3891/735/3290
f 3883/735/1698 3891/735/3290 3892/730/3291
f 3892/730/3291 3891/735/3290 2433/733/1940
f 3892/730/3291 3881/733/1698 3883/735/1698
f 2433/733/1940 3893/732/3292 3892/730/3291
f 2433/733/1940 2426/732/1937 3893/732/3292
f 2426/732/1937 2425/643/1936 3893/732/3292
f 3881/733/1698 3892/730/3291 3894/731/3293
f 3894/731/3293 3892/730/3291 3893/732/3292
f 3894/731/3293 3879/732/1995 3881/733/1698
f 3893/732/3292 2425/643/1936 3895/644/3294
f 3893/732/3292 3895/644/3294 3894/731/3293
f 3895/644/3294 2425/643/1936 2422/712/1933
f 3879/732/1995 3894/731/3293 3896/644/3295
f 3896/644/3295 3894/731/3293 3895/644/3294
f 3896/644/3295 3895/644/3294 2422/712/1933
f 3878/713/1816 3879/732/1995 3896/644/3295
f 3897/643/3296 3896/644/3295 2422/712/1933
f 3878/713/1816 3896/644/3295 3897/643/3296
f 2422/712/1933 3898/713/3297 3897/643/3296
f 3898/713/3297 2422/712/1933 2415/788/1926
f 2415/788/1926 2376/721/1896 3898/713/3297
f 3878/713/1816 3897/643/3296 3899/713/3298
f 3898/713/3297 3899/713/3298 3897/643/3296
f 3899/713/3298 2287/769/1816 3878/713/1816
f 2287/769/1816 3899/713/3298 2289/770/1821
f 3899/713/3298 2357/785/1883 2289/770/1821
f 3898/713/3297 2376/721/1896 3900/713/3299
f 3899/713/3298 3898/713/3297 3900/713/3299
f 2376/721/1896 2357/785/1883 3900/713/3299
f 2357/785/1883 3899/713/3298 3900/713/3299
f 3901/739/3300 2172/738/1714 3744/740/3153
f 2169/737/1711 2172/738/1714 3901/739/3300
f 3743/740/3152 3901/739/3300 3744/740/3153
f 3902/738/3301 2169/737/1711 3901/739/3300
f 2165/736/1707 2169/737/1711 3902/738/3301
f 3901/739/3300 3743/740/3152 3903/739/3302
f 3903/739/3302 3902/738/3301 3901/739/3300
f 3904/736/3303 2165/736/1707 3902/738/3301
f 2163/730/1705 2165/736/1707 3904/736/3303
f 3902/738/3301 3903/739/3302 3905/738/3304
f 3905/738/3304 3904/736/3303 3902/738/3301
f 3743/740/3152 3906/741/3305 3903/739/3302
f 3906/741/3305 3743/740/3152 3739/913/3148
f 3723/852/3130 3906/741/3305 3739/913/3148
f 3907/739/3306 3903/739/3302 3906/741/3305
f 3903/739/3302 3907/739/3306 3905/738/3304
f 3906/741/3305 3723/852/3130 3908/911/3307
f 3908/911/3307 3907/739/3306 3906/741/3305
f 3720/912/3127 3908/911/3307 3723/852/3130
f 3908/911/3307 3720/912/3127 3722/852/3129
f 3907/739/3306 3908/911/3307 3909/741/3308
f 3722/852/3129 3909/741/3308 3908/911/3307
f 3910/738/3309 3905/738/3304 3907/739/3306
f 3909/741/3308 3910/738/3309 3907/739/3306
f 3909/741/3308 3722/852/3129 3911/911/3310
f 3722/852/3129 3721/852/3128 3911/911/3310
f 3910/738/3309 3909/741/3308 3912/739/3311
f 3911/911/3310 3912/739/3311 3909/741/3308
f 3913/740/3312 3911/911/3310 3721/852/3128
f 3912/739/3311 3911/911/3310 3913/740/3312
f 3913/740/3312 3721/852/3128 3724/741/3131
f 3912/739/3311 3914/736/3313 3910/738/3309
f 3915/738/3314 3913/740/3312 3724/741/3131
f 3915/738/3314 3724/741/3131 3726/792/3134
f 3913/740/3312 3916/737/3315 3912/739/3311
f 3916/737/3315 3913/740/3312 3915/738/3314
f 3914/736/3313 3912/739/3311 3916/737/3315
f 3728/737/3136 3915/738/3314 3726/792/3134
f 3914/736/3313 3917/737/3316 3910/738/3309
f 3905/738/3304 3910/738/3309 3917/737/3316
f 3904/736/3303 3905/738/3304 3917/737/3316
f 3915/738/3314 3728/737/3136 3918/736/2215
f 3730/730/3138 3918/736/2215 3728/737/3136
f 3917/737/3316 3919/730/3317 3904/736/3303
f 3919/730/3317 2163/730/1705 3904/736/3303
f 2160/731/1702 2163/730/1705 3919/730/3317
f 3919/730/3317 3917/737/3316 3920/735/3318
f 3917/737/3316 3914/736/3313 3920/735/3318
f 3921/731/3319 2160/731/1702 3919/730/3317
f 3920/735/3318 3921/731/3319 3919/730/3317
f 1162/644/1028 2160/731/1702 3921/731/3319
f 3922/730/3320 3920/735/3318 3914/736/3313
f 3916/737/3315 3922/730/3320 3914/736/3313
f 3921/731/3319 3920/735/3318 3923/733/3321
f 3920/735/3318 3922/730/3320 3923/733/3321
f 3924/644/3322 1162/644/1028 3921/731/3319
f 3924/644/3322 3921/731/3319 3923/733/3321
f 1159/642/1025 1162/644/1028 3924/644/3322
f 3922/730/3320 3916/737/3315 3925/735/3323
f 3915/738/3314 3925/735/3323 3916/737/3315
f 3925/735/3323 3915/738/3314 3918/736/2215
f 3925/735/3323 3926/732/3324 3922/730/3320
f 3926/732/3324 3923/733/3321 3922/730/3320
f 3918/736/2215 3927/731/3325 3925/735/3323
f 3926/732/3324 3925/735/3323 3927/731/3325
f 3923/733/3321 3926/732/3324 3928/644/3326
f 3924/644/3322 3923/733/3321 3928/644/3326
f 3927/731/3325 3929/643/3327 3926/732/3324
f 3929/643/3327 3928/644/3326 3926/732/3324
f 3927/731/3325 3918/736/2215 3930/730/3328
f 3918/736/2215 3730/730/3138 3930/730/3328
f 3929/643/3327 3927/731/3325 3931/928/3329
f 3930/730/3328 3931/928/3329 3927/731/3325
f 3928/644/3326 3929/643/3327 3932/713/3330
f 3933/713/3331 3924/644/3322 3928/644/3326
f 3933/713/3331 3928/644/3326 3932/713/3330
f 3933/713/3331 1159/642/1025 3924/644/3322
f 3934/929/3332 3932/713/3330 3929/643/3327
f 3931/928/3329 3934/929/3332 3929/643/3327
f 3935/869/3333 3933/713/3331 3932/713/3330
f 3932/713/3330 3934/929/3332 3935/869/3333
f 3936/869/3334 1159/642/1025 3933/713/3331
f 3933/713/3331 3935/869/3333 3936/869/3334
f 1159/642/1025 3936/869/3334 1156/641/3335
f 3937/854/3336 3935/869/3333 3934/929/3332
f 3938/640/3337 1156/641/3335 3936/869/3334
f 1156/641/3335 3938/640/3337 1153/640/3338
f 3939/640/3339 3936/869/3334 3935/869/3333
f 3936/869/3334 3939/640/3339 3938/640/3337
f 3935/869/3333 3937/854/3336 3939/640/3339
f 3940/637/3340 1153/640/3338 3938/640/3337
f 1153/640/3338 3940/637/3340 1146/637/3341
f 3941/637/3342 3938/640/3337 3939/640/3339
f 3938/640/3337 3941/637/3342 3940/637/3340
f 3942/930/3343 1146/637/3341 3940/637/3340
f 1146/637/3341 3942/930/3343 1143/636/3344
f 3943/930/3345 3940/637/3340 3941/637/3342
f 3940/637/3340 3943/930/3345 3942/930/3343
f 3939/640/3339 3944/645/3346 3941/637/3342
f 3944/645/3346 3939/640/3339 3937/854/3336
f 3941/637/3342 3945/930/3347 3943/930/3345
f 3945/930/3347 3941/637/3342 3944/645/3346
f 3946/634/3348 3942/930/3343 3943/930/3345
f 3947/634/3349 1143/636/3344 3942/930/3343
f 3942/930/3343 3946/634/3348 3947/634/3349
f 1143/636/3344 3947/634/3349 1140/634/3350
f 3943/930/3345 3948/931/3351 3946/634/3348
f 3948/931/3351 3943/930/3345 3945/930/3347
f 3949/633/3352 1140/634/3350 3947/634/3349
f 1140/634/3350 3949/633/3352 1137/633/3353
f 3950/633/3354 3947/634/3349 3946/634/3348
f 3947/634/3349 3950/633/3354 3949/633/3352
f 3951/633/3355 3946/634/3348 3948/931/3351
f 3946/634/3348 3951/633/3355 3950/633/3354
f 3952/632/3356 1137/633/3353 3949/633/3352
f 1137/633/3353 3952/632/3356 1133/632/3357
f 3953/632/3358 3949/633/3352 3950/633/3354
f 3949/633/3352 3953/632/3358 3952/632/3356
f 3954/631/3359 1133/632/3357 3952/632/3356
f 1133/632/3357 3954/631/3359 1130/631/996
f 3955/631/3360 3952/632/3356 3953/632/3358
f 3952/632/3356 3955/631/3360 3954/631/3359
f 3950/633/3354 3956/652/3361 3953/632/3358
f 3956/652/3361 3950/633/3354 3951/633/3355
f 3953/632/3358 3957/631/3362 3955/631/3360
f 3957/631/3362 3953/632/3358 3956/652/3361
f 3958/630/3363 3954/631/3359 3955/631/3360
f 3959/630/3364 1130/631/996 3954/631/3359
f 3954/631/3359 3958/630/3363 3959/630/3364
f 1130/631/996 3959/630/3364 1125/630/991
f 3955/631/3360 3960/630/3365 3958/630/3363
f 3960/630/3365 3955/631/3360 3957/631/3362
f 3961/629/3366 1125/630/991 3959/630/3364
f 1125/630/991 3961/629/3366 1124/629/990
f 1124/629/990 3961/629/3366 1120/628/986
f 3962/629/3367 3959/630/3364 3958/630/3363
f 3959/630/3364 3962/629/3367 3961/629/3366
f 1120/628/986 3961/629/3366 3963/628/3368
f 3963/628/3368 3961/629/3366 3962/629/3367
f 1120/628/986 3963/628/3368 1117/627/983
f 3958/630/3363 3964/629/3369 3962/629/3367
f 3964/629/3369 3958/630/3363 3960/630/3365
f 3963/628/3368 3962/629/3367 3965/628/3370
f 3964/629/3369 3965/628/3370 3962/629/3367
f 1117/627/983 3963/628/3368 3966/627/3371
f 3966/627/3371 3963/628/3368 3965/628/3370
f 1117/627/983 3966/627/3371 1114/584/3372
f 1114/584/3372 3966/627/3371 3967/658/3373
f 1114/584/3372 3967/658/3373 1112/626/3374
f 3966/627/3371 3965/628/3370 3968/627/3375
f 3967/658/3373 3966/627/3371 3968/627/3375
f 1112/626/3374 3967/658/3373 3969/626/3376
f 1112/626/3374 3969/626/3376 1108/624/3377
f 3967/658/3373 3968/627/3375 3970/658/3378
f 3969/626/3376 3967/658/3373 3970/658/3378
f 3971/628/3379 3968/627/3375 3965/628/3370
f 3964/629/3369 3971/628/3379 3965/628/3370
f 1108/624/3377 3969/626/3376 3972/932/3380
f 1108/624/3377 3972/932/3380 1105/623/3381
f 3972/932/3380 3969/626/3376 3973/626/3382
f 3969/626/3376 3970/658/3378 3973/626/3382
f 1105/623/3381 3972/932/3380 3974/623/3383
f 1105/623/3381 3974/623/3383 1100/620/3384
f 3972/932/3380 3973/626/3382 3975/932/3385
f 3974/623/3383 3972/932/3380 3975/932/3385
f 1100/620/3384 3974/623/3383 3976/620/3386
f 1100/620/3384 3976/620/3386 1097/619/3387
f 3975/932/3385 3977/623/3388 3974/623/3383
f 3976/620/3386 3974/623/3383 3977/623/3388
f 1097/619/3387 3976/620/3386 3978/619/3389
f 1097/619/3387 3978/619/3389 1094/618/3390
f 3977/623/3388 3979/620/3391 3976/620/3386
f 3978/619/3389 3976/620/3386 3979/620/3391
f 1094/618/3390 3978/619/3389 3980/618/3392
f 1094/618/3390 3980/618/3392 1091/599/957
f 1091/599/957 3980/618/3392 3607/600/3010
f 3980/618/3392 3978/619/3389 3981/619/3393
f 3979/620/3391 3981/619/3393 3978/619/3389
f 3607/600/3010 3980/618/3392 3982/618/3394
f 3981/619/3393 3982/618/3394 3980/618/3392
f 3982/618/3394 3983/600/3395 3607/600/3010
f 3611/594/3014 3607/600/3010 3983/600/3395
f 3982/618/3394 3981/619/3393 3984/856/3396
f 3611/594/3014 3983/600/3395 3985/601/3397
f 3983/600/3395 3982/618/3394 3986/933/3398
f 3983/600/3395 3986/933/3398 3985/601/3397
f 3984/856/3396 3986/933/3398 3982/618/3394
f 3611/594/3014 3985/601/3397 3613/617/3016
f 3987/663/3399 3984/856/3396 3981/619/3393
f 3981/619/3393 3979/620/3391 3987/663/3399
f 3986/933/3398 3984/856/3396 3988/934/3400
f 3989/662/3401 3987/663/3399 3979/620/3391
f 3979/620/3391 3977/623/3388 3989/662/3401
f 3984/856/3396 3987/663/3399 3990/621/3402
f 3984/856/3396 3990/621/3402 3988/934/3400
f 3987/663/3399 3989/662/3401 3991/622/3403
f 3990/621/3402 3987/663/3399 3991/622/3403
f 3992/932/3404 3989/662/3401 3977/623/3388
f 3977/623/3388 3975/932/3385 3992/932/3404
f 3991/622/3403 3989/662/3401 3993/662/3405
f 3989/662/3401 3992/932/3404 3993/662/3405
f 3994/855/3406 3992/932/3404 3975/932/3385
f 3975/932/3385 3973/626/3382 3994/855/3406
f 3993/662/3405 3992/932/3404 3995/661/3407
f 3994/855/3406 3995/661/3407 3992/932/3404
f 3996/658/3408 3994/855/3406 3973/626/3382
f 3973/626/3382 3970/658/3378 3996/658/3408
f 3995/661/3407 3994/855/3406 3997/855/3409
f 3996/658/3408 3997/855/3409 3994/855/3406
f 3998/627/3410 3996/658/3408 3970/658/3378
f 3998/627/3410 3970/658/3378 3968/627/3375
f 3971/628/3379 3998/627/3410 3968/627/3375
f 3998/627/3410 3999/658/3411 3996/658/3408
f 3997/855/3409 3996/658/3408 3999/658/3411
f 3971/628/3379 4000/627/3412 3998/627/3410
f 3999/658/3411 3998/627/3410 4000/627/3412
f 4000/627/3412 3971/628/3379 4001/887/3413
f 3964/629/3369 4001/887/3413 3971/628/3379
f 3999/658/3411 4000/627/3412 4002/656/3414
f 3997/855/3409 3999/658/3411 4003/660/3415
f 4003/660/3415 3999/658/3411 4002/656/3414
f 4004/706/3416 4002/656/3414 4000/627/3412
f 4000/627/3412 4001/887/3413 4004/706/3416
f 4005/656/3417 4003/660/3415 4002/656/3414
f 4004/706/3416 4005/656/3417 4002/656/3414
f 4006/661/1827 3997/855/3409 4003/660/3415
f 3995/661/3407 3997/855/3409 4006/661/1827
f 4005/656/3417 4007/660/3418 4003/660/3415
f 4006/661/1827 4003/660/3415 4007/660/3418
f 4008/666/3419 3995/661/3407 4006/661/1827
f 3993/662/3405 3995/661/3407 4008/666/3419
f 4007/660/3418 4009/625/3420 4006/661/1827
f 4008/666/3419 4006/661/1827 4009/625/3420
f 4007/660/3418 4005/656/3417 3319/656/3421
f 4007/660/3418 3319/656/3421 3320/660/644
f 3320/660/644 4009/625/3420 4007/660/3418
f 4005/656/3417 3318/706/1844 3319/656/3421
f 4009/625/3420 3320/660/644 3321/625/3422
f 4005/656/3417 4010/706/3423 3318/706/1844
f 4005/656/3417 4004/706/3416 4010/706/3423
f 4010/706/3423 3317/887/1847 3318/706/1844
f 4011/666/3424 4009/625/3420 3321/625/3422
f 4009/625/3420 4011/666/3424 4008/666/3419
f 4011/666/3424 3321/625/3422 3322/666/2075
f 4010/706/3423 4012/887/3425 3317/887/1847
f 4012/887/3425 4010/706/3423 4004/706/3416
f 4012/887/3425 3316/629/590 3317/887/1847
f 4013/619/3426 4011/666/3424 3322/666/2075
f 4013/619/3426 4008/666/3419 4011/666/3424
f 4013/619/3426 3322/666/2075 3323/619/3427
f 4012/887/3425 4014/629/3428 3316/629/590
f 4014/629/3428 3315/630/2096 3316/629/590
f 4012/887/3425 4004/706/3416 4015/887/3429
f 4014/629/3428 4012/887/3425 4015/887/3429
f 4015/887/3429 4004/706/3416 4001/887/3413
f 4014/629/3428 4016/630/3430 3315/630/2096
f 4016/630/3430 3314/727/2061 3315/630/2096
f 4014/629/3428 4015/887/3429 4017/629/3431
f 4001/887/3413 4018/629/3432 4015/887/3429
f 4017/629/3431 4015/887/3429 4018/629/3432
f 4001/887/3413 3964/629/3369 4018/629/3432
f 4019/630/3433 4014/629/3428 4017/629/3431
f 4018/629/3432 4019/630/3433 4017/629/3431
f 4014/629/3428 4019/630/3433 4016/630/3430
f 3964/629/3369 4020/630/3434 4018/629/3432
f 4019/630/3433 4018/629/3432 4020/630/3434
f 4020/630/3434 3964/629/3369 3960/630/3365
f 4021/631/3435 4016/630/3430 4019/630/3433
f 4020/630/3434 4021/631/3435 4019/630/3433
f 3960/630/3365 4022/631/3436 4020/630/3434
f 4021/631/3435 4020/630/3434 4022/631/3436
f 4022/631/3436 3960/630/3365 3957/631/3362
f 4016/630/3430 4021/631/3435 4023/727/3437
f 4016/630/3430 4023/727/3437 3314/727/2061
f 4023/727/3437 3313/651/3438 3314/727/2061
f 4022/631/3436 4024/652/3439 4021/631/3435
f 4024/652/3439 4023/727/3437 4021/631/3435
f 3957/631/3362 4025/652/3440 4022/631/3436
f 4024/652/3439 4022/631/3436 4025/652/3440
f 4025/652/3440 3957/631/3362 3956/652/3361
f 4023/727/3437 4024/652/3439 4026/651/3441
f 4023/727/3437 4026/651/3441 3313/651/3438
f 3956/652/3361 4027/870/3442 4025/652/3440
f 4027/870/3442 3956/652/3361 3951/633/3355
f 4028/870/3443 3313/651/3438 4026/651/3441
f 4028/870/3443 4026/651/3441 4024/652/3439
f 3313/651/3438 4028/870/3443 3312/870/638
f 4025/652/3440 4029/870/3444 4024/652/3439
f 4028/870/3443 4024/652/3439 4029/870/3444
f 4029/870/3444 4025/652/3440 4027/870/3442
f 4030/647/3445 3312/870/638 4028/870/3443
f 4029/870/3444 4030/647/3445 4028/870/3443
f 3312/870/638 4030/647/3445 3311/647/3446
f 4027/870/3442 4031/647/3447 4029/870/3444
f 4030/647/3445 4029/870/3444 4031/647/3447
f 4032/638/3448 3311/647/3446 4030/647/3445
f 4031/647/3447 4032/638/3448 4030/647/3445
f 3311/647/3446 4032/638/3448 3310/638/1921
f 4031/647/3447 4027/870/3442 4033/931/3449
f 3951/633/3355 4033/931/3449 4027/870/3442
f 4033/931/3449 3951/633/3355 3948/931/3351
f 4033/931/3449 4034/638/3450 4031/647/3447
f 4032/638/3448 4031/647/3447 4034/638/3450
f 3948/931/3351 4035/646/3451 4033/931/3449
f 4034/638/3450 4033/931/3449 4035/646/3451
f 4035/646/3451 3948/931/3351 3945/930/3347
f 4036/639/3452 4032/638/3448 4034/638/3450
f 4035/646/3451 4036/639/3452 4034/638/3450
f 3945/930/3347 4037/645/3453 4035/646/3451
f 4036/639/3452 4035/646/3451 4037/645/3453
f 4037/645/3453 3945/930/3347 3944/645/3346
f 4032/638/3448 4036/639/3452 4038/640/3454
f 4038/640/3454 3310/638/1921 4032/638/3448
f 3310/638/1921 4038/640/3454 3309/640/3455
f 4037/645/3453 4039/869/3456 4036/639/3452
f 4039/869/3456 4038/640/3454 4036/639/3452
f 3944/645/3346 4040/641/3457 4037/645/3453
f 4039/869/3456 4037/645/3453 4040/641/3457
f 4040/641/3457 3944/645/3346 3937/854/3336
f 4041/869/3458 3309/640/3455 4038/640/3454
f 4038/640/3454 4039/869/3456 4041/869/3458
f 3309/640/3455 4041/869/3458 3308/869/662
f 4042/886/3459 3308/869/662 4041/869/3458
f 4039/869/3456 4042/886/3459 4041/869/3458
f 3308/869/662 4042/886/3459 3307/886/3460
f 4040/641/3457 4043/886/3461 4039/869/3456
f 4042/886/3459 4039/869/3456 4043/886/3461
f 3937/854/3336 4044/935/3462 4040/641/3457
f 4043/886/3461 4040/641/3457 4044/935/3462
f 4044/935/3462 3937/854/3336 3934/929/3332
f 3934/929/3332 3931/928/3329 4044/935/3462
f 4045/868/3463 4044/935/3462 3931/928/3329
f 4044/935/3462 4045/868/3463 4043/886/3461
f 3931/928/3329 3930/730/3328 4045/868/3463
f 4043/886/3461 4046/868/3464 4042/886/3459
f 4046/868/3464 4043/886/3461 4045/868/3463
f 3930/730/3328 4046/868/3464 4045/868/3463
f 4046/868/3464 3307/886/3460 4042/886/3459
f 4046/868/3464 3930/730/3328 3730/730/3138
f 3307/886/3460 4046/868/3464 3306/868/2063
f 4046/868/3464 3730/730/3138 3305/730/3139
f 3305/730/3139 3306/868/2063 4046/868/3464
f 4047/619/3465 3993/662/3405 4008/666/3419
f 3993/662/3405 4047/619/3465 3991/622/3403
f 4008/666/3419 4013/619/3426 4047/619/3465
f 4048/618/3466 3991/622/3403 4047/619/3465
f 4048/618/3466 4047/619/3465 4013/619/3426
f 3991/622/3403 4048/618/3466 3990/621/3402
f 4013/619/3426 4049/618/3467 4048/618/3466
f 4049/618/3467 4013/619/3426 3323/619/3427
f 4049/618/3467 3323/619/3427 3324/618/3468
f 4050/888/3469 3990/621/3402 4048/618/3466
f 4050/888/3469 4048/618/3466 4049/618/3467
f 3990/621/3402 4050/888/3469 3988/934/3400
f 4051/888/3470 4049/618/3467 3324/618/3468
f 4049/618/3467 4051/888/3470 4050/888/3469
f 4051/888/3470 3324/618/3468 3325/888/3471
f 4052/871/3472 4051/888/3470 3325/888/3471
f 4052/871/3472 4050/888/3469 4051/888/3470
f 4052/871/3472 3325/888/3471 3326/871/2074
f 4053/871/3473 3988/934/3400 4050/888/3469
f 4050/888/3469 4052/871/3472 4053/871/3473
f 3988/934/3400 4053/871/3473 4054/936/3474
f 3986/933/3398 3988/934/3400 4054/936/3474
f 3985/601/3397 3986/933/3398 4054/936/3474
f 4055/603/3475 4053/871/3473 4052/871/3472
f 4055/603/3475 4054/936/3474 4053/871/3473
f 3326/871/2074 4056/603/3476 4052/871/3472
f 4052/871/3472 4056/603/3476 4055/603/3475
f 4056/603/3476 3326/871/2074 3327/603/3477
f 3985/601/3397 4054/936/3474 4057/602/3478
f 4054/936/3474 4055/603/3475 4057/602/3478
f 3613/617/3016 3985/601/3397 4057/602/3478
f 4058/605/1897 4055/603/3475 4056/603/3476
f 4058/605/1897 4057/602/3478 4055/603/3475
f 3327/603/3477 4059/606/3479 4056/603/3476
f 4056/603/3476 4059/606/3479 4058/605/1897
f 4059/606/3479 3327/603/3477 3328/606/652
f 4057/602/3478 4060/592/3480 3613/617/3016
f 4057/602/3478 4058/605/1897 4060/592/3480
f 3609/603/3012 3613/617/3016 4060/592/3480
f 4061/611/3481 4058/605/1897 4059/606/3479
f 4061/611/3481 4060/592/3480 4058/605/1897
f 3328/606/652 4062/611/3482 4059/606/3479
f 4061/611/3481 4059/606/3479 4062/611/3482
f 4062/611/3482 3328/606/652 3329/611/3483
f 4060/592/3480 4063/606/3484 3609/603/3012
f 4060/592/3480 4061/611/3481 4063/606/3484
f 3606/605/3009 3609/603/3012 4063/606/3484
f 4062/611/3482 4064/614/3485 4061/611/3481
f 4064/614/3485 4063/606/3484 4061/611/3481
f 3329/611/3483 4065/614/3486 4062/611/3482
f 4064/614/3485 4062/611/3482 4065/614/3486
f 4065/614/3486 3329/611/3483 3330/614/1935
f 4063/606/3484 4066/611/3487 3606/605/3009
f 4063/606/3484 4064/614/3485 4066/611/3487
f 3608/607/3011 3606/605/3009 4066/611/3487
f 4065/614/3486 4067/904/3488 4064/614/3485
f 4067/904/3488 4066/611/3487 4064/614/3485
f 3330/614/1935 4068/859/3489 4065/614/3486
f 4067/904/3488 4065/614/3486 4068/859/3489
f 4068/859/3489 3330/614/1935 3331/859/3490
f 4066/611/3487 4069/614/3491 3608/607/3011
f 4066/611/3487 4067/904/3488 4069/614/3491
f 3610/611/3013 3608/607/3011 4069/614/3491
f 4069/614/3491 3615/904/3018 3610/611/3013
f 4070/872/3492 4069/614/3491 4067/904/3488
f 4069/614/3491 4070/872/3492 3615/904/3018
f 4068/859/3489 4070/872/3492 4067/904/3488
f 3331/859/3490 4071/872/3493 4068/859/3489
f 4070/872/3492 4068/859/3489 4071/872/3493
f 4071/872/3493 3331/859/3490 3332/872/595
f 4072/889/3494 3615/904/3018 4070/872/3492
f 4071/872/3493 4072/889/3494 4070/872/3492
f 3615/904/3018 4072/889/3494 3617/859/3020
f 3332/872/595 4073/889/3495 4071/872/3493
f 4072/889/3494 4071/872/3493 4073/889/3495
f 4073/889/3495 3332/872/595 3333/889/1944
f 4074/873/3496 3617/859/3020 4072/889/3494
f 4073/889/3495 4074/873/3496 4072/889/3494
f 3617/859/3020 4074/873/3496 3618/872/3021
f 3333/889/1944 4075/873/3497 4073/889/3495
f 4074/873/3496 4073/889/3495 4075/873/3497
f 4075/873/3497 3333/889/1944 3334/873/1946
f 4074/873/3496 4076/873/3498 3618/872/3021
f 4075/873/3497 4076/873/3498 4074/873/3496
f 3618/872/3021 4076/873/3498 3620/872/3023
f 3334/873/1946 4077/874/3499 4075/873/3497
f 4076/873/3498 4075/873/3497 4077/874/3499
f 4077/874/3499 3334/873/1946 3335/874/3500
f 3336/874/598 4077/874/3499 3335/874/3500
f 4076/873/3498 4078/873/3501 3620/872/3023
f 4077/874/3499 4078/873/3501 4076/873/3498
f 3620/872/3023 4078/873/3501 3622/889/3025
f 4077/874/3499 3336/874/598 4079/874/3502
f 4078/873/3501 4077/874/3499 4079/874/3502
f 3337/874/3503 4079/874/3502 3336/874/598
f 4078/873/3501 4080/873/3504 3622/889/3025
f 3622/889/3025 4080/873/3504 3624/872/3027
f 4081/874/3505 4078/873/3501 4079/874/3502
f 4079/874/3502 3337/874/3503 4081/874/3505
f 4078/873/3501 4081/874/3505 4080/873/3504
f 3338/873/1855 4081/874/3505 3337/874/3503
f 4080/873/3504 4082/873/3506 3624/872/3027
f 4081/874/3505 4082/873/3506 4080/873/3504
f 4082/873/3506 3626/872/3029 3624/872/3027
f 4081/874/3505 3338/873/1855 4083/873/3507
f 4082/873/3506 4081/874/3505 4083/873/3507
f 3339/889/3508 4083/873/3507 3338/873/1855
f 4082/873/3506 4084/889/3509 3626/872/3029
f 4083/873/3507 3339/889/3508 4085/889/3510
f 4085/889/3510 4082/873/3506 4083/873/3507
f 4082/873/3506 4085/889/3510 4084/889/3509
f 3340/872/601 4085/889/3510 3339/889/3508
f 4084/889/3509 3628/859/3031 3626/872/3029
f 4085/889/3510 3340/872/601 4086/872/3511
f 4086/872/3511 4084/889/3509 4085/889/3510
f 3341/859/3512 4086/872/3511 3340/872/601
f 4084/889/3509 4087/872/3513 3628/859/3031
f 4084/889/3509 4086/872/3511 4087/872/3513
f 4087/872/3513 3630/904/3033 3628/859/3031
f 4086/872/3511 3341/859/3512 4088/859/3514
f 4088/859/3514 4087/872/3513 4086/872/3511
f 3342/614/2071 4088/859/3514 3341/859/3512
f 4087/872/3513 4089/904/2011 3630/904/3033
f 4087/872/3513 4088/859/3514 4089/904/2011
f 4089/904/2011 3632/614/3035 3630/904/3033
f 4088/859/3514 3342/614/2071 4090/614/3515
f 3343/611/3516 4090/614/3515 3342/614/2071
f 4088/859/3514 4091/614/3517 4089/904/2011
f 4089/904/2011 4091/614/3517 3632/614/3035
f 4088/859/3514 4090/614/3515 4091/614/3517
f 3634/611/3037 3632/614/3035 4091/614/3517
f 4090/614/3515 3343/611/3516 4092/611/3518
f 4092/611/3518 4091/614/3517 4090/614/3515
f 3344/875/606 4092/611/3518 3343/611/3516
f 4091/614/3517 4093/611/1579 3634/611/3037
f 4091/614/3517 4092/611/3518 4093/611/1579
f 3636/606/3039 3634/611/3037 4093/611/1579
f 4092/611/3518 3344/875/606 4094/875/3519
f 4094/875/3519 4093/611/1579 4092/611/3518
f 3345/890/3520 4094/875/3519 3344/875/606
f 4093/611/1579 4095/937/3521 3636/606/3039
f 4093/611/1579 4094/875/3519 4095/937/3521
f 3638/592/3041 3636/606/3039 4095/937/3521
f 4094/875/3519 3345/890/3520 4096/890/3522
f 4096/890/3522 4095/937/3521 4094/875/3519
f 3346/876/1684 4096/890/3522 3345/890/3520
f 4095/937/3521 4097/890/3523 3638/592/3041
f 4095/937/3521 4096/890/3522 4097/890/3523
f 3640/906/3043 3638/592/3041 4097/890/3523
f 4096/890/3522 3346/876/1684 4098/876/3524
f 3347/891/1054 4098/876/3524 3346/876/1684
f 4096/890/3522 4099/876/3525 4097/890/3523
f 4099/876/3525 3640/906/3043 4097/890/3523
f 4096/890/3522 4098/876/3524 4099/876/3525
f 3642/907/3045 3640/906/3043 4099/876/3525
f 3645/891/3048 3642/907/3045 4099/876/3525
f 3645/891/3048 4099/876/3525 4098/876/3524
f 4098/876/3524 3347/891/1054 4100/891/3526
f 4098/876/3524 4100/891/3526 3645/891/3048
f 3348/823/1300 4100/891/3526 3347/891/1054
f 3647/823/3050 3645/891/3048 4100/891/3526
f 4100/891/3526 3348/823/1300 4101/823/3527
f 4100/891/3526 4101/823/3527 3647/823/3050
f 3349/821/1051 4101/823/3527 3348/823/1300
f 3648/821/3051 3647/823/3050 4101/823/3527
f 4101/823/3527 3349/821/1051 4102/821/3528
f 4101/823/3527 4102/821/3528 3648/821/3051
f 3350/824/3529 4102/821/3528 3349/821/1051
f 4103/824/3530 3648/821/3051 4102/821/3528
f 4102/821/3528 3350/824/3529 4103/824/3530
f 3648/821/3051 4103/824/3530 3650/908/3053
f 3351/822/3070 4103/824/3530 3350/824/3529
f 3656/909/3059 3650/908/3053 4103/824/3530
f 4103/824/3530 3351/822/3070 3667/800/3069
f 4103/824/3530 3667/800/3069 3656/909/3059
f 4104/680/3531 3416/677/3531 3414/686/3531
f 4104/680/3532 3418/581/3533 3416/677/3534
f 3414/686/3535 4105/687/3535 4104/680/3536
f 3418/581/3533 4104/680/3532 4106/900/3537
f 3415/693/3538 4105/687/3535 3414/686/3535
f 4106/900/3537 3421/672/3539 3418/581/3533
f 4105/687/3535 3415/693/3538 4107/692/3538
f 3421/672/3539 4106/900/3537 4108/674/3539
f 3415/693/3538 4109/697/3540 4107/692/3538
f 4110/674/3541 3421/672/3539 4108/674/3539
f 3417/699/3540 4109/697/3540 3415/693/3538
f 3421/672/3539 4110/674/3541 3466/583/3541
f 4109/697/3540 3417/699/3540 3419/702/3542
f 4111/677/3543 3466/583/3541 4110/674/3541
f 4109/697/3540 3419/702/3542 4112/585/3544
f 3466/583/3541 4111/677/3543 3467/900/3545
f 4112/585/3544 3419/702/3542 3423/725/3546
f 4111/677/3543 3469/681/3547 3467/900/3545
f 4112/585/3544 3423/725/3546 4113/701/3548
f 3469/681/3547 4111/677/3543 4114/684/3547
f 4113/701/3548 3423/725/3546 4115/586/3549
f 4114/684/3547 3470/689/3550 3469/681/3547
f 3423/725/3546 3424/725/3549 4115/586/3549
f 3470/689/3550 4114/684/3547 4116/689/3550
f 3424/725/3549 4117/700/3551 4115/586/3549
f 4118/695/3552 3470/689/3550 4116/689/3550
f 4117/700/3551 3424/725/3549 3425/586/3553
f 3470/689/3550 4118/695/3552 3471/696/3552
f 4117/700/3551 3425/586/3553 3471/696/3552
f 3471/696/3552 4118/695/3552 4117/700/3551
f 4119/696/3554 4120/696/3554 4121/696/3554
f 4121/696/3555 4122/696/594 4119/696/1695
f 4121/696/3555 4120/696/594 4123/696/3556
f 4122/696/594 4121/696/3555 4124/696/3557
f 4120/696/594 4125/696/594 4123/696/3556
f 4126/696/3558 4122/696/594 4124/696/3557
f 4127/696/3559 4123/696/3556 4125/696/594
f 4122/696/594 4126/696/3558 4128/696/594
f 4129/696/594 4127/696/3559 4125/696/594
f 4130/696/3560 4128/696/594 4126/696/3558
f 4127/696/3559 4129/696/594 4131/696/3561
f 4128/696/594 4130/696/3560 4132/696/594
f 4133/695/594 4131/696/3561 4129/696/594
f 4134/696/594 4132/696/594 4130/696/3560
f 4131/696/3561 4133/695/594 4135/695/3562
f 4134/696/594 4130/696/3560 4136/696/3563
f 4137/695/594 4135/695/3562 4133/695/594
f 4138/695/594 4134/696/594 4136/696/3563
f 4135/695/3562 4137/695/594 4139/695/3564
f 4138/695/594 4136/696/3563 4140/695/3565
f 4141/694/3566 4139/695/3564 4137/695/594
f 4142/695/594 4138/695/594 4140/695/3565
f 4141/694/3566 4137/695/594 4143/694/3567
f 4142/695/594 4140/695/3565 4144/695/3568
f 4145/693/594 4141/694/3566 4143/694/3567
f 4146/694/3569 4142/695/594 4144/695/3568
f 4141/694/3566 4145/693/594 4147/693/3570
f 4142/695/594 4146/694/3569 4148/694/594
f 4149/693/594 4147/693/3570 4145/693/594
f 4150/693/3571 4148/694/594 4146/694/3569
f 4151/693/3572 4147/693/3570 4149/693/594
f 4148/694/594 4150/693/3571 4152/693/594
f 4153/692/594 4151/693/3572 4149/693/594
f 4150/693/3571 4154/693/594 4152/693/594
f 4155/692/3573 4151/693/3572 4153/692/594
f 4154/693/594 4150/693/3571 4156/693/3574
f 4157/691/594 4155/692/3573 4153/692/594
f 4156/693/3574 4158/692/594 4154/693/594
f 4159/691/3575 4155/692/3573 4157/691/594
f 4158/692/594 4156/693/3574 4160/692/3576
f 4161/690/594 4159/691/3575 4157/691/594
f 4160/692/3576 4162/691/594 4158/692/594
f 4159/691/3575 4161/690/594 4163/690/3577
f 4162/691/594 4160/692/3576 4164/691/3578
f 4161/690/594 4165/689/2940 4163/690/3577
f 4164/691/3578 4166/690/3579 4162/691/594
f 4165/689/2940 4161/690/594 4167/689/594
f 4168/690/594 4162/691/594 4166/690/3579
f 4167/689/594 4169/688/3580 4165/689/2940
f 4166/690/3579 4170/689/3581 4168/690/594
f 4167/689/594 4171/689/1695 4169/688/3580
f 4172/689/594 4168/690/594 4170/689/3581
f 4173/688/594 4169/688/3580 4171/689/1695
f 4174/688/3582 4172/689/594 4170/689/3581
f 4169/688/3580 4173/688/594 4175/688/3583
f 4172/689/594 4174/688/3582 4176/689/594
f 4177/687/594 4175/688/3583 4173/688/594
f 4174/688/3582 4178/688/594 4176/689/594
f 4175/688/3583 4177/687/594 4179/687/3584
f 4178/688/594 4174/688/3582 4180/688/3585
f 4177/687/594 4181/686/3586 4179/687/3584
f 4180/688/3585 4182/687/594 4178/688/594
f 4181/686/3586 4177/687/594 4183/686/3587
f 4182/687/594 4180/688/3585 4184/687/3588
f 4185/685/594 4181/686/3586 4183/686/3587
f 4184/687/3588 4186/686/594 4182/687/594
f 4181/686/3586 4185/685/594 4187/685/3589
f 4186/686/594 4184/687/3588 4188/686/3590
f 4185/685/594 4189/685/594 4187/685/3589
f 4188/686/3590 4190/685/594 4186/686/594
f 4187/685/3589 4189/685/594 4191/685/3591
f 4190/685/594 4188/686/3590 4192/685/3592
f 4189/685/594 4193/684/594 4191/685/3591
f 4192/685/3592 4194/685/594 4190/685/594
f 4195/684/3593 4191/685/3591 4193/684/594
f 4194/685/594 4192/685/3592 4196/685/3594
f 4193/684/594 4197/683/3595 4195/684/3593
f 4198/684/3596 4194/685/594 4196/685/3594
f 4197/683/3595 4193/684/594 4199/684/1162
f 4194/685/594 4198/684/3596 4200/684/1158
f 4199/684/1162 4201/683/3597 4197/683/3595
f 4198/684/3596 4202/684/594 4200/684/1158
f 4201/683/3597 4199/684/1162 4203/683/594
f 4202/684/594 4198/684/3596 4204/683/3598
f 4203/683/594 4205/683/3599 4201/683/3597
f 4204/683/3598 4206/683/594 4202/684/594
f 4205/683/3599 4203/683/594 4207/683/594
f 4206/683/594 4204/683/3598 4208/683/3600
f 4209/681/3601 4205/683/3599 4207/683/594
f 4210/683/3602 4206/683/594 4208/683/3600
f 4207/683/594 4211/683/1155 4209/681/3601
f 4206/683/594 4210/683/3602 4212/683/594
f 4213/683/1158 4209/681/3601 4211/683/1155
f 4214/681/3603 4212/683/594 4210/683/3602
f 4209/681/3601 4213/683/1158 4215/681/3604
f 4212/683/594 4214/681/3603 4216/683/594
f 4217/683/594 4215/681/3604 4213/683/1158
f 4218/681/3605 4216/683/594 4214/681/3603
f 4215/681/3604 4217/683/594 4218/681/3605
f 4216/683/594 4218/681/3605 4217/683/594
f 3864/815/3270 2720/815/2102 2721/816/1799
f 2724/815/2105 3864/815/3270 2721/816/1799
f 2720/815/2102 3864/815/3270 3866/815/3272
f 3864/815/3270 2724/815/2105 3860/815/3266
f 3866/815/3272 2719/796/2101 2720/815/2102
f 2725/815/2106 3860/815/3266 2724/815/2105
f 2719/796/2101 3866/815/3272 3865/796/3271
f 3860/815/3266 2725/815/2106 3858/815/3264
f 3865/796/3271 2718/796/1803 2719/796/2101
f 2737/815/2114 3858/815/3264 2725/815/2106
f 2718/796/1803 3865/796/3271 3861/796/3267
f 3858/815/3264 2737/815/2114 3854/816/3260
f 3861/796/3267 2265/764/1805 2718/796/1803
f 3852/815/3258 3854/816/3260 2737/815/2114
f 2265/764/1805 3861/796/3267 3859/845/3265
f 2737/815/2114 2739/815/2116 3852/815/3258
f 3855/760/3261 2265/764/1805 3859/845/3265
f 3848/815/3254 3852/815/3258 2739/815/2116
f 2265/764/1805 3855/760/3261 2263/760/1803
f 2739/815/2116 2742/815/2119 3848/815/3254
f 3853/760/3259 2263/760/1803 3855/760/3261
f 2742/815/2119 3846/796/3252 3848/815/3254
f 2263/760/1803 3853/760/3259 2262/760/1802
f 3846/796/3252 2742/815/2119 2746/815/2123
f 3849/760/3255 2262/760/1802 3853/760/3259
f 3844/796/3250 3846/796/3252 2746/815/2123
f 2262/760/1802 3849/760/3255 2261/760/1801
f 2746/815/2123 2748/796/2125 3844/796/3250
f 3847/761/3253 2261/760/1801 3849/760/3255
f 3840/796/3246 3844/796/3250 2748/796/2125
f 2261/760/1801 3847/761/3253 2258/763/1799
f 2748/796/2125 3541/796/2942 3840/796/3246
f 3847/761/3253 2257/761/1798 2258/763/1799
f 3838/796/3244 3840/796/3246 3541/796/2942
f 3847/761/3253 3843/761/3249 2257/761/1798
f 3541/796/2942 3540/845/2941 3838/796/3244
f 3843/761/3249 2254/761/1796 2257/761/1798
f 3537/760/2938 3838/796/3244 3540/845/2941
f 2254/761/1796 3843/761/3249 3841/761/3247
f 3838/796/3244 3537/760/2938 3834/760/3240
f 3841/761/3247 2251/761/1793 2254/761/1796
f 2242/760/1784 3834/760/3240 3537/760/2938
f 2251/761/1793 3841/761/3247 3837/763/3243
f 3834/760/3240 2242/760/1784 3833/760/3239
f 3831/761/3237 2251/761/1793 3837/763/3243
f 2243/760/1785 3833/760/3239 2242/760/1784
f 2251/761/1793 3831/761/3237 2248/761/1790
f 3833/760/3239 2243/760/1785 3829/760/3235
f 3830/761/3236 2248/761/1790 3831/761/3237
f 2245/761/1787 3829/760/3235 2243/760/1785
f 2248/761/1790 3830/761/3236 2245/761/1787
f 3829/760/3235 2245/761/1787 3830/761/3236
f 2575/938/3606 2577/938/3607 4219/938/3608
f 2575/938/3606 4219/938/3608 2573/938/3609
f 2577/938/3607 2581/938/1350 4219/938/3608
f 2573/938/3609 4219/938/3608 2572/938/1350
f 2581/938/1350 2583/938/3610 4219/938/3608
f 2572/938/1350 4219/938/3608 2574/938/1350
f 2583/938/3610 2586/938/1350 4219/938/3608
f 2574/938/1350 4219/938/3608 2576/938/1350
f 2586/938/1350 2591/938/1378 4219/938/3608
f 2576/938/1350 4219/938/3608 2580/938/1350
f 2591/938/1378 2594/938/1350 4219/938/3608
f 2580/938/1350 4219/938/3608 2594/938/1350
f 2075/939/1425 4220/940/1423 2077/939/1423
f 2075/939/1425 2073/939/3611 4220/940/1423
f 2077/939/1423 4220/940/1423 2081/940/1423
f 2073/939/3611 2074/939/1423 4220/940/1423
f 2081/940/1423 4220/940/1423 2083/940/1422
f 2074/939/1423 2076/941/1423 4220/940/1423
f 2083/940/1422 4220/940/1423 2086/940/1423
f 2076/941/1423 2079/942/3612 4220/940/1423
f 2086/940/1423 4220/940/1423 2089/940/1423
f 2079/942/3612 3870/942/1423 4220/940/1423
f 2089/940/1423 4220/940/1423 3872/940/1423
f 3870/942/1423 3872/940/1423 4220/940/1423
f 3058/943/1295 3056/943/1334 4221/943/1295
f 3058/943/1295 4221/943/1295 3059/943/1334
f 3056/943/1334 3054/943/1295 4221/943/1295
f 3059/943/1334 4221/943/1295 3063/943/1295
f 3054/943/1295 3055/943/1295 4221/943/1295
f 3063/943/1295 4221/943/1295 3065/944/1295
f 3055/943/1295 3057/943/1295 4221/943/1295
f 3065/944/1295 4221/943/1295 3068/943/1295
f 3057/943/1295 3061/943/1295 4221/943/1295
f 3068/943/1295 4221/943/1295 3073/943/1334
f 3061/943/1295 3076/943/1334 4221/943/1295
f 3073/943/1334 4221/943/1295 3076/943/1334
f 2912/945/1273 2914/945/1281 4222/946/1273
f 2912/945/1273 4222/946/1273 2910/945/1281
f 2914/945/1281 2918/946/1286 4222/946/1273
f 2910/945/1281 4222/946/1273 2911/945/1281
f 2918/946/1286 2920/946/1281 4222/946/1273
f 2911/945/1281 4222/946/1273 2913/946/1276
f 2920/946/1281 2923/946/1281 4222/946/1273
f 2913/946/1276 4222/946/1273 2916/946/1281
f 2923/946/1281 2926/946/1273 4222/946/1273
f 2916/946/1281 4222/946/1273 2935/946/1276
f 2926/946/1273 2930/946/1286 4222/946/1273
f 2935/946/1276 4222/946/1273 2930/946/1286
f 1928/947/1445 1929/947/1443 4223/948/1443
f 1928/947/1445 4223/948/1443 1925/947/1443
f 1929/947/1443 1933/948/3613 4223/948/1443
f 1925/947/1443 4223/948/1443 1921/947/1443
f 1933/948/3613 1936/948/1258 4223/948/1443
f 1921/947/1443 4223/948/1443 1918/947/1443
f 1936/948/1258 1939/948/1443 4223/948/1443
f 1918/947/1443 4223/948/1443 1917/948/3614
f 1939/948/1443 1979/948/1443 4223/948/1443
f 1917/948/3614 4223/948/1443 1919/948/1443
f 1979/948/1443 1923/948/1443 4223/948/1443
f 1919/948/1443 4223/948/1443 1923/948/1443
f 3835/763/594 3839/763/594 4224/796/594
f 3832/927/594 3835/763/594 4224/796/594
f 3839/763/594 3845/763/594 4224/796/594
f 3836/845/594 3832/927/594 4224/796/594
f 3845/763/594 3851/927/594 4224/796/594
f 3842/845/594 3836/845/594 4224/796/594
f 3851/927/594 3857/845/594 4224/796/594
f 3850/816/594 3842/845/594 4224/796/594
f 3857/845/594 3863/845/594 4224/796/594
f 3856/816/594 3850/816/594 4224/796/594
f 3863/845/594 3862/816/594 4224/796/594
f 3862/816/594 3856/816/594 4224/796/594
f 4225/901/3615 4163/901/3615 4165/901/3615
f 4169/901/3580 4225/901/3616 4165/901/2940
f 4225/901/3616 4226/901/3617 4163/901/3577
f 4226/901/3617 4159/901/3575 4163/901/3577
f 4225/901/3616 4169/901/3580 4227/901/3618
f 4228/901/3619 4226/901/3617 4225/901/3616
f 4227/901/3618 4228/901/3619 4225/901/3616
f 4175/902/3583 4227/901/3618 4169/901/3580
f 4226/901/3617 4229/901/3620 4159/901/3575
f 4229/901/3620 4155/901/3573 4159/901/3575
f 4227/901/3618 4175/902/3583 4230/902/3621
f 4179/902/3584 4230/902/3621 4175/902/3583
f 4229/901/3620 4231/901/3622 4155/901/3573
f 4231/901/3622 4151/901/3572 4155/901/3573
f 4232/901/3623 4229/901/3620 4226/901/3617
f 4228/901/3619 4232/901/3623 4226/901/3617
f 4233/901/3624 4231/901/3622 4229/901/3620
f 4232/901/3623 4233/901/3624 4229/901/3620
f 4231/901/3622 4234/901/3625 4151/901/3572
f 4234/901/3625 4147/901/3570 4151/901/3572
f 4232/901/3623 4228/901/3619 1589/901/3626
f 4232/901/3623 1589/901/3626 1590/901/3627
f 4233/901/3624 4232/901/3623 1590/901/3627
f 4228/901/3619 1587/901/3628 1589/901/3626
f 1590/901/3627 1593/901/3629 4233/901/3624
f 1595/901/3630 4233/901/3624 1593/901/3629
f 4228/901/3619 4235/901/3631 1587/901/3628
f 4228/901/3619 4227/901/3618 4235/901/3631
f 4230/902/3621 4235/901/3631 4227/901/3618
f 4235/901/3631 1525/902/3632 1587/901/3628
f 4233/901/3624 1595/901/3630 4236/901/3633
f 4233/901/3624 4236/901/3633 4231/901/3622
f 4236/901/3633 4234/901/3625 4231/901/3622
f 1598/901/3634 4236/901/3633 1595/901/3630
f 4236/901/3633 4237/901/3635 4234/901/3625
f 4236/901/3633 1598/901/3634 4237/901/3635
f 4237/901/3635 4238/901/3636 4234/901/3625
f 4234/901/3625 4238/901/3636 4147/901/3570
f 4239/901/3637 4237/901/3635 1598/901/3634
f 4237/901/3635 4239/901/3637 4238/901/3636
f 1598/901/3634 1601/901/3638 4239/901/3637
f 4238/901/3636 4141/901/3566 4147/901/3570
f 4240/901/3639 4239/901/3637 1601/901/3638
f 1601/901/3638 1604/901/3640 4240/901/3639
f 4241/901/3641 4238/901/3636 4239/901/3637
f 4238/901/3636 4241/901/3641 4141/901/3566
f 4239/901/3637 4240/901/3639 4241/901/3641
f 4242/901/3642 4141/901/3566 4241/901/3641
f 4240/901/3639 4242/901/3642 4241/901/3641
f 4141/901/3566 4242/901/3642 4139/901/3564
f 1604/901/3640 4243/901/3643 4240/901/3639
f 4240/901/3639 4243/901/3643 4242/901/3642
f 1604/901/3640 1609/901/3644 4243/901/3643
f 1613/949/3645 4243/901/3643 1609/901/3644
f 4244/901/3646 4139/901/3564 4242/901/3642
f 4243/901/3643 4244/901/3646 4242/901/3642
f 4139/901/3564 4244/901/3646 4135/901/3562
f 4243/901/3643 1613/949/3645 4245/901/3647
f 4243/901/3643 4245/901/3647 4244/901/3646
f 1613/949/3645 4246/949/3648 4245/901/3647
f 4246/949/3648 4244/901/3646 4245/901/3647
f 4246/949/3648 1613/949/3645 1678/949/3649
f 4247/901/3650 4135/901/3562 4244/901/3646
f 4244/901/3646 4246/949/3648 4247/901/3650
f 4135/901/3562 4247/901/3650 4131/901/3561
f 1678/949/3649 4248/949/3651 4246/949/3648
f 4248/949/3651 4247/901/3650 4246/949/3648
f 4248/949/3651 1678/949/3649 1681/949/3652
f 1684/949/3653 4248/949/3651 1681/949/3652
f 4249/949/3654 4131/901/3561 4247/901/3650
f 4247/901/3650 4248/949/3651 4249/949/3654
f 4131/901/3561 4249/949/3654 4127/949/3559
f 4248/949/3651 1684/949/3653 4250/949/3655
f 4250/949/3655 4249/949/3654 4248/949/3651
f 1687/949/3656 4250/949/3655 1684/949/3653
f 4251/949/3657 4127/949/3559 4249/949/3654
f 4249/949/3654 4250/949/3655 4251/949/3657
f 4127/949/3559 4251/949/3657 4123/949/3556
f 4250/949/3655 1687/949/3656 4252/949/3658
f 4252/949/3658 4251/949/3657 4250/949/3655
f 4253/949/3659 4123/949/3556 4251/949/3657
f 4251/949/3657 4252/949/3658 4253/949/3659
f 4123/949/3556 4253/949/3659 4121/949/3555
f 1687/949/3656 4254/949/3660 4252/949/3658
f 4254/949/3660 4253/949/3659 4252/949/3658
f 4254/949/3660 1687/949/3656 1690/949/3661
f 4255/949/3662 4121/949/3555 4253/949/3659
f 4253/949/3659 4254/949/3660 4255/949/3662
f 4121/949/3555 4255/949/3662 4124/949/3557
f 4255/949/3662 4126/949/3558 4124/949/3557
f 4126/949/3558 4255/949/3662 4256/949/3663
f 4254/949/3660 4256/949/3663 4255/949/3662
f 4256/949/3663 4130/949/3560 4126/949/3558
f 1690/949/3661 4257/949/3664 4254/949/3660
f 4256/949/3663 4254/949/3660 4257/949/3664
f 4257/949/3664 1690/949/3661 1691/949/3665
f 1693/949/3666 4257/949/3664 1691/949/3665
f 4130/949/3560 4256/949/3663 4258/949/3667
f 4257/949/3664 4258/949/3667 4256/949/3663
f 4258/949/3667 4136/901/3563 4130/949/3560
f 4257/949/3664 1693/949/3666 4259/949/3668
f 4258/949/3667 4257/949/3664 4259/949/3668
f 1696/949/3669 4259/949/3668 1693/949/3666
f 4136/901/3563 4258/949/3667 4260/901/3670
f 4259/949/3668 4260/901/3670 4258/949/3667
f 4260/901/3670 4140/901/3565 4136/901/3563
f 4259/949/3668 1696/949/3669 4261/949/3671
f 4260/901/3670 4259/949/3668 4261/949/3671
f 1700/949/3672 4261/949/3671 1696/949/3669
f 4140/901/3565 4260/901/3670 4262/901/3673
f 4262/901/3673 4260/901/3670 4261/949/3671
f 4262/901/3673 4144/901/3568 4140/901/3565
f 4261/949/3671 1700/949/3672 4263/901/3674
f 4262/901/3673 4261/949/3671 4263/901/3674
f 1703/901/3675 4263/901/3674 1700/949/3672
f 4144/901/3568 4262/901/3673 4264/901/3676
f 4264/901/3676 4262/901/3673 4263/901/3674
f 4264/901/3676 4146/901/3569 4144/901/3568
f 4263/901/3674 1703/901/3675 4265/901/3677
f 4264/901/3676 4263/901/3674 4265/901/3677
f 1706/901/3678 4265/901/3677 1703/901/3675
f 4146/901/3569 4264/901/3676 4266/901/3679
f 4266/901/3679 4264/901/3676 4265/901/3677
f 4265/901/3677 1706/901/3678 4267/901/3680
f 4265/901/3677 4267/901/3680 4266/901/3679
f 1773/901/3681 4267/901/3680 1706/901/3678
f 4268/901/3682 4146/901/3569 4266/901/3679
f 4268/901/3682 4266/901/3679 4267/901/3680
f 4146/901/3569 4268/901/3682 4150/901/3571
f 4267/901/3680 1773/901/3681 4269/901/3683
f 4267/901/3680 4269/901/3683 4268/901/3682
f 1776/901/3684 4269/901/3683 1773/901/3681
f 4270/901/3685 4150/901/3571 4268/901/3682
f 4269/901/3683 1776/901/3684 4271/901/3686
f 4271/901/3686 4268/901/3682 4269/901/3683
f 4268/901/3682 4271/901/3686 4270/901/3685
f 1779/901/3687 4271/901/3686 1776/901/3684
f 4150/901/3571 4270/901/3685 4156/901/3574
f 4271/901/3686 1779/901/3687 4272/901/3688
f 4272/901/3688 4270/901/3685 4271/901/3686
f 1783/901/3689 4272/901/3688 1779/901/3687
f 4273/901/3690 4156/901/3574 4270/901/3685
f 4270/901/3685 4272/901/3688 4273/901/3690
f 4156/901/3574 4273/901/3690 4160/901/3576
f 4272/901/3688 1783/901/3689 4274/901/3691
f 4274/901/3691 4273/901/3690 4272/901/3688
f 4275/901/3692 4160/901/3576 4273/901/3690
f 4273/901/3690 4274/901/3691 4275/901/3692
f 4160/901/3576 4275/901/3692 4164/901/3578
f 1783/901/3689 4276/901/3693 4274/901/3691
f 4276/901/3693 4275/901/3692 4274/901/3691
f 1783/901/3689 1786/901/3694 4276/901/3693
f 1789/901/3695 4276/901/3693 1786/901/3694
f 4277/901/3696 4164/901/3578 4275/901/3692
f 4275/901/3692 4276/901/3693 4277/901/3696
f 4164/901/3578 4277/901/3696 4166/901/3579
f 4276/901/3693 1789/901/3695 4278/901/3697
f 4278/901/3697 4277/901/3696 4276/901/3693
f 1790/901/3698 4278/901/3697 1789/901/3695
f 4279/901/3699 4166/901/3579 4277/901/3696
f 4166/901/3579 4279/901/3699 4170/901/3581
f 4277/901/3696 4278/901/3697 4279/901/3699
f 4174/901/3582 4170/901/3581 4279/901/3699
f 4280/901/3700 4279/901/3699 4278/901/3697
f 4174/901/3582 4279/901/3699 4280/901/3700
f 4180/902/3585 4174/901/3582 4280/901/3700
f 4278/901/3697 1790/901/3698 4281/901/3701
f 4280/901/3700 4278/901/3697 4281/901/3701
f 1793/902/3702 4281/901/3701 1790/901/3698
f 4180/902/3585 4280/901/3700 4282/902/3703
f 4282/902/3703 4280/901/3700 4281/901/3701
f 4184/902/3588 4180/902/3585 4282/902/3703
f 4281/901/3701 1793/902/3702 4283/902/3704
f 4282/902/3703 4281/901/3701 4283/902/3704
f 4184/902/3588 4282/902/3703 4284/902/3705
f 4284/902/3705 4282/902/3703 4283/902/3704
f 4188/902/3590 4184/902/3588 4284/902/3705
f 1793/902/3702 4285/902/3706 4283/902/3704
f 4283/902/3704 4285/902/3706 4284/902/3705
f 4285/902/3706 1793/902/3702 1796/902/3707
f 4188/902/3590 4284/902/3705 4286/902/3708
f 4286/902/3708 4284/902/3705 4285/902/3706
f 4192/902/3592 4188/902/3590 4286/902/3708
f 1796/902/3707 4287/902/3709 4285/902/3706
f 4285/902/3706 4287/902/3709 4286/902/3708
f 4287/902/3709 1796/902/3707 1813/902/3710
f 4192/902/3592 4286/902/3708 4288/902/3711
f 4288/902/3711 4286/902/3708 4287/902/3709
f 4196/902/3594 4192/902/3592 4288/902/3711
f 1813/902/3710 4289/902/3712 4287/902/3709
f 4287/902/3709 4289/902/3712 4288/902/3711
f 4289/902/3712 1813/902/3710 1986/902/3713
f 1487/902/3714 4289/902/3712 1986/902/3713
f 4289/902/3712 1487/902/3714 4290/902/3715
f 4290/902/3715 4288/902/3711 4289/902/3712
f 1485/902/3716 4290/902/3715 1487/902/3714
f 4288/902/3711 4291/902/3717 4196/902/3594
f 4288/902/3711 4290/902/3715 4291/902/3717
f 4292/902/3718 4196/902/3594 4291/902/3717
f 4290/902/3715 4292/902/3718 4291/902/3717
f 4196/902/3594 4292/902/3718 4198/902/3596
f 4290/902/3715 1485/902/3716 4293/902/3719
f 4292/902/3718 4290/902/3715 4293/902/3719
f 1486/902/3720 4293/902/3719 1485/902/3716
f 4294/902/3721 4198/902/3596 4292/902/3718
f 4198/902/3596 4294/902/3721 4204/902/3598
f 4295/902/3722 4292/902/3718 4293/902/3719
f 4293/902/3719 1486/902/3720 4295/902/3722
f 4292/902/3718 4295/902/3722 4294/902/3721
f 4296/902/3723 4295/902/3722 1486/902/3720
f 4296/902/3723 4294/902/3721 4295/902/3722
f 4296/902/3723 1486/902/3720 1489/902/3724
f 4297/902/3725 4204/902/3598 4294/902/3721
f 4294/902/3721 4296/902/3723 4297/902/3725
f 4204/902/3598 4297/902/3725 4208/902/3600
f 4298/902/3726 4296/902/3723 1489/902/3724
f 4298/902/3726 4297/902/3725 4296/902/3723
f 1489/902/3724 1491/902/3727 4298/902/3726
f 1493/902/3728 4298/902/3726 1491/902/3727
f 4299/902/3729 4208/902/3600 4297/902/3725
f 4297/902/3725 4298/902/3726 4299/902/3729
f 4208/902/3600 4299/902/3729 4210/902/3602
f 4298/902/3726 1493/902/3728 4300/902/3730
f 4300/902/3730 4299/902/3729 4298/902/3726
f 4301/902/3731 4210/902/3602 4299/902/3729
f 4299/902/3729 4300/902/3730 4301/902/3731
f 4210/902/3602 4301/902/3731 4214/902/3603
f 4302/902/3732 4300/902/3730 1493/902/3728
f 4302/902/3732 4301/902/3731 4300/902/3730
f 1493/902/3728 1495/902/3733 4302/902/3732
f 4303/902/3734 4214/902/3603 4301/902/3731
f 4301/902/3731 4302/902/3732 4303/902/3734
f 4214/902/3603 4303/902/3734 4218/902/3605
f 4215/902/3604 4218/902/3605 4303/902/3734
f 1496/902/3735 4302/902/3732 1495/902/3733
f 4303/902/3734 4304/902/3736 4215/902/3604
f 4304/902/3736 4303/902/3734 4302/902/3732
f 4209/902/3601 4215/902/3604 4304/902/3736
f 4302/902/3732 1496/902/3735 4305/902/3737
f 4302/902/3732 4305/902/3737 4304/902/3736
f 4304/902/3736 4306/902/3738 4209/902/3601
f 4306/902/3738 4304/902/3736 4305/902/3737
f 4205/902/3599 4209/902/3601 4306/902/3738
f 4307/902/3739 4305/902/3737 1496/902/3735
f 4305/902/3737 4307/902/3739 4306/902/3738
f 1496/902/3735 1497/902/3740 4307/902/3739
f 1499/902/3741 4307/902/3739 1497/902/3740
f 4306/902/3738 4308/902/3742 4205/902/3599
f 4308/902/3742 4306/902/3738 4307/902/3739
f 4201/902/3597 4205/902/3599 4308/902/3742
f 4307/902/3739 1499/902/3741 4309/902/3743
f 4307/902/3739 4309/902/3743 4308/902/3742
f 4308/902/3742 4310/902/3744 4201/902/3597
f 4310/902/3744 4308/902/3742 4309/902/3743
f 4197/902/3595 4201/902/3597 4310/902/3744
f 1499/902/3741 4311/902/3745 4309/902/3743
f 4309/902/3743 4311/902/3745 4310/902/3744
f 1499/902/3741 1501/902/3746 4311/902/3745
f 1504/902/3747 4311/902/3745 1501/902/3746
f 4310/902/3744 4312/902/3748 4197/902/3595
f 4312/902/3748 4310/902/3744 4311/902/3745
f 4195/902/3593 4197/902/3595 4312/902/3748
f 4311/902/3745 1504/902/3747 4313/902/3749
f 4311/902/3745 4313/902/3749 4312/902/3748
f 1506/902/3750 4313/902/3749 1504/902/3747
f 4312/902/3748 4314/902/3751 4195/902/3593
f 4313/902/3749 4314/902/3751 4312/902/3748
f 4191/902/3591 4195/902/3593 4314/902/3751
f 4313/902/3749 1506/902/3750 4315/902/3752
f 4314/902/3751 4313/902/3749 4315/902/3752
f 1506/902/3750 4316/902/3753 4315/902/3752
f 4316/902/3753 4314/902/3751 4315/902/3752
f 4316/902/3753 1506/902/3750 1509/902/3754
f 4314/902/3751 4317/902/3755 4191/902/3591
f 4314/902/3751 4316/902/3753 4317/902/3755
f 4318/902/3756 4191/902/3591 4317/902/3755
f 4316/902/3753 4318/902/3756 4317/902/3755
f 4191/902/3591 4318/902/3756 4187/902/3589
f 1509/902/3754 4319/902/3757 4316/902/3753
f 4318/902/3756 4316/902/3753 4319/902/3757
f 4319/902/3757 1509/902/3754 1514/902/3758
f 4320/902/3759 4187/902/3589 4318/902/3756
f 4187/902/3589 4320/902/3759 4181/902/3586
f 4321/902/3760 4318/902/3756 4319/902/3757
f 1514/902/3758 4321/902/3760 4319/902/3757
f 4318/902/3756 4321/902/3760 4320/902/3759
f 4321/902/3760 1514/902/3758 1517/902/3761
f 1521/902/3762 4321/902/3760 1517/902/3761
f 4321/902/3760 1521/902/3762 4322/902/3763
f 4322/902/3763 4320/902/3759 4321/902/3760
f 1525/902/3632 4322/902/3763 1521/902/3762
f 4323/902/3764 4181/902/3586 4320/902/3759
f 4320/902/3759 4322/902/3763 4323/902/3764
f 4181/902/3586 4323/902/3764 4179/902/3584
f 4230/902/3621 4179/902/3584 4323/902/3764
f 4322/902/3763 1525/902/3632 4324/902/3765
f 4324/902/3765 4323/902/3764 4322/902/3763
f 4323/902/3764 4324/902/3765 4230/902/3621
f 1525/902/3632 4235/901/3631 4324/902/3765
f 4235/901/3631 4230/902/3621 4324/902/3765
f 3373/892/2082 4325/892/3766 3374/894/2648
f 3358/893/624 3374/894/2648 4325/892/3766
f 4325/892/3766 3373/892/2082 4326/892/3767
f 3370/892/2647 4326/892/3767 3373/892/2082
f 4325/892/3766 4327/892/3768 3358/893/624
f 4326/892/3767 3370/892/2647 4328/892/3769
f 4329/892/3770 3358/893/624 4327/892/3768
f 3358/893/624 4329/892/3770 3356/892/2640
f 4330/897/3771 4328/892/3769 3370/892/2647
f 4330/897/3771 3370/892/2647 3369/897/2646
f 4326/892/3767 4328/892/3769 4331/892/433
f 4328/892/3769 4330/897/3771 4331/892/433
f 4325/892/3766 4326/892/3767 4331/892/433
f 4327/892/3768 4325/892/3766 4331/892/433
f 4329/892/3770 4327/892/3768 4331/892/433
f 3369/897/2646 4332/897/3772 4330/897/3771
f 4330/897/3771 4332/897/3772 4331/892/433
f 4332/897/3772 3369/897/2646 3367/899/2645
f 3364/896/598 4332/897/3772 3367/899/2645
f 4332/897/3772 3364/896/598 4333/897/3773
f 4332/897/3772 4333/897/3773 4331/892/433
f 3364/896/598 4334/897/3774 4333/897/3773
f 4333/897/3773 4334/897/3774 4331/892/433
f 3364/896/598 3376/897/2649 4334/897/3774
f 3376/897/2649 4335/897/3775 4334/897/3774
f 4334/897/3774 4335/897/3775 4331/892/433
f 3376/897/2649 3378/899/2651 4335/897/3775
f 3363/895/2644 4335/897/3775 3378/899/2651
f 4335/897/3775 4336/892/3776 4331/892/433
f 4335/897/3775 3363/895/2644 4336/892/3776
f 4336/892/3776 4337/892/3777 4331/892/433
f 3363/895/2644 4337/892/3777 4336/892/3776
f 4337/892/3777 4329/892/3770 4331/892/433
f 3363/895/2644 3360/894/2642 4337/892/3777
f 4337/892/3777 3356/892/2640 4329/892/3770
f 3356/892/2640 4337/892/3777 3360/894/2642
f 4104/680/773 4105/687/773 4338/689/773
f 4104/680/773 4338/689/773 4106/900/773
f 4338/689/773 4105/687/773 4107/692/773
f 4338/689/773 4108/674/773 4106/900/773
f 4109/697/773 4338/689/773 4107/692/773
f 4110/674/773 4108/674/773 4338/689/773
f 4109/697/773 4112/585/773 4338/689/773
f 4110/674/773 4338/689/773 4111/677/773
f 4338/689/773 4112/585/773 4113/701/773
f 4338/689/773 4114/684/773 4111/677/773
f 4115/586/773 4338/689/773 4113/701/773
f 4116/689/773 4114/684/773 4338/689/773
f 4115/586/773 4117/700/773 4338/689/773
f 4116/689/773 4338/689/773 4118/695/773
f 4338/689/773 4117/700/773 4118/695/773
f 4339/950/3778 4340/950/3778 4341/950/3778
f 4342/951/3779 4339/950/3780 4341/950/3781
f 4339/950/3780 4343/950/3782 4340/950/3783
f 4343/950/3782 4344/950/3784 4340/950/3783
f 4339/950/3780 4342/951/3779 4345/951/3785
f 4344/950/3784 4343/950/3782 4346/950/3786
f 4344/950/3784 4346/950/3786 4347/950/3787
f 4345/951/3785 4342/951/3779 4348/951/3788
f 4342/951/3779 4349/951/3789 4348/951/3788
f 4350/950/3790 4349/951/3789 4347/950/3787
f 4347/950/3787 4346/950/3786 4350/950/3790
f 4349/951/3789 4350/950/3790 4348/951/3788
f 4343/950/3782 4351/950/3791 4346/950/3786
f 4351/950/3791 4350/950/3790 4346/950/3786
f 4352/950/3792 4351/950/3791 4343/950/3782
f 4343/950/3782 4339/950/3780 4352/950/3792
f 4350/950/3790 4351/950/3791 4353/950/3793
f 4354/950/3794 4352/950/3792 4339/950/3780
f 4355/951/3795 4350/950/3790 4353/950/3793
f 4348/951/3788 4350/950/3790 4355/951/3795
f 4356/950/3796 4353/950/3793 4351/950/3791
f 4356/950/3796 4351/950/3791 4352/950/3792
f 4356/950/3796 4355/951/3795 4353/950/3793
f 4356/950/3796 4352/950/3792 4354/950/3794
f 4357/951/3797 4348/951/3788 4355/951/3795
f 4356/950/3796 4357/951/3797 4355/951/3795
f 4356/950/3796 4354/950/3794 4357/951/3797
f 4339/950/3780 4357/951/3797 4354/950/3794
f 4345/951/3785 4348/951/3788 4357/951/3797
f 4357/951/3797 4339/950/3780 4345/951/3785
f 1711/940/594 1715/940/594 4358/938/594
f 1711/940/594 4358/938/594 1712/940/594
f 1715/940/594 1717/940/594 4358/938/594
f 1712/940/594 4358/938/594 1713/940/594
f 1717/940/594 1720/940/594 4358/938/594
f 1713/940/594 4358/938/594 1761/940/594
f 1720/940/594 1724/938/594 4358/938/594
f 1761/940/594 4358/938/594 1758/940/594
f 1724/938/594 1726/938/594 4358/938/594
f 1758/940/594 4358/938/594 1755/940/594
f 1726/938/594 1730/938/594 4358/938/594
f 1755/940/594 4358/938/594 1752/938/594
f 1730/938/594 1735/938/594 4358/938/594
f 1752/938/594 4358/938/594 1749/938/594
f 1735/938/594 1737/938/594 4358/938/594
f 1749/938/594 4358/938/594 1746/938/594
f 1737/938/594 1740/938/594 4358/938/594
f 1746/938/594 4358/938/594 1744/938/594
f 1740/938/594 1743/938/594 4358/938/594
f 1744/938/594 4358/938/594 1743/938/594
f 1617/942/594 1619/942/594 4359/942/594
f 1617/942/594 4359/942/594 1618/942/594
f 1619/942/594 1623/942/594 4359/942/594
f 1618/942/594 4359/942/594 1621/942/594
f 1623/942/594 1627/942/594 4359/942/594
f 1621/942/594 4359/942/594 1625/940/594
f 1627/942/594 1630/942/594 4359/942/594
f 1625/940/594 4359/942/594 1666/940/594
f 1630/942/594 1635/942/594 4359/942/594
f 1666/940/594 4359/942/594 1663/940/594
f 1635/942/594 1638/942/594 4359/942/594
f 1663/940/594 4359/942/594 1660/940/594
f 1638/942/594 1642/942/594 4359/942/594
f 1660/940/594 4359/942/594 1657/940/594
f 1642/942/594 1644/942/594 4359/942/594
f 1657/940/594 4359/942/594 1654/940/594
f 1644/942/594 1647/940/594 4359/942/594
f 1654/940/594 4359/942/594 1651/940/594
f 1647/940/594 1650/940/594 4359/942/594
f 1651/940/594 4359/942/594 1650/940/594
f 1529/944/594 1531/948/594 4360/948/594
f 1529/944/594 4360/948/594 1530/944/594
f 1531/948/594 1535/948/594 4360/948/594
f 1530/944/594 4360/948/594 1533/944/594
f 1535/948/594 1537/948/594 4360/948/594
f 1533/944/594 4360/948/594 1577/944/594
f 1537/948/594 1540/948/594 4360/948/594
f 1577/944/594 4360/948/594 1574/944/594
f 1540/948/594 1544/946/594 4360/948/594
f 1574/944/594 4360/948/594 1570/944/594
f 1544/946/594 1547/946/594 4360/948/594
f 1570/944/594 4360/948/594 1567/944/594
f 1547/946/594 1550/946/594 4360/948/594
f 1567/944/594 4360/948/594 1565/948/594
f 1550/946/594 1553/946/594 4360/948/594
f 1565/948/594 4360/948/594 1563/948/594
f 1553/946/594 1555/946/594 4360/948/594
f 1563/948/594 4360/948/594 1559/948/594
f 1555/946/594 1558/948/594 4360/948/594
f 1559/948/594 4360/948/594 1558/948/594
f 1453/948/594 1461/948/594 4361/946/594
f 1453/948/594 4361/946/594 1450/948/594
f 1461/948/594 1464/948/594 4361/946/594
f 1450/948/594 4361/946/594 1447/946/594
f 1464/948/594 1467/948/594 4361/946/594
f 1447/946/594 4361/946/594 1444/946/594
f 1467/948/594 1470/946/594 4361/946/594
f 1444/946/594 4361/946/594 1439/946/594
f 1470/946/594 1425/946/594 4361/946/594
f 1439/946/594 4361/946/594 1436/946/594
f 1425/946/594 1421/946/594 4361/946/594
f 1436/946/594 4361/946/594 1430/946/594
f 1421/946/594 1416/946/594 4361/946/594
f 1430/946/594 4361/946/594 1427/945/594
f 1416/946/594 1414/946/594 4361/946/594
f 1427/945/594 4361/946/594 1423/945/594
f 1414/946/594 1415/945/594 4361/946/594
f 1423/945/594 4361/946/594 1419/945/594
f 1415/945/594 1418/945/594 4361/946/594
f 1419/945/594 4361/946/594 1418/945/594
f 1801/943/594 1802/943/594 4362/952/594
f 1801/943/594 4362/952/594 1803/943/594
f 1802/943/594 1805/943/594 4362/952/594
f 1803/943/594 4362/952/594 1807/944/594
f 1805/943/594 1855/943/594 4362/952/594
f 1807/944/594 4362/952/594 1810/944/594
f 1855/943/594 1852/943/594 4362/952/594
f 1810/944/594 4362/952/594 1815/944/594
f 1852/943/594 1849/941/594 4362/952/594
f 1815/944/594 4362/952/594 1818/953/594
f 1849/941/594 1846/952/594 4362/952/594
f 1818/953/594 4362/952/594 1822/953/594
f 1846/952/594 1843/952/594 4362/952/594
f 1822/953/594 4362/952/594 1829/953/594
f 1843/952/594 1841/952/594 4362/952/594
f 1829/953/594 4362/952/594 1831/953/594
f 1841/952/594 1838/952/594 4362/952/594
f 1831/953/594 4362/952/594 1834/952/594
f 1838/952/594 1837/952/594 4362/952/594
f 1834/952/594 4362/952/594 1837/952/594
f 4363/954/3798 4364/954/3798 4365/954/3798
f 4364/954/3799 4366/954/3800 4365/954/3799
f 4366/954/3800 4364/954/3799 4367/954/1964
f 4368/954/3801 4363/954/3802 4365/954/3799
f 4369/954/3803 4363/954/3804 4368/954/3801
f 4366/954/3800 4370/954/3805 4365/954/3799
f 4370/954/3805 4368/954/3801 4365/954/3799
f 4367/954/1964 4371/954/3806 4366/954/3800
f 4371/954/3806 4367/954/1964 4372/954/3807
f 4370/954/3805 4366/954/3800 4373/954/3808
f 4371/954/3806 4373/954/3808 4366/954/3800
f 4368/954/3801 4370/954/3805 4374/954/3809
f 4372/954/3807 4375/954/3810 4371/954/3806
f 4375/954/3810 4372/954/3807 4376/954/3811
f 4377/954/3567 4374/954/3809 4370/954/3805
f 4377/954/3567 4370/954/3805 4373/954/3808
f 4378/954/3812 4368/954/3801 4374/954/3809
f 4377/954/3567 4378/954/3812 4374/954/3809
f 4377/954/3567 4373/954/3808 4379/954/3813
f 4379/954/3813 4373/954/3808 4371/954/3806
f 4377/954/3567 4379/954/3813 4380/954/3814
f 4371/954/3806 4380/954/3814 4379/954/3813
f 4377/954/3567 4380/954/3814 4378/954/3812
f 4380/954/3814 4371/954/3806 4375/954/3810
f 4381/954/3815 4368/954/3801 4378/954/3812
f 4380/954/3814 4381/954/3815 4378/954/3812
f 4375/954/3810 4381/954/3815 4380/954/3814
f 4381/954/3815 4369/954/3803 4368/954/3801
f 4381/954/3815 4375/954/3810 4376/954/3811
f 4381/954/3815 4376/954/3811 4369/954/3803
f 4382/955/3816 4383/955/3817 4384/955/3818
f 4385/955/3819 4382/955/3816 4384/955/3818
f 4385/955/3819 4386/955/3820 4382/955/3816
f 4383/955/3817 4387/955/3821 4384/955/3818
f 4388/955/3822 4387/955/3821 4383/955/3817
f 4389/955/3823 4385/955/3819 4384/955/3818
f 4384/955/3818 4387/955/3821 4389/955/3823
f 4385/955/3819 4390/955/3824 4386/955/3820
f 4390/955/3824 4391/955/3825 4386/955/3820
f 4385/955/3819 4389/955/3823 4392/955/3826
f 4392/955/3826 4390/955/3824 4385/955/3819
f 4390/955/3824 4393/955/3827 4391/955/3825
f 4393/955/3827 4394/955/3828 4391/955/3825
f 4390/955/3824 4392/955/3826 4395/955/3829
f 4394/955/3828 4393/955/3827 4396/955/3830
f 4396/955/3830 4388/955/3822 4394/955/3828
f 4388/955/3822 4396/955/3830 4387/955/3821
f 4393/955/3827 4390/955/3824 4397/955/3831
f 4397/955/3831 4396/955/3830 4393/955/3827
f 4395/955/3829 4397/955/3831 4390/955/3824
f 4398/955/3832 4387/955/3821 4396/955/3830
f 4396/955/3830 4397/955/3831 4398/955/3832
f 4399/955/3833 4397/955/3831 4395/955/3829
f 4399/955/3833 4398/955/3832 4397/955/3831
f 4399/955/3833 4395/955/3829 4392/955/3826
f 4399/955/3833 4392/955/3826 4389/955/3823
f 4387/955/3821 4398/955/3832 4400/955/3834
f 4399/955/3833 4400/955/3834 4398/955/3832
f 4389/955/3823 4387/955/3821 4400/955/3834
f 4399/955/3833 4389/955/3823 4400/955/3834
f 4401/956/3835 4402/956/3835 4403/955/3835
f 4401/956/3836 4404/956/801 4402/956/3837
f 4404/956/801 4401/956/3836 4405/956/801
f 4403/955/3838 4402/956/3837 4406/955/3839
f 4403/955/3838 4406/955/3839 4407/955/3512
f 4404/956/801 4408/956/3840 4402/956/3837
f 4408/956/3840 4406/955/3839 4402/956/3837
f 4409/955/3841 4404/956/801 4405/956/801
f 4409/955/3841 4405/956/801 4410/955/3842
f 4411/956/3843 4408/956/3840 4404/956/801
f 4404/956/801 4409/955/3841 4411/956/3843
f 4406/955/3839 4408/956/3840 4412/955/3844
f 4413/955/3845 4409/955/3841 4410/955/3842
f 4413/955/3845 4410/955/3842 4414/955/3845
f 4415/955/3833 4412/955/3844 4408/956/3840
f 4415/955/3833 4408/956/3840 4411/956/3843
f 4416/955/3846 4406/955/3839 4412/955/3844
f 4415/955/3833 4416/955/3846 4412/955/3844
f 4415/955/3833 4411/956/3843 4417/955/3847
f 4417/955/3847 4411/956/3843 4409/955/3841
f 4415/955/3833 4417/955/3847 4418/955/3848
f 4409/955/3841 4418/955/3848 4417/955/3847
f 4415/955/3833 4418/955/3848 4416/955/3846
f 4418/955/3848 4409/955/3841 4413/955/3845
f 4419/955/3849 4406/955/3839 4416/955/3846
f 4418/955/3848 4419/955/3849 4416/955/3846
f 4413/955/3845 4419/955/3849 4418/955/3848
f 4413/955/3845 4414/955/3845 4419/955/3849
f 4407/955/3512 4406/955/3839 4419/955/3849
f 4414/955/3845 4407/955/3512 4419/955/3849
f 4420/950/3850 4421/950/3851 4422/950/3852
f 4420/950/3850 4423/950/3853 4421/950/3851
f 4423/950/3853 4424/950/3854 4421/950/3851
f 4420/950/3850 4422/950/3852 4425/950/3855
f 4422/950/3852 4426/950/3856 4425/950/3855
f 4427/950/3857 4423/950/3853 4420/950/3850
f 4420/950/3850 4425/950/3855 4427/950/3857
f 4424/950/3854 4423/950/3853 4428/950/3858
f 4428/950/3858 4429/950/3859 4424/950/3854
f 4423/950/3853 4427/950/3857 4430/950/3860
f 4430/950/3860 4428/950/3858 4423/950/3853
f 4429/950/3859 4428/950/3858 4431/950/3861
f 4429/950/3859 4431/950/3861 4432/950/3862
f 4428/950/3858 4430/950/3860 4433/950/3863
f 4432/950/3862 4431/950/3861 4434/950/3862
f 4426/950/3856 4432/950/3862 4434/950/3862
f 4425/950/3855 4426/950/3856 4434/950/3862
f 4428/950/3858 4435/950/3864 4431/950/3861
f 4435/950/3864 4434/950/3862 4431/950/3861
f 4433/950/3863 4435/950/3864 4428/950/3858
f 4436/950/3865 4425/950/3855 4434/950/3862
f 4434/950/3862 4435/950/3864 4436/950/3865
f 4437/950/1155 4435/950/3864 4433/950/3863
f 4437/950/1155 4436/950/3865 4435/950/3864
f 4437/950/1155 4433/950/3863 4430/950/3860
f 4437/950/1155 4430/950/3860 4427/950/3857
f 4425/950/3855 4436/950/3865 4438/950/3866
f 4437/950/1155 4438/950/3866 4436/950/3865
f 4427/950/3857 4425/950/3855 4438/950/3866
f 4437/950/1155 4427/950/3857 4438/950/3866
f 4439/689/3867 4125/696/3867 4120/696/3867
f 4439/689/594 4129/696/594 4125/696/594
f 4439/689/594 4120/696/594 4119/696/1695
f 4439/689/594 4133/695/594 4129/696/594
f 4439/689/594 4119/696/1695 4122/696/594
f 4439/689/594 4137/695/594 4133/695/594
f 4439/689/594 4122/696/594 4128/696/594
f 4439/689/594 4143/694/3567 4137/695/594
f 4439/689/594 4128/696/594 4132/696/594
f 4439/689/594 4145/693/594 4143/694/3567
f 4439/689/594 4132/696/594 4134/696/594
f 4439/689/594 4149/693/594 4145/693/594
f 4439/689/594 4134/696/594 4138/695/594
f 4439/689/594 4153/692/594 4149/693/594
f 4439/689/594 4138/695/594 4142/695/594
f 4439/689/594 4157/691/594 4153/692/594
f 4439/689/594 4142/695/594 4148/694/594
f 4439/689/594 4161/690/594 4157/691/594
f 4439/689/594 4148/694/594 4152/693/594
f 4439/689/594 4167/689/594 4161/690/594
f 4439/689/594 4152/693/594 4154/693/594
f 4439/689/594 4171/689/1695 4167/689/594
f 4439/689/594 4154/693/594 4158/692/594
f 4439/689/594 4173/688/594 4171/689/1695
f 4439/689/594 4158/692/594 4162/691/594
f 4439/689/594 4177/687/594 4173/688/594
f 4439/689/594 4162/691/594 4168/690/594
f 4439/689/594 4183/686/3587 4177/687/594
f 4439/689/594 4168/690/594 4172/689/594
f 4439/689/594 4185/685/594 4183/686/3587
f 4439/689/594 4172/689/594 4176/689/594
f 4439/689/594 4189/685/594 4185/685/594
f 4439/689/594 4176/689/594 4178/688/594
f 4439/689/594 4193/684/594 4189/685/594
f 4439/689/594 4178/688/594 4182/687/594
f 4439/689/594 4199/684/1162 4193/684/594
f 4439/689/594 4182/687/594 4186/686/594
f 4439/689/594 4203/683/594 4199/684/1162
f 4439/689/594 4186/686/594 4190/685/594
f 4439/689/594 4207/683/594 4203/683/594
f 4439/689/594 4190/685/594 4194/685/594
f 4439/689/594 4211/683/1155 4207/683/594
f 4439/689/594 4194/685/594 4200/684/1158
f 4439/689/594 4213/683/1158 4211/683/1155
f 4439/689/594 4200/684/1158 4202/684/594
f 4439/689/594 4217/683/594 4213/683/1158
f 4439/689/594 4202/684/594 4206/683/594
f 4439/689/594 4216/683/594 4217/683/594
f 4439/689/594 4206/683/594 4212/683/594
f 4439/689/594 4212/683/594 4216/683/594
