# Blender 5.2.0 LTS
# www.blender.org
mtllib RL door.mtl
o RL_door
v 0.008202 0.003128 -0.002095
v 0.008178 0.002918 -0.002150
v 0.008452 0.003127 -0.002067
v 0.008492 0.004620 -0.001426
v 0.008427 0.004622 -0.001379
v 0.008427 0.004589 -0.001378
v 0.008492 0.004588 -0.001426
v 0.008492 0.004620 -0.001426
v 0.008484 0.004586 -0.001506
v 0.008484 0.004618 -0.001507
v 0.008492 0.004588 -0.001426
v 0.008410 0.004617 -0.001539
v 0.008484 0.004618 -0.001507
v 0.008484 0.004586 -0.001506
v 0.008410 0.004585 -0.001539
v 0.008410 0.004617 -0.001539
v 0.008345 0.004586 -0.001491
v 0.008345 0.004619 -0.001492
v 0.008410 0.004585 -0.001539
v 0.008345 0.004619 -0.001492
v 0.008353 0.004588 -0.001411
v 0.008353 0.004621 -0.001412
v 0.008345 0.004586 -0.001491
v 0.008353 0.004621 -0.001412
v 0.008427 0.004589 -0.001378
v 0.008427 0.004622 -0.001379
v 0.008353 0.004588 -0.001411
v 0.008333 0.004586 -0.001499
v 0.008294 0.004430 -0.001606
v 0.008333 0.004433 -0.001493
v 0.008295 0.004583 -0.001609
v 0.008492 0.007615 -0.001468
v 0.008427 0.007616 -0.001421
v 0.008427 0.007584 -0.001420
v 0.008492 0.007582 -0.001468
v 0.008492 0.007615 -0.001468
v 0.008484 0.007580 -0.001548
v 0.008484 0.007613 -0.001549
v 0.008492 0.007582 -0.001468
v 0.008410 0.007612 -0.001581
v 0.008484 0.007613 -0.001549
v 0.008484 0.007580 -0.001548
v 0.008410 0.007580 -0.001581
v 0.008410 0.007612 -0.001581
v 0.008345 0.007581 -0.001533
v 0.008345 0.007613 -0.001534
v 0.008410 0.007580 -0.001581
v 0.008345 0.007613 -0.001534
v 0.008353 0.007583 -0.001453
v 0.008353 0.007615 -0.001454
v 0.008345 0.007581 -0.001533
v 0.008353 0.007615 -0.001454
v 0.008427 0.007584 -0.001420
v 0.008427 0.007616 -0.001421
v 0.008353 0.007583 -0.001453
v 0.008333 0.007581 -0.001541
v 0.008294 0.007425 -0.001648
v 0.008333 0.007428 -0.001535
v 0.008295 0.007578 -0.001651
v 0.008202 0.003128 -0.002095
v 0.008452 0.003127 -0.002067
v 0.008202 0.003215 -0.001936
v 0.008470 0.003214 -0.001909
v 0.008200 0.003404 -0.001807
v 0.008492 0.003401 -0.001782
v 0.008203 0.003590 -0.001738
v 0.008524 0.003583 -0.001724
v 0.008205 0.003789 -0.001699
v 0.008553 0.003776 -0.001696
v 0.008193 0.004162 -0.001646
v 0.008617 0.004163 -0.001636
v 0.008674 0.004627 -0.001635
v 0.008171 0.005193 -0.001645
v 0.008725 0.004865 -0.001635
v 0.008751 0.005035 -0.001634
v 0.008742 0.005182 -0.001627
v 0.008680 0.005396 -0.001624
v 0.008138 0.006223 -0.001650
v 0.008678 0.006115 -0.001621
v 0.008665 0.006792 -0.001642
v 0.008025 0.007778 -0.001694
v 0.008572 0.007773 -0.001667
v 0.008466 0.008310 -0.001695
v 0.007971 0.008896 -0.001739
v 0.008310 0.008894 -0.001719
v 0.008249 0.009088 -0.001720
v 0.007966 0.009153 -0.001722
v 0.008134 0.009101 -0.001574
v 0.007934 0.009089 -0.001572
v 0.007959 0.009178 -0.001588
v 0.007985 0.009206 -0.001592
v 0.007958 0.009294 -0.001605
v 0.007916 0.009310 -0.001608
v 0.007917 0.009338 -0.001639
v 0.008452 0.003127 -0.002067
v 0.008447 0.003147 -0.001609
v 0.008470 0.003214 -0.001909
v 0.008476 0.003182 -0.001601
v 0.008492 0.003401 -0.001782
v 0.008526 0.003385 -0.001543
v 0.008524 0.003583 -0.001724
v 0.008578 0.003631 -0.001478
v 0.008553 0.003776 -0.001696
v 0.008622 0.003877 -0.001420
v 0.008617 0.004163 -0.001636
v 0.008660 0.004103 -0.001377
v 0.008696 0.004329 -0.001349
v 0.008674 0.004627 -0.001635
v 0.008729 0.004555 -0.001335
v 0.008732 0.004629 -0.001322
v 0.008716 0.004669 -0.001334
v 0.008705 0.004825 -0.001353
v 0.008725 0.004865 -0.001635
v 0.008704 0.004948 -0.001354
v 0.008751 0.005035 -0.001634
v 0.008711 0.005065 -0.001349
v 0.008742 0.005182 -0.001627
v 0.008722 0.005180 -0.001334
v 0.008731 0.005264 -0.001314
v 0.008745 0.005377 -0.001272
v 0.008680 0.005396 -0.001624
v 0.008731 0.005451 -0.001284
v 0.008678 0.006115 -0.001621
v 0.008735 0.006119 -0.001280
v 0.008717 0.006786 -0.001303
v 0.008665 0.006792 -0.001642
v 0.008679 0.007280 -0.001331
v 0.008572 0.007773 -0.001667
v 0.008651 0.007527 -0.001350
v 0.008615 0.007772 -0.001376
v 0.008568 0.008058 -0.001414
v 0.008466 0.008310 -0.001695
v 0.008510 0.008343 -0.001455
v 0.008444 0.008620 -0.001497
v 0.008310 0.008894 -0.001719
v 0.008364 0.008894 -0.001540
v 0.008324 0.008985 -0.001556
v 0.008249 0.009088 -0.001720
v 0.008278 0.009055 -0.001568
v 0.008223 0.009092 -0.001574
v 0.008134 0.009101 -0.001574
v 0.008141 0.002916 -0.001670
v 0.008136 0.002939 -0.001650
v 0.008167 0.002916 -0.001694
v 0.008308 0.003004 -0.001639
v 0.008177 0.002916 -0.001725
v 0.008452 0.003127 -0.002067
v 0.008178 0.002918 -0.002150
v 0.008327 0.003028 -0.001634
v 0.008348 0.003103 -0.001618
v 0.008369 0.003125 -0.001613
v 0.008447 0.003147 -0.001609
v 0.008430 0.004583 -0.001609
v 0.008295 0.004583 -0.001609
v 0.008333 0.004586 -0.001499
v 0.008492 0.004586 -0.001512
v 0.008341 0.004588 -0.001407
v 0.008424 0.004589 -0.001367
v 0.008500 0.004588 -0.001420
v 0.008333 0.004433 -0.001493
v 0.008294 0.004430 -0.001606
v 0.008407 0.004432 -0.001547
v 0.008428 0.004430 -0.001606
v 0.008491 0.004433 -0.001509
v 0.008333 0.007428 -0.001535
v 0.008294 0.007425 -0.001648
v 0.008407 0.007426 -0.001589
v 0.008428 0.007425 -0.001648
v 0.008491 0.007427 -0.001551
v 0.008119 0.009485 -0.012312
v 0.008114 0.009563 -0.012296
v 0.008054 0.009578 -0.012323
v 0.008229 0.009399 -0.012265
v 0.008176 0.009385 -0.012291
v 0.008233 0.009274 -0.012261
v 0.008291 0.009148 -0.012213
v 0.008371 0.009068 -0.012136
v 0.008338 0.009023 -0.012153
v 0.008379 0.008901 -0.012082
v 0.008466 0.008767 -0.011950
v 0.008421 0.008751 -0.011986
v 0.008496 0.008466 -0.011751
v 0.008530 0.008483 -0.011721
v 0.008537 0.008280 -0.011585
v 0.008574 0.008093 -0.011406
v 0.008633 0.007925 -0.011205
v 0.008606 0.007906 -0.011214
v 0.008654 0.007587 -0.010885
v 0.008697 0.007240 -0.010523
v 0.008726 0.006917 -0.010188
v 0.008751 0.006902 -0.010158
v 0.008743 0.006659 -0.009925
v 0.008766 0.006449 -0.009700
v 0.008751 0.006446 -0.009725
v 0.008755 0.006232 -0.009538
v 0.008755 0.006021 -0.009374
v 0.008776 0.005936 -0.009284
v 0.008752 0.005810 -0.009220
v 0.008771 0.005411 -0.008943
v 0.008748 0.005599 -0.009085
v 0.008746 0.005382 -0.008961
v 0.008740 0.005163 -0.008850
v 0.008743 0.004931 -0.008693
v 0.008730 0.004939 -0.008753
v 0.008711 0.004716 -0.008672
v 0.008682 0.004435 -0.008585
v 0.008683 0.004285 -0.008464
v 0.008639 0.004082 -0.008485
v 0.008635 0.003739 -0.008324
v 0.008592 0.003741 -0.008402
v 0.008546 0.003421 -0.008333
v 0.008526 0.003222 -0.008192
v 0.008511 0.003181 -0.008287
v 0.008440 0.003120 -0.008250
v 0.008464 0.003124 -0.008132
v 0.008388 0.003103 -0.008211
v 0.008306 0.003030 -0.008087
v 0.008445 0.003074 -0.007980
v 0.008271 0.002987 -0.007995
v 0.008250 0.002963 -0.007921
v 0.008239 0.002954 -0.007849
v 0.008233 0.002952 -0.007775
v 0.008439 0.003040 -0.007184
v 0.008215 0.002945 -0.006861
v 0.008191 0.002936 -0.005580
v 0.008184 0.002929 -0.004299
v 0.008181 0.002923 -0.003019
v 0.008188 0.003126 -0.002448
v 0.008178 0.002918 -0.002150
v 0.008181 0.003136 -0.002289
v 0.008202 0.003128 -0.002095
v 0.008171 0.003175 -0.002116
v 0.008161 0.003259 -0.001968
v 0.008202 0.003215 -0.001936
v 0.008200 0.003404 -0.001807
v 0.008153 0.003433 -0.001849
v 0.008203 0.003590 -0.001738
v 0.008153 0.003616 -0.001779
v 0.008205 0.003789 -0.001699
v 0.008153 0.003810 -0.001740
v 0.008193 0.004162 -0.001646
v 0.008138 0.004179 -0.001692
v 0.008171 0.005193 -0.001645
v 0.008110 0.005206 -0.001695
v 0.008138 0.006223 -0.001650
v 0.008073 0.006232 -0.001703
v 0.008025 0.007778 -0.001694
v 0.007972 0.007783 -0.001734
v 0.007971 0.008896 -0.001739
v 0.007928 0.008895 -0.001767
v 0.007966 0.009153 -0.001722
v 0.007911 0.009296 -0.001739
v 0.007917 0.009338 -0.001639
v 0.008463 0.003949 -0.001593
v 0.008365 0.003949 -0.001593
v 0.008414 0.003939 -0.001593
v 0.008504 0.003976 -0.001594
v 0.008323 0.003976 -0.001594
v 0.008532 0.004018 -0.001595
v 0.008296 0.004018 -0.001595
v 0.008542 0.004067 -0.001596
v 0.008286 0.004067 -0.001596
v 0.008286 0.004766 -0.001614
v 0.008542 0.004766 -0.001614
v 0.008532 0.004815 -0.001615
v 0.008296 0.004815 -0.001615
v 0.008504 0.004856 -0.001617
v 0.008323 0.004856 -0.001617
v 0.008463 0.004884 -0.001617
v 0.008365 0.004884 -0.001617
v 0.008414 0.004894 -0.001617
v 0.008484 0.004618 -0.001507
v 0.008427 0.004622 -0.001379
v 0.008492 0.004620 -0.001426
v 0.008353 0.004621 -0.001412
v 0.008410 0.004617 -0.001539
v 0.008345 0.004619 -0.001492
v 0.008430 0.004583 -0.001609
v 0.008491 0.004433 -0.001509
v 0.008428 0.004430 -0.001606
v 0.008492 0.004586 -0.001512
v 0.008501 0.004435 -0.001417
v 0.008500 0.004588 -0.001420
v 0.008426 0.004437 -0.001364
v 0.008424 0.004589 -0.001367
v 0.008341 0.004588 -0.001407
v 0.008342 0.004436 -0.001401
v 0.008333 0.004433 -0.001493
v 0.008333 0.004586 -0.001499
v 0.008463 0.006943 -0.001635
v 0.008365 0.006943 -0.001635
v 0.008414 0.006934 -0.001635
v 0.008504 0.006971 -0.001636
v 0.008323 0.006971 -0.001636
v 0.008532 0.007012 -0.001637
v 0.008296 0.007012 -0.001637
v 0.008542 0.007061 -0.001638
v 0.008286 0.007061 -0.001638
v 0.008286 0.007761 -0.001656
v 0.008542 0.007761 -0.001656
v 0.008532 0.007810 -0.001657
v 0.008296 0.007810 -0.001657
v 0.008504 0.007851 -0.001658
v 0.008323 0.007851 -0.001658
v 0.008463 0.007879 -0.001659
v 0.008365 0.007879 -0.001659
v 0.008414 0.007888 -0.001659
v 0.008484 0.007613 -0.001549
v 0.008427 0.007616 -0.001421
v 0.008492 0.007615 -0.001468
v 0.008353 0.007615 -0.001454
v 0.008410 0.007612 -0.001581
v 0.008345 0.007613 -0.001534
v 0.008430 0.007578 -0.001651
v 0.008491 0.007427 -0.001551
v 0.008428 0.007425 -0.001648
v 0.008492 0.007580 -0.001554
v 0.008501 0.007430 -0.001460
v 0.008500 0.007583 -0.001462
v 0.008426 0.007431 -0.001406
v 0.008424 0.007584 -0.001409
v 0.008341 0.007583 -0.001449
v 0.008342 0.007430 -0.001443
v 0.008333 0.007428 -0.001535
v 0.008333 0.007581 -0.001541
v 0.008430 0.007578 -0.001651
v 0.008295 0.007578 -0.001651
v 0.008333 0.007581 -0.001541
v 0.008492 0.007580 -0.001554
v 0.008424 0.007584 -0.001409
v 0.008341 0.007583 -0.001449
v 0.008500 0.007583 -0.001462
v 0.008134 0.009101 -0.001574
v 0.007997 0.009148 -0.001595
v 0.007934 0.009089 -0.001572
v 0.008184 0.009159 -0.001596
v 0.008027 0.009172 -0.001625
v 0.008223 0.009092 -0.001574
v 0.008202 0.009182 -0.001626
v 0.008281 0.009137 -0.001594
v 0.008278 0.009055 -0.001568
v 0.008080 0.009181 -0.001652
v 0.008345 0.009088 -0.001586
v 0.008324 0.008985 -0.001556
v 0.008301 0.009155 -0.001623
v 0.008208 0.009188 -0.001653
v 0.008399 0.009004 -0.001571
v 0.008364 0.008894 -0.001540
v 0.008369 0.009102 -0.001614
v 0.008307 0.009162 -0.001650
v 0.008446 0.008894 -0.001552
v 0.008444 0.008620 -0.001497
v 0.008427 0.009011 -0.001598
v 0.008526 0.008620 -0.001510
v 0.008510 0.008343 -0.001455
v 0.008477 0.008894 -0.001578
v 0.008592 0.008343 -0.001468
v 0.008568 0.008058 -0.001414
v 0.008556 0.008621 -0.001536
v 0.008650 0.008059 -0.001426
v 0.008615 0.007772 -0.001376
v 0.008623 0.008343 -0.001494
v 0.008698 0.007772 -0.001389
v 0.008651 0.007527 -0.001350
v 0.008680 0.008059 -0.001452
v 0.008733 0.007527 -0.001363
v 0.008679 0.007280 -0.001331
v 0.008728 0.007773 -0.001415
v 0.008761 0.007280 -0.001343
v 0.008717 0.006786 -0.001303
v 0.008764 0.007527 -0.001389
v 0.008800 0.006786 -0.001315
v 0.008735 0.006119 -0.001280
v 0.008792 0.007281 -0.001369
v 0.008773 0.007528 -0.001415
v 0.008801 0.007281 -0.001395
v 0.008737 0.007773 -0.001441
v 0.008808 0.007307 -0.003243
v 0.008690 0.008059 -0.001478
v 0.008737 0.007799 -0.003389
v 0.008632 0.008343 -0.001520
v 0.008565 0.008621 -0.001562
v 0.008632 0.008368 -0.003557
v 0.008486 0.008895 -0.001605
v 0.008563 0.008648 -0.003625
v 0.008435 0.009014 -0.001625
v 0.008483 0.008923 -0.003691
v 0.008376 0.009108 -0.001641
v 0.008427 0.009058 -0.003723
v 0.008365 0.009162 -0.003747
v 0.008290 0.009227 -0.003761
v 0.008416 0.009104 -0.005827
v 0.008189 0.009263 -0.003767
v 0.008068 0.009266 -0.003767
v 0.008347 0.009221 -0.005856
v 0.008265 0.009296 -0.005870
v 0.008163 0.009341 -0.005874
v 0.008051 0.009351 -0.005875
v 0.008323 0.009284 -0.007834
v 0.008129 0.009423 -0.007863
v 0.008031 0.009433 -0.007863
v 0.008231 0.009372 -0.007852
v 0.008099 0.009525 -0.010079
v 0.007998 0.009532 -0.010080
v 0.008195 0.009469 -0.010070
v 0.008071 0.009603 -0.011492
v 0.007977 0.009596 -0.011495
v 0.008287 0.009367 -0.010051
v 0.008014 0.009626 -0.011627
v 0.007961 0.009616 -0.011620
v 0.008162 0.009550 -0.011719
v 0.007993 0.009667 -0.011681
v 0.007945 0.009664 -0.011670
v 0.008062 0.009613 -0.011639
v 0.008027 0.009663 -0.011703
v 0.008077 0.009640 -0.012045
v 0.007962 0.009722 -0.011695
v 0.007921 0.009717 -0.011684
v 0.007987 0.009729 -0.011717
v 0.007938 0.009785 -0.011685
v 0.007899 0.009784 -0.011675
v 0.007956 0.009789 -0.011698
v 0.007884 0.009938 -0.011608
v 0.007841 0.009934 -0.011602
v 0.008004 0.009712 -0.012041
v 0.007938 0.009832 -0.011999
v 0.007870 0.009992 -0.011901
v 0.007832 0.010061 -0.011531
v 0.007793 0.010059 -0.011526
v 0.007804 0.010156 -0.011777
v 0.007777 0.010191 -0.011439
v 0.007739 0.010190 -0.011437
v 0.007743 0.010309 -0.011653
v 0.007715 0.010336 -0.011326
v 0.007677 0.010335 -0.011326
v 0.007680 0.010470 -0.011520
v 0.007639 0.010518 -0.011173
v 0.007598 0.010516 -0.011173
v 0.007600 0.010662 -0.011347
v 0.007513 0.010804 -0.010905
v 0.007476 0.010798 -0.010909
v 0.007477 0.010942 -0.011067
v 0.007422 0.011015 -0.010687
v 0.007386 0.011008 -0.010693
v 0.007385 0.011146 -0.010840
v 0.007333 0.011217 -0.010459
v 0.007298 0.011208 -0.010468
v 0.007292 0.011344 -0.010606
v 0.007244 0.011411 -0.010231
v 0.007210 0.011401 -0.010243
v 0.007202 0.011531 -0.010371
v 0.007136 0.011633 -0.009952
v 0.007103 0.011623 -0.009962
v 0.007094 0.011752 -0.010085
v 0.007027 0.011845 -0.009673
v 0.006996 0.011835 -0.009682
v 0.006987 0.011961 -0.009797
v 0.006925 0.012038 -0.009402
v 0.006896 0.012029 -0.009407
v 0.006887 0.012153 -0.009522
v 0.006827 0.012222 -0.009125
v 0.006799 0.012215 -0.009125
v 0.006788 0.012336 -0.009241
v 0.006733 0.012397 -0.008841
v 0.006706 0.012393 -0.008837
v 0.006693 0.012510 -0.008953
v 0.006651 0.012551 -0.008576
v 0.006628 0.012547 -0.008573
v 0.006606 0.012666 -0.008675
v 0.006577 0.012691 -0.008317
v 0.006555 0.012687 -0.008313
v 0.006510 0.012766 -0.008146
v 0.006527 0.012810 -0.008398
v 0.006498 0.012831 -0.008021
v 0.006477 0.012823 -0.008026
v 0.006457 0.012860 -0.007934
v 0.006446 0.012953 -0.008090
v 0.006432 0.012948 -0.007748
v 0.006413 0.012940 -0.007744
v 0.006383 0.013066 -0.007816
v 0.006377 0.013044 -0.007479
v 0.006357 0.013034 -0.007474
v 0.006328 0.013164 -0.007536
v 0.006334 0.013117 -0.007218
v 0.006316 0.013104 -0.007214
v 0.006284 0.013240 -0.007263
v 0.006301 0.013174 -0.006950
v 0.006285 0.013159 -0.006948
v 0.006258 0.013208 -0.006644
v 0.006249 0.013300 -0.006984
v 0.006272 0.013225 -0.006645
v 0.006235 0.013247 -0.006337
v 0.006219 0.013353 -0.006671
v 0.006249 0.013265 -0.006337
v 0.006217 0.013279 -0.006044
v 0.006195 0.013395 -0.006355
v 0.006231 0.013297 -0.006045
v 0.006201 0.013307 -0.005738
v 0.006177 0.013428 -0.006061
v 0.006132 0.013481 -0.006370
v 0.006216 0.013324 -0.005739
v 0.006113 0.013516 -0.006074
v 0.006162 0.013457 -0.005754
v 0.006098 0.013546 -0.005765
v 0.006205 0.013344 -0.005433
v 0.006188 0.013329 -0.005432
v 0.006151 0.013479 -0.005446
v 0.006195 0.013362 -0.005048
v 0.006177 0.013350 -0.005047
v 0.006141 0.013498 -0.005058
v 0.006087 0.013569 -0.005455
v 0.006078 0.013589 -0.005065
v 0.006133 0.013514 -0.004633
v 0.006187 0.013378 -0.004627
v 0.006167 0.013368 -0.004628
v 0.006158 0.013383 -0.004116
v 0.006069 0.013606 -0.004638
v 0.006179 0.013391 -0.004116
v 0.006155 0.013390 -0.003604
v 0.006124 0.013528 -0.004118
v 0.006176 0.013397 -0.003604
v 0.006154 0.013390 -0.002998
v 0.006061 0.013621 -0.004121
v 0.006175 0.013398 -0.002998
v 0.006161 0.013384 -0.002616
v 0.006121 0.013533 -0.003603
v 0.006057 0.013627 -0.003603
v 0.006121 0.013535 -0.002998
v 0.006182 0.013392 -0.002588
v 0.006162 0.013384 -0.002588
v 0.006162 0.013383 -0.002264
v 0.006183 0.013391 -0.002250
v 0.006157 0.013383 -0.002236
v 0.006129 0.013530 -0.002265
v 0.006154 0.013391 -0.002209
v 0.006133 0.013383 -0.002209
v 0.006178 0.013391 -0.002223
v 0.006120 0.013534 -0.002238
v 0.006093 0.013539 -0.002226
v 0.006061 0.013623 -0.002248
v 0.006046 0.013609 -0.002234
v 0.006065 0.013625 -0.002276
v 0.006057 0.013629 -0.002998
v 0.006047 0.013643 -0.002278
v 0.006030 0.013637 -0.002252
v 0.005963 0.013620 -0.002237
v 0.005957 0.013622 -0.002253
v 0.006024 0.013649 -0.002294
v 0.005948 0.013629 -0.002997
v 0.006038 0.013646 -0.002998
v 0.006016 0.013653 -0.002998
v 0.005947 0.013627 -0.003603
v 0.006038 0.013643 -0.003603
v 0.006016 0.013650 -0.003603
v 0.005949 0.013621 -0.004122
v 0.006042 0.013637 -0.004121
v 0.006019 0.013644 -0.004122
v 0.005956 0.013607 -0.004641
v 0.006050 0.013623 -0.004639
v 0.006028 0.013630 -0.004641
v 0.005963 0.013590 -0.005067
v 0.006059 0.013605 -0.005066
v 0.006036 0.013613 -0.005066
v 0.005971 0.013570 -0.005458
v 0.006068 0.013585 -0.005456
v 0.006046 0.013593 -0.005458
v 0.005981 0.013547 -0.005770
v 0.006079 0.013562 -0.005767
v 0.006057 0.013570 -0.005768
v 0.005995 0.013516 -0.006082
v 0.006094 0.013532 -0.006076
v 0.006071 0.013539 -0.006078
v 0.006013 0.013481 -0.006380
v 0.006112 0.013497 -0.006372
v 0.006090 0.013504 -0.006375
v 0.006037 0.013437 -0.006704
v 0.006157 0.013437 -0.006691
v 0.006137 0.013452 -0.006696
v 0.006114 0.013459 -0.006699
v 0.006069 0.013383 -0.007027
v 0.006188 0.013382 -0.007011
v 0.006169 0.013397 -0.007016
v 0.006146 0.013405 -0.007021
v 0.006102 0.013326 -0.007317
v 0.006224 0.013321 -0.007295
v 0.006203 0.013341 -0.007306
v 0.006178 0.013350 -0.007315
v 0.006146 0.013250 -0.007598
v 0.006267 0.013245 -0.007574
v 0.006246 0.013264 -0.007585
v 0.006221 0.013274 -0.007594
v 0.006200 0.013150 -0.007890
v 0.006321 0.013146 -0.007863
v 0.006301 0.013165 -0.007875
v 0.006276 0.013174 -0.007884
v 0.006264 0.013035 -0.008176
v 0.006383 0.013035 -0.008142
v 0.006363 0.013052 -0.008157
v 0.006340 0.013060 -0.008169
v 0.006344 0.012898 -0.008483
v 0.006464 0.012895 -0.008454
v 0.006444 0.012913 -0.008467
v 0.006420 0.012923 -0.008476
v 0.006432 0.012751 -0.008780
v 0.006548 0.012750 -0.008747
v 0.006530 0.012767 -0.008762
v 0.006507 0.012776 -0.008772
v 0.006528 0.012601 -0.009074
v 0.006639 0.012594 -0.009035
v 0.006622 0.012610 -0.009051
v 0.006599 0.012619 -0.009063
v 0.006628 0.012427 -0.009378
v 0.006739 0.012420 -0.009332
v 0.006722 0.012435 -0.009350
v 0.006699 0.012443 -0.009363
v 0.006730 0.012244 -0.009676
v 0.006841 0.012236 -0.009621
v 0.006825 0.012250 -0.009641
v 0.006802 0.012258 -0.009657
v 0.006839 0.012048 -0.009978
v 0.006946 0.012042 -0.009904
v 0.006930 0.012056 -0.009930
v 0.007054 0.011836 -0.010198
v 0.006907 0.012061 -0.009952
v 0.007035 0.011852 -0.010216
v 0.007161 0.011624 -0.010488
v 0.007010 0.011862 -0.010230
v 0.006943 0.011856 -0.010256
v 0.007049 0.011650 -0.010534
v 0.007143 0.011638 -0.010509
v 0.007254 0.011439 -0.010733
v 0.007118 0.011646 -0.010524
v 0.007142 0.011464 -0.010780
v 0.007236 0.011452 -0.010754
v 0.007345 0.011250 -0.010975
v 0.007211 0.011460 -0.010769
v 0.007235 0.011274 -0.011022
v 0.007328 0.011262 -0.010996
v 0.007436 0.011055 -0.011211
v 0.007303 0.011269 -0.011010
v 0.007328 0.011073 -0.011262
v 0.007420 0.011065 -0.011232
v 0.007552 0.010788 -0.011504
v 0.007397 0.011070 -0.011248
v 0.007442 0.010812 -0.011546
v 0.007535 0.010800 -0.011520
v 0.007633 0.010593 -0.011698
v 0.007511 0.010808 -0.011532
v 0.007525 0.010612 -0.011743
v 0.007617 0.010603 -0.011716
v 0.007698 0.010436 -0.011846
v 0.007594 0.010608 -0.011728
v 0.007592 0.010448 -0.011894
v 0.007682 0.010443 -0.011864
v 0.007660 0.010445 -0.011877
v 0.007661 0.010277 -0.012036
v 0.007764 0.010270 -0.011987
v 0.007749 0.010275 -0.012005
v 0.007728 0.010276 -0.012019
v 0.007703 0.010172 -0.012116
v 0.007808 0.010155 -0.012071
v 0.007795 0.010161 -0.012090
v 0.007772 0.010167 -0.012105
v 0.007742 0.010074 -0.012178
v 0.007843 0.010064 -0.012126
v 0.007831 0.010069 -0.012149
v 0.007809 0.010072 -0.012167
v 0.007783 0.009973 -0.012232
v 0.007881 0.009967 -0.012177
v 0.007871 0.009968 -0.012203
v 0.007849 0.009972 -0.012224
v 0.007818 0.009887 -0.012268
v 0.007916 0.009881 -0.012210
v 0.007908 0.009884 -0.012235
v 0.007884 0.009886 -0.012260
v 0.007859 0.009804 -0.012297
v 0.007956 0.009798 -0.012237
v 0.007948 0.009800 -0.012262
v 0.007925 0.009803 -0.012288
v 0.007905 0.009733 -0.012316
v 0.008000 0.009728 -0.012253
v 0.007993 0.009730 -0.012279
v 0.007971 0.009732 -0.012306
v 0.007979 0.009655 -0.012326
v 0.008045 0.009655 -0.012315
v 0.008054 0.009578 -0.012323
v 0.008075 0.009652 -0.012261
v 0.008067 0.009653 -0.012288
v 0.008121 0.009578 -0.012313
v 0.008119 0.009485 -0.012312
v 0.008143 0.009577 -0.012285
v 0.008151 0.009576 -0.012258
v 0.008186 0.009484 -0.012301
v 0.008176 0.009385 -0.012291
v 0.008208 0.009483 -0.012273
v 0.008243 0.009385 -0.012280
v 0.008233 0.009274 -0.012261
v 0.008216 0.009483 -0.012246
v 0.008265 0.009384 -0.012252
v 0.008300 0.009274 -0.012249
v 0.008291 0.009148 -0.012213
v 0.008234 0.009453 -0.011679
v 0.008358 0.009147 -0.012201
v 0.008338 0.009023 -0.012153
v 0.008272 0.009383 -0.012224
v 0.008322 0.009273 -0.012221
v 0.008340 0.009256 -0.011570
v 0.008329 0.009272 -0.012192
v 0.008380 0.009146 -0.012171
v 0.008404 0.009023 -0.012141
v 0.008379 0.008901 -0.012082
v 0.008387 0.009145 -0.012141
v 0.008427 0.009022 -0.012109
v 0.008446 0.008900 -0.012070
v 0.008421 0.008751 -0.011986
v 0.008433 0.009024 -0.012080
v 0.008488 0.008750 -0.011973
v 0.008460 0.008608 -0.011874
v 0.008468 0.008899 -0.012038
v 0.008526 0.008607 -0.011862
v 0.008496 0.008466 -0.011751
v 0.008510 0.008749 -0.011940
v 0.008475 0.008898 -0.012005
v 0.008434 0.009015 -0.011408
v 0.008518 0.008747 -0.011906
v 0.008366 0.009216 -0.010021
v 0.008525 0.008727 -0.011190
v 0.008549 0.008605 -0.011828
v 0.008557 0.008603 -0.011793
v 0.008562 0.008465 -0.011739
v 0.008537 0.008280 -0.011585
v 0.008584 0.008464 -0.011705
v 0.008603 0.008279 -0.011573
v 0.008574 0.008093 -0.011406
v 0.008592 0.008464 -0.011671
v 0.008640 0.008093 -0.011394
v 0.008606 0.007906 -0.011214
v 0.008626 0.008279 -0.011538
v 0.008673 0.007905 -0.011202
v 0.008654 0.007587 -0.010885
v 0.008662 0.008092 -0.011359
v 0.008633 0.008278 -0.011504
v 0.008596 0.008455 -0.010942
v 0.008669 0.008091 -0.011323
v 0.008695 0.007905 -0.011166
v 0.008720 0.007587 -0.010874
v 0.008697 0.007240 -0.010523
v 0.008643 0.008239 -0.010735
v 0.008763 0.007242 -0.010513
v 0.008726 0.006917 -0.010188
v 0.008742 0.007590 -0.010842
v 0.008702 0.007904 -0.011130
v 0.008792 0.006921 -0.010181
v 0.008743 0.006659 -0.009925
v 0.008785 0.007245 -0.010482
v 0.008809 0.006661 -0.009918
v 0.008751 0.006446 -0.009725
v 0.008813 0.006931 -0.010159
v 0.008749 0.007592 -0.010809
v 0.008791 0.007249 -0.010451
v 0.008830 0.006670 -0.009894
v 0.008819 0.006941 -0.010136
v 0.008776 0.007391 -0.009689
v 0.008817 0.006448 -0.009717
v 0.008837 0.006679 -0.009871
v 0.008821 0.006234 -0.009530
v 0.008755 0.006232 -0.009538
v 0.008839 0.006455 -0.009693
v 0.008821 0.006022 -0.009366
v 0.008755 0.006021 -0.009374
v 0.008843 0.006239 -0.009504
v 0.008846 0.006462 -0.009668
v 0.008818 0.005810 -0.009211
v 0.008752 0.005810 -0.009220
v 0.008843 0.006025 -0.009339
v 0.008850 0.006245 -0.009477
v 0.008814 0.005599 -0.009075
v 0.008748 0.005599 -0.009085
v 0.008840 0.005812 -0.009184
v 0.008850 0.006029 -0.009312
v 0.008812 0.005381 -0.008950
v 0.008746 0.005382 -0.008961
v 0.008836 0.005598 -0.009047
v 0.008847 0.005813 -0.009156
v 0.008807 0.005161 -0.008840
v 0.008740 0.005163 -0.008850
v 0.008834 0.005379 -0.008921
v 0.008797 0.004938 -0.008743
v 0.008730 0.004939 -0.008753
v 0.008831 0.005157 -0.008811
v 0.008778 0.004716 -0.008662
v 0.008711 0.004716 -0.008672
v 0.008821 0.004935 -0.008714
v 0.008749 0.004435 -0.008574
v 0.008682 0.004435 -0.008585
v 0.008802 0.004713 -0.008633
v 0.008705 0.004082 -0.008475
v 0.008639 0.004082 -0.008485
v 0.008772 0.004434 -0.008547
v 0.008658 0.003741 -0.008391
v 0.008592 0.003741 -0.008402
v 0.008727 0.004083 -0.008448
v 0.008613 0.003421 -0.008322
v 0.008546 0.003421 -0.008333
v 0.008680 0.003741 -0.008363
v 0.008577 0.003181 -0.008275
v 0.008511 0.003181 -0.008287
v 0.008635 0.003422 -0.008293
v 0.008735 0.004084 -0.008420
v 0.008541 0.003143 -0.008249
v 0.008440 0.003120 -0.008250
v 0.008687 0.003741 -0.008335
v 0.008780 0.004433 -0.008519
v 0.008765 0.004186 -0.007918
v 0.008642 0.003424 -0.008265
v 0.008599 0.003180 -0.008246
v 0.008573 0.003143 -0.008218
v 0.008605 0.003180 -0.008217
v 0.008686 0.003693 -0.007757
v 0.008602 0.003177 -0.007653
v 0.008579 0.003143 -0.008190
v 0.008497 0.003123 -0.008168
v 0.008456 0.003119 -0.008203
v 0.008388 0.003103 -0.008211
v 0.008516 0.003124 -0.008132
v 0.008430 0.003055 -0.008064
v 0.008306 0.003030 -0.008087
v 0.008475 0.003101 -0.008125
v 0.008416 0.003015 -0.007964
v 0.008271 0.002987 -0.007995
v 0.008250 0.002963 -0.007921
v 0.008464 0.003069 -0.008049
v 0.008407 0.002991 -0.007892
v 0.008239 0.002954 -0.007849
v 0.008449 0.003029 -0.007948
v 0.008491 0.003101 -0.008085
v 0.008470 0.003050 -0.007925
v 0.008443 0.003007 -0.007875
v 0.008403 0.002982 -0.007825
v 0.008233 0.002952 -0.007775
v 0.008463 0.003031 -0.007851
v 0.008401 0.002980 -0.007757
v 0.008215 0.002945 -0.006861
v 0.008442 0.002999 -0.007811
v 0.008389 0.002973 -0.006867
v 0.008442 0.002997 -0.007746
v 0.008460 0.003025 -0.007789
v 0.008485 0.003101 -0.007636
v 0.008458 0.003023 -0.007729
v 0.008431 0.002989 -0.006871
v 0.008450 0.003014 -0.006876
v 0.008508 0.003123 -0.007642
v 0.008477 0.003097 -0.006895
v 0.008575 0.003139 -0.007646
v 0.008500 0.003118 -0.006900
v 0.008570 0.003135 -0.006903
v 0.008597 0.003172 -0.006912
v 0.008692 0.003685 -0.007027
v 0.008590 0.003164 -0.005608
v 0.008777 0.004176 -0.007138
v 0.008695 0.003672 -0.005669
v 0.008781 0.004158 -0.005729
v 0.008853 0.004647 -0.007244
v 0.008852 0.004625 -0.005786
v 0.008783 0.004140 -0.004321
v 0.008849 0.004602 -0.004329
v 0.008695 0.003658 -0.004312
v 0.008775 0.004122 -0.002913
v 0.008689 0.003645 -0.002955
v 0.008584 0.003157 -0.004303
v 0.008578 0.003148 -0.002999
v 0.008561 0.003128 -0.005603
v 0.008491 0.003112 -0.005601
v 0.008555 0.003121 -0.004303
v 0.008468 0.003091 -0.005599
v 0.008485 0.003105 -0.004302
v 0.008549 0.003112 -0.003003
v 0.008479 0.003096 -0.003004
v 0.008462 0.003084 -0.004302
v 0.008439 0.003005 -0.005588
v 0.008456 0.003076 -0.003006
v 0.008419 0.002980 -0.005585
v 0.008432 0.002998 -0.004301
v 0.008377 0.002964 -0.005583
v 0.008191 0.002936 -0.005580
v 0.008412 0.002973 -0.004300
v 0.008369 0.002957 -0.004300
v 0.008184 0.002929 -0.004299
v 0.008181 0.002923 -0.003019
v 0.008365 0.002951 -0.003017
v 0.008177 0.002916 -0.001725
v 0.008408 0.002967 -0.003016
v 0.008361 0.002944 -0.001720
v 0.008427 0.002991 -0.003013
v 0.008403 0.002960 -0.001716
v 0.008423 0.002985 -0.001711
v 0.008350 0.002944 -0.001689
v 0.008167 0.002916 -0.001694
v 0.008393 0.002960 -0.001686
v 0.008323 0.002943 -0.001664
v 0.008141 0.002916 -0.001670
v 0.008136 0.002939 -0.001650
v 0.008308 0.003004 -0.001639
v 0.008366 0.002960 -0.001661
v 0.008327 0.003028 -0.001634
v 0.008386 0.002984 -0.001656
v 0.008412 0.002985 -0.001681
v 0.008409 0.003063 -0.001639
v 0.008348 0.003103 -0.001618
v 0.008369 0.003125 -0.001613
v 0.008450 0.003067 -0.001694
v 0.008438 0.003066 -0.001663
v 0.008431 0.003084 -0.001635
v 0.008447 0.003147 -0.001609
v 0.008459 0.003086 -0.001654
v 0.008472 0.003087 -0.001687
v 0.008506 0.003103 -0.001630
v 0.008476 0.003182 -0.001601
v 0.008543 0.003103 -0.001686
v 0.008532 0.003103 -0.001655
v 0.008571 0.003139 -0.001679
v 0.008632 0.003385 -0.001608
v 0.008561 0.003139 -0.001648
v 0.008534 0.003138 -0.001623
v 0.008595 0.003385 -0.001552
v 0.008526 0.003385 -0.001543
v 0.008578 0.003631 -0.001478
v 0.008621 0.003385 -0.001577
v 0.008647 0.003631 -0.001487
v 0.008622 0.003877 -0.001420
v 0.008684 0.003632 -0.001543
v 0.008673 0.003631 -0.001512
v 0.008692 0.003877 -0.001429
v 0.008660 0.004103 -0.001377
v 0.008729 0.003878 -0.001485
v 0.008718 0.003877 -0.001454
v 0.008729 0.004103 -0.001386
v 0.008696 0.004329 -0.001349
v 0.008766 0.004104 -0.001442
v 0.008756 0.004104 -0.001411
v 0.008765 0.004329 -0.001359
v 0.008729 0.004555 -0.001335
v 0.008802 0.004330 -0.001414
v 0.008791 0.004330 -0.001383
v 0.008798 0.004555 -0.001344
v 0.008842 0.004579 -0.002872
v 0.008835 0.004556 -0.001399
v 0.008824 0.004556 -0.001368
v 0.008782 0.004592 -0.001343
v 0.008732 0.004629 -0.001322
v 0.008757 0.004630 -0.001367
v 0.008809 0.004593 -0.001368
v 0.008767 0.004630 -0.001398
v 0.008819 0.004593 -0.001398
v 0.008774 0.004653 -0.002873
v 0.008826 0.004616 -0.002873
v 0.008833 0.004639 -0.004332
v 0.008781 0.004676 -0.004336
v 0.008836 0.004662 -0.005792
v 0.008783 0.004699 -0.005799
v 0.008837 0.004684 -0.007253
v 0.008784 0.004721 -0.007263
v 0.008841 0.004661 -0.008137
v 0.008824 0.004698 -0.008129
v 0.008772 0.004735 -0.008122
v 0.008771 0.004746 -0.008205
v 0.008824 0.004710 -0.008218
v 0.008772 0.004771 -0.008285
v 0.008840 0.004674 -0.008231
v 0.008824 0.004737 -0.008302
v 0.008772 0.004804 -0.008344
v 0.008841 0.004702 -0.008320
v 0.008825 0.004772 -0.008366
v 0.008841 0.004740 -0.008388
v 0.008810 0.004711 -0.008605
v 0.008842 0.004793 -0.008444
v 0.008826 0.004822 -0.008418
v 0.008773 0.004851 -0.008393
v 0.008843 0.004946 -0.008532
v 0.008827 0.004963 -0.008499
v 0.008774 0.004980 -0.008467
v 0.008828 0.005146 -0.008583
v 0.008775 0.005151 -0.008545
v 0.008830 0.004932 -0.008685
v 0.008845 0.005140 -0.008620
v 0.008830 0.005356 -0.008669
v 0.008777 0.005354 -0.008629
v 0.008776 0.005396 -0.008631
v 0.008840 0.005153 -0.008782
v 0.008847 0.005359 -0.008710
v 0.008829 0.005410 -0.008673
v 0.008774 0.005436 -0.008620
v 0.008842 0.005377 -0.008891
v 0.008846 0.005423 -0.008714
v 0.008827 0.005459 -0.008658
v 0.008844 0.005597 -0.009018
v 0.008843 0.005482 -0.008696
v 0.008840 0.005528 -0.008657
v 0.008824 0.005498 -0.008626
v 0.008772 0.005467 -0.008595
v 0.008837 0.005558 -0.008594
v 0.008822 0.005523 -0.008572
v 0.008770 0.005488 -0.008550
v 0.008836 0.005573 -0.008512
v 0.008821 0.005535 -0.008500
v 0.008769 0.005498 -0.008489
v 0.008770 0.005497 -0.008415
v 0.008847 0.005839 -0.008683
v 0.008836 0.005518 -0.007459
v 0.008784 0.005481 -0.007450
v 0.008851 0.005555 -0.007469
v 0.008859 0.006225 -0.007848
v 0.008853 0.006238 -0.008941
v 0.008843 0.006563 -0.009151
v 0.008831 0.006858 -0.008286
v 0.008824 0.006907 -0.009375
v 0.008780 0.007379 -0.008698
v 0.008846 0.006845 -0.006577
v 0.008797 0.007356 -0.006863
v 0.008864 0.006199 -0.006220
v 0.008806 0.007331 -0.005043
v 0.008855 0.005530 -0.005945
v 0.008852 0.006828 -0.004840
v 0.008866 0.006173 -0.004589
v 0.008840 0.005492 -0.005938
v 0.008788 0.005455 -0.005932
v 0.008858 0.005504 -0.004418
v 0.008842 0.005467 -0.004414
v 0.008790 0.005430 -0.004411
v 0.008862 0.006146 -0.002971
v 0.008840 0.005441 -0.002890
v 0.008788 0.005404 -0.002889
v 0.008856 0.005478 -0.002891
v 0.008837 0.005415 -0.001348
v 0.008785 0.005378 -0.001349
v 0.008853 0.005452 -0.001348
v 0.008828 0.005415 -0.001323
v 0.008776 0.005378 -0.001323
v 0.008857 0.006120 -0.001344
v 0.008797 0.005414 -0.001297
v 0.008745 0.005377 -0.001272
v 0.008731 0.005451 -0.001284
v 0.008814 0.005451 -0.001296
v 0.008844 0.005452 -0.001322
v 0.008817 0.006119 -0.001292
v 0.008847 0.006119 -0.001318
v 0.008830 0.006787 -0.001341
v 0.008839 0.006787 -0.001367
v 0.008850 0.006809 -0.003118
v 0.008733 0.007824 -0.005299
v 0.008628 0.008391 -0.005560
v 0.008722 0.007849 -0.007148
v 0.008558 0.008675 -0.005696
v 0.008616 0.008413 -0.007474
v 0.008718 0.007859 -0.007917
v 0.008476 0.008950 -0.005784
v 0.008542 0.008701 -0.007641
v 0.008468 0.008975 -0.007748
v 0.008604 0.008427 -0.008301
v 0.008530 0.008737 -0.008629
v 0.008401 0.009151 -0.007802
v 0.008458 0.008989 -0.009023
v 0.008456 0.008997 -0.009619
v 0.008582 0.008530 -0.008809
v 0.008447 0.008999 -0.009976
v 0.008659 0.008168 -0.008814
v 0.008551 0.008658 -0.008887
v 0.008715 0.007868 -0.008591
v 0.008568 0.008553 -0.008880
v 0.008686 0.008040 -0.008900
v 0.008534 0.008720 -0.008940
v 0.008655 0.008144 -0.008886
v 0.008521 0.008771 -0.009004
v 0.008548 0.008629 -0.008929
v 0.008534 0.008684 -0.008981
v 0.008521 0.008731 -0.009043
v 0.008381 0.008594 -0.009073
v 0.008410 0.008472 -0.008987
v 0.008510 0.008813 -0.009086
v 0.008511 0.008770 -0.009115
v 0.008502 0.008842 -0.009175
v 0.008363 0.008663 -0.009212
v 0.008503 0.008799 -0.009194
v 0.008495 0.008869 -0.009298
v 0.008491 0.008883 -0.009403
v 0.008496 0.008825 -0.009313
v 0.008355 0.008693 -0.009378
v 0.008493 0.008838 -0.009414
v 0.008490 0.008888 -0.009524
v 0.008491 0.008883 -0.009651
v 0.008492 0.008843 -0.009531
v 0.008495 0.008870 -0.009749
v 0.008493 0.008838 -0.009654
v 0.008353 0.008700 -0.009563
v 0.008496 0.008826 -0.009748
v 0.008357 0.008687 -0.009727
v 0.008500 0.008850 -0.009831
v 0.008501 0.008807 -0.009823
v 0.008510 0.008815 -0.009910
v 0.008521 0.008776 -0.009969
v 0.008510 0.008776 -0.009895
v 0.008371 0.008636 -0.009859
v 0.008519 0.008741 -0.009946
v 0.008543 0.008686 -0.010207
v 0.008535 0.008721 -0.010022
v 0.008533 0.008691 -0.009994
v 0.008550 0.008665 -0.010066
v 0.008604 0.008426 -0.010278
v 0.008565 0.008607 -0.010130
v 0.008565 0.008587 -0.010097
v 0.008606 0.008420 -0.010137
v 0.008653 0.008209 -0.010145
v 0.008548 0.008632 -0.010042
v 0.008642 0.008229 -0.010104
v 0.008395 0.008526 -0.009932
v 0.008647 0.008172 -0.010059
v 0.008424 0.008364 -0.009979
v 0.008666 0.008143 -0.010086
v 0.008676 0.008072 -0.010569
v 0.008659 0.008102 -0.010017
v 0.008679 0.008078 -0.010046
v 0.008729 0.007768 -0.009935
v 0.008691 0.008012 -0.009998
v 0.008669 0.008042 -0.009973
v 0.008676 0.007999 -0.009924
v 0.008489 0.008086 -0.009880
v 0.008699 0.007963 -0.009942
v 0.008683 0.007958 -0.009855
v 0.008707 0.007918 -0.009866
v 0.008465 0.008201 -0.009945
v 0.008687 0.007932 -0.009782
v 0.008352 0.008344 -0.009872
v 0.008711 0.007889 -0.009787
v 0.008500 0.008024 -0.009752
v 0.008691 0.007910 -0.009689
v 0.008714 0.007866 -0.009690
v 0.008396 0.008159 -0.009806
v 0.008505 0.007999 -0.009590
v 0.008380 0.008235 -0.009849
v 0.008403 0.008118 -0.009721
v 0.008299 0.008325 -0.009658
v 0.008406 0.008099 -0.009571
v 0.008694 0.007895 -0.009567
v 0.008506 0.007992 -0.009405
v 0.008717 0.007851 -0.009563
v 0.008695 0.007892 -0.009450
v 0.008731 0.007754 -0.009444
v 0.008717 0.007847 -0.009442
v 0.008697 0.007890 -0.009339
v 0.008718 0.007848 -0.009327
v 0.008732 0.007748 -0.009053
v 0.008694 0.007909 -0.009218
v 0.008699 0.007979 -0.008959
v 0.008715 0.007867 -0.009202
v 0.008668 0.008067 -0.008940
v 0.008706 0.007929 -0.009027
v 0.008677 0.008014 -0.008997
v 0.008471 0.008187 -0.008998
v 0.008712 0.007891 -0.009112
v 0.008684 0.007969 -0.009062
v 0.008690 0.007933 -0.009138
v 0.008494 0.008071 -0.009093
v 0.008504 0.008011 -0.009237
v 0.008400 0.008144 -0.009153
v 0.008406 0.008104 -0.009249
v 0.008408 0.008093 -0.009402
v 0.008383 0.008226 -0.009089
v 0.008302 0.008311 -0.009272
v 0.008358 0.008315 -0.009070
v 0.008432 0.008327 -0.008969
v 0.008344 0.008408 -0.009082
v 0.008325 0.008493 -0.009139
v 0.008312 0.008539 -0.009232
v 0.008307 0.008561 -0.009384
v 0.008305 0.008567 -0.009554
v 0.008307 0.008560 -0.009704
v 0.008317 0.008526 -0.009792
v 0.008333 0.008454 -0.009840
v 0.007830 0.009278 -0.001770
v 0.007928 0.008895 -0.001767
v 0.007911 0.009296 -0.001739
v 0.007879 0.008893 -0.001763
v 0.007743 0.008964 -0.001925
v 0.007972 0.007783 -0.001734
v 0.007762 0.008905 -0.001912
v 0.007689 0.008949 -0.001977
v 0.007921 0.007781 -0.001720
v 0.008021 0.006231 -0.001701
v 0.008073 0.006232 -0.001703
v 0.007922 0.006244 -0.001889
v 0.008056 0.005206 -0.001700
v 0.008110 0.005206 -0.001695
v 0.007975 0.005223 -0.001862
v 0.008082 0.004181 -0.001705
v 0.008138 0.004179 -0.001692
v 0.008023 0.004202 -0.001834
v 0.008098 0.003821 -0.001758
v 0.008153 0.003810 -0.001740
v 0.008038 0.003900 -0.001847
v 0.008101 0.003629 -0.001802
v 0.008153 0.003616 -0.001779
v 0.008041 0.003727 -0.001879
v 0.008104 0.003450 -0.001877
v 0.008153 0.003433 -0.001849
v 0.008042 0.003563 -0.001941
v 0.008113 0.003292 -0.001993
v 0.008161 0.003259 -0.001968
v 0.008171 0.003175 -0.002116
v 0.008044 0.003406 -0.002040
v 0.008122 0.003213 -0.002137
v 0.008181 0.003136 -0.002289
v 0.008045 0.003297 -0.002184
v 0.008130 0.003176 -0.002304
v 0.008188 0.003126 -0.002448
v 0.007959 0.003458 -0.002066
v 0.008137 0.003162 -0.002461
v 0.008439 0.003040 -0.007184
v 0.008044 0.003250 -0.002332
v 0.007955 0.003350 -0.002204
v 0.007961 0.003610 -0.001972
v 0.007879 0.003459 -0.002076
v 0.007959 0.003768 -0.001916
v 0.007880 0.003611 -0.001981
v 0.007954 0.003935 -0.001890
v 0.007879 0.003770 -0.001922
v 0.007944 0.004210 -0.001886
v 0.007873 0.003937 -0.001895
v 0.007895 0.005231 -0.001912
v 0.007858 0.004211 -0.001891
v 0.007840 0.006244 -0.001937
v 0.007791 0.004211 -0.001894
v 0.007677 0.008908 -0.001953
v 0.007557 0.005246 -0.001917
v 0.007364 0.008907 -0.001953
v 0.007333 0.008952 -0.001983
v 0.007352 0.008908 -0.001984
v 0.007412 0.008004 -0.001944
v 0.007401 0.008003 -0.001975
v 0.007461 0.007070 -0.001934
v 0.007450 0.007069 -0.001966
v 0.007490 0.006281 -0.001963
v 0.007501 0.006279 -0.001932
v 0.007546 0.005248 -0.001949
v 0.007602 0.004215 -0.001935
v 0.007613 0.004212 -0.001903
v 0.007615 0.003953 -0.001971
v 0.007626 0.003942 -0.001941
v 0.007620 0.003834 -0.002013
v 0.007797 0.003939 -0.001931
v 0.007631 0.003819 -0.001985
v 0.007623 0.003727 -0.002079
v 0.007818 0.003938 -0.001914
v 0.007801 0.003816 -0.001971
v 0.007821 0.003772 -0.001951
v 0.007634 0.003708 -0.002055
v 0.007804 0.003705 -0.002037
v 0.007636 0.003609 -0.002151
v 0.007624 0.003633 -0.002172
v 0.007825 0.003671 -0.002014
v 0.007636 0.003542 -0.002273
v 0.007624 0.003569 -0.002289
v 0.007803 0.003607 -0.002131
v 0.007800 0.003540 -0.002251
v 0.007635 0.003494 -0.002414
v 0.007623 0.003522 -0.002425
v 0.007796 0.003492 -0.002391
v 0.007824 0.003570 -0.002111
v 0.007821 0.003500 -0.002238
v 0.007825 0.003623 -0.002005
v 0.007824 0.003475 -0.002099
v 0.007876 0.003351 -0.002215
v 0.007821 0.003370 -0.002234
v 0.007950 0.003294 -0.002353
v 0.007872 0.003295 -0.002364
v 0.007818 0.003451 -0.002382
v 0.008045 0.003235 -0.002491
v 0.007949 0.003272 -0.002514
v 0.008241 0.003176 -0.006466
v 0.007818 0.003316 -0.002379
v 0.007870 0.003273 -0.002526
v 0.007816 0.003427 -0.002532
v 0.007816 0.003295 -0.002537
v 0.008094 0.003230 -0.006488
v 0.007794 0.003470 -0.002537
v 0.007891 0.003421 -0.006491
v 0.007633 0.003471 -0.002560
v 0.007621 0.003501 -0.002567
v 0.007869 0.003480 -0.006489
v 0.007612 0.003493 -0.006491
v 0.007601 0.003525 -0.006488
v 0.007595 0.003547 -0.006728
v 0.007606 0.003516 -0.006734
v 0.007588 0.003601 -0.006961
v 0.007876 0.003503 -0.006736
v 0.007599 0.003571 -0.006969
v 0.007582 0.003665 -0.007157
v 0.007897 0.003439 -0.006746
v 0.007594 0.003637 -0.007169
v 0.007891 0.003263 -0.006488
v 0.007889 0.003559 -0.006975
v 0.007966 0.003237 -0.006489
v 0.007897 0.003261 -0.006771
v 0.007979 0.003235 -0.006775
v 0.007911 0.003494 -0.006993
v 0.007911 0.003307 -0.007041
v 0.008124 0.003228 -0.006777
v 0.008002 0.003281 -0.007049
v 0.007931 0.003389 -0.007240
v 0.007931 0.003561 -0.007190
v 0.007909 0.003633 -0.007169
v 0.007954 0.003516 -0.007415
v 0.007590 0.003732 -0.007355
v 0.007578 0.003759 -0.007339
v 0.007575 0.003871 -0.007509
v 0.007954 0.003649 -0.007377
v 0.007933 0.003718 -0.007357
v 0.007587 0.003847 -0.007529
v 0.007586 0.003990 -0.007679
v 0.007575 0.004011 -0.007656
v 0.007949 0.003787 -0.007526
v 0.007975 0.003736 -0.007551
v 0.007985 0.003695 -0.007581
v 0.007996 0.003832 -0.007693
v 0.007988 0.003891 -0.007765
v 0.007658 0.004265 -0.007874
v 0.007580 0.004289 -0.007842
v 0.008124 0.003871 -0.007761
v 0.007670 0.004578 -0.008033
v 0.007588 0.004597 -0.007995
v 0.008428 0.004161 -0.007932
v 0.008484 0.004533 -0.008142
v 0.007689 0.005144 -0.008337
v 0.007603 0.005162 -0.008301
v 0.008091 0.003668 -0.007603
v 0.007702 0.005702 -0.008656
v 0.007617 0.005724 -0.008621
v 0.008058 0.003494 -0.007429
v 0.007706 0.006228 -0.009021
v 0.007622 0.006255 -0.008989
v 0.008028 0.003366 -0.007252
v 0.008169 0.003274 -0.007052
v 0.008210 0.003359 -0.007254
v 0.008258 0.003168 -0.006790
v 0.008284 0.003208 -0.007103
v 0.008399 0.003087 -0.007198
v 0.008445 0.003074 -0.007980
v 0.008311 0.003283 -0.007337
v 0.008464 0.003134 -0.007970
v 0.008464 0.003124 -0.008132
v 0.008256 0.003487 -0.007431
v 0.008348 0.003410 -0.007542
v 0.008307 0.003652 -0.007600
v 0.008392 0.003558 -0.007702
v 0.008473 0.003186 -0.008108
v 0.008526 0.003222 -0.008192
v 0.008515 0.003280 -0.008164
v 0.008635 0.003739 -0.008324
v 0.008438 0.003734 -0.007833
v 0.008357 0.003840 -0.007745
v 0.008580 0.003781 -0.008300
v 0.008683 0.004285 -0.008464
v 0.008505 0.004072 -0.008012
v 0.008622 0.004310 -0.008449
v 0.008743 0.004931 -0.008693
v 0.008561 0.004475 -0.008224
v 0.008685 0.004940 -0.008687
v 0.008771 0.005411 -0.008943
v 0.008626 0.005053 -0.008524
v 0.008713 0.005420 -0.008942
v 0.008776 0.005936 -0.009284
v 0.008543 0.005113 -0.008443
v 0.008646 0.005566 -0.008807
v 0.008718 0.005942 -0.009283
v 0.008766 0.006449 -0.009700
v 0.008558 0.005639 -0.008739
v 0.008636 0.006074 -0.009169
v 0.008707 0.006454 -0.009701
v 0.008751 0.006902 -0.010158
v 0.008546 0.006143 -0.009100
v 0.008627 0.006575 -0.009591
v 0.008692 0.006904 -0.010156
v 0.008536 0.006643 -0.009527
v 0.008568 0.007931 -0.011177
v 0.008633 0.007925 -0.011205
v 0.008606 0.007046 -0.010035
v 0.007700 0.006707 -0.009452
v 0.007617 0.006734 -0.009422
v 0.007607 0.007190 -0.009875
v 0.008514 0.007110 -0.009976
v 0.007689 0.007163 -0.009904
v 0.007684 0.007661 -0.010373
v 0.007605 0.007682 -0.010340
v 0.008456 0.007629 -0.010457
v 0.007684 0.007734 -0.010431
v 0.007597 0.007763 -0.010402
v 0.008545 0.007574 -0.010534
v 0.007681 0.007839 -0.010500
v 0.007597 0.007865 -0.010470
v 0.008511 0.007757 -0.010662
v 0.008422 0.007814 -0.010585
v 0.007681 0.007907 -0.010541
v 0.007600 0.007935 -0.010510
v 0.007683 0.008184 -0.010714
v 0.007598 0.008193 -0.010679
v 0.007959 0.008209 -0.010740
v 0.008387 0.008155 -0.010757
v 0.008004 0.008298 -0.010795
v 0.008470 0.008111 -0.010850
v 0.008292 0.008707 -0.011073
v 0.007949 0.008384 -0.010841
v 0.008371 0.008674 -0.011188
v 0.008473 0.008484 -0.011700
v 0.008530 0.008483 -0.011721
v 0.008466 0.008767 -0.011950
v 0.008409 0.008768 -0.011932
v 0.008371 0.009068 -0.012136
v 0.008271 0.009053 -0.011432
v 0.008187 0.009134 -0.011347
v 0.008317 0.009066 -0.012112
v 0.008229 0.009399 -0.012265
v 0.008254 0.009105 -0.011489
v 0.008175 0.009398 -0.012241
v 0.008114 0.009563 -0.012296
v 0.008052 0.009555 -0.012261
v 0.007979 0.009565 -0.012044
v 0.008108 0.009389 -0.011922
v 0.008028 0.009397 -0.011781
v 0.007754 0.009600 -0.011851
v 0.008187 0.009224 -0.011754
v 0.008224 0.009167 -0.011612
v 0.008098 0.009299 -0.011669
v 0.008131 0.009246 -0.011527
v 0.008168 0.009186 -0.011406
v 0.007864 0.009364 -0.011614
v 0.007834 0.009439 -0.011730
v 0.007692 0.009598 -0.011776
v 0.007749 0.009479 -0.011692
v 0.007691 0.009591 -0.011594
v 0.007777 0.009409 -0.011585
v 0.007881 0.009315 -0.011480
v 0.007793 0.009349 -0.011436
v 0.007644 0.009586 -0.011527
v 0.007886 0.009268 -0.011384
v 0.007761 0.009303 -0.011368
v 0.007872 0.009214 -0.011326
v 0.007592 0.009474 -0.011452
v 0.007576 0.009582 -0.011510
v 0.007516 0.009478 -0.011401
v 0.007504 0.009583 -0.011452
v 0.007537 0.009286 -0.011305
v 0.007616 0.009281 -0.011346
v 0.007576 0.008710 -0.010982
v 0.007664 0.008695 -0.011019
v 0.007589 0.008572 -0.010899
v 0.007677 0.008552 -0.010934
v 0.007591 0.008424 -0.010813
v 0.007678 0.008412 -0.010823
v 0.008802 0.004669 -0.001343
v 0.008716 0.004669 -0.001334
v 0.008732 0.004629 -0.001322
v 0.008705 0.004825 -0.001353
v 0.008757 0.004630 -0.001367
v 0.008853 0.004825 -0.001365
v 0.008704 0.004948 -0.001354
v 0.008828 0.004669 -0.001367
v 0.008767 0.004630 -0.001398
v 0.008871 0.004948 -0.001363
v 0.008711 0.005065 -0.001349
v 0.008879 0.004826 -0.001389
v 0.008839 0.004670 -0.001398
v 0.008774 0.004653 -0.002873
v 0.008878 0.005066 -0.001358
v 0.008846 0.004693 -0.002874
v 0.008722 0.005180 -0.001334
v 0.008781 0.004676 -0.004336
v 0.008890 0.004826 -0.001420
v 0.008897 0.004948 -0.001388
v 0.008852 0.004715 -0.004340
v 0.008783 0.004699 -0.005799
v 0.008897 0.004849 -0.002878
v 0.008908 0.004949 -0.001418
v 0.008854 0.004738 -0.005806
v 0.008784 0.004721 -0.007263
v 0.008905 0.004872 -0.004355
v 0.008915 0.004972 -0.002880
v 0.008915 0.005066 -0.001413
v 0.008904 0.005066 -0.001383
v 0.008921 0.005090 -0.002883
v 0.008895 0.005181 -0.001368
v 0.008921 0.004996 -0.004368
v 0.008869 0.005181 -0.001343
v 0.008905 0.005181 -0.001399
v 0.008813 0.005257 -0.001325
v 0.008731 0.005264 -0.001314
v 0.008870 0.005241 -0.001351
v 0.008897 0.005233 -0.001386
v 0.008910 0.005206 -0.002885
v 0.008901 0.005258 -0.002886
v 0.008876 0.005243 -0.001383
v 0.008830 0.005261 -0.001347
v 0.008880 0.005267 -0.002886
v 0.008819 0.005323 -0.001328
v 0.008905 0.005282 -0.004396
v 0.008884 0.005292 -0.004397
v 0.008798 0.005339 -0.001302
v 0.008745 0.005377 -0.001272
v 0.008814 0.005360 -0.001327
v 0.008776 0.005378 -0.001323
v 0.008816 0.005342 -0.001341
v 0.008785 0.005378 -0.001349
v 0.008824 0.005369 -0.001353
v 0.008821 0.005348 -0.001356
v 0.008788 0.005404 -0.002889
v 0.008826 0.005395 -0.002889
v 0.008824 0.005374 -0.002889
v 0.008826 0.005399 -0.004409
v 0.008829 0.005420 -0.004410
v 0.008790 0.005430 -0.004411
v 0.008824 0.005425 -0.005929
v 0.008827 0.005446 -0.005930
v 0.008788 0.005455 -0.005932
v 0.008820 0.005450 -0.007447
v 0.008823 0.005471 -0.007448
v 0.008784 0.005481 -0.007450
v 0.008806 0.005466 -0.008395
v 0.008809 0.005488 -0.008417
v 0.008770 0.005497 -0.008415
v 0.008812 0.005461 -0.008409
v 0.008816 0.005483 -0.008446
v 0.008769 0.005498 -0.008489
v 0.008839 0.005459 -0.008451
v 0.008823 0.005443 -0.008414
v 0.008838 0.005382 -0.008375
v 0.008844 0.005460 -0.008477
v 0.008845 0.005453 -0.008530
v 0.008770 0.005488 -0.008550
v 0.008884 0.005359 -0.008408
v 0.008878 0.005373 -0.008391
v 0.008890 0.005347 -0.008341
v 0.008868 0.005357 -0.008328
v 0.008846 0.005438 -0.008567
v 0.008772 0.005467 -0.008595
v 0.008774 0.005436 -0.008620
v 0.008848 0.005415 -0.008585
v 0.008776 0.005396 -0.008631
v 0.008886 0.005352 -0.008512
v 0.008850 0.005385 -0.008593
v 0.008777 0.005354 -0.008629
v 0.008850 0.005355 -0.008590
v 0.008848 0.005169 -0.008509
v 0.008775 0.005151 -0.008545
v 0.008899 0.005296 -0.008391
v 0.008897 0.005176 -0.008427
v 0.008846 0.005011 -0.008437
v 0.008774 0.004980 -0.008467
v 0.008915 0.005178 -0.008328
v 0.008844 0.004881 -0.008366
v 0.008773 0.004851 -0.008393
v 0.008895 0.005044 -0.008363
v 0.008772 0.004804 -0.008344
v 0.008843 0.004837 -0.008322
v 0.008772 0.004771 -0.008285
v 0.008888 0.004923 -0.008291
v 0.008842 0.004807 -0.008267
v 0.008771 0.004746 -0.008205
v 0.008842 0.004784 -0.008192
v 0.008772 0.004735 -0.008122
v 0.008912 0.005058 -0.008265
v 0.008897 0.004933 -0.008198
v 0.008842 0.004774 -0.008114
v 0.008855 0.004761 -0.007272
v 0.008909 0.004919 -0.007311
v 0.008908 0.004896 -0.005833
v 0.008925 0.005044 -0.007342
v 0.008924 0.005020 -0.005855
v 0.008927 0.005114 -0.004379
v 0.008928 0.005138 -0.005876
v 0.008915 0.005231 -0.004391
v 0.008928 0.005163 -0.007372
v 0.008915 0.005255 -0.005897
v 0.008913 0.005280 -0.007401
v 0.008904 0.005307 -0.005906
v 0.008883 0.005317 -0.005907
v 0.008902 0.005332 -0.007413
v 0.008881 0.005342 -0.007416
v 0.008365 0.004422 -0.001417
v 0.008417 0.004421 -0.001455
v 0.008423 0.004423 -0.001392
v 0.008358 0.004420 -0.001481
v 0.008475 0.004422 -0.001429
v 0.008410 0.004419 -0.001518
v 0.008468 0.004420 -0.001492
v 0.008365 0.007416 -0.001460
v 0.008417 0.007415 -0.001497
v 0.008423 0.007417 -0.001434
v 0.008358 0.007415 -0.001523
v 0.008475 0.007416 -0.001471
v 0.008410 0.007414 -0.001560
v 0.008468 0.007414 -0.001534
v 0.008414 0.004894 -0.001617
v 0.008414 0.004909 -0.001730
v 0.008365 0.004884 -0.001617
v 0.008463 0.004884 -0.001617
v 0.008359 0.004898 -0.001729
v 0.008469 0.004898 -0.001729
v 0.008323 0.004856 -0.001617
v 0.008504 0.004856 -0.001617
v 0.008312 0.004867 -0.001729
v 0.008515 0.004867 -0.001729
v 0.008281 0.004820 -0.001728
v 0.008546 0.004820 -0.001728
v 0.008296 0.004815 -0.001615
v 0.008532 0.004815 -0.001615
v 0.008270 0.004767 -0.001726
v 0.008558 0.004767 -0.001726
v 0.008286 0.004766 -0.001614
v 0.008542 0.004766 -0.001614
v 0.008270 0.004064 -0.001708
v 0.008558 0.004064 -0.001708
v 0.008286 0.004067 -0.001596
v 0.008542 0.004067 -0.001596
v 0.008296 0.004018 -0.001595
v 0.008532 0.004018 -0.001595
v 0.008281 0.004011 -0.001707
v 0.008546 0.004011 -0.001707
v 0.008323 0.003976 -0.001594
v 0.008504 0.003976 -0.001594
v 0.008312 0.003964 -0.001706
v 0.008515 0.003964 -0.001706
v 0.008359 0.003933 -0.001705
v 0.008469 0.003933 -0.001705
v 0.008365 0.003949 -0.001593
v 0.008463 0.003949 -0.001593
v 0.008414 0.003922 -0.001704
v 0.008414 0.003939 -0.001593
v 0.008414 0.007888 -0.001659
v 0.008414 0.007904 -0.001694
v 0.008365 0.007879 -0.001659
v 0.008463 0.007879 -0.001659
v 0.008359 0.007892 -0.001694
v 0.008469 0.007892 -0.001694
v 0.008323 0.007851 -0.001658
v 0.008504 0.007851 -0.001658
v 0.008312 0.007861 -0.001693
v 0.008515 0.007861 -0.001693
v 0.008281 0.007815 -0.001692
v 0.008546 0.007815 -0.001692
v 0.008296 0.007810 -0.001657
v 0.008532 0.007810 -0.001657
v 0.008270 0.007761 -0.001690
v 0.008558 0.007761 -0.001690
v 0.008286 0.007761 -0.001656
v 0.008542 0.007761 -0.001656
v 0.008270 0.007059 -0.001672
v 0.008558 0.007059 -0.001672
v 0.008286 0.007061 -0.001638
v 0.008542 0.007061 -0.001638
v 0.008296 0.007012 -0.001637
v 0.008532 0.007012 -0.001637
v 0.008281 0.007006 -0.001671
v 0.008546 0.007006 -0.001671
v 0.008323 0.006971 -0.001636
v 0.008504 0.006971 -0.001636
v 0.008312 0.006959 -0.001670
v 0.008515 0.006959 -0.001670
v 0.008359 0.006928 -0.001669
v 0.008469 0.006928 -0.001669
v 0.008365 0.006943 -0.001635
v 0.008463 0.006943 -0.001635
v 0.008414 0.006917 -0.001669
v 0.008414 0.006934 -0.001635
v 0.008468 0.004420 -0.001492
v 0.008407 0.004432 -0.001547
v 0.008491 0.004433 -0.001509
v 0.008410 0.004419 -0.001518
v 0.008475 0.004422 -0.001429
v 0.008333 0.004433 -0.001493
v 0.008501 0.004435 -0.001417
v 0.008358 0.004420 -0.001481
v 0.008423 0.004423 -0.001392
v 0.008342 0.004436 -0.001401
v 0.008426 0.004437 -0.001364
v 0.008365 0.004422 -0.001417
v 0.008468 0.007414 -0.001534
v 0.008407 0.007426 -0.001589
v 0.008491 0.007427 -0.001551
v 0.008410 0.007414 -0.001560
v 0.008475 0.007416 -0.001471
v 0.008333 0.007428 -0.001535
v 0.008501 0.007430 -0.001460
v 0.008358 0.007415 -0.001523
v 0.008423 0.007417 -0.001434
v 0.008342 0.007430 -0.001443
v 0.008426 0.007431 -0.001406
v 0.008365 0.007416 -0.001460
v 0.007166 0.007975 -0.003695
v 0.007045 0.007937 -0.003440
v 0.007041 0.007906 -0.003498
v 0.007148 0.007941 -0.003718
v 0.007037 0.007881 -0.003552
v 0.007135 0.007919 -0.003734
v 0.007029 0.007826 -0.003621
v 0.007113 0.007868 -0.003766
v 0.007023 0.007755 -0.003683
v 0.007103 0.007808 -0.003806
v 0.006941 0.006961 -0.004179
v 0.007021 0.007016 -0.004332
v 0.006929 0.006925 -0.004226
v 0.007006 0.006980 -0.004351
v 0.006992 0.007936 -0.003455
v 0.007045 0.007937 -0.003440
v 0.007003 0.007961 -0.003430
v 0.006974 0.007980 -0.003446
v 0.007041 0.007906 -0.003498
v 0.006953 0.007960 -0.003468
v 0.006953 0.008010 -0.003466
v 0.006999 0.007928 -0.003488
v 0.006995 0.007903 -0.003542
v 0.007037 0.007881 -0.003552
v 0.006953 0.007945 -0.003500
v 0.006921 0.007994 -0.003485
v 0.006932 0.008042 -0.003496
v 0.006950 0.007910 -0.003558
v 0.006899 0.008028 -0.003513
v 0.006918 0.007972 -0.003522
v 0.006884 0.008074 -0.003558
v 0.006915 0.008086 -0.003539
v 0.006929 0.008145 -0.003644
v 0.006894 0.007999 -0.003551
v 0.006915 0.007928 -0.003584
v 0.006989 0.007845 -0.003616
v 0.007029 0.007826 -0.003621
v 0.006893 0.007949 -0.003615
v 0.006982 0.007774 -0.003677
v 0.007023 0.007755 -0.003683
v 0.006941 0.006961 -0.004179
v 0.006912 0.007872 -0.003649
v 0.006910 0.007805 -0.003704
v 0.006894 0.006935 -0.004199
v 0.006929 0.006925 -0.004226
v 0.006895 0.006904 -0.004240
v 0.006849 0.006921 -0.004254
v 0.006863 0.006896 -0.004278
v 0.006889 0.007910 -0.003710
v 0.006888 0.007844 -0.003762
v 0.006842 0.006923 -0.004331
v 0.006859 0.006896 -0.004352
v 0.006850 0.006933 -0.004417
v 0.006868 0.006906 -0.004434
v 0.006898 0.007872 -0.003830
v 0.006890 0.006956 -0.004497
v 0.006905 0.006931 -0.004503
v 0.006923 0.006943 -0.004524
v 0.006942 0.007892 -0.003906
v 0.006917 0.006974 -0.004529
v 0.006952 0.006956 -0.004493
v 0.006901 0.007941 -0.003784
v 0.006965 0.006996 -0.004483
v 0.006989 0.006971 -0.004437
v 0.006946 0.007965 -0.003859
v 0.007002 0.007008 -0.004423
v 0.007006 0.006980 -0.004351
v 0.007021 0.007016 -0.004332
v 0.007019 0.007900 -0.003956
v 0.007059 0.007875 -0.003930
v 0.007090 0.007845 -0.003886
v 0.007103 0.007808 -0.003806
v 0.007096 0.007880 -0.003866
v 0.007113 0.007868 -0.003766
v 0.007065 0.007913 -0.003910
v 0.007104 0.007916 -0.003848
v 0.007115 0.007946 -0.003834
v 0.007135 0.007919 -0.003734
v 0.007075 0.007953 -0.003893
v 0.007027 0.007938 -0.003937
v 0.007036 0.007980 -0.003920
v 0.007087 0.007987 -0.003881
v 0.007131 0.007975 -0.003822
v 0.007147 0.007996 -0.003815
v 0.007148 0.007941 -0.003718
v 0.007166 0.007975 -0.003695
v 0.007174 0.008031 -0.003805
v 0.007106 0.008021 -0.003876
v 0.007129 0.008050 -0.003876
v 0.007167 0.008092 -0.003876
v 0.007053 0.008023 -0.003912
v 0.007073 0.008070 -0.003916
v 0.007118 0.008138 -0.003925
v 0.007129 0.008161 -0.003905
v 0.007099 0.008104 -0.003923
v 0.007030 0.008169 -0.003854
v 0.007041 0.008188 -0.003832
v 0.007025 0.008120 -0.003868
v 0.007029 0.008050 -0.003886
v 0.006949 0.008033 -0.003817
v 0.006951 0.008104 -0.003781
v 0.006903 0.008010 -0.003737
v 0.006949 0.008156 -0.003764
v 0.006980 0.008178 -0.003745
v 0.006887 0.007973 -0.003653
v 0.006902 0.008079 -0.003692
v 0.006885 0.008031 -0.003596
v 0.006898 0.008129 -0.003665
v 0.007040 0.009494 -0.010166
v 0.007024 0.009486 -0.010082
v 0.007045 0.009515 -0.010158
v 0.007061 0.009501 -0.009768
v 0.007020 0.009465 -0.010090
v 0.007027 0.009395 -0.010043
v 0.007040 0.009472 -0.009769
v 0.007114 0.009451 -0.008652
v 0.007015 0.009415 -0.010029
v 0.007007 0.009370 -0.009953
v 0.007018 0.009345 -0.009962
v 0.007016 0.009402 -0.009787
v 0.007003 0.009344 -0.009871
v 0.007012 0.009316 -0.009875
v 0.007036 0.009268 -0.009254
v 0.007026 0.009295 -0.009251
v 0.007059 0.009210 -0.008634
v 0.007032 0.009370 -0.009245
v 0.007093 0.009422 -0.008652
v 0.007158 0.009402 -0.007535
v 0.007057 0.009331 -0.008641
v 0.007139 0.009372 -0.007536
v 0.007181 0.009355 -0.006418
v 0.007049 0.009236 -0.008631
v 0.007101 0.009251 -0.007538
v 0.007090 0.009125 -0.007540
v 0.007102 0.009099 -0.007542
v 0.007108 0.009058 -0.006952
v 0.007120 0.009031 -0.006954
v 0.007116 0.009208 -0.006922
v 0.007126 0.008958 -0.006364
v 0.007138 0.008931 -0.006365
v 0.007164 0.009325 -0.006419
v 0.007184 0.009310 -0.005301
v 0.007132 0.009138 -0.006342
v 0.007150 0.008818 -0.005709
v 0.007163 0.008792 -0.005700
v 0.007143 0.009056 -0.005673
v 0.007174 0.008632 -0.005054
v 0.007188 0.008607 -0.005035
v 0.007178 0.008622 -0.005022
v 0.007147 0.008994 -0.005192
v 0.007165 0.008945 -0.004772
v 0.007177 0.008918 -0.004759
v 0.007177 0.008962 -0.004710
v 0.007169 0.009280 -0.005302
v 0.007164 0.008988 -0.004722
v 0.007177 0.008997 -0.004655
v 0.007173 0.009265 -0.004184
v 0.007163 0.009022 -0.004666
v 0.007176 0.009025 -0.004596
v 0.007162 0.009050 -0.004608
v 0.007160 0.009061 -0.004545
v 0.007176 0.009038 -0.004534
v 0.007160 0.009235 -0.004185
v 0.007158 0.009058 -0.004177
v 0.007176 0.009037 -0.004178
v 0.007175 0.009023 -0.003485
v 0.007127 0.009190 -0.003073
v 0.007139 0.009220 -0.003069
v 0.007148 0.009043 -0.003481
v 0.007123 0.009177 -0.002936
v 0.007134 0.009205 -0.002926
v 0.007127 0.009129 -0.002816
v 0.007139 0.009155 -0.002800
v 0.007142 0.009066 -0.002752
v 0.007156 0.009084 -0.002716
v 0.007150 0.009017 -0.002750
v 0.007182 0.008984 -0.002676
v 0.007147 0.009037 -0.002738
v 0.007170 0.009001 -0.002661
v 0.006457 0.012814 -0.007889
v 0.006537 0.012659 -0.008173
v 0.006468 0.012792 -0.007910
v 0.006541 0.012645 -0.008145
v 0.006481 0.012758 -0.007920
v 0.006701 0.012321 -0.007900
v 0.006710 0.012306 -0.008123
v 0.006914 0.011865 -0.007875
v 0.006921 0.011854 -0.008097
v 0.007141 0.011368 -0.007848
v 0.007149 0.011352 -0.008068
v 0.007321 0.010925 -0.007823
v 0.007326 0.010916 -0.008044
v 0.007500 0.010473 -0.008019
v 0.007501 0.010468 -0.007798
v 0.007660 0.010007 -0.007993
v 0.007660 0.010007 -0.007773
v 0.007787 0.009635 -0.007972
v 0.007790 0.009629 -0.007752
v 0.007794 0.009617 -0.007742
v 0.007790 0.009627 -0.007984
v 0.007286 0.006189 -0.002377
v 0.007443 0.006109 -0.002349
v 0.007246 0.006149 -0.002386
v 0.007270 0.005432 -0.002383
v 0.007535 0.006001 -0.002333
v 0.007568 0.005859 -0.002317
v 0.007511 0.004479 -0.002871
v 0.007271 0.005386 -0.002397
v 0.007270 0.005350 -0.002428
v 0.007144 0.004507 -0.002953
v 0.007448 0.004390 -0.003761
v 0.007107 0.004374 -0.003800
v 0.007417 0.004402 -0.004250
v 0.007102 0.004576 -0.004855
v 0.007461 0.004404 -0.004323
v 0.007540 0.004405 -0.004357
v 0.007585 0.004406 -0.004430
v 0.007567 0.004413 -0.004714
v 0.007502 0.004447 -0.005990
v 0.007132 0.005132 -0.006224
v 0.007550 0.004500 -0.006912
v 0.007130 0.005149 -0.006392
v 0.007635 0.004526 -0.007230
v 0.007128 0.005179 -0.006558
v 0.007125 0.005233 -0.006741
v 0.007628 0.005139 -0.007641
v 0.007127 0.005340 -0.006966
v 0.007125 0.005488 -0.007201
v 0.007542 0.005290 -0.007763
v 0.007122 0.005663 -0.007416
v 0.007447 0.005544 -0.007955
v 0.007113 0.006062 -0.007801
v 0.007441 0.006004 -0.008264
v 0.007102 0.006358 -0.008077
v 0.007399 0.006132 -0.008341
v 0.007113 0.006386 -0.008112
v 0.007315 0.006246 -0.008394
v 0.007975 0.009685 -0.012302
v 0.008054 0.009578 -0.012323
v 0.008114 0.009563 -0.012296
v 0.007979 0.009655 -0.012326
v 0.007894 0.009774 -0.012294
v 0.007859 0.009804 -0.012297
v 0.007852 0.009899 -0.012247
v 0.007818 0.009887 -0.012268
v 0.007783 0.009973 -0.012232
v 0.007742 0.010074 -0.012178
v 0.007767 0.010106 -0.012124
v 0.007703 0.010172 -0.012116
v 0.007661 0.010277 -0.012036
v 0.007678 0.010333 -0.011952
v 0.007592 0.010448 -0.011894
v 0.007557 0.010627 -0.011694
v 0.007525 0.010612 -0.011743
v 0.007442 0.010812 -0.011546
v 0.007399 0.010985 -0.011320
v 0.007328 0.011073 -0.011262
v 0.007235 0.011274 -0.011022
v 0.007239 0.011346 -0.010893
v 0.007142 0.011464 -0.010780
v 0.007069 0.011683 -0.010450
v 0.007049 0.011650 -0.010534
v 0.006943 0.011856 -0.010256
v 0.006903 0.012001 -0.010011
v 0.006839 0.012048 -0.009978
v 0.006730 0.012244 -0.009676
v 0.006732 0.012306 -0.009550
v 0.006628 0.012427 -0.009378
v 0.006567 0.012587 -0.009082
v 0.006528 0.012601 -0.009074
v 0.006432 0.012751 -0.008780
v 0.006416 0.012840 -0.008608
v 0.006344 0.012898 -0.008483
v 0.006281 0.013068 -0.008102
v 0.006264 0.013035 -0.008176
v 0.006200 0.013150 -0.007890
v 0.006146 0.013250 -0.007598
v 0.006173 0.013251 -0.007577
v 0.006094 0.013386 -0.007037
v 0.006102 0.013326 -0.007317
v 0.006069 0.013383 -0.007027
v 0.006048 0.013465 -0.006478
v 0.006037 0.013437 -0.006704
v 0.006013 0.013481 -0.006380
v 0.005995 0.013516 -0.006082
v 0.006013 0.013525 -0.005919
v 0.005981 0.013547 -0.005770
v 0.005989 0.013568 -0.005334
v 0.005971 0.013570 -0.005458
v 0.005963 0.013590 -0.005067
v 0.005964 0.013595 -0.004778
v 0.005956 0.013607 -0.004641
v 0.005954 0.013613 -0.004211
v 0.005949 0.013621 -0.004122
v 0.005946 0.013619 -0.003642
v 0.005947 0.013627 -0.003603
v 0.005939 0.013619 -0.003075
v 0.005948 0.013629 -0.002997
v 0.005931 0.013605 -0.002504
v 0.005957 0.013622 -0.002253
v 0.005907 0.013596 -0.002276
v 0.005914 0.013592 -0.002256
v 0.005963 0.013620 -0.002237
v 0.006098 0.013381 -0.002229
v 0.006093 0.013539 -0.002226
v 0.006046 0.013609 -0.002234
v 0.006154 0.013391 -0.002209
v 0.006133 0.013383 -0.002209
v 0.006296 0.013071 -0.002180
v 0.006202 0.013364 -0.002205
v 0.006477 0.012828 -0.002129
v 0.006540 0.012655 -0.002113
v 0.006740 0.012296 -0.002055
v 0.006752 0.012235 -0.002054
v 0.006982 0.011787 -0.001983
v 0.006972 0.011757 -0.001990
v 0.007207 0.011279 -0.001912
v 0.007193 0.011278 -0.001926
v 0.007393 0.010789 -0.001873
v 0.007417 0.010779 -0.001838
v 0.007595 0.010286 -0.001820
v 0.007599 0.010310 -0.001775
v 0.007772 0.009800 -0.001704
v 0.007773 0.009773 -0.001769
v 0.007917 0.009338 -0.001639
v 0.007911 0.009296 -0.001739
v 0.008052 0.009555 -0.012261
v 0.007975 0.009685 -0.012302
v 0.008114 0.009563 -0.012296
v 0.007942 0.009669 -0.012284
v 0.007894 0.009774 -0.012294
v 0.007872 0.009759 -0.012290
v 0.007802 0.009877 -0.012256
v 0.007852 0.009899 -0.012247
v 0.007717 0.010082 -0.012119
v 0.007767 0.010106 -0.012124
v 0.007630 0.010308 -0.011945
v 0.007678 0.010333 -0.011952
v 0.007509 0.010602 -0.011689
v 0.007557 0.010627 -0.011694
v 0.007352 0.010959 -0.011316
v 0.007399 0.010985 -0.011320
v 0.007195 0.011317 -0.010887
v 0.007239 0.011346 -0.010893
v 0.007028 0.011651 -0.010444
v 0.007069 0.011683 -0.010450
v 0.006865 0.011968 -0.010004
v 0.006903 0.012001 -0.010011
v 0.006696 0.012272 -0.009544
v 0.006732 0.012306 -0.009550
v 0.006534 0.012553 -0.009077
v 0.006567 0.012587 -0.009082
v 0.006386 0.012806 -0.008603
v 0.006416 0.012840 -0.008608
v 0.006252 0.013034 -0.008098
v 0.006281 0.013068 -0.008102
v 0.006173 0.013251 -0.007577
v 0.006136 0.013230 -0.007577
v 0.006094 0.013386 -0.007037
v 0.006057 0.013365 -0.007037
v 0.006048 0.013465 -0.006478
v 0.006011 0.013444 -0.006478
v 0.006013 0.013525 -0.005919
v 0.005976 0.013504 -0.005919
v 0.005989 0.013568 -0.005334
v 0.005952 0.013546 -0.005334
v 0.005964 0.013595 -0.004778
v 0.005928 0.013572 -0.004777
v 0.005954 0.013613 -0.004211
v 0.005918 0.013590 -0.004211
v 0.005946 0.013619 -0.003642
v 0.005911 0.013595 -0.003642
v 0.005939 0.013619 -0.003075
v 0.005907 0.013596 -0.003075
v 0.005903 0.013576 -0.002508
v 0.005931 0.013605 -0.002504
v 0.005903 0.013572 -0.002414
v 0.005907 0.013596 -0.002276
v 0.005943 0.013535 -0.002332
v 0.005914 0.013592 -0.002256
v 0.005988 0.013474 -0.002287
v 0.006098 0.013381 -0.002229
v 0.006062 0.013362 -0.002253
v 0.006258 0.013045 -0.002194
v 0.006296 0.013071 -0.002180
v 0.006488 0.012642 -0.002128
v 0.006540 0.012655 -0.002113
v 0.006713 0.012215 -0.002065
v 0.006752 0.012235 -0.002054
v 0.006972 0.011757 -0.001990
v 0.006944 0.011743 -0.002003
v 0.007193 0.011278 -0.001926
v 0.007160 0.011262 -0.001943
v 0.007393 0.010789 -0.001873
v 0.007361 0.010769 -0.001895
v 0.007540 0.010277 -0.001845
v 0.007595 0.010286 -0.001820
v 0.007706 0.009779 -0.001793
v 0.007773 0.009773 -0.001769
v 0.007830 0.009278 -0.001770
v 0.007911 0.009296 -0.001739
v 0.007538 0.008571 -0.010569
v 0.007653 0.008341 -0.010409
v 0.007553 0.008319 -0.010407
v 0.007644 0.008583 -0.010549
v 0.007979 0.008375 -0.010456
v 0.008024 0.008464 -0.010511
v 0.007969 0.008550 -0.010557
v 0.007012 0.008179 -0.002629
v 0.007017 0.008213 -0.002586
v 0.007020 0.008257 -0.002559
v 0.007020 0.008308 -0.002547
v 0.007004 0.008159 -0.002686
v 0.007016 0.008379 -0.002555
v 0.007011 0.008461 -0.002574
v 0.006996 0.008626 -0.002636
v 0.006992 0.008659 -0.002667
v 0.006989 0.008689 -0.002704
v 0.006986 0.008713 -0.002746
v 0.006982 0.008724 -0.002794
v 0.006965 0.008154 -0.002961
v 0.006955 0.008726 -0.003073
v 0.006951 0.008717 -0.003114
v 0.006947 0.008699 -0.003152
v 0.006944 0.008676 -0.003187
v 0.006941 0.008644 -0.003215
v 0.006928 0.008473 -0.003325
v 0.006925 0.008399 -0.003354
v 0.006927 0.008179 -0.003235
v 0.006922 0.008321 -0.003369
v 0.006921 0.008198 -0.003296
v 0.006920 0.008231 -0.003338
v 0.006920 0.008273 -0.003362
v 0.006987 0.008282 -0.002717
v 0.006983 0.008241 -0.002752
v 0.006989 0.008265 -0.002701
v 0.006983 0.008265 -0.002757
v 0.006978 0.008265 -0.002794
v 0.006978 0.008241 -0.002799
v 0.006974 0.008282 -0.002834
v 0.006972 0.008265 -0.002850
v 0.006969 0.008317 -0.002875
v 0.006972 0.008322 -0.002851
v 0.006972 0.008553 -0.002851
v 0.006969 0.008557 -0.002875
v 0.006974 0.008593 -0.002834
v 0.006972 0.008609 -0.002850
v 0.006978 0.008633 -0.002799
v 0.006978 0.008609 -0.002794
v 0.006983 0.008633 -0.002752
v 0.006982 0.008609 -0.002757
v 0.006987 0.008593 -0.002717
v 0.006989 0.008609 -0.002701
v 0.006991 0.008557 -0.002677
v 0.006989 0.008553 -0.002701
v 0.006992 0.008317 -0.002677
v 0.006989 0.008322 -0.002701
v 0.006987 0.008282 -0.002717
v 0.006989 0.008265 -0.002701
v 0.007385 0.008531 -0.004867
v 0.007334 0.008554 -0.004922
v 0.007387 0.008410 -0.004623
v 0.007238 0.008557 -0.004920
v 0.007219 0.008558 -0.004920
v 0.007349 0.008390 -0.004573
v 0.007203 0.008385 -0.004566
v 0.007180 0.008558 -0.004920
v 0.006969 0.008319 -0.002917
v 0.006964 0.008283 -0.002957
v 0.006966 0.008267 -0.002941
v 0.006966 0.008323 -0.002941
v 0.006966 0.008554 -0.002941
v 0.006968 0.008559 -0.002917
v 0.006964 0.008594 -0.002957
v 0.006965 0.008611 -0.002941
v 0.006960 0.008635 -0.002992
v 0.006959 0.008611 -0.002997
v 0.006954 0.008635 -0.003039
v 0.006955 0.008611 -0.003035
v 0.006950 0.008594 -0.003075
v 0.006949 0.008611 -0.003091
v 0.006946 0.008559 -0.003115
v 0.006949 0.008554 -0.003091
v 0.006949 0.008323 -0.003091
v 0.006946 0.008319 -0.003115
v 0.006951 0.008283 -0.003075
v 0.006949 0.008267 -0.003091
v 0.006955 0.008243 -0.003039
v 0.006955 0.008267 -0.003035
v 0.006960 0.008243 -0.002992
v 0.006960 0.008267 -0.002997
v 0.006964 0.008283 -0.002957
v 0.006966 0.008267 -0.002941
v 0.007475 0.010409 -0.010996
v 0.007513 0.010453 -0.011106
v 0.007413 0.010724 -0.010854
v 0.007516 0.010276 -0.011052
v 0.007523 0.010248 -0.011174
v 0.007575 0.010278 -0.011261
v 0.007564 0.010149 -0.011084
v 0.007621 0.010143 -0.011369
v 0.007617 0.010020 -0.011215
v 0.007662 0.010020 -0.011451
v 0.007700 0.009906 -0.011514
v 0.007725 0.009831 -0.011545
v 0.007617 0.010013 -0.011080
v 0.007741 0.009785 -0.011528
v 0.007683 0.009836 -0.011123
v 0.007649 0.009925 -0.011043
v 0.007672 0.009858 -0.010956
v 0.007729 0.009787 -0.010618
v 0.007760 0.009722 -0.010111
v 0.007493 0.009333 -0.002268
v 0.007833 0.009403 -0.002415
v 0.007838 0.009401 -0.002452
v 0.007464 0.009366 -0.002267
v 0.007828 0.009433 -0.002412
v 0.007467 0.009327 -0.002242
v 0.007371 0.009471 -0.002264
v 0.007442 0.009357 -0.002241
v 0.007371 0.009333 -0.002104
v 0.007380 0.009302 -0.002102
v 0.007357 0.009498 -0.002265
v 0.007703 0.009826 -0.002435
v 0.007385 0.009333 -0.002074
v 0.007392 0.009299 -0.002070
v 0.007666 0.009346 -0.001978
v 0.007672 0.009312 -0.001976
v 0.007362 0.009368 -0.002107
v 0.007374 0.009389 -0.002079
v 0.007594 0.009776 -0.001995
v 0.007351 0.009463 -0.002238
v 0.007354 0.009405 -0.002110
v 0.007304 0.009769 -0.002112
v 0.007469 0.010253 -0.002022
v 0.007337 0.009494 -0.002239
v 0.007287 0.009770 -0.002142
v 0.007208 0.010238 -0.002154
v 0.007295 0.010717 -0.002062
v 0.007289 0.009779 -0.002262
v 0.007191 0.010237 -0.002184
v 0.007069 0.010697 -0.002197
v 0.007119 0.011181 -0.002112
v 0.007055 0.010691 -0.002226
v 0.007195 0.010238 -0.002310
v 0.007310 0.009785 -0.002288
v 0.007527 0.010330 -0.002465
v 0.007215 0.010243 -0.002337
v 0.007069 0.010683 -0.002359
v 0.007090 0.010687 -0.002385
v 0.007343 0.010814 -0.002493
v 0.006899 0.011144 -0.002268
v 0.006923 0.011128 -0.002408
v 0.006943 0.011132 -0.002435
v 0.007145 0.011298 -0.002522
v 0.006911 0.011153 -0.002238
v 0.006911 0.011632 -0.002168
v 0.006716 0.011587 -0.002308
v 0.006730 0.011592 -0.002278
v 0.006698 0.012081 -0.002224
v 0.006734 0.011582 -0.002452
v 0.006526 0.012034 -0.002348
v 0.006538 0.012042 -0.002318
v 0.006475 0.012526 -0.002277
v 0.006754 0.011588 -0.002479
v 0.006918 0.011803 -0.002551
v 0.006339 0.012481 -0.002355
v 0.006237 0.012963 -0.002344
v 0.006562 0.012029 -0.002514
v 0.006673 0.012308 -0.002581
v 0.006543 0.012022 -0.002487
v 0.006358 0.012473 -0.002539
v 0.006409 0.012835 -0.002607
v 0.006340 0.012466 -0.002511
v 0.006327 0.012473 -0.002385
v 0.006120 0.012907 -0.002421
v 0.006129 0.012901 -0.002532
v 0.006146 0.012909 -0.002560
v 0.006170 0.013294 -0.002630
v 0.005994 0.013176 -0.002542
v 0.006008 0.013189 -0.002572
v 0.005987 0.013237 -0.002585
v 0.006154 0.013326 -0.002648
v 0.005966 0.013233 -0.002557
v 0.005958 0.013225 -0.002447
v 0.005967 0.013281 -0.002618
v 0.006150 0.013335 -0.002696
v 0.005942 0.013284 -0.002593
v 0.005955 0.013308 -0.002666
v 0.005925 0.013318 -0.002648
v 0.005952 0.013318 -0.002715
v 0.006146 0.013342 -0.002998
v 0.005919 0.013328 -0.002711
v 0.005957 0.013326 -0.003107
v 0.006153 0.013345 -0.003604
v 0.005925 0.013337 -0.003103
v 0.005969 0.013328 -0.003647
v 0.006162 0.013339 -0.004116
v 0.005937 0.013339 -0.003645
v 0.005975 0.013318 -0.004226
v 0.006175 0.013324 -0.004628
v 0.005943 0.013330 -0.004222
v 0.005890 0.013370 -0.003650
v 0.005983 0.013300 -0.004760
v 0.006188 0.013306 -0.005044
v 0.005952 0.013312 -0.004760
v 0.005995 0.013276 -0.005291
v 0.006201 0.013286 -0.005427
v 0.005963 0.013288 -0.005293
v 0.005897 0.013361 -0.004222
v 0.005906 0.013346 -0.004768
v 0.005984 0.013241 -0.005889
v 0.005918 0.013323 -0.005305
v 0.005907 0.013379 -0.004770
v 0.006016 0.013229 -0.005889
v 0.006215 0.013263 -0.005734
v 0.006232 0.013233 -0.006039
v 0.006046 0.013172 -0.006431
v 0.006251 0.013200 -0.006331
v 0.006273 0.013160 -0.006633
v 0.006014 0.013185 -0.006432
v 0.006089 0.013104 -0.006965
v 0.006300 0.013110 -0.006934
v 0.006329 0.013056 -0.007195
v 0.006058 0.013118 -0.006967
v 0.005940 0.013283 -0.005893
v 0.005973 0.013223 -0.006443
v 0.006117 0.012996 -0.007478
v 0.006020 0.013162 -0.006990
v 0.006148 0.012983 -0.007474
v 0.006368 0.012984 -0.007451
v 0.006419 0.012886 -0.007712
v 0.006249 0.012799 -0.007990
v 0.006457 0.012814 -0.007889
v 0.006537 0.012659 -0.008173
v 0.006219 0.012813 -0.007998
v 0.006371 0.012578 -0.008463
v 0.006561 0.012615 -0.008267
v 0.006625 0.012488 -0.008510
v 0.006086 0.013042 -0.007509
v 0.006498 0.012308 -0.008909
v 0.006703 0.012334 -0.008773
v 0.006792 0.012153 -0.009064
v 0.006342 0.012590 -0.008475
v 0.006636 0.012017 -0.009349
v 0.006883 0.011963 -0.009350
v 0.006976 0.011765 -0.009630
v 0.006471 0.012317 -0.008928
v 0.006186 0.012858 -0.008028
v 0.006313 0.012627 -0.008516
v 0.006781 0.011679 -0.009807
v 0.007074 0.011548 -0.009918
v 0.006608 0.012029 -0.009364
v 0.006448 0.012369 -0.008975
v 0.006919 0.011368 -0.010209
v 0.007173 0.011321 -0.010199
v 0.007253 0.011131 -0.010425
v 0.006753 0.011694 -0.009820
v 0.007055 0.011019 -0.010631
v 0.007333 0.010932 -0.010644
v 0.006892 0.011383 -0.010223
v 0.006593 0.012091 -0.009425
v 0.006746 0.011780 -0.009888
v 0.007028 0.011033 -0.010646
v 0.006882 0.011451 -0.010312
v 0.007214 0.010643 -0.011041
v 0.007413 0.010724 -0.010854
v 0.007420 0.010499 -0.011035
v 0.007188 0.010655 -0.011059
v 0.007253 0.010508 -0.011146
v 0.007287 0.010377 -0.011221
v 0.007461 0.010386 -0.011113
v 0.007227 0.010519 -0.011165
v 0.007023 0.011101 -0.010726
v 0.007169 0.010732 -0.011154
v 0.007315 0.010233 -0.011266
v 0.007507 0.010271 -0.011174
v 0.007262 0.010385 -0.011243
v 0.007336 0.010106 -0.011285
v 0.007559 0.010148 -0.011213
v 0.007291 0.010238 -0.011290
v 0.007345 0.009954 -0.011280
v 0.007619 0.010001 -0.011222
v 0.007313 0.010108 -0.011309
v 0.007353 0.009823 -0.011251
v 0.007670 0.009849 -0.011191
v 0.007322 0.009948 -0.011305
v 0.007333 0.010136 -0.011481
v 0.007344 0.009973 -0.011502
v 0.007332 0.009811 -0.011274
v 0.007356 0.009827 -0.011499
v 0.007402 0.009975 -0.011539
v 0.007304 0.010297 -0.011435
v 0.007387 0.010143 -0.011520
v 0.007266 0.010448 -0.011366
v 0.007356 0.010311 -0.011475
v 0.007220 0.010593 -0.011274
v 0.007323 0.010469 -0.011410
v 0.007386 0.010314 -0.011486
v 0.007265 0.010622 -0.011309
v 0.007454 0.010146 -0.011542
v 0.007352 0.010472 -0.011434
v 0.007289 0.010638 -0.011321
v 0.007434 0.010317 -0.011536
v 0.007222 0.010789 -0.011178
v 0.007303 0.010634 -0.011363
v 0.007425 0.010322 -0.011576
v 0.007382 0.010480 -0.011530
v 0.007362 0.010664 -0.011381
v 0.007456 0.010492 -0.011555
v 0.007275 0.010828 -0.011194
v 0.007447 0.010344 -0.011663
v 0.007537 0.010357 -0.011682
v 0.007057 0.011146 -0.010770
v 0.007089 0.011171 -0.010783
v 0.007033 0.011125 -0.010748
v 0.006897 0.011480 -0.010345
v 0.006932 0.011503 -0.010368
v 0.006789 0.011833 -0.009925
v 0.006891 0.011474 -0.010338
v 0.006755 0.011808 -0.009904
v 0.006640 0.012141 -0.009470
v 0.006602 0.012118 -0.009444
v 0.006497 0.012422 -0.009020
v 0.006456 0.012396 -0.008994
v 0.006361 0.012687 -0.008552
v 0.006320 0.012654 -0.008536
v 0.006235 0.012920 -0.008060
v 0.006191 0.012888 -0.008044
v 0.006136 0.013107 -0.007534
v 0.006090 0.013074 -0.007521
v 0.006070 0.013230 -0.007002
v 0.006023 0.013195 -0.006996
v 0.006024 0.013291 -0.006448
v 0.005975 0.013256 -0.006446
v 0.005992 0.013351 -0.005892
v 0.005942 0.013316 -0.005896
v 0.005972 0.013390 -0.005319
v 0.005920 0.013357 -0.005307
v 0.005959 0.013413 -0.004772
v 0.005950 0.013429 -0.004218
v 0.005897 0.013395 -0.004220
v 0.005944 0.013439 -0.003654
v 0.005889 0.013404 -0.003651
v 0.005886 0.013405 -0.003094
v 0.005941 0.013440 -0.003087
v 0.005888 0.013371 -0.003099
v 0.005887 0.013368 -0.002611
v 0.005886 0.013401 -0.002585
v 0.005943 0.013436 -0.002567
v 0.005891 0.013358 -0.002547
v 0.005891 0.013387 -0.002524
v 0.005948 0.013423 -0.002505
v 0.005903 0.013333 -0.002493
v 0.005904 0.013359 -0.002471
v 0.005964 0.013393 -0.002452
v 0.005987 0.013349 -0.002414
v 0.005927 0.013284 -0.002461
v 0.005928 0.013313 -0.002436
v 0.006015 0.013297 -0.002396
v 0.005958 0.013256 -0.002419
v 0.006132 0.012915 -0.002391
v 0.007156 0.005347 -0.002430
v 0.007268 0.005327 -0.002474
v 0.007270 0.005350 -0.002428
v 0.007154 0.005324 -0.002475
v 0.007265 0.005318 -0.002526
v 0.007131 0.005351 -0.002433
v 0.007151 0.005315 -0.002527
v 0.007208 0.005331 -0.003564
v 0.007129 0.005329 -0.002477
v 0.007092 0.005363 -0.002443
v 0.007093 0.005335 -0.003563
v 0.007205 0.005341 -0.003617
v 0.007090 0.005345 -0.002482
v 0.007076 0.005378 -0.002458
v 0.007127 0.005320 -0.002527
v 0.007074 0.005366 -0.002490
v 0.007072 0.005421 -0.002486
v 0.007088 0.005339 -0.002526
v 0.007071 0.005411 -0.002505
v 0.007079 0.005432 -0.002498
v 0.007078 0.005427 -0.002509
v 0.007072 0.005363 -0.002527
v 0.007070 0.005409 -0.002528
v 0.007077 0.005425 -0.002529
v 0.007015 0.005382 -0.003553
v 0.007013 0.005428 -0.003550
v 0.007020 0.005445 -0.003550
v 0.007019 0.005446 -0.003571
v 0.007012 0.005430 -0.003573
v 0.007018 0.005451 -0.003582
v 0.007030 0.005359 -0.003556
v 0.007013 0.005385 -0.003590
v 0.007010 0.005440 -0.003595
v 0.007069 0.005340 -0.003561
v 0.007027 0.005365 -0.003601
v 0.007010 0.005398 -0.003623
v 0.007066 0.005349 -0.003612
v 0.007090 0.005344 -0.003615
v 0.007201 0.005365 -0.003663
v 0.007024 0.005383 -0.003640
v 0.007062 0.005372 -0.003656
v 0.007086 0.005368 -0.003661
v 0.007197 0.005403 -0.003692
v 0.007082 0.005406 -0.003691
v 0.007194 0.005453 -0.003704
v 0.007059 0.005409 -0.003684
v 0.007079 0.005456 -0.003702
v 0.007155 0.006222 -0.003687
v 0.007021 0.005414 -0.003664
v 0.007037 0.006220 -0.003685
v 0.007055 0.005456 -0.003695
v 0.007013 0.006216 -0.003679
v 0.007038 0.006241 -0.003660
v 0.007155 0.006243 -0.003663
v 0.006978 0.006204 -0.003663
v 0.007128 0.006225 -0.002410
v 0.007238 0.006227 -0.002413
v 0.007014 0.006237 -0.003655
v 0.007104 0.006221 -0.002415
v 0.007130 0.006203 -0.002386
v 0.007240 0.006204 -0.002388
v 0.007106 0.006199 -0.002391
v 0.007156 0.005429 -0.002384
v 0.007270 0.005432 -0.002383
v 0.007271 0.005386 -0.002397
v 0.007067 0.006187 -0.002409
v 0.007156 0.005383 -0.002399
v 0.007270 0.005350 -0.002428
v 0.007156 0.005347 -0.002430
v 0.007131 0.005351 -0.002433
v 0.007132 0.005384 -0.002404
v 0.007092 0.005363 -0.002443
v 0.007132 0.005429 -0.002390
v 0.007092 0.005391 -0.002419
v 0.007092 0.005430 -0.002408
v 0.007076 0.005401 -0.002439
v 0.007076 0.005378 -0.002458
v 0.007072 0.005421 -0.002486
v 0.007076 0.005432 -0.002431
v 0.007079 0.005442 -0.002493
v 0.007079 0.005432 -0.002498
v 0.007073 0.005438 -0.002477
v 0.007058 0.006109 -0.002495
v 0.007050 0.006115 -0.002478
v 0.007057 0.006126 -0.002508
v 0.007051 0.006176 -0.002432
v 0.007048 0.006141 -0.002500
v 0.006970 0.006157 -0.003573
v 0.006980 0.006141 -0.003567
v 0.007050 0.006187 -0.002444
v 0.007065 0.006210 -0.002433
v 0.006965 0.006203 -0.003626
v 0.006979 0.006225 -0.003639
v 0.006964 0.006190 -0.003640
v 0.007018 0.005456 -0.003673
v 0.006970 0.006131 -0.003598
v 0.006980 0.006124 -0.003583
v 0.007005 0.005457 -0.003648
v 0.007008 0.005460 -0.003601
v 0.007017 0.005462 -0.003586
v 0.007008 0.005423 -0.003641
v 0.007558 0.008233 -0.010598
v 0.007553 0.008319 -0.010407
v 0.007653 0.008341 -0.010409
v 0.007574 0.008196 -0.010671
v 0.007598 0.008193 -0.010679
v 0.007605 0.008178 -0.010707
v 0.007979 0.008375 -0.010456
v 0.007959 0.008209 -0.010740
v 0.008024 0.008464 -0.010511
v 0.008004 0.008298 -0.010795
v 0.007949 0.008384 -0.010841
v 0.007969 0.008550 -0.010557
v 0.007644 0.008583 -0.010549
v 0.007598 0.008405 -0.010843
v 0.007591 0.008424 -0.010813
v 0.007568 0.008429 -0.010807
v 0.007550 0.008470 -0.010741
v 0.007538 0.008571 -0.010569
v 0.007516 0.009478 -0.011401
v 0.007494 0.009510 -0.011405
v 0.007504 0.009583 -0.011452
v 0.007451 0.009535 -0.011331
v 0.007464 0.009598 -0.011150
v 0.007429 0.009549 -0.011050
v 0.007485 0.009624 -0.011141
v 0.007450 0.009551 -0.011031
v 0.007657 0.009647 -0.011089
v 0.007462 0.009622 -0.011169
v 0.007376 0.009752 -0.011224
v 0.007355 0.009739 -0.011248
v 0.007497 0.009613 -0.011455
v 0.007381 0.009751 -0.011488
v 0.007570 0.009611 -0.011511
v 0.007576 0.009582 -0.011510
v 0.007450 0.009755 -0.011527
v 0.007424 0.009823 -0.011534
v 0.007589 0.009792 -0.011562
v 0.007621 0.009612 -0.011545
v 0.007644 0.009586 -0.011527
v 0.007691 0.009591 -0.011594
v 0.007519 0.009975 -0.011569
v 0.007673 0.009616 -0.011619
v 0.007692 0.009598 -0.011776
v 0.007506 0.010153 -0.011601
v 0.007644 0.009623 -0.011800
v 0.007754 0.009600 -0.011851
v 0.007490 0.010166 -0.011683
v 0.007579 0.009970 -0.011635
v 0.007516 0.010191 -0.011770
v 0.007649 0.010213 -0.011805
v 0.007556 0.009983 -0.011754
v 0.007648 0.009788 -0.011629
v 0.007596 0.010003 -0.011842
v 0.007792 0.010009 -0.011979
v 0.007611 0.009791 -0.011795
v 0.007671 0.009805 -0.011886
v 0.007846 0.009822 -0.012070
v 0.007727 0.009624 -0.011896
v 0.007884 0.009745 -0.012084
v 0.007916 0.009661 -0.012077
v 0.007961 0.009593 -0.012053
v 0.007979 0.009565 -0.012044
v 0.007272 0.008479 -0.004468
v 0.007210 0.008686 -0.004476
v 0.007210 0.008479 -0.004468
v 0.007272 0.008686 -0.004476
v 0.007269 0.008687 -0.004739
v 0.007186 0.008687 -0.004739
v 0.007269 0.008675 -0.004769
v 0.007189 0.008686 -0.004476
v 0.007186 0.008675 -0.004769
v 0.007268 0.008602 -0.004832
v 0.007172 0.008671 -0.004737
v 0.007193 0.008678 -0.003961
v 0.007215 0.008678 -0.003961
v 0.007174 0.008670 -0.004472
v 0.007193 0.008671 -0.003932
v 0.007215 0.008671 -0.003932
v 0.007178 0.008662 -0.003973
v 0.007178 0.008657 -0.003948
v 0.007173 0.008583 -0.004471
v 0.007178 0.008643 -0.003931
v 0.007193 0.008653 -0.003913
v 0.007215 0.008653 -0.003913
v 0.007178 0.008624 -0.003923
v 0.007193 0.008630 -0.003903
v 0.007215 0.008630 -0.003903
v 0.007215 0.008601 -0.003909
v 0.007193 0.008601 -0.003909
v 0.007214 0.008521 -0.003962
v 0.007178 0.008600 -0.003929
v 0.007192 0.008521 -0.003962
v 0.007214 0.008498 -0.003983
v 0.007177 0.008531 -0.003975
v 0.007192 0.008498 -0.003983
v 0.007214 0.008484 -0.004010
v 0.007177 0.008512 -0.003993
v 0.007191 0.008484 -0.004010
v 0.007214 0.008479 -0.004040
v 0.007177 0.008500 -0.004015
v 0.007191 0.008479 -0.004040
v 0.007210 0.008479 -0.004468
v 0.007177 0.008496 -0.004042
v 0.007187 0.008479 -0.004468
v 0.007272 0.008459 -0.004504
v 0.007272 0.008479 -0.004468
v 0.007173 0.008495 -0.004471
v 0.007187 0.008459 -0.004504
v 0.007190 0.008437 -0.004537
v 0.007271 0.008435 -0.004540
v 0.007172 0.008467 -0.004523
v 0.007172 0.008581 -0.004609
v 0.007172 0.008661 -0.004759
v 0.007172 0.008531 -0.004670
v 0.007176 0.008443 -0.004556
v 0.007200 0.008420 -0.004565
v 0.007267 0.008420 -0.004565
v 0.007171 0.008595 -0.004817
v 0.007175 0.008504 -0.004698
v 0.007185 0.008426 -0.004580
v 0.007213 0.008417 -0.004587
v 0.007267 0.008417 -0.004587
v 0.007267 0.008420 -0.004610
v 0.007204 0.008420 -0.004611
v 0.007265 0.008475 -0.004736
v 0.007184 0.008486 -0.004716
v 0.007203 0.008475 -0.004737
v 0.007263 0.008530 -0.004863
v 0.007175 0.008566 -0.004839
v 0.007183 0.008545 -0.004852
v 0.007202 0.008530 -0.004863
v 0.007208 0.008552 -0.004869
v 0.007263 0.008552 -0.004869
v 0.007196 0.008561 -0.004862
v 0.007268 0.008572 -0.004855
v 0.007189 0.008576 -0.004852
v 0.007185 0.008602 -0.004832
v 0.007493 0.003780 -0.004391
v 0.007475 0.003782 -0.004343
v 0.007474 0.003768 -0.004343
v 0.007492 0.003766 -0.004391
v 0.007442 0.003770 -0.004379
v 0.007464 0.003769 -0.004429
v 0.007489 0.003767 -0.004515
v 0.007461 0.003769 -0.004514
v 0.007490 0.003781 -0.004515
v 0.007445 0.003775 -0.005059
v 0.007473 0.003773 -0.005095
v 0.007474 0.003787 -0.005095
v 0.007421 0.003777 -0.005110
v 0.007452 0.003775 -0.005142
v 0.007453 0.003789 -0.005142
v 0.007405 0.003792 -0.005161
v 0.007404 0.003778 -0.005161
v 0.007364 0.003781 -0.005130
v 0.007247 0.003804 -0.005158
v 0.007287 0.003787 -0.005129
v 0.007246 0.003790 -0.005158
v 0.007200 0.003808 -0.005137
v 0.007230 0.003791 -0.005107
v 0.007199 0.003793 -0.005137
v 0.007180 0.003795 -0.005089
v 0.007182 0.003809 -0.005089
v 0.007208 0.003792 -0.005056
v 0.007202 0.003804 -0.004511
v 0.007201 0.003790 -0.004511
v 0.007228 0.003787 -0.004512
v 0.007231 0.003787 -0.004429
v 0.007205 0.003789 -0.004387
v 0.007206 0.003803 -0.004387
v 0.007256 0.003785 -0.004377
v 0.007227 0.003801 -0.004340
v 0.007226 0.003787 -0.004340
v 0.007275 0.003798 -0.004321
v 0.007274 0.003783 -0.004321
v 0.007311 0.003781 -0.004357
v 0.007427 0.003785 -0.004322
v 0.007385 0.003775 -0.004357
v 0.007474 0.003768 -0.004343
v 0.007475 0.003782 -0.004343
v 0.007426 0.003771 -0.004322
v 0.007442 0.003770 -0.004379
v 0.007670 0.009795 -0.011142
v 0.007670 0.009849 -0.011191
v 0.007657 0.009647 -0.011089
v 0.007669 0.009815 -0.011153
v 0.007670 0.009856 -0.011076
v 0.007648 0.009829 -0.011162
v 0.007645 0.009864 -0.011088
v 0.007600 0.009995 -0.011201
v 0.007619 0.010001 -0.011222
v 0.007646 0.009863 -0.010980
v 0.007672 0.009858 -0.010956
v 0.007649 0.009925 -0.011043
v 0.007627 0.009922 -0.011064
v 0.007617 0.010013 -0.011080
v 0.007598 0.010002 -0.011099
v 0.007542 0.010137 -0.011193
v 0.007559 0.010148 -0.011213
v 0.007544 0.010143 -0.011103
v 0.007564 0.010149 -0.011084
v 0.007516 0.010276 -0.011052
v 0.007491 0.010257 -0.011154
v 0.007507 0.010271 -0.011174
v 0.007494 0.010274 -0.011070
v 0.007475 0.010409 -0.010996
v 0.007446 0.010369 -0.011095
v 0.007461 0.010386 -0.011113
v 0.007452 0.010408 -0.011014
v 0.007416 0.010481 -0.011018
v 0.007420 0.010499 -0.011035
v 0.007405 0.010585 -0.010933
v 0.007413 0.010724 -0.010854
v 0.007563 0.008150 -0.010225
v 0.007521 0.008120 -0.010266
v 0.007563 0.008111 -0.010252
v 0.007564 0.007982 -0.010489
v 0.007520 0.008156 -0.010241
v 0.007561 0.008196 -0.010210
v 0.007527 0.007986 -0.010509
v 0.007580 0.007959 -0.010521
v 0.007519 0.008199 -0.010227
v 0.007560 0.008245 -0.010203
v 0.007511 0.008317 -0.010423
v 0.007517 0.008244 -0.010221
v 0.007516 0.008287 -0.010230
v 0.007557 0.008292 -0.010212
v 0.007540 0.007963 -0.010543
v 0.007588 0.007967 -0.010553
v 0.007489 0.008693 -0.010477
v 0.007530 0.008710 -0.010466
v 0.007529 0.008732 -0.010495
v 0.007509 0.008356 -0.010413
v 0.007488 0.008714 -0.010503
v 0.007529 0.008744 -0.010530
v 0.007496 0.008567 -0.010549
v 0.007488 0.008725 -0.010535
v 0.007530 0.008750 -0.010566
v 0.007489 0.008730 -0.010568
v 0.007540 0.008547 -0.010554
v 0.007490 0.008727 -0.010600
v 0.007551 0.008363 -0.010436
v 0.007531 0.008746 -0.010602
v 0.007553 0.008325 -0.010446
v 0.007514 0.008564 -0.010863
v 0.007549 0.008587 -0.010858
v 0.007523 0.008191 -0.010645
v 0.007559 0.008214 -0.010641
v 0.007536 0.008171 -0.010679
v 0.007576 0.008194 -0.010675
v 0.007585 0.008162 -0.010680
v 0.007546 0.007972 -0.010576
v 0.007544 0.008138 -0.010684
v 0.007497 0.008577 -0.010588
v 0.007540 0.008557 -0.010592
v 0.007552 0.008448 -0.010778
v 0.007516 0.008454 -0.010800
v 0.007569 0.008427 -0.010810
v 0.007529 0.008544 -0.010898
v 0.007568 0.008567 -0.010892
v 0.007578 0.008536 -0.010898
v 0.007530 0.008433 -0.010833
v 0.007579 0.008437 -0.010841
v 0.007537 0.008512 -0.010905
v 0.007537 0.008443 -0.010865
v 0.007103 0.006239 -0.004260
v 0.007144 0.006197 -0.004244
v 0.007152 0.006211 -0.004244
v 0.007202 0.006183 -0.004259
v 0.007095 0.006225 -0.004260
v 0.007067 0.006259 -0.004302
v 0.007194 0.006168 -0.004259
v 0.007238 0.006161 -0.004301
v 0.007058 0.006245 -0.004302
v 0.007230 0.006147 -0.004300
v 0.007251 0.006153 -0.004357
v 0.007137 0.006182 -0.004358
v 0.007243 0.006139 -0.004357
v 0.007230 0.006146 -0.004414
v 0.007238 0.006160 -0.004414
v 0.007202 0.006180 -0.004456
v 0.007194 0.006166 -0.004456
v 0.007152 0.006208 -0.004472
v 0.007144 0.006194 -0.004472
v 0.007095 0.006222 -0.004457
v 0.007103 0.006236 -0.004457
v 0.007058 0.006243 -0.004416
v 0.007067 0.006258 -0.004416
v 0.007045 0.006252 -0.004359
v 0.007053 0.006266 -0.004359
v 0.007177 0.008997 -0.004655
v 0.007158 0.009008 -0.004590
v 0.007176 0.009025 -0.004596
v 0.007176 0.009038 -0.004534
v 0.007158 0.008980 -0.004646
v 0.007177 0.008962 -0.004710
v 0.007157 0.009020 -0.004529
v 0.007176 0.009037 -0.004178
v 0.007140 0.008972 -0.004577
v 0.007158 0.008946 -0.004700
v 0.007177 0.008918 -0.004759
v 0.007140 0.008946 -0.004630
v 0.007139 0.008984 -0.004521
v 0.007158 0.008903 -0.004748
v 0.007157 0.009019 -0.004178
v 0.007155 0.009017 -0.003517
v 0.007175 0.009023 -0.003485
v 0.007175 0.008992 -0.003504
v 0.007139 0.008983 -0.004179
v 0.007133 0.008938 -0.004565
v 0.007133 0.008951 -0.004513
v 0.007140 0.008915 -0.004681
v 0.007134 0.008913 -0.004614
v 0.007154 0.008917 -0.004559
v 0.007134 0.008884 -0.004661
v 0.007154 0.008933 -0.004508
v 0.007154 0.008892 -0.004607
v 0.007163 0.008917 -0.004559
v 0.007140 0.008875 -0.004725
v 0.007163 0.008892 -0.004607
v 0.007154 0.008865 -0.004651
v 0.007164 0.008865 -0.004651
v 0.007134 0.008846 -0.004703
v 0.007155 0.008832 -0.004691
v 0.007135 0.008723 -0.004812
v 0.007135 0.008676 -0.004854
v 0.007156 0.008711 -0.004798
v 0.007142 0.008655 -0.004920
v 0.007157 0.008654 -0.004848
v 0.007160 0.008631 -0.004989
v 0.007178 0.008622 -0.005022
v 0.007143 0.008640 -0.004881
v 0.007146 0.008626 -0.004931
v 0.007160 0.008605 -0.004989
v 0.007179 0.008597 -0.005016
v 0.007180 0.008558 -0.004920
v 0.007160 0.008580 -0.004928
v 0.007219 0.008628 -0.004870
v 0.007219 0.008558 -0.004920
v 0.007228 0.008567 -0.004899
v 0.007238 0.008557 -0.004920
v 0.007218 0.008704 -0.004803
v 0.007239 0.008518 -0.004490
v 0.007334 0.008554 -0.004922
v 0.007228 0.008621 -0.004861
v 0.007229 0.008530 -0.004495
v 0.007349 0.008519 -0.004489
v 0.007385 0.008531 -0.004867
v 0.007239 0.008540 -0.004470
v 0.007229 0.008544 -0.004481
v 0.007228 0.008700 -0.004793
v 0.007228 0.008697 -0.004479
v 0.007218 0.008710 -0.004788
v 0.007219 0.008708 -0.004490
v 0.007240 0.008707 -0.004466
v 0.007163 0.008711 -0.004798
v 0.007194 0.008710 -0.004764
v 0.007164 0.008832 -0.004691
v 0.007175 0.008734 -0.004735
v 0.007194 0.008708 -0.004487
v 0.007173 0.008843 -0.004635
v 0.007174 0.008811 -0.004670
v 0.007174 0.008732 -0.004509
v 0.007173 0.008869 -0.004594
v 0.007173 0.008894 -0.004549
v 0.007173 0.008909 -0.004506
v 0.007177 0.008730 -0.004479
v 0.007163 0.008933 -0.004508
v 0.007198 0.008728 -0.004466
v 0.007186 0.008908 -0.004474
v 0.007161 0.008932 -0.004470
v 0.007218 0.008911 -0.004461
v 0.007181 0.008932 -0.004444
v 0.007154 0.008932 -0.004459
v 0.007133 0.008947 -0.004179
v 0.007153 0.008929 -0.004178
v 0.007347 0.008934 -0.004433
v 0.007132 0.008940 -0.003803
v 0.007153 0.008922 -0.003804
v 0.007349 0.008930 -0.004166
v 0.007347 0.008915 -0.004459
v 0.007387 0.008861 -0.004428
v 0.007348 0.008708 -0.004465
v 0.007387 0.008844 -0.004453
v 0.007387 0.008706 -0.004454
v 0.007349 0.008541 -0.004469
v 0.007388 0.008508 -0.004492
v 0.007388 0.008535 -0.004458
v 0.007390 0.008526 -0.004181
v 0.007388 0.008519 -0.004459
v 0.007388 0.008468 -0.004545
v 0.007387 0.008410 -0.004623
v 0.007349 0.008390 -0.004573
v 0.007349 0.008459 -0.004454
v 0.007349 0.008429 -0.004515
v 0.007203 0.008385 -0.004566
v 0.007173 0.008428 -0.004513
v 0.007183 0.008389 -0.004530
v 0.007222 0.008124 -0.004055
v 0.007203 0.008147 -0.004063
v 0.007180 0.008209 -0.004000
v 0.007158 0.008412 -0.004500
v 0.007165 0.008190 -0.004035
v 0.007155 0.008457 -0.004459
v 0.007135 0.008438 -0.004443
v 0.007136 0.008244 -0.004001
v 0.007180 0.008235 -0.003985
v 0.007155 0.008458 -0.004034
v 0.007135 0.008435 -0.004024
v 0.007352 0.008460 -0.004032
v 0.007155 0.008464 -0.004001
v 0.007135 0.008440 -0.003988
v 0.007135 0.008458 -0.003958
v 0.007155 0.008481 -0.003972
v 0.007135 0.008482 -0.003932
v 0.007352 0.008466 -0.003999
v 0.007391 0.008529 -0.004062
v 0.007391 0.008533 -0.004040
v 0.007389 0.008858 -0.004164
v 0.007391 0.008542 -0.004025
v 0.007352 0.008483 -0.003970
v 0.007155 0.008507 -0.003950
v 0.007352 0.008509 -0.003948
v 0.007391 0.008559 -0.004010
v 0.007391 0.008857 -0.003859
v 0.007391 0.008831 -0.003845
v 0.007351 0.008924 -0.003803
v 0.007391 0.008848 -0.003844
v 0.007351 0.008836 -0.003754
v 0.007153 0.008912 -0.003775
v 0.007351 0.008915 -0.003774
v 0.007351 0.008894 -0.003753
v 0.007351 0.008865 -0.003746
v 0.007153 0.008891 -0.003757
v 0.007153 0.008863 -0.003749
v 0.007153 0.008833 -0.003756
v 0.007132 0.008867 -0.003727
v 0.007132 0.008828 -0.003737
v 0.007132 0.008903 -0.003736
v 0.007132 0.008821 -0.003703
v 0.007132 0.008876 -0.003689
v 0.007131 0.008935 -0.003591
v 0.007133 0.008921 -0.003703
v 0.007132 0.008930 -0.003763
v 0.007136 0.008959 -0.003733
v 0.007138 0.008971 -0.003570
v 0.007139 0.008975 -0.003798
v 0.006955 0.008611 -0.003035
v 0.006950 0.008594 -0.003075
v 0.006932 0.008594 -0.003073
v 0.006949 0.008554 -0.003091
v 0.006937 0.008611 -0.003033
v 0.006959 0.008611 -0.002997
v 0.006931 0.008554 -0.003089
v 0.006941 0.008611 -0.002995
v 0.006964 0.008594 -0.002957
v 0.006911 0.008576 -0.003052
v 0.006946 0.008594 -0.002955
v 0.006910 0.008550 -0.003063
v 0.006917 0.008587 -0.002997
v 0.006914 0.008587 -0.003025
v 0.006910 0.008328 -0.003063
v 0.006920 0.008576 -0.002971
v 0.006948 0.008554 -0.002939
v 0.006966 0.008554 -0.002941
v 0.006921 0.008550 -0.002960
v 0.006948 0.008323 -0.002939
v 0.006966 0.008323 -0.002941
v 0.006964 0.008283 -0.002957
v 0.006946 0.008283 -0.002955
v 0.006960 0.008267 -0.002997
v 0.006920 0.008301 -0.002971
v 0.006942 0.008267 -0.002995
v 0.006955 0.008267 -0.003035
v 0.006922 0.008328 -0.002960
v 0.006917 0.008290 -0.002997
v 0.006937 0.008267 -0.003033
v 0.006951 0.008283 -0.003075
v 0.006914 0.008290 -0.003025
v 0.006911 0.008301 -0.003052
v 0.006933 0.008283 -0.003073
v 0.006949 0.008323 -0.003091
v 0.006931 0.008323 -0.003089
v 0.006989 0.008553 -0.002701
v 0.006971 0.008322 -0.002698
v 0.006989 0.008322 -0.002701
v 0.006987 0.008282 -0.002717
v 0.006971 0.008553 -0.002698
v 0.006987 0.008593 -0.002717
v 0.006969 0.008282 -0.002715
v 0.006969 0.008593 -0.002715
v 0.006965 0.008265 -0.002755
v 0.006983 0.008265 -0.002757
v 0.006944 0.008300 -0.002730
v 0.006960 0.008265 -0.002792
v 0.006978 0.008265 -0.002794
v 0.006941 0.008289 -0.002757
v 0.006974 0.008282 -0.002834
v 0.006945 0.008326 -0.002719
v 0.006956 0.008282 -0.002832
v 0.006972 0.008322 -0.002851
v 0.006945 0.008548 -0.002719
v 0.006954 0.008322 -0.002849
v 0.006972 0.008553 -0.002851
v 0.006937 0.008289 -0.002785
v 0.006934 0.008300 -0.002812
v 0.006943 0.008574 -0.002730
v 0.006933 0.008326 -0.002823
v 0.006940 0.008586 -0.002757
v 0.006964 0.008609 -0.002755
v 0.006982 0.008609 -0.002757
v 0.006978 0.008609 -0.002794
v 0.006937 0.008585 -0.002785
v 0.006960 0.008609 -0.002792
v 0.006974 0.008593 -0.002834
v 0.006934 0.008574 -0.002812
v 0.006956 0.008593 -0.002832
v 0.006933 0.008548 -0.002823
v 0.006954 0.008553 -0.002849
v 0.007278 0.006137 -0.004357
v 0.007238 0.006161 -0.004301
v 0.007251 0.006153 -0.004357
v 0.007262 0.006148 -0.004285
v 0.007202 0.006183 -0.004259
v 0.007215 0.006175 -0.004232
v 0.007152 0.006211 -0.004244
v 0.007152 0.006211 -0.004213
v 0.007089 0.006247 -0.004233
v 0.007103 0.006239 -0.004260
v 0.007043 0.006273 -0.004286
v 0.007067 0.006259 -0.004302
v 0.007026 0.006281 -0.004359
v 0.007053 0.006266 -0.004359
v 0.007067 0.006258 -0.004416
v 0.007043 0.006271 -0.004432
v 0.007103 0.006236 -0.004457
v 0.007089 0.006244 -0.004484
v 0.007152 0.006208 -0.004472
v 0.007152 0.006208 -0.004503
v 0.007216 0.006172 -0.004483
v 0.007202 0.006180 -0.004456
v 0.007262 0.006146 -0.004430
v 0.007238 0.006160 -0.004414
v 0.007278 0.006137 -0.004357
v 0.007251 0.006153 -0.004357
v 0.006987 0.008388 -0.009554
v 0.006955 0.008500 -0.009586
v 0.006989 0.008507 -0.009657
v 0.006953 0.008371 -0.009461
v 0.006938 0.008502 -0.009454
v 0.006938 0.008381 -0.009346
v 0.006954 0.008422 -0.008378
v 0.006952 0.008297 -0.008330
v 0.006966 0.008342 -0.007397
v 0.006962 0.008230 -0.007378
v 0.006983 0.008290 -0.006808
v 0.006978 0.008175 -0.006784
v 0.007000 0.008215 -0.006225
v 0.006996 0.008101 -0.006192
v 0.007028 0.008103 -0.005548
v 0.007024 0.007985 -0.005512
v 0.007053 0.007950 -0.004918
v 0.007048 0.007838 -0.004897
v 0.007101 0.007766 -0.004287
v 0.007089 0.007658 -0.004324
v 0.007119 0.007672 -0.004048
v 0.007110 0.007567 -0.004091
v 0.007136 0.007531 -0.004002
v 0.007149 0.007643 -0.003957
v 0.007181 0.007616 -0.003878
v 0.007172 0.007490 -0.003924
v 0.006987 0.008336 -0.009509
v 0.006953 0.008371 -0.009461
v 0.006987 0.008388 -0.009554
v 0.006980 0.008043 -0.009229
v 0.006948 0.008091 -0.009189
v 0.006938 0.008381 -0.009346
v 0.006951 0.007808 -0.008907
v 0.006981 0.007755 -0.008945
v 0.006932 0.008127 -0.009091
v 0.006952 0.008297 -0.008330
v 0.006973 0.007590 -0.008653
v 0.007004 0.007531 -0.008687
v 0.006935 0.007848 -0.008800
v 0.006950 0.007891 -0.008174
v 0.006962 0.008230 -0.007378
v 0.006954 0.007677 -0.008609
v 0.006960 0.007608 -0.008469
v 0.006980 0.007516 -0.008508
v 0.007012 0.007450 -0.008537
v 0.007017 0.007394 -0.008374
v 0.006985 0.007467 -0.008350
v 0.007023 0.007355 -0.008207
v 0.006965 0.007561 -0.008318
v 0.006990 0.007435 -0.008192
v 0.007027 0.007332 -0.008037
v 0.006969 0.007531 -0.008165
v 0.006993 0.007418 -0.008024
v 0.007027 0.007301 -0.007625
v 0.006971 0.007517 -0.008030
v 0.006971 0.007481 -0.007627
v 0.006993 0.007384 -0.007621
v 0.006995 0.007366 -0.007216
v 0.007029 0.007284 -0.007213
v 0.006974 0.007460 -0.007222
v 0.006958 0.007831 -0.007297
v 0.006978 0.008175 -0.006784
v 0.006996 0.008101 -0.006192
v 0.007000 0.007746 -0.006090
v 0.007024 0.007985 -0.005512
v 0.007048 0.007838 -0.004897
v 0.007022 0.007418 -0.005996
v 0.007048 0.007593 -0.004812
v 0.007089 0.007658 -0.004324
v 0.007043 0.007325 -0.005985
v 0.007076 0.007248 -0.005978
v 0.007081 0.007369 -0.004736
v 0.007104 0.007284 -0.004724
v 0.007136 0.007212 -0.004725
v 0.007095 0.007383 -0.004416
v 0.007114 0.007301 -0.004412
v 0.007148 0.007232 -0.004390
v 0.007100 0.007414 -0.004261
v 0.007121 0.007336 -0.004215
v 0.007156 0.007271 -0.004175
v 0.007104 0.007474 -0.004158
v 0.007110 0.007567 -0.004091
v 0.007127 0.007410 -0.004094
v 0.007163 0.007358 -0.004030
v 0.007136 0.007531 -0.004002
v 0.007172 0.007490 -0.003924
v 0.007083 0.006424 -0.008483
v 0.007315 0.006246 -0.008394
v 0.007043 0.006427 -0.008178
v 0.007206 0.006220 -0.007274
v 0.006983 0.006405 -0.007719
v 0.007399 0.006132 -0.008341
v 0.006938 0.006381 -0.007265
v 0.007291 0.006110 -0.007263
v 0.007441 0.006004 -0.008264
v 0.007195 0.006187 -0.005984
v 0.006917 0.006357 -0.006625
v 0.006929 0.006338 -0.005984
v 0.006956 0.006320 -0.005343
v 0.007338 0.005980 -0.007241
v 0.007447 0.005544 -0.007955
v 0.007279 0.006076 -0.005986
v 0.007260 0.006155 -0.004704
v 0.006999 0.006303 -0.004702
v 0.007059 0.006280 -0.003763
v 0.007348 0.005521 -0.007146
v 0.007542 0.005290 -0.007763
v 0.007320 0.006132 -0.003756
v 0.007168 0.006257 -0.002539
v 0.007447 0.005265 -0.007081
v 0.007628 0.005139 -0.007641
v 0.007323 0.005944 -0.005989
v 0.007323 0.005482 -0.005989
v 0.007536 0.005111 -0.007039
v 0.007635 0.004526 -0.007230
v 0.007550 0.004500 -0.006912
v 0.007416 0.005220 -0.005990
v 0.007502 0.005062 -0.005990
v 0.007502 0.004447 -0.005990
v 0.007388 0.005449 -0.004704
v 0.007567 0.005028 -0.004714
v 0.007567 0.004413 -0.004714
v 0.007482 0.005187 -0.004710
v 0.007584 0.005022 -0.004453
v 0.007585 0.004994 -0.004435
v 0.007585 0.004406 -0.004430
v 0.007540 0.004405 -0.004357
v 0.007502 0.005179 -0.004391
v 0.007551 0.005037 -0.004361
v 0.007461 0.004404 -0.004323
v 0.007452 0.005101 -0.004318
v 0.007417 0.004402 -0.004250
v 0.007417 0.005284 -0.004242
v 0.007412 0.005421 -0.004323
v 0.007448 0.005888 -0.003756
v 0.007448 0.004390 -0.003761
v 0.007511 0.004479 -0.002871
v 0.007388 0.005911 -0.004704
v 0.007542 0.005864 -0.002545
v 0.007568 0.005859 -0.002317
v 0.007404 0.006020 -0.003757
v 0.007344 0.006043 -0.004704
v 0.007498 0.005996 -0.002530
v 0.007529 0.005989 -0.002275
v 0.007415 0.006108 -0.002527
v 0.007449 0.006102 -0.002246
v 0.007195 0.006252 -0.002219
v 0.007026 0.009497 -0.010459
v 0.007033 0.009528 -0.010411
v 0.007030 0.009530 -0.010457
v 0.007017 0.009513 -0.010490
v 0.007017 0.009534 -0.010599
v 0.007011 0.009446 -0.010490
v 0.007024 0.009443 -0.010458
v 0.007007 0.009518 -0.010616
v 0.006999 0.009521 -0.010715
v 0.007004 0.009538 -0.010741
v 0.007004 0.009397 -0.010551
v 0.007011 0.009526 -0.010800
v 0.007015 0.009543 -0.010799
v 0.007047 0.009548 -0.010844
v 0.007001 0.009368 -0.010588
v 0.007084 0.009530 -0.010859
v 0.007369 0.009549 -0.010965
v 0.007091 0.009340 -0.010698
v 0.007370 0.009531 -0.010964
v 0.007429 0.009549 -0.011050
v 0.007091 0.008853 -0.010315
v 0.007425 0.009532 -0.011052
v 0.007451 0.009535 -0.011331
v 0.007393 0.009325 -0.010786
v 0.007445 0.009519 -0.011332
v 0.007494 0.009510 -0.011405
v 0.007454 0.009320 -0.010863
v 0.007489 0.009494 -0.011406
v 0.007516 0.009478 -0.011401
v 0.007466 0.009290 -0.011214
v 0.007511 0.009285 -0.011303
v 0.007537 0.009286 -0.011305
v 0.007550 0.008721 -0.010988
v 0.007576 0.008710 -0.010982
v 0.007502 0.008761 -0.010908
v 0.007558 0.008651 -0.010942
v 0.007589 0.008572 -0.010899
v 0.007477 0.008966 -0.010590
v 0.007568 0.008429 -0.010807
v 0.007591 0.008424 -0.010813
v 0.007566 0.008573 -0.010891
v 0.007550 0.008470 -0.010741
v 0.007524 0.008693 -0.010866
v 0.007546 0.008613 -0.010819
v 0.007538 0.008571 -0.010569
v 0.007500 0.008908 -0.010536
v 0.007523 0.008832 -0.010486
v 0.007553 0.008319 -0.010407
v 0.007420 0.008915 -0.010465
v 0.007456 0.008451 -0.010113
v 0.007550 0.008424 -0.010178
v 0.007564 0.007986 -0.010437
v 0.007558 0.008233 -0.010598
v 0.007473 0.008182 -0.009912
v 0.007578 0.007941 -0.010505
v 0.007574 0.008196 -0.010671
v 0.007598 0.008193 -0.010679
v 0.007600 0.007935 -0.010510
v 0.007565 0.008212 -0.010014
v 0.007547 0.007930 -0.010399
v 0.007575 0.007882 -0.010471
v 0.007597 0.007865 -0.010470
v 0.007549 0.008156 -0.009974
v 0.007529 0.007865 -0.010358
v 0.007572 0.007816 -0.010436
v 0.007597 0.007763 -0.010402
v 0.007572 0.007763 -0.010401
v 0.007605 0.007682 -0.010340
v 0.007534 0.008093 -0.009929
v 0.007530 0.007810 -0.010322
v 0.007580 0.007674 -0.010335
v 0.007607 0.007190 -0.009875
v 0.007536 0.008039 -0.009892
v 0.007582 0.007191 -0.009874
v 0.007534 0.007713 -0.010252
v 0.007592 0.006734 -0.009421
v 0.007617 0.006734 -0.009422
v 0.007542 0.007229 -0.009797
v 0.007557 0.007697 -0.009637
v 0.007479 0.008073 -0.009830
v 0.007561 0.007299 -0.009344
v 0.007502 0.007705 -0.009555
v 0.007552 0.006770 -0.009339
v 0.007597 0.006256 -0.008988
v 0.007622 0.006255 -0.008989
v 0.007563 0.006811 -0.009000
v 0.007592 0.005725 -0.008620
v 0.007617 0.005724 -0.008621
v 0.007557 0.006301 -0.008914
v 0.007578 0.005164 -0.008299
v 0.007603 0.005162 -0.008301
v 0.007554 0.005760 -0.008549
v 0.007563 0.004598 -0.007994
v 0.007588 0.004597 -0.007995
v 0.007540 0.005202 -0.008228
v 0.007565 0.006395 -0.008722
v 0.007585 0.005876 -0.008231
v 0.007572 0.005371 -0.007874
v 0.007576 0.006354 -0.008599
v 0.007516 0.006388 -0.008622
v 0.007524 0.004632 -0.007922
v 0.007557 0.004866 -0.007566
v 0.007549 0.004581 -0.007366
v 0.007509 0.006514 -0.008716
v 0.007112 0.006427 -0.008542
v 0.007516 0.004336 -0.007770
v 0.007543 0.004378 -0.007224
v 0.007555 0.004291 -0.007841
v 0.007580 0.004289 -0.007842
v 0.007511 0.004070 -0.007592
v 0.007549 0.004012 -0.007655
v 0.007575 0.004011 -0.007656
v 0.007575 0.003871 -0.007509
v 0.007511 0.003931 -0.007457
v 0.007544 0.004146 -0.007002
v 0.007550 0.003873 -0.007508
v 0.007578 0.003759 -0.007339
v 0.007553 0.003760 -0.007337
v 0.007582 0.003665 -0.007157
v 0.007514 0.003822 -0.007289
v 0.007557 0.003666 -0.007155
v 0.007588 0.003601 -0.006961
v 0.007518 0.003729 -0.007116
v 0.007551 0.003965 -0.006716
v 0.007563 0.003602 -0.006958
v 0.007595 0.003547 -0.006728
v 0.007524 0.003668 -0.006922
v 0.007570 0.003548 -0.006725
v 0.007601 0.003525 -0.006488
v 0.007531 0.003618 -0.006699
v 0.007561 0.003860 -0.006369
v 0.007576 0.003526 -0.006485
v 0.007537 0.003600 -0.006461
v 0.007560 0.003813 -0.005444
v 0.007596 0.003500 -0.002572
v 0.007621 0.003501 -0.002567
v 0.007550 0.003541 -0.002593
v 0.007547 0.003808 -0.004517
v 0.007541 0.003805 -0.003591
v 0.007531 0.003801 -0.002725
v 0.007532 0.003805 -0.002596
v 0.007549 0.003567 -0.002452
v 0.007534 0.003832 -0.002473
v 0.007597 0.003522 -0.002429
v 0.007623 0.003522 -0.002425
v 0.007553 0.003605 -0.002322
v 0.007535 0.003875 -0.002360
v 0.007599 0.003568 -0.002292
v 0.007624 0.003569 -0.002289
v 0.007553 0.003666 -0.002207
v 0.007599 0.003632 -0.002174
v 0.007624 0.003633 -0.002172
v 0.007623 0.003727 -0.002079
v 0.007551 0.003757 -0.002116
v 0.007533 0.003948 -0.002271
v 0.007597 0.003728 -0.002081
v 0.007620 0.003834 -0.002013
v 0.007548 0.003860 -0.002052
v 0.007594 0.003835 -0.002014
v 0.007615 0.003953 -0.001971
v 0.007529 0.004038 -0.002222
v 0.007589 0.003955 -0.001972
v 0.007602 0.004215 -0.001935
v 0.007543 0.003975 -0.002012
v 0.007524 0.004141 -0.002197
v 0.007577 0.004217 -0.001935
v 0.007490 0.006281 -0.001963
v 0.007531 0.004228 -0.001979
v 0.007512 0.004361 -0.002181
v 0.007464 0.006283 -0.001964
v 0.007450 0.007069 -0.001966
v 0.007420 0.006285 -0.002007
v 0.007424 0.007068 -0.001966
v 0.007412 0.006285 -0.002070
v 0.007411 0.006261 -0.002174
v 0.007379 0.007063 -0.002008
v 0.007362 0.006325 -0.002140
v 0.007370 0.006285 -0.002167
v 0.007369 0.007058 -0.002096
v 0.007255 0.006284 -0.002169
v 0.007242 0.006352 -0.002143
v 0.007195 0.006252 -0.002219
v 0.007319 0.007052 -0.002181
v 0.007231 0.006530 -0.002157
v 0.007086 0.006371 -0.002190
v 0.007043 0.006377 -0.002545
v 0.007168 0.006257 -0.002539
v 0.007059 0.006280 -0.003763
v 0.007198 0.007048 -0.002194
v 0.006945 0.006400 -0.003753
v 0.007086 0.006606 -0.002219
v 0.007025 0.006483 -0.002556
v 0.007264 0.007974 -0.002234
v 0.006907 0.006510 -0.003744
v 0.007314 0.007982 -0.002133
v 0.007005 0.006617 -0.002585
v 0.007330 0.007995 -0.002017
v 0.007210 0.008876 -0.002285
v 0.007375 0.008001 -0.001975
v 0.007401 0.008003 -0.001975
v 0.007352 0.008908 -0.001984
v 0.007258 0.008898 -0.002165
v 0.007281 0.008908 -0.002026
v 0.007327 0.008908 -0.001984
v 0.007333 0.008952 -0.001983
v 0.007298 0.008955 -0.002014
v 0.007266 0.008967 -0.002259
v 0.007249 0.008970 -0.002303
v 0.007182 0.008984 -0.002676
v 0.007213 0.008966 -0.002375
v 0.007097 0.008851 -0.002335
v 0.007154 0.008983 -0.002675
v 0.007147 0.007976 -0.002266
v 0.007131 0.008942 -0.002410
v 0.007065 0.007079 -0.002262
v 0.006988 0.008830 -0.002440
v 0.007026 0.007981 -0.002358
v 0.007097 0.008966 -0.002668
v 0.007055 0.008927 -0.002492
v 0.007065 0.008987 -0.003310
v 0.006992 0.008946 -0.003231
v 0.007148 0.009013 -0.003386
v 0.007175 0.009023 -0.003485
v 0.007145 0.008990 -0.003475
v 0.007175 0.008992 -0.003504
v 0.007061 0.008964 -0.003396
v 0.007143 0.008936 -0.003523
v 0.007180 0.008235 -0.003985
v 0.007058 0.008912 -0.003454
v 0.007150 0.008241 -0.003957
v 0.007180 0.008209 -0.004000
v 0.007222 0.008124 -0.004055
v 0.006989 0.008925 -0.003311
v 0.006986 0.008878 -0.003376
v 0.007026 0.008277 -0.003843
v 0.006915 0.008840 -0.003203
v 0.006945 0.008261 -0.003724
v 0.007029 0.008220 -0.003842
v 0.006912 0.008812 -0.003247
v 0.006876 0.008218 -0.003552
v 0.006919 0.008850 -0.003149
v 0.006919 0.008762 -0.003130
v 0.006915 0.008741 -0.003175
v 0.006924 0.008774 -0.003082
v 0.006951 0.008717 -0.003114
v 0.006947 0.008699 -0.003152
v 0.006955 0.008726 -0.003073
v 0.006982 0.008724 -0.002794
v 0.006911 0.008714 -0.003216
v 0.006944 0.008676 -0.003187
v 0.006954 0.008771 -0.002776
v 0.006986 0.008713 -0.002746
v 0.006959 0.008758 -0.002720
v 0.006989 0.008689 -0.002704
v 0.006963 0.008730 -0.002670
v 0.006992 0.008659 -0.002667
v 0.006967 0.008695 -0.002627
v 0.006996 0.008626 -0.002636
v 0.006971 0.008655 -0.002591
v 0.006987 0.008471 -0.002525
v 0.007011 0.008461 -0.002574
v 0.007016 0.008379 -0.002555
v 0.006993 0.008378 -0.002503
v 0.007020 0.008308 -0.002547
v 0.006996 0.008298 -0.002494
v 0.007020 0.008257 -0.002559
v 0.006996 0.008234 -0.002508
v 0.006993 0.008179 -0.002541
v 0.007017 0.008213 -0.002586
v 0.006986 0.008136 -0.002594
v 0.007012 0.008179 -0.002629
v 0.006977 0.008110 -0.002662
v 0.007004 0.008159 -0.002686
v 0.006936 0.008107 -0.002955
v 0.006965 0.008154 -0.002961
v 0.006896 0.008132 -0.003247
v 0.006927 0.008179 -0.003235
v 0.006921 0.008198 -0.003296
v 0.006888 0.008157 -0.003324
v 0.006920 0.008231 -0.003338
v 0.006896 0.008081 -0.003215
v 0.006885 0.008198 -0.003377
v 0.006890 0.008102 -0.003292
v 0.006885 0.008251 -0.003408
v 0.006920 0.008273 -0.003362
v 0.006882 0.008133 -0.003402
v 0.006887 0.008311 -0.003418
v 0.006922 0.008321 -0.003369
v 0.006890 0.008400 -0.003401
v 0.006925 0.008399 -0.003354
v 0.006894 0.008486 -0.003367
v 0.006928 0.008473 -0.003325
v 0.006907 0.008678 -0.003248
v 0.006941 0.008644 -0.003215
v 0.006894 0.008115 -0.003531
v 0.006907 0.008172 -0.003636
v 0.006954 0.008204 -0.003733
v 0.006951 0.008121 -0.003654
v 0.006896 0.008061 -0.003438
v 0.007004 0.008155 -0.003755
v 0.006904 0.008034 -0.003327
v 0.007046 0.008165 -0.003819
v 0.006910 0.008014 -0.003250
v 0.007127 0.008137 -0.003884
v 0.007115 0.007897 -0.003511
v 0.007141 0.008181 -0.003936
v 0.007208 0.008040 -0.003892
v 0.007220 0.008047 -0.003961
v 0.007212 0.007951 -0.003889
v 0.007187 0.007962 -0.003832
v 0.007200 0.007848 -0.003850
v 0.007195 0.007846 -0.003625
v 0.007165 0.007849 -0.003788
v 0.007148 0.007652 -0.003800
v 0.007184 0.007660 -0.003862
v 0.007197 0.007777 -0.003460
v 0.007136 0.007463 -0.003859
v 0.007172 0.007490 -0.003924
v 0.007117 0.007879 -0.003452
v 0.007126 0.007326 -0.003985
v 0.007163 0.007358 -0.004030
v 0.007120 0.007232 -0.004127
v 0.007156 0.007271 -0.004175
v 0.007123 0.007144 -0.003838
v 0.007110 0.007187 -0.004361
v 0.007148 0.007232 -0.004390
v 0.007093 0.007171 -0.004722
v 0.007136 0.007212 -0.004725
v 0.007165 0.007339 -0.002895
v 0.007035 0.007209 -0.005975
v 0.007076 0.007248 -0.005978
v 0.007029 0.007284 -0.007213
v 0.007184 0.007562 -0.003162
v 0.006986 0.007241 -0.007214
v 0.007027 0.007301 -0.007625
v 0.007120 0.007861 -0.003393
v 0.006984 0.007258 -0.007642
v 0.007027 0.007332 -0.008037
v 0.006979 0.007173 -0.007218
v 0.006981 0.007284 -0.008054
v 0.007023 0.007355 -0.008207
v 0.006979 0.007186 -0.007664
v 0.007025 0.007135 -0.005967
v 0.006979 0.007308 -0.008226
v 0.007017 0.007394 -0.008374
v 0.006975 0.007215 -0.008090
v 0.006980 0.007353 -0.008400
v 0.007012 0.007450 -0.008537
v 0.006974 0.007243 -0.008266
v 0.006906 0.007088 -0.007686
v 0.006979 0.007320 -0.008432
v 0.006918 0.007120 -0.008135
v 0.006927 0.007161 -0.008320
v 0.006991 0.007405 -0.008563
v 0.006944 0.007262 -0.008489
v 0.006995 0.007506 -0.008703
v 0.007004 0.007531 -0.008687
v 0.006958 0.007356 -0.008616
v 0.006965 0.007733 -0.008965
v 0.006981 0.007755 -0.008945
v 0.006973 0.007478 -0.008726
v 0.006964 0.008022 -0.009250
v 0.006980 0.008043 -0.009229
v 0.006956 0.007709 -0.008986
v 0.006971 0.008310 -0.009527
v 0.006987 0.008336 -0.009509
v 0.006965 0.008005 -0.009267
v 0.006976 0.008627 -0.009800
v 0.006991 0.008646 -0.009778
v 0.007002 0.008961 -0.010045
v 0.006974 0.008288 -0.009558
v 0.006987 0.008941 -0.010068
v 0.006984 0.008572 -0.009881
v 0.006990 0.008908 -0.010150
v 0.006984 0.008222 -0.009626
v 0.006991 0.008886 -0.010206
v 0.006990 0.008533 -0.009936
v 0.007099 0.008477 -0.010030
v 0.007096 0.008108 -0.009753
v 0.006991 0.008173 -0.009676
v 0.007089 0.007747 -0.009482
v 0.006987 0.007829 -0.009411
v 0.006980 0.007883 -0.009370
v 0.006970 0.007965 -0.009309
v 0.006953 0.007629 -0.009046
v 0.006969 0.007542 -0.009105
v 0.006980 0.007477 -0.009150
v 0.006930 0.007421 -0.008787
v 0.006923 0.007374 -0.008818
v 0.006953 0.007459 -0.008742
v 0.006919 0.007305 -0.008682
v 0.006942 0.007342 -0.008629
v 0.006922 0.007233 -0.008514
v 0.006900 0.007194 -0.008558
v 0.006903 0.007125 -0.008344
v 0.006873 0.007066 -0.008386
v 0.006898 0.007152 -0.008607
v 0.006877 0.007059 -0.008164
v 0.006843 0.006994 -0.008187
v 0.006832 0.007025 -0.007699
v 0.006783 0.006961 -0.007710
v 0.006869 0.006991 -0.008418
v 0.006835 0.006912 -0.008197
v 0.006878 0.006954 -0.008425
v 0.006774 0.006876 -0.007717
v 0.006851 0.006828 -0.008197
v 0.006928 0.007103 -0.008658
v 0.006908 0.006828 -0.008446
v 0.006912 0.007259 -0.008716
v 0.006955 0.007034 -0.008754
v 0.006935 0.006704 -0.008471
v 0.006972 0.006998 -0.008815
v 0.006886 0.006668 -0.008194
v 0.007087 0.007388 -0.009218
v 0.007506 0.007340 -0.009286
v 0.007078 0.006938 -0.008898
v 0.007507 0.006851 -0.008942
v 0.007073 0.006560 -0.008646
v 0.006965 0.006552 -0.008503
v 0.007083 0.006424 -0.008483
v 0.007043 0.006427 -0.008178
v 0.006908 0.006548 -0.008190
v 0.006983 0.006405 -0.007719
v 0.006854 0.006527 -0.007727
v 0.006938 0.006381 -0.007265
v 0.006830 0.006615 -0.007723
v 0.006827 0.006499 -0.007260
v 0.006917 0.006357 -0.006625
v 0.006789 0.006768 -0.007721
v 0.006809 0.006471 -0.006603
v 0.006929 0.006338 -0.005984
v 0.006795 0.006591 -0.007241
v 0.006750 0.006745 -0.007231
v 0.006734 0.006854 -0.007225
v 0.006771 0.006578 -0.006600
v 0.006725 0.006727 -0.006594
v 0.006747 0.006947 -0.007219
v 0.006708 0.006833 -0.006590
v 0.006797 0.007005 -0.007217
v 0.006724 0.006928 -0.006585
v 0.006896 0.007074 -0.007219
v 0.006782 0.006985 -0.006584
v 0.006934 0.007038 -0.005958
v 0.007076 0.007085 -0.004716
v 0.006779 0.006961 -0.005950
v 0.007119 0.007046 -0.003822
v 0.006977 0.006988 -0.004706
v 0.006791 0.006938 -0.005321
v 0.006722 0.006907 -0.005950
v 0.006735 0.006885 -0.005320
v 0.006706 0.006810 -0.005953
v 0.006775 0.006863 -0.004691
v 0.006722 0.006785 -0.005321
v 0.006723 0.006712 -0.005956
v 0.006771 0.006569 -0.005959
v 0.006740 0.006692 -0.005321
v 0.006764 0.006765 -0.004689
v 0.006817 0.006453 -0.005980
v 0.006956 0.006320 -0.005343
v 0.006841 0.006436 -0.005340
v 0.006791 0.006552 -0.005321
v 0.006882 0.006421 -0.004700
v 0.006999 0.006303 -0.004702
v 0.006832 0.006533 -0.004683
v 0.006782 0.006672 -0.004686
v 0.006868 0.006649 -0.003755
v 0.006858 0.006738 -0.003761
v 0.007007 0.006713 -0.002620
v 0.006868 0.006835 -0.003769
v 0.007019 0.006798 -0.002653
v 0.007026 0.006750 -0.002508
v 0.007029 0.006821 -0.002557
v 0.007047 0.006853 -0.002680
v 0.007058 0.006871 -0.002599
v 0.006914 0.006888 -0.003775
v 0.006830 0.006917 -0.004695
v 0.007023 0.006953 -0.003788
v 0.007088 0.006904 -0.002712
v 0.007155 0.007017 -0.002766
v 0.007157 0.007103 -0.002770
v 0.007156 0.007028 -0.002715
v 0.007101 0.006924 -0.002630
v 0.007157 0.007058 -0.002684
v 0.007160 0.007222 -0.002776
v 0.007158 0.007100 -0.002677
v 0.007111 0.006972 -0.002570
v 0.007064 0.006911 -0.002531
v 0.007114 0.007044 -0.002550
v 0.007065 0.006957 -0.002495
v 0.007037 0.006865 -0.002487
v 0.007037 0.006805 -0.002421
v 0.007042 0.006897 -0.002365
v 0.007042 0.006937 -0.002436
v 0.007047 0.006993 -0.002333
v 0.007042 0.007010 -0.002419
v 0.007061 0.007024 -0.002470
v 0.007046 0.007094 -0.002331
v 0.007042 0.007087 -0.002416
v 0.007062 0.007080 -0.002470
v 0.007041 0.007193 -0.002341
v 0.007038 0.007182 -0.002423
v 0.007056 0.007160 -0.002479
v 0.007116 0.007134 -0.002560
v 0.007048 0.007240 -0.002503
v 0.007114 0.007281 -0.002666
v 0.007032 0.007299 -0.002376
v 0.007030 0.007263 -0.002458
v 0.007021 0.007390 -0.002423
v 0.007022 0.007347 -0.002505
v 0.007004 0.007516 -0.002511
v 0.007043 0.007326 -0.002556
v 0.007007 0.007467 -0.002587
v 0.006984 0.007643 -0.002614
v 0.007035 0.007434 -0.002639
v 0.006991 0.007579 -0.002681
v 0.007113 0.007424 -0.002809
v 0.007023 0.007537 -0.002730
v 0.006973 0.007694 -0.002792
v 0.007007 0.007651 -0.002835
v 0.007118 0.007652 -0.003093
v 0.006962 0.007770 -0.002736
v 0.006952 0.007826 -0.002945
v 0.006940 0.007902 -0.002879
v 0.006920 0.008004 -0.003037
v 0.006988 0.007780 -0.002984
v 0.006934 0.007938 -0.003095
v 0.006974 0.007893 -0.003139
v 0.007039 0.007904 -0.003341
v 0.006946 0.007963 -0.003281
v 0.007029 0.007917 -0.003391
v 0.006994 0.007935 -0.003341
v 0.006950 0.007977 -0.003352
v 0.006986 0.007947 -0.003388
v 0.007019 0.007929 -0.003441
v 0.006950 0.007984 -0.003405
v 0.006987 0.007958 -0.003443
v 0.006916 0.008048 -0.003458
v 0.006962 0.007993 -0.003464
v 0.006941 0.008027 -0.003495
v 0.006932 0.008063 -0.003545
v 0.007188 0.008607 -0.005035
v 0.007179 0.008597 -0.005016
v 0.007178 0.008622 -0.005022
v 0.007203 0.008572 -0.005042
v 0.007180 0.008558 -0.004920
v 0.007123 0.008720 -0.005709
v 0.007163 0.008792 -0.005700
v 0.007168 0.008333 -0.004607
v 0.007203 0.008393 -0.004561
v 0.007181 0.008539 -0.005058
v 0.007099 0.008855 -0.006359
v 0.007138 0.008931 -0.006365
v 0.007090 0.008606 -0.005702
v 0.007080 0.008954 -0.006947
v 0.007120 0.009031 -0.006954
v 0.007065 0.008737 -0.006351
v 0.007047 0.008835 -0.006937
v 0.007062 0.009020 -0.007535
v 0.007102 0.009099 -0.007542
v 0.007028 0.008900 -0.007524
v 0.007017 0.009133 -0.008625
v 0.007059 0.009210 -0.008634
v 0.006987 0.009009 -0.008603
v 0.006994 0.009200 -0.009250
v 0.007036 0.009268 -0.009254
v 0.007012 0.009316 -0.009875
v 0.006967 0.009085 -0.009294
v 0.006973 0.009273 -0.009890
v 0.007018 0.009345 -0.009962
v 0.006957 0.008744 -0.008501
v 0.006980 0.009311 -0.009982
v 0.007027 0.009395 -0.010043
v 0.006951 0.009181 -0.009906
v 0.006989 0.009364 -0.010070
v 0.007040 0.009494 -0.010166
v 0.006958 0.009251 -0.010021
v 0.006951 0.009019 -0.009911
v 0.006968 0.009308 -0.010119
v 0.007004 0.009458 -0.010198
v 0.007042 0.009517 -0.010210
v 0.007045 0.009515 -0.010158
v 0.006979 0.009416 -0.010261
v 0.007006 0.009476 -0.010228
v 0.006999 0.009477 -0.010321
v 0.007033 0.009528 -0.010411
v 0.006976 0.009395 -0.010292
v 0.006993 0.009447 -0.010367
v 0.007026 0.009497 -0.010459
v 0.007024 0.009443 -0.010458
v 0.006991 0.009404 -0.010374
v 0.007002 0.008961 -0.010045
v 0.006968 0.008974 -0.010005
v 0.006991 0.008646 -0.009778
v 0.006957 0.008685 -0.009756
v 0.006989 0.008507 -0.009657
v 0.006955 0.008500 -0.009586
v 0.006938 0.008722 -0.009660
v 0.006938 0.008502 -0.009454
v 0.006954 0.008422 -0.008378
v 0.006986 0.008648 -0.007467
v 0.006966 0.008342 -0.007397
v 0.007003 0.008588 -0.006879
v 0.006983 0.008290 -0.006808
v 0.007021 0.008501 -0.006294
v 0.007000 0.008215 -0.006225
v 0.007047 0.008379 -0.005633
v 0.007028 0.008103 -0.005548
v 0.007117 0.008441 -0.005087
v 0.007089 0.008214 -0.004995
v 0.007053 0.007950 -0.004918
v 0.007136 0.008252 -0.004653
v 0.007127 0.007928 -0.004236
v 0.007101 0.007766 -0.004287
v 0.007150 0.008021 -0.004203
v 0.007184 0.008097 -0.004147
v 0.007222 0.008124 -0.004055
v 0.007151 0.007982 -0.004130
v 0.007181 0.008028 -0.004047
v 0.007220 0.008047 -0.003961
v 0.007145 0.007908 -0.004059
v 0.007174 0.007939 -0.003970
v 0.007212 0.007951 -0.003889
v 0.007138 0.007840 -0.004027
v 0.007119 0.007672 -0.004048
v 0.007164 0.007840 -0.003934
v 0.007200 0.007848 -0.003850
v 0.007184 0.007660 -0.003862
v 0.007150 0.007663 -0.003951
v 0.007149 0.007643 -0.003957
v 0.007181 0.007616 -0.003878
v 0.007684 0.008976 -0.001958
v 0.007333 0.008952 -0.001983
v 0.007689 0.008949 -0.001977
v 0.007317 0.008978 -0.001966
v 0.007298 0.008955 -0.002014
v 0.007293 0.009131 -0.001971
v 0.007672 0.009312 -0.001976
v 0.007282 0.008981 -0.001999
v 0.007241 0.008992 -0.002250
v 0.007266 0.008967 -0.002259
v 0.007260 0.009132 -0.002004
v 0.007296 0.009258 -0.001976
v 0.007224 0.008994 -0.002294
v 0.007254 0.008969 -0.002304
v 0.007236 0.008971 -0.002374
v 0.007222 0.009141 -0.002252
v 0.007263 0.009258 -0.002010
v 0.007182 0.008997 -0.002361
v 0.007224 0.008973 -0.002420
v 0.007204 0.009143 -0.002297
v 0.007226 0.009266 -0.002254
v 0.007158 0.009000 -0.002420
v 0.007199 0.008976 -0.002515
v 0.007151 0.009148 -0.002364
v 0.007131 0.009002 -0.002515
v 0.007129 0.009148 -0.002424
v 0.007151 0.009215 -0.002364
v 0.007142 0.009004 -0.002621
v 0.007167 0.008980 -0.002637
v 0.007106 0.009151 -0.002637
v 0.007170 0.009001 -0.002661
v 0.007182 0.008984 -0.002676
v 0.007124 0.009109 -0.002690
v 0.007156 0.009084 -0.002716
v 0.007139 0.009155 -0.002800
v 0.007129 0.009216 -0.002425
v 0.007110 0.009229 -0.002736
v 0.007118 0.009182 -0.002784
v 0.007121 0.009233 -0.002917
v 0.007134 0.009205 -0.002926
v 0.007130 0.009287 -0.002893
v 0.007153 0.009270 -0.002429
v 0.007173 0.009272 -0.002368
v 0.007208 0.009268 -0.002299
v 0.007263 0.009310 -0.002392
v 0.007250 0.009313 -0.002464
v 0.007306 0.009306 -0.002329
v 0.007332 0.009301 -0.002271
v 0.007493 0.009333 -0.002268
v 0.007333 0.009291 -0.002054
v 0.007366 0.009291 -0.002021
v 0.007688 0.009336 -0.002037
v 0.007838 0.009401 -0.002452
v 0.007521 0.009350 -0.002436
v 0.007523 0.009372 -0.003037
v 0.007831 0.009457 -0.003798
v 0.007249 0.009345 -0.003062
v 0.007525 0.009420 -0.004176
v 0.007139 0.009304 -0.003062
v 0.007526 0.009466 -0.005315
v 0.007813 0.009542 -0.005891
v 0.007123 0.009249 -0.003065
v 0.007139 0.009220 -0.003069
v 0.007166 0.009344 -0.004181
v 0.007158 0.009294 -0.004183
v 0.007173 0.009265 -0.004184
v 0.007184 0.009310 -0.005301
v 0.007260 0.009391 -0.004184
v 0.007178 0.009386 -0.005297
v 0.007170 0.009340 -0.005300
v 0.007270 0.009433 -0.005304
v 0.007178 0.009431 -0.006414
v 0.007169 0.009385 -0.006417
v 0.007181 0.009355 -0.006418
v 0.007158 0.009402 -0.007535
v 0.007269 0.009479 -0.006424
v 0.007159 0.009478 -0.007531
v 0.007149 0.009431 -0.007534
v 0.007114 0.009451 -0.008652
v 0.007520 0.009523 -0.006453
v 0.007794 0.009617 -0.007742
v 0.007106 0.009480 -0.008650
v 0.007061 0.009501 -0.009768
v 0.007504 0.009576 -0.007592
v 0.007790 0.009627 -0.007984
v 0.007249 0.009525 -0.007545
v 0.007475 0.009634 -0.008730
v 0.007760 0.009722 -0.010111
v 0.007208 0.009574 -0.008664
v 0.007116 0.009527 -0.008647
v 0.007065 0.009577 -0.009764
v 0.007149 0.009614 -0.009771
v 0.007441 0.009700 -0.009868
v 0.007130 0.009633 -0.010197
v 0.007054 0.009530 -0.009767
v 0.007406 0.009776 -0.010624
v 0.007729 0.009787 -0.010618
v 0.007043 0.009591 -0.010202
v 0.007033 0.009549 -0.010208
v 0.007042 0.009517 -0.010210
v 0.007033 0.009528 -0.010411
v 0.007015 0.009553 -0.010455
v 0.007030 0.009530 -0.010457
v 0.007004 0.009538 -0.010741
v 0.007117 0.009642 -0.010467
v 0.007027 0.009603 -0.010460
v 0.006990 0.009560 -0.010753
v 0.007015 0.009543 -0.010799
v 0.007097 0.009661 -0.010721
v 0.007011 0.009623 -0.010754
v 0.006999 0.009562 -0.010809
v 0.007047 0.009548 -0.010844
v 0.007101 0.009663 -0.010763
v 0.007027 0.009564 -0.010860
v 0.007019 0.009626 -0.010807
v 0.007122 0.009668 -0.010809
v 0.007043 0.009631 -0.010857
v 0.007264 0.009573 -0.010954
v 0.007274 0.009548 -0.010929
v 0.007369 0.009549 -0.010965
v 0.007265 0.009655 -0.010950
v 0.007348 0.009579 -0.011036
v 0.007429 0.009549 -0.011050
v 0.007271 0.009695 -0.010926
v 0.007347 0.009683 -0.011032
v 0.007432 0.009593 -0.011087
v 0.007485 0.009624 -0.011141
v 0.007408 0.009705 -0.011087
v 0.007386 0.009750 -0.011032
v 0.007283 0.009723 -0.010889
v 0.007411 0.009793 -0.010987
v 0.007463 0.009822 -0.011036
v 0.007672 0.009858 -0.010956
v 0.007670 0.009856 -0.011076
v 0.007461 0.009793 -0.011108
v 0.007670 0.009795 -0.011142
v 0.007467 0.009737 -0.011150
v 0.007657 0.009647 -0.011089
v 0.007018 0.005451 -0.003582
v 0.007019 0.005446 -0.003571
v 0.007017 0.005462 -0.003586
v 0.007020 0.005445 -0.003550
v 0.007077 0.005425 -0.002529
v 0.006980 0.006124 -0.003583
v 0.007017 0.005462 -0.003586
v 0.007019 0.005446 -0.003571
v 0.007077 0.005425 -0.002529
v 0.006980 0.006141 -0.003567
v 0.007078 0.005427 -0.002509
v 0.007079 0.005432 -0.002498
v 0.007079 0.005442 -0.002493
v 0.007058 0.006109 -0.002495
v 0.007057 0.006126 -0.002508
v 0.007286 0.006189 -0.002377
v 0.007246 0.006149 -0.002386
v 0.007190 0.006250 -0.002369
v 0.007115 0.006216 -0.002377
v 0.007175 0.006263 -0.002339
v 0.007143 0.005428 -0.002363
v 0.007270 0.005432 -0.002383
v 0.007091 0.006212 -0.002306
v 0.007271 0.005386 -0.002397
v 0.007195 0.006252 -0.002219
v 0.007144 0.005383 -0.002374
v 0.007270 0.005350 -0.002428
v 0.007127 0.005362 -0.002286
v 0.007077 0.006207 -0.002220
v 0.007194 0.006235 -0.002110
v 0.007255 0.006284 -0.002169
v 0.007128 0.005316 -0.002297
v 0.007378 0.006239 -0.002137
v 0.007370 0.006285 -0.002167
v 0.007411 0.006261 -0.002174
v 0.007512 0.004361 -0.002181
v 0.007247 0.004394 -0.002127
v 0.007477 0.004351 -0.002148
v 0.007524 0.004141 -0.002197
v 0.007133 0.004392 -0.002243
v 0.007488 0.004128 -0.002159
v 0.007529 0.004038 -0.002222
v 0.007258 0.004157 -0.002151
v 0.007494 0.004018 -0.002190
v 0.007533 0.003948 -0.002271
v 0.007261 0.004046 -0.002181
v 0.007137 0.004201 -0.002251
v 0.007142 0.004112 -0.002270
v 0.007026 0.005158 -0.004327
v 0.007145 0.004035 -0.002312
v 0.007262 0.003949 -0.002238
v 0.007497 0.003923 -0.002248
v 0.007535 0.003875 -0.002360
v 0.007144 0.003968 -0.002392
v 0.007261 0.003871 -0.002333
v 0.007498 0.003847 -0.002341
v 0.007496 0.003801 -0.002458
v 0.007534 0.003832 -0.002473
v 0.007258 0.003824 -0.002455
v 0.007494 0.003773 -0.002585
v 0.007532 0.003805 -0.002596
v 0.007141 0.003930 -0.002496
v 0.007493 0.003768 -0.002717
v 0.007531 0.003801 -0.002725
v 0.007253 0.003797 -0.002585
v 0.007497 0.003773 -0.003586
v 0.007541 0.003805 -0.003591
v 0.007248 0.003792 -0.002721
v 0.007137 0.003908 -0.002612
v 0.007498 0.003777 -0.004515
v 0.007547 0.003808 -0.004517
v 0.007218 0.003797 -0.003586
v 0.007133 0.003907 -0.002733
v 0.007025 0.005035 -0.004560
v 0.007025 0.005085 -0.004438
v 0.007104 0.003913 -0.003590
v 0.007039 0.005195 -0.004380
v 0.007186 0.003801 -0.004511
v 0.007025 0.005010 -0.004708
v 0.007074 0.003919 -0.004508
v 0.007043 0.003927 -0.005426
v 0.007154 0.003809 -0.005436
v 0.007506 0.003784 -0.005444
v 0.007560 0.003813 -0.005444
v 0.007561 0.003860 -0.006369
v 0.007503 0.003831 -0.006371
v 0.007551 0.003965 -0.006716
v 0.007121 0.003856 -0.006360
v 0.007491 0.003937 -0.006722
v 0.007544 0.004146 -0.007002
v 0.007012 0.003975 -0.006343
v 0.007107 0.003960 -0.006709
v 0.007484 0.004122 -0.007015
v 0.007009 0.005062 -0.006230
v 0.006999 0.004077 -0.006674
v 0.007099 0.004154 -0.007007
v 0.007482 0.004361 -0.007243
v 0.007543 0.004378 -0.007224
v 0.006993 0.004262 -0.006946
v 0.007487 0.004574 -0.007391
v 0.007549 0.004581 -0.007366
v 0.007099 0.004403 -0.007224
v 0.007493 0.004867 -0.007595
v 0.007557 0.004866 -0.007566
v 0.007095 0.004649 -0.007382
v 0.006994 0.004491 -0.007135
v 0.007505 0.005357 -0.007913
v 0.007572 0.005371 -0.007874
v 0.007089 0.004912 -0.007561
v 0.007516 0.005866 -0.008251
v 0.007585 0.005876 -0.008231
v 0.007082 0.005396 -0.007856
v 0.006985 0.004972 -0.007450
v 0.007507 0.006344 -0.008619
v 0.007576 0.006354 -0.008599
v 0.007516 0.006388 -0.008622
v 0.007112 0.006427 -0.008542
v 0.007080 0.005896 -0.008190
v 0.007073 0.006387 -0.008546
v 0.007083 0.006424 -0.008483
v 0.006972 0.006386 -0.008419
v 0.007043 0.006427 -0.008178
v 0.006975 0.005949 -0.008076
v 0.006980 0.006385 -0.008198
v 0.006995 0.006381 -0.008116
v 0.007054 0.006418 -0.008139
v 0.006990 0.006025 -0.007870
v 0.006980 0.005473 -0.007755
v 0.007070 0.006364 -0.008069
v 0.007081 0.006392 -0.008104
v 0.007102 0.006358 -0.008077
v 0.007113 0.006386 -0.008112
v 0.007007 0.006053 -0.007805
v 0.007080 0.006068 -0.007793
v 0.007113 0.006062 -0.007801
v 0.006996 0.005619 -0.007474
v 0.007090 0.005671 -0.007408
v 0.007122 0.005663 -0.007416
v 0.007125 0.005488 -0.007201
v 0.007014 0.005657 -0.007420
v 0.007000 0.005441 -0.007256
v 0.007018 0.005482 -0.007205
v 0.007093 0.005496 -0.007194
v 0.007127 0.005340 -0.006966
v 0.007002 0.005290 -0.007019
v 0.007020 0.005335 -0.006971
v 0.007095 0.005349 -0.006960
v 0.007125 0.005233 -0.006741
v 0.006992 0.004728 -0.007283
v 0.007002 0.005176 -0.006786
v 0.007005 0.005114 -0.006581
v 0.007018 0.005225 -0.006744
v 0.007008 0.005084 -0.006406
v 0.007021 0.005170 -0.006560
v 0.007093 0.005242 -0.006737
v 0.007128 0.005179 -0.006558
v 0.007023 0.005139 -0.006393
v 0.007096 0.005188 -0.006555
v 0.007130 0.005149 -0.006392
v 0.007098 0.005158 -0.006390
v 0.007132 0.005132 -0.006224
v 0.007025 0.005121 -0.006225
v 0.007100 0.005141 -0.006223
v 0.007111 0.005087 -0.004725
v 0.007144 0.005078 -0.004724
v 0.007038 0.005066 -0.004720
v 0.007112 0.005108 -0.004604
v 0.007145 0.005099 -0.004601
v 0.007038 0.005088 -0.004596
v 0.007113 0.005151 -0.004491
v 0.007145 0.005143 -0.004487
v 0.007039 0.005133 -0.004481
v 0.007112 0.005212 -0.004393
v 0.007145 0.005206 -0.004387
v 0.007112 0.005300 -0.004304
v 0.007144 0.005295 -0.004296
v 0.007140 0.005655 -0.004112
v 0.007038 0.005284 -0.004289
v 0.007108 0.005677 -0.004113
v 0.007150 0.005697 -0.004095
v 0.007023 0.005255 -0.004238
v 0.007119 0.005718 -0.004095
v 0.007149 0.005754 -0.004087
v 0.007181 0.005733 -0.004086
v 0.007029 0.005767 -0.004041
v 0.007193 0.005778 -0.004090
v 0.007225 0.005756 -0.004088
v 0.007377 0.005849 -0.004116
v 0.007395 0.005820 -0.004110
v 0.007420 0.005853 -0.004102
v 0.007395 0.005873 -0.004111
v 0.007427 0.005895 -0.004085
v 0.007400 0.005903 -0.004100
v 0.007387 0.006024 -0.004013
v 0.007361 0.006015 -0.004041
v 0.007307 0.006133 -0.003946
v 0.007282 0.006118 -0.003977
v 0.007053 0.006285 -0.003863
v 0.007049 0.006258 -0.003885
v 0.007004 0.006311 -0.003846
v 0.006996 0.006350 -0.003810
v 0.007015 0.005745 -0.003988
v 0.006989 0.006323 -0.003780
v 0.007002 0.006350 -0.003725
v 0.006991 0.006323 -0.003752
v 0.007025 0.006336 -0.003696
v 0.007043 0.005380 -0.003795
v 0.007019 0.006299 -0.003688
v 0.007066 0.006287 -0.003697
v 0.007066 0.005448 -0.003713
v 0.007062 0.006253 -0.003691
v 0.007159 0.006229 -0.003694
v 0.007158 0.006201 -0.003693
v 0.007194 0.005453 -0.003704
v 0.007069 0.005403 -0.003705
v 0.007197 0.005403 -0.003692
v 0.007046 0.005334 -0.003787
v 0.007073 0.005363 -0.003675
v 0.007201 0.005365 -0.003663
v 0.007050 0.005294 -0.003758
v 0.007054 0.005266 -0.003711
v 0.007077 0.005335 -0.003628
v 0.007205 0.005341 -0.003617
v 0.007058 0.005256 -0.003654
v 0.007081 0.005325 -0.003571
v 0.007208 0.005331 -0.003564
v 0.007139 0.005312 -0.002512
v 0.007265 0.005318 -0.002526
v 0.007268 0.005327 -0.002474
v 0.007123 0.005245 -0.002434
v 0.007142 0.005320 -0.002455
v 0.007126 0.005253 -0.002377
v 0.007127 0.005278 -0.002329
v 0.007143 0.005345 -0.002406
v 0.006908 0.008395 -0.003071
v 0.006921 0.008290 -0.002954
v 0.006921 0.008395 -0.002954
v 0.006908 0.008290 -0.003071
v 0.006931 0.008382 -0.002821
v 0.006942 0.008329 -0.002727
v 0.006942 0.008382 -0.002727
v 0.006931 0.008329 -0.002821
v 0.006931 0.008549 -0.002821
v 0.006942 0.008500 -0.002727
v 0.006942 0.008549 -0.002727
v 0.006931 0.008500 -0.002821
v 0.006931 0.008500 -0.002821
v 0.006942 0.008382 -0.002727
v 0.006942 0.008500 -0.002727
v 0.006931 0.008382 -0.002821
v 0.006907 0.008585 -0.003073
v 0.006921 0.008479 -0.002953
v 0.006921 0.008585 -0.002953
v 0.006908 0.008479 -0.003073
v 0.006919 0.008459 -0.002970
v 0.006917 0.008459 -0.002991
v 0.006919 0.008439 -0.002970
v 0.006917 0.008439 -0.002991
v 0.006912 0.008459 -0.003034
v 0.006910 0.008459 -0.003055
v 0.006912 0.008439 -0.003034
v 0.006910 0.008439 -0.003055
v 0.007520 0.008163 -0.010551
v 0.007516 0.008246 -0.010523
v 0.007518 0.008218 -0.010578
v 0.007518 0.008191 -0.010496
v 0.007793 0.008038 -0.010638
v 0.007926 0.008038 -0.010653
v 0.007800 0.007921 -0.010573
v 0.007934 0.007920 -0.010588
v 0.008160 0.008685 -0.011060
v 0.008289 0.008686 -0.011070
v 0.008167 0.008577 -0.010991
v 0.008295 0.008578 -0.011001
v 0.007231 0.003787 -0.004429
v 0.007265 0.003764 -0.004386
v 0.007256 0.003785 -0.004377
v 0.007311 0.003781 -0.004357
v 0.007243 0.003766 -0.004431
v 0.007228 0.003787 -0.004512
v 0.007312 0.003761 -0.004367
v 0.007285 0.003748 -0.004406
v 0.007241 0.003766 -0.004512
v 0.007380 0.003756 -0.004368
v 0.007385 0.003775 -0.004357
v 0.007270 0.003749 -0.004437
v 0.007317 0.003745 -0.004394
v 0.007373 0.003741 -0.004395
v 0.007419 0.003737 -0.004436
v 0.007406 0.003738 -0.004407
v 0.007429 0.003751 -0.004387
v 0.007442 0.003770 -0.004379
v 0.007464 0.003769 -0.004429
v 0.007448 0.003750 -0.004431
v 0.007461 0.003769 -0.004514
v 0.007446 0.003750 -0.004514
v 0.007417 0.003738 -0.004514
v 0.007267 0.003749 -0.004513
v 0.007401 0.003743 -0.005051
v 0.007430 0.003755 -0.005057
v 0.007445 0.003775 -0.005059
v 0.007248 0.003754 -0.005050
v 0.007386 0.003744 -0.005081
v 0.007408 0.003758 -0.005102
v 0.007421 0.003777 -0.005110
v 0.007364 0.003781 -0.005130
v 0.007360 0.003762 -0.005119
v 0.007354 0.003747 -0.005093
v 0.007289 0.003767 -0.005118
v 0.007287 0.003787 -0.005129
v 0.007293 0.003751 -0.005092
v 0.007261 0.003753 -0.005079
v 0.007240 0.003770 -0.005099
v 0.007230 0.003791 -0.005107
v 0.007208 0.003792 -0.005056
v 0.007221 0.003771 -0.005055
v 0.007794 0.005669 -0.001923
v 0.007794 0.005459 -0.001923
v 0.007800 0.005674 -0.001891
v 0.007800 0.005448 -0.001891
v 0.008460 0.005658 -0.001982
v 0.008455 0.005442 -0.002015
v 0.008455 0.005653 -0.002015
v 0.008460 0.005431 -0.001982
v 0.007917 0.009338 -0.001639
v 0.007914 0.009315 -0.001611
v 0.007962 0.009332 -0.001619
v 0.007949 0.009333 -0.001651
v 0.007988 0.009330 -0.001646
v 0.007959 0.009334 -0.001677
v 0.007988 0.009332 -0.001673
v 0.007982 0.009358 -0.002325
v 0.007956 0.009361 -0.002331
v 0.007960 0.009362 -0.002374
v 0.007934 0.009364 -0.002355
v 0.007921 0.009367 -0.002396
v 0.007902 0.009367 -0.002361
v 0.007871 0.009372 -0.002400
v 0.007871 0.009370 -0.002354
v 0.008740 0.008602 -0.010250
v 0.008559 0.008615 -0.010252
v 0.008559 0.008612 -0.010229
v 0.008742 0.008598 -0.010227
v 0.008764 0.008592 -0.010251
v 0.008765 0.008589 -0.010227
v 0.008795 0.008566 -0.010251
v 0.008796 0.008564 -0.010227
v 0.008810 0.008544 -0.010252
v 0.008810 0.008542 -0.010228
v 0.008846 0.008371 -0.010257
v 0.008846 0.008371 -0.010232
v 0.008842 0.008346 -0.010233
v 0.008842 0.008345 -0.010258
v 0.008825 0.008311 -0.010234
v 0.008824 0.008309 -0.010259
v 0.008807 0.008293 -0.010234
v 0.008806 0.008290 -0.010259
v 0.008645 0.008205 -0.010239
v 0.008646 0.008204 -0.010264
v 0.008735 0.008599 -0.010274
v 0.008558 0.008612 -0.010276
v 0.008759 0.008590 -0.010274
v 0.008790 0.008565 -0.010275
v 0.008804 0.008543 -0.010276
v 0.008840 0.008371 -0.010281
v 0.008836 0.008346 -0.010282
v 0.008819 0.008311 -0.010284
v 0.008801 0.008292 -0.010284
v 0.008644 0.008208 -0.010289
v 0.007588 0.008204 -0.010659
v 0.007943 0.008240 -0.010712
v 0.007587 0.008222 -0.010671
v 0.007959 0.008221 -0.010701
v 0.007966 0.008252 -0.010720
v 0.007987 0.008235 -0.010712
v 0.007981 0.008271 -0.010733
v 0.008006 0.008259 -0.010728
v 0.007992 0.008291 -0.010746
v 0.008019 0.008284 -0.010743
v 0.008020 0.008312 -0.010760
v 0.007992 0.008314 -0.010759
v 0.008016 0.008341 -0.010776
v 0.007989 0.008337 -0.010772
v 0.008001 0.008367 -0.010790
v 0.007976 0.008358 -0.010783
v 0.007979 0.008392 -0.010803
v 0.007958 0.008378 -0.010793
v 0.007948 0.008407 -0.010809
v 0.007933 0.008390 -0.010798
v 0.007582 0.008436 -0.010793
v 0.007579 0.008417 -0.010782
v 0.007584 0.008176 -0.010704
v 0.007583 0.008181 -0.010717
v 0.007583 0.008194 -0.010716
v 0.007575 0.008390 -0.010829
v 0.007576 0.008395 -0.010841
v 0.007578 0.008408 -0.010840
v 0.007843 0.006172 -0.001414
v 0.007797 0.006137 -0.001112
v 0.007765 0.006142 -0.001436
v 0.007869 0.006167 -0.001148
v 0.007874 0.006189 -0.001092
v 0.007802 0.006159 -0.001056
v 0.007804 0.006214 -0.001033
v 0.007876 0.006244 -0.001069
v 0.007799 0.006868 -0.001021
v 0.007872 0.006840 -0.001059
v 0.007869 0.006896 -0.001080
v 0.007796 0.006924 -0.001043
v 0.007790 0.006948 -0.001098
v 0.007863 0.006919 -0.001135
v 0.007759 0.006953 -0.001423
v 0.007838 0.006924 -0.001401
v 0.007832 0.006902 -0.001457
v 0.007754 0.006931 -0.001478
v 0.007752 0.006876 -0.001502
v 0.007831 0.006847 -0.001480
v 0.007757 0.006222 -0.001513
v 0.007835 0.006251 -0.001491
v 0.007838 0.006195 -0.001469
v 0.007759 0.006166 -0.001491
v 0.008540 0.006202 -0.001537
v 0.008595 0.006152 -0.001514
v 0.008545 0.006178 -0.001482
v 0.008589 0.006176 -0.001569
v 0.008587 0.006232 -0.001591
v 0.008537 0.006258 -0.001559
v 0.008533 0.006853 -0.001548
v 0.008582 0.006880 -0.001580
v 0.008534 0.006908 -0.001525
v 0.008584 0.006936 -0.001556
v 0.008589 0.006958 -0.001500
v 0.008540 0.006930 -0.001469
v 0.008565 0.006926 -0.001203
v 0.008620 0.006952 -0.001182
v 0.008571 0.006902 -0.001149
v 0.008625 0.006929 -0.001127
v 0.008628 0.006873 -0.001105
v 0.008574 0.006846 -0.001127
v 0.008578 0.006251 -0.001137
v 0.008633 0.006224 -0.001116
v 0.008576 0.006196 -0.001161
v 0.008631 0.006169 -0.001140
v 0.008626 0.006147 -0.001195
v 0.008571 0.006174 -0.001216
v 0.007959 0.009178 -0.001588
v 0.007934 0.009089 -0.001572
v 0.007997 0.009148 -0.001595
v 0.008040 0.009178 -0.001599
v 0.008027 0.009172 -0.001625
v 0.007985 0.009206 -0.001592
v 0.008071 0.009179 -0.001625
v 0.008080 0.009181 -0.001652
v 0.008066 0.009206 -0.001602
v 0.008097 0.009207 -0.001629
v 0.008106 0.009208 -0.001656
v 0.008068 0.009266 -0.003767
v 0.008071 0.009296 -0.001642
v 0.008039 0.009295 -0.001615
v 0.007958 0.009294 -0.001605
v 0.008094 0.009293 -0.003771
v 0.008051 0.009351 -0.005875
v 0.008022 0.009318 -0.001619
v 0.008077 0.009379 -0.005877
v 0.008031 0.009433 -0.007863
v 0.007919 0.009333 -0.001638
v 0.007916 0.009310 -0.001608
v 0.008048 0.009318 -0.001645
v 0.008057 0.009319 -0.001672
v 0.007874 0.009336 -0.001676
v 0.007871 0.009367 -0.002423
v 0.008080 0.009297 -0.001669
v 0.008044 0.009404 -0.003788
v 0.008067 0.009382 -0.003786
v 0.007863 0.009423 -0.003792
v 0.008050 0.009467 -0.005885
v 0.008027 0.009490 -0.005886
v 0.007846 0.009509 -0.005889
v 0.007827 0.009584 -0.007747
v 0.008057 0.009460 -0.007864
v 0.007998 0.009532 -0.010080
v 0.008030 0.009549 -0.007867
v 0.008023 0.009560 -0.010085
v 0.007977 0.009596 -0.011495
v 0.008007 0.009571 -0.007868
v 0.008001 0.009627 -0.011589
v 0.007984 0.009623 -0.011622
v 0.007996 0.009648 -0.010099
v 0.007987 0.009669 -0.011648
v 0.007970 0.009664 -0.011676
v 0.007955 0.009705 -0.011688
v 0.007971 0.009718 -0.011667
v 0.007973 0.009670 -0.010101
v 0.007949 0.009740 -0.011670
v 0.007932 0.009731 -0.011689
v 0.007877 0.009742 -0.011671
v 0.007877 0.009754 -0.011634
v 0.007774 0.009752 -0.011519
v 0.007901 0.009686 -0.010105
v 0.007794 0.009689 -0.010105
v 0.007825 0.009593 -0.007973
v 0.007934 0.009586 -0.007869
v 0.007939 0.008212 -0.010757
v 0.007962 0.008224 -0.010766
v 0.007947 0.008198 -0.010759
v 0.007978 0.008243 -0.010779
v 0.007955 0.008193 -0.010747
v 0.007972 0.008212 -0.010769
v 0.007983 0.008208 -0.010758
v 0.007990 0.008233 -0.010783
v 0.008003 0.008231 -0.010774
v 0.008001 0.008256 -0.010797
v 0.008015 0.008257 -0.010790
v 0.008017 0.008285 -0.010806
v 0.008002 0.008282 -0.010812
v 0.007988 0.008264 -0.010792
v 0.008012 0.008314 -0.010823
v 0.007989 0.008287 -0.010805
v 0.007998 0.008308 -0.010827
v 0.007985 0.008310 -0.010818
v 0.007997 0.008340 -0.010837
v 0.007984 0.008331 -0.010840
v 0.007973 0.008331 -0.010829
v 0.007975 0.008365 -0.010849
v 0.007964 0.008354 -0.010851
v 0.007944 0.008380 -0.010856
v 0.007936 0.008367 -0.010857
v 0.007954 0.008351 -0.010839
v 0.007929 0.008363 -0.010844
v 0.006157 0.013383 -0.002236
v 0.006133 0.013383 -0.002209
v 0.006202 0.013364 -0.002205
v 0.006212 0.013384 -0.002246
v 0.006162 0.013383 -0.002264
v 0.006233 0.013364 -0.002215
v 0.006477 0.012828 -0.002129
v 0.006215 0.013386 -0.002576
v 0.006162 0.013384 -0.002588
v 0.006171 0.013370 -0.002597
v 0.006242 0.013369 -0.002567
v 0.006219 0.013370 -0.002591
v 0.006447 0.012835 -0.002567
v 0.006243 0.013365 -0.002242
v 0.006517 0.012834 -0.002536
v 0.006499 0.012825 -0.002559
v 0.006709 0.012306 -0.002537
v 0.006518 0.012829 -0.002166
v 0.006779 0.012305 -0.002505
v 0.006757 0.012306 -0.002529
v 0.006951 0.011801 -0.002507
v 0.006509 0.012828 -0.002139
v 0.006740 0.012296 -0.002055
v 0.007003 0.011791 -0.002499
v 0.007176 0.011295 -0.002478
v 0.006772 0.012296 -0.002064
v 0.006982 0.011787 -0.001983
v 0.006781 0.012297 -0.002091
v 0.007014 0.011788 -0.001993
v 0.007207 0.011279 -0.001912
v 0.007023 0.011789 -0.002020
v 0.007021 0.011799 -0.002475
v 0.007246 0.011294 -0.002445
v 0.007248 0.011281 -0.001949
v 0.007239 0.011280 -0.001922
v 0.007410 0.010795 -0.001844
v 0.007227 0.011286 -0.002469
v 0.007378 0.010812 -0.002449
v 0.007448 0.010811 -0.002417
v 0.007429 0.010804 -0.002440
v 0.007567 0.010330 -0.002420
v 0.007451 0.010796 -0.001881
v 0.007637 0.010329 -0.002389
v 0.007618 0.010323 -0.002412
v 0.007739 0.009824 -0.002390
v 0.007442 0.010795 -0.001853
v 0.007599 0.010310 -0.001775
v 0.007789 0.009818 -0.002382
v 0.007878 0.009380 -0.002364
v 0.007944 0.009325 -0.002353
v 0.007809 0.009823 -0.002359
v 0.007973 0.009300 -0.002328
v 0.007640 0.010312 -0.001812
v 0.007813 0.009802 -0.001741
v 0.007977 0.009277 -0.001667
v 0.007631 0.010311 -0.001785
v 0.007772 0.009800 -0.001704
v 0.007804 0.009801 -0.001714
v 0.007968 0.009276 -0.001640
v 0.007899 0.006139 -0.001454
v 0.007945 0.006196 -0.001479
v 0.007950 0.006173 -0.001424
v 0.007894 0.006163 -0.001509
v 0.007874 0.006138 -0.001451
v 0.007891 0.006218 -0.001531
v 0.007942 0.006252 -0.001501
v 0.007938 0.006848 -0.001491
v 0.007868 0.006162 -0.001506
v 0.007865 0.006218 -0.001528
v 0.007860 0.006881 -0.001517
v 0.007886 0.006882 -0.001519
v 0.007940 0.006903 -0.001467
v 0.007862 0.006937 -0.001493
v 0.007888 0.006937 -0.001496
v 0.007893 0.006959 -0.001440
v 0.007945 0.006925 -0.001411
v 0.007971 0.006920 -0.001146
v 0.007867 0.006959 -0.001438
v 0.007926 0.006953 -0.001107
v 0.007900 0.006953 -0.001104
v 0.007976 0.006897 -0.001091
v 0.007905 0.006929 -0.001049
v 0.007931 0.006930 -0.001052
v 0.007908 0.006873 -0.001027
v 0.007934 0.006874 -0.001030
v 0.007979 0.006841 -0.001069
v 0.007983 0.006245 -0.001079
v 0.007939 0.006210 -0.001041
v 0.007981 0.006190 -0.001103
v 0.007913 0.006210 -0.001039
v 0.007937 0.006155 -0.001065
v 0.007911 0.006155 -0.001062
v 0.007906 0.006133 -0.001118
v 0.007932 0.006133 -0.001121
v 0.007976 0.006168 -0.001158
v 0.008021 0.006140 -0.001466
v 0.008067 0.006198 -0.001491
v 0.008072 0.006174 -0.001436
v 0.008016 0.006164 -0.001521
v 0.007995 0.006140 -0.001463
v 0.008013 0.006219 -0.001543
v 0.008064 0.006253 -0.001513
v 0.008060 0.006849 -0.001503
v 0.007990 0.006163 -0.001518
v 0.007987 0.006219 -0.001540
v 0.007982 0.006883 -0.001529
v 0.008008 0.006883 -0.001531
v 0.008062 0.006904 -0.001479
v 0.007984 0.006938 -0.001505
v 0.008010 0.006938 -0.001507
v 0.008015 0.006960 -0.001452
v 0.008067 0.006926 -0.001423
v 0.008093 0.006922 -0.001158
v 0.007989 0.006960 -0.001449
v 0.008048 0.006954 -0.001118
v 0.008022 0.006954 -0.001116
v 0.008098 0.006898 -0.001103
v 0.008027 0.006930 -0.001061
v 0.008053 0.006931 -0.001064
v 0.008030 0.006875 -0.001039
v 0.008056 0.006875 -0.001042
v 0.008101 0.006842 -0.001081
v 0.008105 0.006247 -0.001091
v 0.008061 0.006212 -0.001053
v 0.008103 0.006191 -0.001115
v 0.008035 0.006211 -0.001051
v 0.008059 0.006156 -0.001077
v 0.008033 0.006156 -0.001074
v 0.008028 0.006134 -0.001130
v 0.008054 0.006134 -0.001132
v 0.008098 0.006169 -0.001170
v 0.008143 0.006141 -0.001478
v 0.008189 0.006199 -0.001503
v 0.008194 0.006175 -0.001448
v 0.008138 0.006165 -0.001532
v 0.008117 0.006141 -0.001475
v 0.008135 0.006221 -0.001554
v 0.008186 0.006254 -0.001525
v 0.008182 0.006850 -0.001514
v 0.008112 0.006165 -0.001530
v 0.008109 0.006220 -0.001552
v 0.008104 0.006884 -0.001541
v 0.008130 0.006884 -0.001543
v 0.008183 0.006905 -0.001491
v 0.008106 0.006939 -0.001517
v 0.008132 0.006939 -0.001519
v 0.008137 0.006961 -0.001464
v 0.008189 0.006927 -0.001435
v 0.008214 0.006923 -0.001169
v 0.008111 0.006961 -0.001461
v 0.008169 0.006956 -0.001130
v 0.008144 0.006955 -0.001128
v 0.008220 0.006899 -0.001115
v 0.008149 0.006932 -0.001073
v 0.008175 0.006932 -0.001075
v 0.008152 0.006876 -0.001051
v 0.008178 0.006876 -0.001054
v 0.008223 0.006843 -0.001093
v 0.008227 0.006248 -0.001103
v 0.008183 0.006213 -0.001065
v 0.008225 0.006193 -0.001127
v 0.008157 0.006212 -0.001062
v 0.008181 0.006158 -0.001089
v 0.008155 0.006157 -0.001086
v 0.008150 0.006135 -0.001142
v 0.008176 0.006136 -0.001144
v 0.008220 0.006171 -0.001182
v 0.008265 0.006142 -0.001489
v 0.008311 0.006200 -0.001514
v 0.008316 0.006176 -0.001460
v 0.008260 0.006166 -0.001544
v 0.008239 0.006142 -0.001487
v 0.008257 0.006222 -0.001566
v 0.008308 0.006256 -0.001536
v 0.008304 0.006851 -0.001526
v 0.008234 0.006166 -0.001542
v 0.008231 0.006221 -0.001564
v 0.008226 0.006885 -0.001552
v 0.008252 0.006885 -0.001555
v 0.008305 0.006906 -0.001502
v 0.008228 0.006940 -0.001529
v 0.008254 0.006940 -0.001531
v 0.008259 0.006962 -0.001476
v 0.008311 0.006928 -0.001447
v 0.008336 0.006924 -0.001181
v 0.008233 0.006962 -0.001473
v 0.008291 0.006957 -0.001142
v 0.008265 0.006956 -0.001140
v 0.008342 0.006900 -0.001126
v 0.008271 0.006933 -0.001085
v 0.008297 0.006933 -0.001087
v 0.008274 0.006877 -0.001063
v 0.008300 0.006877 -0.001065
v 0.008345 0.006844 -0.001104
v 0.008349 0.006249 -0.001115
v 0.008305 0.006214 -0.001077
v 0.008347 0.006194 -0.001138
v 0.008279 0.006213 -0.001074
v 0.008303 0.006159 -0.001100
v 0.008277 0.006158 -0.001098
v 0.008272 0.006136 -0.001154
v 0.008298 0.006137 -0.001156
v 0.008342 0.006172 -0.001194
v 0.008387 0.006143 -0.001501
v 0.008433 0.006201 -0.001526
v 0.008438 0.006177 -0.001472
v 0.008381 0.006167 -0.001556
v 0.008361 0.006143 -0.001499
v 0.008379 0.006223 -0.001578
v 0.008430 0.006257 -0.001548
v 0.008425 0.006852 -0.001538
v 0.008356 0.006167 -0.001554
v 0.008353 0.006223 -0.001575
v 0.008348 0.006886 -0.001564
v 0.008374 0.006886 -0.001567
v 0.008427 0.006907 -0.001514
v 0.008350 0.006941 -0.001540
v 0.008376 0.006941 -0.001543
v 0.008381 0.006963 -0.001487
v 0.008432 0.006929 -0.001459
v 0.008458 0.006925 -0.001193
v 0.008355 0.006963 -0.001485
v 0.008413 0.006958 -0.001154
v 0.008387 0.006958 -0.001151
v 0.008464 0.006901 -0.001138
v 0.008393 0.006934 -0.001097
v 0.008419 0.006934 -0.001099
v 0.008396 0.006878 -0.001075
v 0.008421 0.006878 -0.001077
v 0.008466 0.006845 -0.001116
v 0.008471 0.006250 -0.001126
v 0.008426 0.006215 -0.001088
v 0.008469 0.006195 -0.001150
v 0.008400 0.006215 -0.001086
v 0.008425 0.006160 -0.001112
v 0.008399 0.006160 -0.001110
v 0.008393 0.006138 -0.001165
v 0.008419 0.006138 -0.001168
v 0.008464 0.006173 -0.001206
v 0.008509 0.006144 -0.001513
v 0.008541 0.006139 -0.001180
v 0.008515 0.006139 -0.001177
v 0.008483 0.006144 -0.001511
v 0.008546 0.006161 -0.001124
v 0.008521 0.006161 -0.001122
v 0.008522 0.006216 -0.001098
v 0.008548 0.006216 -0.001100
v 0.008517 0.006879 -0.001087
v 0.008543 0.006879 -0.001089
v 0.008541 0.006935 -0.001111
v 0.008515 0.006935 -0.001108
v 0.008535 0.006959 -0.001166
v 0.008509 0.006959 -0.001163
v 0.008503 0.006964 -0.001499
v 0.008477 0.006964 -0.001497
v 0.008498 0.006942 -0.001555
v 0.008472 0.006942 -0.001552
v 0.008496 0.006887 -0.001579
v 0.008470 0.006887 -0.001576
v 0.008501 0.006224 -0.001590
v 0.008475 0.006224 -0.001587
v 0.008477 0.006168 -0.001565
v 0.008503 0.006168 -0.001568
v 0.007766 0.010007 -0.007828
v 0.007889 0.009601 -0.007795
v 0.007909 0.009602 -0.007805
v 0.007745 0.010007 -0.007817
v 0.007910 0.009606 -0.007915
v 0.007604 0.010463 -0.007853
v 0.007583 0.010464 -0.007842
v 0.007768 0.010007 -0.007937
v 0.007888 0.009609 -0.007926
v 0.007747 0.010007 -0.007949
v 0.007604 0.010467 -0.007962
v 0.007583 0.010469 -0.007975
v 0.007413 0.010929 -0.007879
v 0.007393 0.010928 -0.007867
v 0.007417 0.010926 -0.007988
v 0.007397 0.010924 -0.008001
v 0.007232 0.011363 -0.007903
v 0.007211 0.011364 -0.007890
v 0.007236 0.011358 -0.008013
v 0.007216 0.011356 -0.008026
v 0.007001 0.011862 -0.007931
v 0.006981 0.011863 -0.007918
v 0.007006 0.011857 -0.008041
v 0.006986 0.011856 -0.008056
v 0.006785 0.012317 -0.007957
v 0.006765 0.012318 -0.007943
v 0.006511 0.012815 -0.007970
v 0.006791 0.012310 -0.008068
v 0.006771 0.012309 -0.008083
v 0.006550 0.012741 -0.008111
v 0.006552 0.012776 -0.008097
v 0.006542 0.012789 -0.008109
v 0.006522 0.012831 -0.007986
v 0.006509 0.012849 -0.007982
v 0.008806 0.005466 -0.008395
v 0.008835 0.005460 -0.008392
v 0.008812 0.005461 -0.008409
v 0.008820 0.005450 -0.007447
v 0.008823 0.005443 -0.008414
v 0.008848 0.005444 -0.007445
v 0.008824 0.005425 -0.005929
v 0.008866 0.005442 -0.008391
v 0.008838 0.005382 -0.008375
v 0.008852 0.005419 -0.005928
v 0.008826 0.005399 -0.004409
v 0.008879 0.005426 -0.007441
v 0.008886 0.005384 -0.008348
v 0.008868 0.005357 -0.008328
v 0.008899 0.005369 -0.007423
v 0.008881 0.005342 -0.007416
v 0.008883 0.005401 -0.005925
v 0.008854 0.005394 -0.004409
v 0.008824 0.005374 -0.002889
v 0.008901 0.005344 -0.005912
v 0.008883 0.005317 -0.005907
v 0.008885 0.005376 -0.004407
v 0.008902 0.005319 -0.004400
v 0.008884 0.005292 -0.004397
v 0.008851 0.005368 -0.002889
v 0.008882 0.005350 -0.002889
v 0.008899 0.005294 -0.002887
v 0.008880 0.005267 -0.002886
v 0.008876 0.005243 -0.001383
v 0.008895 0.005269 -0.001377
v 0.008879 0.005325 -0.001362
v 0.008857 0.005263 -0.001353
v 0.008830 0.005261 -0.001347
v 0.008848 0.005343 -0.001358
v 0.008821 0.005348 -0.001356
v 0.008816 0.005342 -0.001341
v 0.008847 0.005324 -0.001335
v 0.008819 0.005323 -0.001328
v 0.007621 0.010143 -0.011369
v 0.007739 0.010190 -0.011437
v 0.007575 0.010278 -0.011261
v 0.007662 0.010020 -0.011451
v 0.007677 0.010335 -0.011326
v 0.007793 0.010059 -0.011526
v 0.007513 0.010453 -0.011106
v 0.007700 0.009906 -0.011514
v 0.007598 0.010516 -0.011173
v 0.007841 0.009934 -0.011602
v 0.007413 0.010724 -0.010854
v 0.007725 0.009831 -0.011545
v 0.007476 0.010798 -0.010909
v 0.007899 0.009784 -0.011675
v 0.007333 0.010932 -0.010644
v 0.007921 0.009717 -0.011684
v 0.007386 0.011008 -0.010693
v 0.007741 0.009785 -0.011528
v 0.007253 0.011131 -0.010425
v 0.007298 0.011208 -0.010468
v 0.007760 0.009722 -0.010111
v 0.007173 0.011321 -0.010199
v 0.007210 0.011401 -0.010243
v 0.007790 0.009627 -0.007984
v 0.007074 0.011548 -0.009918
v 0.007103 0.011623 -0.009962
v 0.006976 0.011765 -0.009630
v 0.006996 0.011835 -0.009682
v 0.006896 0.012029 -0.009407
v 0.006883 0.011963 -0.009350
v 0.006799 0.012215 -0.009125
v 0.006792 0.012153 -0.009064
v 0.006706 0.012393 -0.008837
v 0.006703 0.012334 -0.008773
v 0.006628 0.012547 -0.008573
v 0.006625 0.012488 -0.008510
v 0.006555 0.012687 -0.008313
v 0.006561 0.012615 -0.008267
v 0.006537 0.012659 -0.008173
v 0.006509 0.012766 -0.008146
v 0.006541 0.012645 -0.008145
v 0.006477 0.012823 -0.008026
v 0.006710 0.012306 -0.008123
v 0.006921 0.011854 -0.008097
v 0.007149 0.011352 -0.008068
v 0.007326 0.010916 -0.008044
v 0.007500 0.010473 -0.008019
v 0.007660 0.010007 -0.007993
v 0.007787 0.009635 -0.007972
v 0.007913 0.009589 -0.007936
v 0.007922 0.009588 -0.007917
v 0.007922 0.009583 -0.007797
v 0.007911 0.009583 -0.007785
v 0.007794 0.009617 -0.007742
v 0.007790 0.009629 -0.007752
v 0.007813 0.009542 -0.005891
v 0.007660 0.010007 -0.007773
v 0.007831 0.009457 -0.003798
v 0.007501 0.010468 -0.007798
v 0.007838 0.009401 -0.002452
v 0.007321 0.010925 -0.007823
v 0.007141 0.011368 -0.007848
v 0.006914 0.011865 -0.007875
v 0.006701 0.012321 -0.007900
v 0.006481 0.012758 -0.007920
v 0.006468 0.012792 -0.007910
v 0.006457 0.012860 -0.007934
v 0.006457 0.012814 -0.007889
v 0.006413 0.012940 -0.007744
v 0.006419 0.012886 -0.007712
v 0.006357 0.013034 -0.007474
v 0.006368 0.012984 -0.007451
v 0.006316 0.013104 -0.007214
v 0.006329 0.013056 -0.007195
v 0.006285 0.013159 -0.006948
v 0.006300 0.013110 -0.006934
v 0.006258 0.013208 -0.006644
v 0.006273 0.013160 -0.006633
v 0.006235 0.013247 -0.006337
v 0.006251 0.013200 -0.006331
v 0.006217 0.013279 -0.006044
v 0.006232 0.013233 -0.006039
v 0.006201 0.013307 -0.005738
v 0.006215 0.013263 -0.005734
v 0.006188 0.013329 -0.005432
v 0.006201 0.013286 -0.005427
v 0.006177 0.013350 -0.005047
v 0.006188 0.013306 -0.005044
v 0.006175 0.013324 -0.004628
v 0.006167 0.013368 -0.004628
v 0.006162 0.013339 -0.004116
v 0.006158 0.013383 -0.004116
v 0.006153 0.013345 -0.003604
v 0.006155 0.013390 -0.003604
v 0.006154 0.013390 -0.002998
v 0.006146 0.013342 -0.002998
v 0.006150 0.013335 -0.002696
v 0.006161 0.013384 -0.002616
v 0.006154 0.013326 -0.002648
v 0.006164 0.013378 -0.002605
v 0.006170 0.013294 -0.002630
v 0.006409 0.012835 -0.002607
v 0.006673 0.012308 -0.002581
v 0.006918 0.011803 -0.002551
v 0.007145 0.011298 -0.002522
v 0.007343 0.010814 -0.002493
v 0.007527 0.010330 -0.002465
v 0.007703 0.009826 -0.002435
v 0.007828 0.009433 -0.002412
v 0.007833 0.009403 -0.002415
v 0.007874 0.009359 -0.002377
v 0.008579 0.008604 -0.010650
v 0.008557 0.008628 -0.010362
v 0.008581 0.008607 -0.010362
v 0.008584 0.008606 -0.010108
v 0.008555 0.008625 -0.010653
v 0.008561 0.008628 -0.010104
v 0.008581 0.008596 -0.010698
v 0.008572 0.008568 -0.010060
v 0.008558 0.008616 -0.010708
v 0.008550 0.008582 -0.010026
v 0.008585 0.008581 -0.010725
v 0.008647 0.008242 -0.010073
v 0.008563 0.008596 -0.010743
v 0.008633 0.008218 -0.010041
v 0.008591 0.008556 -0.010744
v 0.008662 0.008185 -0.010121
v 0.008571 0.008564 -0.010767
v 0.008674 0.008215 -0.010124
v 0.008600 0.008520 -0.010759
v 0.008654 0.008200 -0.010377
v 0.008581 0.008523 -0.010785
v 0.008666 0.008229 -0.010376
v 0.008620 0.008431 -0.010770
v 0.008659 0.008251 -0.010663
v 0.008602 0.008428 -0.010796
v 0.008647 0.008221 -0.010667
v 0.008641 0.008342 -0.010766
v 0.008657 0.008262 -0.010710
v 0.008624 0.008333 -0.010792
v 0.008644 0.008235 -0.010721
v 0.008648 0.008305 -0.010753
v 0.008640 0.008256 -0.010755
v 0.008633 0.008290 -0.010777
v 0.008654 0.008279 -0.010735
v 0.008661 0.008209 -0.008461
v 0.008667 0.008252 -0.008431
v 0.008658 0.008226 -0.008415
v 0.008653 0.008252 -0.008389
v 0.008670 0.008239 -0.008467
v 0.008664 0.008270 -0.008414
v 0.008665 0.008178 -0.008772
v 0.008645 0.008289 -0.008375
v 0.008674 0.008208 -0.008774
v 0.008658 0.008298 -0.008403
v 0.008664 0.008203 -0.008842
v 0.008631 0.008352 -0.008369
v 0.008656 0.008173 -0.008847
v 0.008645 0.008356 -0.008397
v 0.008637 0.008197 -0.008913
v 0.008617 0.008416 -0.008371
v 0.008658 0.008233 -0.008886
v 0.008633 0.008415 -0.008399
v 0.008600 0.008503 -0.008876
v 0.008609 0.008453 -0.008382
v 0.008566 0.008528 -0.008901
v 0.008626 0.008443 -0.008407
v 0.008603 0.008534 -0.008830
v 0.008603 0.008482 -0.008406
v 0.008582 0.008559 -0.008834
v 0.008622 0.008462 -0.008424
v 0.008584 0.008552 -0.008759
v 0.008598 0.008501 -0.008450
v 0.008605 0.008528 -0.008763
v 0.008618 0.008478 -0.008459
v 0.008589 0.008202 -0.008862
v 0.008633 0.008507 -0.008892
v 0.008689 0.008246 -0.008902
v 0.008523 0.008507 -0.008851
v 0.008719 0.008260 -0.008960
v 0.008578 0.008537 -0.008823
v 0.008563 0.008521 -0.008819
v 0.008565 0.008518 -0.008772
v 0.008665 0.008509 -0.008951
v 0.008730 0.008259 -0.009108
v 0.008580 0.008531 -0.008762
v 0.008579 0.008466 -0.008462
v 0.008675 0.008537 -0.008859
v 0.008707 0.008539 -0.008919
v 0.008593 0.008481 -0.008456
v 0.008584 0.008451 -0.008428
v 0.008710 0.008505 -0.008682
v 0.008660 0.008486 -0.008505
v 0.008597 0.008464 -0.008418
v 0.008628 0.008480 -0.008453
v 0.008602 0.008442 -0.008400
v 0.008589 0.008435 -0.008414
v 0.008636 0.008464 -0.008419
v 0.008609 0.008411 -0.008390
v 0.008596 0.008404 -0.008405
v 0.008654 0.008444 -0.008404
v 0.008685 0.008454 -0.008438
v 0.008676 0.008475 -0.008481
v 0.008732 0.008496 -0.008677
v 0.008759 0.008477 -0.008683
v 0.008689 0.008451 -0.008433
v 0.008758 0.008507 -0.008789
v 0.008737 0.008516 -0.008795
v 0.008752 0.008526 -0.008902
v 0.008774 0.008516 -0.008901
v 0.008759 0.008534 -0.009012
v 0.008715 0.008554 -0.009099
v 0.008785 0.008487 -0.008793
v 0.008673 0.008523 -0.009099
v 0.008713 0.008569 -0.009350
v 0.008671 0.008538 -0.009350
v 0.008730 0.008262 -0.009360
v 0.008762 0.008553 -0.009352
v 0.008711 0.008584 -0.009653
v 0.008669 0.008553 -0.009653
v 0.008730 0.008267 -0.009663
v 0.008661 0.008564 -0.009904
v 0.008723 0.008271 -0.009915
v 0.008703 0.008595 -0.009904
v 0.008649 0.008567 -0.009986
v 0.008713 0.008269 -0.009996
v 0.008761 0.008568 -0.009652
v 0.008690 0.008599 -0.010016
v 0.008628 0.008569 -0.010034
v 0.008693 0.008262 -0.010045
v 0.008577 0.008211 -0.010110
v 0.008499 0.008577 -0.010097
v 0.008555 0.008608 -0.010120
v 0.008539 0.008593 -0.010128
v 0.008669 0.008601 -0.010064
v 0.008552 0.008608 -0.010362
v 0.008537 0.008594 -0.010361
v 0.008746 0.008588 -0.010130
v 0.008550 0.008605 -0.010651
v 0.008536 0.008591 -0.010660
v 0.008734 0.008592 -0.010250
v 0.008552 0.008597 -0.010701
v 0.008537 0.008583 -0.010699
v 0.008663 0.008594 -0.010555
v 0.008556 0.008581 -0.010729
v 0.008542 0.008570 -0.010719
v 0.008713 0.008594 -0.010367
v 0.008563 0.008554 -0.010750
v 0.008549 0.008547 -0.010735
v 0.008599 0.008577 -0.010730
v 0.008598 0.008594 -0.010679
v 0.008635 0.008593 -0.010627
v 0.008647 0.008583 -0.010655
v 0.008683 0.008584 -0.010558
v 0.008650 0.008562 -0.010715
v 0.008734 0.008585 -0.010372
v 0.008712 0.008559 -0.010564
v 0.008755 0.008583 -0.010253
v 0.008764 0.008560 -0.010372
v 0.008766 0.008579 -0.010134
v 0.008785 0.008558 -0.010254
v 0.008776 0.008540 -0.010375
v 0.008797 0.008538 -0.010256
v 0.008795 0.008554 -0.010136
v 0.008808 0.008535 -0.010137
v 0.008803 0.008547 -0.009958
v 0.008816 0.008528 -0.009959
v 0.008774 0.008571 -0.009957
v 0.008752 0.008582 -0.009956
v 0.008782 0.008557 -0.009653
v 0.008784 0.008541 -0.009353
v 0.008812 0.008534 -0.009652
v 0.008813 0.008520 -0.009354
v 0.008780 0.008523 -0.009012
v 0.008808 0.008502 -0.009013
v 0.008801 0.008495 -0.008903
v 0.008826 0.008500 -0.009356
v 0.008821 0.008483 -0.009014
v 0.008815 0.008476 -0.008903
v 0.008825 0.008515 -0.009653
v 0.008857 0.008354 -0.009361
v 0.008857 0.008361 -0.009658
v 0.008850 0.008365 -0.009965
v 0.008853 0.008332 -0.009361
v 0.008843 0.008368 -0.010143
v 0.008853 0.008338 -0.009659
v 0.008833 0.008368 -0.010262
v 0.008840 0.008345 -0.010143
v 0.008830 0.008345 -0.010262
v 0.008813 0.008367 -0.010382
v 0.008846 0.008343 -0.009965
v 0.008810 0.008344 -0.010380
v 0.008836 0.008306 -0.009661
v 0.008829 0.008310 -0.009966
v 0.008823 0.008312 -0.010144
v 0.008835 0.008301 -0.009361
v 0.008821 0.008288 -0.009662
v 0.008813 0.008312 -0.010263
v 0.008808 0.008295 -0.010140
v 0.008797 0.008295 -0.010260
v 0.008792 0.008310 -0.010382
v 0.008777 0.008293 -0.010378
v 0.008813 0.008292 -0.009967
v 0.008634 0.008219 -0.010376
v 0.008641 0.008205 -0.010135
v 0.008763 0.008257 -0.010028
v 0.008728 0.008287 -0.010566
v 0.008743 0.008250 -0.010077
v 0.008620 0.008213 -0.010141
v 0.008615 0.008227 -0.010374
v 0.008774 0.008258 -0.009916
v 0.008781 0.008254 -0.009664
v 0.008781 0.008249 -0.009361
v 0.008820 0.008282 -0.009361
v 0.008781 0.008246 -0.009110
v 0.008814 0.008276 -0.009021
v 0.008770 0.008246 -0.008929
v 0.008829 0.008294 -0.009020
v 0.008740 0.008232 -0.008870
v 0.008806 0.008273 -0.008911
v 0.008651 0.008193 -0.008835
v 0.008632 0.008202 -0.008830
v 0.008632 0.008202 -0.008783
v 0.008790 0.008269 -0.008804
v 0.008652 0.008195 -0.008774
v 0.008629 0.008235 -0.008470
v 0.008762 0.008262 -0.008691
v 0.008822 0.008291 -0.008909
v 0.008648 0.008226 -0.008465
v 0.008628 0.008248 -0.008435
v 0.008710 0.008250 -0.008513
v 0.008645 0.008240 -0.008426
v 0.008626 0.008264 -0.008420
v 0.008679 0.008240 -0.008462
v 0.008641 0.008261 -0.008406
v 0.008619 0.008294 -0.008409
v 0.008681 0.008255 -0.008426
v 0.008721 0.008264 -0.008489
v 0.008722 0.008283 -0.008444
v 0.008778 0.008279 -0.008685
v 0.008796 0.008307 -0.008689
v 0.008805 0.008286 -0.008797
v 0.008822 0.008314 -0.008799
v 0.008839 0.008320 -0.008909
v 0.008826 0.008337 -0.008797
v 0.008846 0.008324 -0.009020
v 0.008851 0.008346 -0.009019
v 0.008843 0.008342 -0.008908
v 0.008798 0.008468 -0.008792
v 0.008772 0.008457 -0.008682
v 0.008800 0.008329 -0.008686
v 0.008700 0.008431 -0.008425
v 0.008724 0.008288 -0.008439
v 0.008716 0.008371 -0.008424
v 0.008726 0.008310 -0.008429
v 0.008689 0.008279 -0.008410
v 0.008691 0.008301 -0.008401
v 0.008681 0.008363 -0.008394
v 0.008634 0.008291 -0.008394
v 0.008665 0.008423 -0.008396
v 0.008622 0.008351 -0.008388
v 0.008607 0.008349 -0.008403
v 0.008627 0.008241 -0.010664
v 0.008608 0.008249 -0.010672
v 0.008625 0.008252 -0.010713
v 0.008605 0.008260 -0.010711
v 0.008604 0.008275 -0.010730
v 0.008700 0.008282 -0.010638
v 0.008622 0.008270 -0.010740
v 0.008666 0.008271 -0.010691
v 0.008742 0.008303 -0.010568
v 0.008707 0.008298 -0.010665
v 0.008660 0.008290 -0.010740
v 0.008759 0.008338 -0.010571
v 0.008700 0.008322 -0.010724
v 0.008616 0.008299 -0.010759
v 0.008601 0.008299 -0.010744
v 0.008594 0.008339 -0.010757
v 0.008666 0.008321 -0.010759
v 0.008609 0.008337 -0.010772
v 0.008577 0.008424 -0.010761
v 0.008702 0.008330 -0.010730
v 0.008667 0.008345 -0.010767
v 0.008590 0.008427 -0.010776
v 0.008559 0.008509 -0.010751
v 0.008649 0.008439 -0.010770
v 0.008703 0.008353 -0.010740
v 0.008762 0.008361 -0.010574
v 0.008686 0.008445 -0.010742
v 0.008724 0.008539 -0.010568
v 0.008664 0.008536 -0.010733
v 0.008655 0.008556 -0.010722
v 0.008627 0.008531 -0.010760
v 0.008618 0.008552 -0.010751
v 0.008571 0.008517 -0.010766
v 0.007914 0.006246 -0.001924
v 0.007707 0.007773 -0.001931
v 0.007776 0.007772 -0.001933
v 0.007689 0.008949 -0.001977
v 0.007798 0.006225 -0.001910
v 0.008019 0.004204 -0.001867
v 0.007689 0.007773 -0.001890
v 0.007877 0.004209 -0.001882
v 0.007695 0.008910 -0.001918
v 0.007684 0.008976 -0.001958
v 0.007781 0.006224 -0.001851
v 0.007658 0.009293 -0.001923
v 0.007672 0.009312 -0.001976
v 0.007886 0.003944 -0.001903
v 0.008031 0.003920 -0.001893
v 0.007575 0.009764 -0.001942
v 0.007594 0.009776 -0.001995
v 0.007891 0.003681 -0.001959
v 0.008028 0.003684 -0.001952
v 0.007433 0.010241 -0.001975
v 0.007469 0.010253 -0.002022
v 0.007894 0.003541 -0.002019
v 0.008038 0.003545 -0.002011
v 0.007268 0.010712 -0.002024
v 0.007295 0.010717 -0.002062
v 0.007457 0.010251 -0.001881
v 0.007082 0.011177 -0.002081
v 0.007119 0.011181 -0.002112
v 0.006911 0.011632 -0.002168
v 0.007281 0.010734 -0.001948
v 0.007618 0.009765 -0.001812
v 0.007520 0.010272 -0.001838
v 0.007694 0.009273 -0.001810
v 0.007691 0.009776 -0.001785
v 0.007737 0.008902 -0.001818
v 0.007797 0.009275 -0.001784
v 0.007540 0.010277 -0.001845
v 0.007706 0.009779 -0.001793
v 0.007361 0.010769 -0.001895
v 0.007830 0.009279 -0.001770
v 0.007855 0.008893 -0.001791
v 0.007337 0.010764 -0.001894
v 0.007160 0.011262 -0.001943
v 0.007747 0.007769 -0.001774
v 0.007880 0.007763 -0.001757
v 0.007833 0.006225 -0.001756
v 0.007987 0.006225 -0.001751
v 0.007861 0.004199 -0.001816
v 0.007922 0.004185 -0.001707
v 0.008052 0.004185 -0.001700
v 0.007872 0.003919 -0.001840
v 0.007938 0.003839 -0.001740
v 0.008067 0.003839 -0.001734
v 0.007878 0.003644 -0.001903
v 0.007949 0.003566 -0.001813
v 0.008076 0.003569 -0.001806
v 0.007874 0.003495 -0.001969
v 0.007955 0.003401 -0.001894
v 0.008080 0.003405 -0.001886
v 0.007896 0.003433 -0.002116
v 0.008048 0.003438 -0.002106
v 0.008049 0.003341 -0.002269
v 0.007870 0.003381 -0.002074
v 0.007963 0.003275 -0.002017
v 0.008095 0.003279 -0.002007
v 0.007894 0.003337 -0.002282
v 0.008049 0.003299 -0.002464
v 0.007873 0.003273 -0.002256
v 0.007977 0.003154 -0.002228
v 0.008151 0.003160 -0.002215
v 0.007883 0.003227 -0.002472
v 0.007894 0.003296 -0.002478
v 0.008225 0.003223 -0.006454
v 0.007992 0.003103 -0.002476
v 0.008207 0.003111 -0.002461
v 0.008411 0.003035 -0.006469
v 0.008123 0.003229 -0.006464
v 0.008107 0.003161 -0.006470
v 0.008154 0.003042 -0.006479
v 0.008178 0.003309 -0.007129
v 0.008272 0.003304 -0.007125
v 0.008163 0.003246 -0.007154
v 0.008226 0.003132 -0.007195
v 0.008401 0.003126 -0.007192
v 0.008237 0.003472 -0.007437
v 0.008310 0.003472 -0.007439
v 0.008221 0.003421 -0.007481
v 0.008290 0.003324 -0.007554
v 0.008440 0.003319 -0.007561
v 0.008344 0.003567 -0.007776
v 0.008482 0.003563 -0.007788
v 0.008274 0.003652 -0.007690
v 0.008395 0.003854 -0.007958
v 0.008529 0.003851 -0.007972
v 0.008290 0.003696 -0.007637
v 0.008351 0.003699 -0.007642
v 0.008324 0.003924 -0.007860
v 0.008462 0.004498 -0.008220
v 0.008600 0.004494 -0.008234
v 0.008340 0.003960 -0.007801
v 0.008396 0.003965 -0.007808
v 0.008390 0.004548 -0.008117
v 0.008516 0.005051 -0.008505
v 0.008657 0.005047 -0.008522
v 0.008407 0.004577 -0.008056
v 0.008467 0.004581 -0.008063
v 0.008462 0.005142 -0.008347
v 0.008525 0.005146 -0.008356
v 0.008445 0.005109 -0.008407
v 0.008547 0.005602 -0.008825
v 0.008690 0.005597 -0.008843
v 0.008687 0.006107 -0.009204
v 0.008477 0.005664 -0.008729
v 0.008495 0.005700 -0.008671
v 0.008559 0.005704 -0.008682
v 0.008542 0.006113 -0.009184
v 0.008682 0.006570 -0.009633
v 0.008473 0.006186 -0.009095
v 0.008491 0.006228 -0.009042
v 0.008557 0.006230 -0.009054
v 0.008483 0.006704 -0.009480
v 0.008553 0.006704 -0.009492
v 0.008464 0.006657 -0.009528
v 0.008468 0.007157 -0.009934
v 0.008539 0.007160 -0.009950
v 0.008485 0.007656 -0.010417
v 0.008533 0.006578 -0.009611
v 0.008450 0.007110 -0.009982
v 0.008428 0.007651 -0.010475
v 0.008474 0.008159 -0.010905
v 0.008519 0.007029 -0.010063
v 0.008667 0.007022 -0.010088
v 0.008409 0.007603 -0.010522
v 0.008376 0.008123 -0.010972
v 0.008395 0.008661 -0.011355
v 0.008478 0.007518 -0.010599
v 0.008613 0.007514 -0.010623
v 0.008357 0.008079 -0.011020
v 0.008304 0.008626 -0.011430
v 0.008227 0.009182 -0.011779
v 0.008422 0.008012 -0.011104
v 0.008545 0.008020 -0.011129
v 0.008449 0.008554 -0.011597
v 0.008283 0.008587 -0.011477
v 0.008344 0.008541 -0.011563
v 0.008299 0.009093 -0.011998
v 0.008152 0.009100 -0.011865
v 0.008203 0.009069 -0.011961
v 0.008229 0.009243 -0.012099
v 0.008168 0.009135 -0.011822
v 0.008073 0.009252 -0.011970
v 0.008134 0.009228 -0.012072
v 0.008158 0.009406 -0.012191
v 0.008087 0.009286 -0.011928
v 0.008138 0.009334 -0.011895
v 0.007974 0.009400 -0.012058
v 0.007987 0.009432 -0.012018
v 0.008037 0.009486 -0.011996
v 0.008046 0.009383 -0.012167
v 0.007865 0.009524 -0.012116
v 0.008035 0.009552 -0.012264
v 0.008052 0.009555 -0.012261
v 0.007942 0.009669 -0.012284
v 0.007928 0.009523 -0.012235
v 0.007932 0.009660 -0.012291
v 0.007872 0.009759 -0.012290
v 0.007804 0.009607 -0.012142
v 0.007862 0.009754 -0.012298
v 0.007802 0.009877 -0.012256
v 0.007849 0.009620 -0.012266
v 0.007791 0.009875 -0.012265
v 0.007717 0.010082 -0.012119
v 0.007780 0.009727 -0.012270
v 0.007751 0.009696 -0.012149
v 0.007884 0.009548 -0.012076
v 0.007961 0.009593 -0.012053
v 0.007916 0.009661 -0.012077
v 0.007828 0.009623 -0.012102
v 0.007884 0.009745 -0.012084
v 0.007779 0.009703 -0.012110
v 0.007846 0.009822 -0.012070
v 0.007704 0.009787 -0.012133
v 0.007735 0.009785 -0.012096
v 0.007792 0.010009 -0.011979
v 0.007720 0.009836 -0.012244
v 0.007645 0.009975 -0.011989
v 0.007649 0.010213 -0.011805
v 0.007614 0.009984 -0.012022
v 0.007633 0.010048 -0.012122
v 0.007510 0.010212 -0.011871
v 0.007537 0.010204 -0.011836
v 0.007537 0.010357 -0.011682
v 0.007705 0.010083 -0.012126
v 0.007470 0.010352 -0.011713
v 0.007456 0.010492 -0.011555
v 0.007444 0.010363 -0.011749
v 0.007540 0.010285 -0.011948
v 0.007617 0.010309 -0.011952
v 0.007630 0.010308 -0.011945
v 0.007478 0.010436 -0.011823
v 0.007496 0.010604 -0.011696
v 0.007509 0.010602 -0.011689
v 0.007415 0.010579 -0.011689
v 0.007381 0.010506 -0.011615
v 0.007338 0.010961 -0.011323
v 0.007352 0.010959 -0.011316
v 0.007334 0.010758 -0.011505
v 0.007405 0.010492 -0.011578
v 0.007362 0.010664 -0.011381
v 0.007299 0.010679 -0.011432
v 0.007319 0.010667 -0.011395
v 0.007275 0.010828 -0.011194
v 0.007255 0.010927 -0.011311
v 0.007220 0.010842 -0.011237
v 0.007238 0.010832 -0.011200
v 0.007089 0.011171 -0.010783
v 0.007063 0.011196 -0.010818
v 0.006903 0.011531 -0.010399
v 0.006932 0.011503 -0.010368
v 0.007096 0.011275 -0.010878
v 0.006754 0.011859 -0.009954
v 0.006789 0.011833 -0.009925
v 0.006934 0.011600 -0.010438
v 0.007180 0.011318 -0.010893
v 0.007195 0.011317 -0.010887
v 0.007028 0.011651 -0.010444
v 0.007012 0.011652 -0.010449
v 0.006865 0.011968 -0.010004
v 0.006778 0.011921 -0.009993
v 0.006846 0.011968 -0.010009
v 0.006696 0.012272 -0.009544
v 0.006600 0.012162 -0.009497
v 0.006640 0.012141 -0.009470
v 0.006616 0.012222 -0.009532
v 0.006676 0.012272 -0.009549
v 0.006534 0.012553 -0.009077
v 0.006452 0.012440 -0.009041
v 0.006497 0.012422 -0.009020
v 0.006460 0.012500 -0.009068
v 0.006512 0.012553 -0.009081
v 0.006386 0.012806 -0.008603
v 0.006313 0.012699 -0.008571
v 0.006361 0.012687 -0.008552
v 0.006316 0.012755 -0.008595
v 0.006360 0.012806 -0.008608
v 0.006252 0.013034 -0.008098
v 0.006184 0.012926 -0.008072
v 0.006235 0.012920 -0.008060
v 0.006184 0.012982 -0.008090
v 0.006224 0.013035 -0.008102
v 0.006136 0.013230 -0.007577
v 0.006084 0.013108 -0.007550
v 0.006136 0.013107 -0.007534
v 0.006081 0.013158 -0.007566
v 0.006116 0.013219 -0.007577
v 0.006057 0.013365 -0.007037
v 0.006005 0.013289 -0.007024
v 0.006037 0.013354 -0.007037
v 0.006011 0.013444 -0.006478
v 0.005991 0.013433 -0.006478
v 0.005976 0.013504 -0.005919
v 0.006013 0.013233 -0.007009
v 0.006070 0.013230 -0.007002
v 0.005947 0.013366 -0.006468
v 0.005956 0.013492 -0.005919
v 0.005952 0.013546 -0.005334
v 0.005963 0.013296 -0.006453
v 0.006024 0.013291 -0.006448
v 0.005912 0.013427 -0.005913
v 0.005929 0.013356 -0.005902
v 0.005992 0.013351 -0.005892
v 0.005888 0.013468 -0.005332
v 0.005933 0.013534 -0.005334
v 0.005928 0.013572 -0.004777
v 0.005905 0.013396 -0.005326
v 0.005972 0.013390 -0.005319
v 0.005866 0.013492 -0.004781
v 0.005909 0.013561 -0.004777
v 0.005918 0.013590 -0.004211
v 0.005890 0.013421 -0.004777
v 0.005959 0.013413 -0.004772
v 0.005878 0.013437 -0.004220
v 0.005950 0.013429 -0.004218
v 0.005854 0.013512 -0.004219
v 0.005865 0.013446 -0.003661
v 0.005944 0.013439 -0.003654
v 0.005899 0.013577 -0.004211
v 0.005911 0.013595 -0.003642
v 0.005833 0.013529 -0.003653
v 0.005892 0.013583 -0.003642
v 0.005907 0.013596 -0.003075
v 0.005866 0.013449 -0.003104
v 0.005941 0.013440 -0.003087
v 0.005943 0.013436 -0.002567
v 0.005835 0.013529 -0.003088
v 0.005865 0.013444 -0.002548
v 0.005948 0.013423 -0.002505
v 0.005890 0.013583 -0.003075
v 0.005834 0.013505 -0.002526
v 0.005869 0.013432 -0.002482
v 0.005964 0.013393 -0.002452
v 0.005889 0.013560 -0.002510
v 0.005903 0.013576 -0.002508
v 0.005843 0.013496 -0.002445
v 0.005888 0.013560 -0.002421
v 0.005903 0.013572 -0.002414
v 0.005922 0.013520 -0.002334
v 0.005943 0.013535 -0.002332
v 0.005988 0.013474 -0.002287
v 0.005883 0.013404 -0.002425
v 0.005871 0.013463 -0.002361
v 0.005974 0.013450 -0.002290
v 0.006062 0.013362 -0.002253
v 0.005903 0.013399 -0.002318
v 0.005910 0.013350 -0.002390
v 0.005987 0.013349 -0.002414
v 0.005958 0.013313 -0.002290
v 0.006043 0.013352 -0.002265
v 0.005945 0.013290 -0.002368
v 0.006015 0.013297 -0.002396
v 0.006241 0.013033 -0.002201
v 0.006258 0.013045 -0.002194
v 0.006488 0.012642 -0.002128
v 0.006193 0.012984 -0.002253
v 0.006186 0.012952 -0.002310
v 0.006237 0.012963 -0.002344
v 0.006471 0.012632 -0.002133
v 0.006713 0.012215 -0.002065
v 0.006427 0.012571 -0.002187
v 0.006430 0.012524 -0.002248
v 0.006475 0.012526 -0.002277
v 0.006696 0.012207 -0.002072
v 0.006944 0.011743 -0.002003
v 0.006654 0.012144 -0.002128
v 0.006659 0.012090 -0.002193
v 0.006698 0.012081 -0.002224
v 0.006926 0.011733 -0.002010
v 0.006880 0.011680 -0.002069
v 0.007139 0.011252 -0.001948
v 0.006879 0.011637 -0.002139
v 0.007087 0.011208 -0.002008
vn -0.1075 -0.2411 0.9645
vn 0.5885 0.0235 0.8082
vn 0.5885 0.0234 0.8082
vn 0.9947 -0.0000 -0.1026
vn 0.4090 -0.0236 -0.9122
vn 0.4089 -0.0236 -0.9123
vn 0.4088 -0.0236 -0.9123
vn -0.5885 -0.0234 -0.8082
vn -0.5885 -0.0235 -0.8082
vn -0.5885 -0.0233 -0.8082
vn -0.9947 -0.0000 0.1027
vn -0.9947 -0.0000 0.1026
vn -0.4089 0.0236 0.9123
vn -0.9462 0.0158 0.3233
vn 0.5885 0.0236 0.8082
vn 0.4091 -0.0236 -0.9122
vn -0.9462 0.0158 0.3232
vn -0.0552 -0.8750 0.4809
vn -0.0552 -0.8751 0.4808
vn -0.0709 -0.7170 0.6934
vn -0.0709 -0.6934 0.7171
vn -0.0709 -0.4492 0.8906
vn -0.0709 -0.4334 0.8984
vn -0.0473 -0.2441 0.9686
vn -0.0473 -0.2367 0.9704
vn -0.0237 -0.1502 0.9884
vn -0.0235 -0.1491 0.9885
vn -0.0236 -0.0394 0.9989
vn -0.0236 -0.0393 0.9989
vn -0.0236 -0.0000 0.9997
vn -0.0393 -0.0000 0.9992
vn -0.0157 -0.0000 0.9999
vn -0.0236 -0.0157 0.9996
vn -0.0315 -0.0315 0.9990
vn -0.0472 -0.0000 0.9989
vn -0.0471 0.0153 0.9988
vn -0.0472 0.0079 0.9989
vn -0.0472 0.0236 0.9986
vn -0.0472 0.0315 0.9984
vn -0.0473 -0.1103 0.9928
vn -0.1181 -0.2204 0.9682
vn 0.0236 -0.7301 0.6830
vn -0.2598 -0.7639 0.5907
vn -0.0711 0.0633 0.9955
vn -0.0710 0.0632 0.9955
vn -0.0553 0.0711 0.9959
vn -0.0393 0.0706 0.9967
vn -0.0472 0.1181 0.9919
vn -0.9944 0.0237 0.1026
vn -0.9867 0.0632 0.1499
vn -0.9899 0.0472 0.1336
vn -0.9867 0.0631 0.1500
vn -0.9850 0.0709 0.1576
vn -0.9809 0.0870 0.1740
vn -0.9719 0.1176 0.2038
vn -0.9725 0.1255 0.1961
vn -0.9734 0.1178 0.1963
vn -0.9763 0.1181 0.1811
vn -0.9764 0.1181 0.1811
vn -0.9816 0.0314 0.1885
vn -0.9736 0.1492 0.1727
vn -0.9667 0.1886 0.1729
vn -0.9667 0.1886 0.1728
vn -0.9777 0.1183 0.1735
vn -0.9838 0.0472 0.1731
vn -0.9645 -0.2055 0.1660
vn -0.9629 -0.2131 0.1657
vn -0.9773 -0.1418 0.1575
vn -0.9773 -0.1419 0.1576
vn -0.9855 -0.0631 0.1577
vn -0.9874 -0.0079 0.1579
vn -0.9874 -0.0079 0.1580
vn -0.9847 -0.0551 0.1654
vn -0.9825 -0.0865 0.1651
vn -0.9758 -0.1102 0.1889
vn -0.9758 -0.1102 0.1888
vn -0.9667 -0.1729 0.1886
vn -0.9499 -0.1963 0.2434
vn -0.9531 -0.1890 0.2363
vn -0.9362 -0.2281 0.2675
vn -0.9299 -0.2600 0.2601
vn -0.9299 -0.2522 0.2679
vn -0.9145 -0.3390 0.2208
vn -0.8964 -0.4010 0.1887
vn -0.9145 -0.3390 0.2207
vn -0.8904 -0.4175 0.1812
vn -0.7865 -0.6135 0.0708
vn -0.6192 0.7838 -0.0470
vn -0.6192 0.7839 -0.0470
vn -0.0000 0.9997 -0.0236
vn -0.0000 0.9997 -0.0237
vn -0.0000 0.9997 -0.0238
vn -0.0000 -0.9997 0.0238
vn -0.0000 -0.9997 0.0237
vn -0.0000 -0.9997 0.0236
vn -0.4734 -0.1499 0.8680
vn -0.4655 -0.1736 0.8679
vn -0.4472 -0.2040 0.8709
vn -0.5444 -0.0631 0.8364
vn -0.4730 -0.1025 0.8751
vn -0.6788 -0.0158 0.7342
vn -0.6832 -0.0078 0.7302
vn -0.6699 0.1182 0.7330
vn -0.6381 0.1812 0.7483
vn -0.7115 0.2055 0.6720
vn -0.7016 0.2996 0.6465
vn -0.7044 0.2691 0.6569
vn -0.6921 0.3539 0.6291
vn -0.7123 0.3482 0.6094
vn -0.8145 0.3054 0.4933
vn -0.8176 0.3066 0.4874
vn -0.6381 0.5120 0.5751
vn -0.6279 0.5180 0.5808
vn -0.6308 0.5203 0.5757
vn -0.6308 0.5204 0.5756
vn -0.6206 0.5263 0.5813
vn -0.5824 0.5589 0.5903
vn -0.5481 0.5796 0.6030
vn -0.6301 0.5040 0.5907
vn -0.5899 0.5428 0.5978
vn -0.6714 0.4658 0.5765
vn -0.6675 0.4556 0.5890
vn -0.6364 0.4243 0.6442
vn -0.6317 0.4264 0.6475
vn -0.7400 0.3621 0.5668
vn -0.6317 0.4264 0.6474
vn -0.8098 0.3145 0.4953
vn -0.8887 0.2359 0.3932
vn -0.9509 0.1807 0.2514
vn -0.9316 0.2053 0.3000
vn -0.9600 0.1731 0.2203
vn -0.9600 0.1730 0.2203
vn -0.9540 0.1735 0.2444
vn -0.9089 0.1897 0.3714
vn -0.8832 0.2129 0.4179
vn -0.8878 0.2121 0.4085
vn -0.8532 0.3002 0.4266
vn -0.6940 0.6309 0.3469
vn -0.6552 0.6789 0.3315
vn -0.6552 0.6788 0.3315
vn -0.5918 0.7417 0.3156
vn -0.4570 0.8430 0.2836
vn -0.4022 0.9147 0.0394
vn -0.4023 0.9150 0.0317
vn -0.4024 0.9153 0.0158
vn -0.5745 0.8185 -0.0079
vn -0.7415 0.6705 -0.0236
vn -0.7633 0.6453 -0.0315
vn -0.7704 0.6368 -0.0315
vn -0.9402 0.3397 -0.0237
vn -0.9997 0.0236 0.0079
vn -0.9784 -0.1499 0.1420
vn -0.9692 -0.1891 0.1576
vn -0.7950 -0.4329 0.4250
vn -0.7975 -0.4421 0.4106
vn -0.7399 -0.3227 0.5903
vn -0.7346 -0.3160 0.6004
vn -0.6853 -0.1970 0.7011
vn -0.6784 -0.1893 0.7099
vn -0.6559 -0.1344 0.7428
vn -0.6559 -0.1343 0.7428
vn -0.6449 -0.0472 0.7628
vn -0.6451 -0.0393 0.7631
vn -0.6412 -0.0158 0.7672
vn -0.6410 -0.0160 0.7673
vn -0.6284 -0.0236 0.7776
vn -0.6062 -0.0157 0.7952
vn -0.5655 -0.0157 0.8246
vn -0.5518 -0.1025 0.8277
vn -0.8582 -0.2756 0.4330
vn -0.9226 -0.3316 0.1971
vn -0.0000 0.0236 0.9997
vn -0.0000 0.0237 0.9997
vn -0.0000 0.0238 0.9997
vn -0.0000 0.0235 0.9997
vn 0.8403 -0.0157 -0.5419
vn 0.9352 -0.0157 -0.3537
vn 0.9353 -0.0079 -0.3537
vn 0.9096 0.0078 0.4155
vn 0.9052 0.0079 0.4250
vn 0.0948 0.0237 0.9952
vn 0.0870 0.0237 0.9959
vn -0.8184 0.0157 0.5745
vn -0.8120 0.0158 0.5834
vn -0.9955 0.0002 0.0948
vn -0.9955 -0.0000 0.0948
vn 0.9353 -0.0078 -0.3537
vn -0.8184 0.0158 0.5745
vn -0.0157 0.1491 0.9887
vn -0.0471 0.8238 0.5649
vn 0.0552 0.8834 0.4654
vn -0.0236 0.9989 0.0393
vn -0.0156 0.1491 0.9887
vn 0.3453 0.7927 0.5023
vn 0.1259 0.9915 0.0315
vn 0.5972 0.6051 0.5265
vn 0.4721 0.8812 0.0236
vn 0.7026 0.4579 0.5447
vn -0.0157 0.1414 0.9898
vn 0.7497 0.3393 0.5682
vn -0.0157 0.1337 0.9909
vn 0.7608 0.2902 0.5804
vn -0.0156 0.1182 0.9929
vn 0.7707 0.2595 0.5819
vn -0.0158 0.1182 0.9929
vn -0.0158 0.0870 0.9961
vn 0.7731 0.2288 0.5916
vn -0.0158 0.0869 0.9961
vn -0.0157 0.0629 0.9979
vn 0.7790 0.1888 0.5980
vn -0.0156 0.0629 0.9979
vn -0.0157 0.0393 0.9991
vn 0.7832 0.1582 0.6013
vn -0.0157 0.0157 0.9998
vn 0.7875 0.1103 0.6064
vn 0.9910 0.1337 0.0079
vn 0.9930 0.1182 0.0080
vn 0.9874 0.1580 0.0080
vn 0.9930 0.1182 -0.0000
vn 0.9820 0.1886 0.0079
vn 0.9874 0.1580 -0.0000
vn 0.9737 0.2277 0.0078
vn 0.9632 0.2685 0.0079
vn 0.9737 0.2277 -0.0000
vn 0.9494 0.3139 0.0079
vn 0.9633 0.2685 -0.0000
vn 0.8944 0.4472 0.0078
vn 0.9487 0.3162 0.0079
vn 0.7707 0.6370 0.0157
vn 0.8975 0.4409 0.0079
vn 0.7746 0.6324 0.0079
vn 0.4969 0.8675 0.0237
vn 0.9021 0.4315 -0.0000
vn 0.1733 0.9844 0.0315
vn 0.0157 0.9991 0.0393
vn 0.7847 0.6199 0.0078
vn 0.5418 0.8402 0.0236
vn 0.2368 0.9710 0.0316
vn 0.0707 0.9967 0.0392
vn 0.8018 0.5975 0.0079
vn 0.2828 0.9584 0.0393
vn 0.0869 0.9954 0.0395
vn 0.5922 0.8054 0.0237
vn 0.3065 0.9511 0.0393
vn 0.0550 0.9974 0.0471
vn 0.6369 0.7706 0.0236
vn 0.3230 0.9452 0.0473
vn 0.0157 0.9984 0.0550
vn 0.8247 0.5655 0.0079
vn 0.1657 0.9073 0.3866
vn 0.1413 0.9186 0.3690
vn 0.6705 0.7415 0.0237
vn 0.3228 0.6771 0.6613
vn 0.2761 0.6390 0.7180
vn 0.3065 0.9507 0.0471
vn 0.5114 0.8576 0.0551
vn 0.3859 0.9213 0.0473
vn 0.4321 0.3457 0.8329
vn 0.2509 0.1489 0.9565
vn 0.8052 0.5921 0.0316
vn 0.4814 -0.0316 0.8760
vn 0.2753 -0.2516 0.9279
vn 0.9081 0.4186 0.0080
vn 0.9288 0.3699 0.0236
vn 0.2587 -0.3843 0.8862
vn 0.7881 0.6147 0.0315
vn 0.9125 0.4090 0.0079
vn 0.9289 0.3700 0.0157
vn 0.9349 0.3535 0.0313
vn 0.1968 -0.4881 0.8503
vn 0.9325 0.3604 0.0235
vn 0.9369 0.3464 0.0472
vn 0.1105 -0.5604 0.8208
vn 0.9349 0.3535 0.0314
vn 0.9390 0.3393 0.0552
vn 0.0551 -0.6141 0.7873
vn 0.9346 0.3534 0.0392
vn 0.9381 0.3390 0.0709
vn 0.0551 -0.6614 0.7480
vn 0.9343 0.3533 0.0471
vn 0.9381 0.3390 0.0710
vn 0.0552 -0.6860 0.7255
vn 0.9303 0.3627 0.0552
vn 0.9361 0.3461 0.0629
vn 0.0473 -0.7181 0.6944
vn 0.9280 0.3696 0.0472
vn 0.0394 -0.7486 0.6619
vn 0.9213 0.3859 0.0472
vn 0.9237 0.3790 0.0553
vn 0.0393 -0.7631 0.6451
vn 0.9147 0.4022 0.0394
vn 0.9210 0.3856 0.0550
vn 0.0630 -0.7731 0.6311
vn 0.9118 0.4087 0.0393
vn 0.9205 0.3855 0.0629
vn 0.1104 -0.7807 0.6151
vn 0.9075 0.4182 0.0395
vn 0.9201 0.3853 0.0708
vn 0.1812 -0.7801 0.5988
vn 0.9045 0.4247 0.0393
vn 0.2281 -0.7864 0.5741
vn 0.8971 0.4407 0.0315
vn 0.9177 0.3922 0.0628
vn 0.2357 -0.8013 0.5499
vn 0.8926 0.4502 0.0237
vn 0.9141 0.4018 0.0550
vn 0.2290 -0.8219 0.5215
vn 0.8814 0.4722 0.0079
vn 0.9115 0.4086 0.0471
vn 0.2291 -0.8456 0.4821
vn 0.2368 -0.8526 0.4657
vn 0.8730 0.4877 -0.0000
vn 0.2755 -0.8502 0.4487
vn 0.3296 -0.8397 0.4316
vn 0.3937 -0.8269 0.4016
vn 0.8731 0.4876 -0.0000
vn 0.9188 0.3928 0.0392
vn 0.5038 -0.7948 0.3384
vn 0.9219 0.3861 0.0315
vn 0.5981 -0.7555 0.2675
vn 0.8763 0.4816 0.0079
vn 0.9219 0.3861 0.0314
vn 0.6843 -0.7000 0.2045
vn 0.7475 -0.6453 0.1574
vn 0.9221 0.3862 0.0236
vn 0.7723 -0.6226 0.1261
vn 0.8764 0.4816 -0.0000
vn 0.9223 0.3863 0.0157
vn 0.7667 -0.6324 0.1107
vn 0.8782 0.4783 -0.0000
vn 0.9223 0.3862 0.0158
vn 0.7314 -0.6764 0.0865
vn 0.8815 0.4722 -0.0000
vn 0.8083 0.5885 -0.0157
vn 0.9263 0.3768 0.0078
vn 0.8121 0.5832 -0.0175
vn 0.8184 0.5744 -0.0157
vn 0.9263 0.3768 0.0079
vn 0.6566 -0.7516 0.0633
vn 0.8847 0.4661 -0.0000
vn 0.9290 0.3700 0.0079
vn 0.5686 -0.8213 0.0474
vn 0.8864 0.4629 -0.0000
vn 0.8185 0.5744 -0.0097
vn 0.8221 0.5693 -0.0064
vn 0.8897 0.4566 -0.0000
vn 0.4657 -0.8841 0.0394
vn 0.3794 -0.9249 0.0237
vn 0.8247 0.5656 -0.0000
vn 0.9290 0.3701 -0.0000
vn 0.3304 -0.9438 0.0079
vn 0.9290 0.3701 -0.0001
vn 0.3373 -0.9414 -0.0078
vn 0.8248 0.5655 -0.0015
vn 0.9290 0.3700 0.0001
vn 0.3536 -0.9351 -0.0236
vn 0.8897 0.4566 -0.0002
vn 0.8247 0.5655 -0.0000
vn 0.8896 0.4567 -0.0000
vn 0.9290 0.3701 -0.0078
vn 0.3538 -0.9353 -0.0000
vn 0.3536 -0.9354 -0.0000
vn 0.9317 0.3632 -0.0080
vn 0.2996 -0.9382 0.1735
vn 0.8928 0.4504 -0.0079
vn 0.0947 0.0475 0.9944
vn 0.0947 0.0473 0.9944
vn 0.7915 0.2351 0.5642
vn 0.7141 0.4238 0.5572
vn 0.6761 0.5661 0.4717
vn 0.0947 0.0474 0.9944
vn 0.8344 0.5511 -0.0079
vn 0.8284 0.5601 -0.0000
vn 0.5510 0.8345 0.0079
vn -0.1422 0.9481 0.2844
vn -0.3927 0.9191 0.0315
vn -0.3928 0.9191 0.0314
vn -0.3862 0.9223 0.0158
vn 0.4970 0.8678 -0.0000
vn -0.3862 0.9223 0.0157
vn -0.3863 0.9224 -0.0079
vn 0.4970 0.8677 -0.0079
vn -0.3863 0.9224 -0.0052
vn -0.3862 0.9223 -0.0158
vn -0.3862 0.9222 -0.0199
vn -0.3794 0.9247 -0.0316
vn 0.4968 0.8675 -0.0237
vn -0.3793 0.9246 -0.0364
vn -0.3791 0.9241 -0.0474
vn 0.4968 0.8673 -0.0315
vn -0.3791 0.9241 -0.0493
vn -0.3788 0.9233 -0.0631
vn 0.4966 0.8671 -0.0394
vn -0.3713 0.9244 -0.0869
vn 0.4869 0.8717 -0.0550
vn -0.3708 0.9230 -0.1026
vn 0.4867 0.8713 -0.0628
vn -0.3630 0.9232 -0.1263
vn 0.4861 0.8704 -0.0784
vn -0.3618 0.9202 -0.1494
vn 0.8054 0.5923 -0.0237
vn 0.4795 0.8725 -0.0942
vn -0.3551 0.9154 -0.1894
vn 0.8054 0.5922 -0.0237
vn 0.5037 0.8578 -0.1023
vn -0.3396 0.9082 -0.2448
vn 0.8052 0.5921 -0.0316
vn 0.5509 0.8262 -0.1180
vn -0.3398 0.9086 -0.2429
vn -0.3222 0.8957 -0.3064
vn 0.8078 0.5882 -0.0392
vn 0.5754 0.8040 -0.1498
vn -0.3221 0.8958 -0.3064
vn -0.3137 0.8783 -0.3607
vn 0.8072 0.5877 -0.0548
vn 0.5760 0.7970 -0.1815
vn -0.3137 0.8783 -0.3608
vn -0.2981 0.8630 -0.4080
vn 0.8109 0.5826 -0.0551
vn 0.5832 0.7881 -0.1970
vn -0.2981 0.8630 -0.4079
vn -0.2837 0.8513 -0.4414
vn 0.8212 0.5686 -0.0474
vn 0.5910 0.7802 -0.2049
vn -0.2678 0.8351 -0.4806
vn 0.8374 0.5451 -0.0395
vn 0.6074 0.7653 -0.2130
vn -0.2678 0.8350 -0.4806
vn -0.2444 0.8280 -0.5047
vn 0.8530 0.5213 -0.0237
vn 0.6236 0.7499 -0.2210
vn -0.2518 0.8264 -0.5037
vn -0.2287 0.8124 -0.5363
vn 0.8677 0.4969 -0.0158
vn 0.6297 0.7400 -0.2362
vn -0.2123 0.8020 -0.5583
vn 0.6406 0.7277 -0.2452
vn -0.1967 0.7946 -0.5744
vn 0.8896 0.4567 0.0079
vn 0.6464 0.7173 -0.2602
vn 0.8974 0.4409 0.0158
vn 0.6376 0.7164 -0.2834
vn 0.9049 0.4250 0.0236
vn -0.1810 0.7868 -0.5901
vn -0.1809 0.7868 -0.5901
vn -0.1658 0.7822 -0.6005
vn 0.6202 0.7222 -0.3061
vn 0.9120 0.4089 0.0315
vn -0.1659 0.7822 -0.6005
vn -0.1500 0.7736 -0.6157
vn 0.6158 0.7184 -0.3237
vn 0.9191 0.3928 0.0314
vn -0.1417 0.7637 -0.6298
vn 0.6110 0.7127 -0.3446
vn 0.9247 0.3794 0.0316
vn -0.1417 0.7637 -0.6299
vn -0.1257 0.7471 -0.6527
vn 0.6058 0.7003 -0.3776
vn 0.9287 0.3700 0.0236
vn -0.1258 0.7471 -0.6527
vn -0.1105 0.7184 -0.6868
vn 0.6049 0.6835 -0.4085
vn 0.9289 0.3700 0.0158
vn -0.0944 0.6920 -0.7157
vn 0.5911 0.6699 -0.4492
vn 0.9316 0.3632 0.0158
vn -0.0868 0.6638 -0.7428
vn 0.5753 0.6619 -0.4806
vn -0.0865 0.6682 -0.7389
vn -0.0787 0.6218 -0.7792
vn 0.9326 0.3605 0.0157
vn 0.5901 0.6372 -0.4957
vn -0.0707 0.5497 -0.8324
vn 0.9327 0.3605 0.0078
vn 0.6398 0.5924 -0.4897
vn -0.0712 0.4743 -0.8775
vn 0.9317 0.3632 0.0079
vn 0.6905 0.5492 -0.4708
vn -0.0709 0.4804 -0.8742
vn -0.0709 0.4175 -0.9059
vn 0.9263 0.3768 -0.0001
vn 0.7261 0.5130 -0.4578
vn -0.0631 0.3392 -0.9386
vn 0.9154 0.4025 -0.0000
vn 0.7506 0.4978 -0.4345
vn -0.0706 0.2197 -0.9730
vn 0.8763 0.4816 0.0158
vn 0.7417 0.5366 -0.4024
vn -0.0709 0.0867 -0.9937
vn 0.7704 0.6368 0.0314
vn 0.6921 0.6291 -0.3538
vn -0.0710 0.0868 -0.9937
vn -0.0706 -0.0549 -0.9960
vn -0.0712 -0.0554 -0.9959
vn -0.0710 -0.1499 -0.9862
vn 0.4086 0.9115 0.0472
vn 0.6693 0.6614 -0.3386
vn -0.0707 -0.2121 -0.9747
vn 0.7309 0.5580 -0.3930
vn 0.6990 0.7147 0.0236
vn -0.0708 -0.2123 -0.9746
vn -0.0630 -0.2679 -0.9614
vn 0.7976 0.4265 -0.4265
vn -0.0629 -0.2753 -0.9593
vn -0.0631 -0.3392 -0.9386
vn 0.8344 0.5510 -0.0079
vn 0.8323 0.3376 -0.4397
vn -0.0630 -0.3462 -0.9360
vn -0.0630 -0.4177 -0.9064
vn 0.8284 0.5601 0.0079
vn -0.0632 -0.4177 -0.9064
vn -0.0552 -0.4809 -0.8750
vn 0.8730 0.4876 -0.0079
vn 0.8589 0.2600 -0.4412
vn 0.9082 0.4186 -0.0000
vn 0.9082 0.4185 -0.0000
vn 0.8809 0.1730 -0.4405
vn -0.0552 -0.4809 -0.8751
vn -0.0550 -0.5264 -0.8485
vn 0.9290 0.3700 -0.0079
vn 0.8979 0.0788 -0.4332
vn -0.0551 -0.5355 -0.8427
vn -0.0470 -0.5880 -0.8075
vn 0.9494 0.3139 -0.0078
vn -0.0473 -0.5917 -0.8047
vn -0.0474 -0.6402 -0.7667
vn 0.9052 0.0079 -0.4250
vn -0.0472 -0.6448 -0.7629
vn -0.0472 -0.6617 -0.7483
vn 0.9115 -0.0471 -0.4086
vn 0.9591 0.2830 -0.0079
vn 0.9495 0.3138 -0.0079
vn 0.9658 0.2591 -0.0078
vn 0.9125 0.4091 -0.0000
vn 0.9658 0.2591 -0.0079
vn 0.9064 -0.1025 -0.4099
vn 0.9696 0.2444 -0.0079
vn -0.0473 -0.6617 -0.7482
vn -0.0394 -0.6784 -0.7336
vn 0.9010 -0.1488 -0.4074
vn -0.0395 -0.6784 -0.7336
vn -0.0391 -0.6987 -0.7144
vn 0.9754 0.2203 -0.0079
vn -0.0395 -0.7026 -0.7105
vn -0.0315 -0.7107 -0.7028
vn 0.9060 -0.1733 -0.3861
vn -0.0316 -0.7107 -0.7028
vn -0.0314 -0.7146 -0.6989
vn 0.9004 -0.2133 -0.3791
vn 0.9805 0.1961 -0.0079
vn 0.9754 0.2203 -0.0000
vn 0.9848 0.1733 -0.0079
vn 0.8818 -0.2598 -0.3937
vn -0.0315 -0.7145 -0.6990
vn -0.0235 -0.7147 -0.6990
vn 0.9821 0.1886 -0.0000
vn -0.0236 -0.7147 -0.6991
vn -0.0158 -0.7110 -0.7030
vn 0.8870 -0.2669 -0.3768
vn 0.9861 0.1657 -0.0079
vn -0.0156 -0.6911 -0.7225
vn 0.8841 -0.2842 -0.3710
vn -0.0157 -0.6912 -0.7225
vn -0.0158 -0.6623 -0.7491
vn 0.8715 -0.3140 -0.3768
vn 0.9900 0.1414 -0.0000
vn 0.8673 -0.3233 -0.3785
vn 0.9963 0.0863 -0.0000
vn 0.9920 0.1260 -0.0000
vn 0.9985 0.0551 -0.0000
vn -0.0079 -0.6285 -0.7778
vn 0.8578 -0.3306 -0.3935
vn -0.0078 -0.5975 -0.8018
vn -0.0079 -0.5975 -0.8018
vn 0.8574 -0.3225 -0.4011
vn 0.9995 0.0315 -0.0000
vn -0.0079 -0.5509 -0.8345
vn -0.0079 -0.5510 -0.8344
vn 0.8519 -0.3155 -0.4181
vn 0.9998 0.0158 -0.0079
vn -0.0079 -0.5063 -0.8623
vn -0.0078 -0.5063 -0.8623
vn 0.8511 -0.3074 -0.4256
vn 1.0000 -0.0000 -0.0079
vn -0.0000 -0.4660 -0.8848
vn -0.0000 -0.4661 -0.8847
vn 0.8553 -0.2746 -0.4394
vn 0.9999 -0.0079 -0.0079
vn -0.0000 -0.4156 -0.9096
vn -0.0000 -0.4186 -0.9082
vn 0.8524 -0.2526 -0.4578
vn -0.0000 -0.3632 -0.9317
vn 0.8377 -0.2505 -0.4853
vn -0.0000 -0.3068 -0.9518
vn -0.0000 -0.3139 -0.9495
vn 0.8296 -0.2528 -0.4978
vn 0.0079 -0.2757 -0.9612
vn 0.8337 -0.2438 -0.4955
vn 0.0079 -0.2518 -0.9677
vn 0.0080 -0.2518 -0.9677
vn 0.8425 -0.2441 -0.4803
vn 0.0079 -0.2203 -0.9754
vn 0.8526 -0.2368 -0.4658
vn 0.0078 -0.1961 -0.9806
vn 0.0079 -0.1961 -0.9805
vn 0.8645 -0.2279 -0.4480
vn 0.0078 -0.1885 -0.9820
vn 0.0079 -0.1886 -0.9820
vn 0.8710 -0.2197 -0.4394
vn 0.9900 -0.1414 -0.0001
vn 0.2208 -0.8439 -0.4890
vn 0.2199 -0.9426 -0.2514
vn 0.9862 -0.1657 -0.0000
vn 0.9947 -0.1026 -0.0000
vn 0.9910 -0.1337 -0.0079
vn 0.9835 -0.1810 -0.0001
vn 0.3765 -0.9019 -0.2118
vn 0.9835 -0.1810 -0.0000
vn 0.9848 -0.1733 -0.0079
vn 0.9835 -0.1809 -0.0079
vn 0.6322 -0.7747 -0.0079
vn 0.1887 -0.9749 -0.1179
vn 0.2527 -0.9318 -0.2606
vn 0.2522 -0.9064 -0.3389
vn 0.2591 -0.9658 -0.0078
vn 0.2977 -0.8932 -0.3369
vn 0.2515 -0.9039 -0.3459
vn 0.4816 -0.8290 -0.2842
vn 0.2908 -0.9115 -0.2908
vn 0.2369 -0.9240 -0.3001
vn 0.2050 -0.9618 -0.1813
vn 0.5891 -0.7776 -0.2199
vn 0.2588 -0.9489 -0.1804
vn 0.1807 -0.9815 -0.0628
vn 0.6153 -0.7652 -0.1893
vn 0.9438 -0.3303 0.0078
vn 0.9438 -0.3305 0.0079
vn 0.6139 -0.7792 -0.1259
vn 0.2198 -0.9735 -0.0628
vn 0.1657 -0.9861 -0.0080
vn 0.9438 -0.3304 0.0079
vn 0.1976 -0.9802 -0.0079
vn 0.1580 -0.9874 -0.0079
vn 0.5968 -0.8010 -0.0471
vn 0.5272 -0.8497 -0.0000
vn 0.9463 -0.3233 0.0079
vn 0.5655 -0.8247 -0.0000
vn 0.2518 -0.9678 -0.0000
vn 0.9462 -0.3233 0.0079
vn 0.5122 -0.8589 -0.0000
vn 0.2369 -0.9715 -0.0000
vn 0.4877 -0.8730 -0.0000
vn 0.9834 -0.1810 -0.0079
vn 0.9910 -0.1337 -0.0000
vn 0.9849 -0.1733 -0.0000
vn 0.9969 -0.0785 -0.0000
vn 0.9920 -0.1260 -0.0000
vn 0.9963 -0.0862 -0.0000
vn 0.9848 -0.1734 -0.0000
vn 0.9821 -0.1885 -0.0000
vn 0.9821 -0.1886 -0.0000
vn 0.4722 -0.8815 -0.0000
vn 0.2277 -0.9737 -0.0000
vn 0.4661 -0.8847 -0.0000
vn 0.2203 -0.9754 -0.0079
vn 0.4628 -0.8865 -0.0000
vn 0.2202 -0.9754 -0.0078
vn 0.9463 -0.3233 -0.0000
vn 0.5511 -0.8344 -0.0000
vn 0.1886 -0.9820 -0.0079
vn 0.1491 -0.9888 -0.0078
vn 0.1885 -0.9820 -0.0079
vn 0.1491 -0.9888 -0.0079
vn 0.1494 -0.9888 -0.0000
vn 0.5511 -0.8345 -0.0000
vn 0.1886 -0.9821 -0.0000
vn 0.9463 -0.3234 -0.0000
vn 0.5656 -0.8247 -0.0000
vn 0.9495 -0.3139 -0.0000
vn 0.1887 -0.9749 0.1179
vn 0.1493 -0.9826 0.1101
vn 0.5050 -0.7970 0.3314
vn -0.0158 -0.2202 0.9753
vn 0.1415 -0.9747 0.1729
vn -0.0157 -0.2202 0.9753
vn -0.0156 -0.2277 0.9736
vn 0.7561 -0.4174 0.5041
vn -0.0079 -0.2369 0.9715
vn -0.0078 -0.2369 0.9715
vn 0.7331 -0.4730 0.4887
vn -0.0079 -0.2370 0.9715
vn -0.0079 -0.2445 0.9696
vn 0.3301 -0.9198 0.2122
vn 0.2203 -0.9754 -0.0000
vn -0.0079 -0.2444 0.9696
vn 0.4477 -0.8483 0.2828
vn 0.9820 -0.1886 -0.0000
vn 0.9835 -0.1810 0.0001
vn 0.7809 -0.3786 0.4969
vn -0.0079 -0.2443 0.9697
vn -0.0157 -0.2517 0.9677
vn -0.0158 -0.2369 0.9714
vn 0.7897 -0.3238 0.5212
vn -0.0158 -0.2370 0.9714
vn -0.0158 -0.2052 0.9786
vn 0.8017 -0.2829 0.5265
vn -0.0157 -0.2052 0.9786
vn -0.0157 -0.1491 0.9887
vn 0.9888 -0.1491 0.0079
vn 0.8051 -0.2526 0.5367
vn -0.0158 -0.0870 0.9961
vn 0.9920 -0.1260 0.0079
vn 0.8118 -0.2128 0.5438
vn -0.0156 -0.0550 0.9984
vn 0.9947 -0.1026 0.0079
vn 0.8171 -0.1729 0.5500
vn -0.0157 -0.0550 0.9984
vn 0.9963 -0.0863 -0.0000
vn 0.9962 -0.0863 0.0078
vn 0.8349 -0.0866 0.5435
vn -0.0158 -0.0236 0.9996
vn -0.0157 -0.0315 0.9994
vn -0.0629 0.9979 -0.0157
vn 0.6766 0.5900 0.4406
vn -0.0630 0.9979 0.0157
vn 0.7377 0.6749 0.0157
vn -0.0629 0.9979 0.0157
vn 0.7378 0.6749 0.0157
vn 0.7341 0.6789 0.0158
vn 0.7342 0.6789 0.0079
vn 0.7266 0.6870 0.0079
vn 0.9969 -0.0785 -0.0078
vn 0.7452 0.6668 0.0078
vn -0.0629 0.9977 0.0236
vn -0.0628 0.9735 0.2198
vn 0.7493 0.6468 0.1420
vn -0.0630 0.9206 0.3855
vn 0.9969 -0.0785 -0.0079
vn 0.7570 0.5993 0.2602
vn -0.0631 0.8041 0.5912
vn 0.9969 -0.0784 -0.0079
vn 0.7660 0.5136 0.3866
vn 0.9975 -0.0706 -0.0079
vn 0.7611 0.3688 0.5335
vn -0.0631 0.5681 0.8206
vn 0.9985 -0.0551 -0.0079
vn 0.7383 0.2985 0.6048
vn -0.0631 0.4495 0.8910
vn 0.7306 0.2671 0.6284
vn -0.0632 0.3951 0.9165
vn 0.9985 -0.0550 -0.0001
vn 0.9989 -0.0472 -0.0078
vn 0.7698 0.2042 0.6048
vn -0.0629 0.3297 0.9420
vn -0.0709 -0.1102 0.9914
vn 0.9992 -0.0393 -0.0079
vn 0.9995 -0.0315 -0.0079
vn 0.8013 -0.0393 0.5970
vn -0.0712 -0.4587 0.8857
vn 0.9995 -0.0315 -0.0078
vn 0.8185 -0.2282 0.5273
vn 0.9997 -0.0236 -0.0079
vn 0.9997 -0.0236 -0.0078
vn 0.8185 -0.4328 0.3778
vn -0.0710 -0.7970 0.5998
vn 0.9997 -0.0237 -0.0079
vn 0.7946 -0.5744 0.1967
vn -0.0629 -0.9572 0.2825
vn 0.8247 -0.5655 -0.0078
vn -0.0631 -0.9927 0.1024
vn -0.0629 -0.9979 -0.0156
vn 0.9999 -0.0078 -0.0079
vn 0.7491 -0.6623 -0.0158
vn -0.0629 -0.9979 -0.0157
vn 0.9998 0.0157 -0.0079
vn 0.9992 0.0393 -0.0002
vn 0.9975 0.0707 -0.0000
vn 0.9969 0.0785 -0.0000
vn 0.9999 0.0157 -0.0000
vn 0.9997 -0.0236 -0.0000
vn 0.7417 -0.6706 -0.0158
vn 0.7378 -0.6750 -0.0079
vn 1.0000 0.0079 -0.0000
vn 0.7342 -0.6789 -0.0079
vn 0.9995 -0.0315 -0.0000
vn 0.9995 -0.0315 0.0079
vn 0.6539 -0.5908 0.4727
vn -0.0629 -0.9969 -0.0471
vn 0.9999 0.0079 0.0080
vn -0.0158 0.0157 0.9998
vn -0.0079 0.1104 0.9939
vn -0.0157 -0.0079 0.9998
vn -0.0157 -0.0080 0.9998
vn 0.7912 -0.0235 0.6111
vn -0.0158 0.0165 0.9997
vn 0.7884 0.0158 0.6149
vn 0.7937 0.0629 0.6051
vn 0.9980 0.0629 0.0079
vn 0.9754 0.2202 -0.0000
vn 0.9487 0.3162 -0.0000
vn 0.9658 0.2591 -0.0000
vn 0.9486 0.3163 -0.0000
vn 0.9495 0.3139 -0.0000
vn 0.9715 0.2370 -0.0000
vn 0.9835 0.1810 -0.0000
vn 0.9678 0.2518 -0.0000
vn 0.5768 -0.0711 -0.8138
vn 0.9849 0.1733 -0.0000
vn 0.5334 0.3530 -0.7687
vn 0.9633 0.2684 -0.0000
vn 0.6517 -0.3454 -0.6753
vn 0.6551 -0.4026 -0.6393
vn 0.6789 -0.5920 -0.4342
vn 0.7736 -0.4026 -0.4894
vn 0.6829 -0.1099 -0.7222
vn 0.9612 0.2758 -0.0000
vn 0.6854 -0.6223 -0.3781
vn 0.9591 0.2830 -0.0000
vn 0.8124 -0.5364 -0.2287
vn 0.7011 -0.6853 -0.1969
vn 0.9570 0.2902 -0.0000
vn 0.7022 -0.6942 -0.1578
vn 0.8319 -0.5494 -0.0785
vn 0.7180 -0.6944 -0.0473
vn 0.7188 -0.6951 -0.0158
vn 0.7166 -0.6930 0.0788
vn 0.8403 -0.5419 0.0157
vn 0.7177 -0.6862 0.1183
vn 0.8278 -0.5361 0.1656
vn 0.7132 -0.6270 0.3134
vn 0.7083 -0.6060 0.3620
vn 0.7944 -0.4011 0.4562
vn 0.6715 -0.3871 0.6319
vn 0.9659 0.2591 -0.0000
vn 0.6693 -0.3386 0.6614
vn 0.9771 0.2128 -0.0000
vn 0.9697 0.2445 0.0001
vn 0.5993 -0.0789 0.7966
vn 0.6084 -0.1343 0.7822
vn 0.5333 0.2509 0.8079
vn 0.7007 -0.1338 0.7008
vn 0.5206 0.3076 0.7965
vn 0.6329 0.1028 0.7674
vn 0.5050 0.5128 0.6943
vn 0.9888 0.1491 -0.0000
vn 0.9862 0.1657 -0.0000
vn 0.4948 0.5655 0.6598
vn 0.4803 0.7715 0.4173
vn 0.5901 0.6373 0.4957
vn 0.4739 0.8057 0.3554
vn 0.9874 0.1580 0.0002
vn 0.5959 0.3529 0.7214
vn 0.4710 0.8634 0.1805
vn 0.8658 0.1653 0.4723
vn 0.5813 0.7855 0.2121
vn 0.4714 0.8718 0.1335
vn 0.8019 0.5031 0.3223
vn 0.5909 0.8036 0.0709
vn 0.8247 0.3456 0.4477
vn 0.7964 0.5914 0.1262
vn 0.9779 0.2051 0.0395
vn 0.8495 0.5271 0.0229
vn 0.4717 0.8805 0.0472
vn 0.5885 0.8082 -0.0235
vn 0.4782 0.8779 0.0235
vn 0.4896 0.8684 -0.0790
vn 0.4872 0.8642 -0.1257
vn 0.5265 0.6051 -0.5972
vn 0.5194 0.6532 -0.5509
vn 0.5999 0.4105 -0.6867
vn 0.4965 0.7958 -0.3467
vn 0.4945 0.8164 -0.2983
vn 0.5909 0.6854 -0.4254
vn 0.5829 0.7955 -0.1654
vn 0.7791 0.5509 -0.2991
vn 0.7875 0.6064 -0.1103
vn 0.8497 0.5272 -0.0000
vn 0.8028 0.4014 -0.4408
vn 0.9766 0.2126 -0.0315
vn 0.8522 0.2052 -0.4813
vn 0.6206 0.1493 -0.7698
vn 0.8896 -0.0079 -0.4566
vn 0.9303 -0.1577 -0.3311
vn 0.9647 -0.2214 -0.1423
vn 0.9907 -0.1337 -0.0236
vn 0.9707 -0.2210 0.0947
vn 0.9427 -0.1493 0.2985
vn 0.9005 -0.0158 0.4345
vn -0.7463 -0.0864 0.6600
vn 0.0628 0.0157 0.9979
vn -0.1975 -0.0474 0.9792
vn -0.8105 -0.0629 0.5823
vn -0.7464 -0.0864 0.6599
vn 0.1656 0.0315 0.9857
vn -0.1658 0.4816 0.8606
vn -0.8637 -0.0393 0.5025
vn -0.8757 -0.0395 0.4812
vn 0.0863 0.0157 0.9961
vn -0.8757 -0.0394 0.4813
vn -0.8971 -0.0315 0.4407
vn -0.0948 -0.0000 0.9955
vn -0.8962 -0.0550 0.4402
vn -0.1883 -0.0471 0.9810
vn -0.8962 -0.0550 0.4403
vn -0.8759 -0.1262 0.4656
vn -0.3765 -0.2118 0.9019
vn -0.8759 -0.1263 0.4656
vn -0.8708 -0.2040 0.4472
vn -0.4497 -0.2682 0.8520
vn -0.8611 -0.2765 0.4266
vn -0.5436 -0.4491 0.7091
vn -0.8611 -0.2765 0.4267
vn -0.8476 -0.4159 0.3296
vn -0.6373 -0.5901 0.4957
vn -0.6285 -0.7149 0.3064
vn -0.8090 -0.5419 0.2278
vn -0.6209 -0.7782 0.0943
vn -0.7462 -0.6521 0.1336
vn -0.6623 -0.7491 -0.0158
vn -0.0866 -0.6845 0.7239
vn -0.6620 -0.7488 0.0315
vn -0.6868 -0.7262 -0.0316
vn -0.7463 -0.6521 0.1336
vn -0.0712 -0.8546 0.5144
vn -0.0947 -0.4734 0.8758
vn -0.0869 -0.3079 0.9474
vn -0.0948 -0.4734 0.8758
vn -0.0706 -0.1334 0.9885
vn -0.0870 -0.3079 0.9474
vn -0.0707 -0.1334 0.9885
vn -0.0472 -0.0314 0.9984
vn -0.0080 0.0079 0.9999
vn -0.0079 -0.0000 1.0000
vn -0.0157 0.0156 0.9998
vn -0.0079 0.0001 1.0000
vn -0.0708 0.5109 0.8567
vn -0.9339 -0.0550 0.3532
vn -0.9343 -0.0471 0.3533
vn -0.9369 -0.0472 0.3464
vn -0.0079 0.0079 0.9999
vn -0.9394 -0.0473 0.3395
vn -0.9415 -0.0554 0.3323
vn -0.0471 -0.0628 0.9969
vn -0.9435 -0.1258 0.3066
vn -0.0711 -0.2845 0.9560
vn -0.9441 -0.1810 0.2754
vn -0.0712 -0.2845 0.9560
vn -0.0787 -0.4646 0.8820
vn -0.9428 -0.2278 0.2436
vn -0.9992 -0.0079 -0.0394
vn -0.9995 -0.0078 -0.0314
vn -0.0871 -0.6252 0.7756
vn -0.0787 -0.7792 0.6218
vn -0.9405 -0.2766 0.1976
vn -0.9999 -0.0000 -0.0157
vn -0.0631 -0.8989 0.4336
vn -0.9349 -0.3221 0.1492
vn -0.0631 -0.8989 0.4337
vn -0.0551 -0.9598 0.2753
vn -0.9350 -0.3457 0.0786
vn -0.0550 -0.9598 0.2753
vn -1.0000 -0.0000 0.0001
vn -0.9999 -0.0001 0.0158
vn -0.9999 -0.0000 -0.0158
vn -1.0000 -0.0000 -0.0001
vn -0.9999 -0.0000 0.0157
vn -0.0551 -0.9424 0.3299
vn -0.0550 -0.9424 0.3299
vn -1.0000 -0.0000 0.0079
vn -0.6621 -0.7488 0.0315
vn -0.0393 -0.9913 0.1259
vn -0.6697 -0.7406 -0.0552
vn -1.0000 -0.0000 -0.0000
vn -0.0393 -0.9985 -0.0393
vn -0.0394 -0.9922 0.1181
vn -0.9995 -0.0000 -0.0315
vn -0.9317 -0.3632 0.0079
vn -0.0395 -0.9961 -0.0791
vn -0.0396 -0.9961 -0.0790
vn -0.9317 -0.3632 -0.0000
vn -0.9375 -0.3466 -0.0315
vn -0.0393 -0.9827 -0.1808
vn -0.9381 -0.3390 -0.0710
vn -0.0472 -0.9601 -0.2755
vn -0.9388 -0.3235 -0.1183
vn -0.9989 0.0078 -0.0472
vn -0.0787 -0.9288 -0.3621
vn -0.9997 0.0001 -0.0252
vn -0.0472 -0.9602 -0.2754
vn -0.9989 0.0079 -0.0472
vn -0.0474 -0.9851 -0.1655
vn -0.9974 0.0157 -0.0707
vn -0.0474 -0.9552 -0.2921
vn -0.9959 0.0238 -0.0869
vn -0.9959 0.0237 -0.0869
vn -0.9942 0.0315 -0.1026
vn -0.1185 -0.8849 -0.4504
vn -0.9372 -0.3072 -0.1654
vn -0.9394 -0.2684 -0.2131
vn -0.9942 0.0316 -0.1026
vn -0.1185 -0.8850 -0.4503
vn -0.1419 -0.7881 -0.5990
vn -0.1730 -0.6684 -0.7234
vn -0.9383 -0.2365 -0.2523
vn -0.1265 -0.7509 -0.6482
vn -0.9934 0.0315 -0.1104
vn -0.9934 0.0316 -0.1104
vn -0.9934 0.0315 -0.1103
vn -0.1337 -0.6133 -0.7785
vn -0.1418 -0.4490 -0.8822
vn -0.9361 -0.1573 -0.3146
vn -0.1337 -0.6133 -0.7784
vn -0.1336 -0.4557 -0.8800
vn -0.9383 -0.1419 -0.3154
vn -0.1419 -0.4490 -0.8822
vn -0.1336 -0.4558 -0.8800
vn -0.1258 -0.4717 -0.8727
vn -0.9415 -0.1412 -0.3060
vn -0.0866 -0.6925 -0.7162
vn -0.1257 -0.5265 -0.8408
vn -0.9425 -0.1649 -0.2906
vn -0.0395 -0.7740 -0.6319
vn -0.1260 -0.6139 -0.7792
vn -0.9439 -0.2045 -0.2595
vn -0.0393 -0.8808 -0.4719
vn -0.7787 -0.6214 -0.0865
vn -0.8650 -0.4876 -0.1180
vn -0.7856 -0.6127 -0.0864
vn -0.8322 -0.5418 -0.1176
vn -0.9315 -0.3237 -0.1658
vn -0.9685 -0.1417 -0.2047
vn -0.8018 -0.3458 -0.4874
vn -0.0395 -0.7741 -0.6319
vn -0.0630 -0.6694 -0.7402
vn -0.9704 -0.0473 -0.2367
vn -0.9673 0.0315 -0.2516
vn -0.5825 -0.1259 -0.8030
vn -0.9625 0.0394 -0.2683
vn -0.4894 -0.1421 -0.8604
vn -0.0864 -0.5581 -0.8253
vn -0.9610 0.0236 -0.2757
vn -0.3382 -0.2596 -0.9046
vn -0.9632 -0.0079 -0.2685
vn -0.1973 -0.3709 -0.9075
vn -0.9539 -0.0709 -0.2917
vn -0.1107 -0.5218 -0.8459
vn -0.9539 -0.0710 -0.2917
vn -0.9425 -0.1650 -0.2906
vn -0.0788 -0.5994 -0.7966
vn -0.9273 -0.2358 -0.2907
vn -0.0551 -0.6531 -0.7553
vn -0.1258 -0.5265 -0.8408
vn -0.9273 -0.2358 -0.2908
vn -0.9177 -0.2769 -0.2848
vn -0.1654 -0.7013 -0.6934
vn -0.1259 -0.6140 -0.7792
vn -0.9177 -0.2769 -0.2849
vn -0.9223 -0.2995 -0.2443
vn -0.1183 -0.6781 -0.7254
vn -0.9467 -0.2762 -0.1657
vn -0.2530 -0.6959 -0.6721
vn -0.9223 -0.2995 -0.2444
vn -0.9445 -0.2362 -0.2283
vn -0.9401 -0.2449 -0.2370
vn -0.1099 -0.6910 -0.7145
vn -0.1100 -0.6909 -0.7145
vn -0.1103 -0.6539 -0.7485
vn -0.9366 -0.2439 -0.2517
vn -0.1099 -0.6199 -0.7769
vn -0.9409 -0.2274 -0.2509
vn -0.9300 -0.2995 -0.2128
vn -0.1266 -0.5539 -0.8229
vn -0.9508 -0.1572 -0.2670
vn -0.9301 -0.2995 -0.2128
vn -0.0865 -0.4798 -0.8731
vn -0.0866 -0.4798 -0.8731
vn -0.9680 -0.1338 -0.2125
vn -0.9700 -0.1419 -0.1972
vn -0.0865 -0.4951 -0.8645
vn -0.0789 -0.5047 -0.8597
vn -0.0709 -0.5201 -0.8511
vn -0.9467 -0.2761 -0.1658
vn -0.0869 -0.5137 -0.8535
vn -0.9520 -0.2911 -0.0945
vn -0.9520 -0.2911 -0.0944
vn -0.2995 -0.6465 -0.7017
vn -0.2678 -0.6067 -0.7485
vn -0.3157 -0.5604 -0.7657
vn -0.1026 -0.5129 -0.8523
vn -0.3627 -0.4573 -0.8120
vn -0.8030 -0.5747 -0.1574
vn -0.3846 -0.4160 -0.8240
vn -0.7400 -0.6455 -0.1890
vn -0.7400 -0.6455 -0.1889
vn -0.8030 -0.5747 -0.1575
vn -0.5285 -0.7100 -0.4654
vn -0.3539 -0.6292 -0.6920
vn -0.8889 -0.4405 -0.1259
vn -0.9520 -0.2912 -0.0944
vn -0.5118 -0.8110 -0.2834
vn -0.4661 -0.8454 -0.2607
vn -0.4574 -0.7807 -0.4258
vn -0.3692 -0.8562 -0.3613
vn -0.3535 -0.7069 -0.6126
vn -0.7810 -0.5601 -0.2761
vn -0.8109 -0.5511 -0.1968
vn -0.8470 -0.4941 -0.1961
vn -0.8085 -0.5731 -0.1335
vn -0.3470 -0.8832 -0.3155
vn -0.6284 -0.6520 -0.4242
vn -0.1336 -0.5110 -0.8491
vn -0.2913 -0.8031 -0.5197
vn -0.0868 -0.4892 -0.8678
vn -0.0786 -0.4954 -0.8651
vn -0.0946 -0.4888 -0.8672
vn -0.1337 -0.5110 -0.8491
vn -0.9734 -0.1805 -0.1413
vn -0.9708 -0.1657 -0.1735
vn -0.9695 -0.1734 -0.1734
vn -0.0630 -0.4807 -0.8746
vn -0.9667 -0.1729 -0.1886
vn -0.0789 -0.5048 -0.8596
vn -0.9783 -0.1341 -0.1578
vn -0.9823 -0.1022 -0.1572
vn -0.0709 -0.5202 -0.8511
vn -0.0000 0.1182 0.9930
vn -0.0000 0.1337 0.9910
vn -0.0000 0.0948 0.9955
vn -0.0000 0.0629 0.9980
vn -0.2598 -0.6297 0.7321
vn -0.0000 0.0551 0.9985
vn -0.0000 -0.0315 0.9995
vn 0.7572 -0.3945 0.5206
vn -0.3536 -0.9351 -0.0235
vn -0.0000 -0.0863 0.9963
vn 0.8326 -0.1728 0.5262
vn 0.9082 -0.4186 -0.0000
vn -0.3605 -0.9326 -0.0157
vn -0.0000 -0.0811 0.9967
vn -0.0000 -0.1657 0.9862
vn -0.3700 -0.9289 -0.0157
vn 0.9806 -0.1961 0.0079
vn 0.8337 -0.1021 0.5427
vn 0.9081 -0.4187 -0.0000
vn 0.9939 -0.1104 0.0079
vn 0.9051 -0.4251 -0.0079
vn -0.3632 -0.9317 -0.0079
vn 0.9955 -0.0948 -0.0000
vn 0.9999 0.0079 0.0079
vn 0.8398 -0.0392 0.5415
vn 0.9997 0.0236 0.0079
vn 0.8221 0.0158 0.5691
vn 0.9930 0.1182 0.0079
vn 0.0001 -0.2444 0.9697
vn -0.0000 -0.2591 0.9658
vn 0.4421 0.8843 0.1500
vn 0.9633 0.2684 0.0079
vn -0.3930 0.9195 0.0078
vn 0.6708 0.2604 -0.6945
vn -0.3929 0.9194 0.0157
vn 0.6708 0.2604 -0.6944
vn 0.9612 0.2758 0.0079
vn -0.0000 -0.2759 0.9612
vn -0.0001 -0.2996 0.9541
vn 0.6067 0.6146 0.5042
vn -0.3771 0.9034 -0.2042
vn 0.7792 -0.2677 -0.5667
vn -0.3863 0.9223 0.0079
vn 0.6012 0.7989 0.0158
vn 0.4503 -0.8927 -0.0158
vn 0.6456 0.7635 0.0157
vn -0.3929 0.9195 0.0078
vn -0.3930 0.9195 0.0079
vn 0.6455 0.7636 0.0158
vn -0.4090 0.9124 0.0157
vn 0.6456 0.7637 0.0079
vn -0.4091 0.9124 0.0157
vn 0.6371 0.7707 0.0078
vn -0.4024 0.9152 0.0237
vn 0.4722 0.8815 0.0079
vn -0.3795 0.9247 0.0317
vn 0.1258 -0.1809 0.9754
vn 0.4875 0.8726 0.0314
vn -0.3691 0.9267 -0.0707
vn 0.4176 0.6225 0.6619
vn -0.1419 0.3785 0.9147
vn -0.2518 0.5744 0.7789
vn 0.8013 0.5970 -0.0393
vn 0.8130 0.5604 -0.1579
vn -0.4004 0.8790 -0.2590
vn 0.9463 0.3233 -0.0000
vn 0.4079 0.7294 0.5491
vn 0.9517 0.3068 -0.0078
vn 0.7555 0.4092 -0.5116
vn -0.4190 0.7431 -0.5218
vn -0.3926 0.4789 -0.7852
vn 0.6604 0.2280 -0.7155
vn -0.3318 0.1895 -0.9241
vn 0.9552 0.2132 -0.2052
vn 0.6595 0.0951 -0.7456
vn -0.1896 -0.2843 -0.9398
vn 0.6524 -0.0708 -0.7546
vn 0.5955 -0.3212 -0.7364
vn -0.1580 -0.3871 -0.9084
vn 0.9810 -0.0471 -0.1883
vn 0.5832 -0.4098 -0.7014
vn -0.1660 -0.4661 -0.8690
vn 0.9974 0.0707 -0.0157
vn 0.5515 -0.5278 -0.6460
vn -0.2055 -0.6085 -0.7665
vn 0.9681 -0.1732 -0.1810
vn -0.2834 -0.8110 -0.5118
vn 0.6468 -0.5916 -0.4812
vn -0.3236 -0.8919 -0.3157
vn 0.9479 -0.2765 -0.1580
vn 0.7147 -0.6362 -0.2906
vn -0.3467 -0.9218 -0.1733
vn 0.8288 -0.5368 -0.1579
vn -0.3632 -0.9316 -0.0158
vn 0.9979 -0.0629 -0.0157
vn 0.9860 -0.1657 -0.0158
vn 0.9079 -0.4185 -0.0237
vn 0.9835 -0.1809 -0.0000
vn 0.9969 -0.0783 -0.0079
vn 0.9992 0.0393 0.0002
vn 0.9899 0.1414 0.0079
vn 0.9989 0.0472 -0.0078
vn 0.9591 0.2831 -0.0000
vn -0.3930 0.9194 0.0157
vn -0.0000 0.9154 0.4025
vn -0.3457 0.8485 0.4007
vn 0.3457 0.8485 0.4006
vn -0.3457 0.8485 0.4006
vn 0.3457 0.8485 0.4007
vn -0.6393 0.6551 0.4026
vn 0.6394 0.6551 0.4024
vn -0.6394 0.6551 0.4024
vn 0.6394 0.6551 0.4025
vn -0.8338 0.3618 0.4169
vn 0.8338 0.3618 0.4169
vn -0.8338 0.3619 0.4169
vn 0.8338 0.3619 0.4169
vn -0.9049 0.0236 0.4249
vn 0.9050 0.0236 0.4249
vn -0.9050 0.0236 0.4249
vn 0.9049 0.0236 0.4249
vn -0.9052 -0.0000 0.4250
vn 0.9052 -0.0000 0.4250
vn -0.8351 -0.3388 0.4333
vn 0.8352 -0.3388 0.4333
vn -0.8352 -0.3388 0.4333
vn -0.6406 -0.6327 0.4350
vn 0.6406 -0.6327 0.4350
vn -0.6407 -0.6327 0.4350
vn 0.6406 -0.6328 0.4350
vn -0.3468 -0.8276 0.4414
vn 0.3468 -0.8276 0.4414
vn -0.0000 -0.8944 0.4472
vn -0.6393 0.6551 0.4025
vn -0.9050 0.0236 0.4247
vn 0.8351 -0.3388 0.4333
vn 0.6407 -0.6327 0.4350
vn -0.6407 -0.6326 0.4351
vn 0.3469 -0.8276 0.4414
vn -0.0000 -0.8945 0.4471
vn 0.3453 -0.9105 -0.2276
vn -0.0394 -0.9147 -0.4022
vn 0.3459 -0.9121 -0.2202
vn -0.0473 -0.9144 -0.4020
vn 0.3871 -0.9006 0.1975
vn -0.3848 -0.9109 -0.1492
vn 0.3871 -0.9006 0.1976
vn 0.0470 -0.8934 0.4467
vn -0.3469 -0.8988 0.2681
vn 0.0393 -0.8937 0.4468
vn -0.3461 -0.8969 0.2754
vn 0.3454 -0.9104 -0.2276
vn 0.3460 -0.9121 -0.2201
vn 0.3870 -0.9006 0.1977
vn 0.0393 -0.8937 0.4469
vn 0.7546 -0.5997 0.2663
vn 0.7643 -0.5752 0.2915
vn 0.8928 -0.4504 0.0079
vn 0.9466 0.1184 0.2998
vn 0.8408 -0.4794 0.2515
vn 0.9251 -0.3795 -0.0079
vn 0.8808 -0.3853 0.2752
vn 0.9715 -0.2369 -0.0079
vn 0.8770 -0.3318 0.3476
vn 0.9929 -0.1182 0.0157
vn 0.5901 -0.4956 0.6373
vn 0.9947 -0.1026 -0.0079
vn 0.4640 -0.8808 -0.0944
vn 0.4489 -0.8901 -0.0787
vn -0.4954 -0.4561 0.7392
vn 0.6452 -0.0316 0.7634
vn -0.1414 -0.0235 0.9897
vn -0.3771 0.2043 0.9034
vn 0.7643 -0.5752 0.2916
vn -0.7422 -0.2449 0.6238
vn -0.5729 0.4158 0.7063
vn -0.5992 -0.6151 0.5125
vn -0.5665 -0.6058 0.5586
vn 0.8408 -0.4795 0.2514
vn -0.8109 -0.4331 0.3936
vn -0.9006 -0.0079 0.4346
vn -0.6135 0.5584 0.5584
vn -0.8058 -0.4187 0.4187
vn -0.9437 0.1415 0.2989
vn -0.9478 -0.2134 0.2370
vn -0.9470 0.2841 0.1500
vn -0.6238 0.6791 0.3869
vn -0.5519 0.8042 0.2207
vn -0.9883 -0.0863 0.1255
vn -0.9545 -0.1815 0.2366
vn -0.5296 -0.5376 0.6561
vn 0.8808 -0.3853 0.2753
vn -0.9910 -0.0629 0.1180
vn -0.5339 -0.4396 0.7223
vn -0.9519 -0.1495 0.2675
vn -0.9466 -0.1184 0.2998
vn -0.4343 -0.4738 0.7661
vn 0.3863 -0.9223 0.0079
vn -0.9191 -0.1572 0.3613
vn 0.0236 -0.9992 0.0315
vn -0.9969 0.0785 -0.0000
vn -0.9962 0.0863 0.0079
vn -0.9962 0.0863 0.0078
vn -0.1972 -0.9788 -0.0553
vn -0.9589 0.2122 -0.1886
vn -0.2517 -0.9365 -0.2441
vn -0.9618 0.2050 -0.1813
vn -0.8578 0.3306 -0.3935
vn -0.1885 -0.8483 -0.4949
vn 0.3378 -0.7463 -0.5735
vn -0.8765 0.3159 -0.3633
vn -0.3063 0.5263 -0.7932
vn 0.4636 -0.8017 -0.3773
vn -0.9604 0.2047 -0.1889
vn 0.4496 0.4338 -0.7808
vn 0.5604 -0.8131 -0.1578
vn -0.8710 0.3060 -0.3844
vn 0.9468 0.0947 -0.3077
vn 0.4490 -0.8901 -0.0787
vn -0.5744 0.4720 -0.6688
vn 0.4171 0.4407 -0.7949
vn 0.9905 -0.0314 -0.1337
vn 0.9929 -0.1182 0.0158
vn 0.9839 -0.1181 -0.1339
vn 0.3216 0.3530 -0.8786
vn 0.9700 -0.1971 -0.1421
vn 0.9437 -0.2989 -0.1417
vn 0.9251 -0.3796 -0.0080
vn 0.2195 0.2587 -0.9407
vn -0.5826 0.4252 -0.6926
vn -0.5822 0.3855 -0.7159
vn 0.3143 0.1100 -0.9429
vn 0.9039 -0.4008 -0.1494
vn 0.8800 -0.4557 -0.1337
vn 0.8928 -0.4503 0.0079
vn 0.9792 0.1974 0.0474
vn 0.4020 -0.0473 -0.9144
vn 0.4160 -0.1099 -0.9027
vn 0.7768 0.5414 -0.3217
vn -0.5423 0.3695 -0.7546
vn -0.4951 0.3535 -0.7936
vn -0.1895 0.5132 -0.8371
vn 0.3390 0.7253 -0.5992
vn -0.4317 0.3296 -0.8397
vn -0.6007 0.5770 -0.5533
vn -0.2119 0.9332 -0.2902
vn -0.6982 0.3844 -0.6040
vn -0.7260 0.3630 -0.5840
vn -0.8883 0.2830 -0.3617
vn -0.8973 0.2834 -0.3386
vn -0.9590 0.2044 -0.1965
vn -0.8051 0.5367 -0.2526
vn -0.4089 0.9120 -0.0315
vn -0.9980 0.0629 -0.0000
vn -0.9654 0.1884 -0.1805
vn -0.9989 0.0472 0.0079
vn -0.8996 0.4341 -0.0474
vn -0.9707 0.0947 -0.2210
vn -0.9776 0.2051 0.0473
vn -0.8587 0.5122 -0.0157
vn -0.8041 0.5912 0.0631
vn -0.9776 0.2050 0.0473
vn -0.8852 -0.3290 -0.3290
vn -0.9548 0.2919 0.0552
vn -0.8169 0.5734 0.0628
vn -0.9832 0.1809 0.0236
vn -0.9859 0.1657 0.0236
vn -0.9153 -0.3314 -0.2288
vn -0.9747 0.2201 0.0393
vn -0.9882 0.1502 0.0316
vn -0.9378 -0.3468 -0.0157
vn -0.9379 -0.3468 0.0078
vn -0.9919 0.1181 0.0472
vn -0.9263 -0.3768 -0.0000
vn -0.9700 0.2366 0.0552
vn -0.9365 0.3463 0.0551
vn -0.8394 0.5414 0.0471
vn -0.9718 0.2291 0.0553
vn -0.9580 0.2828 0.0471
vn -0.8674 0.4966 0.0315
vn -0.9936 0.1024 0.0473
vn -0.9824 0.1808 0.0472
vn -0.9967 0.0707 0.0392
vn -0.9195 -0.3929 -0.0079
vn -0.9985 0.0392 0.0393
vn -0.9091 -0.4154 -0.0313
vn -0.9881 0.1490 0.0392
vn -0.9995 0.0079 0.0315
vn -0.8993 -0.4339 -0.0552
vn -0.9818 0.1885 0.0236
vn -0.8974 0.4409 0.0157
vn -0.9957 0.0869 0.0316
vn -0.9992 -0.0315 0.0236
vn -0.8619 -0.4981 -0.0949
vn -0.9992 0.0315 0.0236
vn -0.9980 -0.0551 0.0315
vn -0.8423 -0.5276 -0.1102
vn -0.9620 -0.1971 0.1892
vn -0.9997 -0.0000 0.0236
vn -0.9605 -0.1968 0.1968
vn -0.9119 -0.3302 0.2437
vn -0.9975 0.0707 0.0078
vn -0.9996 -0.0236 0.0157
vn -0.8964 -0.3932 0.2045
vn -0.9154 0.4025 -0.0000
vn -0.9994 -0.0315 0.0157
vn -0.8721 -0.4635 0.1571
vn -0.9995 -0.0315 0.0079
vn -0.8280 -0.5599 0.0315
vn -0.9984 -0.0550 -0.0158
vn -0.9985 -0.0550 -0.0078
vn -0.7028 -0.7107 -0.0316
vn -0.6747 -0.7374 -0.0314
vn -0.9950 -0.0947 -0.0316
vn -0.9223 0.3863 -0.0079
vn -0.9968 -0.0786 -0.0157
vn -0.9950 -0.0948 -0.0316
vn -0.9344 0.3455 0.0864
vn -0.9942 -0.1026 -0.0316
vn -0.9207 0.2912 0.2597
vn -0.9936 -0.1104 -0.0237
vn -0.8803 0.2122 0.4244
vn -0.6063 -0.7951 0.0158
vn -0.9936 -0.1104 -0.0236
vn -0.9033 -0.2434 0.3534
vn -0.8879 -0.4600 -0.0000
vn -0.9213 -0.3860 -0.0472
vn -0.9188 -0.3927 -0.0393
vn -0.8944 -0.4471 -0.0078
vn -0.8944 -0.4472 -0.0078
vn -0.8975 -0.4408 -0.0158
vn -0.9006 -0.4346 -0.0079
vn -0.9006 -0.4346 -0.0078
vn -0.9082 -0.4185 -0.0079
vn -0.9195 -0.3930 -0.0078
vn -0.9195 -0.3930 -0.0079
vn -0.9290 -0.3700 -0.0078
vn -0.9290 -0.3700 -0.0079
vn -0.9379 -0.3468 -0.0002
vn -0.9379 -0.3468 -0.0000
vn -0.9463 -0.3234 -0.0000
vn -0.9463 -0.3233 -0.0000
vn -0.0000 0.3304 -0.9438
vn -0.0000 0.3303 -0.9439
vn -0.0000 0.3304 -0.9439
vn 0.0158 0.6150 -0.7884
vn -0.0001 0.3304 -0.9438
vn 0.0158 0.7188 -0.6950
vn 0.0628 0.9977 -0.0236
vn 0.0707 0.9975 -0.0000
vn 0.1103 0.9848 0.1339
vn 0.7014 0.7015 0.1261
vn 0.1648 0.9650 0.2040
vn 0.1497 0.9689 0.1969
vn 0.7015 0.7015 0.1261
vn 0.7208 0.6817 0.1254
vn 0.7361 0.6649 0.1266
vn 0.7814 0.6076 0.1421
vn 0.8809 0.4405 0.1730
vn 0.8631 0.3687 0.3452
vn 0.8568 0.4087 0.3144
vn 0.8491 0.3695 0.3774
vn 0.8097 0.4560 0.3695
vn 0.7036 0.6324 0.3241
vn 0.7374 0.5805 0.3452
vn 0.7456 0.5651 0.3532
vn 0.7860 0.4638 0.4087
vn 0.7950 0.4250 0.4329
vn 0.7968 0.3945 0.4576
vn 0.7891 0.4183 0.4498
vn 0.7536 0.5024 0.4239
vn 0.7567 0.5439 0.3626
vn 0.7568 0.5439 0.3626
vn -0.7181 -0.5839 -0.3787
vn -0.7013 -0.6697 -0.2443
vn -0.7161 -0.6060 -0.3463
vn -0.6472 -0.2053 -0.7341
vn -0.6508 -0.2117 -0.7292
vn -0.5910 0.2049 -0.7802
vn -0.5807 0.0942 -0.8086
vn -0.4884 -0.5594 0.6697
vn -0.6309 0.2286 -0.7414
vn -0.7026 0.2133 -0.6789
vn -0.5761 -0.6234 0.5287
vn -0.7317 0.2202 -0.6451
vn -0.7400 0.2361 -0.6298
vn -0.5279 -0.6776 0.5121
vn -0.7017 0.3312 -0.6308
vn -0.7321 0.2598 -0.6297
vn -0.5511 -0.7085 0.4408
vn -0.7324 0.3386 -0.5907
vn -0.7254 0.3390 -0.5991
vn -0.7689 0.3138 -0.5570
vn -0.8034 0.2757 -0.5278
vn -0.4713 -0.7776 0.4162
vn -0.8110 0.2835 -0.5118
vn -0.8144 0.2688 -0.5143
vn -0.4576 -0.7968 0.3945
vn -0.8007 0.3139 -0.5103
vn -0.8092 0.2907 -0.5106
vn -0.7970 0.3315 -0.5050
vn -0.7854 0.3614 -0.5026
vn -0.2981 -0.8630 0.4080
vn -0.7657 0.4263 -0.4817
vn -0.7785 0.3854 -0.4954
vn -0.0550 -0.8962 0.4402
vn -0.7445 0.4989 -0.4436
vn -0.7548 0.4638 -0.4638
vn -0.7109 0.5923 -0.3791
vn -0.7258 0.5521 -0.4103
vn -0.1177 -0.9421 0.3140
vn -0.6865 0.6472 -0.3314
vn -0.6785 0.6707 -0.2998
vn -0.6616 0.7167 -0.2205
vn -0.1657 -0.9629 0.2131
vn -0.6629 0.7103 -0.2368
vn -0.6415 0.7522 -0.1505
vn -0.0632 -0.9878 0.1423
vn -0.6446 0.7465 -0.1650
vn -0.2433 -0.9654 0.0942
vn -0.6155 0.7814 -0.1026
vn -0.6204 0.7776 -0.1021
vn -0.5913 0.8040 -0.0631
vn -0.5959 0.7999 -0.0706
vn -0.5178 -0.8552 0.0235
vn -0.5689 0.8215 -0.0395
vn -0.5688 0.8215 -0.0395
vn -0.5510 0.8342 -0.0236
vn -0.5453 0.8379 -0.0237
vn -0.5273 0.8496 -0.0158
vn -0.5213 0.8532 -0.0158
vn -0.4817 0.8763 -0.0079
vn -0.4628 0.8864 -0.0079
vn -0.4315 0.9021 -0.0078
vn -0.4646 0.8741 0.1418
vn -0.4400 0.8958 0.0628
vn -0.4015 -0.0708 0.9131
vn -0.3943 -0.0868 0.9149
vn -0.3793 -0.1264 0.9166
vn -0.1974 -0.0474 0.9792
vn -0.3864 -0.1182 0.9147
vn -0.2591 -0.0157 0.9657
vn -0.3873 -0.0949 0.9171
vn -0.2590 -0.0235 0.9656
vn -0.3874 -0.0949 0.9170
vn -0.4012 -0.0787 0.9126
vn -0.5294 -0.1343 0.8377
vn -0.5203 -0.1340 0.8434
vn -0.6046 -0.1728 0.7775
vn -0.5800 -0.1567 0.7994
vn -0.7414 -0.2287 0.6309
vn -0.6881 -0.2056 0.6959
vn -0.8172 -0.2672 0.5107
vn -0.8430 -0.2836 0.4570
vn -0.8976 -0.2913 0.3307
vn -0.9059 -0.2915 0.3072
vn -0.9315 -0.2763 0.2368
vn -0.9314 -0.2763 0.2368
vn -0.9361 -0.2675 0.2282
vn -0.9362 -0.2675 0.2281
vn -0.3316 -0.4501 -0.8291
vn -0.3138 -0.3607 -0.8783
vn -0.2986 -0.3299 -0.8955
vn -0.2443 0.0158 -0.9696
vn -0.2826 0.3454 -0.8949
vn -0.2846 0.3478 -0.8933
vn -0.3222 0.4637 -0.8253
vn -0.3461 0.5113 -0.7866
vn -0.3705 0.5598 -0.7412
vn -0.4102 0.5916 -0.6941
vn -0.4082 0.5967 -0.6909
vn -0.4705 0.5959 -0.6508
vn -0.5287 0.5760 -0.6234
vn -0.5287 0.5761 -0.6234
vn -0.5745 0.5587 -0.5981
vn -0.5745 0.5588 -0.5981
vn -0.6161 0.5450 -0.5687
vn -0.6533 0.5431 -0.5274
vn -0.6534 0.5431 -0.5274
vn -0.6905 0.5492 -0.4708
vn -0.6619 0.6225 -0.4176
vn -0.6563 0.6326 -0.4112
vn -0.5377 0.7750 -0.3321
vn -0.4719 0.8495 -0.2359
vn -0.4719 0.8495 -0.2360
vn -0.4883 0.8584 -0.1575
vn -0.5037 0.8578 -0.1024
vn -0.5039 0.8576 -0.1026
vn -0.5144 0.8546 -0.0713
vn -0.5268 0.8491 -0.0393
vn -0.5418 0.8402 -0.0235
vn -0.5601 0.8283 -0.0158
vn -0.5601 0.8283 -0.0157
vn -0.6150 0.7885 -0.0079
vn -0.7491 0.6624 0.0079
vn -0.7563 0.6540 0.0158
vn -0.9799 0.1660 0.1107
vn -0.9481 -0.2608 0.1817
vn -0.9006 -0.3872 0.1975
vn -0.8777 -0.3796 0.2925
vn -0.7290 -0.3371 0.5957
vn -0.5113 -0.1731 0.8418
vn -0.5365 -0.1972 0.8205
vn -0.3464 -0.0472 0.9369
vn -0.3463 -0.0551 0.9365
vn -0.2902 -0.0157 0.9568
vn -0.2830 -0.0079 0.9591
vn -0.2924 -0.0158 0.9562
vn -0.3628 -0.0473 0.9307
vn -0.3561 -0.0396 0.9336
vn -0.4392 -0.0863 0.8942
vn -0.4393 -0.0863 0.8942
vn -0.4581 -0.0869 0.8846
vn -0.4114 -0.0553 0.9098
vn -0.4019 -0.0551 0.9140
vn -0.3629 -0.0395 0.9310
vn -0.3534 -0.0393 0.9346
vn -0.3465 -0.0394 0.9372
vn -0.3466 -0.0394 0.9372
vn 0.1578 -0.5127 -0.8440
vn -0.0000 -0.5063 -0.8623
vn 0.1577 -0.5127 -0.8440
vn -0.0710 -0.5051 -0.8602
vn -0.0710 -0.5050 -0.8602
vn -0.9939 -0.0000 0.1104
vn -0.9939 0.0001 0.1104
vn -0.9939 -0.0000 0.1105
vn -0.9939 -0.0000 0.1103
vn -0.7320 0.5195 -0.4409
vn -0.6693 0.7403 -0.0630
vn -0.6379 0.7402 0.2126
vn -0.6125 0.5183 0.5968
vn -0.9939 -0.0001 0.1105
vn -0.5678 0.1341 0.8122
vn -0.5672 -0.1418 0.8113
vn -0.6125 -0.5183 0.5969
vn -0.6378 -0.7403 0.2126
vn -0.6694 -0.7403 -0.0630
vn -0.7283 -0.5226 -0.4433
vn -0.7381 -0.1413 -0.6597
vn -0.7389 0.1337 -0.6604
vn -0.7320 0.5192 -0.4411
vn -0.9939 -0.0001 0.1104
vn 0.0235 0.9019 0.4314
vn 0.0235 0.9019 0.4313
vn -0.0000 0.9007 0.4345
vn 0.0079 0.9006 0.4345
vn -0.0079 0.8975 0.4409
vn -0.7320 0.5195 -0.4408
vn -0.7390 0.1337 -0.6604
vn -0.7382 -0.1413 -0.6597
vn -0.6693 -0.7403 -0.0630
vn -0.6379 -0.7402 0.2126
vn -0.5671 -0.1418 0.8113
vn -0.5677 0.1341 0.8122
vn -0.6378 0.7403 0.2126
vn -0.6694 0.7402 -0.0630
vn 0.9182 0.3924 -0.0549
vn 0.9182 0.3923 -0.0549
vn 0.9181 0.3924 -0.0549
vn -0.1657 -0.9073 -0.3865
vn -0.3467 -0.3388 -0.8747
vn -0.1336 -0.8800 -0.4559
vn -0.4004 -0.3062 -0.8637
vn -0.3693 -0.1807 -0.9116
vn -0.2286 -0.9066 -0.3548
vn -0.3697 -0.2124 -0.9045
vn -0.7506 -0.4978 -0.4346
vn -0.7506 -0.4978 -0.4345
vn -0.4641 -0.8339 -0.2989
vn -0.3771 -0.1650 -0.9114
vn -0.5417 -0.0314 0.8400
vn -0.5493 -0.8083 0.2119
vn -0.5362 -0.0237 0.8438
vn -0.3626 -0.7331 0.5754
vn -0.5362 -0.0237 0.8437
vn -0.5270 -0.0236 0.8496
vn -0.7505 -0.4976 -0.4349
vn -0.9848 -0.1733 -0.0079
vn -0.5270 -0.0236 0.8495
vn -0.5175 -0.0392 0.8548
vn -0.9848 -0.1734 -0.0079
vn -0.9819 -0.1886 -0.0156
vn -0.5116 -0.0472 0.8579
vn -0.5048 -0.0789 0.8596
vn -0.9820 -0.1885 -0.0158
vn -0.9689 -0.2442 -0.0393
vn -0.5044 -0.0867 0.8591
vn -0.5032 -0.1100 0.8571
vn -0.9489 -0.3058 -0.0783
vn -0.9689 -0.2442 -0.0395
vn -0.3771 -0.1650 -0.9113
vn -0.3782 -0.1891 -0.9062
vn -0.3783 -0.1891 -0.9061
vn -0.9489 -0.3058 -0.0785
vn -0.3704 -0.2049 -0.9060
vn -0.3703 -0.2049 -0.9060
vn -0.9268 -0.3613 -0.1020
vn -0.9268 -0.3613 -0.1021
vn -0.3302 -0.2122 -0.9197
vn -0.3371 -0.2117 -0.9174
vn -0.5032 -0.1101 0.8571
vn -0.4964 -0.1261 0.8589
vn -0.9142 -0.3940 -0.0946
vn -0.4904 -0.1266 0.8622
vn -0.4811 -0.1262 0.8675
vn -0.9142 -0.3941 -0.0946
vn -0.9097 -0.4078 -0.0783
vn -0.4806 -0.1339 0.8666
vn -0.4499 -0.1263 0.8841
vn -0.2978 -0.2038 -0.9326
vn -0.3000 -0.2053 -0.9316
vn -0.4468 -0.1254 0.8858
vn -0.4004 -0.1021 0.9106
vn -0.2915 -0.1891 -0.9377
vn -0.2916 -0.1891 -0.9377
vn -0.9097 -0.4078 -0.0785
vn -0.3077 -0.1972 -0.9308
vn -0.3076 -0.1972 -0.9309
vn -0.9029 -0.4240 -0.0708
vn -0.9029 -0.4240 -0.0707
vn -0.8953 -0.4398 -0.0706
vn -0.8953 -0.4398 -0.0708
vn -0.3301 -0.2122 -0.9198
vn -0.3459 -0.2202 -0.9121
vn -0.8840 -0.4578 -0.0948
vn -0.3460 -0.2201 -0.9120
vn -0.2119 -0.4866 -0.8475
vn -0.0157 -0.8403 -0.5419
vn -0.8725 -0.4795 -0.0943
vn -0.8840 -0.4578 -0.0947
vn -0.0552 -0.7804 -0.6228
vn 0.0707 -0.9974 -0.0157
vn -0.8541 -0.5141 -0.0791
vn 0.0628 -0.9499 -0.3062
vn -0.8271 -0.5593 -0.0552
vn 0.0550 -0.9985 -0.0079
vn -0.7413 -0.6704 -0.0315
vn 0.0629 -0.9980 -0.0079
vn 0.0472 -0.9988 0.0157
vn -0.6062 -0.7952 -0.0158
vn 0.0472 -0.9989 0.0079
vn 0.0550 -0.9982 0.0236
vn -0.5455 -0.8381 0.0079
vn 0.0706 -0.9967 0.0392
vn -0.5655 -0.8247 0.0078
vn 0.0627 -0.9973 0.0392
vn 0.0868 -0.9942 0.0631
vn -0.5974 -0.8018 0.0157
vn 0.0945 -0.9924 0.0787
vn -0.6369 -0.7706 0.0236
vn -0.6703 -0.7414 0.0315
vn -0.5451 0.8374 -0.0395
vn 0.0943 -0.9911 0.0944
vn 0.0944 -0.9911 0.0944
vn 0.0787 -0.9908 0.1101
vn 0.0628 -0.9901 0.1257
vn 0.0629 -0.9901 0.1257
vn 0.0395 -0.9867 0.1579
vn -0.7067 -0.7068 0.0314
vn 0.0157 -0.9819 0.1885
vn -0.0079 -0.9696 0.2444
vn -0.7672 -0.6407 0.0316
vn -0.6704 -0.7413 0.0315
vn -0.8179 -0.5741 0.0393
vn -0.7672 -0.6406 0.0317
vn -0.0314 -0.9586 0.2829
vn -0.0316 -0.9558 0.2923
vn -0.0709 -0.9381 0.3390
vn -0.1022 -0.9203 0.3776
vn -0.1100 -0.9196 0.3772
vn -0.1257 -0.9110 0.3927
vn -0.8238 -0.5649 0.0472
vn -0.1736 -0.8840 0.4341
vn -0.1412 -0.9021 0.4079
vn -0.1730 -0.8809 0.4405
vn -0.1811 -0.8582 0.4803
vn -0.1661 -0.8463 0.5062
vn -0.8526 -0.5211 0.0395
vn -0.1499 -0.8358 0.5282
vn -0.1498 -0.8358 0.5283
vn -0.1340 -0.8122 0.5678
vn -0.9050 -0.4250 -0.0156
vn -0.8238 -0.5649 0.0471
vn -0.8527 -0.5210 0.0395
vn -0.1342 -0.8122 0.5678
vn -0.1491 -0.8004 0.5807
vn -0.9445 -0.3148 -0.0944
vn -0.9051 -0.4249 -0.0158
vn -0.1580 -0.7900 0.5924
vn -0.1649 -0.7853 0.5968
vn -0.1976 -0.7746 0.6007
vn -0.9586 -0.2514 -0.1335
vn -0.2354 -0.7612 0.6043
vn -0.2368 -0.7579 0.6079
vn -0.9615 -0.2443 -0.1260
vn -0.9445 -0.3148 -0.0945
vn -0.9586 -0.2514 -0.1336
vn -0.9594 -0.2595 -0.1101
vn -0.9615 -0.2443 -0.1261
vn -0.3138 -0.6983 0.6434
vn -0.2976 -0.7204 0.6264
vn -0.3377 -0.6126 0.7147
vn -0.9597 -0.2675 -0.0865
vn -0.3377 -0.6125 0.7147
vn -0.3152 -0.5044 0.8039
vn -0.3153 -0.5044 0.8038
vn -0.9672 -0.2359 -0.0943
vn -0.9594 -0.2595 -0.1102
vn -0.9597 -0.2675 -0.0866
vn -0.2673 -0.3538 0.8963
vn -0.9740 -0.1885 -0.1257
vn -0.2281 -0.1651 0.9595
vn -0.2214 -0.1423 0.9647
vn -0.9785 -0.1499 -0.1420
vn -0.1973 0.0631 0.9783
vn -0.1970 0.0788 0.9772
vn -0.9864 -0.0947 -0.1340
vn -0.1883 0.2197 0.9572
vn -0.1896 0.3081 0.9323
vn -0.9905 -0.0707 -0.1179
vn -0.9864 -0.0947 -0.1341
vn -0.9905 -0.0708 -0.1179
vn -0.9902 -0.0864 -0.1100
vn -0.9902 -0.0865 -0.1100
vn -0.3162 -0.0158 -0.9486
vn -0.9784 -0.1500 -0.1420
vn -0.3773 0.1100 -0.9195
vn -0.4338 0.2130 -0.8755
vn -0.9672 -0.2359 -0.0944
vn -0.4575 0.3234 -0.8283
vn -0.4589 0.3718 -0.8070
vn -0.3774 0.1100 -0.9195
vn -0.9279 -0.1730 -0.3304
vn -0.8812 0.0236 -0.4722
vn -0.9273 -0.2908 -0.2357
vn -0.5518 0.4966 -0.6700
vn -0.4635 0.5342 -0.7069
vn -0.9407 -0.2587 -0.2195
vn -0.3547 0.5597 -0.7489
vn -0.4573 0.5361 -0.7096
vn -0.3373 0.5648 -0.7531
vn -0.5572 0.4944 -0.6671
vn -0.2751 0.4795 -0.8333
vn -0.6174 0.4670 -0.6331
vn -0.6070 0.4730 -0.6386
vn -0.8391 0.2274 -0.4941
vn -0.6706 0.4576 -0.5839
vn -0.6632 0.4579 -0.5921
vn -0.6834 0.4712 -0.5576
vn -0.9127 0.1101 -0.3934
vn -0.6833 0.4712 -0.5577
vn -0.6772 0.4961 -0.5434
vn -0.6706 0.5285 -0.5206
vn -0.6678 0.5341 -0.5185
vn -0.6544 0.5834 -0.4810
vn -0.6545 0.5834 -0.4810
vn -0.6384 0.6464 -0.4178
vn -0.6373 0.6530 -0.4091
vn -0.6138 0.7240 -0.3148
vn -0.6153 0.7258 -0.3077
vn -0.5971 0.7777 -0.1964
vn -0.5971 0.7778 -0.1964
vn -0.5825 0.8030 -0.1260
vn -0.5826 0.8029 -0.1260
vn -0.5667 0.8185 -0.0945
vn -0.5662 0.8179 -0.1022
vn -0.5590 0.8268 -0.0630
vn -0.5536 0.8304 -0.0632
vn -0.5454 0.8379 -0.0237
vn -0.5454 0.8378 -0.0237
vn -0.5419 0.8403 -0.0156
vn -0.5419 0.8403 -0.0157
vn -0.5420 0.8404 -0.0000
vn -0.6062 -0.7951 -0.0159
vn -0.7413 -0.6704 -0.0316
vn -0.5568 0.8234 0.1099
vn -0.5451 0.8374 0.0395
vn -0.5685 0.7342 0.3711
vn -0.5683 0.7262 0.3868
vn -0.5370 0.5212 0.6633
vn -0.5356 0.5042 0.6774
vn -0.4558 0.2122 0.8644
vn -0.8725 -0.4795 -0.0942
vn -0.4573 0.2286 0.8594
vn -0.3552 -0.0789 0.9314
vn -0.3796 -0.0079 0.9251
vn -0.3871 -0.1027 0.9163
vn 0.0079 -0.7885 0.6150
vn 0.0158 -0.9486 0.3162
vn 0.0079 -0.7885 0.6149
vn 0.0157 -0.9494 0.3138
vn -0.0000 -0.9997 -0.0236
vn -0.3868 -0.7262 0.5683
vn -0.3938 -0.8744 0.2836
vn -0.0316 -0.9482 -0.3161
vn -0.3938 -0.8738 0.2853
vn -0.9967 -0.0392 0.0706
vn -0.4315 -0.9021 -0.0000
vn -0.9973 -0.0393 0.0628
vn -0.9970 -0.0313 0.0706
vn -0.4314 -0.9021 -0.0000
vn -0.9223 0.2995 -0.2443
vn -0.9165 0.3950 -0.0631
vn -0.9974 -0.0472 0.0550
vn -0.9974 -0.0470 0.0550
vn -0.9094 0.4112 0.0633
vn -0.9977 -0.0393 0.0550
vn -0.9977 -0.0392 0.0550
vn -0.9093 0.4112 0.0633
vn -0.9028 0.4004 0.1570
vn -0.8974 0.2519 0.3621
vn -0.9974 -0.0471 0.0549
vn -0.9969 -0.0470 0.0628
vn -0.4272 -0.8702 -0.2452
vn -0.9969 -0.0471 0.0628
vn -0.4271 -0.8703 -0.2453
vn -0.0315 -0.9458 -0.3232
vn -0.0315 -0.7812 -0.6234
vn -0.4573 -0.7096 -0.5361
vn -0.0317 -0.7672 -0.6406
vn -0.0237 -0.4344 -0.9004
vn -0.0236 -0.4313 -0.9019
vn -0.0157 0.0784 -0.9968
vn -0.4953 -0.4010 -0.7706
vn -0.0157 0.0785 -0.9968
vn -0.4954 -0.4010 -0.7706
vn -0.4811 0.0472 -0.8754
vn -0.4811 0.0474 -0.8754
vn -0.0157 0.9994 0.0315
vn -0.4811 0.0473 -0.8754
vn -0.3063 0.9504 0.0550
vn -0.3063 0.9503 0.0550
vn -0.0000 0.0079 1.0000
vn -0.4091 -0.0079 0.9124
vn -0.0000 -0.4816 0.8764
vn -0.4090 -0.0079 0.9125
vn -0.0000 -0.4876 0.8731
vn 0.0079 -0.7884 0.6151
vn -0.3868 -0.7261 0.5684
vn -0.3923 -0.4394 0.8081
vn -0.3869 -0.7262 0.5683
vn -0.4089 -0.0079 0.9125
vn -0.3924 -0.4394 0.8081
vn -0.9970 -0.0314 0.0707
vn -0.9967 -0.0393 0.0706
vn -0.9970 -0.0314 0.0706
vn -0.9975 -0.0315 0.0629
vn -0.9193 -0.0236 -0.3929
vn -0.9222 0.2996 -0.2445
vn -0.9975 -0.0314 0.0628
vn -0.9188 -0.0393 -0.3927
vn -0.9975 -0.0314 0.0627
vn -0.8724 -0.4873 0.0393
vn -0.9975 -0.0314 0.0629
vn -0.9964 -0.0471 0.0706
vn -0.8717 -0.4869 0.0551
vn -0.9973 -0.0392 0.0628
vn -0.9965 -0.0549 0.0628
vn -0.8619 -0.0948 0.4981
vn -0.8597 -0.0788 0.5048
vn -0.0394 0.8841 -0.4657
vn -0.2052 0.8921 -0.4026
vn -0.1412 0.8709 -0.4707
vn -0.0237 0.8761 -0.4815
vn -0.0312 0.8778 -0.4781
vn -0.1344 0.8699 -0.4745
vn -0.3606 0.8230 -0.4389
vn -0.9968 -0.0157 0.0784
vn -0.9968 -0.0157 0.0786
vn -0.2828 -0.8169 0.5028
vn -0.2846 -0.8142 0.5060
vn -0.0551 -0.8576 0.5114
vn -0.0631 -0.8516 0.5204
vn -0.0629 -0.8481 0.5261
vn -0.0549 -0.8485 0.5263
vn -0.0395 -0.8526 0.5210
vn 0.0079 -0.8643 0.5029
vn -0.5113 -0.4247 -0.7471
vn -0.6675 -0.3455 -0.6596
vn -0.8481 0.5183 -0.1099
vn -0.8481 0.5183 -0.1100
vn -0.1975 0.3871 0.9006
vn -0.4623 0.7994 0.3839
vn -0.7314 -0.6764 -0.0865
vn -0.1895 0.3317 0.9241
vn -0.7315 -0.6764 -0.0865
vn -0.2995 -0.3625 -0.8826
vn 0.0392 -0.9981 -0.0472
vn -0.2769 -0.2848 -0.9177
vn -0.2675 -0.1495 -0.9519
vn -0.2825 -0.2197 -0.9338
vn 0.1732 -0.9838 -0.0472
vn 0.3632 -0.9317 -0.0079
vn -0.9147 -0.3785 -0.1419
vn 0.1884 -0.9654 0.1805
vn -0.9227 -0.3312 -0.1972
vn -0.9291 -0.3308 -0.1654
vn -0.9316 -0.3000 -0.2053
vn -0.9255 -0.3372 -0.1726
vn -0.3695 0.3774 -0.8491
vn -0.4245 0.3145 -0.8490
vn -0.9300 -0.3152 -0.1891
vn -0.9372 -0.3150 -0.1496
vn -0.5658 0.1572 -0.8094
vn -0.6156 0.1026 -0.7813
vn -0.9382 -0.2996 -0.1734
vn -0.6693 -0.1260 -0.7322
vn -0.6631 -0.1816 -0.7262
vn -0.6540 -0.2837 -0.7013
vn -0.6540 -0.2836 -0.7013
vn -0.6540 -0.2838 -0.7013
vn -0.3061 -0.9415 0.1413
vn -0.0000 -0.1491 0.9888
vn -0.0026 0.7189 0.6951
vn -0.0000 -0.4877 0.8730
vn -0.0000 0.8308 0.5566
vn -0.0000 0.9992 -0.0393
vn -0.0001 0.9806 -0.1961
vn -0.0008 0.7378 -0.6750
vn -0.4408 0.8975 0.0157
vn -0.0000 0.8084 -0.5886
vn -0.0000 0.6371 -0.7708
vn -0.9984 0.0552 0.0078
vn -0.3302 0.9434 0.0315
vn -0.0010 0.9995 0.0315
vn -0.9980 0.0630 0.0079
vn -0.4173 0.8031 0.4252
vn -0.0001 0.8897 0.4566
vn -0.9980 0.0630 0.0078
vn -0.9980 0.0629 0.0078
vn -0.9998 0.0157 0.0079
vn -0.9980 0.0628 0.0078
vn -0.4408 0.5195 0.7320
vn -0.0000 0.5835 0.8121
vn -0.9985 0.0550 0.0078
vn -0.4334 0.0709 0.8984
vn -0.0000 0.0707 0.9975
vn -0.0000 -0.4722 0.8815
vn -0.3549 -0.4338 0.8282
vn 0.0004 -0.5835 0.8121
vn -0.9995 0.0315 0.0079
vn -0.3868 -0.5367 0.7499
vn -0.0000 -0.7952 0.6063
vn -0.9992 -0.0394 0.0079
vn -0.3779 -0.7321 0.5668
vn -0.0000 -0.9463 0.3233
vn -0.9989 -0.0473 0.0079
vn -0.3787 -0.8756 0.2998
vn -0.0000 -1.0000 0.0079
vn -0.9989 -0.0471 0.0079
vn -0.4024 -0.9153 0.0158
vn 0.0067 -0.4876 0.8730
vn -0.9984 -0.0552 0.0079
vn -0.4469 -0.8937 0.0392
vn -0.0001 -0.8554 0.5180
vn -0.9991 -0.0394 0.0157
vn -0.0000 -0.8554 0.5180
vn -0.0000 -0.8440 0.5363
vn -0.0000 -0.8441 0.5363
vn -0.9980 -0.0630 0.0079
vn -0.9984 0.0551 0.0078
vn -0.9984 -0.0550 -0.0157
vn -0.9714 -0.2290 -0.0632
vn -0.0000 -0.9405 0.3399
vn -0.0000 -0.9154 0.4025
vn -0.9974 -0.0550 -0.0471
vn -0.9518 -0.2832 -0.1180
vn -0.7494 -0.6153 -0.2445
vn -0.0000 -1.0000 -0.0000
vn -0.0000 -1.0000 0.0002
vn -0.1107 -0.9250 -0.3636
vn -0.3300 -0.8721 -0.3614
vn -0.1421 -0.9078 -0.3947
vn -0.6786 -0.6706 -0.2998
vn -0.3616 -0.8490 -0.3852
vn -0.1730 -0.8887 -0.4247
vn -0.9303 -0.3232 -0.1734
vn -0.6454 -0.6848 -0.3384
vn -0.3871 -0.8294 -0.4029
vn -0.0000 0.6063 -0.7952
vn -0.0000 0.5886 -0.8084
vn -0.0000 0.5887 -0.8084
vn -0.0000 0.5924 -0.8057
vn -0.0001 0.6285 -0.7778
vn 0.9931 -0.0789 0.0867
vn 0.7178 -0.0553 0.6940
vn -0.0786 -0.9969 0.0001
vn -0.0785 -0.9969 -0.0000
vn -0.0786 -0.9969 -0.0079
vn -0.0785 -0.9969 -0.0079
vn 0.9964 -0.0786 -0.0313
vn -0.0785 -0.9969 -0.0078
vn 0.9950 -0.0775 -0.0631
vn 0.6863 -0.0474 -0.7257
vn 0.0785 -0.0000 -0.9969
vn -0.0707 -0.9975 -0.0078
vn -0.1104 0.0156 -0.9938
vn -0.0707 -0.9975 -0.0079
vn -0.7251 0.0631 -0.6857
vn -0.9969 0.0785 -0.0001
vn -0.9964 0.0785 0.0314
vn -0.0784 -0.9969 -0.0000
vn -0.9856 0.0789 0.1498
vn -0.0785 -0.9969 -0.0001
vn -0.6904 0.0472 0.7219
vn -0.0863 -0.0000 0.9963
vn 0.1105 -0.0079 0.9938
vn -0.0785 -0.9969 0.0001
vn 0.7178 -0.0552 0.6941
vn -0.5118 -0.0394 0.8582
vn -0.4012 -0.3225 -0.8573
vn -0.9861 -0.1419 0.0868
vn -0.7653 -0.6153 0.1893
vn -0.3153 -0.7093 0.6305
vn -0.9552 -0.2921 0.0474
vn -0.9457 -0.3153 0.0788
vn -0.9402 -0.3398 0.0237
vn -0.2844 -0.1422 -0.9481
vn -0.9372 -0.3308 0.1103
vn -0.1023 -0.4636 0.8801
vn -0.1344 -0.1897 0.9726
vn -0.9400 -0.3318 0.0790
vn -0.1496 0.0945 0.9842
vn -0.9391 -0.3393 0.0552
vn -0.9224 -0.3863 0.0079
vn -0.2510 0.0784 -0.9648
vn -0.9221 -0.3862 0.0237
vn -0.0868 -0.1420 0.9860
vn -0.0079 -0.3233 0.9463
vn -0.9221 -0.3861 0.0236
vn -0.3224 0.2517 -0.9125
vn -0.9205 -0.3855 0.0630
vn 0.0630 -0.3693 0.9272
vn -0.3627 0.3785 -0.8516
vn -0.9181 -0.3924 0.0550
vn -0.9182 -0.3924 0.0550
vn -0.3472 0.4813 -0.8049
vn -0.9191 -0.3928 0.0315
vn -0.7164 0.5276 0.4566
vn -0.3777 -0.4172 0.8266
vn -0.9984 -0.0550 0.0156
vn -0.3544 -0.7875 0.5041
vn -0.9984 -0.0550 0.0157
vn -0.3785 -0.2208 0.8989
vn -0.2131 -0.9629 0.1657
vn -0.3929 0.0079 0.9195
vn -0.9984 -0.0550 0.0158
vn -0.3936 0.4330 0.8109
vn -0.9540 -0.1735 -0.2445
vn 0.3239 -0.6242 -0.7110
vn -0.9984 -0.0551 0.0157
vn -0.3926 0.4789 0.7852
vn -0.4406 0.7865 0.4327
vn -0.9984 -0.0551 0.0158
vn -0.4424 0.8691 0.2211
vn -0.4409 0.8974 0.0157
vn -0.3541 -0.5823 -0.7318
vn -0.3621 -0.4482 -0.8173
vn -0.4087 0.7860 -0.4638
vn -0.4478 0.7228 -0.5264
vn -0.4027 0.7579 -0.5132
vn -0.4173 0.7715 -0.4802
vn -0.9540 -0.1735 -0.2444
vn -0.2367 0.5206 -0.8204
vn 0.3235 -0.3945 -0.8601
vn -0.9540 -0.1735 -0.2443
vn -0.3774 -0.8491 0.3695
vn -0.3537 -0.8253 0.4402
vn -0.2040 -0.9728 0.1098
vn -0.9421 -0.1807 -0.2826
vn -0.2119 0.5493 -0.8083
vn 0.2989 -0.2517 -0.9205
vn -0.9421 -0.1806 -0.2827
vn 0.2998 -0.6786 -0.6706
vn -0.9421 -0.1805 -0.2826
vn -0.9421 -0.1806 -0.2826
vn -0.4319 0.2591 0.8639
vn -0.4480 -0.7781 0.4402
vn -0.0000 0.0157 0.9999
vn 0.4345 -0.2371 0.8689
vn -0.6305 -0.6778 0.3783
vn -0.7540 0.4320 0.4948
vn -0.2588 -0.8862 0.3843
vn 0.7536 -0.4238 0.5024
vn -0.7708 -0.5978 0.2202
vn -0.1179 -0.9665 0.2279
vn 0.8677 -0.4970 0.0079
vn -0.4970 -0.8677 0.0079
vn -0.0707 -0.9974 0.0157
vn -0.1184 -0.9715 -0.2054
vn 0.7540 -0.4320 -0.4948
vn 0.4320 -0.2592 -0.8638
vn -0.2592 -0.8957 -0.3613
vn -0.0000 -0.0157 -0.9999
vn -0.4484 -0.7865 -0.4247
vn -0.6308 -0.6860 -0.3627
vn -0.4344 0.2371 -0.8689
vn -0.7685 -0.6038 -0.2117
vn -0.7536 0.4239 -0.5024
vn -0.8185 -0.5745 0.0079
vn -0.8677 0.4970 -0.0079
vn -0.7089 0.6143 -0.3465
vn -0.9010 0.4074 -0.1489
vn -0.7103 0.6629 -0.2367
vn -0.6990 0.7147 -0.0235
vn -0.9004 0.3792 -0.2133
vn -0.7071 0.5656 -0.4243
vn -0.8997 0.4340 -0.0473
vn -0.5975 0.8018 0.0079
vn -0.9011 0.4074 -0.1488
vn -0.8988 0.3469 -0.2681
vn -0.7007 0.4804 -0.5275
vn -0.9004 0.3791 -0.2133
vn -0.8979 0.3072 -0.3151
vn -0.9081 0.4186 -0.0000
vn -0.9195 0.3930 -0.0000
vn -0.6538 0.7486 0.1103
vn -0.6062 -0.4173 0.6771
vn -0.9082 0.4185 0.0012
vn -0.9682 -0.2283 0.1023
vn -0.9602 -0.2754 0.0472
vn -0.9699 -0.2129 0.1183
vn -0.5912 -0.7488 0.2995
vn -0.9799 -0.1660 0.1106
vn -0.5269 -0.8417 0.1180
vn -0.5921 -0.7026 0.3947
vn -0.4959 -0.8029 0.3306
vn -0.8980 0.3072 -0.3151
vn -0.5024 -0.7536 0.4239
vn -0.5804 -0.6589 0.4785
vn -0.4955 -0.7079 0.5034
vn -0.9918 -0.0944 0.0866
vn -0.5507 -0.5743 0.6057
vn -0.9978 -0.0472 0.0472
vn -0.9994 0.0157 -0.0315
vn -0.0079 -0.6585 0.7526
vn -0.8953 0.2905 -0.3377
vn 0.0079 -0.6237 0.7816
vn -0.8953 0.2906 -0.3377
vn -0.7409 0.3941 -0.5438
vn -0.9552 -0.2921 -0.0474
vn 0.0234 -0.5884 0.8082
vn 0.0235 -0.5885 0.8082
vn 0.0235 -0.5885 0.8081
vn -1.0000 -0.0079 -0.0000
vn -0.0079 -0.9962 -0.0863
vn -0.0078 -0.9962 -0.0863
vn -1.0000 -0.0067 0.0009
vn -1.0000 -0.0078 -0.0000
vn -0.9326 -0.0157 0.3605
vn -0.0079 -0.1105 0.9938
vn -1.0000 -0.0080 -0.0000
vn -0.2755 -0.9601 -0.0471
vn -0.2828 -0.9584 -0.0393
vn -0.0080 -0.1182 0.9930
vn -0.0079 -0.6585 0.7525
vn -0.1578 -0.9863 -0.0474
vn -0.4959 -0.5981 0.6296
vn -0.2442 -0.9686 -0.0472
vn -1.0000 -0.0091 -0.0018
vn -1.0000 -0.0069 0.0010
vn -1.0000 -0.0077 0.0003
vn -0.7079 -0.0944 0.7000
vn -0.4791 -0.8718 0.1021
vn -0.0079 -0.1182 0.9930
vn -0.7830 -0.0791 0.6169
vn -0.1885 -0.9816 0.0314
vn 0.0078 -0.9998 -0.0158
vn -0.5029 -0.8643 -0.0078
vn -0.7341 -0.6788 -0.0158
vn 0.0079 -0.9998 -0.0157
vn -0.8018 -0.5974 -0.0157
vn 0.0078 -0.9998 -0.0157
vn -0.9919 -0.0158 0.1259
vn -0.9887 -0.0157 0.1491
vn -0.9873 -0.0158 0.1580
vn -0.0079 -0.1104 0.9939
vn -0.9802 -0.0158 0.1976
vn -0.9861 -0.0158 0.1656
vn -0.9834 -0.0157 -0.1810
vn -0.9861 -0.0158 0.1657
vn -0.9677 -0.0156 0.2517
vn -0.9517 -0.0157 0.3067
vn -0.0236 0.8017 -0.5973
vn -0.0079 1.0000 -0.0000
vn -0.0236 0.8016 -0.5973
vn -0.7640 -0.5906 -0.2599
vn -0.6831 -0.6989 -0.2120
vn -0.7639 -0.5907 -0.2599
vn -0.5285 -0.6705 0.5207
vn -0.7639 -0.5907 -0.2598
vn -0.7639 -0.5906 -0.2599
vn -0.5722 -0.4311 0.6976
vn -0.0078 1.0000 -0.0000
vn -0.0079 0.9405 -0.3398
vn -1.0000 -0.0077 -0.0000
vn -0.0000 0.7708 -0.6371
vn -0.9611 -0.0158 -0.2757
vn -0.9589 -0.0236 -0.2828
vn -0.9770 -0.0159 -0.2127
vn -0.9589 -0.0236 -0.2829
vn -0.0000 0.5122 -0.8589
vn -0.9567 -0.0235 -0.2901
vn -0.9402 -0.0237 -0.3397
vn -0.9377 -0.0237 -0.3467
vn 0.0079 -0.9998 -0.0158
vn -0.9377 -0.0236 -0.3467
vn -0.0000 0.5122 -0.8588
vn 0.0236 -0.8402 -0.5418
vn 0.0235 -0.8402 -0.5418
vn 0.0237 -0.4815 -0.8761
vn 0.0158 -0.0079 -0.9998
vn 0.0237 -0.4814 -0.8762
vn 0.0158 -0.0078 -0.9998
vn -0.7704 0.0314 -0.6368
vn -0.7023 0.3708 -0.6076
vn -0.7125 -0.2850 -0.6412
vn -0.9997 0.0236 -0.0079
vn -0.9985 0.0550 -0.0079
vn -0.9994 0.0315 -0.0157
vn -0.9955 0.0948 -0.0000
vn -0.8811 -0.3383 -0.3304
vn -0.9821 0.1886 -0.0000
vn -0.9820 0.1886 -0.0077
vn -0.9570 0.2902 -0.0000
vn -0.0238 0.9784 -0.2052
vn -0.0788 0.7088 -0.7010
vn -0.1102 0.0630 -0.9919
vn -0.0233 0.9808 -0.1937
vn 0.0236 0.9785 0.2051
vn -0.1100 0.1966 -0.9743
vn 0.0233 0.9808 0.1936
vn 0.0788 0.7088 0.7010
vn 0.0789 0.7072 0.7026
vn 0.1099 0.1964 0.9743
vn 0.1103 0.0630 0.9919
vn 0.1100 -0.1965 0.9743
vn 0.1102 -0.0630 0.9919
vn 0.0788 -0.7088 0.7010
vn 0.0790 -0.7066 0.7032
vn 0.0237 -0.9785 0.2051
vn 0.0233 -0.9807 0.1941
vn -0.0237 -0.9785 -0.2051
vn -0.0232 -0.9808 -0.1935
vn -0.0787 -0.7088 -0.7010
vn -0.0790 -0.7071 -0.7027
vn -0.1102 -0.0630 -0.9919
vn -0.1100 -0.1964 -0.9743
vn 0.1102 0.0630 0.9919
vn 0.1101 -0.1951 0.9746
vn 0.1102 -0.0631 0.9919
vn 0.0787 -0.7089 0.7009
vn 0.1100 0.1965 0.9743
vn 0.0787 0.7089 0.7009
vn 0.0789 -0.7073 0.7025
vn 0.0235 -0.9803 0.1961
vn 0.0237 -0.9784 0.2052
vn -0.0236 -0.9803 -0.1960
vn -0.0237 -0.9784 -0.2052
vn -0.0789 -0.7072 -0.7026
vn -0.1103 -0.0630 -0.9919
vn -0.1100 -0.1952 -0.9746
vn 0.0235 0.9803 0.1961
vn 0.0237 0.9785 0.2051
vn -0.0237 0.9784 -0.2051
vn -0.0235 0.9803 -0.1960
vn -0.0787 0.7088 -0.7010
vn -0.1100 0.1964 -0.9743
vn -0.5101 -0.8601 0.0046
vn -0.8032 -0.5434 -0.2441
vn -0.5886 -0.8083 0.0157
vn -0.5744 -0.8184 0.0157
vn -0.5745 -0.8184 0.0157
vn -0.6464 -0.6384 -0.4178
vn -0.4327 -0.7632 -0.4799
vn -0.2204 -0.8817 -0.4172
vn -0.0631 -0.9696 -0.2365
vn -0.0079 -0.9998 0.0157
vn -0.0632 -0.9634 0.2606
vn -0.2205 -0.8740 0.4330
vn -0.4346 -0.7506 0.4977
vn -0.6453 -0.6295 0.4328
vn -0.8017 -0.5423 0.2515
vn -0.8588 -0.5122 0.0078
vn -0.5121 -0.5750 -0.6381
vn -0.8213 -0.3791 -0.4264
vn -0.4892 -0.5760 -0.6549
vn -0.8391 -0.3686 -0.4000
vn -0.9997 -0.0079 -0.0236
vn -0.9996 0.0236 0.0157
vn -0.9998 0.0157 0.0157
vn -0.9984 0.0471 0.0314
vn -0.9992 0.0314 0.0236
vn -0.9977 0.0550 0.0393
vn -0.9990 0.0315 0.0315
vn -0.9969 0.0628 0.0471
vn -0.9985 0.0393 0.0393
vn -0.9942 0.0868 0.0631
vn -0.9970 0.0549 0.0549
vn -0.9924 0.0945 0.0788
vn -0.9959 0.0553 0.0712
vn -0.9924 0.0787 0.0945
vn -0.9957 0.0316 0.0869
vn -0.9827 0.0393 0.1808
vn -0.9861 -0.0079 0.1657
vn -0.8427 -0.1890 0.5041
vn -0.8289 -0.0868 0.5526
vn -0.6913 -0.1493 0.7070
vn -0.6921 -0.2910 0.6605
vn -0.5204 -0.5756 -0.6308
vn -0.5120 -0.5750 -0.6382
vn -0.5668 -0.5746 -0.5904
vn -0.8587 -0.3624 -0.3624
vn -0.8531 -0.4028 -0.3317
vn -0.6079 -0.5921 -0.5290
vn -0.9994 -0.0236 -0.0236
vn -0.9998 0.0157 0.0159
vn -0.8483 -0.4477 -0.2828
vn -0.6305 -0.6384 -0.4414
vn -0.9979 -0.0629 -0.0157
vn -0.9997 -0.0236 0.0079
vn -0.9954 -0.0948 -0.0158
vn -0.9955 -0.0948 -0.0000
vn -0.8812 -0.4484 -0.1495
vn -0.6540 -0.7013 -0.2837
vn -0.6756 -0.7148 -0.1806
vn -0.8895 -0.4486 -0.0866
vn -0.6909 -0.7145 -0.1099
vn -0.9947 -0.1026 0.0079
vn -0.8918 -0.4499 -0.0474
vn -0.7021 -0.7099 -0.0552
vn -0.9955 -0.0948 0.0079
vn -0.8924 -0.4501 -0.0316
vn -0.6988 -0.7146 -0.0314
vn -0.9939 -0.1104 -0.0000
vn -0.9939 -0.1104 0.0079
vn -0.8927 -0.4503 -0.0158
vn -0.8928 -0.4504 -0.0000
vn -0.6911 -0.7225 -0.0157
vn -0.9946 -0.1026 0.0158
vn -0.9996 -0.0157 0.0236
vn -0.9992 -0.0236 0.0315
vn -0.9959 0.0553 0.0711
vn -0.9931 -0.1104 0.0394
vn -0.9980 -0.0314 0.0550
vn -0.8926 -0.4502 0.0237
vn -0.6707 -0.7417 0.0079
vn -0.9867 -0.1579 0.0395
vn -0.8582 -0.5118 0.0394
vn -0.6453 -0.7633 0.0315
vn -0.9915 -0.1180 0.0551
vn -0.8679 -0.4891 0.0868
vn -0.6371 -0.7629 0.1101
vn -0.9949 -0.0711 0.0711
vn -0.8575 -0.4720 0.2046
vn -0.6525 -0.6997 0.2909
vn -0.9909 -0.0472 0.1258
vn -0.8552 -0.3295 0.4001
vn -0.6772 -0.4961 0.5434
vn -0.8427 -0.1890 0.5040
vn -0.6921 -0.2910 0.6606
vn -0.5820 -0.8101 -0.0708
vn -0.5739 -0.8176 -0.0472
vn -0.8403 -0.5339 -0.0942
vn -0.8717 -0.4869 -0.0550
vn -0.9867 -0.0791 -0.1421
vn -0.5692 -0.8222 -0.0079
vn -0.5742 -0.8181 -0.0315
vn -0.5692 -0.8222 -0.0000
vn -0.9952 -0.0473 -0.0861
vn -0.9867 -0.0790 -0.1421
vn -0.8815 -0.4722 0.0079
vn -0.5691 -0.8221 0.0158
vn -0.5743 -0.8183 0.0236
vn -0.9957 -0.0475 -0.0790
vn -0.8246 -0.5497 -0.1335
vn -0.5744 -0.8182 0.0236
vn -0.5882 -0.8078 0.0392
vn -0.8507 -0.5198 -0.0788
vn -0.9867 -0.0789 -0.1421
vn -0.9999 -0.0080 0.0079
vn -0.9998 -0.0079 0.0157
vn -0.9957 -0.0474 -0.0790
vn -0.9967 -0.0392 -0.0707
vn -0.8731 -0.4876 -0.0000
vn -0.9998 -0.0080 0.0157
vn -0.9985 -0.0000 0.0550
vn -0.8760 -0.4814 0.0316
vn -0.9980 -0.0001 0.0628
vn -0.9980 -0.0000 0.0629
vn -0.4025 -0.0000 -0.9154
vn -0.8989 -0.4337 -0.0631
vn -0.9980 -0.0000 0.0628
vn -0.9980 -0.0000 0.0627
vn -0.9975 -0.0000 0.0707
vn -0.9969 -0.0000 0.0785
vn -0.9985 -0.0001 0.0550
vn -0.9955 -0.0080 0.0948
vn -0.9930 -0.0080 0.1182
vn -0.8834 -0.4654 0.0552
vn -0.8841 -0.4657 0.0395
vn -0.8830 -0.4651 0.0631
vn -0.8672 -0.4888 0.0946
vn -0.5917 -0.8048 0.0473
vn -0.2983 -0.5651 0.7692
vn -0.3858 -0.8582 0.3386
vn -0.9607 0.2284 0.1575
vn -0.9788 0.0947 0.1815
vn -0.8725 0.4795 0.0943
vn -0.9760 0.1417 0.1653
vn -0.0788 0.2915 0.9533
vn -0.9959 0.0554 0.0711
vn -0.9994 -0.0235 -0.0236
vn -0.9154 0.4025 0.0079
vn -0.9981 0.0472 0.0393
vn -0.7975 -0.3632 -0.4817
vn -0.8862 0.2196 -0.4079
vn -0.4184 0.0315 -0.9077
vn -0.9972 -0.0393 -0.0628
vn -0.2824 -0.6040 -0.7452
vn -0.4718 0.0393 -0.8808
vn -0.3302 -0.5973 -0.7309
vn -0.4079 -0.5883 -0.6982
vn -0.9419 0.2668 -0.2041
vn -0.3468 -0.5753 -0.7408
vn -0.9903 -0.1336 -0.0393
vn -0.9299 0.3153 -0.1892
vn -0.3549 -0.5993 -0.7176
vn -0.5287 0.2445 -0.8128
vn -0.9922 -0.1181 -0.0394
vn -0.6292 -0.3540 -0.6920
vn -0.0710 -0.4492 -0.8906
vn -0.5270 -0.4326 -0.7315
vn -0.0474 -0.4811 -0.8754
vn -0.5361 -0.4809 -0.6938
vn -0.0549 -0.5264 -0.8485
vn -0.9978 -0.0471 -0.0471
vn -0.5372 -0.6003 -0.5925
vn -0.2682 -0.5049 -0.8204
vn -0.9967 -0.0706 -0.0393
vn -0.7156 -0.3617 -0.5976
vn -0.2915 -0.4806 -0.8271
vn -0.7086 -0.4094 -0.5747
vn -0.9985 -0.0550 -0.0079
vn -0.8843 -0.4421 0.1500
vn -0.8703 -0.4783 0.1176
vn -0.9989 -0.0472 -0.0000
vn -0.3067 -0.5898 -0.7471
vn -0.2991 -0.5826 -0.7557
vn -0.9992 -0.0393 0.0078
vn -0.9992 -0.0393 0.0079
vn -0.2757 -0.5830 -0.7642
vn -0.7189 -0.3634 -0.5925
vn -0.7480 -0.3700 -0.5511
vn -0.3237 -0.5212 -0.7897
vn -0.2997 -0.5127 -0.8045
vn -0.9229 0.3154 -0.2209
vn -0.5969 -0.2514 -0.7619
vn -0.0790 -0.5291 -0.8449
vn -0.9206 0.3226 -0.2203
vn -0.9998 -0.0158 0.0158
vn -0.5986 -0.4017 -0.6931
vn -0.0393 -0.5740 -0.8179
vn -0.5669 -0.4803 -0.6693
vn -0.0080 -0.6707 -0.7417
vn -0.9998 -0.0157 0.0157
vn -0.9994 -0.0236 0.0236
vn -0.4622 -0.6031 -0.6501
vn -0.0316 -0.6948 -0.7185
vn -0.5483 -0.5874 -0.5953
vn -0.9992 -0.0079 0.0393
vn -0.5747 -0.5667 -0.5904
vn -0.0631 -0.6857 -0.7251
vn -0.9991 0.0157 0.0393
vn -0.9992 -0.0079 0.0394
vn -0.3239 -0.5765 -0.7502
vn -0.3144 -0.5658 -0.7623
vn -0.9994 0.0157 0.0315
vn -0.5826 -0.5039 -0.6377
vn -0.0630 -0.6225 -0.7801
vn -0.9994 0.0158 0.0315
vn -0.5825 -0.4251 -0.6928
vn -0.0708 -0.5350 -0.8419
vn -0.9986 0.0236 0.0472
vn -0.5821 -0.3855 -0.7159
vn -0.0631 -0.4807 -0.8746
vn -0.9969 0.0471 0.0627
vn -0.5823 -0.3698 -0.7240
vn -0.0631 -0.4652 -0.8829
vn -0.9961 0.0627 0.0628
vn -0.9973 0.0392 0.0628
vn -0.9965 0.0549 0.0628
vn -0.9961 0.0627 0.0627
vn -0.9932 0.0552 0.1025
vn -0.1336 -0.9744 -0.1807
vn -0.9970 0.0549 0.0548
vn -0.9965 0.0628 0.0549
vn -0.9974 0.0550 0.0471
vn -0.3062 -0.5496 -0.7773
vn -0.9973 0.0579 0.0453
vn -0.9978 0.0472 0.0471
vn -0.5680 -0.4024 -0.7180
vn -0.0551 -0.4962 -0.8664
vn -0.9978 0.0471 0.0471
vn -0.5720 -0.5641 -0.5955
vn -0.0638 -0.6857 -0.7251
vn -0.0707 -0.7797 -0.6221
vn -0.9978 0.0471 0.0472
vn -0.9974 0.0471 0.0550
vn -0.5744 -0.6453 -0.5036
vn -0.0710 -0.8602 -0.5050
vn -0.5747 -0.7086 -0.4094
vn -0.0706 -0.9173 -0.3920
vn -0.9974 0.0470 0.0550
vn -0.5759 -0.7574 -0.3077
vn -0.0631 -0.9614 -0.2679
vn -0.5681 -0.7970 -0.2052
vn -0.0392 -0.9881 -0.1490
vn -0.5422 -0.8330 -0.1100
vn -0.0157 -0.9996 -0.0236
vn -0.9980 0.0550 0.0315
vn -0.9992 0.0393 0.0079
vn -0.5063 -0.8622 -0.0158
vn -0.9982 0.0549 0.0236
vn -0.9995 0.0315 -0.0000
vn -0.4815 -0.8763 0.0158
vn -0.0079 -0.9998 0.0158
vn -0.9998 -0.0157 0.0079
vn -0.9991 -0.0395 0.0157
vn -0.9975 -0.0628 0.0314
vn -0.5133 -0.8370 0.1895
vn -0.0235 -0.9734 0.2277
vn -0.9975 -0.0629 0.0314
vn -0.9973 -0.0628 0.0392
vn -0.5263 -0.7697 0.3613
vn -0.0395 -0.9000 0.4342
vn -0.9973 -0.0621 0.0402
vn -0.5419 -0.6676 0.5105
vn -0.0473 -0.7877 0.6143
vn -0.0550 -0.6361 0.7696
vn -0.9969 -0.0628 0.0471
vn -0.5385 -0.5464 0.6415
vn -0.0473 -0.4811 0.8754
vn -0.9965 -0.0628 0.0550
vn -0.5436 -0.4096 0.7326
vn -0.0394 -0.2994 0.9533
vn -0.9965 -0.0628 0.0549
vn -0.5288 -0.2684 0.8052
vn -0.0236 -0.0078 0.9997
vn -0.9961 -0.0628 0.0627
vn -0.9961 -0.0627 0.0627
vn -0.5026 -0.0314 0.8640
vn -0.0239 0.0078 0.9997
vn -0.9960 -0.0549 0.0706
vn -0.5362 -0.0236 0.8438
vn -0.9940 -0.0552 0.0947
vn -0.5178 -0.0235 0.8552
vn -0.9905 -0.0550 0.1258
vn -0.4249 -0.0237 0.9049
vn -0.2679 -0.6067 0.7485
vn -0.9905 -0.0550 0.1259
vn -0.2527 -0.4264 0.8685
vn -0.2442 -0.0394 0.9689
vn -0.5917 -0.8048 0.0474
vn -0.3230 0.0473 0.9452
vn -0.2124 0.0551 0.9756
vn -0.9773 -0.1418 0.1576
vn -0.9743 -0.1965 0.1100
vn -0.3063 0.0550 0.9503
vn -0.9444 -0.3227 0.0630
vn -0.9782 -0.0316 0.2051
vn -0.9830 -0.1337 0.1258
vn -0.4088 0.0393 0.9118
vn -0.9660 -0.2435 0.0864
vn -0.9885 -0.0541 0.1413
vn -0.9867 -0.0632 0.1500
vn -0.9885 -0.0549 0.1412
vn -0.5284 0.0946 0.8437
vn -0.5063 -0.0158 0.8622
vn -0.9871 -0.0553 0.1500
vn -0.9871 -0.0553 0.1501
vn -0.5121 -0.0158 0.8588
vn -0.6311 0.0631 0.7731
vn -0.9280 0.2595 0.2674
vn -0.9128 0.3699 0.1731
vn -0.4337 0.8755 0.2130
vn -0.1103 0.9924 0.0551
vn -0.2914 0.9527 0.0867
vn -0.5222 0.1029 0.8466
vn -0.2913 0.9527 0.0866
vn -0.4499 0.0474 0.8918
vn -0.3950 0.9165 0.0633
vn -0.9819 -0.0157 0.1886
vn -0.9950 -0.0316 0.0948
vn -0.9918 -0.0236 0.1259
vn -0.3951 0.9165 0.0632
vn -0.4809 0.8750 0.0553
vn -0.3790 0.9237 0.0553
vn -0.4810 0.8750 0.0552
vn -0.2682 0.9622 0.0473
vn -0.4567 0.8817 -0.1181
vn -0.5651 0.7299 -0.3846
vn -0.6160 0.7108 -0.3396
vn -0.5734 0.4399 -0.6912
vn -0.4954 0.4561 -0.7393
vn -0.7866 0.3461 -0.5113
vn -0.5734 0.4398 -0.6912
vn -0.5262 0.3063 -0.7933
vn -0.8362 -0.4181 -0.3550
vn -0.6879 0.6642 -0.2926
vn -0.9327 0.2213 -0.2846
vn -0.7783 0.3538 -0.5188
vn -0.9667 0.1729 -0.1887
vn -0.7446 -0.1097 -0.6584
vn -0.9930 -0.0000 0.1182
vn -0.9955 0.0001 0.0948
vn -0.9947 -0.0001 0.1026
vn -0.8353 -0.4886 0.2521
vn -0.8292 -0.4501 0.3315
vn -0.8438 -0.5283 0.0946
vn -0.8481 -0.5261 0.0628
vn -0.8215 -0.3871 0.4187
vn -0.9946 -0.0158 0.1026
vn -0.8801 -0.4636 -0.1023
vn -0.8907 -0.4098 -0.1970
vn -0.9944 -0.0236 0.1026
vn -0.8992 -0.3628 -0.2445
vn -0.9944 -0.0237 0.1026
vn -0.9032 -0.2435 -0.3534
vn -0.9936 -0.0236 0.1104
vn -0.9006 -0.1975 -0.3871
vn -0.9030 -0.1335 -0.4083
vn -0.9153 -0.0158 -0.4024
vn -0.9927 -0.0236 0.1182
vn -0.9205 0.1652 -0.3540
vn -0.9927 -0.0237 0.1181
vn -0.9148 0.3154 -0.2524
vn -0.8929 0.4345 -0.1185
vn -0.9927 -0.0235 0.1182
vn -0.8501 0.5195 0.0866
vn -0.9930 -0.0078 0.1182
vn -0.8377 0.5294 0.1343
vn -0.9930 -0.0079 0.1182
vn -0.8360 0.5205 0.1735
vn -0.8308 0.4702 0.2978
vn -0.8310 0.3561 0.4274
vn -0.9920 -0.0000 0.1260
vn -0.8265 0.1968 0.5274
vn -0.8120 -0.0158 0.5834
vn -0.7975 -0.1501 0.5843
vn -0.7938 -0.2594 0.5501
vn -0.7970 -0.2920 0.5287
vn -0.9397 -0.3237 -0.1105
vn -0.8013 -0.1414 -0.5813
vn -0.5049 -0.7415 -0.4418
vn -0.9437 -0.3146 -0.1022
vn -0.9176 -0.3686 -0.1489
vn -0.8891 -0.4170 -0.1888
vn -0.5338 -0.7223 -0.4397
vn -0.6784 -0.0394 -0.7336
vn -0.9895 -0.1413 0.0314
vn -0.1969 -0.6144 -0.7640
vn -0.1414 -0.5105 -0.8482
vn -0.9915 -0.1259 0.0315
vn -0.0393 -0.1732 -0.9841
vn -0.9950 -0.0948 0.0316
vn -0.9942 -0.1026 0.0315
vn -0.9992 0.0079 0.0394
vn 0.0158 0.2052 -0.9786
vn -0.9841 0.1732 0.0394
vn 0.0393 0.4873 -0.8724
vn -0.6836 -0.7072 -0.1807
vn -0.9727 0.2275 0.0470
vn 0.0787 0.7394 -0.6686
vn -0.9622 0.2681 0.0473
vn 0.1419 0.9147 -0.3784
vn -0.9476 0.3159 0.0474
vn -0.9530 0.2993 0.0472
vn 0.2123 0.9669 -0.1415
vn 0.2756 0.9608 -0.0315
vn -0.9667 0.2515 0.0471
vn -0.9072 0.4181 0.0473
vn 0.2996 0.9539 0.0158
vn 0.2923 0.9558 0.0316
vn -0.9967 0.0706 0.0392
vn -0.9147 0.4022 0.0394
vn 0.2752 0.9593 0.0629
vn -0.5338 -0.7223 -0.4396
vn -0.9221 0.3862 0.0236
vn 0.2523 0.9622 0.1026
vn -0.8724 0.4872 0.0393
vn -0.9372 0.3465 0.0394
vn 0.2043 0.9590 0.1965
vn -0.9051 0.4250 0.0157
vn -0.8579 0.5116 0.0472
vn -0.9315 0.3552 0.0789
vn 0.1106 0.9396 0.3238
vn -0.9150 0.4022 0.0316
vn -0.9370 0.3385 0.0866
vn -0.0157 0.8943 0.4472
vn -0.9434 0.3223 0.0786
vn -0.7525 0.6584 0.0157
vn -0.9421 0.3140 0.1178
vn -0.8115 0.5830 0.0394
vn -0.8736 0.4722 0.1181
vn -0.9035 0.3849 0.1885
vn -0.8844 0.4264 0.1895
vn -0.9690 0.2127 0.1260
vn -0.0712 0.8138 0.5768
vn -0.8716 0.4162 0.2591
vn -0.9260 0.2589 0.2747
vn -0.0316 0.7338 0.6786
vn -0.8697 0.3605 0.3370
vn -0.9428 0.2357 0.2357
vn -0.0000 0.6992 0.7149
vn -0.9951 0.0869 0.0474
vn -0.9810 0.1412 0.1334
vn -0.0000 0.6707 0.7417
vn -0.9886 0.1177 0.0942
vn -0.9984 0.0472 0.0315
vn -0.0080 0.6540 0.7565
vn -0.0157 0.6501 0.7597
vn -0.9994 0.0236 0.0236
vn -0.9922 0.1023 0.0709
vn -0.9973 -0.0393 -0.0628
vn -0.9997 -0.0000 -0.0236
vn -0.9947 -0.0553 -0.0868
vn -0.9857 -0.1025 -0.1341
vn -0.9781 -0.1262 -0.1656
vn -0.3308 -0.5750 -0.7483
vn -0.3234 -0.5678 -0.7570
vn -0.9744 -0.1336 -0.1807
vn -0.2929 -0.5699 -0.7678
vn -0.9711 -0.1342 -0.1974
vn -0.9932 -0.0552 -0.1025
vn -0.9969 -0.0000 -0.0785
vn -0.9861 -0.0710 -0.1499
vn -0.9619 -0.1498 -0.2288
vn -0.9805 0.1726 0.0941
vn -0.9838 -0.0472 -0.1732
vn -0.9037 0.3143 0.2908
vn -0.9763 0.2047 0.0709
vn -0.8983 0.3703 0.2364
vn -0.8990 0.4022 0.1735
vn -0.9872 0.1580 -0.0237
vn -0.8888 0.4484 0.0944
vn -0.9792 0.1974 -0.0474
vn -0.9718 -0.0862 -0.2194
vn -0.8462 0.5327 -0.0157
vn -0.9672 0.2438 -0.0708
vn -0.7810 0.6233 -0.0395
vn -0.9386 0.3392 -0.0631
vn -0.9699 -0.1183 -0.2129
vn -0.9771 -0.1339 -0.1655
vn -0.9663 -0.1336 -0.2200
vn -0.9877 -0.1106 -0.1106
vn -0.9694 -0.1813 -0.1655
vn -0.9728 -0.0941 -0.2118
vn -0.9599 -0.1731 -0.2203
vn -0.9783 -0.0631 -0.1973
vn -0.9630 -0.1421 -0.2289
vn -0.9650 -0.1647 -0.2040
vn -0.9475 -0.1737 -0.2685
vn -0.9677 -0.1967 -0.1574
vn -0.2835 -0.5589 -0.7793
vn -0.3068 -0.5584 -0.7707
vn -0.2823 -0.5411 -0.7921
vn -0.2986 -0.5420 -0.7855
vn -0.2913 -0.5433 -0.7874
vn -0.9677 -0.1574 -0.1967
vn -0.9747 -0.1729 -0.1415
vn -0.9629 -0.2527 -0.0947
vn -0.9699 -0.2208 -0.1025
vn -0.9510 -0.3065 -0.0393
vn -0.5743 -0.8180 -0.0315
vn -0.9749 -0.1887 -0.1179
vn -0.9437 -0.3304 -0.0157
vn -0.5692 -0.8221 -0.0079
vn -0.9648 -0.2588 -0.0471
vn -0.9788 -0.1973 -0.0553
vn -0.9928 -0.1102 -0.0473
vn -0.9611 -0.2757 -0.0158
vn -0.9768 -0.2127 -0.0236
vn -0.9123 0.4089 -0.0236
vn -0.9918 -0.1259 -0.0236
vn -0.6624 0.7491 0.0079
vn -0.9052 0.4250 -0.0000
vn -0.6665 0.7449 0.0314
vn -0.6407 0.7674 0.0237
vn -0.6230 0.7808 0.0473
vn -0.6146 0.7879 0.0394
vn -0.9316 0.3632 0.0158
vn -0.5966 0.8007 0.0550
vn -0.6143 0.7877 0.0473
vn -0.8971 0.4407 0.0315
vn -0.8915 0.4497 0.0552
vn -0.9899 -0.1414 0.0079
vn -0.8901 0.4490 0.0788
vn -0.9892 -0.1413 0.0393
vn -0.9754 -0.2203 0.0079
vn -0.9540 -0.2996 0.0084
vn -0.9732 -0.2276 0.0314
vn -0.9873 -0.1422 0.0711
vn -0.9288 -0.3699 0.0236
vn -0.9536 -0.2995 0.0315
vn -0.9241 -0.3792 0.0474
vn -0.9503 -0.3063 0.0550
vn -0.9714 -0.2290 0.0632
vn -0.9823 -0.1571 0.1022
vn -0.9908 -0.0786 0.1101
vn -0.9867 -0.0395 0.1579
vn -0.8952 0.4319 0.1099
vn -0.9302 0.3547 0.0946
vn -0.9846 -0.0237 0.1733
vn -0.9658 0.2591 -0.0000
vn -0.7267 0.6793 0.1027
vn -0.8360 0.5205 -0.1735
vn -0.6633 0.7423 0.0948
vn -0.6051 0.7937 0.0629
vn -0.6607 0.7473 0.0708
vn -0.6854 0.7247 0.0709
vn -0.9657 0.2591 -0.0157
vn -0.9476 0.3158 0.0474
vn -0.9568 0.2902 0.0157
vn -0.9530 0.2993 0.0473
vn -0.8519 0.3155 -0.4180
vn -0.8519 0.3155 -0.4181
vn -0.8120 0.0158 -0.5834
vn -0.8463 0.1661 -0.5062
vn -0.9803 0.1581 -0.1186
vn -0.9820 -0.0157 0.1885
vn -0.9819 -0.0157 0.1885
vn -0.9818 0.0785 -0.1728
vn -0.9849 -0.0000 -0.1734
vn -0.8121 0.0158 -0.5834
vn -0.9834 -0.0157 0.1809
vn -0.9549 -0.0868 -0.2841
vn -0.7964 -0.1262 -0.5914
vn -0.9847 -0.0158 0.1733
vn -0.9608 -0.1575 -0.2284
vn -0.7624 -0.2672 -0.5894
vn -0.7623 -0.2672 -0.5895
vn -0.7556 -0.3542 -0.5510
vn -0.7416 -0.4417 -0.5049
vn -0.9362 -0.2281 -0.2674
vn -0.9277 -0.2830 -0.2437
vn -0.9888 -0.0078 0.1491
vn -0.9442 -0.2754 -0.1809
vn -0.9899 -0.0078 0.1414
vn -0.7173 -0.4966 -0.4887
vn -0.9359 -0.3067 -0.1730
vn -0.6931 -0.5512 -0.4646
vn -0.6930 -0.5513 -0.4646
vn -0.9230 -0.3392 -0.1815
vn -0.6556 -0.6003 -0.4581
vn -0.6124 -0.6517 -0.4475
vn -0.9910 -0.0079 0.1337
vn -0.9325 -0.3319 -0.1422
vn -0.9910 -0.0000 0.1337
vn -0.9005 -0.3950 -0.1817
vn -0.5745 -0.6847 -0.4486
vn -0.5339 -0.7223 -0.4395
vn -0.5339 -0.7223 -0.4396
vn -0.6427 -0.7603 -0.0940
vn -0.5282 -0.7253 -0.4414
vn -0.5282 -0.7253 -0.4415
vn -0.6941 -0.7178 -0.0552
vn -0.5688 -0.7032 -0.4266
vn -0.5444 -0.7179 -0.4339
vn -0.8001 -0.5334 -0.2745
vn -0.5195 -0.7320 -0.4408
vn -0.5137 -0.7350 -0.4426
vn -0.7299 0.6357 0.2512
vn -0.7247 0.6381 0.2599
vn -0.7232 0.6368 0.2673
vn -0.7999 0.5725 0.1803
vn -0.6933 0.6932 0.1969
vn -0.8017 0.5423 0.2515
vn -0.6771 0.6613 0.3228
vn -0.7716 0.5906 0.2362
vn -0.8068 0.5718 0.1488
vn -0.6361 0.7538 0.1649
vn -0.9548 0.2761 0.1105
vn -0.8038 0.5831 0.1182
vn -0.6171 0.7753 0.1345
vn -0.9685 0.2362 0.0787
vn -0.9735 0.2198 0.0628
vn -0.8344 0.5431 0.0944
vn -0.6145 0.7800 0.1182
vn -0.9772 0.2049 0.0552
vn -0.8557 0.5103 0.0864
vn -0.5752 0.8116 0.1024
vn -0.9875 0.1501 0.0474
vn -0.8530 0.5133 0.0948
vn -0.5032 0.8571 0.1101
vn -0.4705 0.8546 0.2195
vn -0.9931 0.1103 0.0394
vn -0.9148 0.3944 0.0868
vn -0.4652 0.8436 0.2681
vn -0.9970 0.0708 0.0314
vn -0.9004 0.4186 0.1185
vn -0.4704 0.8155 0.3372
vn -0.9980 0.0629 0.0079
vn -0.8890 0.4327 0.1495
vn -0.4954 0.7785 0.3853
vn -0.9995 0.0079 -0.0315
vn -0.7382 0.6125 0.2827
vn -0.4323 0.8725 0.2279
vn -0.4879 0.7869 0.3779
vn -0.9849 0.1734 -0.0000
vn -0.7012 0.6853 0.1969
vn -0.8109 0.5826 -0.0551
vn -0.5665 0.8104 -0.1495
vn -0.9947 0.0868 -0.0552
vn -0.9094 0.3057 -0.2822
vn -0.7652 0.3786 -0.5207
vn -0.5988 -0.3231 -0.7328
vn -0.7575 -0.2919 -0.5839
vn -0.4032 -0.5851 -0.7036
vn -0.8224 -0.3525 -0.4465
vn -0.4573 -0.5755 -0.6780
vn -0.8130 -0.3789 -0.4421
vn -0.8213 -0.3790 -0.4264
vn -0.9922 0.1181 0.0394
vn -0.9984 0.0472 0.0314
vn -0.9899 0.1335 0.0471
vn -0.9878 0.1422 0.0632
vn -0.9856 0.1499 0.0788
vn -0.9314 0.3315 0.1500
vn -0.9830 0.1573 0.0944
vn -0.9491 0.2768 0.1503
vn -0.9838 0.1417 0.1102
vn -0.9924 0.0788 0.0945
vn -0.9630 0.2289 0.1421
vn -0.8050 0.5208 0.2841
vn -0.5754 0.6936 0.4335
vn -0.9680 0.2125 0.1338
vn -0.8276 0.4414 0.3468
vn -0.6134 0.5663 0.5505
vn -0.9773 0.1576 0.1419
vn -0.8352 0.3388 0.4333
vn -0.6305 0.4177 0.6542
vn -0.9799 0.1106 0.1660
vn -0.8373 0.1027 0.5371
vn -0.6835 0.1021 0.7228
vn -0.6910 -0.1099 0.7145
vn -0.8264 -0.0708 0.5587
vn -0.8289 -0.0869 0.5525
vn -0.6913 -0.1494 0.7070
vn -0.0157 -0.0629 0.9979
vn -0.2042 -0.9189 0.3377
vn -0.0392 -0.8937 0.4469
vn -0.1415 -0.1180 0.9829
vn -0.3708 -0.9230 0.1026
vn -0.0867 0.0866 0.9925
vn -0.0473 0.3628 0.9306
vn -0.9426 -0.2200 0.2513
vn -0.9571 -0.2374 0.1661
vn -0.3303 -0.9438 0.0157
vn -0.9682 -0.0551 0.2441
vn -0.1730 0.3302 0.9279
vn -0.8411 -0.3144 0.4402
vn -0.2678 -0.9609 0.0709
vn -0.2437 -0.9666 0.0786
vn -0.9806 -0.0549 0.1882
vn -0.8801 0.4165 0.2280
vn -0.8276 -0.3468 0.4414
vn -0.2369 -0.9712 0.0237
vn -0.8664 -0.0551 0.4962
vn -0.8325 0.5263 0.1728
vn -0.9060 -0.3704 0.2049
vn -0.2204 -0.9754 -0.0000
vn -0.8776 -0.1107 0.4665
vn -0.9380 -0.3311 0.1024
vn -0.9820 -0.0550 0.1807
vn -0.8604 0.1421 0.4894
vn -0.8604 -0.4894 -0.1421
vn -0.2602 -0.9152 -0.3077
vn -0.9977 -0.0550 0.0393
vn -0.3244 -0.6715 -0.6663
vn -0.8852 -0.3001 -0.3554
vn -0.9341 -0.2983 -0.1962
vn -0.3852 -0.6681 -0.6366
vn -0.4499 -0.7972 -0.4026
vn -0.9586 0.2593 0.1178
vn -0.9565 0.2901 0.0314
vn -0.9973 -0.0394 -0.0628
vn -0.5281 -0.8278 -0.1892
vn -0.6144 0.7876 0.0472
vn -0.5764 0.8133 0.0790
vn -0.6291 0.6921 0.3539
vn -0.6695 0.6144 0.4175
vn -0.1817 0.9795 0.0869
vn -0.2047 0.9762 0.0709
vn -0.1572 0.9823 0.1022
vn -0.1341 0.9857 0.1025
vn -0.1262 0.9781 0.1657
vn -0.1023 0.9916 0.0787
vn -0.1022 0.9903 0.0943
vn -0.0236 0.9818 0.1885
vn -0.0787 0.9916 0.1023
vn -0.1415 0.9829 0.1179
vn -0.1413 0.9892 0.0393
vn -0.0784 0.9961 0.0392
vn -0.2125 0.9760 0.0472
vn -0.6539 0.7564 0.0158
vn -0.1502 0.9879 0.0395
vn -0.0791 0.9961 0.0395
vn -0.9992 -0.0236 -0.0315
vn -0.5678 -0.8201 -0.0710
vn -0.6623 0.7491 0.0158
vn -0.9982 -0.0550 -0.0236
vn -0.5917 -0.8047 -0.0473
vn -0.6234 -0.7812 -0.0316
vn -0.2126 0.9763 0.0394
vn -0.6830 0.7301 0.0235
vn -0.9980 -0.0629 -0.0079
vn -0.2275 0.9730 0.0392
vn -0.6827 0.7297 0.0392
vn -0.6666 -0.7451 -0.0235
vn -0.7071 -0.7071 -0.0079
vn -0.2293 0.9725 0.0395
vn -0.6782 0.7333 0.0473
vn -0.7342 -0.6789 -0.0000
vn -0.1579 0.9867 0.0395
vn -0.0790 0.9957 0.0474
vn -0.9984 0.0314 0.0472
vn -0.7226 -0.6912 -0.0000
vn -0.1501 0.9875 0.0474
vn -0.0628 0.9965 0.0549
vn -0.2275 0.9726 0.0471
vn -0.1500 0.9871 0.0553
vn -0.0473 0.9944 0.0947
vn -0.2366 0.9700 0.0552
vn -0.6694 0.7402 0.0630
vn -0.6611 0.7477 0.0630
vn -0.3227 0.9444 0.0630
vn -0.1804 0.9805 0.0784
vn -0.3461 0.9361 0.0629
vn -0.9984 0.0315 0.0472
vn -0.2437 0.9667 0.0786
vn -0.1258 0.9830 0.1337
vn -0.9984 0.0157 0.0550
vn -0.6622 -0.7489 -0.0237
vn -0.5651 -0.8241 -0.0392
vn -0.9959 0.0552 0.0711
vn -0.4876 -0.8729 -0.0158
vn -0.3931 -0.9119 -0.1179
vn -0.3556 0.9325 0.0632
vn -0.6725 0.7358 0.0791
vn -0.2195 -0.9407 -0.2587
vn -0.3625 0.9299 0.0630
vn -0.7174 0.6938 0.0631
vn -0.9486 -0.0079 -0.3162
vn -0.0786 -0.9741 -0.2121
vn -0.3625 0.9298 0.0630
vn -0.6994 0.6915 -0.1807
vn -0.4954 0.4010 -0.7706
vn -0.4713 -0.2671 -0.8405
vn -0.0394 -0.9903 -0.1335
vn -0.0710 -0.9943 -0.0789
vn -0.5565 0.1960 -0.8074
vn -0.6008 -0.3320 -0.7272
vn -0.1180 -0.9910 -0.0629
vn -0.5102 0.7692 -0.3847
vn -0.6833 0.1492 -0.7147
vn -0.5882 -0.2745 -0.7607
vn -0.0473 -0.2200 -0.9744
vn -0.6944 0.0474 -0.7180
vn -0.6010 0.7117 -0.3638
vn -0.3297 0.9420 0.0628
vn -0.2917 0.9539 0.0709
vn -0.2747 0.9576 0.0863
vn -0.2355 0.9578 0.1649
vn -0.2357 0.6128 -0.7543
vn 0.0550 0.0472 -0.9974
vn -0.0947 0.0394 -0.9947
vn 0.1181 -0.2204 -0.9682
vn -0.9954 -0.0866 0.0414
vn -0.9969 -0.0473 0.0628
vn -0.9969 -0.0471 0.0627
vn -0.9969 -0.0471 0.0629
vn 0.4183 0.7497 -0.5129
vn -0.1104 -0.0158 -0.9938
vn 0.3065 0.9038 -0.2986
vn 0.2830 0.9590 -0.0157
vn -0.1103 -0.0158 -0.9938
vn -0.1104 -0.0157 -0.9938
vn -0.9997 -0.0079 0.0237
vn -0.1653 0.4723 -0.8658
vn 0.1260 0.9529 -0.2757
vn -0.1647 0.4629 -0.8710
vn -0.1341 0.7890 -0.5996
vn -0.9997 -0.0079 0.0236
vn 0.1182 0.0315 0.9925
vn -0.1105 0.9312 -0.3473
vn 0.1182 0.0316 0.9925
vn -0.0552 0.9924 -0.1103
vn 0.9984 0.0550 0.0157
vn 0.1181 0.0315 0.9925
vn 0.9984 0.0472 0.0313
vn -0.9997 -0.0078 0.0236
vn 0.0709 -0.2363 0.9691
vn 0.9990 0.0236 0.0392
vn 0.0709 -0.4649 0.8825
vn 0.9989 -0.0000 0.0472
vn 0.0708 -0.6607 0.7473
vn 0.0708 -0.6608 0.7472
vn 0.9985 -0.0393 0.0393
vn 0.0785 -0.8319 0.5493
vn 0.0785 -0.8319 0.5494
vn 0.0788 -0.9457 0.3153
vn 0.9964 -0.0785 0.0314
vn 0.0788 -0.9457 0.3152
vn 0.0316 -0.9882 0.1502
vn 0.9918 -0.1259 0.0236
vn -0.0157 -0.9998 -0.0157
vn 0.9847 -0.1733 0.0158
vn -0.0157 -0.9984 -0.0550
vn 0.9806 -0.1960 -0.0000
vn -0.0157 -0.9998 -0.0158
vn -0.0236 -0.9959 -0.0869
vn 0.9753 -0.2203 -0.0157
vn -0.2834 0.7557 -0.5904
vn -0.0237 -0.9959 -0.0870
vn -0.9997 -0.0080 0.0236
vn -0.0315 -0.9925 -0.1182
vn -0.0314 -0.9925 -0.1182
vn 0.9692 -0.2443 -0.0315
vn 0.9618 -0.2681 -0.0552
vn -0.0394 -0.9879 -0.1501
vn 0.9372 -0.3070 -0.1654
vn -0.0395 -0.9879 -0.1501
vn -0.0708 -0.9059 -0.4175
vn 0.9277 -0.2830 -0.2437
vn -0.0709 -0.9059 -0.4175
vn -0.0866 -0.7647 -0.6385
vn -0.9997 -0.0079 0.0235
vn -0.0867 -0.7647 -0.6385
vn -0.1019 -0.6118 -0.7844
vn 0.9208 -0.2596 -0.2912
vn -0.1183 -0.5599 -0.8201
vn 0.9178 -0.2432 -0.3138
vn -0.1020 -0.6118 -0.7844
vn -0.1417 -0.5436 -0.8273
vn 0.9263 -0.2198 -0.3062
vn -0.1502 -0.5374 -0.8298
vn 0.9306 -0.2209 -0.2918
vn -0.1418 -0.5436 -0.8273
vn -0.1659 -0.5687 -0.8056
vn 0.9125 -0.2517 -0.3224
vn -0.1503 -0.5373 -0.8299
vn -0.1733 -0.5909 -0.7879
vn 0.8982 -0.2599 -0.3545
vn -0.0079 0.9154 -0.4024
vn -0.0393 0.9981 -0.0472
vn -0.1734 -0.5910 -0.7878
vn 0.1579 0.9706 0.1815
vn 0.4010 0.9120 0.0866
vn -0.2749 0.6518 0.7068
vn 0.5911 0.7802 0.2048
vn 0.4500 0.8922 0.0394
vn 0.8299 0.3398 0.4426
vn 0.8151 0.2899 0.5015
vn -0.2603 0.6627 0.7022
vn 0.8393 0.3921 0.3765
vn -0.2364 0.7327 0.6382
vn 0.8436 0.4099 0.3469
vn 0.8440 0.4338 0.3154
vn -0.2363 0.7327 0.6382
vn -0.2365 0.7885 0.5677
vn 0.8449 0.4580 0.2763
vn -0.2289 0.8368 0.4973
vn -0.2289 0.8368 0.4974
vn 0.8428 0.5040 0.1890
vn -0.2361 0.9049 0.3542
vn -0.2435 0.9428 0.2278
vn -0.2360 0.9049 0.3541
vn 0.8424 0.5274 0.1102
vn -0.2512 0.9576 0.1413
vn -0.2434 0.9428 0.2278
vn 0.8364 0.5445 0.0632
vn 0.8341 0.5507 0.0315
vn -0.2605 0.9629 0.0711
vn -0.2604 0.9629 0.0710
vn -0.2679 0.9614 -0.0631
vn 0.8275 0.5595 -0.0473
vn -0.2679 0.9614 -0.0630
vn -0.2752 0.9279 -0.2516
vn 0.8228 0.5459 -0.1582
vn -0.2765 0.8611 -0.4266
vn 0.8189 0.5118 -0.2598
vn -0.2833 0.7557 -0.5904
vn 0.8199 0.4493 -0.3548
vn -0.2904 0.3769 -0.8795
vn 0.8269 0.3387 -0.4489
vn 0.8157 0.1569 -0.5568
vn -0.2905 0.3770 -0.8795
vn -0.2906 0.3769 -0.8795
vn 0.7232 -0.1415 -0.6760
vn -0.2905 0.3769 -0.8795
vn 0.4800 -0.4720 -0.7395
vn -0.2905 0.3768 -0.8796
vn 0.2751 -0.6760 -0.6837
vn 0.5041 -0.5907 -0.6301
vn 0.8654 -0.1888 -0.4641
vn 0.9434 0.1966 -0.2672
vn 0.8580 0.4959 -0.1338
vn 0.6516 0.7536 -0.0864
vn 0.5358 0.7801 -0.3231
vn 0.0550 0.9276 -0.3695
vn -0.3138 0.8783 0.3608
vn 0.2602 0.5679 0.7809
vn -0.0474 -0.0791 0.9957
vn 0.4963 0.5120 0.7011
vn -0.0474 -0.0790 0.9958
vn 0.3699 0.6530 0.6609
vn -0.0474 -0.0790 0.9957
vn -0.0868 0.4104 0.9078
vn -0.0863 0.4235 0.9018
vn -0.0790 0.7508 0.6558
vn -0.0786 0.7684 0.6351
vn -0.0630 0.9386 0.3391
vn -0.0630 0.9444 0.3227
vn -0.0471 0.9986 0.0236
vn -0.0472 0.9986 0.0236
vn -0.0944 0.9520 -0.2911
vn -0.0948 0.9490 -0.3005
vn -0.1414 0.7776 -0.6126
vn -0.9938 -0.0003 0.1110
vn -0.9937 -0.0011 0.1123
vn -0.0943 -0.4795 -0.8725
vn -0.0788 -0.5048 -0.8596
vn -0.0630 -0.5353 -0.8423
vn -0.8496 -0.5034 0.1573
vn -0.5115 -0.6846 0.5193
vn -0.6198 -0.5100 0.5964
vn -0.1728 -0.4870 0.8561
vn -0.7093 -0.6935 0.1261
vn -0.8641 -0.5028 0.0236
vn -0.1578 -0.6943 0.7022
vn -0.1103 -0.9931 0.0394
vn -0.6991 -0.7148 0.0157
vn 0.0549 -0.7138 0.6982
vn 0.1101 -0.5033 0.8571
vn -0.1337 -0.9910 0.0079
vn -0.0868 -0.9947 0.0553
vn -0.0706 -0.9960 0.0550
vn -0.0156 -0.9998 0.0079
vn -0.0471 -0.9981 0.0393
vn 0.4010 -0.7549 0.5190
vn 0.5347 -0.6053 0.5897
vn 0.5990 -0.7960 0.0867
vn 0.7774 -0.6282 -0.0314
vn 0.5833 -0.8119 -0.0236
vn -0.0000 -1.0000 -0.0079
vn -0.1491 -0.9888 -0.0000
vn -0.0236 -0.9997 -0.0078
vn 0.7735 -0.6314 -0.0552
vn -0.1338 -0.9910 -0.0079
vn -0.0707 -0.9974 -0.0157
vn 0.3951 -0.7507 -0.5295
vn 0.5290 -0.5921 -0.6079
vn 0.0865 -0.4951 -0.8645
vn 0.0393 -0.7066 -0.7066
vn -0.0707 -0.9974 -0.0158
vn -0.1655 -0.6934 -0.7013
vn -0.1894 -0.4735 -0.8602
vn -0.0785 -0.9968 -0.0157
vn -0.0863 -0.9961 -0.0157
vn -0.5200 -0.6776 -0.5200
vn -0.6228 -0.5124 -0.5912
vn -0.8644 -0.5029 -0.0000
vn -0.7149 -0.6992 -0.0078
vn -0.9851 -0.0000 0.1721
vn -0.9850 -0.0000 0.1728
vn -0.9849 -0.0000 0.1732
vn 0.9848 -0.0000 -0.1737
vn 0.9848 -0.0000 -0.1739
vn 0.9847 -0.0000 -0.1745
vn 0.9848 -0.0000 -0.1735
vn 0.1375 -0.0000 0.9905
vn -0.1640 0.7761 0.6089
vn -0.4164 0.1022 -0.9034
vn -0.0235 0.1258 0.9918
vn -0.7254 0.1182 -0.6781
vn 0.2204 0.6534 0.7243
vn 0.2441 0.9686 0.0473
vn 0.2367 0.9708 0.0395
vn -0.9947 0.0947 0.0395
vn 0.1975 0.9795 0.0395
vn -0.5841 0.1026 0.8052
vn 0.1181 0.9922 0.0394
vn -0.0706 0.1257 0.9896
vn 0.0236 0.9989 0.0393
vn 0.1335 0.1336 0.9820
vn 0.0237 0.2051 -0.9784
vn 0.0236 0.2052 -0.9784
vn 0.0472 0.9988 0.0157
vn 0.1104 0.9939 0.0079
vn 0.0474 0.1578 -0.9863
vn 0.6313 0.7735 -0.0552
vn 0.0707 0.1257 -0.9895
vn 0.6314 0.7735 -0.0553
vn 0.0867 0.0553 -0.9947
vn 0.9550 0.2683 -0.1263
vn 0.0947 0.0395 -0.9947
vn 0.9783 0.1578 -0.1341
vn 0.8889 -0.4483 -0.0944
vn 0.0948 -0.0237 -0.9952
vn 0.0868 -0.0630 -0.9942
vn 0.5823 -0.8105 -0.0629
vn 0.0865 -0.1023 -0.9910
vn 0.4114 -0.9098 -0.0554
vn 0.0863 -0.1101 -0.9902
vn 0.0081 0.2127 0.9771
vn 0.1104 0.9939 -0.0000
vn 0.0550 0.9985 0.0079
vn 0.0080 0.2127 0.9771
vn 0.0315 0.2125 0.9766
vn 0.6304 0.7723 -0.0788
vn 0.1650 0.1965 0.9665
vn 0.6304 0.7722 -0.0788
vn 0.2285 0.1575 0.9607
vn 0.3063 0.0550 0.9503
vn 0.9507 0.2672 -0.1573
vn 0.3137 0.0234 0.9492
vn 0.9750 0.1572 -0.1573
vn 0.2836 -0.1025 0.9534
vn 0.8898 -0.4409 -0.1181
vn 0.8889 -0.4405 -0.1259
vn 0.2432 -0.1570 0.9572
vn 0.5816 -0.8096 -0.0786
vn 0.1264 -0.2369 0.9633
vn 0.1105 -0.2448 0.9633
vn 0.4175 -0.9059 -0.0710
vn 0.0708 0.5351 0.8418
vn 0.0708 0.5350 0.8419
vn 0.0629 0.5112 0.8572
vn 0.0629 0.5112 0.8571
vn 0.0551 0.5113 0.8576
vn 0.0551 0.5114 0.8576
vn 0.0553 0.5055 0.8610
vn 0.0555 0.5056 0.8610
vn 0.0549 0.5021 0.8630
vn 0.0549 0.5021 0.8631
vn 0.0626 0.5018 0.8627
vn 0.0627 0.5018 0.8627
vn 0.0630 0.4960 0.8660
vn 0.0708 0.4957 0.8656
vn 0.0708 0.4958 0.8656
vn 0.0786 0.4954 0.8651
vn 0.0786 0.4955 0.8651
vn -0.9977 0.0236 0.0628
vn -0.9977 0.0236 0.0629
vn -0.9978 0.0234 0.0628
vn -0.9977 0.0235 0.0628
vn -0.9977 0.0238 0.0629
vn -0.9873 0.1580 -0.0158
vn -0.9873 0.1580 -0.0157
vn -0.9873 0.1581 -0.0157
vn -0.0658 -0.9508 -0.3028
vn -0.0658 -0.9508 -0.3027
vn -0.0659 -0.9506 -0.3032
vn -0.1376 -0.0000 -0.9905
vn -0.0236 0.9885 -0.1491
vn -0.1732 -0.0000 -0.9849
vn -0.1733 -0.0000 -0.9849
vn 0.0032 0.9879 -0.1551
vn 0.3673 -0.9287 -0.0508
vn 0.3851 -0.9195 0.0786
vn 0.3791 -0.9241 -0.0474
vn 0.3791 -0.9241 0.0474
vn 0.4792 -0.6207 0.6206
vn 0.4793 -0.6206 0.6206
vn 0.4792 -0.6206 0.6206
vn 0.3765 -0.0392 0.9256
vn 0.3699 -0.0236 0.9288
vn 0.3765 0.0392 0.9256
vn 0.3699 0.0236 0.9288
vn 0.4792 0.6206 0.6206
vn 0.4793 0.6206 0.6206
vn 0.3851 0.9195 0.0786
vn 0.3792 0.9241 0.0474
vn 0.3851 0.9195 -0.0786
vn 0.3791 0.9241 -0.0474
vn 0.4792 0.6206 -0.6206
vn 0.3765 0.0393 -0.9256
vn 0.3699 0.0236 -0.9288
vn 0.3765 -0.0392 -0.9256
vn 0.3699 -0.0236 -0.9288
vn 0.4792 -0.6206 -0.6206
vn 0.3851 -0.9195 -0.0786
vn -0.5759 -0.7691 -0.2770
vn -0.4861 -0.8704 -0.0784
vn -0.5826 -0.5747 -0.5747
vn -0.4717 -0.0472 -0.8805
vn -0.4627 -0.0235 -0.8862
vn -0.4627 0.0236 -0.8862
vn -0.4717 0.0472 -0.8805
vn -0.5826 0.5747 -0.5747
vn -0.4861 0.8704 -0.0784
vn -0.4718 0.8808 -0.0393
vn -0.4719 0.8808 0.0393
vn -0.4862 0.8703 0.0785
vn -0.5826 0.5747 0.5747
vn -0.5826 0.5747 0.5748
vn -0.4717 0.0472 0.8805
vn -0.4627 0.0235 0.8862
vn -0.4627 -0.0235 0.8862
vn -0.4717 -0.0472 0.8805
vn -0.5826 -0.5747 0.5747
vn -0.4861 -0.8704 0.0784
vn -0.4719 -0.8808 0.0393
vn -0.4719 -0.8808 -0.0393
vn 0.2491 0.1008 0.9632
vn -0.0236 0.1259 0.9918
vn -0.0237 0.1259 0.9918
vn 0.3929 -0.9193 0.0235
vn 0.5511 -0.7085 0.4408
vn 0.7223 -0.6909 -0.0314
vn -0.0236 0.1260 0.9918
vn 0.8058 0.0948 0.5846
vn 0.7262 -0.6868 -0.0316
vn 0.7331 0.3863 0.5597
vn -0.0236 0.1260 0.9917
vn 0.9999 0.0078 -0.0079
vn 0.7262 -0.6867 -0.0316
vn 0.7260 -0.6865 -0.0394
vn -0.0236 0.1258 0.9918
vn 0.3556 0.8851 0.3003
vn 0.3699 0.9286 0.0315
vn 0.9195 0.3931 0.0079
vn 0.3630 0.9312 0.0316
vn 0.9125 0.4091 0.0079
vn 0.0315 0.9987 0.0393
vn 0.0314 0.9987 0.0393
vn 0.9998 0.0079 -0.0157
vn 0.7260 -0.6865 -0.0395
vn 0.9998 0.0079 -0.0158
vn 0.7297 -0.6826 -0.0392
vn 0.9697 0.2444 -0.0000
vn -0.2351 -0.7681 -0.5956
vn 0.9021 0.4315 0.0078
vn 0.9082 0.4185 0.0079
vn -0.1806 -0.5813 -0.7934
vn -0.1890 -0.2916 -0.9377
vn 0.8120 0.5834 0.0158
vn 0.3629 0.9310 0.0394
vn 0.4023 0.9150 0.0316
vn -0.3229 -0.0472 -0.9452
vn -0.4561 0.0393 -0.8890
vn 0.1490 0.9881 0.0392
vn 0.0314 0.9984 0.0471
vn 0.1025 0.9940 0.0394
vn 0.0314 0.9984 0.0470
vn 0.0236 0.9986 0.0472
vn 0.0236 0.9986 0.0471
vn 0.1258 0.9913 0.0393
vn -0.1140 0.7409 -0.6619
vn -0.1026 0.8523 -0.5129
vn -0.1336 0.8504 -0.5089
vn -0.1423 0.7117 -0.6879
vn -0.7017 0.6308 -0.3312
vn -0.0710 -0.5679 -0.8201
vn -0.6910 0.4870 -0.5342
vn -0.8753 0.4416 -0.1971
vn -0.0473 -0.6862 -0.7258
vn 0.0865 -0.9282 0.3619
vn -0.8657 0.2991 -0.4015
vn -0.9756 0.2125 -0.0551
vn 0.1336 -0.8493 0.5108
vn 0.1021 -0.8488 0.5187
vn 0.1261 -0.9139 0.3860
vn 0.6982 -0.6355 0.3296
vn -0.0000 -0.5745 -0.8185
vn 0.6693 -0.7244 0.1654
vn 0.8753 -0.4416 0.1971
vn -0.0079 -0.5363 -0.8440
vn 0.8437 -0.5363 0.0237
vn 0.9756 -0.2124 0.0551
vn 0.0237 -0.5213 -0.8530
vn 0.9429 -0.3144 -0.1100
vn 0.9629 -0.0948 -0.2527
vn 0.9969 0.0079 -0.0785
vn 0.0001 -0.5029 -0.8643
vn -0.9583 0.0785 -0.2749
vn 0.9232 0.1263 -0.3630
vn 0.9519 0.2281 -0.2045
vn -0.9830 -0.1337 -0.1260
vn -0.9968 -0.0157 0.0785
vn 0.0236 -0.4721 -0.8812
vn -0.9353 -0.3537 -0.0080
vn -0.9478 -0.2369 0.2133
vn 0.8039 0.3388 -0.4887
vn 0.8337 0.4483 -0.3225
vn -0.0158 -0.4660 -0.8846
vn -0.8164 -0.5653 0.1177
vn -0.8261 -0.4564 0.3305
vn 0.6159 0.5370 -0.5765
vn 0.6364 0.6442 -0.4243
vn 0.0867 0.8591 -0.5044
vn -0.0157 -0.4250 -0.9051
vn 0.0708 0.7865 -0.6135
vn 0.0474 0.8613 -0.5058
vn 0.0284 0.7634 -0.6453
vn -0.0630 -0.2990 -0.9522
vn -0.0785 -0.5257 -0.8471
vn -0.6247 -0.7512 0.2134
vn -0.6285 -0.6519 0.4242
vn -0.0710 -0.8602 0.5050
vn -0.0868 -0.9475 0.3079
vn -0.0552 -0.9303 0.3627
vn -0.0474 -0.8614 0.5058
vn -0.1882 0.9801 0.0627
vn 0.2673 0.4088 0.8726
vn -0.1882 0.9801 0.0628
vn 0.2523 0.3154 0.9148
vn 0.2828 0.2749 0.9189
vn 0.1423 0.0632 -0.9878
vn 0.1413 0.0392 -0.9892
vn 0.1414 0.0157 -0.9898
vn 0.8896 0.4566 0.0078
vn 0.8928 0.4504 0.0079
vn 0.1491 0.0157 -0.9887
vn 0.1579 0.0237 -0.9872
vn 0.1657 0.0158 -0.9861
vn 0.2508 0.2587 0.9328
vn 0.2832 0.2675 0.9210
vn 0.1658 0.0158 -0.9860
vn 0.2514 0.2513 0.9347
vn 0.2839 0.2604 0.9228
vn 0.8975 0.4409 0.0080
vn 0.2518 0.2440 0.9365
vn 0.2847 0.2531 0.9246
vn 0.9095 0.4156 0.0078
vn 0.9082 0.4185 0.0078
vn 0.9223 0.3863 0.0079
vn 0.9223 0.3863 0.0080
vn 0.2523 0.2366 0.9383
vn 0.2830 0.2437 0.9276
vn 0.1657 0.0158 -0.9860
vn 0.1657 0.0079 -0.9861
vn 0.9327 0.3605 0.0077
vn 0.1581 0.0079 -0.9874
vn 0.1580 -0.0000 -0.9874
vn 0.9353 0.3537 0.0078
vn 0.9438 0.3304 0.0078
vn 0.1580 -0.0079 -0.9874
vn 0.2523 0.2365 0.9383
vn 0.2835 0.2363 0.9294
vn 0.1581 -0.0081 -0.9874
vn 0.9518 0.3068 0.0078
vn 0.9540 0.2996 0.0079
vn 0.9438 0.3303 0.0079
vn 0.9517 0.3068 0.0079
vn 0.2514 0.2199 0.9426
vn 0.2913 0.2283 0.9290
vn 0.2518 0.2125 0.9442
vn 0.1968 0.1968 0.9605
vn 0.2918 0.2208 0.9306
vn 0.6521 -0.6688 -0.3570
vn 0.5183 -0.6047 -0.6047
vn 0.7051 -0.5014 -0.5015
vn 0.3945 -0.9155 -0.0789
vn -0.4492 -0.8906 -0.0709
vn 0.3792 -0.0395 -0.9245
vn 0.5834 -0.0158 -0.8120
vn 0.5834 0.0158 -0.8120
vn -0.5877 -0.5721 -0.5721
vn -0.8217 -0.4030 -0.4030
vn -0.7264 -0.6869 -0.0237
vn -0.4342 -0.0395 -0.9000
vn -0.7188 -0.0158 -0.6950
vn -0.7188 0.0158 -0.6951
vn -0.4342 0.0395 -0.8999
vn -0.8217 0.4030 -0.4030
vn 0.3793 0.0395 -0.9244
vn 0.7051 0.5014 -0.5014
vn -0.5877 0.5721 -0.5721
vn 0.5183 0.6047 -0.6047
vn 0.3946 0.9155 -0.0789
vn 0.5921 0.8053 -0.0316
vn 0.5921 0.8053 0.0316
vn -0.4492 0.8906 -0.0710
vn -0.7264 0.6869 -0.0237
vn 0.3946 0.9155 0.0789
vn -0.4492 0.8906 0.0711
vn -0.7264 0.6869 0.0237
vn 0.7051 0.5014 0.5014
vn -0.8217 0.4030 0.4029
vn -0.5877 0.5721 0.5721
vn 0.5183 0.6047 0.6047
vn -0.4342 0.0395 0.9000
vn -0.7188 0.0158 0.6951
vn -0.7188 -0.0158 0.6951
vn 0.3793 0.0395 0.9244
vn 0.5835 0.0158 0.8120
vn 0.5835 -0.0158 0.8120
vn 0.3793 -0.0395 0.9244
vn 0.7051 -0.5014 0.5014
vn -0.4342 -0.0395 0.9000
vn -0.8217 -0.4030 0.4030
vn 0.5183 -0.6048 0.6047
vn -0.5877 -0.5721 0.5721
vn -0.4492 -0.8906 0.0711
vn -0.7264 -0.6869 0.0237
vn 0.3946 -0.9155 0.0790
vn 0.5920 -0.8053 -0.0316
vn 0.5921 -0.8053 0.0316
vn 0.6520 -0.6687 -0.3573
vn 0.5184 -0.6047 -0.6047
vn 0.7051 -0.5014 -0.5014
vn 0.3946 -0.9155 -0.0789
vn -0.3945 -0.9155 -0.0789
vn 0.3793 -0.0395 -0.9244
vn 0.5834 -0.0157 -0.8120
vn -0.0303 -0.9176 -0.3962
vn -0.0867 -0.3676 -0.9259
vn -0.6964 -0.6811 -0.2260
vn -0.3946 -0.9154 -0.0789
vn -0.7051 -0.5014 -0.5014
vn -0.5184 -0.6047 -0.6047
vn -0.3793 -0.0395 -0.9244
vn -0.5835 -0.0158 -0.8120
vn -0.5834 0.0158 -0.8120
vn -0.3793 0.0396 -0.9244
vn -0.7051 0.5013 -0.5015
vn 0.4951 0.0185 -0.8686
vn 0.3793 0.0396 -0.9244
vn -0.7420 0.2862 -0.6062
vn -0.5183 0.6048 -0.6047
vn 0.6068 0.2982 -0.7368
vn -0.7066 0.6779 -0.2031
vn -0.3945 0.9155 -0.0788
vn -0.3946 0.9154 -0.0789
vn -0.7051 0.5014 -0.5014
vn -0.5921 0.8052 -0.0316
vn -0.5921 0.8052 0.0316
vn 0.5673 0.8224 -0.0417
vn -0.5795 0.8120 0.0695
vn -0.3945 0.9155 0.0789
vn -0.0076 0.9998 0.0170
vn -0.6521 0.6689 0.3568
vn -0.6521 0.6689 0.3569
vn 0.6963 0.6812 0.2261
vn 0.6963 0.6812 0.2260
vn -0.6522 0.6689 0.3567
vn -0.5183 0.6047 0.6047
vn -0.3946 0.9155 0.0789
vn 0.6963 0.6812 0.2262
vn 0.5183 0.6046 0.6048
vn -0.6107 0.2639 0.7466
vn -0.3793 0.0396 0.9244
vn -0.7051 0.5014 0.5015
vn -0.5834 0.0158 0.8120
vn -0.3793 0.0395 0.9244
vn -0.5834 -0.0158 0.8120
vn 0.7378 0.2764 0.6158
vn 0.3793 0.0396 0.9244
vn 0.5834 0.0158 0.8120
vn 0.5834 -0.0158 0.8120
vn -0.4945 -0.0185 0.8690
vn -0.3793 -0.0394 0.9245
vn -0.7051 -0.5014 0.5014
vn -0.3793 -0.0395 0.9244
vn -0.5834 -0.0159 0.8120
vn 0.7421 -0.2861 0.6061
vn 0.5183 -0.6047 0.6047
vn -0.6065 -0.2986 0.7369
vn -0.5183 -0.6047 0.6047
vn -0.3946 -0.9155 0.0790
vn -0.7051 -0.5015 0.5014
vn -0.5921 -0.8052 0.0316
vn -0.5921 -0.8053 -0.0316
vn 0.0439 -0.9301 0.3647
vn 0.3946 -0.9155 0.0789
vn 0.5921 -0.8052 -0.0316
vn 0.5921 -0.8052 0.0316
vn 0.3946 -0.9155 -0.0790
vn -0.3946 -0.9155 -0.0790
vn 0.5834 0.0157 -0.8120
vn -0.5183 -0.6047 -0.6047
vn -0.3792 0.0395 -0.9245
vn 0.3791 0.0395 -0.9245
vn -0.5183 0.6047 -0.6047
vn -0.3946 0.9155 -0.0789
vn -0.5921 0.8053 -0.0316
vn -0.5921 0.8052 0.0317
vn -0.3946 0.9155 0.0790
vn -0.7051 0.5014 0.5014
vn -0.3792 0.0395 0.9245
vn -0.5834 0.0157 0.8120
vn 0.3793 -0.0396 0.9244
vn -0.3793 -0.0396 0.9244
vn -0.5183 -0.6048 0.6047
vn -0.3946 -0.9155 0.0789
vn -0.5921 -0.8053 0.0316
vn 0.5834 0.0159 -0.8120
vn -0.5921 -0.8052 -0.0316
vn -0.3793 0.0395 -0.9244
vn 0.5921 0.8052 -0.0317
vn 0.3792 0.0396 0.9245
vn 0.5922 -0.8052 0.0316
vn 0.6523 -0.6686 -0.3572
vn 0.6523 -0.6686 -0.3571
vn 0.6522 -0.6686 -0.3573
vn -0.3946 -0.9155 -0.0789
vn 0.6116 -0.2637 -0.7459
vn -0.0302 -0.9175 -0.3966
vn -0.5834 -0.0158 -0.8120
vn -0.5835 0.0158 -0.8120
vn -0.7051 0.5014 -0.5015
vn 0.6072 0.2981 -0.7365
vn -0.7423 0.2870 -0.6055
vn 0.5183 0.6047 -0.6048
vn 0.3945 0.9155 -0.0789
vn 0.6420 0.6900 -0.3341
vn -0.7067 0.6777 -0.2033
vn -0.7051 0.5015 -0.5014
vn -0.5922 0.8052 -0.0316
vn -0.7051 0.5015 0.5014
vn 0.6963 0.6813 0.2260
vn -0.6521 0.6689 0.3567
vn -0.5834 -0.0158 0.8121
vn 0.7378 0.2762 0.6159
vn 0.6525 -0.0080 0.7577
vn 0.3792 -0.0395 0.9245
vn 0.7422 -0.2860 0.6060
vn 0.7065 -0.6780 0.2030
vn 0.7264 -0.6869 0.0237
vn 0.4492 -0.8906 -0.0709
vn 0.7264 -0.6869 -0.0237
vn 0.4492 -0.8906 0.0709
vn 0.8217 -0.4030 0.4029
vn -0.5921 -0.8053 0.0317
vn 0.5877 -0.5721 0.5721
vn -0.3792 -0.0395 0.9245
vn 0.4342 -0.0395 0.9000
vn 0.7187 -0.0158 0.6951
vn 0.4342 0.0395 0.9000
vn 0.7188 0.0158 0.6950
vn 0.8217 0.4030 0.4030
vn 0.5877 0.5721 0.5721
vn 0.4492 0.8906 0.0709
vn 0.7264 0.6869 0.0237
vn 0.4493 0.8906 -0.0709
vn 0.7264 0.6869 -0.0237
vn 0.8217 0.4030 -0.4029
vn 0.5877 0.5721 -0.5721
vn 0.4342 0.0395 -0.9000
vn 0.7188 0.0158 -0.6951
vn 0.4342 -0.0395 -0.8999
vn 0.7188 -0.0158 -0.6951
vn 0.8217 -0.4030 -0.4030
vn 0.5878 -0.5720 -0.5721
vn 0.4294 0.2011 0.8804
vn 0.2769 0.1503 0.9491
vn 0.2841 0.1499 0.9470
vn 0.9518 0.3068 -0.0001
vn 0.9518 0.3068 -0.0000
vn 0.9414 0.3373 -0.0000
vn 0.3000 0.1658 0.9394
vn 0.2992 0.0551 -0.9526
vn 0.3158 0.0553 -0.9472
vn 0.9405 0.3399 -0.0000
vn 0.3388 0.0788 -0.9375
vn 0.9317 0.3632 -0.0000
vn 0.3157 0.1815 0.9313
vn 0.9317 0.3633 -0.0000
vn 0.3547 0.0946 -0.9302
vn 0.9196 0.3930 -0.0000
vn 0.3313 0.1972 0.9227
vn 0.3636 0.1107 -0.9249
vn 0.3466 0.2126 0.9136
vn 0.3765 0.1255 -0.9179
vn 0.9007 0.4345 -0.0000
vn 0.3703 0.2364 0.8983
vn 0.3764 0.2431 0.8940
vn 0.3947 0.1421 -0.9077
vn 0.4104 0.1500 -0.8995
vn 0.8929 0.4503 -0.0001
vn 0.7276 0.6407 -0.2452
vn 0.8928 0.4505 -0.0000
vn 0.7265 0.6871 0.0079
vn 0.1976 0.9802 0.0079
vn 0.5029 0.8643 0.0078
vn 0.4090 0.6608 -0.6293
vn 0.1962 0.9805 0.0156
vn 0.4899 -0.2132 -0.8453
vn 0.1957 0.9805 0.0160
vn 0.7707 0.6372 -0.0000
vn 0.4413 -0.4571 -0.7722
vn 0.5028 0.8643 0.0157
vn 0.1961 0.9805 0.0157
vn 0.9462 0.3234 -0.0079
vn 0.8341 -0.5508 -0.0315
vn 0.9487 0.3163 -0.0000
vn 0.8343 -0.5510 -0.0157
vn 0.8344 0.5510 0.0079
vn 0.5027 0.8643 0.0157
vn 0.8284 -0.5602 -0.0079
vn 0.8381 0.5455 0.0079
vn 0.8222 -0.5692 -0.0080
vn 0.8403 0.5420 0.0078
vn 0.9591 0.2830 0.0078
vn 0.8185 -0.5745 -0.0079
vn 0.8121 -0.5835 -0.0000
vn 0.9612 0.2757 0.0079
vn 0.8185 0.5745 0.0079
vn 0.4659 -0.2053 0.8607
vn 0.2286 -0.2601 0.9381
vn 0.5029 0.8642 0.0157
vn 0.2439 0.7239 0.6453
vn 0.4313 -0.0312 0.9017
vn 0.2355 -0.1098 0.9656
vn 0.2829 -0.5027 0.8169
vn 0.8677 -0.0079 0.4970
vn 0.3469 -0.5203 0.7804
vn 0.2591 -0.4476 0.8559
vn 0.9078 0.0316 0.4183
vn 0.8403 -0.0157 0.5419
vn 0.4247 -0.5112 0.7472
vn 0.2750 -0.3692 0.8877
vn 0.9437 0.1022 0.3146
vn 0.8178 0.0393 0.5741
vn 0.4808 -0.5044 0.7172
vn 0.3636 -0.1659 0.9167
vn 0.9582 0.1728 0.2278
vn 0.7881 0.1025 0.6069
vn 0.5272 -0.5035 0.6845
vn 0.7674 0.1424 0.6251
vn 0.9602 0.2361 0.1495
vn 0.1885 0.9740 0.1256
vn 0.5663 -0.5033 0.6527
vn 0.9829 0.1730 0.0629
vn 0.9513 0.2909 0.1022
vn 0.1502 0.9879 0.0395
vn 0.6134 -0.4876 0.6213
vn 0.9835 0.1810 -0.0079
vn 0.9339 0.3533 0.0550
vn 0.1732 0.9841 0.0394
vn 0.6601 -0.4557 0.5972
vn 0.9810 0.1805 -0.0706
vn 0.9052 0.4250 0.0079
vn 0.7258 -0.4102 0.5522
vn 0.8630 0.5022 -0.0549
vn 0.8172 0.5658 -0.1100
vn 0.7876 -0.3544 0.5041
vn 0.7698 0.6206 -0.1493
vn 0.8274 -0.3152 0.4649
vn 0.7393 0.6528 -0.1651
vn 0.8474 -0.2982 0.4394
vn 0.7234 0.6684 -0.1730
vn 0.8589 -0.3073 0.4097
vn 0.7215 0.6744 -0.1569
vn 0.8750 -0.2917 0.3863
vn 0.8906 0.4020 -0.2128
vn -0.0158 0.8763 -0.4815
vn 0.8726 0.4088 -0.2672
vn -0.1263 0.8841 -0.4499
vn 0.1182 -0.0000 -0.9930
vn 0.7807 0.6230 0.0474
vn 0.1026 -0.0079 -0.9947
vn 0.8651 0.3775 -0.3303
vn 0.8561 0.3535 -0.3770
vn 0.1026 -0.0158 -0.9946
vn 0.8418 0.3226 -0.4327
vn 0.8219 0.2766 -0.4979
vn 0.1026 -0.0237 -0.9944
vn 0.8016 0.2515 -0.5423
vn 0.1104 -0.0157 -0.9938
vn 0.7689 0.3138 -0.5571
vn 0.5363 -0.0080 -0.8440
vn 0.9810 0.1806 -0.0706
vn 0.0393 0.9987 0.0314
vn 0.9825 -0.1650 -0.0864
vn 0.0156 0.9994 0.0315
vn 0.9790 -0.1658 0.1184
vn 0.5600 -0.0237 0.8282
vn 0.8114 0.3545 0.4648
vn 0.9963 0.0863 -0.0001
vn 0.0784 0.9964 0.0313
vn 0.0553 0.0711 0.9959
vn 0.0784 0.9962 0.0392
vn 0.8358 0.3155 0.4494
vn 0.9975 0.0706 -0.0078
vn 0.0393 0.0706 0.9967
vn 0.0868 0.9954 0.0395
vn 0.8535 0.3398 0.3951
vn 0.9985 0.0550 -0.0079
vn 0.0314 0.0707 0.9970
vn 0.1026 0.9939 0.0395
vn 0.8677 0.3707 0.3312
vn 0.9974 0.0706 -0.0157
vn 0.0392 0.0706 0.9967
vn 0.8800 0.3928 0.2670
vn 0.0393 0.0707 0.9967
vn 0.8788 0.4237 0.2197
vn 0.0474 0.0790 0.9957
vn 0.8821 0.4411 0.1654
vn 0.0787 0.0945 0.9924
vn 0.1021 0.1021 0.9895
vn 0.8720 0.4635 0.1572
vn 0.5741 0.0393 0.8178
vn 0.6671 0.7299 -0.1491
vn 0.8204 -0.4418 0.3629
vn 0.6376 0.7557 -0.1495
vn 0.8323 -0.4397 0.3376
vn 0.5754 0.8041 -0.1497
vn 0.8493 -0.4404 0.2910
vn 0.5110 0.8492 -0.1336
vn 0.8660 -0.4488 0.2204
vn 0.4786 0.8711 -0.1099
vn 0.8760 -0.4499 0.1736
vn 0.4636 0.8801 -0.1022
vn 0.8812 -0.4485 0.1495
vn 0.5500 0.8328 -0.0628
vn 0.9287 -0.3542 0.1102
vn 0.5356 0.8427 -0.0551
vn 0.9210 -0.3780 0.0945
vn 0.5358 0.8430 -0.0472
vn 0.9126 -0.4012 0.0787
vn 0.5453 0.8377 -0.0316
vn 0.8988 -0.4337 0.0631
vn 0.5743 0.8183 -0.0236
vn 0.8754 -0.4811 0.0473
vn 0.8374 -0.5451 0.0395
vn 0.6237 0.7815 -0.0158
vn 0.7845 -0.6197 0.0235
vn 0.6912 0.7226 -0.0078
vn 0.7149 -0.6992 0.0079
vn 0.7816 0.6238 -0.0000
vn 0.8404 0.5420 -0.0000
vn 0.6789 -0.7342 -0.0079
vn 0.6704 -0.7414 -0.0315
vn 0.8677 0.4970 -0.0079
vn 0.7830 -0.4113 -0.4666
vn 0.8592 0.5043 -0.0867
vn 0.8892 0.4564 -0.0315
vn 0.8591 0.5044 -0.0866
vn 0.2049 0.0473 -0.9776
vn 0.8926 0.4503 -0.0236
vn 0.2123 0.0629 -0.9752
vn 0.2603 0.0787 -0.9623
vn 0.2985 0.0864 -0.9505
vn 0.9064 0.4177 0.0631
vn 0.3080 0.0790 -0.9481
vn 0.9160 0.3948 0.0711
vn 0.2918 0.0631 -0.9544
vn 0.2755 0.0472 -0.9601
vn 0.9391 0.3393 -0.0551
vn 0.2922 0.0395 -0.9556
vn 0.9492 0.3138 -0.0235
vn 0.3300 0.0471 -0.9428
vn 0.9165 0.3950 -0.0631
vn 0.3854 0.7629 -0.5191
vn 0.7142 0.6592 -0.2354
vn 0.4955 0.8337 -0.2438
vn 0.9517 0.3068 -0.0079
vn -0.0708 0.9975 -0.0000
vn 0.9614 0.2679 0.0630
vn -0.0784 0.9962 -0.0392
vn -0.0157 0.9887 0.1490
vn 0.9516 0.3068 -0.0158
vn 0.9715 0.2054 0.1185
vn -0.0550 0.9503 -0.3063
vn 0.4270 0.1819 0.8858
vn 0.9555 0.2922 -0.0395
vn 0.9665 0.2279 0.1178
vn -0.0000 0.7565 -0.6540
vn 0.4811 -0.0474 0.8754
vn 0.9618 0.2681 -0.0552
vn 0.4170 -0.9048 0.0866
vn 0.0551 0.5114 -0.8576
vn 0.9834 0.1731 0.0550
vn 0.9696 0.2365 -0.0631
vn 0.3691 -0.9267 -0.0707
vn 0.1254 0.2351 -0.9638
vn 0.9909 0.1337 -0.0157
vn 0.9726 0.2214 -0.0712
vn 0.1575 0.0709 -0.9850
vn 0.3707 -0.9230 -0.1026
vn 0.9762 0.2047 -0.0709
vn 0.9907 0.1337 -0.0236
vn 0.1966 -0.0945 -0.9759
vn 0.3545 -0.8587 -0.3702
vn 0.9829 0.1730 -0.0629
vn 0.3154 -0.6387 -0.7018
vn 0.2596 -0.3775 -0.8889
vn 0.9879 0.1501 -0.0395
vn 0.4811 -0.8675 0.1262
vn 0.9692 0.2442 -0.0315
vn 0.4570 -0.7328 0.5042
vn 0.3935 -0.4331 0.8109
vn 0.9677 0.2517 -0.0158
vn 0.9726 0.2293 -0.0395
vn 0.4804 -0.8742 0.0709
vn 0.3160 -0.1264 0.9403
vn 0.9670 0.2516 -0.0393
vn 0.9747 0.2201 -0.0393
vn 0.9667 0.2515 -0.0472
vn 0.2756 0.0236 0.9610
vn 0.4336 -0.8673 -0.2444
vn 0.9764 0.2126 -0.0394
vn 0.0394 -0.1181 -0.9922
vn 0.2440 0.1811 0.9527
vn 0.9763 0.2126 0.0394
vn 0.9780 0.2050 -0.0394
vn 0.9805 0.1961 0.0157
vn 0.1815 0.5047 0.8440
vn -0.0315 0.1732 -0.9844
vn 0.9795 0.1975 -0.0395
vn 0.9856 0.1497 -0.0788
vn 0.1183 0.8201 0.5599
vn 0.0080 0.9802 -0.1976
vn 0.9818 0.1885 -0.0234
vn 0.0631 0.9878 0.1422
vn 0.0631 0.9798 0.1897
vn 0.9819 0.1885 -0.0157
vn 0.9834 0.1810 -0.0157
vn -0.2834 -0.2047 -0.9369
vn -0.5266 0.2594 -0.8096
vn -0.4029 -0.3871 -0.8294
vn -0.3549 0.1499 -0.9228
vn -0.8277 -0.5283 -0.1892
vn 0.0708 0.9922 0.1023
vn -0.6709 0.7103 0.2130
vn -0.7163 0.6848 0.1338
vn -0.9665 0.1965 -0.1650
vn -0.8779 -0.4783 -0.0235
vn 0.0864 0.9893 0.1178
vn -0.7244 0.6692 0.1655
vn 0.1185 0.9876 0.1027
vn 0.1255 0.9883 0.0863
vn 0.1179 0.9829 0.1415
vn -0.7632 0.4799 0.4327
vn 0.1258 0.9830 0.1337
vn 0.1257 0.9819 0.1414
vn -0.2688 0.7590 0.5930
vn 0.1257 0.9819 0.1415
vn -0.2828 0.4321 0.8563
vn -0.7555 0.1810 0.6296
vn 0.0080 0.7778 0.6285
vn -0.1577 0.0631 0.9855
vn -0.7178 -0.0552 0.6940
vn -0.0000 0.6237 0.7816
vn 0.5755 0.7804 0.2444
vn 0.5754 0.7805 0.2444
vn 0.5818 0.7784 0.2359
vn 0.5829 0.7798 0.2284
vn 0.5755 0.7804 0.2445
vn 0.5937 0.7838 0.1821
vn 0.1261 0.9849 0.1182
vn 0.1264 0.9874 0.0948
vn 0.6008 0.7905 0.1186
vn 0.1257 0.9901 0.0629
vn 0.1258 0.9905 0.0550
vn 0.5960 0.7842 0.1725
vn -0.9930 0.1182 -0.0000
vn 0.1257 0.9905 0.0550
vn -0.9961 0.0870 0.0158
vn -0.8896 -0.4567 -0.0000
vn 0.1259 0.9903 0.0587
vn 0.1258 0.9909 0.0472
vn -0.9960 0.0863 0.0235
vn -0.8928 -0.4504 0.0079
vn -0.9935 0.0947 0.0631
vn -0.8887 -0.4561 0.0472
vn -0.9565 0.1489 0.2509
vn -0.8277 -0.5124 0.2286
vn 0.1259 0.9909 0.0472
vn 0.1180 0.9925 0.0315
vn -0.5581 0.1415 0.8176
vn -0.4562 -0.4011 0.7943
vn -0.3709 -0.2842 0.8841
vn -0.4400 0.0630 0.8958
vn 0.0549 0.9980 0.0314
vn -0.6788 0.7340 -0.0237
vn 0.1182 0.9925 0.0315
vn 0.0784 0.9969 -0.0078
vn -0.6951 0.7189 0.0079
vn 0.1260 0.9918 0.0236
vn 0.1182 0.9925 -0.0315
vn -0.6908 0.7223 -0.0314
vn 0.1260 0.9920 0.0079
vn -0.6686 0.6843 -0.2910
vn 0.1260 0.9915 -0.0315
vn -0.1650 0.7466 -0.6445
vn -0.7149 0.4320 -0.5499
vn 0.1259 0.9918 -0.0236
vn -0.2928 0.4590 -0.8388
vn -0.7556 0.1810 -0.6296
vn 0.0630 0.7869 -0.6138
vn 0.1259 0.9915 -0.0314
vn 0.1259 0.9915 -0.0315
vn 0.6117 0.7528 -0.2431
vn 0.6220 0.7558 -0.2047
vn 0.6118 0.7528 -0.2431
vn 0.6376 0.7557 -0.1496
vn 0.6439 0.7618 -0.0707
vn 0.6456 0.7637 -0.0079
vn 0.6440 0.7617 -0.0707
vn 0.9444 0.2440 -0.2204
vn 0.9565 0.2509 -0.1490
vn 0.6456 0.7636 -0.0079
vn 0.9648 0.2510 -0.0784
vn 0.6324 0.7746 0.0079
vn 0.9673 0.2516 -0.0315
vn 0.6323 0.7747 0.0079
vn 0.1259 0.9913 0.0393
vn 0.6236 0.7814 0.0237
vn 0.6146 0.7879 0.0394
vn 0.6235 0.7815 0.0237
vn 0.6145 0.7879 0.0394
vn 0.6054 0.7940 0.0550
vn 0.6014 0.7912 0.1108
vn 0.9657 0.2592 0.0156
vn 0.9673 0.2516 0.0315
vn 0.9624 0.2446 0.1183
vn 0.9658 0.2592 -0.0079
vn 0.9929 0.1182 -0.0158
vn 0.9915 0.1259 -0.0315
vn 0.8643 -0.5029 -0.0079
vn 0.9878 0.1343 -0.0790
vn 0.8676 -0.4968 -0.0237
vn 0.9773 0.1419 -0.1576
vn 0.8801 -0.4715 -0.0550
vn 0.8826 -0.4570 -0.1103
vn 0.9630 0.1421 -0.2289
vn 0.8759 -0.4814 -0.0316
vn 0.8705 -0.4548 -0.1882
vn 0.8675 -0.4969 -0.0237
vn 0.5654 -0.8245 -0.0236
vn 0.5686 -0.8212 -0.0474
vn 0.5678 -0.8201 -0.0710
vn 0.8722 -0.4479 -0.1964
vn 0.5563 -0.8226 -0.1175
vn 0.5652 -0.8243 -0.0314
vn 0.4102 -0.9071 -0.0947
vn 0.3861 -0.9219 -0.0315
vn 0.5269 -0.8493 -0.0315
vn 0.5121 -0.8507 -0.1182
vn 0.5060 -0.8619 -0.0316
vn -0.3552 -0.9314 -0.0789
vn -0.3762 -0.9249 -0.0549
vn 0.5360 -0.8436 -0.0315
vn 0.5362 -0.8438 -0.0236
vn 0.5363 -0.8440 -0.0079
vn 0.5655 -0.8247 -0.0056
vn 0.5362 -0.8438 0.0237
vn 0.8588 -0.5122 0.0079
vn 0.5118 -0.8582 0.0393
vn 0.5653 -0.8243 0.0314
vn 0.4087 -0.9121 0.0315
vn -0.3545 -0.9217 0.1576
vn -0.4012 -0.9126 0.0787
vn 0.5678 -0.8201 0.0710
vn 0.4244 -0.9038 0.0550
vn -0.4190 -0.9012 0.1107
vn 0.5344 -0.8408 0.0864
vn 0.8546 -0.5144 0.0712
vn 0.4632 -0.8794 0.1099
vn -0.5191 -0.7629 0.3854
vn 0.4978 -0.8612 0.1027
vn 0.0394 -0.8433 0.5359
vn -0.6243 -0.4899 0.6085
vn 0.4791 -0.8718 0.1021
vn -0.0944 -0.5667 0.8185
vn -0.6787 -0.2604 0.6867
vn 0.3077 -0.7574 0.5759
vn 0.8299 -0.5218 0.1976
vn 0.8298 -0.5219 0.1976
vn 0.8337 -0.5190 0.1887
vn 0.8469 -0.5145 0.1345
vn 0.8492 -0.5110 0.1336
vn 0.8567 -0.5109 0.0707
vn 0.9735 0.1178 0.1962
vn 0.8589 -0.5120 0.0079
vn 0.9915 0.1259 0.0315
vn 0.9859 0.1261 0.1104
vn 0.9499 0.2433 0.1963
vn 0.9401 0.2370 0.2449
vn 0.9566 0.1175 0.2666
vn 0.9294 0.2363 0.2835
vn 0.8265 -0.5274 0.1968
vn 0.9434 0.1730 0.2830
vn 0.9526 0.1102 0.2834
vn 0.2436 -0.6286 0.7386
vn 0.1102 -0.0787 0.9908
vn 0.0948 -0.0158 0.9954
vn -0.1103 -0.1813 0.9772
vn 0.0869 0.0474 0.9951
vn -0.1024 -0.0552 0.9932
vn -0.7027 -0.1105 0.7029
vn 0.4562 -0.8809 -0.1258
vn -0.3711 -0.9238 -0.0947
vn 0.4562 -0.8809 -0.1260
vn -0.3687 -0.8630 -0.3452
vn -0.5040 -0.6301 -0.5907
vn 0.4969 -0.8597 -0.1183
vn 0.1104 -0.7107 -0.6948
vn 0.4723 -0.8735 -0.1181
vn 0.8593 -0.4494 -0.2444
vn 0.8430 -0.4570 -0.2836
vn 0.3387 -0.6614 -0.6693
vn 0.8593 -0.4493 -0.2444
vn 0.8430 -0.4571 -0.2836
vn -0.1099 -0.4787 -0.8711
vn -0.6373 -0.4091 -0.6531
vn -0.7112 -0.2529 -0.6559
vn 0.2367 -0.5443 -0.8048
vn -0.1415 -0.1729 -0.9747
vn -0.7403 -0.1575 -0.6536
vn 0.0869 -0.0630 -0.9942
vn -0.1810 -0.0000 -0.9835
vn -0.7635 0.0157 -0.6456
vn 0.0628 0.0471 -0.9969
vn 0.9320 0.1264 -0.3396
vn 0.9470 0.1341 -0.2920
vn 0.9217 0.1891 -0.3387
vn 0.9226 0.2523 -0.2918
vn 0.9064 0.2522 -0.3389
vn 0.6079 0.7579 -0.2368
vn 0.0395 0.1578 -0.9867
vn -0.0000 0.6456 -0.7637
vn -0.2128 0.1734 -0.9616
vn -0.0315 -0.0157 -0.9994
vn -0.5599 -0.0315 -0.8280
vn -0.2924 -0.0158 -0.9562
vn -0.7340 -0.0237 -0.6788
vn -0.4022 -0.0394 -0.9147
vn -0.9869 -0.0316 0.1579
vn -0.3863 -0.0236 -0.9221
vn -0.9996 -0.0236 -0.0156
vn -0.9940 -0.0552 -0.0947
vn -0.9726 -0.0395 0.2293
vn -0.9623 -0.1341 0.2367
vn -0.9520 -0.1338 -0.2754
vn -0.3397 0.1264 -0.9320
vn 0.0866 0.1574 -0.9837
vn -0.9673 -0.2202 0.1258
vn -0.8643 -0.2436 -0.4400
vn -0.3937 0.2598 -0.8818
vn 0.0631 0.2918 -0.9544
vn -0.9484 -0.3161 -0.0238
vn -0.7584 -0.3318 -0.5609
vn -0.3945 0.4969 -0.7730
vn 0.0315 0.5361 -0.8435
vn -0.6940 -0.3470 -0.6308
vn -0.7393 -0.1652 0.6528
vn -0.9119 -0.3931 -0.1179
vn -0.6517 -0.3455 -0.6752
vn -0.6305 -0.3783 -0.6777
vn -0.8013 -0.2357 0.5499
vn -0.6156 -0.1026 0.7813
vn -0.3862 -0.0236 0.9221
vn -0.5756 -0.0946 0.8122
vn -0.2611 -0.0159 0.9652
vn -0.6063 -0.0000 0.7952
vn -0.2441 -0.0473 0.9686
vn 0.2437 0.1887 0.9513
vn 0.1022 0.1021 0.9895
vn 0.0158 0.1104 0.9938
vn -0.2128 -0.0315 0.9766
vn -0.1809 0.0157 0.9834
vn -0.5128 -0.1026 0.8523
vn -0.2052 0.0237 0.9784
vn -0.5511 -0.0000 0.8345
vn -0.1104 0.0158 0.9938
vn -0.4876 -0.0079 0.8730
vn -0.0550 0.0157 0.9984
vn -0.9625 -0.0395 0.2683
vn -0.4566 -0.0157 0.8895
vn -0.0393 0.0079 0.9992
vn -0.9533 -0.0788 0.2915
vn -0.4876 -0.1652 0.8573
vn -0.0472 -0.1732 0.9838
vn -0.9421 -0.1178 0.3140
vn -0.4794 -0.2986 0.8252
vn -0.0471 -0.3300 0.9428
vn -0.9294 -0.2048 0.3072
vn -0.4647 -0.5199 0.7168
vn -0.0394 -0.5741 0.8179
vn -0.3779 0.7321 -0.5668
vn 0.0237 0.7882 -0.6149
vn 0.0079 0.9317 -0.3632
vn -0.9153 -0.3314 0.2288
vn -0.4319 -0.7381 0.5183
vn -0.0157 -0.8147 0.5797
vn -0.4105 0.8525 -0.3236
vn 0.0157 0.9994 -0.0315
vn -0.8910 -0.4337 0.1341
vn -0.3633 -0.8846 0.2922
vn 0.0079 -0.9463 0.3233
vn -0.9431 -0.3301 -0.0393
vn -0.4340 0.8996 -0.0474
vn 0.0158 0.9999 -0.0000
vn -0.3632 -0.9317 0.0079
vn -0.4564 0.8892 -0.0315
vn -0.9449 -0.3227 -0.0551
vn -0.3536 -0.9351 -0.0236
vn -0.5498 0.8246 0.1335
vn 0.0395 0.9708 0.2368
vn -0.9629 -0.2131 -0.1657
vn -0.4003 -0.8790 -0.2590
vn -0.0316 -0.9710 -0.2369
vn -0.6126 0.6989 0.3691
vn 0.0236 0.7950 0.6061
vn -0.9395 -0.1500 -0.3079
vn -0.4573 -0.6780 -0.5755
vn -0.0474 -0.7982 -0.6006
vn -0.5053 -0.4658 -0.7264
vn -0.0788 -0.5906 -0.8031
vn -0.9386 -0.0631 -0.3391
vn -0.5122 -0.3230 -0.7958
vn -0.1025 -0.4098 -0.9064
vn -0.6605 0.5426 0.5190
vn 0.0470 0.5880 0.8075
vn -0.9397 -0.0395 -0.3396
vn -0.5262 -0.3063 -0.7933
vn -0.1102 -0.4095 -0.9056
vn -0.6940 0.3865 0.6074
vn 0.0868 0.4104 0.9078
vn -0.9556 -0.0395 -0.2922
vn -0.5264 -0.3771 -0.7621
vn -0.1180 -0.4722 -0.8736
vn -0.6305 0.3783 0.6778
vn 0.0866 0.4173 0.9046
vn -0.6062 0.4173 0.6771
vn 0.0943 0.4795 0.8725
vn -0.9588 -0.0707 -0.2751
vn -0.5293 -0.4504 -0.7190
vn -0.1261 -0.5358 -0.8349
vn -0.1331 -0.6266 -0.7679
vn -0.9633 -0.1263 -0.2369
vn -0.5828 0.4489 0.6773
vn 0.1022 0.5427 0.8337
vn -0.5409 -0.5331 -0.6506
vn -0.1416 -0.6921 -0.7078
vn -0.9665 -0.1650 -0.1965
vn -0.5669 0.5117 0.6456
vn 0.1099 0.6286 0.7699
vn -0.5532 0.5690 0.6085
vn 0.1176 0.6903 0.7139
vn -0.9634 -0.1974 -0.1816
vn -0.6386 0.5282 0.5597
vn -0.0943 0.7000 0.7079
vn -0.4178 0.6305 0.6542
vn -0.5346 -0.5897 -0.6054
vn -0.9636 -0.2212 -0.1501
vn -0.7776 0.4163 0.4713
vn -0.6224 0.5042 0.5987
vn -0.5341 -0.6284 -0.5655
vn -0.1415 -0.7232 -0.6760
vn -0.9613 -0.2364 -0.1418
vn -0.7862 0.3695 0.4953
vn -0.6563 0.4112 0.6326
vn -0.5362 -0.6387 -0.5519
vn -0.1338 -0.7240 -0.6767
vn -0.9586 -0.2515 -0.1336
vn -0.7922 0.2823 0.5411
vn -0.6843 0.2910 0.6686
vn -0.5263 -0.6206 -0.5813
vn -0.1261 -0.6855 -0.7170
vn -0.1418 -0.6383 -0.7566
vn -0.9496 -0.2904 -0.1177
vn -0.5208 -0.5997 -0.6076
vn -0.1500 -0.6157 -0.7736
vn -0.9276 -0.3616 -0.0942
vn -0.5125 -0.6072 -0.6072
vn -0.1180 -0.5742 -0.8102
vn -0.7970 0.1815 0.5761
vn -0.8471 -0.5256 -0.0785
vn -0.4814 -0.6392 -0.5998
vn -0.0944 -0.5191 -0.8495
vn -0.7417 0.0079 0.6707
vn -0.6206 0.1493 0.7698
vn -0.7706 -0.6291 -0.1022
vn -0.6530 -0.0551 0.7553
vn -0.5057 0.1264 0.8534
vn -0.4178 -0.6464 -0.6385
vn -0.7398 -0.6610 -0.1259
vn -0.0550 -0.4244 -0.9038
vn 0.2605 -0.1343 -0.9561
vn 0.3793 0.1739 -0.9088
vn -0.4391 -0.6194 -0.6508
vn -0.1023 -0.2597 -0.9603
vn 0.4577 0.3949 -0.7966
vn -0.8013 -0.5813 -0.1414
vn -0.1809 -0.0315 -0.9830
vn 0.4486 0.5745 -0.6846
vn -0.5349 -0.4956 -0.6843
vn -0.2442 0.3232 -0.9143
vn 0.4329 0.6374 -0.6374
vn -0.6611 -0.3069 -0.6847
vn -0.8643 -0.4871 -0.1256
vn -0.5613 -0.0949 0.8222
vn -0.3864 0.1183 0.9147
vn -0.2829 0.0314 0.9586
vn -0.4713 -0.1335 0.8718
vn -0.1974 -0.1341 0.9711
vn -0.3850 -0.2515 0.8880
vn -0.0315 -0.4089 0.9121
vn -0.9195 -0.3773 -0.1100
vn -0.2367 -0.4812 0.8440
vn -0.0078 -0.5419 0.8404
vn -0.7628 -0.0472 -0.6449
vn -0.1964 -0.5971 0.7778
vn -0.0628 -0.6358 0.7693
vn -0.9379 -0.3232 -0.1261
vn -0.7712 0.0944 -0.6296
vn -0.9462 -0.2681 -0.1813
vn -0.2751 -0.6679 0.6915
vn -0.2131 -0.7103 0.6709
vn -0.1966 0.5034 -0.8414
vn -0.4178 -0.7094 0.5676
vn -0.2593 -0.7464 0.6129
vn -0.9503 -0.2121 -0.2278
vn -0.6585 0.2822 -0.6977
vn -0.1340 0.5908 -0.7956
vn 0.4108 0.6717 -0.6165
vn -0.5595 0.4019 -0.7249
vn 0.3850 0.7230 -0.5736
vn 0.3851 0.7230 -0.5736
vn -0.5650 0.4394 -0.6984
vn -0.9508 -0.1808 -0.2515
vn -0.2443 0.6777 -0.6935
vn 0.3397 0.7664 -0.5452
vn -0.5911 0.4492 -0.6699
vn -0.5016 -0.7210 0.4781
vn -0.2510 -0.7687 0.5883
vn -0.9527 -0.1575 -0.2598
vn -0.5213 -0.7345 0.4344
vn -0.2055 -0.7905 0.5770
vn -0.6857 0.4019 -0.6069
vn -0.9566 -0.1177 -0.2666
vn -0.6209 -0.6996 0.3537
vn -0.7789 -0.5980 0.1889
vn -0.9605 -0.1338 -0.2440
vn -0.9625 -0.1578 -0.2209
vn -0.7628 -0.6134 0.2045
vn -0.7343 0.3711 -0.5685
vn -0.9595 -0.2281 -0.1652
vn -0.6976 -0.6740 0.2430
vn -0.7309 0.3930 -0.5580
vn -0.3314 0.6789 -0.6552
vn 0.2746 0.8001 -0.5333
vn 0.2119 0.8239 -0.5257
vn -0.3936 0.6694 -0.6300
vn 0.1646 0.8394 -0.5180
vn -0.7587 0.3794 -0.5295
vn -0.4389 0.6584 -0.6114
vn 0.1338 0.8580 -0.4959
vn -0.9380 -0.3311 -0.1025
vn -0.5925 -0.7506 0.2924
vn -0.8039 0.3389 -0.4887
vn -0.4808 0.6545 -0.5835
vn 0.1099 0.8794 -0.4633
vn -0.9047 -0.4249 -0.0315
vn -0.4717 -0.8176 0.3302
vn -0.8451 0.3002 -0.4423
vn -0.5190 0.6605 -0.5426
vn 0.0944 0.9041 -0.4167
vn -0.8586 -0.5121 0.0236
vn -0.3379 -0.8722 0.3536
vn -0.8808 0.2753 -0.3853
vn -0.5510 0.6769 -0.4880
vn -0.0158 0.9222 -0.3863
vn -0.7978 -0.6003 0.0553
vn -0.2047 -0.9213 0.3307
vn -0.9148 0.2524 -0.3154
vn -0.6293 0.6608 -0.4091
vn -0.3078 0.8918 -0.3315
vn -0.7399 -0.6690 0.0708
vn -0.1101 -0.9594 0.2595
vn -0.9487 0.2195 -0.2274
vn -0.7470 0.5898 -0.3067
vn -0.9736 0.1727 -0.1492
vn -0.8252 0.5266 -0.2043
vn -0.8570 0.4954 -0.1415
vn -0.5036 0.8578 -0.1023
vn -0.7065 -0.7066 0.0393
vn -0.0787 -0.9844 0.1575
vn -0.9874 0.1264 -0.0948
vn -0.8678 0.4892 -0.0868
vn -0.5109 0.8567 -0.0707
vn -0.6950 -0.7186 0.0237
vn -0.0787 -0.9916 0.1023
vn -0.9919 0.1102 -0.0630
vn -0.6989 -0.7146 0.0314
vn -0.0867 -0.9931 0.0788
vn -0.9928 0.1103 -0.0473
vn -0.8359 0.5442 -0.0710
vn -0.0947 -0.9940 0.0552
vn -0.9913 0.1259 -0.0393
vn -0.7409 0.6700 -0.0473
vn -0.7149 -0.6992 0.0079
vn -0.1026 -0.9942 0.0316
vn -0.7149 -0.6992 -0.0000
vn -0.1026 -0.9944 0.0237
vn -0.9897 0.1414 -0.0236
vn -0.7071 -0.7071 -0.0000
vn -0.1026 -0.9947 0.0079
vn -0.6748 0.7376 -0.0235
vn -0.5601 0.8282 -0.0158
vn -0.9861 0.1657 -0.0079
vn -0.6623 0.7490 -0.0158
vn -0.6150 0.7885 -0.0000
vn -0.7110 -0.7032 -0.0000
vn -0.1104 -0.9939 -0.0000
vn -0.1104 -0.9936 -0.0237
vn -0.9862 0.1657 -0.0000
vn -0.7707 -0.6370 -0.0157
vn -0.1967 -0.9363 -0.2911
vn -0.6789 0.7342 -0.0000
vn -0.9734 0.2277 0.0236
vn -0.7819 -0.6161 -0.0948
vn -0.2591 -0.7774 -0.5732
vn -0.7023 0.7103 0.0474
vn -0.6699 0.7409 0.0473
vn -0.9294 0.2048 0.3072
vn -0.6786 0.5681 0.4655
vn -0.6225 0.5987 0.5041
vn -0.5666 0.3935 0.7240
vn -0.5112 0.4248 0.7472
vn -0.4474 0.1648 0.8790
vn -0.8366 0.1105 0.5366
vn -0.4083 0.1335 0.9030
vn -0.4334 -0.0709 0.8984
vn -0.7010 -0.0788 0.7088
vn -0.7855 -0.5813 -0.2122
vn -0.2756 -0.5512 -0.7875
vn -0.6449 -0.3067 0.7000
vn -0.4102 -0.0946 0.9071
vn -0.7868 -0.5901 -0.1810
vn -0.3618 -0.4011 -0.8416
vn -0.4942 -0.1569 0.8551
vn -0.3788 -0.0631 0.9233
vn -0.3302 -0.0315 0.9434
vn -0.6959 -0.3400 0.6326
vn -0.7956 -0.5435 -0.2678
vn -0.4316 -0.3845 -0.8160
vn -0.5663 -0.1888 0.8023
vn -0.3301 -0.0393 0.9431
vn -0.7502 -0.3238 0.5765
vn -0.8476 -0.4866 -0.2119
vn -0.5207 -0.3787 -0.7652
vn -0.5841 -0.1894 0.7893
vn -0.3162 -0.0237 0.9484
vn -0.7703 -0.3223 0.5502
vn -0.8809 -0.4562 -0.1258
vn -0.6123 -0.3846 -0.6908
vn -0.5989 -0.1812 0.7801
vn -0.7951 -0.2992 0.5275
vn -0.5843 -0.1500 0.7975
vn -0.8990 -0.4258 -0.1025
vn -0.8096 -0.2749 0.5186
vt 0.009621 0.018066
vt 0.009682 0.018555
vt 0.009346 0.018066
vt 0.014587 0.015137
vt 0.014549 0.015137
vt 0.014549 0.014648
vt 0.014587 0.014648
vt 0.014587 0.015625
vt 0.014549 0.015625
vt 0.014847 0.015137
vt 0.014977 0.015137
vt 0.014442 0.015137
vt 0.014313 0.015137
vt 0.015251 0.018555
vt 0.014992 0.018555
vt 0.015152 0.018555
vt 0.014862 0.018555
vt 0.015083 0.018066
vt 0.014763 0.018066
vt 0.015045 0.018066
vt 0.014702 0.018066
vt 0.015030 0.017578
vt 0.014656 0.017578
vt 0.015022 0.017578
vt 0.014557 0.017578
vt 0.014481 0.016602
vt 0.015038 0.016113
vt 0.014435 0.016602
vt 0.014412 0.016602
vt 0.014412 0.016113
vt 0.014450 0.016113
vt 0.015038 0.015137
vt 0.014435 0.015137
vt 0.014442 0.014648
vt 0.015121 0.013184
vt 0.014511 0.013184
vt 0.014595 0.012695
vt 0.015106 0.012207
vt 0.014725 0.012207
vt 0.014778 0.011719
vt 0.015022 0.011719
vt 0.014748 0.011719
vt 0.014915 0.011719
vt 0.015060 0.011719
vt 0.015167 0.011719
vt 0.015213 0.011719
vt 0.015236 0.011719
vt 0.014519 0.018555
vt 0.014488 0.018066
vt 0.014420 0.018066
vt 0.014336 0.017578
vt 0.014267 0.017578
vt 0.014206 0.017090
vt 0.014153 0.017090
vt 0.014130 0.017090
vt 0.014137 0.016602
vt 0.014122 0.016602
vt 0.014107 0.016602
vt 0.014099 0.016113
vt 0.014076 0.016113
vt 0.014046 0.016113
vt 0.014061 0.016113
vt 0.014053 0.015137
vt 0.014061 0.014648
vt 0.014107 0.013672
vt 0.014145 0.013672
vt 0.014183 0.013184
vt 0.014252 0.013184
vt 0.014328 0.012695
vt 0.014420 0.012207
vt 0.014519 0.012207
vt 0.014572 0.011719
vt 0.014626 0.011719
vt 0.014671 0.011719
vt 0.009346 0.018555
vt 0.009315 0.018555
vt 0.009171 0.018555
vt 0.009361 0.018555
vt 0.009140 0.018555
vt 0.009064 0.018555
vt 0.009033 0.018555
vt 0.008972 0.018555
vt 0.014534 0.015137
vt 0.014496 0.015137
vt 0.014626 0.015137
vt 0.014656 0.015137
vt 0.014732 0.015137
vt 0.014793 0.015137
vt 0.014755 0.015137
vt 0.014740 0.015137
vt 0.014633 0.015137
vt 0.014595 0.015137
vt 0.021759 0.011719
vt 0.021790 0.011230
vt 0.021866 0.011230
vt 0.021606 0.011719
vt 0.021667 0.011719
vt 0.021576 0.011719
vt 0.021454 0.011719
vt 0.021317 0.011719
vt 0.021332 0.012207
vt 0.021225 0.012207
vt 0.021011 0.012207
vt 0.021072 0.012207
vt 0.020752 0.012695
vt 0.020706 0.012695
vt 0.020538 0.012695
vt 0.020309 0.012695
vt 0.020065 0.013184
vt 0.020081 0.013184
vt 0.019684 0.013184
vt 0.019257 0.013672
vt 0.018860 0.014160
vt 0.018814 0.014160
vt 0.018555 0.014160
vt 0.018295 0.014648
vt 0.018326 0.014648
vt 0.018112 0.014648
vt 0.017929 0.015137
vt 0.017807 0.015137
vt 0.017746 0.015137
vt 0.017395 0.015625
vt 0.017578 0.015625
vt 0.017426 0.015625
vt 0.017273 0.016113
vt 0.017075 0.016113
vt 0.017151 0.016113
vt 0.017044 0.016602
vt 0.016922 0.016602
vt 0.016785 0.017090
vt 0.016571 0.017578
vt 0.016678 0.017578
vt 0.016586 0.018066
vt 0.016418 0.018066
vt 0.016510 0.018066
vt 0.016464 0.018066
vt 0.016342 0.018066
vt 0.016281 0.018555
vt 0.016159 0.018066
vt 0.016174 0.018555
vt 0.016083 0.018555
vt 0.016006 0.018555
vt 0.015930 0.018555
vt 0.015282 0.018066
vt 0.014915 0.018555
vt 0.013489 0.018555
vt 0.012070 0.018555
vt 0.010651 0.018555
vt 0.010017 0.018066
vt 0.009842 0.018066
vt 0.009651 0.018066
vt 0.009491 0.018066
vt 0.009445 0.018066
vt 0.009277 0.017578
vt 0.009338 0.017578
vt 0.009163 0.017578
vt 0.009224 0.017578
vt 0.009071 0.017578
vt 0.009132 0.017578
vt 0.008926 0.017090
vt 0.008995 0.017090
vt 0.008606 0.016113
vt 0.008682 0.016113
vt 0.008301 0.014648
vt 0.008385 0.014648
vt 0.007912 0.013184
vt 0.007980 0.013184
vt 0.007622 0.011719
vt 0.007675 0.011719
vt 0.007530 0.011719
vt 0.007542 0.011719
vt 0.007427 0.011230
vt 0.014595 0.015625
vt 0.014694 0.015625
vt 0.014648 0.015625
vt 0.014557 0.015625
vt 0.014740 0.015625
vt 0.014519 0.015625
vt 0.014771 0.015625
vt 0.014503 0.015625
vt 0.014786 0.015625
vt 0.014786 0.014648
vt 0.014496 0.014648
vt 0.014511 0.014648
vt 0.014763 0.014648
vt 0.014732 0.014648
vt 0.014687 0.014648
vt 0.014641 0.014648
vt 0.014664 0.015137
vt 0.014664 0.014648
vt 0.014740 0.014648
vt 0.014542 0.015137
vt 0.014641 0.015137
vt 0.014648 0.015137
vt 0.014748 0.015137
vt 0.014702 0.015625
vt 0.014748 0.015625
vt 0.014778 0.015625
vt 0.014503 0.014648
vt 0.014519 0.014648
vt 0.014778 0.014648
vt 0.014748 0.014648
vt 0.014595 0.014648
vt 0.014702 0.014648
vt 0.014648 0.014648
vt 0.014854 0.015137
vt 0.471191 0.367676
vt 0.472656 0.369141
vt 0.471191 0.368652
vt 0.472656 0.366699
vt 0.473389 0.369141
vt 0.471191 0.365723
vt 0.473633 0.366699
vt 0.472656 0.365234
vt 0.471191 0.364258
vt 0.474365 0.368652
vt 0.472656 0.363770
vt 0.470947 0.362305
vt 0.473389 0.364746
vt 0.474121 0.366699
vt 0.472412 0.361816
vt 0.470703 0.360352
vt 0.473389 0.363281
vt 0.474121 0.364746
vt 0.471924 0.359375
vt 0.469971 0.354980
vt 0.472900 0.361328
vt 0.471191 0.354492
vt 0.469238 0.349609
vt 0.472656 0.359375
vt 0.470459 0.349121
vt 0.468506 0.344727
vt 0.471924 0.354004
vt 0.469727 0.344238
vt 0.467773 0.339355
vt 0.471191 0.349121
vt 0.469238 0.338867
vt 0.467285 0.334961
vt 0.470459 0.343750
vt 0.468750 0.334473
vt 0.466797 0.330566
vt 0.469971 0.338867
vt 0.468262 0.330078
vt 0.466309 0.321289
vt 0.469482 0.334473
vt 0.467773 0.321289
vt 0.465820 0.309570
vt 0.468994 0.330078
vt 0.469971 0.334473
vt 0.469482 0.330078
vt 0.470459 0.338867
vt 0.501465 0.330078
vt 0.470947 0.343750
vt 0.504395 0.338867
vt 0.471680 0.349121
vt 0.472412 0.354004
vt 0.507324 0.349121
vt 0.473145 0.359375
vt 0.508789 0.354004
vt 0.473633 0.361328
vt 0.509766 0.359375
vt 0.473877 0.363281
vt 0.510254 0.361816
vt 0.510742 0.364258
vt 0.511230 0.365723
vt 0.547363 0.362305
vt 0.511230 0.367676
vt 0.511230 0.370117
vt 0.547852 0.364746
vt 0.548340 0.366699
vt 0.548340 0.368652
vt 0.548340 0.370605
vt 0.583008 0.365234
vt 0.583496 0.369629
vt 0.583496 0.371582
vt 0.583496 0.367676
vt 0.623047 0.371582
vt 0.623047 0.373535
vt 0.623047 0.369629
vt 0.647949 0.373047
vt 0.647949 0.374512
vt 0.622559 0.367188
vt 0.650391 0.374023
vt 0.649902 0.375000
vt 0.652344 0.371094
vt 0.651367 0.375000
vt 0.650879 0.375488
vt 0.650879 0.373535
vt 0.651855 0.374512
vt 0.658203 0.373535
vt 0.651367 0.375977
vt 0.650879 0.376465
vt 0.652344 0.375977
vt 0.651367 0.376953
vt 0.650879 0.377441
vt 0.651855 0.376953
vt 0.650391 0.379883
vt 0.649414 0.379883
vt 0.657715 0.375488
vt 0.657227 0.377930
vt 0.655762 0.380859
vt 0.648926 0.382324
vt 0.648438 0.382324
vt 0.653320 0.384277
vt 0.647461 0.385254
vt 0.646973 0.384766
vt 0.651367 0.387207
vt 0.645508 0.388184
vt 0.645020 0.387695
vt 0.648926 0.390137
vt 0.643066 0.391602
vt 0.642090 0.391602
vt 0.645996 0.394043
vt 0.638184 0.397461
vt 0.637695 0.396973
vt 0.641113 0.399902
vt 0.634766 0.401855
vt 0.634277 0.401367
vt 0.637207 0.404297
vt 0.630859 0.405762
vt 0.630371 0.405273
vt 0.633301 0.408203
vt 0.626465 0.409668
vt 0.626465 0.409180
vt 0.629395 0.412109
vt 0.622070 0.414551
vt 0.621582 0.413574
vt 0.624512 0.416504
vt 0.617188 0.418457
vt 0.616699 0.417969
vt 0.619141 0.420898
vt 0.611328 0.422852
vt 0.610840 0.422363
vt 0.613770 0.424805
vt 0.605957 0.426758
vt 0.605469 0.426758
vt 0.608398 0.429199
vt 0.601074 0.431152
vt 0.600586 0.430664
vt 0.603027 0.433105
vt 0.596191 0.434570
vt 0.595703 0.434082
vt 0.598145 0.437012
vt 0.591309 0.437988
vt 0.590820 0.437500
vt 0.587891 0.439453
vt 0.592773 0.440430
vt 0.585938 0.441406
vt 0.585938 0.440918
vt 0.584473 0.441895
vt 0.587402 0.443848
vt 0.581055 0.443848
vt 0.582520 0.446289
vt 0.576172 0.446289
vt 0.577637 0.448730
vt 0.571777 0.448242
vt 0.571289 0.447754
vt 0.572754 0.450684
vt 0.566895 0.450195
vt 0.566895 0.449707
vt 0.561523 0.451172
vt 0.567871 0.452637
vt 0.556152 0.452148
vt 0.562012 0.454102
vt 0.556152 0.452637
vt 0.550781 0.453125
vt 0.556641 0.455078
vt 0.550781 0.453613
vt 0.544922 0.453613
vt 0.551270 0.456055
vt 0.556641 0.457520
vt 0.545410 0.454102
vt 0.551270 0.458496
vt 0.545410 0.457031
vt 0.545898 0.458984
vt 0.539551 0.455078
vt 0.539551 0.454590
vt 0.540039 0.457520
vt 0.532715 0.455566
vt 0.532715 0.455078
vt 0.532715 0.458496
vt 0.540039 0.459961
vt 0.533203 0.460449
vt 0.524902 0.458984
vt 0.524902 0.456055
vt 0.524902 0.455566
vt 0.515625 0.456055
vt 0.525391 0.460938
vt 0.515625 0.456543
vt 0.505859 0.456055
vt 0.515625 0.459473
vt 0.506348 0.456543
vt 0.495117 0.456055
vt 0.515625 0.461426
vt 0.495117 0.456543
vt 0.487793 0.456055
vt 0.506348 0.459473
vt 0.506348 0.461426
vt 0.495117 0.459473
vt 0.487305 0.456543
vt 0.487305 0.456055
vt 0.481201 0.456055
vt 0.481201 0.456543
vt 0.480713 0.456543
vt 0.481445 0.459473
vt 0.480225 0.457031
vt 0.479980 0.456543
vt 0.480957 0.459473
vt 0.480469 0.459961
vt 0.481201 0.461914
vt 0.480713 0.461914
vt 0.481689 0.461914
vt 0.495117 0.461914
vt 0.481934 0.462402
vt 0.481445 0.462402
vt 0.480957 0.463867
vt 0.481201 0.463867
vt 0.482178 0.462402
vt 0.495117 0.463867
vt 0.495117 0.462402
vt 0.495117 0.462891
vt 0.506348 0.463867
vt 0.506348 0.461914
vt 0.506348 0.462402
vt 0.515625 0.463867
vt 0.515625 0.461914
vt 0.515625 0.462402
vt 0.525391 0.463379
vt 0.525391 0.461426
vt 0.525391 0.461914
vt 0.533203 0.462891
vt 0.533203 0.460938
vt 0.533203 0.461426
vt 0.540527 0.462402
vt 0.540039 0.460449
vt 0.540527 0.460938
vt 0.546387 0.461426
vt 0.545898 0.459473
vt 0.545898 0.459961
vt 0.551758 0.460938
vt 0.551758 0.458984
vt 0.551758 0.459473
vt 0.557617 0.459961
vt 0.557129 0.458008
vt 0.557129 0.458496
vt 0.563477 0.458496
vt 0.562500 0.456055
vt 0.562988 0.456543
vt 0.562988 0.457031
vt 0.569336 0.457031
vt 0.568359 0.454590
vt 0.568359 0.455078
vt 0.568848 0.455566
vt 0.574219 0.455078
vt 0.573730 0.452637
vt 0.573730 0.453125
vt 0.574219 0.453613
vt 0.579590 0.453125
vt 0.578613 0.450684
vt 0.578613 0.451172
vt 0.579102 0.451660
vt 0.584961 0.450684
vt 0.583496 0.448242
vt 0.583984 0.448730
vt 0.583984 0.449219
vt 0.589844 0.447754
vt 0.588379 0.445801
vt 0.588867 0.446289
vt 0.589355 0.446777
vt 0.595703 0.444824
vt 0.594238 0.442383
vt 0.594727 0.442871
vt 0.594727 0.443359
vt 0.601074 0.440918
vt 0.599609 0.438965
vt 0.599609 0.439453
vt 0.600098 0.439941
vt 0.606445 0.437012
vt 0.604980 0.435059
vt 0.604980 0.435547
vt 0.605469 0.436035
vt 0.611816 0.433105
vt 0.610352 0.431152
vt 0.610840 0.431641
vt 0.617188 0.428711
vt 0.615723 0.426758
vt 0.616211 0.427246
vt 0.616211 0.427734
vt 0.623047 0.424316
vt 0.621094 0.422363
vt 0.621582 0.422852
vt 0.626465 0.417969
vt 0.622070 0.423340
vt 0.626953 0.418457
vt 0.631348 0.413574
vt 0.626953 0.418945
vt 0.627930 0.419922
vt 0.632812 0.415527
vt 0.631836 0.414062
vt 0.635742 0.409668
vt 0.632324 0.414551
vt 0.637207 0.411621
vt 0.636230 0.410156
vt 0.640137 0.405762
vt 0.636719 0.410645
vt 0.641602 0.407715
vt 0.640137 0.406250
vt 0.644043 0.401855
vt 0.640625 0.406738
vt 0.645508 0.403320
vt 0.644531 0.402344
vt 0.648926 0.396484
vt 0.645020 0.402344
vt 0.650391 0.397949
vt 0.649414 0.396973
vt 0.652344 0.392578
vt 0.649902 0.396973
vt 0.653809 0.394043
vt 0.652832 0.393066
vt 0.654785 0.389160
vt 0.653320 0.393066
vt 0.656738 0.390625
vt 0.655273 0.389648
vt 0.655762 0.390137
vt 0.659180 0.387207
vt 0.657227 0.386230
vt 0.657715 0.386230
vt 0.658203 0.386719
vt 0.660156 0.385254
vt 0.658691 0.383789
vt 0.659180 0.384277
vt 0.659668 0.384277
vt 0.661621 0.383301
vt 0.659668 0.382324
vt 0.660156 0.382324
vt 0.660645 0.382324
vt 0.662109 0.381348
vt 0.660645 0.380371
vt 0.661133 0.380371
vt 0.661621 0.380371
vt 0.663086 0.379883
vt 0.661133 0.378418
vt 0.661621 0.378906
vt 0.662109 0.378906
vt 0.663574 0.377930
vt 0.661621 0.376953
vt 0.662109 0.376953
vt 0.662598 0.377441
vt 0.663574 0.376465
vt 0.661621 0.375488
vt 0.662109 0.375488
vt 0.663086 0.375977
vt 0.664062 0.375000
vt 0.663086 0.374023
vt 0.664062 0.372559
vt 0.662109 0.373535
vt 0.662598 0.373535
vt 0.663086 0.372070
vt 0.663574 0.370605
vt 0.662109 0.371582
vt 0.661621 0.371582
vt 0.662598 0.370117
vt 0.663574 0.368164
vt 0.662109 0.369629
vt 0.662109 0.368164
vt 0.663086 0.366211
vt 0.661621 0.369629
vt 0.661621 0.367676
vt 0.661621 0.365723
vt 0.662109 0.363281
vt 0.651367 0.369141
vt 0.660645 0.363281
vt 0.661133 0.360840
vt 0.661133 0.367676
vt 0.661133 0.365723
vt 0.649414 0.365234
vt 0.660645 0.365723
vt 0.660156 0.363281
vt 0.659668 0.360840
vt 0.659668 0.358398
vt 0.659668 0.363281
vt 0.659180 0.360840
vt 0.658691 0.358398
vt 0.658203 0.355469
vt 0.658691 0.360840
vt 0.656738 0.355469
vt 0.656250 0.352539
vt 0.657715 0.358398
vt 0.654785 0.353027
vt 0.653809 0.350098
vt 0.656250 0.355469
vt 0.657227 0.358398
vt 0.646484 0.360352
vt 0.655762 0.355469
vt 0.622070 0.364258
vt 0.643066 0.354980
vt 0.654297 0.353027
vt 0.653809 0.353027
vt 0.652832 0.350098
vt 0.650879 0.346191
vt 0.652344 0.350098
vt 0.649902 0.346680
vt 0.647949 0.342773
vt 0.651367 0.350098
vt 0.646973 0.343262
vt 0.644531 0.338867
vt 0.649414 0.346680
vt 0.643555 0.339844
vt 0.638672 0.333008
vt 0.645996 0.343262
vt 0.648438 0.346680
vt 0.638672 0.349609
vt 0.645508 0.343262
vt 0.643066 0.339844
vt 0.637695 0.333496
vt 0.632324 0.326172
vt 0.635254 0.345703
vt 0.631348 0.326660
vt 0.626465 0.319824
vt 0.637207 0.333496
vt 0.642090 0.339355
vt 0.625488 0.320801
vt 0.621582 0.314941
vt 0.630859 0.326660
vt 0.620605 0.315918
vt 0.618164 0.311035
vt 0.625000 0.320801
vt 0.636719 0.333496
vt 0.630371 0.327148
vt 0.620117 0.315918
vt 0.624512 0.320801
vt 0.616699 0.329102
vt 0.617188 0.311523
vt 0.619629 0.315918
vt 0.613770 0.307617
vt 0.614746 0.307129
vt 0.616699 0.312012
vt 0.610840 0.303711
vt 0.611816 0.303223
vt 0.613281 0.308105
vt 0.616211 0.312012
vt 0.607910 0.299805
vt 0.608887 0.299316
vt 0.610352 0.303711
vt 0.612793 0.308105
vt 0.605469 0.295898
vt 0.606445 0.295410
vt 0.607422 0.299805
vt 0.609375 0.304199
vt 0.603027 0.291504
vt 0.604004 0.291016
vt 0.604492 0.295898
vt 0.606934 0.299805
vt 0.601074 0.287598
vt 0.602051 0.287109
vt 0.602539 0.291992
vt 0.599609 0.283203
vt 0.600586 0.282715
vt 0.600586 0.287598
vt 0.597656 0.278809
vt 0.598633 0.278320
vt 0.598633 0.283203
vt 0.595703 0.273438
vt 0.597168 0.272949
vt 0.597168 0.278809
vt 0.593750 0.267090
vt 0.594727 0.266602
vt 0.595215 0.273438
vt 0.591797 0.260742
vt 0.592773 0.260254
vt 0.593262 0.267090
vt 0.589844 0.254395
vt 0.591309 0.253906
vt 0.591309 0.260742
vt 0.588867 0.250000
vt 0.589844 0.249023
vt 0.589355 0.254883
vt 0.592773 0.267090
vt 0.588379 0.249023
vt 0.588379 0.246582
vt 0.590820 0.260742
vt 0.594727 0.273438
vt 0.583496 0.269531
vt 0.588867 0.254883
vt 0.588379 0.250488
vt 0.587891 0.249512
vt 0.587891 0.250488
vt 0.580566 0.260742
vt 0.578125 0.251953
vt 0.587402 0.250000
vt 0.586914 0.248047
vt 0.587402 0.247559
vt 0.587402 0.246094
vt 0.585938 0.248535
vt 0.584473 0.247070
vt 0.584961 0.245117
vt 0.585938 0.248047
vt 0.583008 0.246582
vt 0.583008 0.244141
vt 0.582031 0.244141
vt 0.584473 0.247559
vt 0.581543 0.246582
vt 0.580566 0.243652
vt 0.582520 0.247559
vt 0.585449 0.248535
vt 0.582520 0.248047
vt 0.581543 0.247070
vt 0.580566 0.246582
vt 0.579590 0.243652
vt 0.581055 0.247559
vt 0.579102 0.246582
vt 0.563965 0.243164
vt 0.580078 0.247070
vt 0.563965 0.246094
vt 0.579102 0.247559
vt 0.580078 0.247559
vt 0.577637 0.249512
vt 0.579102 0.248047
vt 0.563965 0.247070
vt 0.564453 0.247559
vt 0.577637 0.250000
vt 0.564453 0.249023
vt 0.577637 0.250977
vt 0.564453 0.249512
vt 0.564941 0.250977
vt 0.564941 0.251465
vt 0.567383 0.260742
vt 0.541992 0.251953
vt 0.569824 0.269531
vt 0.543457 0.260742
vt 0.544922 0.269531
vt 0.571777 0.277832
vt 0.545898 0.277832
vt 0.520020 0.270020
vt 0.520508 0.278320
vt 0.519531 0.261230
vt 0.495361 0.270508
vt 0.495850 0.261719
vt 0.519043 0.251953
vt 0.496338 0.252441
vt 0.541992 0.250977
vt 0.541992 0.249512
vt 0.519043 0.250977
vt 0.541992 0.249023
vt 0.519043 0.250000
vt 0.496338 0.251465
vt 0.496338 0.250488
vt 0.519043 0.249512
vt 0.541504 0.247559
vt 0.496338 0.250000
vt 0.541504 0.247070
vt 0.519043 0.247559
vt 0.541504 0.246094
vt 0.541504 0.242676
vt 0.519043 0.247070
vt 0.519043 0.246094
vt 0.519043 0.243164
vt 0.496338 0.243164
vt 0.496338 0.246582
vt 0.473145 0.245117
vt 0.496338 0.247559
vt 0.473633 0.248535
vt 0.496338 0.248047
vt 0.473877 0.249023
vt 0.473633 0.250000
vt 0.473145 0.248535
vt 0.472656 0.245117
vt 0.473389 0.249023
vt 0.472656 0.248047
vt 0.472168 0.245117
vt 0.471680 0.244629
vt 0.471680 0.248535
vt 0.472900 0.249023
vt 0.471436 0.249023
vt 0.472656 0.249512
vt 0.473145 0.249512
vt 0.472412 0.250977
vt 0.471436 0.250488
vt 0.471191 0.250977
vt 0.473389 0.251465
vt 0.472900 0.250977
vt 0.472168 0.251465
vt 0.470947 0.252441
vt 0.472656 0.251953
vt 0.473389 0.251953
vt 0.472412 0.252930
vt 0.470947 0.253418
vt 0.473389 0.252930
vt 0.472900 0.252930
vt 0.473389 0.253906
vt 0.472412 0.258301
vt 0.472900 0.253906
vt 0.472168 0.253418
vt 0.471191 0.258301
vt 0.469971 0.257812
vt 0.468994 0.262207
vt 0.471680 0.258301
vt 0.470215 0.262695
vt 0.468018 0.266602
vt 0.471191 0.262695
vt 0.470703 0.262695
vt 0.469238 0.267090
vt 0.467285 0.270996
vt 0.470459 0.267090
vt 0.469727 0.267090
vt 0.468506 0.270996
vt 0.466797 0.274902
vt 0.469727 0.271484
vt 0.469238 0.271484
vt 0.468018 0.275391
vt 0.466553 0.279297
vt 0.469238 0.275391
vt 0.468750 0.275391
vt 0.468018 0.279297
vt 0.494873 0.278809
vt 0.468994 0.279297
vt 0.468506 0.279297
vt 0.467773 0.280273
vt 0.466553 0.281250
vt 0.468018 0.281250
vt 0.468506 0.280273
vt 0.468750 0.281250
vt 0.468994 0.279785
vt 0.494873 0.280273
vt 0.494873 0.279297
vt 0.520508 0.278809
vt 0.520508 0.280273
vt 0.545898 0.278809
vt 0.546387 0.279785
vt 0.571777 0.278320
vt 0.572266 0.279785
vt 0.587891 0.277832
vt 0.587891 0.278320
vt 0.587402 0.279785
vt 0.588867 0.279785
vt 0.589355 0.278809
vt 0.590332 0.280273
vt 0.589355 0.277832
vt 0.590820 0.279297
vt 0.591309 0.280762
vt 0.591309 0.278809
vt 0.592285 0.279785
vt 0.592773 0.279297
vt 0.596680 0.278809
vt 0.593750 0.280273
vt 0.593262 0.280762
vt 0.592285 0.281738
vt 0.595703 0.283203
vt 0.594727 0.283691
vt 0.593750 0.284180
vt 0.596680 0.287109
vt 0.595215 0.287109
vt 0.598145 0.283203
vt 0.597168 0.287109
vt 0.597656 0.291504
vt 0.596680 0.291504
vt 0.596680 0.292480
vt 0.600098 0.287598
vt 0.598633 0.291504
vt 0.597656 0.292480
vt 0.596191 0.292969
vt 0.601562 0.291992
vt 0.598633 0.292969
vt 0.597168 0.293457
vt 0.604004 0.295898
vt 0.598145 0.293945
vt 0.597168 0.295410
vt 0.596680 0.294434
vt 0.595703 0.293945
vt 0.596191 0.295898
vt 0.595703 0.295410
vt 0.595215 0.294434
vt 0.594727 0.296387
vt 0.594238 0.295898
vt 0.594238 0.294434
vt 0.592773 0.294922
vt 0.598145 0.300781
vt 0.575684 0.296387
vt 0.575684 0.294922
vt 0.576172 0.296875
vt 0.583008 0.308594
vt 0.603027 0.308105
vt 0.606934 0.313965
vt 0.591309 0.319824
vt 0.610840 0.320312
vt 0.598633 0.329102
vt 0.560547 0.320312
vt 0.565918 0.329590
vt 0.554199 0.309082
vt 0.533203 0.330078
vt 0.549316 0.297363
vt 0.529297 0.320801
vt 0.525391 0.309570
vt 0.548828 0.296387
vt 0.548828 0.295410
vt 0.521973 0.297363
vt 0.521973 0.296875
vt 0.521973 0.295898
vt 0.496826 0.309570
vt 0.495605 0.296875
vt 0.495605 0.295898
vt 0.495361 0.297852
vt 0.468262 0.297363
vt 0.468018 0.296387
vt 0.468262 0.297852
vt 0.467773 0.297363
vt 0.467285 0.295898
vt 0.468506 0.309570
vt 0.467041 0.296875
vt 0.465576 0.295898
vt 0.465820 0.297852
vt 0.467285 0.297852
vt 0.467773 0.297852
vt 0.467285 0.309570
vt 0.468018 0.309570
vt 0.468506 0.321289
vt 0.468994 0.321289
vt 0.499268 0.321289
vt 0.538086 0.338867
vt 0.542969 0.349121
vt 0.570801 0.338379
vt 0.545410 0.354004
vt 0.576660 0.348633
vt 0.584473 0.338379
vt 0.546875 0.359375
vt 0.579590 0.354004
vt 0.581543 0.358887
vt 0.591309 0.348633
vt 0.597168 0.354492
vt 0.582520 0.362305
vt 0.604004 0.359863
vt 0.614746 0.359863
vt 0.600098 0.350586
vt 0.621582 0.359863
vt 0.600098 0.343750
vt 0.601562 0.353027
vt 0.596680 0.337891
vt 0.601074 0.351074
vt 0.601562 0.340820
vt 0.602539 0.354492
vt 0.601562 0.343262
vt 0.603516 0.355469
vt 0.602051 0.352539
vt 0.603027 0.354004
vt 0.604492 0.354980
vt 0.605957 0.352051
vt 0.604492 0.350098
vt 0.604980 0.356445
vt 0.605469 0.355957
vt 0.606934 0.356934
vt 0.607910 0.353516
vt 0.606934 0.356445
vt 0.608887 0.357422
vt 0.610840 0.357910
vt 0.609375 0.356934
vt 0.610840 0.354004
vt 0.611328 0.357422
vt 0.613281 0.357910
vt 0.615723 0.357910
vt 0.613281 0.357422
vt 0.617188 0.357422
vt 0.615723 0.357422
vt 0.613770 0.354004
vt 0.617188 0.356934
vt 0.616699 0.354004
vt 0.619141 0.357422
vt 0.618652 0.356445
vt 0.620605 0.356445
vt 0.621582 0.355469
vt 0.620117 0.355957
vt 0.618652 0.353027
vt 0.621094 0.354980
vt 0.625977 0.354004
vt 0.622559 0.354492
vt 0.622070 0.354004
vt 0.623535 0.353516
vt 0.626953 0.348633
vt 0.624512 0.352539
vt 0.624023 0.352051
vt 0.624512 0.348633
vt 0.625000 0.344727
vt 0.623047 0.353027
vt 0.624023 0.344727
vt 0.620117 0.351074
vt 0.623535 0.343750
vt 0.620605 0.348145
vt 0.624023 0.343262
vt 0.632324 0.342285
vt 0.622559 0.342285
vt 0.623047 0.341797
vt 0.621094 0.335938
vt 0.622070 0.340820
vt 0.621582 0.341309
vt 0.621094 0.340332
vt 0.619141 0.343262
vt 0.621094 0.339355
vt 0.619629 0.339355
vt 0.619629 0.338379
vt 0.620117 0.345215
vt 0.618164 0.338867
vt 0.618652 0.348145
vt 0.618164 0.337891
vt 0.617188 0.341797
vt 0.616699 0.338379
vt 0.616699 0.337402
vt 0.617676 0.344727
vt 0.614258 0.341309
vt 0.618164 0.346191
vt 0.616211 0.344238
vt 0.615234 0.347656
vt 0.613770 0.343750
vt 0.614258 0.337891
vt 0.611328 0.341309
vt 0.614258 0.336914
vt 0.612305 0.337891
vt 0.611816 0.335449
vt 0.611816 0.336914
vt 0.609863 0.337891
vt 0.609863 0.336914
vt 0.604980 0.335449
vt 0.607910 0.338379
vt 0.603027 0.339844
vt 0.607422 0.337402
vt 0.602539 0.341797
vt 0.604004 0.338867
vt 0.603516 0.340332
vt 0.604492 0.344727
vt 0.605957 0.337891
vt 0.604980 0.339355
vt 0.606445 0.338867
vt 0.605957 0.342773
vt 0.608398 0.341797
vt 0.607422 0.344727
vt 0.608887 0.343750
vt 0.611328 0.343750
vt 0.606445 0.345703
vt 0.609375 0.347656
vt 0.605957 0.347656
vt 0.604492 0.347656
vt 0.606445 0.349121
vt 0.606934 0.350586
vt 0.608398 0.351074
vt 0.610840 0.351562
vt 0.613770 0.351562
vt 0.616211 0.351562
vt 0.617188 0.351074
vt 0.618164 0.350098
vt 0.005817 0.012207
vt 0.006023 0.012695
vt 0.005730 0.012207
vt 0.006069 0.012695
vt 0.006191 0.012207
vt 0.006767 0.013672
vt 0.006218 0.012207
vt 0.006252 0.012207
vt 0.006813 0.013672
vt 0.007858 0.014648
vt 0.007812 0.015137
vt 0.008026 0.014648
vt 0.008591 0.015625
vt 0.008545 0.015625
vt 0.008728 0.015625
vt 0.009331 0.016602
vt 0.009285 0.016602
vt 0.009438 0.016602
vt 0.009613 0.017090
vt 0.009567 0.017090
vt 0.009651 0.016602
vt 0.009758 0.017090
vt 0.009720 0.017090
vt 0.009796 0.017090
vt 0.009911 0.017090
vt 0.009872 0.017090
vt 0.009941 0.017090
vt 0.010086 0.017578
vt 0.010056 0.017578
vt 0.010231 0.017578
vt 0.010109 0.017090
vt 0.010254 0.017578
vt 0.010422 0.017578
vt 0.010300 0.017090
vt 0.010437 0.017578
vt 0.010597 0.017578
vt 0.010147 0.017090
vt 0.010612 0.017578
vt 0.015869 0.018066
vt 0.010475 0.017090
vt 0.010330 0.017090
vt 0.009979 0.017090
vt 0.010201 0.017090
vt 0.009842 0.016602
vt 0.010040 0.017090
vt 0.009712 0.016602
vt 0.009903 0.016602
vt 0.009506 0.016602
vt 0.009773 0.016602
vt 0.008797 0.015625
vt 0.009583 0.016602
vt 0.008110 0.014648
vt 0.009636 0.016113
vt 0.006294 0.012207
vt 0.009071 0.015137
vt 0.006569 0.012207
vt 0.006565 0.012207
vt 0.006599 0.012207
vt 0.007183 0.012695
vt 0.007210 0.012695
vt 0.007820 0.013672
vt 0.007851 0.013672
vt 0.008392 0.014160
vt 0.008362 0.014160
vt 0.009102 0.015137
vt 0.009804 0.016113
vt 0.009781 0.016113
vt 0.009995 0.016602
vt 0.009972 0.016602
vt 0.010086 0.016602
vt 0.010071 0.016602
vt 0.010201 0.016602
vt 0.009827 0.016602
vt 0.009956 0.016602
vt 0.010185 0.016602
vt 0.010307 0.016602
vt 0.010323 0.016602
vt 0.010452 0.016602
vt 0.010460 0.016602
vt 0.010231 0.016602
vt 0.010384 0.016602
vt 0.010605 0.016602
vt 0.010620 0.016602
vt 0.010551 0.017090
vt 0.010216 0.016602
vt 0.010376 0.017090
vt 0.010239 0.017090
vt 0.010368 0.017090
vt 0.010399 0.017090
vt 0.010506 0.017090
vt 0.010536 0.017090
vt 0.010658 0.017090
vt 0.010689 0.017090
vt 0.015076 0.017578
vt 0.010559 0.017090
vt 0.010704 0.017090
vt 0.010719 0.017090
vt 0.015106 0.017578
vt 0.010727 0.017090
vt 0.015121 0.017090
vt 0.010765 0.016602
vt 0.010773 0.016602
vt 0.015121 0.016602
vt 0.015366 0.016602
vt 0.015373 0.016602
vt 0.015610 0.016602
vt 0.015396 0.017090
vt 0.015617 0.016602
vt 0.015808 0.016602
vt 0.015404 0.017090
vt 0.015823 0.016602
vt 0.015106 0.017090
vt 0.015671 0.017090
vt 0.015411 0.017090
vt 0.015419 0.017578
vt 0.015686 0.017090
vt 0.015427 0.017578
vt 0.015717 0.017578
vt 0.015915 0.017090
vt 0.015900 0.017090
vt 0.016129 0.017090
vt 0.016022 0.016602
vt 0.016220 0.016602
vt 0.016418 0.016602
vt 0.016403 0.016602
vt 0.016327 0.017090
vt 0.016342 0.017090
vt 0.016357 0.017090
vt 0.016525 0.017090
vt 0.016617 0.017090
vt 0.016754 0.016113
vt 0.016693 0.016113
vt 0.016678 0.017090
vt 0.017059 0.016113
vt 0.016998 0.016113
vt 0.017181 0.017090
vt 0.017609 0.016602
vt 0.017624 0.015625
vt 0.017563 0.015625
vt 0.016418 0.017090
vt 0.018204 0.015137
vt 0.018143 0.015137
vt 0.016174 0.017090
vt 0.018799 0.014648
vt 0.018738 0.014648
vt 0.015945 0.017578
vt 0.015747 0.017578
vt 0.016022 0.017578
vt 0.015442 0.017578
vt 0.015808 0.017578
vt 0.015900 0.018066
vt 0.016724 0.018066
vt 0.016098 0.017578
vt 0.016891 0.018066
vt 0.016281 0.017578
vt 0.016388 0.017578
vt 0.016541 0.017578
vt 0.016632 0.017578
vt 0.016998 0.018066
vt 0.017410 0.017578
vt 0.016861 0.017578
vt 0.016800 0.017090
vt 0.017380 0.017578
vt 0.017853 0.017090
vt 0.017242 0.017090
vt 0.017822 0.017090
vt 0.018448 0.016602
vt 0.017685 0.017090
vt 0.018402 0.016602
vt 0.018936 0.016602
vt 0.018295 0.016602
vt 0.018906 0.016602
vt 0.019501 0.016113
vt 0.018219 0.016602
vt 0.018814 0.016113
vt 0.019470 0.016113
vt 0.020111 0.015625
vt 0.018753 0.016113
vt 0.019379 0.015625
vt 0.020081 0.015625
vt 0.020706 0.015137
vt 0.019302 0.015625
vt 0.019974 0.015137
vt 0.020676 0.015137
vt 0.019913 0.015137
vt 0.022034 0.014160
vt 0.022079 0.014160
vt 0.020569 0.015137
vt 0.019394 0.014648
vt 0.019333 0.014160
vt 0.019928 0.014160
vt 0.020508 0.014648
vt 0.019989 0.014160
vt 0.020615 0.013672
vt 0.020554 0.013672
vt 0.021149 0.014160
vt 0.020691 0.013672
vt 0.020630 0.013672
vt 0.021240 0.014648
vt 0.020798 0.013672
vt 0.020737 0.013672
vt 0.021423 0.014160
vt 0.021332 0.014160
vt 0.020859 0.013672
vt 0.020813 0.013184
vt 0.021149 0.013184
vt 0.021072 0.013184
vt 0.021362 0.013672
vt 0.021622 0.013672
vt 0.021484 0.013672
vt 0.021713 0.014160
vt 0.022095 0.013184
vt 0.021530 0.013184
vt 0.022217 0.013672
vt 0.022751 0.013672
vt 0.022797 0.013672
vt 0.023102 0.013672
vt 0.023056 0.013672
vt 0.023346 0.013184
vt 0.022552 0.013184
vt 0.022476 0.013184
vt 0.023285 0.013184
vt 0.023514 0.012695
vt 0.022614 0.013184
vt 0.023468 0.012695
vt 0.023560 0.012695
vt 0.023483 0.012695
vt 0.023239 0.012207
vt 0.023102 0.012695
vt 0.022934 0.012695
vt 0.022980 0.012207
vt 0.022903 0.012695
vt 0.022751 0.013184
vt 0.022812 0.012695
vt 0.022659 0.012695
vt 0.022537 0.012695
vt 0.022690 0.012695
vt 0.022827 0.012207
vt 0.022888 0.012207
vt 0.022781 0.012207
vt 0.022675 0.012207
vt 0.022644 0.012207
vt 0.022476 0.012207
vt 0.022598 0.012207
vt 0.022430 0.012695
vt 0.022369 0.012207
vt 0.022339 0.012695
vt 0.022430 0.012207
vt 0.022537 0.012207
vt 0.022354 0.012207
vt 0.022446 0.012207
vt 0.022186 0.012207
vt 0.022247 0.012207
vt 0.021591 0.012695
vt 0.021652 0.012695
vt 0.021454 0.012695
vt 0.021515 0.012695
vt 0.021301 0.013184
vt 0.021362 0.013184
vt 0.468018 0.282227
vt 0.466553 0.282227
vt 0.466797 0.285156
vt 0.468994 0.285156
vt 0.466797 0.287598
vt 0.468750 0.282227
vt 0.469238 0.287598
vt 0.466797 0.289551
vt 0.469482 0.285156
vt 0.469238 0.282715
vt 0.468994 0.289551
vt 0.494873 0.281738
vt 0.466553 0.291992
vt 0.469971 0.285156
vt 0.469727 0.287598
vt 0.520508 0.281738
vt 0.495117 0.284668
vt 0.470215 0.287598
vt 0.546387 0.281250
vt 0.520996 0.284668
vt 0.495117 0.287109
vt 0.470215 0.289551
vt 0.469727 0.289551
vt 0.495117 0.289062
vt 0.469238 0.291504
vt 0.520996 0.286621
vt 0.468750 0.291992
vt 0.469727 0.291504
vt 0.467773 0.293457
vt 0.466309 0.293457
vt 0.468994 0.292969
vt 0.469482 0.292480
vt 0.495117 0.291016
vt 0.495117 0.291992
vt 0.469482 0.292969
vt 0.468506 0.293457
vt 0.495117 0.292480
vt 0.467773 0.294922
vt 0.521484 0.291992
vt 0.521484 0.292480
vt 0.467285 0.294922
vt 0.467773 0.295410
vt 0.468262 0.294922
vt 0.468262 0.295410
vt 0.468506 0.295410
vt 0.495605 0.295410
vt 0.495605 0.294922
vt 0.522461 0.294434
vt 0.521973 0.294922
vt 0.548828 0.294434
vt 0.575684 0.293945
vt 0.575684 0.294434
vt 0.592285 0.293945
vt 0.592773 0.293945
vt 0.592285 0.293457
vt 0.593262 0.293945
vt 0.593262 0.293457
vt 0.591797 0.291992
vt 0.593750 0.292969
vt 0.594238 0.292969
vt 0.592285 0.291504
vt 0.591797 0.291504
vt 0.590820 0.291016
vt 0.590820 0.291504
vt 0.594727 0.292480
vt 0.595215 0.292480
vt 0.593750 0.291016
vt 0.595215 0.291992
vt 0.595215 0.291504
vt 0.594238 0.288086
vt 0.591797 0.290039
vt 0.592285 0.288086
vt 0.592773 0.285156
vt 0.590820 0.288086
vt 0.591309 0.282715
vt 0.591309 0.285645
vt 0.590820 0.282227
vt 0.590332 0.283691
vt 0.589844 0.281738
vt 0.588379 0.281250
vt 0.589844 0.286133
vt 0.588379 0.284180
vt 0.587402 0.281250
vt 0.572266 0.281250
vt 0.573242 0.284180
vt 0.546875 0.284180
vt 0.573730 0.286133
vt 0.547363 0.286621
vt 0.521484 0.289062
vt 0.547852 0.288574
vt 0.521484 0.291016
vt 0.574219 0.288086
vt 0.548340 0.290527
vt 0.574707 0.290527
vt 0.548340 0.291504
vt 0.548340 0.291992
vt 0.575195 0.291504
vt 0.014709 0.015137
vt 0.014702 0.015137
vt 0.014580 0.015137
vt 0.014725 0.014648
vt 0.014557 0.014648
vt 0.014801 0.014648
vt 0.014481 0.014648
vt 0.014862 0.014648
vt 0.014420 0.014648
vt 0.014900 0.014648
vt 0.014381 0.014648
vt 0.014915 0.015625
vt 0.014374 0.015625
vt 0.014870 0.015625
vt 0.014420 0.015625
vt 0.014816 0.015625
vt 0.014481 0.015625
vt 0.014732 0.015625
vt 0.014717 0.014648
vt 0.014572 0.014648
vt 0.014771 0.014648
vt 0.014809 0.014648
vt 0.014832 0.014648
vt 0.014465 0.014648
vt 0.014832 0.015625
vt 0.014465 0.015625
vt 0.014717 0.015625
vt 0.014580 0.015625
vt 0.014557 0.015137
vt 1.202151 1.917884
vt 1.353684 2.376120
vt 1.252548 2.327047
vt 1.127575 1.927762
vt 1.164469 2.277785
vt 1.075741 1.934621
vt 1.020842 2.235255
vt 0.968982 1.946357
vt 0.862688 2.208528
vt 0.846126 1.944854
vt -0.729100 2.180865
vt -0.769935 1.878116
vt -0.827016 2.155342
vt -0.841086 1.889290
vt 1.047634 0.267917
vt 1.015360 0.167682
vt 1.100624 0.219744
vt 1.140727 0.283085
vt 0.910479 0.254160
vt 1.095359 0.339576
vt 1.194602 0.344607
vt 0.989664 0.304437
vt 0.900438 0.385240
vt 0.823328 0.337553
vt 1.040067 0.384231
vt 1.149945 0.408727
vt 1.248821 0.424919
vt 0.937078 0.472854
vt 1.193598 0.481144
vt 1.084197 0.461497
vt 1.249995 0.576070
vt 1.306424 0.530302
vt 1.383268 0.739142
vt 1.119142 0.537259
vt 0.967156 0.557235
vt 0.759899 0.507991
vt 0.694968 0.453443
vt 0.995850 0.636464
vt 0.611249 0.611585
vt 0.547534 0.546011
vt -1.141814 1.254896
vt 0.834848 0.665181
vt 0.690939 0.756705
vt -1.170204 1.359619
vt -1.246872 1.321621
vt -1.257135 1.410859
vt -1.203488 1.494244
vt -1.270621 1.520257
vt 0.887259 0.809167
vt 0.748630 0.891994
vt -1.229888 1.642136
vt -1.298408 1.674205
vt -1.240473 1.809075
vt -1.302954 1.847954
vt 0.784157 1.038046
vt -1.211045 1.983698
vt -1.259067 2.017833
vt -1.222930 2.080956
vt 0.814730 1.217262
vt -1.172246 2.062546
vt -1.153606 2.155559
vt 0.927465 0.967078
vt -1.067177 2.132041
vt -1.032722 2.239352
vt 0.971771 1.143995
vt -0.954118 2.207828
vt -0.890049 2.342133
vt -0.809287 2.314777
vt 0.857529 1.398821
vt 0.879206 1.504595
vt 0.909202 1.624517
vt 0.968406 1.787461
vt 0.989765 1.611716
vt 1.087337 1.788756
vt 0.971511 1.485755
vt 1.070082 1.604683
vt 1.139525 1.602218
vt 1.198317 1.802889
vt 1.063614 1.472698
vt 0.953195 1.378324
vt 1.052745 1.359532
vt 1.143810 1.466573
vt 1.209046 1.604011
vt 1.263244 1.605774
vt 1.254918 1.815736
vt 1.338707 1.830410
vt 1.352222 1.605380
vt 1.225727 1.463351
vt 1.301293 1.463926
vt 1.417443 1.466809
vt 1.157630 1.346809
vt 1.263561 1.336245
vt 1.419284 1.336686
vt 1.480080 1.328081
vt 1.347911 1.340169
vt 1.407953 1.151526
vt 1.463849 1.124636
vt 1.314243 1.189987
vt 1.187121 1.261268
vt 1.110002 1.069898
vt 1.251375 0.997487
vt 1.069218 0.891914
vt 1.352882 0.956748
vt 1.434811 0.941955
vt 1.023546 0.719179
vt 1.210031 0.817078
vt 1.154249 0.631269
vt 1.310735 0.770260
vt 5.559839 1.194257
vt 5.432673 1.201741
vt 5.550117 1.159539
vt 4.975420 1.115392
vt 5.440916 1.233741
vt 5.368477 1.335839
vt 4.972591 1.168136
vt 3.326436 1.000290
vt 5.346708 1.299607
vt 5.227587 1.355348
vt 5.239122 1.395611
vt 4.988609 1.279958
vt 5.103025 1.380770
vt 5.104363 1.424517
vt 4.183985 1.393595
vt 4.184518 1.350849
vt 3.262151 1.375347
vt 4.187600 1.239563
vt 3.323717 1.052801
vt 1.678657 0.889958
vt 3.293908 1.195335
vt 1.675890 0.941690
vt 0.030498 0.782674
vt 3.263822 1.333642
vt 1.659537 1.129337
vt 1.643142 1.314703
vt 1.640880 1.357646
vt 0.768468 1.317553
vt 0.765532 1.361098
vt 0.748098 1.091994
vt -0.111300 1.367806
vt -0.115123 1.412101
vt 0.027457 0.832840
vt -1.619014 0.675750
vt -0.116029 1.100720
vt -1.096358 1.469087
vt -1.114037 1.511346
vt -1.112088 1.114167
vt -2.086261 1.639690
vt -2.117967 1.680247
vt -2.135077 1.651411
vt -1.827544 1.129626
vt -2.453176 1.137470
vt -2.478378 1.177671
vt -2.544046 1.106110
vt -1.622246 0.724590
vt -2.519531 1.065900
vt -2.620125 1.047032
vt -3.267754 0.573315
vt -2.596710 1.007245
vt -2.701063 0.997355
vt -2.679181 0.958287
vt -2.770143 0.931866
vt -2.790366 0.970258
vt -3.271247 0.621227
vt -3.310535 0.879252
vt -3.312982 0.920514
vt -4.335203 0.843054
vt -4.912747 0.512203
vt -4.913443 0.464725
vt -4.335686 0.793287
vt -5.117115 0.510099
vt -5.128177 0.463980
vt -5.299657 0.563557
vt -5.322184 0.520203
vt -5.403252 0.647940
vt -5.459820 0.618329
vt -5.412389 0.721070
vt -5.529230 0.777214
vt -5.428487 0.689129
vt -5.548586 0.743984
vt 0.984375 0.015625
vt 0.984375 0.016113
vt 0.984375 0.016602
vt 0.984375 0.017090
vt 0.984375 0.018066
vt 0.984375 0.018555
vt 0.984375 0.019043
vt 0.984375 0.019531
vt 0.013802 0.010742
vt 0.014000 0.010742
vt 0.013771 0.010742
vt 0.014008 0.011719
vt 0.014130 0.011230
vt 0.014206 0.011230
vt 0.014610 0.012695
vt 0.014015 0.011719
vt 0.014030 0.011719
vt 0.014221 0.012695
vt 0.014679 0.013672
vt 0.014313 0.013672
vt 0.014725 0.014160
vt 0.014465 0.015137
vt 0.014786 0.014160
vt 0.014877 0.014160
vt 0.014938 0.014648
vt 0.014977 0.014648
vt 0.015152 0.016113
vt 0.014397 0.016602
vt 0.014427 0.016602
vt 0.015526 0.017578
vt 0.014450 0.017090
vt 0.015076 0.018066
vt 0.014412 0.017578
vt 0.014236 0.018066
vt 0.014679 0.018555
vt 0.013977 0.018555
vt 0.014351 0.019043
vt 0.013779 0.019043
vt 0.014229 0.019043
vt 0.013771 0.019043
vt 0.014084 0.019531
vt 0.021881 0.017090
vt 0.021973 0.017578
vt 0.021912 0.017090
vt 0.021805 0.017090
vt 0.021790 0.017090
vt 0.021683 0.017090
vt 0.021713 0.017090
vt 0.021637 0.017090
vt 0.021530 0.017090
vt 0.021454 0.017090
vt 0.021423 0.016602
vt 0.021301 0.016602
vt 0.021194 0.016602
vt 0.021088 0.016602
vt 0.020813 0.016602
vt 0.020874 0.016602
vt 0.020599 0.016113
vt 0.020294 0.016113
vt 0.020218 0.016113
vt 0.019897 0.015625
vt 0.019730 0.015625
vt 0.019592 0.015625
vt 0.019165 0.015625
vt 0.019272 0.015625
vt 0.018921 0.015137
vt 0.018616 0.015137
vt 0.018570 0.015137
vt 0.018188 0.015137
vt 0.018036 0.015137
vt 0.017822 0.014648
vt 0.017456 0.014648
vt 0.017105 0.014648
vt 0.016891 0.014648
vt 0.016754 0.014160
vt 0.016312 0.014160
vt 0.016403 0.014160
vt 0.016068 0.014160
vt 0.015747 0.014160
vt 0.015717 0.014160
vt 0.015121 0.013672
vt 0.015434 0.013672
vt 0.015114 0.013672
vt 0.014519 0.013672
vt 0.014771 0.013672
vt 0.014412 0.013672
vt 0.014091 0.013672
vt 0.013908 0.013672
vt 0.013748 0.013184
vt 0.013275 0.013184
vt 0.013412 0.013184
vt 0.012985 0.013184
vt 0.012665 0.013184
vt 0.012520 0.013184
vt 0.012047 0.013184
vt 0.011948 0.013184
vt 0.011421 0.013184
vt 0.011375 0.013184
vt 0.010796 0.012695
vt 0.010712 0.012695
vt 0.010162 0.012695
vt 0.009888 0.012695
vt 0.009918 0.012695
vt 0.009903 0.012695
vt 0.009865 0.012695
vt 0.009697 0.013184
vt 0.009712 0.012695
vt 0.009773 0.012695
vt 0.009628 0.013184
vt 0.009651 0.013184
vt 0.009453 0.013184
vt 0.009575 0.013184
vt 0.009232 0.013672
vt 0.009148 0.013672
vt 0.008904 0.014160
vt 0.008888 0.014160
vt 0.008598 0.014648
vt 0.008614 0.014648
vt 0.008316 0.015137
vt 0.008339 0.015137
vt 0.008087 0.015625
vt 0.008041 0.015625
vt 0.007828 0.016602
vt 0.007790 0.016113
vt 0.007534 0.017090
vt 0.007595 0.017090
vt 0.007313 0.017578
vt 0.007404 0.017578
vt 0.021881 0.017578
vt 0.021835 0.017090
vt 0.021652 0.017090
vt 0.021423 0.017090
vt 0.021149 0.016602
vt 0.020782 0.016602
vt 0.020279 0.016113
vt 0.019714 0.016113
vt 0.019135 0.015625
vt 0.018585 0.015137
vt 0.018021 0.015137
vt 0.017441 0.014648
vt 0.016876 0.014648
vt 0.016296 0.014160
vt 0.015701 0.014160
vt 0.015106 0.013672
vt 0.014503 0.013672
vt 0.013901 0.013672
vt 0.013260 0.013184
vt 0.012657 0.013184
vt 0.012039 0.013184
vt 0.011414 0.013184
vt 0.010788 0.012695
vt 0.010056 0.012695
vt 0.009949 0.012695
vt 0.009850 0.012695
vt 0.009743 0.013184
vt 0.009491 0.013184
vt 0.009209 0.013672
vt 0.008934 0.014160
vt 0.008644 0.014648
vt 0.008377 0.015137
vt 0.008125 0.015625
vt 0.007896 0.016602
vt 0.007675 0.017090
vt 0.007500 0.017578
vt 0.364990 0.017578
vt 0.363525 0.018066
vt 0.363525 0.017578
vt 0.364746 0.018066
vt 0.363525 0.019531
vt 0.364014 0.020020
vt 0.364502 0.019531
vt 0.014275 0.015625
vt 0.014229 0.015137
vt 0.014198 0.015137
vt 0.014183 0.015137
vt 0.014343 0.015625
vt 0.014221 0.015137
vt 0.014290 0.015137
vt 0.014320 0.014648
vt 0.014366 0.014648
vt 0.014412 0.014648
vt 0.014824 0.014648
vt 0.014931 0.014648
vt 0.015053 0.015137
vt 0.015091 0.015137
vt 0.014954 0.015625
vt 0.015106 0.015137
vt 0.015022 0.015625
vt 0.015068 0.015137
vt 0.015099 0.015137
vt 0.014618 0.015137
vt 0.014565 0.015137
vt 0.014671 0.015137
vt 0.014786 0.015137
vt 0.014481 0.015137
vt 0.014862 0.015137
vt 0.014427 0.015137
vt 0.014946 0.014648
vt 0.014854 0.014648
vt 0.015266 0.014160
vt 0.014679 0.014648
vt 0.014694 0.014648
vt 0.014252 0.014648
vt 0.014122 0.014648
vt 0.014046 0.014648
vt 0.014603 0.015137
vt 0.014030 0.014648
vt 0.014572 0.015137
vt 0.014610 0.015137
vt 0.014854 0.015625
vt 0.015266 0.015625
vt 0.977051 0.019043
vt 0.977539 0.019531
vt 0.977539 0.019043
vt 0.976562 0.018555
vt 0.976562 0.019043
vt 0.977051 0.018555
vt 0.977539 0.018066
vt 0.977539 0.017578
vt 0.977539 0.018555
vt 0.978027 0.018066
vt 0.978027 0.017090
vt 0.978027 0.018555
vt 0.978516 0.018066
vt 0.978516 0.017578
vt 0.979004 0.017578
vt 0.978516 0.017090
vt 0.979004 0.016602
vt 0.979004 0.017090
vt 0.979492 0.016113
vt 0.979492 0.015625
vt 0.979492 0.016602
vt 0.979980 0.016113
vt 0.980469 0.016113
vt 0.979980 0.015625
vt 0.980469 0.015625
vt 0.980957 0.015625
vt 0.981445 0.015625
vt 0.981934 0.016113
vt 0.981934 0.015625
vt 0.982422 0.016113
vt 0.982910 0.015625
vt 0.982910 0.016113
vt 0.983398 0.015625
vt 0.983398 0.016113
vt 0.983887 0.015625
vt 0.983887 0.016113
vt 0.984863 0.016113
vt 0.985352 0.016113
vt 0.985840 0.016113
vt 0.985352 0.015625
vt 0.985840 0.016602
vt 0.986328 0.016113
vt 0.986328 0.016602
vt 0.986816 0.016602
vt 0.987305 0.016602
vt 0.987305 0.017090
vt 0.987793 0.017090
vt 0.988281 0.017578
vt 0.988770 0.017090
vt 0.988770 0.017578
vt 0.989258 0.017578
vt 0.989258 0.018066
vt 0.989746 0.018066
vt 0.988281 0.017090
vt 0.990234 0.018066
vt 0.989746 0.018555
vt 0.990234 0.018555
vt 0.990723 0.018555
vt 0.989746 0.017578
vt 0.990234 0.019043
vt 0.990723 0.019043
vt 0.991211 0.018555
vt 0.991211 0.019043
vt 0.990723 0.018066
vt 0.991211 0.018066
vt 0.988281 0.016602
vt 0.987793 0.016602
vt 0.986816 0.016113
vt 0.984863 0.015625
vt 0.013901 0.015625
vt 0.013885 0.015625
vt 0.013809 0.015625
vt 0.013962 0.015625
vt 0.013969 0.015625
vt 0.013924 0.015625
vt 0.014023 0.015625
vt 0.015312 0.015625
vt 0.013954 0.015625
vt 0.015274 0.015625
vt 0.015396 0.015625
vt 0.013992 0.015625
vt 0.013977 0.015625
vt 0.014030 0.015625
vt 0.014008 0.015625
vt 0.014038 0.015625
vt 0.014015 0.015625
vt 0.014046 0.015625
vt 0.014053 0.015625
vt 0.015251 0.015625
vt 0.015244 0.015625
vt 0.015236 0.015625
vt 0.015259 0.015625
vt 0.015289 0.015625
vt 0.015305 0.015625
vt 0.015320 0.015625
vt 0.015327 0.015625
vt 0.015335 0.015625
vt 0.015472 0.015625
vt 0.015343 0.015625
vt 0.015373 0.015625
vt 0.015388 0.015625
vt 0.015526 0.015625
vt 0.015427 0.015625
vt 0.015572 0.015625
vt 0.015411 0.015625
vt 0.015457 0.015625
vt 0.015465 0.014648
vt 0.015366 0.015625
vt 0.015366 0.014648
vt 0.015343 0.014648
vt 0.015335 0.014648
vt 0.015404 0.014648
vt 0.015312 0.014648
vt 0.013939 0.014648
vt 0.013878 0.014648
vt 0.015327 0.014648
vt 0.013954 0.014648
vt 0.013908 0.014648
vt 0.013809 0.014648
vt 0.013931 0.014648
vt 0.013840 0.015625
vt 0.013718 0.015625
vt 0.013756 0.015625
vt 0.013969 0.014648
vt 0.013863 0.015625
vt 0.013908 0.015625
vt 0.013947 0.015625
vt 0.014038 0.014648
vt 0.014076 0.014648
vt 0.014000 0.014648
vt 0.015221 0.014648
vt 0.015213 0.014648
vt 0.014008 0.014648
vt 0.013992 0.014648
vt 0.015282 0.014648
vt 0.015297 0.014648
vt 0.015289 0.014648
vt 0.015381 0.015625
vt 0.015251 0.014648
vt 0.015228 0.014648
vt 0.015350 0.015625
vt 0.015297 0.015625
vt 0.361572 0.020508
vt 0.361572 0.019531
vt 0.362061 0.019531
vt 0.361816 0.020996
vt 0.361816 0.021484
vt 0.363525 0.021484
vt 0.364014 0.021484
vt 0.364746 0.021484
vt 0.366211 0.019531
vt 0.366211 0.021484
vt 0.366211 0.020996
vt 0.366455 0.020996
vt 0.366455 0.020508
vt 0.366699 0.019531
vt 0.990723 0.019531
vt 0.991699 0.019043
vt 0.991699 0.018555
vt 0.992188 0.018555
vt 0.992188 0.019043
vt 0.392578 0.012695
vt 0.391602 0.016113
vt 0.391602 0.012695
vt 0.392578 0.016113
vt 0.392578 0.020508
vt 0.391357 0.020020
vt 0.392334 0.020996
vt 0.391113 0.016113
vt 0.391357 0.020508
vt 0.390869 0.022461
vt 0.391113 0.020020
vt 0.390625 0.007812
vt 0.390869 0.007812
vt 0.390869 0.016113
vt 0.390381 0.007324
vt 0.390625 0.007324
vt 0.390137 0.008301
vt 0.390137 0.007812
vt 0.389404 0.016113
vt 0.389893 0.007812
vt 0.390137 0.007324
vt 0.390137 0.006836
vt 0.389648 0.007324
vt 0.389648 0.006836
vt 0.389160 0.006836
vt 0.389160 0.007324
vt 0.387695 0.007812
vt 0.389160 0.007812
vt 0.387939 0.007812
vt 0.387451 0.008301
vt 0.388184 0.008301
vt 0.387695 0.008301
vt 0.387207 0.008789
vt 0.387939 0.008789
vt 0.387451 0.008789
vt 0.386963 0.009277
vt 0.387695 0.008789
vt 0.387451 0.009277
vt 0.387207 0.016113
vt 0.387695 0.009277
vt 0.387695 0.016113
vt 0.385986 0.016602
vt 0.386230 0.016113
vt 0.387939 0.016113
vt 0.387451 0.016602
vt 0.387207 0.017578
vt 0.385986 0.017578
vt 0.387695 0.017090
vt 0.389648 0.018066
vt 0.390869 0.020508
vt 0.388916 0.019043
vt 0.387451 0.017578
vt 0.386963 0.018066
vt 0.385986 0.018066
vt 0.390137 0.020996
vt 0.388428 0.019531
vt 0.387207 0.018066
vt 0.386719 0.018066
vt 0.385986 0.018555
vt 0.386230 0.019043
vt 0.386963 0.018555
vt 0.387207 0.020996
vt 0.388184 0.020020
vt 0.387939 0.020508
vt 0.389160 0.022949
vt 0.389893 0.021484
vt 0.389648 0.021484
vt 0.389404 0.021973
vt 0.389648 0.021973
vt 0.389648 0.022949
vt 0.390137 0.022949
vt 0.389893 0.021973
vt 0.390381 0.021484
vt 0.014244 0.015137
vt 0.014191 0.015137
vt 0.014252 0.015137
vt 0.014236 0.015137
vt 0.014297 0.015137
vt 0.014389 0.015137
vt 0.014999 0.015137
vt 0.015129 0.015137
vt 0.015114 0.015137
vt 0.015076 0.015137
vt 0.015060 0.015137
vt 0.015045 0.015137
vt 0.014397 0.015137
vt 0.014305 0.015137
vt 0.014259 0.015137
vt 0.014206 0.015137
vt 0.014168 0.015137
vt 0.014160 0.015137
vt 0.014175 0.015137
vt 0.984375 0.017578
vt 0.014236 0.014648
vt 0.014122 0.015137
vt 0.014275 0.015137
vt 0.014282 0.014648
vt 0.014099 0.015137
vt 0.014313 0.014648
vt 0.014336 0.014648
vt 0.014519 0.015137
vt 0.014359 0.014648
vt 0.014404 0.014648
vt 0.014397 0.014648
vt 0.014153 0.015137
vt 0.014114 0.015137
vt 0.014923 0.014648
vt 0.014954 0.015137
vt 0.015015 0.014648
vt 0.014984 0.015137
vt 0.015007 0.015137
vt 0.014824 0.015137
vt 0.015030 0.015137
vt 0.015167 0.015137
vt 0.014374 0.015137
vt 0.014412 0.015625
vt 0.014359 0.015625
vt 0.014343 0.015137
vt 0.014893 0.015137
vt 0.014961 0.015137
vt 0.014992 0.015625
vt 0.015144 0.015137
vt 0.015190 0.015137
vt 0.015175 0.015137
vt 0.015022 0.015137
vt 0.015038 0.015625
vt 0.014679 0.015137
vt 0.014771 0.015137
vt 0.014526 0.015137
vt 0.014503 0.015137
vt 0.014687 0.015137
vt 0.014801 0.015625
vt 0.014847 0.015625
vt 0.014862 0.015625
vt 0.014893 0.015625
vt 0.015152 0.015137
vt 0.014809 0.015625
vt 0.014725 0.015625
vt 0.014664 0.015625
vt 0.014755 0.015625
vt 0.015327 0.014160
vt 0.015366 0.014160
vt 0.015083 0.015137
vt 0.014824 0.015625
vt 0.014793 0.015625
vt 0.014626 0.015625
vt 0.014641 0.015625
vt 0.014603 0.015625
vt 0.014404 0.015625
vt 0.014290 0.015625
vt 0.014313 0.015625
vt 0.014236 0.016113
vt 0.014206 0.016113
vt 0.014252 0.015625
vt 0.014183 0.016113
vt 0.014168 0.015625
vt 0.014198 0.015625
vt 0.014236 0.015625
vt 0.014145 0.015625
vt 0.014153 0.015625
vt 0.014130 0.015625
vt 0.014320 0.015137
vt 0.014336 0.015137
vt 0.014351 0.015625
vt 0.014366 0.015625
vt 0.014397 0.015625
vt 0.014450 0.015625
vt 0.014526 0.015625
vt 0.014572 0.015625
vt 0.014671 0.015625
vt 0.014763 0.015625
vt 0.014763 0.015137
vt 0.014725 0.015137
vt 0.015152 0.014648
vt 0.015121 0.014648
vt 0.014694 0.015137
vt 0.014488 0.015137
vt 0.014137 0.015137
vt 0.014030 0.015137
vt 0.014107 0.015137
vt 0.013931 0.015137
vt 0.014008 0.015137
vt 0.013962 0.015137
vt 0.013969 0.014160
vt 0.014000 0.014160
vt 0.014107 0.014160
vt 0.014000 0.015137
vt 0.014076 0.014160
vt 0.014069 0.015137
vt 0.014160 0.014160
vt 0.014153 0.014160
vt 0.014450 0.014648
vt 0.014374 0.014648
vt 0.014435 0.014648
vt 0.014488 0.014648
vt 0.014534 0.014648
vt 0.014542 0.014648
vt 0.014847 0.014648
vt 0.014870 0.014648
vt 0.015099 0.014648
vt 0.014915 0.014648
vt 0.015068 0.014648
vt 0.015038 0.014648
vt 0.014992 0.014648
vt 0.015060 0.014648
vt 0.014999 0.014648
vt 0.015106 0.014648
vt 0.015015 0.014160
vt 0.015091 0.014648
vt 0.015213 0.014160
vt 0.015144 0.014648
vt 0.015190 0.014648
vt 0.015259 0.014160
vt 0.332520 0.007812
vt 0.334229 0.008789
vt 0.333740 0.009277
vt 0.335205 0.010742
vt 0.332275 0.008301
vt 0.330566 0.007812
vt 0.334717 0.010742
vt 0.330811 0.008301
vt 0.328857 0.008789
vt 0.333008 0.010254
vt 0.329346 0.009277
vt 0.333496 0.011230
vt 0.331055 0.009766
vt 0.332031 0.009766
vt 0.333496 0.019043
vt 0.330078 0.010254
vt 0.328369 0.010742
vt 0.327881 0.010742
vt 0.329590 0.011230
vt 0.328369 0.019531
vt 0.327881 0.019531
vt 0.328857 0.021484
vt 0.329346 0.020996
vt 0.330566 0.022461
vt 0.330078 0.020020
vt 0.330811 0.021484
vt 0.332520 0.022461
vt 0.329590 0.019043
vt 0.331055 0.020508
vt 0.332275 0.021484
vt 0.334229 0.021484
vt 0.332031 0.020508
vt 0.333008 0.020020
vt 0.333740 0.020996
vt 0.335205 0.019531
vt 0.334717 0.019531
vt 0.330811 0.022461
vt 0.014801 0.015137
vt -13.437500 0.173828
vt -13.562500 0.451172
vt -13.937500 0.451172
vt -12.992188 0.173828
vt -12.976562 0.451172
vt -12.437500 0.173828
vt -7.890625 0.451172
vt -7.617188 0.173828
vt -3.195312 0.451172
vt -3.060547 0.173828
vt -0.261230 0.451172
vt -0.081421 0.173828
vt 2.697266 0.451172
vt 2.947266 0.173828
vt 6.203125 0.451172
vt 6.507812 0.173828
vt 9.570312 0.451172
vt 9.828125 0.173828
vt 12.937500 0.451172
vt 12.921875 0.173828
vt 14.164062 0.451172
vt 14.148438 0.173828
vt 14.617188 0.173828
vt 14.632812 0.451172
vt 15.023438 0.451172
vt 15.031250 0.173828
vt 0.017197 0.015137
vt 0.017136 0.015137
vt 0.017242 0.015137
vt 0.016830 0.015625
vt 0.016785 0.015625
vt 0.017014 0.015137
vt 0.016434 0.015625
vt 0.016464 0.015625
vt 0.016693 0.015625
vt 0.015884 0.015137
vt 0.016113 0.016113
vt 0.016144 0.016113
vt 0.016327 0.015625
vt 0.015640 0.015625
vt 0.014832 0.015137
vt 0.016083 0.015625
vt 0.015915 0.016113
vt 0.015945 0.016113
vt 0.015976 0.016113
vt 0.015778 0.016113
vt 0.015762 0.016113
vt 0.015594 0.016113
vt 0.015747 0.016113
vt 0.015587 0.016113
vt 0.015404 0.016113
vt 0.015579 0.016113
vt 0.014946 0.016113
vt 0.015427 0.016113
vt 0.014977 0.016113
vt 0.014954 0.016113
vt 0.014503 0.016113
vt 0.014488 0.016113
vt 0.014534 0.015625
vt 0.013504 0.015137
vt 0.013336 0.015137
vt 0.012741 0.015137
vt 0.012039 0.015137
vt 0.013176 0.015625
vt 0.011902 0.015137
vt 0.011375 0.015137
vt 0.013145 0.015625
vt 0.013123 0.016113
vt 0.011780 0.015625
vt 0.011749 0.015625
vt 0.011734 0.015625
vt 0.011436 0.015625
vt 0.011414 0.015625
vt 0.011368 0.015625
vt 0.011269 0.015625
vt 0.011200 0.015625
vt 0.011139 0.015625
vt 0.011169 0.015137
vt 0.011108 0.015137
vt 0.011078 0.015625
vt 0.010994 0.015625
vt 0.011002 0.015137
vt 0.010902 0.015137
vt 0.016571 0.015137
vt 0.016220 0.015137
vt 0.015236 0.015137
vt 0.015717 0.015137
vt 0.015221 0.015137
vt 0.015221 0.015625
vt 0.016357 0.015625
vt 0.013779 0.015137
vt 0.013069 0.015137
vt 0.015190 0.015625
vt 0.013779 0.015625
vt 0.012344 0.015137
vt 0.011299 0.015137
vt 0.015045 0.016113
vt 0.015701 0.016602
vt 0.011284 0.015625
vt 0.009933 0.015137
vt 0.014961 0.016602
vt 0.015518 0.016602
vt 0.013771 0.015625
vt 0.013763 0.016113
vt 0.014908 0.016602
vt 0.014748 0.017090
vt 0.013756 0.016602
vt 0.013748 0.017090
vt 0.012344 0.016113
vt 0.012360 0.016602
vt 0.012329 0.017578
vt 0.012352 0.016602
vt 0.012085 0.016602
vt 0.012070 0.016602
vt 0.012001 0.017578
vt 0.011909 0.017578
vt 0.011993 0.016602
vt 0.011986 0.016602
vt 0.011841 0.017090
vt 0.011887 0.016602
vt 0.011757 0.017090
vt 0.011810 0.016113
vt 0.011909 0.016113
vt 0.011292 0.015625
vt 0.011269 0.017090
vt 0.010292 0.017090
vt 0.012337 0.015625
vt 0.009979 0.015625
vt 0.009750 0.015625
vt 0.009956 0.015625
vt 0.009697 0.015625
vt 0.009933 0.015625
vt 0.009628 0.015625
vt 0.009544 0.015137
vt 0.019363 0.012207
vt 0.019318 0.012207
vt 0.019379 0.012207
vt 0.019409 0.012207
vt 0.019531 0.012207
vt 0.019394 0.012207
vt 0.019348 0.012207
vt 0.019547 0.012207
vt 0.019653 0.012207
vt 0.019684 0.012207
vt 0.019440 0.012207
vt 0.019745 0.012207
vt 0.019806 0.012207
vt 0.019470 0.012207
vt 0.019836 0.012207
vt 0.020111 0.012207
vt 0.019608 0.012207
vt 0.020218 0.012207
vt 0.019089 0.012695
vt 0.019882 0.012695
vt 0.020523 0.012695
vt 0.020615 0.012695
vt 0.019974 0.012695
vt 0.020599 0.012695
vt 0.020355 0.012695
vt 0.020462 0.012695
vt 0.020477 0.012695
vt 0.020020 0.013184
vt 0.020035 0.013184
vt 0.019928 0.013184
vt 0.019958 0.013184
vt 0.019913 0.013672
vt 0.019608 0.013184
vt 0.019775 0.013672
vt 0.019791 0.013672
vt 0.019882 0.013672
vt 0.019699 0.013672
vt 0.019882 0.013184
vt 0.019821 0.013672
vt 0.019531 0.013672
vt 0.019547 0.013184
vt 0.019485 0.013184
vt 0.019318 0.013672
vt 0.019440 0.013184
vt 0.018982 0.013672
vt 0.019073 0.013672
vt 0.019272 0.014160
vt 0.019501 0.013672
vt 0.018707 0.013672
vt 0.019577 0.013672
vt 0.019592 0.013672
vt 0.019363 0.014160
vt 0.018860 0.013672
vt 0.019211 0.014160
vt 0.019287 0.014160
vt 0.019302 0.014160
vt 0.018799 0.013672
vt 0.019150 0.014160
vt 0.019226 0.014160
vt 0.019180 0.014160
vt 0.019119 0.014648
vt 0.018738 0.013672
vt 0.019104 0.014160
vt 0.018509 0.014648
vt 0.018677 0.013672
vt 0.018494 0.014648
vt 0.019012 0.014160
vt 0.017914 0.015137
vt 0.018417 0.014648
vt 0.018341 0.014160
vt 0.018600 0.013672
vt 0.017944 0.014648
vt 0.018234 0.014160
vt 0.017822 0.015137
vt 0.017334 0.015625
vt 0.017349 0.015625
vt 0.017471 0.015137
vt 0.016815 0.016113
vt 0.016830 0.016113
vt 0.017258 0.015625
vt 0.016388 0.016602
vt 0.016739 0.016113
vt 0.015991 0.017578
vt 0.016312 0.016602
vt 0.017059 0.015625
vt 0.016403 0.016113
vt 0.015961 0.016602
vt 0.016922 0.015625
vt 0.015556 0.017090
vt 0.015289 0.017090
vt 0.017075 0.015137
vt 0.016647 0.015137
vt 0.015129 0.017578
vt 0.015823 0.017578
vt 0.015518 0.018066
vt 0.015594 0.018066
vt 0.015610 0.018066
vt 0.015450 0.018066
vt 0.015373 0.018066
vt 0.014877 0.017578
vt 0.015434 0.018066
vt 0.015259 0.018066
vt 0.015244 0.018066
vt 0.015060 0.018555
vt 0.015190 0.018066
vt 0.015045 0.018555
vt 0.014839 0.018555
vt 0.014999 0.018066
vt 0.014565 0.018066
vt 0.014832 0.018555
vt 0.014580 0.018555
vt 0.014793 0.018066
vt 0.014572 0.018555
vt 0.014313 0.018555
vt 0.014542 0.018555
vt 0.014175 0.018066
vt 0.014282 0.018555
vt 0.013153 0.018066
vt 0.009956 0.018555
vt 0.009949 0.018555
vt 0.009979 0.018555
vt 0.012115 0.018066
vt 0.011093 0.018066
vt 0.010124 0.018066
vt 0.009979 0.018066
vt 0.009827 0.018555
vt 0.009796 0.018555
vt 0.009789 0.018555
vt 0.009720 0.018066
vt 0.009644 0.018555
vt 0.009628 0.018555
vt 0.009552 0.018066
vt 0.009506 0.018555
vt 0.009491 0.018555
vt 0.009377 0.018066
vt 0.009453 0.018066
vt 0.009399 0.018066
vt 0.009300 0.018066
vt 0.009323 0.018066
vt 0.009239 0.018066
vt 0.009560 0.018066
vt 0.009270 0.018066
vt 0.009186 0.017578
vt 0.009331 0.018066
vt 0.009529 0.017578
vt 0.009209 0.017578
vt 0.008995 0.015137
vt 0.009491 0.017578
vt 0.009026 0.015137
vt 0.009094 0.015137
vt 0.008911 0.014160
vt 0.009163 0.015137
vt 0.009277 0.015137
vt 0.008980 0.014160
vt 0.009262 0.015137
vt 0.009300 0.015137
vt 0.009079 0.014160
vt 0.009430 0.015137
vt 0.009399 0.015137
vt 0.009193 0.014160
vt 0.009369 0.015137
vt 0.009331 0.014160
vt 0.011284 0.014648
vt 0.009529 0.014648
vt 0.009933 0.014648
vt 0.009094 0.013184
vt 0.011276 0.014648
vt 0.008965 0.013184
vt 0.009956 0.014648
vt 0.008835 0.013184
vt 0.009064 0.012207
vt 0.008766 0.013184
vt 0.008743 0.013184
vt 0.008667 0.012207
vt 0.008919 0.012207
vt 0.008766 0.012207
vt 0.008698 0.012207
vt 0.008690 0.012207
vt 0.008743 0.012207
vt 0.009018 0.012207
vt 0.009071 0.012207
vt 0.009506 0.011719
vt 0.009171 0.012207
vt 0.009193 0.012207
vt 0.009514 0.012207
vt 0.009232 0.013184
vt 0.009247 0.012207
vt 0.009491 0.014160
vt 0.009354 0.012207
vt 0.009399 0.013184
vt 0.009529 0.012207
vt 0.009361 0.012207
vt 0.010223 0.011719
vt 0.010155 0.012207
vt 0.010300 0.011719
vt 0.010414 0.011719
vt 0.010460 0.011719
vt 0.010323 0.011719
vt 0.010490 0.011719
vt 0.011200 0.012695
vt 0.010399 0.011719
vt 0.011154 0.012695
vt 0.011223 0.012695
vt 0.011314 0.012695
vt 0.010239 0.012207
vt 0.010315 0.012207
vt 0.010963 0.012695
vt 0.010147 0.012207
vt 0.010818 0.012695
vt 0.010979 0.012695
vt 0.010193 0.012207
vt 0.010635 0.012695
vt 0.010094 0.012207
vt 0.010086 0.012207
vt 0.010139 0.012207
vt 0.010033 0.012207
vt 0.010071 0.012207
vt 0.010117 0.012207
vt 0.009743 0.012207
vt 0.010185 0.012207
vt 0.009712 0.012207
vt 0.009689 0.012207
vt 0.009659 0.012207
vt 0.009651 0.012207
vt 0.009613 0.012207
vt 0.009621 0.012695
vt 0.009567 0.012207
vt 0.009598 0.012695
vt 0.009537 0.012695
vt 0.009499 0.012695
vt 0.009560 0.012695
vt 0.009552 0.012695
vt 0.009491 0.012695
vt 0.009575 0.012695
vt 0.009521 0.012695
vt 0.009567 0.013184
vt 0.009613 0.013184
vt 0.009636 0.013184
vt 0.009666 0.013184
vt 0.009720 0.013184
vt 0.009727 0.013184
vt 0.010040 0.013184
vt 0.010025 0.012695
vt 0.010345 0.012695
vt 0.010315 0.012695
vt 0.010376 0.012695
vt 0.010422 0.012695
vt 0.010406 0.012695
vt 0.010330 0.013184
vt 0.010468 0.012695
vt 0.010483 0.012695
vt 0.010506 0.012695
vt 0.010414 0.012695
vt 0.010445 0.012695
vt 0.010384 0.012695
vt 0.010391 0.012695
vt 0.010338 0.012695
vt 0.010231 0.012207
vt 0.010643 0.012695
vt 0.010742 0.012695
vt 0.010841 0.012695
vt 0.010567 0.012695
vt 0.010902 0.012695
vt 0.010460 0.013184
vt 0.010986 0.012695
vt 0.010384 0.013184
vt 0.011101 0.012695
vt 0.010773 0.013184
vt 0.011147 0.012695
vt 0.011169 0.012695
vt 0.011246 0.012695
vt 0.011131 0.013184
vt 0.011192 0.013184
vt 0.010933 0.013184
vt 0.011116 0.013184
vt 0.011169 0.013184
vt 0.011246 0.013184
vt 0.010765 0.013184
vt 0.011284 0.013672
vt 0.011353 0.013672
vt 0.010712 0.013184
vt 0.011452 0.013672
vt 0.011505 0.013672
vt 0.011627 0.013672
vt 0.011681 0.013672
vt 0.011299 0.013672
vt 0.011909 0.013672
vt 0.011940 0.013672
vt 0.012329 0.013672
vt 0.010193 0.013672
vt 0.013786 0.013672
vt 0.015213 0.013672
vt 0.010460 0.013672
vt 0.015205 0.013672
vt 0.015686 0.013672
vt 0.010651 0.013184
vt 0.015701 0.013672
vt 0.016159 0.013672
vt 0.015205 0.014160
vt 0.016174 0.014160
vt 0.016357 0.013672
vt 0.013771 0.013672
vt 0.016373 0.014160
vt 0.016556 0.013672
vt 0.016205 0.014160
vt 0.016586 0.014160
vt 0.016754 0.013672
vt 0.016617 0.014160
vt 0.016235 0.014160
vt 0.016449 0.014160
vt 0.016769 0.014160
vt 0.016663 0.014160
vt 0.016953 0.013672
vt 0.016937 0.013672
vt 0.016830 0.014160
vt 0.017303 0.013672
vt 0.017288 0.013672
vt 0.016983 0.013672
vt 0.017700 0.013672
vt 0.017670 0.013184
vt 0.017334 0.013672
vt 0.018066 0.013184
vt 0.018051 0.013184
vt 0.018433 0.012695
vt 0.018417 0.012695
vt 0.018784 0.012695
vt 0.018097 0.013184
vt 0.018799 0.012695
vt 0.018509 0.013184
vt 0.018890 0.012695
vt 0.018158 0.013184
vt 0.018936 0.012695
vt 0.018570 0.013184
vt 0.018692 0.013184
vt 0.018295 0.013672
vt 0.018188 0.013184
vt 0.017914 0.013672
vt 0.017822 0.013672
vt 0.017792 0.013672
vt 0.017746 0.013672
vt 0.017380 0.013672
vt 0.017426 0.014160
vt 0.017456 0.014160
vt 0.017044 0.014160
vt 0.017059 0.014160
vt 0.016998 0.014160
vt 0.016891 0.014160
vt 0.016846 0.014160
vt 0.016693 0.014160
vt 0.016724 0.014160
vt 0.016479 0.014160
vt 0.016510 0.014160
vt 0.016251 0.014160
vt 0.016266 0.014160
vt 0.015732 0.014160
vt 0.016525 0.014160
vt 0.016266 0.014648
vt 0.016541 0.014648
vt 0.015732 0.014648
vt 0.016922 0.014160
vt 0.016922 0.014648
vt 0.016556 0.014648
vt 0.016983 0.014648
vt 0.016251 0.014648
vt 0.017548 0.014160
vt 0.017868 0.014648
vt 0.017395 0.015137
vt 0.016754 0.015137
vt 0.016571 0.014648
vt 0.016235 0.014648
vt 0.015717 0.014648
vt 0.014473 0.014648
vt 0.015182 0.014648
vt 0.015182 0.014160
vt 0.014473 0.014160
vt 0.015190 0.014160
vt 0.014465 0.014160
vt 0.015198 0.014160
vt 0.013763 0.014160
vt 0.013756 0.014160
vt 0.011292 0.014160
vt 0.012329 0.014160
vt 0.013046 0.014160
vt 0.012337 0.014160
vt 0.013046 0.014648
vt 0.013756 0.014648
vt 0.012337 0.014648
vt 0.013779 0.014648
vt 0.013069 0.014648
vt 0.012352 0.014648
vt 0.012329 0.014648
vt 0.009979 0.014648
vt 0.010010 0.014648
vt 0.009842 0.014648
vt 0.009888 0.014648
vt 0.010033 0.014648
vt 0.011284 0.014160
vt 0.011276 0.014160
vt 0.010056 0.014160
vt 0.010101 0.014160
vt 0.010094 0.014160
vt 0.010040 0.014160
vt 0.009964 0.014160
vt 0.010002 0.014160
vt 0.010078 0.014160
vt 0.009987 0.014160
vt 0.009888 0.014160
vt 0.009842 0.014160
vt 0.009850 0.014160
vt 0.009796 0.014160
vt 0.009796 0.014648
vt 0.009735 0.014648
vt 0.009651 0.014648
vt 0.009727 0.014160
vt 0.009598 0.014160
vt 0.009689 0.014160
vt 0.009750 0.014160
vt 0.009567 0.014160
vt 0.009666 0.014160
vt 0.009735 0.014160
vt 0.009560 0.014160
vt 0.009651 0.014160
vt 0.009933 0.014160
vt 0.009575 0.014160
vt 0.009674 0.014160
vt 0.009605 0.013672
vt 0.009712 0.013672
vt 0.009682 0.013672
vt 0.009781 0.014160
vt 0.009781 0.013672
vt 0.009766 0.013672
vt 0.009850 0.013672
vt 0.009857 0.013672
vt 0.010071 0.013672
vt 0.009933 0.013672
vt 0.009956 0.013672
vt 0.010025 0.013672
vt 0.010345 0.013672
vt 0.009880 0.013184
vt 0.010101 0.013184
vt 0.010010 0.013184
vt 0.010155 0.013184
vt 0.010162 0.013184
vt 0.010239 0.013184
vt 0.010307 0.013184
vt 0.010551 0.013184
vt 0.010437 0.013184
vt 0.010597 0.013184
vt 0.010529 0.013184
vt 0.010513 0.013184
vt 0.010567 0.013184
vt 0.010643 0.013184
vt 0.010628 0.013184
vt 0.010597 0.012695
vt 0.010681 0.012695
vt 0.012306 0.014160
vt 0.012283 0.014160
vt 0.012299 0.014160
vt 0.012169 0.014160
vt 0.013069 0.014160
vt 0.011795 0.014648
vt 0.011749 0.014160
vt 0.012321 0.014160
vt 0.013809 0.014160
vt 0.013824 0.014160
vt 0.014488 0.014160
vt 0.013779 0.014160
vt 0.014442 0.014160
vt 0.015129 0.014160
vt 0.015144 0.014160
vt 0.015099 0.014160
vt 0.016342 0.014160
vt 0.016357 0.014160
vt 0.017746 0.014160
vt 0.017075 0.014648
vt 0.017761 0.014160
vt 0.017853 0.014160
vt 0.016144 0.014648
vt 0.017868 0.014160
vt 0.017944 0.014160
vt 0.017761 0.014648
vt 0.017975 0.014160
vt 0.018097 0.014160
vt 0.017899 0.014160
vt 0.017731 0.014648
vt 0.018021 0.014160
vt 0.018127 0.014160
vt 0.018158 0.014160
vt 0.018188 0.014160
vt 0.018173 0.014160
vt 0.018265 0.014160
vt 0.018387 0.014160
vt 0.018219 0.014160
vt 0.018311 0.014160
vt 0.018433 0.014160
vt 0.018417 0.014160
vt 0.017883 0.014648
vt 0.017838 0.014648
vt 0.017532 0.015137
vt 0.017517 0.015137
vt 0.017380 0.015137
vt 0.017288 0.015137
vt 0.017410 0.014648
vt 0.017151 0.015137
vt 0.015961 0.015137
vt 0.014870 0.015137
vt 0.014214 0.014648
vt 0.013680 0.014648
vt 0.013557 0.014648
vt 0.012932 0.014648
vt 0.012794 0.014648
vt 0.012344 0.014648
vt 0.012207 0.014648
vt 0.012077 0.015137
vt 0.011833 0.014648
vt 0.011322 0.014648
vt 0.011353 0.015137
vt 0.011299 0.014648
vt 0.011253 0.014648
vt 0.011147 0.014648
vt 0.011215 0.014648
vt 0.011131 0.014648
vt 0.011032 0.014648
vt 0.011124 0.014648
vt 0.010941 0.014648
vt 0.011086 0.015137
vt 0.011078 0.015137
vt 0.010979 0.015137
vt 0.010880 0.014648
vt 0.010864 0.015137
vt 0.010963 0.015137
vt 0.010971 0.015137
vt 0.010872 0.015137
vt 0.009247 0.015137
vt 0.009514 0.015625
vt 0.009216 0.015137
vt 0.009544 0.015625
vt 0.009575 0.015625
vt 0.009644 0.015137
vt 0.009567 0.014648
vt 0.009583 0.015625
vt 0.009857 0.015625
vt 0.009842 0.015625
vt 0.009682 0.015137
vt 0.009727 0.015137
vt 0.009911 0.015625
vt 0.009895 0.015625
vt 0.009758 0.015137
vt 0.010002 0.015625
vt 0.010040 0.015625
vt 0.009979 0.015137
vt 0.010078 0.015625
vt 0.010162 0.015625
vt 0.010071 0.015625
vt 0.010185 0.015625
vt 0.010132 0.015625
vt 0.010086 0.015137
vt 0.010300 0.015625
vt 0.010315 0.015625
vt 0.010361 0.015625
vt 0.010345 0.015625
vt 0.010406 0.015625
vt 0.010437 0.015625
vt 0.010544 0.015625
vt 0.010155 0.015137
vt 0.010483 0.015625
vt 0.010529 0.015625
vt 0.010681 0.015625
vt 0.010689 0.015625
vt 0.010658 0.015137
vt 0.010162 0.015137
vt 0.010101 0.015137
vt 0.010025 0.015137
vt 0.010124 0.015137
vt 0.010201 0.015137
vt 0.010056 0.015137
vt 0.009995 0.015137
vt 0.009972 0.015137
vt 0.009789 0.015137
vt 0.009750 0.015137
vt 0.009644 0.014648
vt 0.010139 0.014648
vt 0.010818 0.014648
vt 0.011665 0.014648
vt 0.010849 0.015137
vt 0.012093 0.014648
vt 0.010841 0.015137
vt 0.013359 0.014648
vt 0.010849 0.015625
vt 0.012093 0.015137
vt 0.012093 0.015625
vt 0.013344 0.015137
vt 0.015823 0.015137
vt 0.014626 0.014648
vt 0.016052 0.014648
vt 0.017059 0.015137
vt 0.018311 0.015625
vt 0.015884 0.014648
vt 0.016327 0.014648
vt 0.015839 0.015137
vt 0.018692 0.014648
vt 0.017090 0.015137
vt 0.018311 0.015137
vt 0.018326 0.015137
vt 0.018433 0.015137
vt 0.018784 0.015137
vt 0.019272 0.015137
vt 0.019272 0.014648
vt 0.018799 0.015137
vt 0.018799 0.015625
vt 0.019028 0.015625
vt 0.019073 0.015625
vt 0.019394 0.015625
vt 0.019089 0.015137
vt 0.019409 0.015625
vt 0.019470 0.015625
vt 0.019363 0.015137
vt 0.019547 0.015625
vt 0.019409 0.015137
vt 0.019516 0.015625
vt 0.019440 0.015137
vt 0.019455 0.015137
vt 0.019501 0.015137
vt 0.019730 0.015137
vt 0.019745 0.015137
vt 0.019852 0.015137
vt 0.019653 0.015137
vt 0.019821 0.015137
vt 0.019928 0.015137
vt 0.019623 0.015137
vt 0.019958 0.015137
vt 0.019806 0.015137
vt 0.019562 0.015137
vt 0.019669 0.015137
vt 0.019730 0.014648
vt 0.019669 0.014648
vt 0.019821 0.014648
vt 0.019806 0.014648
vt 0.019913 0.014648
vt 0.019867 0.015137
vt 0.020065 0.014648
vt 0.010986 0.013672
vt 0.010979 0.013672
vt 0.010849 0.013672
vt 0.010834 0.013672
vt 0.010788 0.013672
vt 0.011070 0.014648
vt 0.011192 0.014648
vt 0.010765 0.013672
vt 0.010597 0.013672
vt 0.011108 0.014648
vt 0.011246 0.014648
vt 0.011002 0.014648
vt 0.010696 0.014160
vt 0.010521 0.014160
vt 0.010315 0.014160
vt 0.010307 0.013672
vt 0.010254 0.014160
vt 0.010757 0.016113
vt 0.011032 0.015625
vt 0.010811 0.016113
vt 0.010887 0.016113
vt 0.011208 0.015625
vt 0.010933 0.016113
vt 0.010971 0.016602
vt 0.011116 0.016113
vt 0.011017 0.016602
vt 0.011078 0.016602
vt 0.011169 0.016113
vt 0.011253 0.016113
vt 0.011284 0.016113
vt 0.013443 0.014648
vt 0.011337 0.016113
vt 0.011246 0.016113
vt 0.011116 0.016602
vt 0.011215 0.016602
vt 0.011429 0.016113
vt 0.011345 0.016113
vt 0.011238 0.016602
vt 0.011383 0.016602
vt 0.011368 0.016602
vt 0.011475 0.016602
vt 0.011536 0.016602
vt 0.011528 0.016602
vt 0.011536 0.016113
vt 0.011703 0.016602
vt 0.011604 0.016602
vt 0.012688 0.016602
vt 0.012695 0.016602
vt 0.011749 0.016602
vt 0.011650 0.016113
vt 0.013710 0.016602
vt 0.011780 0.016113
vt 0.013710 0.014648
vt 0.013573 0.014648
vt 0.012695 0.016113
vt 0.013496 0.014648
vt 0.013695 0.016113
vt 0.013878 0.015137
vt 0.013687 0.016113
vt 0.014679 0.016113
vt 0.014694 0.016113
vt 0.014725 0.016602
vt 0.014732 0.016602
vt 0.015778 0.016602
vt 0.015762 0.016602
vt 0.016205 0.016602
vt 0.015686 0.016113
vt 0.016174 0.016602
vt 0.016571 0.016602
vt 0.015656 0.016113
vt 0.016052 0.016113
vt 0.016541 0.016602
vt 0.015640 0.014648
vt 0.016006 0.016113
vt 0.016373 0.016113
vt 0.016861 0.016113
vt 0.016907 0.016113
vt 0.017105 0.016113
vt 0.017136 0.016113
vt 0.016663 0.015625
vt 0.017410 0.015625
vt 0.017456 0.015625
vt 0.016891 0.015625
vt 0.016571 0.015625
vt 0.017975 0.015625
vt 0.017151 0.015625
vt 0.018478 0.015137
vt 0.018524 0.015137
vt 0.017624 0.015137
vt 0.017029 0.015137
vt 0.018982 0.014648
vt 0.019043 0.014648
vt 0.019012 0.014648
vt 0.018692 0.014160
vt 0.018143 0.014648
vt 0.018646 0.014160
vt 0.018631 0.014160
vt 0.018478 0.014160
vt 0.018295 0.014160
vt 0.018005 0.014648
vt 0.018280 0.014160
vt 0.018204 0.014160
vt 0.018250 0.014160
vt 0.017822 0.014160
vt 0.017502 0.014648
vt 0.018143 0.014160
vt 0.018188 0.013672
vt 0.018127 0.013672
vt 0.018173 0.013672
vt 0.017731 0.014160
vt 0.017715 0.014160
vt 0.017242 0.014648
vt 0.017166 0.014648
vt 0.017151 0.014160
vt 0.016861 0.014648
vt 0.017197 0.014648
vt 0.016953 0.014648
vt 0.016907 0.014648
vt 0.016632 0.014648
vt 0.016586 0.014648
vt 0.016068 0.014648
vt 0.016296 0.014648
vt 0.015854 0.014648
vt 0.016281 0.014648
vt 0.016037 0.014648
vt 0.015839 0.014648
vt 0.013893 0.014648
vt 0.013786 0.014648
vt 0.013657 0.014648
vt 0.013672 0.014648
vt 0.013618 0.014648
vt 0.013550 0.014648
vt 0.013458 0.014648
vt 0.013489 0.014648
vt 0.013290 0.014160
vt 0.013390 0.014648
vt 0.013252 0.014160
vt 0.013283 0.014160
vt 0.013329 0.014648
vt 0.013245 0.014160
vt 0.013260 0.014160
vt 0.013306 0.014160
vt 0.013115 0.014160
vt 0.013344 0.014160
vt 0.013481 0.013672
vt 0.013512 0.014160
vt 0.013527 0.013672
vt 0.013496 0.013672
vt 0.013519 0.013672
vt 0.013489 0.013672
vt 0.013428 0.013672
vt 0.013405 0.013672
vt 0.013298 0.013672
vt 0.013283 0.013672
vt 0.012985 0.013672
vt 0.012993 0.013672
vt 0.012924 0.013672
vt 0.012894 0.013672
vt 0.012856 0.013672
vt 0.012794 0.013672
vt 0.012825 0.013672
vt 0.012749 0.013672
vt 0.012810 0.014648
vt 0.012703 0.013672
vt 0.012718 0.014648
vt 0.012604 0.013672
vt 0.012589 0.014648
vt 0.012703 0.014648
vt 0.012573 0.014648
vt 0.012802 0.014648
vt 0.012657 0.014648
vt 0.012550 0.014648
vt 0.012772 0.014648
vt 0.012604 0.014648
vt 0.012520 0.014648
vt 0.012650 0.014648
vt 0.012535 0.014648
vt 0.012482 0.014648
vt 0.011307 0.014648
vt 0.011330 0.014648
vt 0.011230 0.014648
vt 0.011078 0.014648
vt 0.011162 0.014648
vt 0.002979 0.085449
vt 0.057037 0.037598
vt 0.057037 0.085449
vt 0.002979 0.037598
vt 0.305420 0.066895
vt 0.359619 0.039062
vt 0.359619 0.066895
vt 0.305420 0.039062
vt 0.305420 0.155273
vt 0.359619 0.129883
vt 0.359619 0.155273
vt 0.305420 0.129883
vt 0.305420 0.125488
vt 0.359619 0.071289
vt 0.359619 0.125488
vt 0.305420 0.071289
vt 0.002979 0.133789
vt 0.057037 0.086914
vt 0.057037 0.133789
vt 0.002979 0.086914
vt 0.453857 0.151367
vt 0.436279 0.151367
vt 0.453857 0.135254
vt 0.436279 0.135254
vt 0.619629 0.945618
vt 0.568359 0.997826
vt 0.567871 0.946259
vt 0.620117 0.997190
vt 0.620117 0.997185
vt 0.568359 0.997822
vt 0.386719 0.929138
vt 0.393799 0.918579
vt 0.396729 0.922852
vt 0.401611 0.909302
vt 0.385742 0.923645
vt 0.370850 0.930359
vt 0.397705 0.907898
vt 0.389893 0.913208
vt 0.370850 0.924561
vt 0.397949 0.892151
vt 0.402100 0.891052
vt 0.384277 0.916687
vt 0.392090 0.906250
vt 0.392334 0.893494
vt 0.385254 0.882812
vt 0.390137 0.886108
vt 0.394531 0.880920
vt 0.397461 0.876831
vt 0.387695 0.870361
vt 0.386719 0.875793
vt 0.371338 0.869385
vt 0.371338 0.875061
vt 0.371094 0.882324
vt 0.370605 0.917297
vt 0.273438 0.883179
vt 0.272217 0.875977
vt 0.271484 0.870361
vt 0.272705 0.918396
vt 0.268066 0.886597
vt 0.263916 0.881165
vt 0.261230 0.876892
vt 0.256104 0.890869
vt 0.260010 0.892151
vt 0.265625 0.893799
vt 0.259766 0.909180
vt 0.255859 0.910339
vt 0.265625 0.907715
vt 0.267822 0.915161
vt 0.263672 0.920471
vt 0.260742 0.924744
vt 0.270752 0.931274
vt 0.271484 0.925598
vt 0.658691 0.802124
vt 0.656250 0.802124
vt 0.658691 0.801880
vt 0.656250 0.801880
vt 0.658691 0.807739
vt 0.656738 0.807373
vt 0.658691 0.807373
vt 0.656250 0.807739
vt 0.653809 0.807373
vt 0.653809 0.802124
vt 0.656250 0.807373
vt 0.481689 0.661133
vt 0.481689 0.661377
vt 0.480957 0.661133
vt 0.550781 0.658203
vt 0.550293 0.656982
vt 0.550781 0.656982
vt 0.550781 0.658447
vt 0.550781 0.658691
vt 0.550781 0.659912
vt 0.550781 0.660156
vt 0.550781 0.660400
vt 0.550781 0.661621
vt 0.550293 0.661621
vt 0.550293 0.658203
vt 0.550293 0.658447
vt 0.550293 0.658691
vt 0.550293 0.659912
vt 0.550293 0.660156
vt 0.550293 0.660400
vt 0.550293 0.661377
vt 0.658203 0.909790
vt 0.653320 0.909058
vt 0.658203 0.909424
vt 0.652832 0.909363
vt 0.652832 0.908875
vt 0.652344 0.909119
vt 0.652344 0.908508
vt 0.652344 0.908691
vt 0.652344 0.908142
vt 0.651855 0.908264
vt 0.651855 0.907776
vt 0.652344 0.907776
vt 0.651855 0.907288
vt 0.652344 0.907410
vt 0.652344 0.906860
vt 0.652344 0.907043
vt 0.652344 0.906494
vt 0.652832 0.906677
vt 0.652832 0.906189
vt 0.653320 0.906494
vt 0.658203 0.905823
vt 0.658203 0.906128
vt 0.659180 0.909729
vt 0.659180 0.909546
vt 0.659180 0.909424
vt 0.659180 0.906006
vt 0.659180 0.905823
vt 0.659180 0.905701
vt 0.015915 0.014648
vt 0.015602 0.014648
vt 0.015961 0.014648
vt 0.015617 0.014648
vt 0.015533 0.014648
vt 0.015541 0.014648
vt 0.015480 0.014648
vt 0.015457 0.014648
vt 0.014618 0.014648
vt 0.014290 0.014648
vt 0.014175 0.014648
vt 0.014153 0.014648
vt 0.013405 0.014648
vt 0.013336 0.014648
vt 0.013405 0.015625
vt 0.013344 0.015625
vt 0.013336 0.015625
vt 0.013466 0.015625
vt 0.013489 0.015625
vt 0.014175 0.015625
vt 0.014297 0.015625
vt 0.014320 0.015625
vt 0.014618 0.015625
vt 0.015450 0.015625
vt 0.015533 0.015625
vt 0.015594 0.015625
vt 0.015617 0.015625
vt 0.015915 0.015625
vt 0.015945 0.015625
vt 0.479736 0.740967
vt 0.479736 0.741211
vt 0.479736 0.740723
vt 0.479736 0.737549
vt 0.479980 0.740723
vt 0.479980 0.740967
vt 0.479736 0.734375
vt 0.479736 0.731445
vt 0.480225 0.740723
vt 0.480225 0.739746
vt 0.479980 0.737549
vt 0.480225 0.737549
vt 0.479980 0.734375
vt 0.480225 0.734375
vt 0.480225 0.731445
vt 0.479736 0.728027
vt 0.479980 0.731445
vt 0.479736 0.725830
vt 0.479736 0.725586
vt 0.479980 0.728027
vt 0.479980 0.725586
vt 0.480225 0.725830
vt 0.480225 0.728027
vt 0.480225 0.731201
vt 0.648926 0.906433
vt 0.649414 0.905701
vt 0.654297 0.907593
vt 0.653809 0.908325
vt 0.654297 0.907654
vt 0.648926 0.906616
vt 0.654297 0.908447
vt 0.654785 0.907715
vt 0.653809 0.908569
vt 0.648926 0.906799
vt 0.654785 0.908447
vt 0.655273 0.907715
vt 0.653809 0.909546
vt 0.648438 0.907532
vt 0.653809 0.908752
vt 0.654297 0.909668
vt 0.654297 0.908630
vt 0.654297 0.908875
vt 0.654785 0.909729
vt 0.654785 0.908691
vt 0.654785 0.908936
vt 0.655273 0.909729
vt 0.655273 0.908752
vt 0.655273 0.908997
vt 0.655762 0.908997
vt 0.655762 0.909790
vt 0.655762 0.908752
vt 0.655273 0.908508
vt 0.656250 0.908936
vt 0.656250 0.909729
vt 0.655762 0.908508
vt 0.655762 0.907715
vt 0.656250 0.908752
vt 0.656250 0.908508
vt 0.656738 0.909668
vt 0.656250 0.908691
vt 0.656250 0.908447
vt 0.656250 0.907654
vt 0.656738 0.908875
vt 0.657227 0.909607
vt 0.657715 0.909485
vt 0.656738 0.908630
vt 0.657227 0.908752
vt 0.662598 0.907532
vt 0.662598 0.906799
vt 0.657227 0.908508
vt 0.662109 0.906616
vt 0.656738 0.908386
vt 0.656738 0.907593
vt 0.657227 0.907532
vt 0.657227 0.908325
vt 0.662109 0.906433
vt 0.662109 0.905701
vt 0.481934 0.652344
vt 0.481934 0.652588
vt 0.481689 0.652588
vt 0.481689 0.652344
vt 0.481934 0.654541
vt 0.480713 0.652588
vt 0.480713 0.652344
vt 0.480469 0.652588
vt 0.480469 0.654297
vt 0.480713 0.654541
vt 0.480469 0.656250
vt 0.480713 0.656250
vt 0.480469 0.657959
vt 0.482178 0.656250
vt 0.480225 0.659668
vt 0.481934 0.656494
vt 0.482178 0.658203
vt 0.482178 0.659912
vt 0.481934 0.658203
vt 0.480713 0.657959
vt 0.480469 0.659668
vt 0.481934 0.659912
vt 0.482178 0.661377
vt 0.480225 0.661133
vt 0.480469 0.661377
vt 0.480225 0.662842
vt 0.482178 0.661621
vt 0.480469 0.662842
vt 0.479980 0.664551
vt 0.482422 0.663086
vt 0.480225 0.664551
vt 0.479980 0.666016
vt 0.480225 0.666016
vt 0.480225 0.666260
vt 0.482178 0.663086
vt 0.482178 0.664795
vt 0.482178 0.666504
vt 0.482422 0.664795
vt 0.482422 0.666504
vt 0.482422 0.666260
vt 0.013344 0.014648
vt 0.013397 0.014648
vt 0.014183 0.014648
vt 0.014755 0.014648
vt 0.015450 0.014648
vt 0.015587 0.014648
vt 0.013405 0.015137
vt 0.013329 0.015137
vt 0.013458 0.015137
vt 0.013481 0.015137
vt 0.015450 0.015137
vt 0.015480 0.015137
vt 0.015533 0.015137
vt 0.015945 0.014648
vt 0.015945 0.015137
vt 0.015587 0.015137
vt 0.015915 0.015137
vt 0.015617 0.015137
vt 0.013397 0.015137
vt 0.013489 0.015137
vt 0.013458 0.015625
vt 0.014183 0.015625
vt 0.015480 0.015625
vt 0.015587 0.015625
vt 0.480957 0.663086
vt 0.481201 0.664551
vt 0.480957 0.664551
vt 0.480713 0.664551
vt 0.480957 0.661621
vt 0.480713 0.663086
vt 0.480713 0.664307
vt 0.480469 0.663086
vt 0.480713 0.661621
vt 0.480469 0.661621
vt 0.480957 0.660156
vt 0.480469 0.660156
vt 0.480957 0.658691
vt 0.480469 0.658691
vt 0.480713 0.656982
vt 0.480957 0.656982
vt 0.480469 0.656982
vt 0.480713 0.655518
vt 0.480713 0.653809
vt 0.480469 0.655518
vt 0.480225 0.654053
vt 0.480469 0.653809
vt 0.480225 0.653809
vt 0.480713 0.653564
vt 0.610840 0.662109
vt 0.613770 0.662109
vt 0.617676 0.662109
vt 0.610840 0.662354
vt 0.622070 0.662109
vt 0.613770 0.662354
vt 0.626465 0.662109
vt 0.617676 0.662354
vt 0.622070 0.662354
vt 0.626465 0.662354
vt 0.630859 0.662354
vt 0.630859 0.662109
vt 0.013489 0.946014
vt 0.013168 0.945892
vt 0.013733 0.945679
vt 0.013306 0.946350
vt 0.013451 0.945526
vt 0.012939 0.946259
vt 0.014091 0.945221
vt 0.013168 0.946625
vt 0.013832 0.945068
vt 0.012764 0.946625
vt 0.014671 0.944489
vt 0.013100 0.946808
vt 0.014465 0.944336
vt 0.012657 0.947052
vt 0.015152 0.943939
vt 0.012657 0.947235
vt 0.014977 0.943787
vt 0.013145 0.946930
vt 0.015656 0.943420
vt 0.013161 0.947052
vt 0.015511 0.943237
vt 0.016495 0.946960
vt 0.016190 0.942902
vt 0.016525 0.947052
vt 0.016037 0.942719
vt 0.021637 0.946991
vt 0.016830 0.942291
vt 0.021667 0.947113
vt 0.016708 0.942139
vt 0.017517 0.941711
vt 0.017365 0.941559
vt 0.018021 0.941010
vt 0.018173 0.941162
vt 0.018692 0.940521
vt 0.018845 0.940643
vt 0.019363 0.940002
vt 0.019531 0.940155
vt 0.019989 0.939575
vt 0.020142 0.939728
vt 0.020615 0.939178
vt 0.020721 0.939362
vt 0.020966 0.939240
vt 0.021057 0.938965
vt 0.021164 0.939087
vt 0.021027 0.939301
vt 0.021194 0.938965
vt 0.021286 0.940277
vt 0.021347 0.938751
vt 0.021103 0.940216
vt 0.021469 0.938843
vt 0.021194 0.941406
vt 0.021393 0.941498
vt 0.021301 0.942749
vt 0.021469 0.942780
vt 0.021393 0.943817
vt 0.021545 0.943848
vt 0.021469 0.944885
vt 0.021667 0.944946
vt 0.021545 0.946045
vt 0.021805 0.946075
vt 0.021652 0.946960
vt 0.021896 0.947144
vt 0.021896 0.947205
vt 0.021942 0.947174
vt 0.021942 0.947235
vt 0.022202 0.947174
vt 0.022217 0.947205
vt 0.022263 0.947205
vt 0.022247 0.947144
vt 0.022461 0.947083
vt 0.022476 0.946960
vt 0.022461 0.946930
vt 0.026947 0.946960
vt 0.022141 0.946075
vt 0.026947 0.947083
vt 0.022369 0.945984
vt 0.031982 0.946991
vt 0.022003 0.944885
vt 0.031982 0.947083
vt 0.022217 0.944794
vt 0.035248 0.946991
vt 0.021912 0.943695
vt 0.035309 0.947083
vt 0.022110 0.943634
vt 0.021851 0.942627
vt 0.021988 0.942566
vt 0.021729 0.941376
vt 0.021881 0.941315
vt 0.021622 0.940216
vt 0.021805 0.940125
vt 0.021744 0.938965
vt 0.021530 0.938904
vt 0.021759 0.938873
vt 0.021667 0.938721
vt 0.021820 0.938812
vt 0.022156 0.938477
vt 0.022247 0.938599
vt 0.022797 0.938171
vt 0.022873 0.938293
vt 0.023422 0.937958
vt 0.023468 0.938049
vt 0.024048 0.937775
vt 0.024078 0.937897
vt 0.024750 0.937592
vt 0.024796 0.937714
vt 0.025467 0.937439
vt 0.025497 0.937561
vt 0.026154 0.937317
vt 0.026184 0.937439
vt 0.026871 0.937195
vt 0.026886 0.937317
vt 0.027588 0.937134
vt 0.027603 0.937256
vt 0.028473 0.937012
vt 0.028488 0.937134
vt 0.029449 0.937012
vt 0.029449 0.936890
vt 0.030640 0.936890
vt 0.030640 0.936829
vt 0.031830 0.936829
vt 0.031830 0.936707
vt 0.033234 0.936646
vt 0.033234 0.936768
vt 0.033936 0.936707
vt 0.034149 0.936584
vt 0.034058 0.936768
vt 0.034180 0.936646
vt 0.034210 0.936584
vt 0.034210 0.936646
vt 0.034119 0.936829
vt 0.034454 0.938049
vt 0.034302 0.938019
vt 0.034546 0.939423
vt 0.034668 0.939453
vt 0.034760 0.940765
vt 0.034882 0.940796
vt 0.034912 0.942108
vt 0.035034 0.942139
vt 0.035034 0.943359
vt 0.035187 0.943390
vt 0.035126 0.944641
vt 0.035278 0.944641
vt 0.035278 0.945923
vt 0.035400 0.945953
vt 0.035339 0.946899
vt 0.035461 0.947052
vt 0.035309 0.946960
vt 0.035431 0.947083
vt 0.035522 0.947266
vt 0.548828 0.657959
vt 0.550781 0.657471
vt 0.550781 0.657715
vt 0.552734 0.657715
vt 0.548828 0.657715
vt 0.553223 0.657471
vt 0.548340 0.657959
vt 0.553223 0.657959
vt 0.548340 0.657715
vt 0.553711 0.657715
vt 0.547852 0.658203
vt 0.553223 0.660645
vt 0.547852 0.657959
vt 0.553711 0.660889
vt 0.547852 0.658447
vt 0.553223 0.661133
vt 0.552734 0.660889
vt 0.547852 0.658691
vt 0.550781 0.661133
vt 0.547363 0.658691
vt 0.550781 0.660889
vt 0.547852 0.659424
vt 0.548828 0.660889
vt 0.547363 0.659424
vt 0.548828 0.661133
vt 0.547852 0.660156
vt 0.548340 0.660645
vt 0.547363 0.660156
vt 0.548340 0.660889
vt 0.547852 0.660400
vt 0.547852 0.660889
vt 0.547852 0.660645
vt 0.552246 0.660645
vt 0.552246 0.660156
vt 0.552246 0.660400
vt 0.552734 0.660156
vt 0.551758 0.660400
vt 0.552246 0.659912
vt 0.549805 0.660889
vt 0.552734 0.659912
vt 0.549805 0.660645
vt 0.548828 0.660645
vt 0.552734 0.659424
vt 0.552734 0.658691
vt 0.548828 0.660400
vt 0.552246 0.658936
vt 0.548828 0.658203
vt 0.552734 0.658447
vt 0.552246 0.658691
vt 0.552246 0.658203
vt 0.552246 0.658447
vt 0.549805 0.657715
vt 0.549805 0.657959
vt 0.555664 0.655762
vt 0.555664 0.657959
vt 0.555176 0.656006
vt 0.556641 0.657471
vt 0.554688 0.656250
vt 0.556641 0.657959
vt 0.556641 0.657715
vt 0.555176 0.657959
vt 0.553711 0.656250
vt 0.559082 0.658936
vt 0.555664 0.658447
vt 0.555176 0.658447
vt 0.559082 0.659180
vt 0.557129 0.659180
vt 0.558105 0.659180
vt 0.558594 0.659180
vt 0.559082 0.659424
vt 0.559082 0.659668
vt 0.559570 0.659668
vt 0.558594 0.659668
vt 0.558594 0.659424
vt 0.556641 0.659424
vt 0.556152 0.659180
vt 0.556152 0.658936
vt 0.555176 0.658936
vt 0.554688 0.658936
vt 0.554199 0.658691
vt 0.556152 0.659424
vt 0.554199 0.658203
vt 0.552246 0.656494
vt 0.549805 0.658691
vt 0.549805 0.658447
vt 0.549805 0.656494
vt 0.548340 0.656250
vt 0.547852 0.658936
vt 0.547363 0.658447
vt 0.547852 0.656250
vt 0.549805 0.659180
vt 0.547363 0.658936
vt 0.546875 0.658203
vt 0.547363 0.656006
vt 0.546875 0.655762
vt 0.545898 0.657959
vt 0.545898 0.658203
vt 0.546875 0.658691
vt 0.544434 0.658936
vt 0.544434 0.658691
vt 0.546387 0.659424
vt 0.542480 0.659912
vt 0.545898 0.659668
vt 0.541992 0.660156
vt 0.543457 0.660156
vt 0.541992 0.660400
vt 0.544922 0.659912
vt 0.541992 0.660645
vt 0.542480 0.660645
vt 0.542480 0.660400
vt 0.542969 0.660400
vt 0.543457 0.660400
vt 0.542480 0.660889
vt 0.544922 0.660156
vt 0.543457 0.660645
vt 0.545898 0.659912
vt 0.544922 0.660400
vt 0.546387 0.659668
vt 0.545898 0.660156
vt 0.545898 0.660400
vt 0.546387 0.659912
vt 0.546875 0.660156
vt 0.547852 0.659668
vt 0.547852 0.659912
vt 0.547852 0.659180
vt 0.549805 0.659424
vt 0.552246 0.659180
vt 0.549805 0.659668
vt 0.552246 0.659424
vt 0.554688 0.659180
vt 0.554688 0.659424
vt 0.555176 0.659424
vt 0.552246 0.659668
vt 0.550293 0.660889
vt 0.547852 0.661133
vt 0.552246 0.660889
vt 0.546875 0.661377
vt 0.550293 0.661133
vt 0.545898 0.661377
vt 0.546875 0.661621
vt 0.545898 0.661621
vt 0.545410 0.661621
vt 0.547852 0.661377
vt 0.545410 0.661865
vt 0.547852 0.661621
vt 0.546875 0.661865
vt 0.552246 0.661133
vt 0.545898 0.661865
vt 0.545898 0.662109
vt 0.545410 0.662109
vt 0.545410 0.662354
vt 0.548340 0.661621
vt 0.545410 0.663330
vt 0.546875 0.663330
vt 0.547852 0.662354
vt 0.543945 0.662598
vt 0.547363 0.662354
vt 0.547852 0.662842
vt 0.547363 0.663818
vt 0.546875 0.663574
vt 0.547852 0.662598
vt 0.545410 0.663574
vt 0.548340 0.662109
vt 0.548340 0.662354
vt 0.550293 0.662109
vt 0.550293 0.661865
vt 0.552246 0.661621
vt 0.552246 0.662109
vt 0.552246 0.661377
vt 0.554199 0.661377
vt 0.554199 0.661865
vt 0.555176 0.661865
vt 0.554688 0.661133
vt 0.555176 0.661377
vt 0.555664 0.662109
vt 0.554688 0.660889
vt 0.555664 0.661621
vt 0.555176 0.661133
vt 0.556152 0.662109
vt 0.556152 0.662598
vt 0.556152 0.662354
vt 0.556641 0.662354
vt 0.556152 0.661133
vt 0.556641 0.662109
vt 0.558594 0.661377
vt 0.557129 0.661133
vt 0.555176 0.660889
vt 0.559082 0.661133
vt 0.558105 0.661133
vt 0.558594 0.661133
vt 0.559082 0.660889
vt 0.559570 0.660645
vt 0.558105 0.660889
vt 0.558594 0.660645
vt 0.557129 0.660889
vt 0.556641 0.660645
vt 0.556152 0.660889
vt 0.556152 0.660645
vt 0.555176 0.660645
vt 0.556152 0.660400
vt 0.554688 0.660645
vt 0.554688 0.660400
vt 0.555176 0.660400
vt 0.556641 0.659668
vt 0.556641 0.660400
vt 0.558594 0.660156
vt 0.559082 0.660645
vt 0.559082 0.660156
vt 0.559570 0.660156
vt 0.542969 0.663086
vt 0.542969 0.663330
vt 0.542480 0.663086
vt 0.543457 0.662598
vt 0.542480 0.662842
vt 0.542969 0.662842
vt 0.543945 0.662354
vt 0.542480 0.662598
vt 0.543945 0.662109
vt 0.542969 0.662354
vt 0.541992 0.662598
vt 0.542480 0.662354
vt 0.541992 0.662354
vt 0.541992 0.661865
vt 0.541504 0.661133
vt 0.542480 0.661621
vt 0.542969 0.662109
vt 0.543945 0.661865
vt 0.542480 0.661133
vt 0.541992 0.661133
vt 0.051605 0.946503
vt 0.051361 0.944794
vt 0.051453 0.944763
vt 0.051361 0.943420
vt 0.051483 0.946533
vt 0.051819 0.948792
vt 0.051331 0.944794
vt 0.051666 0.948822
vt 0.051300 0.943481
vt 0.051331 0.943420
vt 0.051392 0.946564
vt 0.051239 0.943054
vt 0.051300 0.943024
vt 0.051758 0.949127
vt 0.051910 0.949097
vt 0.051239 0.942505
vt 0.051300 0.942474
vt 0.051849 0.949463
vt 0.052002 0.949371
vt 0.051208 0.941925
vt 0.051270 0.941925
vt 0.051971 0.949615
vt 0.052063 0.949493
vt 0.051239 0.941376
vt 0.051270 0.941376
vt 0.051086 0.941956
vt 0.051239 0.940796
vt 0.051300 0.940826
vt 0.051361 0.940247
vt 0.051147 0.941345
vt 0.051086 0.942535
vt 0.050995 0.941956
vt 0.051117 0.943085
vt 0.050995 0.942535
vt 0.051178 0.943512
vt 0.051025 0.943115
vt 0.051025 0.941345
vt 0.050964 0.943146
vt 0.051056 0.943542
vt 0.051056 0.941345
vt 0.051056 0.940735
vt 0.051178 0.944824
vt 0.051025 0.944855
vt 0.051300 0.946564
vt 0.051117 0.946594
vt 0.051605 0.948853
vt 0.051483 0.948914
vt 0.051331 0.948944
vt 0.051666 0.949188
vt 0.051575 0.949310
vt 0.051453 0.949371
vt 0.051819 0.949493
vt 0.051727 0.949646
vt 0.051605 0.949707
vt 0.051910 0.949677
vt 0.051849 0.949829
vt 0.051758 0.949921
vt 0.052094 0.949738
vt 0.052155 0.949615
vt 0.052338 0.949677
vt 0.052063 0.949799
vt 0.052002 0.949951
vt 0.051941 0.950073
vt 0.052307 0.949829
vt 0.052551 0.949707
vt 0.052277 0.949921
vt 0.052246 0.950073
vt 0.052216 0.950256
vt 0.052521 0.949951
vt 0.052551 0.949890
vt 0.056854 0.949402
vt 0.052551 0.950134
vt 0.052521 0.950378
vt 0.056946 0.950012
vt 0.056854 0.949524
vt 0.056854 0.949615
vt 0.056885 0.949738
vt 0.057587 0.949341
vt 0.057556 0.949249
vt 0.057617 0.949432
vt 0.057678 0.949554
vt 0.057739 0.949707
vt 0.057892 0.949127
vt 0.057861 0.949036
vt 0.057953 0.949188
vt 0.058044 0.949310
vt 0.058167 0.949402
vt 0.058289 0.949036
vt 0.058411 0.949097
vt 0.058197 0.948914
vt 0.058502 0.948730
vt 0.058624 0.948792
vt 0.058136 0.948853
vt 0.058075 0.948822
vt 0.058380 0.948639
vt 0.058807 0.948029
vt 0.058960 0.948090
vt 0.058319 0.948578
vt 0.058258 0.948517
vt 0.058685 0.947968
vt 0.059143 0.947418
vt 0.059265 0.947510
vt 0.058624 0.947906
vt 0.058563 0.947876
vt 0.058929 0.947296
vt 0.058868 0.947266
vt 0.058990 0.947357
vt 0.059509 0.946838
vt 0.059631 0.946930
vt 0.060028 0.946381
vt 0.059387 0.946747
vt 0.059326 0.946716
vt 0.059265 0.946655
vt 0.059906 0.946289
vt 0.060516 0.945862
vt 0.059784 0.946198
vt 0.059723 0.946136
vt 0.059662 0.946075
vt 0.060211 0.945618
vt 0.060150 0.945557
vt 0.060272 0.945679
vt 0.060699 0.945099
vt 0.060638 0.945038
vt 0.061127 0.944427
vt 0.060394 0.945770
vt 0.060760 0.945129
vt 0.061218 0.944458
vt 0.061676 0.943848
vt 0.060883 0.945221
vt 0.061005 0.945312
vt 0.061279 0.944489
vt 0.061798 0.943909
vt 0.062103 0.943237
vt 0.061401 0.944580
vt 0.061523 0.944702
vt 0.061859 0.943939
vt 0.062256 0.943268
vt 0.062469 0.942566
vt 0.061951 0.944031
vt 0.062073 0.944092
vt 0.062500 0.943390
vt 0.062317 0.943298
vt 0.062408 0.943359
vt 0.062866 0.942657
vt 0.062622 0.942627
vt 0.062744 0.942627
vt 0.062927 0.942444
vt 0.062561 0.942596
vt 0.062683 0.942383
vt 0.062805 0.942413
vt 0.062988 0.942230
vt 0.062622 0.942383
vt 0.062561 0.942352
vt 0.062744 0.942169
vt 0.062683 0.942139
vt 0.062561 0.942139
vt 0.062866 0.942200
vt 0.062744 0.941956
vt 0.063049 0.942017
vt 0.063049 0.941833
vt 0.062927 0.941986
vt 0.063049 0.941681
vt 0.062805 0.941833
vt 0.062988 0.941711
vt 0.062988 0.941528
vt 0.062927 0.941833
vt 0.062805 0.941254
vt 0.062927 0.941681
vt 0.062805 0.941742
vt 0.062622 0.941956
vt 0.062622 0.941864
vt 0.062744 0.941864
vt 0.062622 0.941772
vt 0.062744 0.941742
vt 0.062622 0.941681
vt 0.062744 0.941620
vt 0.062744 0.941650
vt 0.062500 0.941528
vt 0.062866 0.941559
vt 0.062622 0.941406
vt 0.062317 0.941284
vt 0.062622 0.941376
vt 0.062744 0.941315
vt 0.062439 0.941132
vt 0.062378 0.941162
vt 0.062164 0.941101
vt 0.062225 0.941040
vt 0.062012 0.940948
vt 0.062256 0.941010
vt 0.062500 0.941071
vt 0.062561 0.941010
vt 0.062561 0.940979
vt 0.062347 0.940918
vt 0.062256 0.940704
vt 0.062164 0.940765
vt 0.062073 0.940857
vt 0.061798 0.940338
vt 0.061951 0.940582
vt 0.062042 0.940887
vt 0.061798 0.940735
vt 0.061859 0.940674
vt 0.061829 0.940704
vt 0.061584 0.940582
vt 0.061707 0.940399
vt 0.061615 0.940521
vt 0.061584 0.940521
vt 0.061066 0.940186
vt 0.061127 0.940155
vt 0.060608 0.939789
vt 0.060577 0.939850
vt 0.061188 0.940063
vt 0.060089 0.939453
vt 0.060059 0.939514
vt 0.060669 0.939728
vt 0.061249 0.939972
vt 0.061279 0.939972
vt 0.060730 0.939606
vt 0.060730 0.939636
vt 0.060211 0.939301
vt 0.060120 0.939392
vt 0.060181 0.939301
vt 0.059631 0.938965
vt 0.059540 0.939148
vt 0.059509 0.939178
vt 0.059570 0.939056
vt 0.059631 0.938995
vt 0.059082 0.938690
vt 0.059021 0.938843
vt 0.058990 0.938904
vt 0.059052 0.938782
vt 0.059082 0.938721
vt 0.058533 0.938416
vt 0.058472 0.938568
vt 0.058441 0.938629
vt 0.058472 0.938507
vt 0.058502 0.938446
vt 0.057953 0.938141
vt 0.057892 0.938324
vt 0.057892 0.938354
vt 0.057922 0.938263
vt 0.057953 0.938171
vt 0.057373 0.937958
vt 0.057312 0.938110
vt 0.057281 0.938171
vt 0.057343 0.938049
vt 0.057343 0.937958
vt 0.056763 0.937805
vt 0.056732 0.937897
vt 0.056763 0.937836
vt 0.056122 0.937714
vt 0.056122 0.937744
vt 0.055511 0.937653
vt 0.056732 0.937958
vt 0.056702 0.938019
vt 0.056122 0.937836
vt 0.055511 0.937683
vt 0.054871 0.937653
vt 0.056091 0.937897
vt 0.056091 0.937988
vt 0.055511 0.937775
vt 0.055481 0.937866
vt 0.055481 0.937927
vt 0.054871 0.937744
vt 0.054260 0.937622
vt 0.054871 0.937836
vt 0.054840 0.937897
vt 0.054260 0.937744
vt 0.054260 0.937653
vt 0.053619 0.937622
vt 0.054260 0.937836
vt 0.054260 0.937897
vt 0.053650 0.937836
vt 0.053650 0.937927
vt 0.053650 0.937744
vt 0.053040 0.937836
vt 0.053009 0.937927
vt 0.053619 0.937653
vt 0.053009 0.937622
vt 0.053009 0.937744
vt 0.053009 0.937653
vt 0.052399 0.937653
vt 0.052429 0.937866
vt 0.052399 0.937958
vt 0.051849 0.937958
vt 0.052399 0.937775
vt 0.051819 0.937866
vt 0.051788 0.937988
vt 0.052399 0.937683
vt 0.051788 0.937805
vt 0.051758 0.937897
vt 0.051727 0.938019
vt 0.051758 0.937714
vt 0.051697 0.937836
vt 0.051666 0.937744
vt 0.051636 0.937744
vt 0.051544 0.937805
vt 0.051453 0.937866
vt 0.051697 0.937927
vt 0.051636 0.937866
vt 0.051483 0.937897
vt 0.051392 0.938049
vt 0.051575 0.937958
vt 0.051636 0.937988
vt 0.051697 0.938080
vt 0.051514 0.938049
vt 0.051422 0.938049
vt 0.051605 0.938080
vt 0.051666 0.938141
vt 0.051361 0.938477
vt 0.051331 0.938477
vt 0.051270 0.938995
vt 0.051453 0.938507
vt 0.051514 0.938538
vt 0.051605 0.938568
vt 0.051178 0.939545
vt 0.051361 0.939056
vt 0.051453 0.939117
vt 0.051483 0.939148
vt 0.051208 0.939545
vt 0.051117 0.940155
vt 0.051300 0.939606
vt 0.051392 0.939667
vt 0.051422 0.939697
vt 0.051147 0.940155
vt 0.051239 0.940186
vt 0.051331 0.940247
vt 0.051178 0.940765
s 1
usemtl e50:MI_1241010001_002
f 1/1/1 2/2/1 3/3/1
f 4/4/2 5/4/3 6/5/2
f 4/4/2 6/5/2 7/5/3
f 8/4/4 9/6/4 10/7/4
f 9/6/4 8/4/4 11/5/4
f 12/4/5 13/8/6 14/9/6
f 12/4/5 14/9/6 15/5/7
f 16/4/8 17/5/8 18/4/9
f 17/5/8 16/4/8 19/5/10
f 20/4/11 21/5/11 22/4/12
f 21/5/11 20/4/11 23/5/11
f 24/4/13 25/5/13 26/4/13
f 25/5/13 24/4/13 27/5/13
f 28/10/14 29/11/14 30/10/14
f 29/11/14 28/10/14 31/11/14
f 32/4/2 33/4/15 34/5/2
f 32/4/2 34/5/2 35/5/2
f 36/4/4 37/6/4 38/7/4
f 37/6/4 36/4/4 39/5/4
f 40/4/6 41/8/16 42/9/6
f 40/4/6 42/9/6 43/5/5
f 44/4/9 45/5/9 46/4/9
f 45/5/9 44/4/9 47/5/9
f 48/4/12 49/5/12 50/4/12
f 49/5/12 48/4/12 51/5/12
f 52/4/13 53/5/13 54/4/13
f 53/5/13 52/4/13 55/5/13
f 56/12/14 57/13/14 58/12/14
f 57/13/14 56/12/14 59/13/17
f 60/14/18 61/15/19 62/16/20
f 62/16/20 61/15/19 63/17/21
f 63/17/21 64/18/22 62/16/20
f 64/18/22 63/17/21 65/19/23
f 65/19/23 66/20/24 64/18/22
f 66/20/24 65/19/23 67/21/25
f 67/21/25 68/22/26 66/20/24
f 68/22/26 67/21/25 69/23/27
f 69/23/27 70/24/28 68/22/26
f 70/24/28 69/23/27 71/25/29
f 72/26/30 70/24/28 71/25/29
f 72/26/30 73/27/31 70/24/28
f 72/26/30 74/28/32 73/27/31
f 74/28/32 75/29/33 73/27/31
f 75/29/33 76/30/34 73/27/31
f 76/30/34 77/31/35 73/27/31
f 78/32/36 73/27/31 77/31/35
f 78/32/36 77/31/35 79/33/37
f 79/33/37 80/34/38 78/32/36
f 81/35/38 78/32/36 80/34/38
f 81/35/38 80/34/38 82/36/38
f 82/36/38 83/37/39 81/35/38
f 84/38/38 81/35/38 83/37/39
f 84/38/38 83/37/39 85/39/38
f 86/40/40 84/38/38 85/39/38
f 84/38/38 86/40/40 87/41/41
f 86/40/40 88/42/42 89/43/43
f 86/40/40 89/43/43 87/41/41
f 90/41/44 87/41/41 89/43/43
f 90/41/44 91/44/45 87/41/41
f 87/41/41 91/44/45 92/45/46
f 87/41/41 92/45/46 93/46/47
f 87/41/41 93/46/47 94/47/48
f 95/15/49 96/48/50 97/17/51
f 98/48/52 97/17/51 96/48/50
f 98/48/52 99/19/53 97/17/51
f 99/19/53 98/48/52 100/49/54
f 100/49/54 101/21/55 99/19/53
f 100/49/54 102/50/56 101/21/55
f 102/50/56 103/23/57 101/21/55
f 102/50/56 104/51/56 103/23/57
f 104/51/56 105/25/58 103/23/57
f 105/25/58 104/51/56 106/52/59
f 107/53/60 105/25/58 106/52/59
f 105/25/58 107/53/60 108/26/61
f 108/26/61 107/53/60 109/54/61
f 109/54/61 110/55/61 108/26/61
f 110/55/61 111/56/61 108/26/61
f 112/56/62 108/26/61 111/56/61
f 113/28/63 108/26/61 112/56/62
f 112/56/62 114/57/64 113/28/63
f 114/57/64 115/29/65 113/28/63
f 115/29/65 114/57/64 116/58/65
f 116/58/65 117/30/66 115/29/65
f 117/30/66 116/58/65 118/59/67
f 118/59/67 119/60/68 117/30/66
f 119/60/68 120/61/69 117/30/66
f 121/31/70 117/30/66 120/61/69
f 122/62/70 121/31/70 120/61/69
f 122/62/70 123/33/71 121/31/70
f 123/33/71 122/62/70 124/63/72
f 125/64/73 123/33/71 124/63/72
f 123/33/71 125/64/73 126/34/73
f 125/64/73 127/65/74 126/34/73
f 126/34/73 127/65/74 128/36/75
f 127/65/74 129/66/74 128/36/75
f 129/66/74 130/67/76 128/36/75
f 130/67/76 131/68/77 128/36/75
f 131/68/77 132/37/78 128/36/75
f 132/37/78 131/68/77 133/69/79
f 134/70/80 132/37/78 133/69/79
f 135/39/81 132/37/78 134/70/80
f 135/39/81 134/70/80 136/71/82
f 136/71/82 137/72/83 135/39/81
f 135/39/81 137/72/83 138/40/84
f 137/72/83 139/73/85 138/40/84
f 139/73/85 140/74/86 138/40/84
f 141/42/87 138/40/84 140/74/86
f 142/75/88 143/76/88 144/75/88
f 143/76/88 145/77/88 144/75/88
f 144/75/88 145/77/88 146/78/88
f 147/3/88 146/78/88 145/77/88
f 148/2/88 146/78/88 147/3/88
f 149/79/88 147/3/88 145/77/88
f 150/80/88 147/3/88 149/79/88
f 151/81/88 147/3/88 150/80/88
f 152/82/89 147/3/88 151/81/88
f 153/83/90 154/84/91 155/85/91
f 156/86/90 153/83/90 155/85/91
f 156/86/90 155/85/91 157/87/90
f 158/88/92 156/86/90 157/87/90
f 158/88/92 159/89/91 156/86/90
f 160/87/93 161/90/94 162/91/94
f 162/91/94 161/90/94 163/92/94
f 164/5/94 162/91/94 163/92/94
f 165/87/94 166/90/95 167/91/93
f 167/91/93 166/90/95 168/92/95
f 169/5/95 167/91/93 168/92/95
f 170/93/96 171/94/97 172/95/98
f 170/93/96 173/96/99 171/94/97
f 173/96/99 170/93/96 174/97/100
f 175/98/101 173/96/99 174/97/100
f 176/99/102 173/96/99 175/98/101
f 177/100/103 173/96/99 176/99/102
f 178/101/104 177/100/103 176/99/102
f 179/102/105 177/100/103 178/101/104
f 179/102/105 180/103/106 177/100/103
f 180/103/106 179/102/105 181/104/107
f 182/105/108 180/103/106 181/104/107
f 180/103/106 182/105/108 183/106/109
f 184/107/110 183/106/109 182/105/108
f 185/108/111 183/106/109 184/107/110
f 183/106/109 185/108/111 186/109/112
f 186/109/112 185/108/111 187/110/113
f 186/109/112 187/110/113 188/111/114
f 189/112/115 186/109/112 188/111/114
f 190/113/116 186/109/112 189/112/115
f 191/114/117 186/109/112 190/113/116
f 190/113/116 192/115/118 191/114/117
f 191/114/117 192/115/118 193/116/119
f 193/116/119 192/115/118 194/117/120
f 193/116/119 194/117/120 195/118/121
f 196/119/122 193/116/119 195/118/121
f 197/120/123 193/116/119 196/119/122
f 196/119/122 198/121/124 197/120/123
f 197/120/123 198/121/124 199/122/125
f 198/121/124 200/123/126 199/122/125
f 199/122/125 200/123/126 201/124/127
f 201/124/127 202/125/128 199/122/125
f 199/122/125 202/125/128 203/126/129
f 203/126/129 202/125/128 204/127/130
f 203/126/129 204/127/130 205/128/131
f 206/129/132 203/126/129 205/128/131
f 207/130/133 203/126/129 206/129/132
f 208/130/134 207/130/133 206/129/132
f 208/130/134 209/131/135 207/130/133
f 209/131/135 208/130/134 210/132/136
f 211/133/137 209/131/135 210/132/136
f 209/131/135 211/133/137 212/134/138
f 211/133/137 213/135/139 212/134/138
f 212/134/138 213/135/139 214/136/140
f 215/137/141 212/134/138 214/136/140
f 216/134/140 215/137/141 214/136/140
f 217/138/142 215/137/141 216/134/140
f 215/137/141 217/138/142 218/139/143
f 218/139/143 217/138/142 219/140/144
f 219/140/144 220/141/145 218/139/143
f 220/141/145 221/142/145 218/139/143
f 221/142/145 222/143/145 218/139/143
f 223/144/146 218/139/143 222/143/145
f 224/145/147 223/144/146 222/143/145
f 223/144/146 224/145/147 225/146/148
f 226/147/148 223/144/146 225/146/148
f 227/148/149 223/144/146 226/147/148
f 228/149/150 223/144/146 227/148/149
f 227/148/149 229/2/151 228/149/150
f 228/149/150 229/2/151 230/150/151
f 230/150/151 229/2/151 231/1/152
f 230/150/151 231/1/152 232/151/153
f 231/1/152 233/152/154 232/151/153
f 233/152/154 231/1/152 234/153/155
f 235/154/156 233/152/154 234/153/155
f 233/152/154 235/154/156 236/155/157
f 235/154/156 237/156/158 236/155/157
f 238/157/159 236/155/157 237/156/158
f 239/158/160 238/157/159 237/156/158
f 238/157/159 239/158/160 240/159/161
f 239/158/160 241/160/162 240/159/161
f 242/161/163 240/159/161 241/160/162
f 241/160/162 243/162/164 242/161/163
f 244/163/165 242/161/163 243/162/164
f 245/164/166 244/163/165 243/162/164
f 244/163/165 245/164/166 246/165/166
f 247/166/167 246/165/166 245/164/166
f 248/167/167 246/165/166 247/166/167
f 249/168/168 248/167/167 247/166/167
f 250/169/168 248/167/167 249/168/168
f 251/170/169 250/169/168 249/168/168
f 252/171/170 250/169/168 251/170/169
f 252/171/170 251/170/169 253/172/171
f 254/173/172 255/174/173 256/175/172
f 257/176/173 255/174/173 254/173/172
f 257/176/173 258/177/173 255/174/173
f 259/178/173 258/177/173 257/176/173
f 259/178/173 260/179/173 258/177/173
f 261/180/174 260/179/173 259/178/173
f 261/180/174 262/181/173 260/179/173
f 263/182/173 262/181/173 261/180/174
f 261/180/174 264/183/173 263/182/173
f 265/184/173 263/182/173 264/183/173
f 265/184/173 266/185/173 263/182/173
f 266/185/173 265/184/173 267/6/173
f 266/185/173 267/6/173 268/186/173
f 268/186/173 267/6/173 269/7/175
f 268/186/173 269/7/175 270/187/172
f 270/187/172 269/7/175 271/188/172
f 272/7/91 273/189/92 274/4/92
f 272/7/91 275/90/90 273/189/92
f 275/90/90 272/7/91 276/190/91
f 275/90/90 276/190/91 277/191/90
f 278/13/176 279/33/177 280/13/176
f 279/33/177 278/13/176 281/12/178
f 281/12/178 282/192/179 279/33/177
f 283/192/180 282/192/179 281/12/178
f 283/192/180 284/193/181 282/192/179
f 285/194/182 284/193/181 283/192/180
f 284/193/181 285/194/182 286/195/183
f 286/195/183 287/195/184 284/193/181
f 286/195/183 288/10/185 287/195/184
f 288/10/185 286/195/183 289/10/186
f 290/173/172 291/196/172 292/175/172
f 293/9/175 291/196/172 290/173/172
f 293/9/175 294/197/172 291/196/172
f 295/178/175 294/197/172 293/9/175
f 295/178/175 296/198/172 294/197/172
f 297/180/173 296/198/172 295/178/175
f 297/180/173 298/181/174 296/198/172
f 299/182/173 298/181/174 297/180/173
f 297/180/173 300/199/173 299/182/173
f 301/200/173 299/182/173 300/199/173
f 301/200/173 302/201/173 299/182/173
f 302/201/173 301/200/173 303/6/174
f 302/201/173 303/6/174 304/202/173
f 304/202/173 303/6/174 305/203/174
f 304/202/173 305/203/174 306/204/172
f 306/204/172 305/203/174 307/205/172
f 308/7/91 309/189/91 310/4/91
f 308/7/91 311/90/90 309/189/91
f 311/90/90 308/7/91 312/190/90
f 311/90/90 312/190/90 313/191/90
f 314/11/176 315/206/177 316/11/176
f 315/206/177 314/11/176 317/206/187
f 317/206/187 318/195/179 315/206/177
f 319/195/180 318/195/179 317/206/187
f 319/195/180 320/194/181 318/195/179
f 321/194/182 320/194/181 319/195/180
f 320/194/181 321/194/182 322/192/188
f 322/192/188 323/5/184 320/194/181
f 322/192/188 324/12/185 323/5/184
f 324/12/185 322/192/188 325/12/186
f 326/83/90 327/84/91 328/85/90
f 329/86/91 326/83/90 328/85/90
f 328/85/90 330/88/92 329/86/91
f 330/88/92 328/85/90 331/87/92
f 330/88/92 332/89/90 329/86/91
f 333/207/189 334/208/189 335/209/189
f 336/210/189 334/208/189 333/207/189
f 334/208/189 336/210/189 337/211/190
f 338/212/189 336/210/189 333/207/189
f 339/213/191 337/211/190 336/210/189
f 340/214/189 336/210/189 338/212/189
f 336/210/189 340/214/189 339/213/191
f 341/215/189 340/214/189 338/212/189
f 337/211/190 339/213/191 342/216/192
f 340/214/189 341/215/189 343/217/193
f 344/218/193 343/217/193 341/215/189
f 345/219/194 339/213/191 340/214/189
f 343/217/193 345/219/194 340/214/189
f 346/220/195 342/216/192 339/213/191
f 345/219/194 346/220/195 339/213/191
f 343/217/193 344/218/193 347/221/189
f 344/218/193 348/222/193 347/221/189
f 345/219/194 343/217/193 349/223/196
f 347/221/189 349/223/196 343/217/193
f 350/224/197 346/220/195 345/219/194
f 349/223/196 350/224/197 345/219/194
f 348/222/193 351/225/189 347/221/189
f 348/222/193 352/226/189 351/225/189
f 349/223/196 347/221/189 353/227/198
f 347/221/189 351/225/189 353/227/198
f 351/225/189 352/226/189 354/228/189
f 352/226/189 355/229/199 354/228/189
f 356/230/200 353/227/198 351/225/189
f 351/225/189 354/228/189 356/230/200
f 355/229/199 357/231/199 354/228/189
f 355/229/199 358/232/201 357/231/199
f 356/230/200 354/228/189 359/233/202
f 354/228/189 357/231/199 359/233/202
f 357/231/199 358/232/201 360/234/201
f 358/232/201 361/235/203 360/234/201
f 362/236/204 359/233/202 357/231/199
f 357/231/199 360/234/201 362/236/204
f 361/235/203 363/237/205 360/234/201
f 361/235/203 364/238/206 363/237/205
f 362/236/204 360/234/201 365/239/207
f 360/234/201 363/237/205 365/239/207
f 363/237/205 364/238/206 366/240/208
f 364/238/206 367/241/209 366/240/208
f 368/242/210 365/239/207 363/237/205
f 363/237/205 366/240/208 368/242/210
f 366/240/208 367/241/209 369/243/211
f 367/241/209 370/244/212 369/243/211
f 368/242/210 366/240/208 371/245/213
f 366/240/208 369/243/211 371/245/213
f 370/244/212 372/246/212 369/243/211
f 370/244/212 373/247/214 372/246/212
f 371/245/213 369/243/211 374/248/215
f 369/243/211 372/246/212 374/248/215
f 375/249/216 368/242/210 371/245/213
f 376/250/217 371/245/213 374/248/215
f 371/245/213 376/250/217 375/249/216
f 368/242/210 375/249/216 377/251/218
f 377/251/218 365/239/207 368/242/210
f 375/249/216 376/250/217 378/252/219
f 375/249/216 378/252/219 377/251/218
f 365/239/207 377/251/218 379/253/220
f 379/253/220 362/236/204 365/239/207
f 379/253/220 377/251/218 380/254/221
f 380/254/221 377/251/218 378/252/219
f 362/236/204 379/253/220 381/255/222
f 379/253/220 380/254/221 381/255/222
f 381/255/222 359/233/202 362/236/204
f 359/233/202 381/255/222 382/256/223
f 382/256/223 356/230/200 359/233/202
f 383/257/224 381/255/222 380/254/221
f 381/255/222 383/257/224 382/256/223
f 356/230/200 382/256/223 384/258/225
f 384/258/225 353/227/198 356/230/200
f 385/259/226 382/256/223 383/257/224
f 382/256/223 385/259/226 384/258/225
f 353/227/198 384/258/225 386/260/227
f 386/260/227 349/223/196 353/227/198
f 387/261/228 384/258/225 385/259/226
f 387/261/228 386/260/227 384/258/225
f 349/223/196 386/260/227 388/262/229
f 350/224/197 349/223/196 388/262/229
f 386/260/227 387/261/228 389/263/230
f 389/263/230 388/262/229 386/260/227
f 390/264/231 350/224/197 388/262/229
f 388/262/229 389/263/230 390/264/231
f 350/224/197 390/264/231 391/265/232
f 391/265/232 346/220/195 350/224/197
f 392/266/233 390/264/231 389/263/230
f 346/220/195 391/265/232 393/267/234
f 393/267/234 342/216/192 346/220/195
f 342/216/192 393/267/234 394/268/235
f 395/269/236 391/265/232 390/264/231
f 390/264/231 392/266/233 395/269/236
f 396/270/237 393/267/234 391/265/232
f 391/265/232 395/269/236 396/270/237
f 397/271/238 394/268/235 393/267/234
f 393/267/234 396/270/237 397/271/238
f 394/268/235 397/271/238 398/272/239
f 399/273/240 396/270/237 395/269/236
f 400/274/241 398/272/239 397/271/238
f 398/272/239 400/274/241 401/275/242
f 402/276/243 397/271/238 396/270/237
f 397/271/238 402/276/243 400/274/241
f 396/270/237 399/273/240 402/276/243
f 403/277/244 401/275/242 400/274/241
f 401/275/242 403/277/244 404/278/245
f 405/279/246 400/274/241 402/276/243
f 400/274/241 405/279/246 403/277/244
f 403/277/244 406/280/247 404/278/245
f 405/279/246 406/280/247 403/277/244
f 407/281/248 404/278/245 406/280/247
f 402/276/243 408/282/249 405/279/246
f 408/282/249 402/276/243 399/273/240
f 406/280/247 409/283/250 407/281/248
f 410/284/251 407/281/248 409/283/250
f 405/279/246 411/285/252 406/280/247
f 412/286/253 410/284/251 409/283/250
f 410/284/251 412/286/253 413/287/254
f 409/283/250 406/280/247 414/288/255
f 411/285/252 414/288/255 406/280/247
f 415/289/256 409/283/250 414/288/255
f 409/283/250 415/289/256 412/286/253
f 414/288/255 411/285/252 416/290/257
f 416/290/257 415/289/256 414/288/255
f 417/291/258 413/287/254 412/286/253
f 413/287/254 417/291/258 418/292/259
f 419/293/260 412/286/253 415/289/256
f 412/286/253 419/293/260 417/291/258
f 420/294/261 418/292/259 417/291/258
f 418/292/259 420/294/261 421/295/262
f 417/291/258 422/296/263 420/294/261
f 422/296/263 417/291/258 419/293/260
f 423/297/264 421/295/262 420/294/261
f 423/297/264 420/294/261 422/296/263
f 421/295/262 423/297/264 424/298/265
f 425/299/266 419/293/260 415/289/256
f 416/290/257 425/299/266 415/289/256
f 419/293/260 426/300/267 422/296/263
f 426/300/267 419/293/260 425/299/266
f 422/296/263 427/301/268 423/297/264
f 427/301/268 422/296/263 426/300/267
f 428/302/269 424/298/265 423/297/264
f 424/298/265 428/302/269 429/303/270
f 430/304/271 423/297/264 427/301/268
f 423/297/264 430/304/271 428/302/269
f 431/305/272 429/303/270 428/302/269
f 429/303/270 431/305/272 432/306/273
f 433/307/274 428/302/269 430/304/271
f 428/302/269 433/307/274 431/305/272
f 434/308/275 432/306/273 431/305/272
f 432/306/273 434/308/275 435/309/276
f 436/310/277 431/305/272 433/307/274
f 431/305/272 436/310/277 434/308/275
f 434/308/275 437/311/278 435/309/276
f 438/312/279 435/309/276 437/311/278
f 439/313/280 434/308/275 436/310/277
f 434/308/275 439/313/280 437/311/278
f 440/314/281 438/312/279 437/311/278
f 438/312/279 440/314/281 441/315/282
f 439/313/280 442/316/283 437/311/278
f 437/311/278 442/316/283 440/314/281
f 443/317/284 441/315/282 440/314/281
f 441/315/282 443/317/284 444/318/285
f 445/319/286 440/314/281 442/316/283
f 440/314/281 445/319/286 443/317/284
f 443/317/284 446/320/283 444/318/285
f 444/318/285 446/320/283 447/321/287
f 445/319/286 448/322/288 443/317/284
f 443/317/284 448/322/288 446/320/283
f 449/323/289 447/321/287 446/320/283
f 447/321/287 449/323/289 450/324/290
f 451/325/291 446/320/283 448/322/288
f 446/320/283 451/325/291 449/323/289
f 449/323/289 452/326/292 450/324/290
f 450/324/290 452/326/292 453/327/293
f 454/328/294 449/323/289 451/325/291
f 449/323/289 454/328/294 452/326/292
f 455/329/295 453/327/293 452/326/292
f 453/327/293 455/329/295 456/330/296
f 457/331/297 452/326/292 454/328/294
f 452/326/292 457/331/297 455/329/295
f 458/332/298 456/330/296 455/329/295
f 456/330/296 458/332/298 459/333/299
f 460/334/300 455/329/295 457/331/297
f 455/329/295 460/334/300 458/332/298
f 461/335/298 459/333/299 458/332/298
f 459/333/299 461/335/298 462/336/301
f 463/337/302 458/332/298 460/334/300
f 458/332/298 463/337/302 461/335/298
f 464/338/303 462/336/301 461/335/298
f 462/336/301 464/338/303 465/339/304
f 466/340/305 461/335/298 463/337/302
f 461/335/298 466/340/305 464/338/303
f 467/341/306 465/339/304 464/338/303
f 465/339/304 467/341/306 468/342/307
f 469/343/308 464/338/303 466/340/305
f 464/338/303 469/343/308 467/341/306
f 467/341/306 470/344/309 468/342/307
f 471/345/310 468/342/307 470/344/309
f 470/344/309 472/346/311 471/345/310
f 469/343/308 473/347/312 467/341/306
f 467/341/306 473/347/312 470/344/309
f 470/344/309 474/348/309 472/346/311
f 472/346/311 474/348/309 475/349/313
f 474/348/309 476/350/314 475/349/313
f 477/351/312 470/344/309 473/347/312
f 470/344/309 477/351/312 474/348/309
f 474/348/309 478/352/291 476/350/314
f 476/350/314 478/352/291 479/352/315
f 480/353/316 474/348/309 477/351/312
f 474/348/309 480/353/316 478/352/291
f 481/354/317 479/352/315 478/352/291
f 479/352/315 481/354/317 482/354/318
f 483/355/312 478/352/291 480/353/316
f 478/352/291 483/355/312 481/354/317
f 484/356/319 482/354/318 481/354/317
f 482/354/318 484/356/319 485/357/320
f 486/358/321 481/354/317 483/355/312
f 481/354/317 486/358/321 484/356/319
f 487/359/322 485/357/320 484/356/319
f 485/357/320 487/359/322 488/360/323
f 487/359/322 489/361/324 488/360/323
f 490/362/321 484/356/319 486/358/321
f 484/356/319 490/362/321 487/359/322
f 489/361/324 487/359/322 491/361/325
f 492/363/326 489/361/324 491/361/325
f 493/364/327 487/359/322 490/362/321
f 487/359/322 493/364/327 491/361/325
f 491/361/325 494/365/328 492/363/326
f 494/365/328 495/366/329 492/363/326
f 496/367/330 491/361/325 493/364/327
f 491/361/325 496/367/330 494/365/328
f 495/366/329 494/365/328 497/368/331
f 498/369/332 495/366/329 497/368/331
f 499/370/333 494/365/328 496/367/330
f 494/365/328 499/370/333 497/368/331
f 496/367/330 493/364/327 500/371/334
f 497/368/331 501/372/335 498/369/332
f 496/367/330 502/373/336 499/370/333
f 502/373/336 496/367/330 500/371/334
f 503/374/333 497/368/331 499/370/333
f 497/368/331 503/374/333 501/372/335
f 504/375/337 499/370/333 502/373/336
f 499/370/333 504/375/337 503/374/333
f 501/372/335 505/376/338 498/369/332
f 506/377/339 498/369/332 505/376/338
f 507/378/340 501/372/335 503/374/333
f 501/372/335 507/378/340 505/376/338
f 508/379/341 506/377/339 505/376/338
f 506/377/339 508/379/341 509/380/342
f 510/381/343 505/376/338 507/378/340
f 505/376/338 510/381/343 508/379/341
f 503/374/333 511/382/344 507/378/340
f 511/382/344 503/374/333 504/375/337
f 507/378/340 512/383/345 510/381/343
f 512/383/345 507/378/340 511/382/344
f 513/384/346 508/379/341 510/381/343
f 514/385/341 509/380/342 508/379/341
f 508/379/341 513/384/346 514/385/341
f 509/380/342 514/385/341 515/386/347
f 514/385/341 516/387/348 515/386/347
f 510/381/343 517/388/349 513/384/346
f 517/388/349 510/381/343 512/383/345
f 516/387/348 514/385/341 518/389/350
f 519/390/351 516/387/348 518/389/350
f 520/391/346 514/385/341 513/384/346
f 514/385/341 520/391/346 518/389/350
f 519/390/351 518/389/350 521/392/352
f 520/391/346 521/392/352 518/389/350
f 522/393/353 519/390/351 521/392/352
f 513/384/346 523/394/354 520/391/346
f 523/394/354 513/384/346 517/388/349
f 522/393/353 521/392/352 524/395/355
f 525/396/356 522/393/353 524/395/355
f 520/391/346 526/397/357 521/392/352
f 526/397/357 524/395/355 521/392/352
f 520/391/346 527/398/358 526/397/357
f 527/398/358 520/391/346 523/394/354
f 526/397/357 528/399/359 524/395/355
f 527/398/358 528/399/359 526/397/357
f 524/395/355 529/400/360 525/396/356
f 528/399/359 529/400/360 524/395/355
f 525/396/356 529/400/360 530/401/361
f 531/402/362 530/401/361 529/400/360
f 529/400/360 532/403/363 531/402/362
f 532/403/363 533/404/364 531/402/362
f 528/399/359 534/405/365 529/400/360
f 534/405/365 532/403/363 529/400/360
f 533/404/364 535/406/366 536/407/367
f 533/404/364 532/403/363 537/404/368
f 535/406/366 533/404/364 537/404/368
f 532/403/363 538/408/369 537/404/368
f 537/404/368 538/408/369 535/406/366
f 538/408/369 532/403/363 534/405/365
f 539/409/367 535/406/366 538/408/369
f 540/410/370 539/409/367 538/408/369
f 540/410/370 538/408/369 534/405/365
f 539/409/367 540/410/370 541/411/371
f 534/405/365 528/399/359 542/412/372
f 534/405/365 542/412/372 540/410/370
f 543/413/373 542/412/372 528/399/359
f 527/398/358 543/413/373 528/399/359
f 542/412/372 544/414/374 540/410/370
f 543/413/373 544/414/374 542/412/372
f 540/410/370 545/415/375 541/411/371
f 540/410/370 544/414/374 545/415/375
f 546/416/367 541/411/371 545/415/375
f 545/415/375 547/417/376 546/416/367
f 547/417/376 545/415/375 548/418/377
f 544/414/374 548/418/377 545/415/375
f 548/418/377 549/419/378 547/417/376
f 544/414/374 543/413/373 550/420/379
f 544/414/374 550/420/379 548/418/377
f 548/418/377 551/421/380 549/419/378
f 548/418/377 550/420/379 551/421/380
f 551/421/380 552/422/381 549/419/378
f 543/413/373 553/423/382 550/420/379
f 550/420/379 553/423/382 551/421/380
f 553/423/382 543/413/373 527/398/358
f 523/394/354 553/423/382 527/398/358
f 551/421/380 554/424/383 552/422/381
f 554/424/383 551/421/380 553/423/382
f 554/424/383 555/425/384 552/422/381
f 553/423/382 523/394/354 556/426/382
f 556/426/382 554/424/383 553/423/382
f 517/388/349 556/426/382 523/394/354
f 554/424/383 557/427/385 555/425/384
f 554/424/383 556/426/382 557/427/385
f 557/427/385 558/428/386 555/425/384
f 556/426/382 517/388/349 559/429/387
f 559/429/387 557/427/385 556/426/382
f 512/383/345 559/429/387 517/388/349
f 557/427/385 560/430/388 558/428/386
f 557/427/385 559/429/387 560/430/388
f 560/430/388 561/431/389 558/428/386
f 559/429/387 512/383/345 562/432/390
f 562/432/390 560/430/388 559/429/387
f 511/382/344 562/432/390 512/383/345
f 560/430/388 563/433/391 561/431/389
f 560/430/388 562/432/390 563/433/391
f 563/433/391 564/434/392 561/431/389
f 562/432/390 511/382/344 565/435/393
f 562/432/390 565/435/393 563/433/391
f 511/382/344 504/375/337 565/435/393
f 563/433/391 566/436/392 564/434/392
f 566/436/392 563/433/391 565/435/393
f 566/436/392 567/437/394 564/434/392
f 568/438/395 565/435/393 504/375/337
f 565/435/393 568/438/395 566/436/392
f 502/373/336 568/438/395 504/375/337
f 566/436/392 569/439/394 567/437/394
f 569/439/394 566/436/392 568/438/395
f 569/439/394 570/440/396 567/437/394
f 568/438/395 502/373/336 571/441/397
f 571/441/397 569/439/394 568/438/395
f 502/373/336 500/371/334 571/441/397
f 569/439/394 572/442/396 570/440/396
f 569/439/394 571/441/397 572/442/396
f 572/442/396 573/443/398 570/440/396
f 574/444/399 571/441/397 500/371/334
f 571/441/397 574/444/399 572/442/396
f 572/442/396 575/445/398 573/443/398
f 575/445/398 572/442/396 574/444/399
f 575/445/398 576/446/400 573/443/398
f 577/447/401 574/444/399 500/371/334
f 577/447/401 500/371/334 493/364/327
f 490/362/321 577/447/401 493/364/327
f 578/448/402 575/445/398 574/444/399
f 574/444/399 577/447/401 578/448/402
f 575/445/398 579/449/400 576/446/400
f 575/445/398 578/448/402 579/449/400
f 579/449/400 580/450/403 576/446/400
f 577/447/401 490/362/321 581/451/404
f 577/447/401 581/451/404 578/448/402
f 486/358/321 581/451/404 490/362/321
f 578/448/402 582/452/405 579/449/400
f 582/452/405 578/448/402 581/451/404
f 579/449/400 583/453/403 580/450/403
f 583/453/403 579/449/400 582/452/405
f 583/453/403 584/454/406 580/450/403
f 581/451/404 486/358/321 585/455/407
f 585/455/407 582/452/405 581/451/404
f 483/355/312 585/455/407 486/358/321
f 586/456/408 583/453/403 582/452/405
f 582/452/405 585/455/407 586/456/408
f 583/453/403 587/457/409 584/454/406
f 583/453/403 586/456/408 587/457/409
f 587/457/409 588/458/410 584/454/406
f 585/455/407 483/355/312 589/459/411
f 589/459/411 586/456/408 585/455/407
f 480/353/316 589/459/411 483/355/312
f 586/456/408 590/460/412 587/457/409
f 586/456/408 589/459/411 590/460/412
f 587/457/409 591/461/413 588/458/410
f 591/461/413 587/457/409 590/460/412
f 591/461/413 592/462/414 588/458/410
f 589/459/411 480/353/316 593/463/415
f 593/463/415 590/460/412 589/459/411
f 477/351/312 593/463/415 480/353/316
f 590/460/412 594/464/416 591/461/413
f 590/460/412 593/463/415 594/464/416
f 591/461/413 595/465/417 592/462/414
f 595/465/417 591/461/413 594/464/416
f 595/465/417 596/466/418 592/462/414
f 593/463/415 477/351/312 597/467/419
f 597/467/419 594/464/416 593/463/415
f 473/347/312 597/467/419 477/351/312
f 594/464/416 598/468/420 595/465/417
f 594/464/416 597/467/419 598/468/420
f 595/465/417 599/469/421 596/466/418
f 599/469/421 595/465/417 598/468/420
f 600/470/422 596/466/418 599/469/421
f 597/467/419 473/347/312 601/471/423
f 597/467/419 601/471/423 598/468/420
f 469/343/308 601/471/423 473/347/312
f 598/468/420 602/472/424 599/469/421
f 602/472/424 598/468/420 601/471/423
f 599/469/421 603/473/422 600/470/422
f 599/469/421 602/472/424 603/473/422
f 604/474/425 600/470/422 603/473/422
f 605/475/426 601/471/423 469/343/308
f 602/472/424 601/471/423 605/475/426
f 466/340/305 605/475/426 469/343/308
f 606/476/427 603/473/422 602/472/424
f 606/476/427 602/472/424 605/475/426
f 603/473/422 607/477/428 604/474/425
f 603/473/422 606/476/427 607/477/428
f 608/478/429 604/474/425 607/477/428
f 605/475/426 466/340/305 609/479/430
f 606/476/427 605/475/426 609/479/430
f 463/337/302 609/479/430 466/340/305
f 610/480/431 607/477/428 606/476/427
f 610/480/431 606/476/427 609/479/430
f 607/477/428 611/481/432 608/478/429
f 607/477/428 610/480/431 611/481/432
f 612/482/433 608/478/429 611/481/432
f 609/479/430 463/337/302 613/483/434
f 613/483/434 610/480/431 609/479/430
f 460/334/300 613/483/434 463/337/302
f 610/480/431 614/484/435 611/481/432
f 610/480/431 613/483/434 614/484/435
f 611/481/432 615/484/433 612/482/433
f 615/484/433 611/481/432 614/484/435
f 616/485/436 612/482/433 615/484/433
f 613/483/434 460/334/300 617/486/330
f 617/486/330 614/484/435 613/483/434
f 457/331/297 617/486/330 460/334/300
f 614/484/435 618/487/437 615/484/433
f 614/484/435 617/486/330 618/487/437
f 615/484/433 619/488/436 616/485/436
f 619/488/436 615/484/433 618/487/437
f 620/489/438 616/485/436 619/488/436
f 617/486/330 457/331/297 621/490/439
f 617/486/330 621/490/439 618/487/437
f 454/328/294 621/490/439 457/331/297
f 618/487/437 622/491/440 619/488/436
f 622/491/440 618/487/437 621/490/439
f 623/492/441 621/490/439 454/328/294
f 623/492/441 622/491/440 621/490/439
f 451/325/291 623/492/441 454/328/294
f 624/493/438 619/488/436 622/491/440
f 619/488/436 624/493/438 620/489/438
f 625/494/442 622/491/440 623/492/441
f 622/491/440 625/494/442 624/493/438
f 623/492/441 451/325/291 626/495/443
f 623/492/441 626/495/443 625/494/442
f 448/322/288 626/495/443 451/325/291
f 627/496/444 620/489/438 624/493/438
f 624/493/438 625/494/442 627/496/444
f 620/489/438 627/496/444 628/497/445
f 629/498/446 628/497/445 627/496/444
f 630/499/447 625/494/442 626/495/443
f 625/494/442 630/499/447 627/496/444
f 626/495/443 448/322/288 631/500/448
f 631/500/448 630/499/447 626/495/443
f 445/319/286 631/500/448 448/322/288
f 627/496/444 632/501/449 629/498/446
f 632/501/449 627/496/444 630/499/447
f 633/502/450 629/498/446 632/501/449
f 634/503/451 630/499/447 631/500/448
f 630/499/447 634/503/451 632/501/449
f 631/500/448 445/319/286 635/504/452
f 635/504/452 634/503/451 631/500/448
f 442/316/283 635/504/452 445/319/286
f 632/501/449 636/505/450 633/502/450
f 632/501/449 634/503/451 636/505/450
f 637/506/453 633/502/450 636/505/450
f 638/507/454 634/503/451 635/504/452
f 634/503/451 638/507/454 636/505/450
f 635/504/452 442/316/283 639/508/455
f 639/508/455 638/507/454 635/504/452
f 439/313/280 639/508/455 442/316/283
f 636/505/450 640/509/456 637/506/453
f 636/505/450 638/507/454 640/509/456
f 641/510/457 637/506/453 640/509/456
f 642/511/458 638/507/454 639/508/455
f 638/507/454 642/511/458 640/509/456
f 639/508/455 439/313/280 643/512/459
f 643/512/459 642/511/458 639/508/455
f 436/310/277 643/512/459 439/313/280
f 640/509/456 644/513/460 641/510/457
f 640/509/456 642/511/458 644/513/460
f 645/514/461 641/510/457 644/513/460
f 646/515/462 642/511/458 643/512/459
f 642/511/458 646/515/462 644/513/460
f 643/512/459 436/310/277 647/516/463
f 647/516/463 646/515/462 643/512/459
f 433/307/274 647/516/463 436/310/277
f 644/513/460 648/517/461 645/514/461
f 644/513/460 646/515/462 648/517/461
f 649/518/464 645/514/461 648/517/461
f 646/515/462 647/516/463 650/519/465
f 650/519/465 648/517/461 646/515/462
f 647/516/463 433/307/274 651/520/466
f 651/520/466 650/519/465 647/516/463
f 430/304/271 651/520/466 433/307/274
f 648/517/461 652/521/464 649/518/464
f 648/517/461 650/519/465 652/521/464
f 652/521/464 653/522/467 649/518/464
f 654/523/468 650/519/465 651/520/466
f 654/523/468 652/521/464 650/519/465
f 652/521/464 655/524/469 653/522/467
f 652/521/464 654/523/468 655/524/469
f 656/525/470 653/522/467 655/524/469
f 657/526/471 654/523/468 651/520/466
f 651/520/466 430/304/271 657/526/471
f 654/523/468 658/527/472 655/524/469
f 658/527/472 654/523/468 657/526/471
f 655/524/469 659/528/470 656/525/470
f 655/524/469 658/527/472 659/528/470
f 660/529/473 656/525/470 659/528/470
f 661/530/474 657/526/471 430/304/271
f 661/530/474 658/527/472 657/526/471
f 661/530/474 430/304/271 427/301/268
f 662/531/475 659/528/470 658/527/472
f 658/527/472 661/530/474 662/531/475
f 659/528/470 663/532/473 660/529/473
f 659/528/470 662/531/475 663/532/473
f 664/533/476 660/529/473 663/532/473
f 665/534/477 662/531/475 661/530/474
f 427/301/268 665/534/477 661/530/474
f 662/531/475 666/535/478 663/532/473
f 662/531/475 665/534/477 666/535/478
f 663/532/473 667/536/479 664/533/476
f 663/532/473 666/535/478 667/536/479
f 668/537/480 664/533/476 667/536/479
f 427/301/268 669/538/481 665/534/477
f 669/538/481 666/535/478 665/534/477
f 426/300/267 669/538/481 427/301/268
f 670/539/482 667/536/479 666/535/478
f 666/535/478 669/538/481 670/539/482
f 667/536/479 671/540/480 668/537/480
f 667/536/479 670/539/482 671/540/480
f 672/541/483 668/537/480 671/540/480
f 669/538/481 673/542/484 670/539/482
f 669/538/481 426/300/267 673/542/484
f 674/543/485 671/540/480 670/539/482
f 670/539/482 673/542/484 674/543/485
f 671/540/480 675/544/483 672/541/483
f 671/540/480 674/543/485 675/544/483
f 676/545/486 672/541/483 675/544/483
f 426/300/267 677/546/487 673/542/484
f 677/546/487 674/543/485 673/542/484
f 425/299/266 677/546/487 426/300/267
f 678/547/488 675/544/483 674/543/485
f 674/543/485 677/546/487 678/547/488
f 675/544/483 679/548/486 676/545/486
f 675/544/483 678/547/488 679/548/486
f 679/548/486 680/549/489 676/545/486
f 677/546/487 425/299/266 681/550/490
f 681/550/490 678/547/488 677/546/487
f 416/290/257 681/550/490 425/299/266
f 682/551/491 679/548/486 678/547/488
f 678/547/488 681/550/490 682/551/491
f 680/549/489 679/548/486 683/552/492
f 679/548/486 682/551/491 683/552/492
f 683/552/492 684/553/493 680/549/489
f 684/553/493 683/552/492 685/554/494
f 682/551/491 685/554/494 683/552/492
f 685/554/494 686/555/495 684/553/493
f 687/556/496 682/551/491 681/550/490
f 681/550/490 416/290/257 687/556/496
f 685/554/494 682/551/491 688/557/497
f 682/551/491 687/556/496 688/557/497
f 686/555/495 685/554/494 689/558/495
f 688/557/497 689/558/495 685/554/494
f 689/558/495 690/559/498 686/555/495
f 687/556/496 691/560/499 688/557/497
f 689/558/495 688/557/497 691/560/499
f 692/561/500 687/556/496 416/290/257
f 691/560/499 687/556/496 692/561/500
f 411/285/252 692/561/500 416/290/257
f 690/559/498 689/558/495 693/562/501
f 691/560/499 693/562/501 689/558/495
f 693/562/501 694/563/502 690/559/498
f 692/561/500 695/564/503 691/560/499
f 693/562/501 691/560/499 695/564/503
f 694/563/502 693/562/501 696/565/504
f 695/564/503 696/565/504 693/562/501
f 696/565/504 697/566/505 694/563/502
f 695/564/503 692/561/500 698/567/506
f 692/561/500 411/285/252 698/567/506
f 696/565/504 695/564/503 699/568/507
f 698/567/506 699/568/507 695/564/503
f 697/566/505 696/565/504 700/569/508
f 699/568/507 700/569/508 696/565/504
f 700/569/508 701/570/509 697/566/505
f 702/571/510 698/567/506 411/285/252
f 405/279/246 702/571/510 411/285/252
f 702/571/510 405/279/246 408/282/249
f 701/570/509 700/569/508 703/572/511
f 703/572/511 704/573/512 701/570/509
f 702/571/510 705/574/513 698/567/506
f 699/568/507 698/567/506 705/574/513
f 700/569/508 699/568/507 706/575/514
f 705/574/513 706/575/514 699/568/507
f 706/575/514 703/572/511 700/569/508
f 705/574/513 702/571/510 707/576/515
f 702/571/510 408/282/249 707/576/515
f 706/575/514 705/574/513 708/577/516
f 708/577/516 705/574/513 707/576/515
f 703/572/511 706/575/514 709/578/517
f 708/577/516 709/578/517 706/575/514
f 704/573/512 703/572/511 710/579/518
f 709/578/517 710/579/518 703/572/511
f 710/579/518 711/580/519 704/573/512
f 709/578/517 708/577/516 712/581/520
f 707/576/515 712/581/520 708/577/516
f 710/579/518 709/578/517 713/582/521
f 712/581/520 713/582/521 709/578/517
f 711/580/519 710/579/518 714/583/522
f 713/582/521 714/583/522 710/579/518
f 714/583/522 715/584/523 711/580/519
f 713/582/521 712/581/520 716/585/524
f 715/584/523 714/583/522 717/586/525
f 717/586/525 718/587/526 715/584/523
f 714/583/522 713/582/521 719/588/527
f 719/588/527 717/586/525 714/583/522
f 716/585/524 719/588/527 713/582/521
f 718/587/526 717/586/525 720/589/528
f 720/589/528 721/590/529 718/587/526
f 717/586/525 719/588/527 722/591/530
f 722/591/530 720/589/528 717/586/525
f 719/588/527 716/585/524 723/592/531
f 723/592/531 722/591/530 719/588/527
f 712/581/520 724/593/532 716/585/524
f 724/593/532 723/592/531 716/585/524
f 712/581/520 707/576/515 724/593/532
f 722/591/530 723/592/531 725/594/533
f 726/595/534 724/593/532 707/576/515
f 726/595/534 707/576/515 408/282/249
f 408/282/249 399/273/240 726/595/534
f 723/592/531 724/593/532 727/596/535
f 727/596/535 725/594/533 723/592/531
f 725/594/533 728/597/536 722/591/530
f 720/589/528 722/591/530 728/597/536
f 725/594/533 727/596/535 729/598/537
f 728/597/536 725/594/533 729/598/537
f 728/597/536 730/599/538 720/589/528
f 721/590/529 720/589/528 730/599/538
f 730/599/538 731/600/539 721/590/529
f 730/599/538 728/597/536 732/601/540
f 729/598/537 732/601/540 728/597/536
f 731/600/539 730/599/538 733/602/541
f 732/601/540 733/602/541 730/599/538
f 733/602/541 734/603/542 731/600/539
f 732/601/540 729/598/537 735/604/543
f 734/603/542 733/602/541 736/605/544
f 736/605/544 737/606/545 734/603/542
f 733/602/541 732/601/540 738/607/546
f 738/607/546 736/605/544 733/602/541
f 735/604/543 738/607/546 732/601/540
f 737/606/545 736/605/544 739/608/547
f 739/608/547 740/609/548 737/606/545
f 736/605/544 738/607/546 741/610/549
f 741/610/549 739/608/547 736/605/544
f 738/607/546 735/604/543 742/611/550
f 742/611/550 741/610/549 738/607/546
f 735/604/543 729/598/537 743/612/551
f 743/612/551 742/611/550 735/604/543
f 729/598/537 727/596/535 743/612/551
f 741/610/549 742/611/550 744/613/552
f 739/608/547 741/610/549 745/614/553
f 744/613/552 745/614/553 741/610/549
f 740/609/548 739/608/547 746/615/554
f 745/614/553 746/615/554 739/608/547
f 746/615/554 747/616/555 740/609/548
f 748/617/556 744/613/552 742/611/550
f 742/611/550 743/612/551 748/617/556
f 747/616/555 746/615/554 749/618/557
f 749/618/557 750/619/558 747/616/555
f 746/615/554 745/614/553 751/620/559
f 751/620/559 749/618/557 746/615/554
f 745/614/553 744/613/552 752/621/560
f 752/621/560 751/620/559 745/614/553
f 750/619/558 749/618/557 753/622/558
f 753/622/558 754/623/561 750/619/558
f 749/618/557 751/620/559 755/624/562
f 755/624/562 753/622/558 749/618/557
f 754/623/561 753/622/558 756/625/563
f 756/625/563 757/626/564 754/623/561
f 753/622/558 755/624/562 758/627/565
f 758/627/565 756/625/563 753/622/558
f 759/628/566 755/624/562 751/620/559
f 751/620/559 752/621/560 759/628/566
f 760/629/219 758/627/565 755/624/562
f 755/624/562 759/628/566 760/629/219
f 756/625/563 758/627/565 761/630/567
f 758/627/565 760/629/219 762/631/568
f 762/631/568 761/630/567 758/627/565
f 760/629/219 759/628/566 763/632/569
f 760/629/219 763/632/569 762/631/568
f 761/630/567 764/633/564 756/625/563
f 757/626/564 756/625/563 764/633/564
f 761/630/567 762/631/568 765/634/570
f 764/633/564 766/635/571 757/626/564
f 757/626/564 766/635/571 767/636/571
f 764/633/564 761/630/567 768/637/572
f 768/637/572 766/635/571 764/633/564
f 765/634/570 768/637/572 761/630/567
f 766/635/571 769/638/573 767/636/571
f 767/636/571 769/638/573 770/639/574
f 766/635/571 768/637/572 771/640/575
f 771/640/575 769/638/573 766/635/571
f 768/637/572 765/634/570 772/641/576
f 772/641/576 771/640/575 768/637/572
f 769/638/573 773/642/577 770/639/574
f 770/639/574 773/642/577 774/643/578
f 769/638/573 771/640/575 775/644/579
f 775/644/579 773/642/577 769/638/573
f 771/640/575 772/641/576 776/645/580
f 776/645/580 775/644/579 771/640/575
f 773/642/577 777/646/581 774/643/578
f 774/643/578 777/646/581 778/647/582
f 773/642/577 775/644/579 779/648/583
f 779/648/583 777/646/581 773/642/577
f 775/644/579 776/645/580 780/649/584
f 780/649/584 779/648/583 775/644/579
f 781/650/585 778/647/582 777/646/581
f 778/647/582 781/650/585 782/651/586
f 777/646/581 779/648/583 783/652/587
f 783/652/587 781/650/585 777/646/581
f 779/648/583 780/649/584 784/653/588
f 784/653/588 783/652/587 779/648/583
f 785/654/589 782/651/586 781/650/585
f 782/651/586 785/654/589 786/655/590
f 781/650/585 783/652/587 787/656/591
f 787/656/591 785/654/589 781/650/585
f 788/657/592 786/655/590 785/654/589
f 786/655/590 788/657/592 789/658/592
f 785/654/589 787/656/591 790/659/593
f 790/659/593 788/657/592 785/654/589
f 788/657/592 791/660/594 789/658/592
f 789/658/592 791/660/594 792/661/595
f 788/657/592 790/659/593 793/662/596
f 793/662/596 791/660/594 788/657/592
f 791/660/594 794/663/597 792/661/595
f 792/661/595 794/663/597 795/664/597
f 791/660/594 793/662/596 796/665/598
f 796/665/598 794/663/597 791/660/594
f 794/663/597 797/666/599 795/664/597
f 795/664/597 797/666/599 798/667/600
f 794/663/597 796/665/598 799/668/601
f 799/668/601 797/666/599 794/663/597
f 797/666/599 800/669/602 798/667/600
f 800/669/602 801/670/602 798/667/600
f 797/666/599 799/668/601 802/671/603
f 802/671/603 800/669/602 797/666/599
f 800/669/602 803/672/604 801/670/602
f 801/670/602 803/672/604 804/673/605
f 800/669/602 802/671/603 805/674/606
f 805/674/606 803/672/604 800/669/602
f 803/672/604 806/675/607 804/673/605
f 806/675/607 807/676/608 804/673/605
f 803/672/604 805/674/606 808/677/609
f 808/677/609 806/675/607 803/672/604
f 809/678/610 805/674/606 802/671/603
f 810/679/611 807/676/608 806/675/607
f 807/676/608 810/679/611 811/680/612
f 805/674/606 809/678/610 812/681/613
f 812/681/613 808/677/609 805/674/606
f 802/671/603 813/682/614 809/678/610
f 813/682/614 802/671/603 799/668/601
f 814/683/615 812/681/613 809/678/610
f 809/678/610 813/682/614 814/683/615
f 808/677/609 812/681/613 815/684/616
f 806/675/607 808/677/609 816/685/583
f 815/684/616 816/685/583 808/677/609
f 817/686/617 806/675/607 816/685/583
f 806/675/607 817/686/617 810/679/611
f 816/685/583 815/684/616 818/687/618
f 818/687/618 817/686/617 816/685/583
f 815/684/616 812/681/613 819/688/619
f 812/681/613 814/683/615 819/688/619
f 815/684/616 820/689/620 818/687/618
f 815/684/616 819/688/619 820/689/620
f 817/686/617 818/687/618 821/690/621
f 820/689/620 821/690/621 818/687/618
f 822/691/622 810/679/611 817/686/617
f 821/690/621 822/691/622 817/686/617
f 810/679/611 822/691/622 823/692/623
f 823/692/623 811/680/612 810/679/611
f 811/680/612 823/692/623 824/693/624
f 822/691/622 821/690/621 825/694/625
f 826/695/626 824/693/624 823/692/623
f 824/693/624 826/695/626 827/696/627
f 828/697/628 823/692/623 822/691/622
f 826/695/626 823/692/623 828/697/628
f 825/694/625 828/697/628 822/691/622
f 829/698/629 827/696/627 826/695/626
f 827/696/627 829/698/629 830/699/630
f 830/699/630 829/698/629 831/700/631
f 828/697/628 832/701/632 826/695/626
f 832/701/632 829/698/629 826/695/626
f 829/698/629 833/702/633 831/700/631
f 833/702/633 834/703/634 831/700/631
f 829/698/629 832/701/632 835/704/635
f 835/704/635 833/702/633 829/698/629
f 836/705/636 832/701/632 828/697/628
f 825/694/625 836/705/636 828/697/628
f 832/701/632 837/706/637 835/704/635
f 836/705/636 837/706/637 832/701/632
f 833/702/633 835/704/635 838/707/638
f 838/707/638 835/704/635 837/706/637
f 834/703/634 833/702/633 839/708/639
f 838/707/638 839/708/639 833/702/633
f 839/708/639 840/709/640 834/703/634
f 837/706/637 841/710/641 838/707/638
f 840/709/640 839/708/639 842/711/642
f 843/712/643 840/709/640 842/711/642
f 839/708/639 838/707/638 844/713/644
f 842/711/642 839/708/639 844/713/644
f 844/713/644 838/707/638 841/710/641
f 843/712/643 842/711/642 845/714/642
f 844/713/644 846/715/645 842/711/642
f 846/715/645 845/714/642 842/711/642
f 841/710/641 847/716/641 844/713/644
f 847/716/641 846/715/645 844/713/644
f 841/710/641 837/706/637 848/717/646
f 847/716/641 841/710/641 848/717/646
f 848/717/646 837/706/637 836/705/636
f 849/718/641 846/715/645 847/716/641
f 849/718/641 847/716/641 848/717/646
f 849/718/641 850/719/647 846/715/645
f 845/714/642 846/715/645 850/719/647
f 848/717/646 851/720/646 849/718/641
f 850/719/647 849/718/641 851/720/646
f 836/705/636 852/721/648 848/717/646
f 852/721/648 836/705/636 825/694/625
f 848/717/646 853/722/649 851/720/646
f 852/721/648 825/694/625 854/723/650
f 821/690/621 854/723/650 825/694/625
f 821/690/621 820/689/620 854/723/650
f 852/721/648 855/724/651 848/717/646
f 853/722/649 848/717/646 855/724/651
f 856/725/652 852/721/648 854/723/650
f 852/721/648 856/725/652 855/724/651
f 857/726/653 854/723/650 820/689/620
f 854/723/650 857/726/653 856/725/652
f 820/689/620 858/727/619 857/726/653
f 858/727/619 820/689/620 819/688/619
f 859/728/618 856/725/652 857/726/653
f 819/688/619 860/729/654 858/727/619
f 860/729/654 819/688/619 814/683/615
f 861/730/655 857/726/653 858/727/619
f 857/726/653 861/730/655 859/728/618
f 862/731/654 858/727/619 860/729/654
f 858/727/619 862/731/654 861/730/655
f 863/732/656 860/729/654 814/683/615
f 860/729/654 864/733/656 862/731/654
f 864/733/656 860/729/654 863/732/656
f 862/731/654 865/734/657 861/730/655
f 866/735/658 862/731/654 864/733/656
f 862/731/654 866/735/658 865/734/657
f 867/736/655 861/730/655 865/734/657
f 867/736/655 859/728/618 861/730/655
f 866/735/658 868/737/657 865/734/657
f 865/734/657 869/738/659 867/736/655
f 869/738/659 865/734/657 868/737/657
f 859/728/618 867/736/655 870/739/660
f 867/736/655 869/738/659 871/740/661
f 867/736/655 871/740/661 870/739/660
f 856/725/652 859/728/618 872/741/662
f 870/739/660 872/741/662 859/728/618
f 856/725/652 872/741/662 855/724/651
f 873/742/663 855/724/651 872/741/662
f 873/742/663 853/722/649 855/724/651
f 872/741/662 870/739/660 874/743/664
f 872/741/662 874/743/664 873/742/663
f 853/722/649 873/742/663 875/744/646
f 853/722/649 875/744/646 851/720/646
f 876/745/665 873/742/663 874/743/664
f 876/745/665 875/744/646 873/742/663
f 870/739/660 877/746/666 874/743/664
f 877/746/666 870/739/660 871/740/661
f 874/743/664 878/747/667 876/745/665
f 878/747/667 874/743/664 877/746/666
f 875/744/646 876/745/665 879/748/668
f 880/749/646 851/720/646 875/744/646
f 875/744/646 879/748/668 880/749/646
f 880/749/646 850/719/647 851/720/646
f 876/745/665 881/750/668 879/748/668
f 881/750/668 876/745/665 878/747/667
f 850/719/647 880/749/646 882/751/669
f 882/751/669 845/714/642 850/719/647
f 883/752/668 880/749/646 879/748/668
f 883/752/668 882/751/669 880/749/646
f 845/714/642 882/751/669 884/753/670
f 884/753/670 843/712/643 845/714/642
f 843/712/643 884/753/670 885/754/671
f 882/751/669 886/755/669 884/753/670
f 882/751/669 883/752/668 886/755/669
f 887/756/672 885/754/671 884/753/670
f 887/756/672 884/753/670 886/755/669
f 885/754/671 887/756/672 888/757/673
f 887/756/672 889/758/671 888/757/673
f 889/758/671 887/756/672 890/759/670
f 890/759/670 887/756/672 886/755/669
f 890/759/670 891/760/674 889/758/671
f 890/759/670 886/755/669 892/761/675
f 883/752/668 892/761/675 886/755/669
f 891/760/674 890/759/670 893/762/676
f 893/762/676 890/759/670 892/761/675
f 892/761/675 883/752/668 894/763/677
f 879/748/668 894/763/677 883/752/668
f 879/748/668 881/750/668 894/763/677
f 894/763/677 895/764/678 892/761/675
f 893/762/676 892/761/675 895/764/678
f 881/750/668 896/765/679 894/763/677
f 895/764/678 894/763/677 896/765/679
f 891/760/674 893/762/676 897/766/680
f 897/766/680 898/767/681 891/760/674
f 893/762/676 895/764/678 899/768/682
f 897/766/680 893/762/676 899/768/682
f 896/765/679 899/768/682 895/764/678
f 900/769/683 898/767/681 897/766/680
f 898/767/681 900/769/683 901/770/684
f 901/770/684 900/769/683 902/771/685
f 902/771/685 900/769/683 903/772/685
f 897/766/680 904/773/685 900/769/683
f 904/773/685 903/772/685 900/769/683
f 904/773/685 897/766/680 899/768/682
f 904/773/685 905/774/686 903/772/685
f 899/768/682 906/775/685 904/773/685
f 905/774/686 904/773/685 906/775/685
f 906/775/685 899/768/682 907/776/687
f 907/776/687 899/768/682 896/765/679
f 908/777/688 905/774/686 906/775/685
f 908/777/688 906/775/685 907/776/687
f 905/774/686 908/777/688 909/778/689
f 908/777/688 910/779/688 909/778/689
f 911/780/679 907/776/687 896/765/679
f 881/750/668 911/780/679 896/765/679
f 878/747/667 911/780/679 881/750/668
f 907/776/687 912/781/690 908/777/688
f 907/776/687 911/780/679 912/781/690
f 913/782/691 910/779/688 908/777/688
f 912/781/690 913/782/691 908/777/688
f 910/779/688 913/782/691 914/783/692
f 911/780/679 915/784/693 912/781/690
f 913/782/691 912/781/690 915/784/693
f 911/780/679 878/747/667 916/785/694
f 915/784/693 911/780/679 916/785/694
f 877/746/666 916/785/694 878/747/667
f 913/782/691 917/786/691 914/783/692
f 917/786/691 913/782/691 915/784/693
f 917/786/691 918/787/695 914/783/692
f 916/785/694 877/746/666 919/788/662
f 871/740/661 919/788/662 877/746/666
f 920/789/696 915/784/693 916/785/694
f 916/785/694 919/788/662 920/789/696
f 915/784/693 920/789/696 917/786/691
f 919/788/662 871/740/661 921/790/697
f 921/790/697 920/789/696 919/788/662
f 922/791/698 921/790/697 871/740/661
f 869/738/659 922/791/698 871/740/661
f 923/792/699 920/789/696 921/790/697
f 921/790/697 922/791/698 923/792/699
f 920/789/696 924/793/700 917/786/691
f 924/793/700 920/789/696 923/792/699
f 918/787/695 917/786/691 924/793/700
f 925/794/701 918/787/695 924/793/700
f 923/792/699 925/794/701 924/793/700
f 918/787/695 925/794/701 926/795/701
f 927/796/702 926/795/701 925/794/701
f 925/794/701 923/792/699 928/797/703
f 928/797/703 923/792/699 922/791/698
f 925/794/701 929/798/704 927/796/702
f 928/797/703 929/798/704 925/794/701
f 929/798/704 930/799/705 927/796/702
f 922/791/698 931/800/655 928/797/703
f 922/791/698 869/738/659 931/800/655
f 929/798/704 928/797/703 932/801/706
f 932/801/706 928/797/703 931/800/655
f 930/799/705 929/798/704 933/802/707
f 932/801/706 933/802/707 929/798/704
f 934/803/708 930/799/705 933/802/707
f 869/738/659 935/804/709 931/800/655
f 935/804/709 932/801/706 931/800/655
f 868/737/657 935/804/709 869/738/659
f 933/802/707 932/801/706 936/805/710
f 932/801/706 935/804/709 936/805/710
f 933/802/707 937/806/708 934/803/708
f 936/805/710 937/806/708 933/802/707
f 938/807/711 934/803/708 937/806/708
f 935/804/709 939/808/712 936/805/710
f 935/804/709 868/737/657 939/808/712
f 937/806/708 936/805/710 940/809/713
f 940/809/713 936/805/710 939/808/712
f 937/806/708 941/810/711 938/807/711
f 940/809/713 941/810/711 937/806/708
f 941/810/711 942/811/714 938/807/711
f 940/809/713 939/808/712 943/812/715
f 943/812/715 939/808/712 868/737/657
f 941/810/711 940/809/713 944/813/716
f 944/813/716 940/809/713 943/812/715
f 942/811/714 941/810/711 945/814/717
f 944/813/716 945/814/717 941/810/711
f 946/815/718 943/812/715 868/737/657
f 866/735/658 946/815/718 868/737/657
f 947/816/719 944/813/716 943/812/715
f 943/812/715 946/815/718 947/816/719
f 945/814/717 944/813/716 948/817/720
f 944/813/716 947/816/719 948/817/720
f 949/818/721 942/811/714 945/814/717
f 942/811/714 949/818/721 950/819/722
f 951/820/723 950/819/722 949/818/721
f 945/814/717 948/817/720 952/821/724
f 949/818/721 945/814/717 952/821/724
f 949/818/721 952/821/724 951/820/723
f 947/816/719 952/821/724 948/817/720
f 952/821/724 953/822/725 951/820/723
f 952/821/724 947/816/719 954/823/726
f 952/821/724 954/823/726 953/822/725
f 947/816/719 946/815/718 954/823/726
f 954/823/726 955/824/727 953/822/725
f 956/825/728 954/823/726 946/815/718
f 955/824/727 954/823/726 956/825/728
f 866/735/658 956/825/728 946/815/718
f 957/826/729 955/824/727 956/825/728
f 956/825/728 866/735/658 957/826/729
f 955/824/727 957/826/729 958/827/725
f 864/733/656 957/826/729 866/735/658
f 959/828/730 958/827/725 957/826/729
f 957/826/729 864/733/656 959/828/730
f 958/827/725 959/828/730 960/829/727
f 863/732/656 959/828/730 864/733/656
f 961/830/731 960/829/727 959/828/730
f 959/828/730 863/732/656 961/830/731
f 960/829/727 961/830/731 962/831/727
f 963/832/732 961/830/731 863/732/656
f 963/832/732 863/732/656 814/683/615
f 964/833/733 962/831/727 961/830/731
f 961/830/731 963/832/732 964/833/733
f 962/831/727 964/833/733 965/834/734
f 964/833/733 966/835/735 965/834/734
f 963/832/732 814/683/615 813/682/614
f 964/833/733 967/836/736 966/835/735
f 963/832/732 967/836/736 964/833/733
f 968/837/737 966/835/735 967/836/736
f 967/836/736 963/832/732 969/838/738
f 969/838/738 963/832/732 813/682/614
f 967/836/736 970/839/739 968/837/737
f 970/839/739 967/836/736 969/838/738
f 971/840/740 968/837/737 970/839/739
f 969/838/738 972/841/741 970/839/739
f 972/841/741 969/838/738 813/682/614
f 970/839/739 973/842/742 971/840/740
f 973/842/742 970/839/739 972/841/741
f 974/843/743 972/841/741 813/682/614
f 972/841/741 974/843/743 973/842/742
f 975/844/656 974/843/743 813/682/614
f 799/668/601 975/844/656 813/682/614
f 975/844/656 799/668/601 796/665/598
f 976/845/743 973/842/742 974/843/743
f 974/843/743 975/844/656 976/845/743
f 977/846/744 971/840/740 973/842/742
f 973/842/742 976/845/743 977/846/744
f 971/840/740 977/846/744 978/847/745
f 979/848/746 976/845/743 975/844/656
f 979/848/746 977/846/744 976/845/743
f 980/849/747 978/847/745 977/846/744
f 977/846/744 979/848/746 980/849/747
f 981/850/748 978/847/745 980/849/747
f 982/851/749 981/850/748 980/849/747
f 979/848/746 982/851/749 980/849/747
f 981/850/748 982/851/749 983/852/750
f 975/844/656 984/853/751 979/848/746
f 796/665/598 984/853/751 975/844/656
f 984/853/751 796/665/598 793/662/596
f 982/851/749 979/848/746 985/854/752
f 984/853/751 985/854/752 979/848/746
f 986/855/753 983/852/750 982/851/749
f 985/854/752 986/855/753 982/851/749
f 983/852/750 986/855/753 987/856/754
f 988/857/755 987/856/754 986/855/753
f 793/662/596 989/858/756 984/853/751
f 985/854/752 984/853/751 989/858/756
f 989/858/756 793/662/596 790/659/593
f 986/855/753 985/854/752 990/859/757
f 989/858/756 990/859/757 985/854/752
f 991/860/758 988/857/755 986/855/753
f 990/859/757 991/860/758 986/855/753
f 991/860/758 992/861/759 988/857/755
f 790/659/593 993/862/757 989/858/756
f 993/862/757 990/859/757 989/858/756
f 993/862/757 790/659/593 787/656/591
f 991/860/758 990/859/757 994/863/760
f 993/862/757 994/863/760 990/859/757
f 992/861/759 991/860/758 995/864/761
f 994/863/760 995/864/761 991/860/758
f 787/656/591 996/865/762 993/862/757
f 993/862/757 996/865/762 994/863/760
f 996/865/762 787/656/591 783/652/587
f 995/864/761 994/863/760 997/866/763
f 996/865/762 997/866/763 994/863/760
f 783/652/587 784/653/588 996/865/762
f 998/867/762 995/864/761 997/866/763
f 996/865/762 998/867/762 997/866/763
f 999/868/764 992/861/759 995/864/761
f 995/864/761 998/867/762 999/868/764
f 992/861/759 999/868/764 1000/869/765
f 1001/870/766 999/868/764 998/867/762
f 996/865/762 1001/870/766 998/867/762
f 1002/871/767 1000/869/765 999/868/764
f 999/868/764 1001/870/766 1002/871/767
f 1000/869/765 1002/871/767 1003/872/768
f 996/865/762 1004/873/762 1001/870/766
f 1004/873/762 1002/871/767 1001/870/766
f 1005/874/769 1003/872/768 1002/871/767
f 1002/871/767 1004/873/762 1005/874/769
f 1003/872/768 1005/874/769 1006/875/770
f 1006/875/770 1005/874/769 1007/876/771
f 996/865/762 1008/877/772 1004/873/762
f 1008/877/772 996/865/762 784/653/588
f 1009/878/773 1007/876/771 1005/874/769
f 1007/876/771 1009/878/773 1010/879/774
f 1011/880/762 1005/874/769 1004/873/762
f 1005/874/769 1011/880/762 1009/878/773
f 1012/881/775 1004/873/762 1008/877/772
f 1004/873/762 1012/881/775 1011/880/762
f 784/653/588 1013/882/775 1008/877/772
f 1013/882/775 1012/881/775 1008/877/772
f 780/649/584 1013/882/775 784/653/588
f 780/649/584 776/645/580 1013/882/775
f 776/645/580 1014/883/776 1013/882/775
f 772/641/576 1014/883/776 776/645/580
f 772/641/576 765/634/570 1014/883/776
f 1015/884/777 1013/882/775 1014/883/776
f 1013/882/775 1015/884/777 1012/881/775
f 765/634/570 1016/885/778 1014/883/776
f 1016/885/778 1015/884/777 1014/883/776
f 762/631/568 1016/885/778 765/634/570
f 762/631/568 763/632/569 1016/885/778
f 1017/886/569 1015/884/777 1016/885/778
f 763/632/569 1017/886/569 1016/885/778
f 1018/887/777 1012/881/775 1015/884/777
f 1017/886/569 1019/888/569 1015/884/777
f 1018/887/777 1015/884/777 1019/888/569
f 1012/881/775 1018/887/777 1020/889/779
f 1020/889/779 1011/880/762 1012/881/775
f 1021/890/219 1018/887/777 1019/888/569
f 1011/880/762 1020/889/779 1022/891/780
f 1022/891/780 1009/878/773 1011/880/762
f 1023/892/777 1020/889/779 1018/887/777
f 1018/887/777 1021/890/219 1023/892/777
f 1024/893/779 1022/891/780 1020/889/779
f 1020/889/779 1023/892/777 1024/893/779
f 1009/878/773 1022/891/780 1025/894/781
f 1025/894/781 1010/879/774 1009/878/773
f 1010/879/774 1025/894/781 1026/895/774
f 1027/896/780 1025/894/781 1022/891/780
f 1022/891/780 1024/893/779 1027/896/780
f 1028/897/782 1026/895/774 1025/894/781
f 1025/894/781 1027/896/780 1028/897/782
f 1026/895/774 1028/897/782 1029/898/774
f 1030/899/783 1027/896/780 1024/893/779
f 1031/900/784 1029/898/774 1028/897/782
f 1029/898/774 1031/900/784 1032/901/774
f 1033/902/785 1028/897/782 1027/896/780
f 1028/897/782 1033/902/785 1031/900/784
f 1027/896/780 1030/899/783 1033/902/785
f 1034/903/784 1032/901/774 1031/900/784
f 1032/901/774 1034/903/784 1035/904/774
f 1033/902/785 1036/905/786 1031/900/784
f 1034/903/784 1031/900/784 1036/905/786
f 1037/906/787 1035/904/774 1034/903/784
f 1036/905/786 1037/906/787 1034/903/784
f 1035/904/774 1037/906/787 1038/907/788
f 1033/902/785 1039/908/789 1036/905/786
f 1039/908/789 1033/902/785 1030/899/783
f 1040/909/790 1038/907/788 1037/906/787
f 1038/907/788 1040/909/790 1041/910/791
f 1041/910/791 1040/909/790 1042/911/792
f 1043/912/793 1042/911/792 1040/909/790
f 1037/906/787 1043/912/793 1040/909/790
f 1043/912/793 373/247/214 1042/911/792
f 1043/912/793 1037/906/787 1044/913/794
f 1037/906/787 1036/905/786 1044/913/794
f 373/247/214 1043/912/793 1045/914/795
f 1044/913/794 1045/914/795 1043/912/793
f 372/246/212 373/247/214 1045/914/795
f 1036/905/786 1046/915/796 1044/913/794
f 1045/914/795 1044/913/794 1046/915/796
f 1046/915/796 1036/905/786 1039/908/789
f 372/246/212 1045/914/795 1047/916/797
f 1045/914/795 1046/915/796 1047/916/797
f 1039/908/789 1047/916/797 1046/915/796
f 1047/916/797 374/248/215 372/246/212
f 1047/916/797 1039/908/789 1048/917/798
f 1048/917/798 374/248/215 1047/916/797
f 1030/899/783 1048/917/798 1039/908/789
f 374/248/215 1048/917/798 376/250/217
f 1048/917/798 1030/899/783 1049/918/777
f 1048/917/798 1049/918/777 376/250/217
f 1024/893/779 1049/918/777 1030/899/783
f 378/252/219 376/250/217 1049/918/777
f 1049/918/777 1024/893/779 1023/892/777
f 1023/892/777 378/252/219 1049/918/777
f 378/252/219 1023/892/777 1021/890/219
f 1021/890/219 380/254/221 378/252/219
f 380/254/221 1021/890/219 1050/919/221
f 1050/919/221 383/257/224 380/254/221
f 1019/888/569 1050/919/221 1021/890/219
f 383/257/224 1050/919/221 1051/920/799
f 1051/920/799 385/259/226 383/257/224
f 1050/919/221 1019/888/569 1052/921/221
f 1052/921/221 1051/920/799 1050/919/221
f 385/259/226 1051/920/799 1053/922/226
f 1053/922/226 387/261/228 385/259/226
f 1051/920/799 1052/921/221 1054/923/551
f 1054/923/551 1053/922/226 1051/920/799
f 1019/888/569 1055/924/221 1052/921/221
f 1054/923/551 1052/921/221 1055/924/221
f 1019/888/569 1017/886/569 1055/924/221
f 387/261/228 1053/922/226 1056/925/800
f 387/261/228 1056/925/800 389/263/230
f 392/266/233 389/263/230 1056/925/800
f 1053/922/226 1054/923/551 1057/926/801
f 1057/926/801 1056/925/800 1053/922/226
f 1058/927/800 392/266/233 1056/925/800
f 1056/925/800 1057/926/801 1058/927/800
f 1054/923/551 1059/928/551 1057/926/801
f 1059/928/551 1054/923/551 1055/924/221
f 1060/929/226 1058/927/800 1057/926/801
f 1060/929/226 1057/926/801 1059/928/551
f 392/266/233 1058/927/800 1061/930/516
f 1061/930/516 395/269/236 392/266/233
f 395/269/236 1061/930/516 399/273/240
f 1061/930/516 726/595/534 399/273/240
f 1062/931/802 1061/930/516 1058/927/800
f 726/595/534 1061/930/516 1062/931/802
f 1058/927/800 1060/929/226 1062/931/802
f 726/595/534 1062/931/802 1063/932/803
f 1064/933/804 1060/929/226 1059/928/551
f 1065/934/803 726/595/534 1063/932/803
f 724/593/532 726/595/534 1065/934/803
f 724/593/532 1065/934/803 727/596/535
f 1059/928/551 1066/935/805 1064/933/804
f 1066/935/805 1059/928/551 1055/924/221
f 1067/936/806 1060/929/226 1064/933/804
f 1066/935/805 1055/924/221 1068/937/221
f 1055/924/221 1017/886/569 1068/937/221
f 1066/935/805 1069/938/807 1064/933/804
f 1067/936/806 1064/933/804 1069/938/807
f 1066/935/805 1068/937/221 1070/939/808
f 1060/929/226 1067/936/806 1071/940/801
f 1066/935/805 1070/939/808 1072/941/809
f 1069/938/807 1066/935/805 1072/941/809
f 1073/942/810 1060/929/226 1071/940/801
f 1073/942/810 1062/931/802 1060/929/226
f 1074/943/811 1071/940/801 1067/936/806
f 1069/938/807 1074/943/811 1067/936/806
f 1075/944/812 1073/942/810 1071/940/801
f 1071/940/801 1074/943/811 1075/944/812
f 1073/942/810 1075/944/812 1076/945/813
f 1074/943/811 1077/946/814 1075/944/812
f 1076/945/813 1075/944/812 1077/946/814
f 1074/943/811 1069/938/807 1078/947/815
f 1077/946/814 1074/943/811 1078/947/815
f 1076/945/813 1079/948/816 1073/942/810
f 1062/931/802 1073/942/810 1079/948/816
f 1079/948/816 1076/945/813 1080/949/817
f 1079/948/816 1081/950/818 1062/931/802
f 1080/949/817 1081/950/818 1079/948/816
f 1076/945/813 1082/951/819 1080/949/817
f 1082/951/819 1076/945/813 1077/946/814
f 1081/950/818 1080/949/817 1083/952/820
f 1083/952/820 1080/949/817 1082/951/819
f 1084/953/818 1062/931/802 1081/950/818
f 1083/952/820 1084/953/818 1081/950/818
f 1085/954/821 1062/931/802 1084/953/818
f 1084/953/818 1083/952/820 1086/955/822
f 1086/955/822 1085/954/821 1084/953/818
f 1082/951/819 1086/955/822 1083/952/820
f 1062/931/802 1085/954/821 1063/932/803
f 1086/955/822 1082/951/819 1087/956/823
f 1085/954/821 1086/955/822 1088/957/824
f 1088/957/824 1086/955/822 1087/956/823
f 1063/932/803 1085/954/821 1089/958/821
f 1088/957/824 1089/958/821 1085/954/821
f 1063/932/803 1089/958/821 1090/959/821
f 1089/958/821 1088/957/824 1091/960/825
f 1090/959/821 1089/958/821 1091/960/825
f 1063/932/803 1090/959/821 1092/961/818
f 1092/961/818 1065/934/803 1063/932/803
f 1090/959/821 1091/960/825 1093/962/826
f 1092/961/818 1090/959/821 1093/962/826
f 1088/957/824 1094/963/827 1091/960/825
f 1093/962/826 1091/960/825 1094/963/827
f 1094/963/827 1088/957/824 1087/956/823
f 1092/961/818 1093/962/826 1095/964/828
f 1096/965/829 1093/962/826 1094/963/827
f 1093/962/826 1096/965/829 1095/964/828
f 1097/966/818 1092/961/818 1095/964/828
f 1065/934/803 1092/961/818 1097/966/818
f 1097/966/818 1095/964/828 1098/967/830
f 1098/967/830 1095/964/828 1096/965/829
f 1097/966/818 1099/968/816 1065/934/803
f 1099/968/816 1097/966/818 1098/967/830
f 1099/968/816 1100/969/226 1065/934/803
f 1099/968/816 1098/967/830 1101/970/831
f 1100/969/226 1099/968/816 1101/970/831
f 1102/971/832 1098/967/830 1096/965/829
f 1098/967/830 1102/971/832 1101/970/831
f 1103/972/833 1100/969/226 1101/970/831
f 1103/972/833 1101/970/831 1102/971/832
f 1104/973/806 1065/934/803 1100/969/226
f 727/596/535 1065/934/803 1104/973/806
f 727/596/535 1104/973/806 743/612/551
f 1105/974/834 1100/969/226 1103/972/833
f 1105/974/834 1104/973/806 1100/969/226
f 1103/972/833 1106/975/835 1105/974/834
f 1106/975/835 1103/972/833 1102/971/832
f 1105/974/834 1107/976/806 1104/973/806
f 1107/976/806 1105/974/834 1106/975/835
f 1108/977/836 743/612/551 1104/973/806
f 743/612/551 1108/977/836 748/617/556
f 1104/973/806 1107/976/806 1109/978/837
f 1109/978/837 1108/977/836 1104/973/806
f 1107/976/806 1110/979/838 1109/978/837
f 1108/977/836 1109/978/837 1111/980/836
f 1111/980/836 1109/978/837 1110/979/838
f 1112/981/556 748/617/556 1108/977/836
f 1108/977/836 1111/980/836 1112/981/556
f 1110/979/838 1107/976/806 1113/982/839
f 1106/975/835 1113/982/839 1107/976/806
f 1114/983/840 1111/980/836 1110/979/838
f 1114/983/840 1110/979/838 1113/982/839
f 1111/980/836 1114/983/840 1112/981/556
f 1106/975/835 1115/984/841 1113/982/839
f 1115/984/841 1106/975/835 1102/971/832
f 1113/982/839 1116/985/842 1114/983/840
f 1117/986/843 1113/982/839 1115/984/841
f 1113/982/839 1117/986/843 1116/985/842
f 1118/987/805 1112/981/556 1114/983/840
f 1118/987/805 1114/983/840 1116/985/842
f 748/617/556 1112/981/556 1119/988/808
f 1119/988/808 1112/981/556 1118/987/805
f 744/613/552 748/617/556 1119/988/808
f 744/613/552 1119/988/808 752/621/560
f 1116/985/842 1120/989/844 1118/987/805
f 1119/988/808 1118/987/805 1121/990/808
f 1121/990/808 1118/987/805 1120/989/844
f 1122/991/845 752/621/560 1119/988/808
f 759/628/566 752/621/560 1122/991/845
f 1123/992/846 1119/988/808 1121/990/808
f 1122/991/845 1119/988/808 1123/992/846
f 759/628/566 1122/991/845 763/632/569
f 1123/992/846 1121/990/808 1124/993/847
f 1121/990/808 1120/989/844 1124/993/847
f 1123/992/846 1124/993/847 1125/994/848
f 1120/989/844 1126/995/849 1124/993/847
f 1124/993/847 1126/995/849 1125/994/848
f 1127/996/846 1123/992/846 1125/994/848
f 1122/991/845 1123/992/846 1127/996/846
f 1128/997/850 1127/996/846 1125/994/848
f 1126/995/849 1128/997/850 1125/994/848
f 1129/998/851 1122/991/845 1127/996/846
f 1129/998/851 1127/996/846 1128/997/850
f 1120/989/844 1130/999/852 1126/995/849
f 1130/999/852 1120/989/844 1116/985/842
f 1116/985/842 1117/986/843 1130/999/852
f 1131/1000/853 1129/998/851 1128/997/850
f 1132/1001/854 1130/999/852 1117/986/843
f 1129/998/851 1131/1000/853 1133/1002/221
f 1129/998/851 1133/1002/221 1122/991/845
f 1128/997/850 1134/1003/855 1131/1000/853
f 1128/997/850 1126/995/849 1134/1003/855
f 1135/1004/856 1133/1002/221 1131/1000/853
f 1134/1003/855 1135/1004/856 1131/1000/853
f 1133/1002/221 1136/1005/221 1122/991/845
f 1133/1002/221 1135/1004/856 1136/1005/221
f 1134/1003/855 1126/995/849 1137/1006/857
f 1130/999/852 1137/1006/857 1126/995/849
f 1135/1004/856 1134/1003/855 1138/1007/858
f 1137/1006/857 1130/999/852 1139/1008/859
f 1130/999/852 1132/1001/854 1139/1008/859
f 1140/1009/860 1134/1003/855 1137/1006/857
f 1138/1007/858 1134/1003/855 1140/1009/860
f 1137/1006/857 1139/1008/859 1141/1010/861
f 1140/1009/860 1137/1006/857 1141/1010/861
f 1139/1008/859 1132/1001/854 1141/1010/861
f 1140/1009/860 1142/1011/862 1138/1007/858
f 1142/1011/862 1140/1009/860 1141/1010/861
f 1135/1004/856 1138/1007/858 1143/1012/863
f 1143/1012/863 1136/1005/221 1135/1004/856
f 1142/1011/862 1144/1013/864 1138/1007/858
f 1136/1005/221 1143/1012/863 1145/1014/221
f 1138/1007/858 1146/1015/865 1143/1012/863
f 1146/1015/865 1145/1014/221 1143/1012/863
f 1146/1015/865 1138/1007/858 1144/1013/864
f 1147/1016/845 1136/1005/221 1145/1014/221
f 1136/1005/221 1147/1016/845 1122/991/845
f 1147/1016/845 763/632/569 1122/991/845
f 1145/1014/221 1146/1015/865 1148/1017/221
f 1145/1014/221 1148/1017/221 1147/1016/845
f 1149/1018/866 1148/1017/221 1146/1015/865
f 1146/1015/865 1144/1013/864 1149/1018/866
f 1150/1019/221 1147/1016/845 1148/1017/221
f 1148/1017/221 1149/1018/866 1150/1019/221
f 1151/1020/845 763/632/569 1147/1016/845
f 1150/1019/221 1151/1020/845 1147/1016/845
f 763/632/569 1151/1020/845 1017/886/569
f 1151/1020/845 1068/937/221 1017/886/569
f 1152/1021/867 1150/1019/221 1149/1018/866
f 1151/1020/845 1153/1022/846 1068/937/221
f 1068/937/221 1153/1022/846 1070/939/808
f 1150/1019/221 1154/1023/221 1151/1020/845
f 1150/1019/221 1152/1021/867 1154/1023/221
f 1070/939/808 1153/1022/846 1155/1024/868
f 1155/1024/868 1072/941/809 1070/939/808
f 1153/1022/846 1151/1020/845 1156/1025/846
f 1157/1026/869 1155/1024/868 1153/1022/846
f 1156/1025/846 1157/1026/869 1153/1022/846
f 1155/1024/868 1158/1027/870 1072/941/809
f 1158/1027/870 1155/1024/868 1157/1026/869
f 1159/1028/221 1156/1025/846 1151/1020/845
f 1159/1028/221 1151/1020/845 1154/1023/221
f 1160/1029/871 1157/1026/869 1156/1025/846
f 1159/1028/221 1160/1029/871 1156/1025/846
f 1154/1023/221 1161/1030/872 1159/1028/221
f 1161/1030/872 1160/1029/871 1159/1028/221
f 1161/1030/872 1154/1023/221 1152/1021/867
f 1160/1029/871 1162/1031/873 1157/1026/869
f 1162/1031/873 1160/1029/871 1161/1030/872
f 1157/1026/869 1162/1031/873 1158/1027/870
f 1152/1021/867 1163/1032/874 1161/1030/872
f 1161/1030/872 1163/1032/874 1162/1031/873
f 1163/1032/874 1152/1021/867 1149/1018/866
f 1149/1018/866 1144/1013/864 1163/1032/874
f 1163/1032/874 1164/1033/875 1162/1031/873
f 1144/1013/864 1165/1034/876 1163/1032/874
f 1164/1033/875 1163/1032/874 1165/1034/876
f 1165/1034/876 1144/1013/864 1166/1035/877
f 1142/1011/862 1166/1035/877 1144/1013/864
f 1141/1010/861 1166/1035/877 1142/1011/862
f 1167/1036/878 1162/1031/873 1164/1033/875
f 1162/1031/873 1167/1036/878 1158/1027/870
f 1164/1033/875 1165/1034/876 1168/1037/879
f 1165/1034/876 1166/1035/877 1168/1037/879
f 1167/1036/878 1164/1033/875 1168/1037/879
f 1141/1010/861 1168/1037/879 1166/1035/877
f 1169/1038/880 1158/1027/870 1167/1036/878
f 1169/1038/880 1167/1036/878 1168/1037/879
f 1158/1027/870 1169/1038/880 1170/1039/881
f 1072/941/809 1158/1027/870 1170/1039/881
f 1069/938/807 1072/941/809 1170/1039/881
f 1069/938/807 1170/1039/881 1078/947/815
f 1171/1040/882 1170/1039/881 1169/1038/880
f 1170/1039/881 1171/1040/882 1078/947/815
f 1169/1038/880 1168/1037/879 1171/1040/882
f 1172/1041/883 1078/947/815 1171/1040/882
f 1171/1040/882 1168/1037/879 1172/1041/883
f 1078/947/815 1172/1041/883 1077/946/814
f 1173/1042/884 1077/946/814 1172/1041/883
f 1172/1041/883 1168/1037/879 1173/1042/884
f 1077/946/814 1173/1042/884 1082/951/819
f 1173/1042/884 1168/1037/879 1174/1043/885
f 1082/951/819 1173/1042/884 1174/1043/885
f 1174/1043/885 1168/1037/879 1141/1010/861
f 1087/956/823 1082/951/819 1174/1043/885
f 1087/956/823 1174/1043/885 1175/1044/654
f 1174/1043/885 1141/1010/861 1175/1044/654
f 1094/963/827 1087/956/823 1175/1044/654
f 1094/963/827 1175/1044/654 1176/1045/886
f 1175/1044/654 1141/1010/861 1176/1045/886
f 1096/965/829 1094/963/827 1176/1045/886
f 1176/1045/886 1102/971/832 1096/965/829
f 1102/971/832 1176/1045/886 1177/1046/887
f 1176/1045/886 1141/1010/861 1177/1046/887
f 1177/1046/887 1115/984/841 1102/971/832
f 1177/1046/887 1141/1010/861 1178/1047/888
f 1115/984/841 1177/1046/887 1178/1047/888
f 1178/1047/888 1141/1010/861 1132/1001/854
f 1178/1047/888 1117/986/843 1115/984/841
f 1117/986/843 1178/1047/888 1132/1001/854
f 1179/1048/889 1180/1049/890 1181/1050/891
f 1180/1049/890 1179/1048/889 1182/1051/892
f 1182/1051/892 1179/1048/889 1183/1052/893
f 1182/1051/892 1184/1053/894 1180/1049/890
f 1182/1051/892 1183/1052/893 1185/1054/892
f 1186/1055/895 1185/1054/892 1183/1052/893
f 1184/1053/894 1182/1051/892 1187/1056/896
f 1187/1056/896 1182/1051/892 1185/1054/892
f 1187/1056/896 1188/1057/897 1184/1053/894
f 1189/1058/898 1184/1053/894 1188/1057/897
f 1190/1059/899 1187/1056/896 1185/1054/892
f 1188/1057/897 1187/1056/896 1190/1059/899
f 1191/1060/900 1189/1058/898 1188/1057/897
f 1189/1058/898 1191/1060/900 1192/1061/901
f 1190/1059/899 1193/1062/900 1188/1057/897
f 1188/1057/897 1193/1062/900 1191/1060/900
f 1191/1060/900 1194/1063/902 1192/1061/901
f 1192/1061/901 1194/1063/902 1195/1064/903
f 1193/1062/900 1196/1065/904 1191/1060/900
f 1191/1060/900 1196/1065/904 1194/1063/902
f 1194/1063/902 1197/1066/905 1195/1064/903
f 1197/1066/905 1198/1067/906 1195/1064/903
f 1199/1068/907 1194/1063/902 1196/1065/904
f 1194/1063/902 1199/1068/907 1197/1066/905
f 1197/1066/905 1200/1069/908 1198/1067/906
f 1198/1067/906 1200/1069/908 1201/1070/909
f 1202/1071/908 1197/1066/905 1199/1068/907
f 1197/1066/905 1202/1071/908 1200/1069/908
f 1200/1069/908 1203/1072/910 1201/1070/909
f 1201/1070/909 1203/1072/910 1204/1073/911
f 1205/1074/912 1200/1069/908 1202/1071/908
f 1200/1069/908 1205/1074/912 1203/1072/910
f 1203/1072/910 1206/1075/913 1204/1073/911
f 1204/1073/911 1206/1075/913 1207/1076/914
f 1206/1075/913 1208/1077/915 1207/1076/914
f 1209/1078/913 1203/1072/910 1205/1074/912
f 1203/1072/910 1209/1078/913 1206/1075/913
f 1208/1077/915 1206/1075/913 1210/1079/916
f 1210/1079/916 1211/1080/917 1208/1077/915
f 1206/1075/913 1209/1078/913 1212/1081/916
f 1212/1081/916 1210/1079/916 1206/1075/913
f 1211/1080/917 1210/1079/916 1213/1082/918
f 1212/1081/916 1213/1082/918 1210/1079/916
f 1213/1082/918 1214/1083/919 1211/1080/917
f 1215/1084/920 1212/1081/916 1209/1078/913
f 1209/1078/913 1205/1074/912 1215/1084/920
f 1214/1083/919 1213/1082/918 1216/1085/921
f 1216/1085/921 1217/1086/922 1214/1083/919
f 1213/1082/918 1212/1081/916 1218/1087/923
f 1218/1087/923 1216/1085/921 1213/1082/918
f 1212/1081/916 1215/1084/920 1219/1088/924
f 1219/1088/924 1218/1087/923 1212/1081/916
f 1220/1089/925 1215/1084/920 1205/1074/912
f 1202/1071/908 1220/1089/925 1205/1074/912
f 1221/1090/920 1219/1088/924 1215/1084/920
f 1220/1089/925 1221/1090/920 1215/1084/920
f 1202/1071/908 1222/1091/926 1220/1089/925
f 1199/1068/907 1222/1091/926 1202/1071/908
f 1223/1092/927 1221/1090/920 1220/1089/925
f 1222/1091/926 1223/1092/927 1220/1089/925
f 1199/1068/907 1224/1093/928 1222/1091/926
f 1199/1068/907 1196/1065/904 1224/1093/928
f 1225/1094/929 1223/1092/927 1222/1091/926
f 1224/1093/928 1225/1094/929 1222/1091/926
f 1226/1095/35 1224/1093/928 1196/1065/904
f 1226/1095/35 1196/1065/904 1193/1062/900
f 1227/1096/930 1225/1094/929 1224/1093/928
f 1226/1095/35 1227/1096/930 1224/1093/928
f 1228/1097/214 1226/1095/35 1193/1062/900
f 1228/1097/214 1193/1062/900 1190/1059/899
f 1229/1098/931 1227/1096/930 1226/1095/35
f 1228/1097/214 1229/1098/931 1226/1095/35
f 1230/1099/932 1228/1097/214 1190/1059/899
f 1190/1059/899 1185/1054/892 1230/1099/932
f 1228/1097/214 1231/1100/931 1229/1098/931
f 1232/1101/933 1230/1099/932 1185/1054/892
f 1186/1055/895 1232/1101/933 1185/1054/892
f 1230/1099/932 1233/1102/934 1228/1097/214
f 1233/1102/934 1231/1100/931 1228/1097/214
f 1186/1055/895 1234/1103/935 1232/1101/933
f 1186/1055/895 1235/1104/936 1234/1103/935
f 1235/1104/936 1236/1105/937 1234/1103/935
f 1236/1105/937 1237/1106/933 1234/1103/935
f 1234/1103/935 1237/1106/933 1232/1101/933
f 1237/1106/933 1236/1105/937 1238/1107/938
f 1238/1107/938 1239/1108/933 1237/1106/933
f 1239/1108/933 1232/1101/933 1237/1106/933
f 1239/1108/933 1238/1107/938 1240/1109/939
f 1240/1109/939 1241/1110/939 1239/1108/933
f 1242/1111/940 1232/1101/933 1239/1108/933
f 1239/1108/933 1241/1110/939 1242/1111/940
f 1230/1099/932 1232/1101/933 1242/1111/940
f 1242/1111/940 1233/1102/934 1230/1099/932
f 1241/1110/939 1243/1112/941 1242/1111/940
f 1243/1112/941 1233/1102/934 1242/1111/940
f 1243/1112/941 1244/1113/942 1233/1102/934
f 1244/1113/942 1245/1114/943 1233/1102/934
f 1231/1100/931 1233/1102/934 1245/1114/943
f 1244/1113/942 1246/1115/944 1245/1114/943
f 1245/1114/943 1246/1115/944 1247/1116/945
f 1247/1116/945 1231/1100/931 1245/1114/943
f 1248/1117/946 1247/1116/945 1246/1115/944
f 1231/1100/931 1247/1116/945 1249/1091/947
f 1247/1116/945 1248/1117/946 1250/1118/948
f 1249/1091/947 1247/1116/945 1250/1118/948
f 1251/1119/949 1250/1118/948 1248/1117/946
f 1252/1120/950 1231/1100/931 1249/1091/947
f 1229/1098/931 1231/1100/931 1252/1120/950
f 1252/1120/950 1227/1096/930 1229/1098/931
f 1249/1091/947 1250/1118/948 1253/1121/948
f 1249/1091/947 1253/1121/948 1252/1120/950
f 1252/1120/950 1254/1121/951 1227/1096/930
f 1254/1121/951 1252/1120/950 1253/1121/948
f 1227/1096/930 1254/1121/951 1225/1094/929
f 1255/1122/952 1253/1121/948 1250/1118/948
f 1250/1118/948 1251/1119/949 1255/1122/952
f 1253/1121/948 1255/1122/952 1256/1117/952
f 1256/1117/952 1254/1121/951 1253/1121/948
f 1251/1119/949 1257/1123/953 1255/1122/952
f 1256/1117/952 1255/1122/952 1257/1123/953
f 1257/1123/953 1251/1119/949 1258/1124/954
f 1259/1118/955 1254/1121/951 1256/1117/952
f 1258/1124/954 1260/1125/956 1257/1123/953
f 1260/1125/956 1258/1124/954 1261/1126/957
f 1256/1117/952 1257/1123/953 1262/1127/953
f 1262/1127/953 1259/1118/955 1256/1117/952
f 1257/1123/953 1260/1125/956 1263/1128/958
f 1257/1123/953 1263/1128/958 1262/1127/953
f 1261/1126/957 1264/1129/959 1260/1125/956
f 1264/1129/959 1261/1126/957 1265/1130/960
f 1260/1125/956 1266/1131/961 1263/1128/958
f 1266/1131/961 1260/1125/956 1264/1129/959
f 1263/1128/958 1267/1132/962 1262/1127/953
f 1267/1132/962 1259/1118/955 1262/1127/953
f 1266/1131/961 1268/1133/963 1263/1128/958
f 1268/1133/963 1267/1132/962 1263/1128/958
f 1269/1117/964 1254/1121/951 1259/1118/955
f 1269/1117/964 1259/1118/955 1267/1132/962
f 1254/1121/951 1269/1117/964 1225/1094/929
f 1225/1094/929 1269/1117/964 1223/1092/927
f 1270/1134/965 1269/1117/964 1267/1132/962
f 1269/1117/964 1270/1134/965 1223/1092/927
f 1268/1133/963 1270/1134/965 1267/1132/962
f 1223/1092/927 1270/1134/965 1221/1090/920
f 1270/1134/965 1271/1135/924 1221/1090/920
f 1219/1088/924 1221/1090/920 1271/1135/924
f 1268/1133/963 1272/1136/966 1270/1134/965
f 1271/1135/924 1270/1134/965 1272/1136/966
f 1271/1135/924 1273/1137/967 1219/1088/924
f 1218/1087/923 1219/1088/924 1273/1137/967
f 1272/1136/966 1274/1138/968 1271/1135/924
f 1273/1137/967 1271/1135/924 1274/1138/968
f 1275/1131/969 1272/1136/966 1268/1133/963
f 1275/1131/969 1268/1133/963 1266/1131/961
f 1273/1137/967 1276/1139/970 1218/1087/923
f 1216/1085/921 1218/1087/923 1276/1139/970
f 1276/1139/970 1273/1137/967 1277/1140/971
f 1274/1138/968 1277/1140/971 1273/1137/967
f 1276/1139/970 1278/1141/972 1216/1085/921
f 1277/1140/971 1278/1141/972 1276/1139/970
f 1274/1138/968 1272/1136/966 1279/1142/969
f 1272/1136/966 1275/1131/969 1279/1142/969
f 1277/1140/971 1274/1138/968 1280/1143/971
f 1279/1142/969 1280/1143/971 1274/1138/968
f 1281/1144/973 1279/1142/969 1275/1131/969
f 1266/1131/961 1281/1144/973 1275/1131/969
f 1280/1143/971 1279/1142/969 1282/1144/973
f 1279/1142/969 1281/1144/973 1282/1144/973
f 1280/1143/971 1283/1145/974 1277/1140/971
f 1278/1141/972 1277/1140/971 1283/1145/974
f 1281/1144/973 1266/1131/961 1284/1146/975
f 1264/1129/959 1284/1146/975 1266/1131/961
f 1284/1146/975 1285/1147/976 1281/1144/973
f 1281/1144/973 1285/1147/976 1282/1144/973
f 1264/1129/959 1286/1148/975 1284/1146/975
f 1265/1130/960 1286/1148/975 1264/1129/959
f 1286/1148/975 1265/1130/960 1287/1149/977
f 1286/1148/975 1288/1147/978 1284/1146/975
f 1285/1147/976 1284/1146/975 1288/1147/978
f 1287/1149/977 1289/1150/979 1286/1148/975
f 1286/1148/975 1289/1150/979 1288/1147/978
f 1289/1150/979 1287/1149/977 1290/1150/980
f 1291/1151/981 1289/1150/979 1290/1150/980
f 1289/1150/979 1291/1151/981 1292/1152/982
f 1289/1150/979 1292/1152/982 1288/1147/978
f 1293/1153/983 1292/1152/982 1291/1151/981
f 1292/1152/982 1294/1154/982 1288/1147/978
f 1294/1154/982 1285/1147/976 1288/1147/978
f 1292/1152/982 1293/1153/983 1295/1155/984
f 1295/1155/984 1294/1154/982 1292/1152/982
f 1296/1156/985 1295/1155/984 1293/1153/983
f 1285/1147/976 1294/1154/982 1297/1157/986
f 1295/1155/984 1296/1156/985 1298/1158/987
f 1285/1147/976 1297/1157/986 1299/1159/988
f 1299/1159/988 1282/1144/973 1285/1147/976
f 1294/1154/982 1295/1155/984 1300/1160/989
f 1295/1155/984 1298/1158/987 1300/1160/989
f 1301/1145/974 1282/1144/973 1299/1159/988
f 1282/1144/973 1301/1145/974 1280/1143/971
f 1283/1145/974 1280/1143/971 1301/1145/974
f 1299/1159/988 1302/1161/990 1301/1145/974
f 1297/1157/986 1302/1161/990 1299/1159/988
f 1303/1162/991 1283/1145/974 1301/1145/974
f 1303/1162/991 1301/1145/974 1302/1161/990
f 1294/1154/982 1304/1160/992 1297/1157/986
f 1297/1157/986 1304/1160/992 1302/1161/990
f 1304/1160/992 1294/1154/982 1300/1160/989
f 1302/1161/990 1305/1163/992 1303/1162/991
f 1304/1160/992 1305/1163/992 1302/1161/990
f 1283/1145/974 1303/1162/991 1306/1164/991
f 1306/1164/991 1278/1141/972 1283/1145/974
f 1307/1165/993 1303/1162/991 1305/1163/992
f 1307/1165/993 1306/1164/991 1303/1162/991
f 1304/1160/992 1308/1166/994 1305/1163/992
f 1305/1163/992 1308/1166/994 1307/1165/993
f 1300/1160/989 1309/1167/995 1304/1160/992
f 1304/1160/992 1309/1167/995 1308/1166/994
f 1309/1167/995 1300/1160/989 1310/1167/987
f 1298/1158/987 1310/1167/987 1300/1160/989
f 1309/1167/995 1311/1168/996 1308/1166/994
f 1312/1169/997 1310/1167/987 1298/1158/987
f 1296/1156/985 1312/1169/997 1298/1158/987
f 1312/1169/997 1296/1156/985 1313/1169/998
f 1313/1169/998 1314/1170/999 1312/1169/997
f 1310/1167/987 1315/1168/1000 1309/1167/995
f 1311/1168/996 1309/1167/995 1315/1168/1000
f 1310/1167/987 1312/1169/997 1316/1168/1001
f 1315/1168/1000 1310/1167/987 1316/1168/1001
f 1312/1169/997 1314/1170/999 1317/1170/1002
f 1316/1168/1001 1312/1169/997 1317/1170/1002
f 1314/1170/999 1318/1171/1003 1317/1170/1002
f 1318/1171/1003 1314/1170/999 1319/1172/1004
f 1317/1170/1002 1320/1173/1005 1316/1168/1001
f 1318/1171/1003 1320/1173/1005 1317/1170/1002
f 1316/1168/1001 1321/1174/1006 1315/1168/1000
f 1321/1174/1006 1316/1168/1001 1320/1173/1005
f 1315/1168/1000 1321/1174/1006 1322/1175/1007
f 1322/1175/1007 1311/1168/996 1315/1168/1000
f 1320/1173/1005 1323/1176/1008 1321/1174/1006
f 1322/1175/1007 1321/1174/1006 1323/1176/1008
f 1320/1173/1005 1318/1171/1003 1324/1177/1009
f 1320/1173/1005 1324/1177/1009 1323/1176/1008
f 1319/1172/1004 1325/1178/1010 1318/1171/1003
f 1325/1178/1010 1324/1177/1009 1318/1171/1003
f 1325/1178/1010 1319/1172/1004 1326/1179/1011
f 1327/1180/1012 1323/1176/1008 1324/1177/1009
f 1326/1179/1011 1328/1181/1013 1325/1178/1010
f 1328/1181/1013 1326/1179/1011 1329/1182/1014
f 1325/1178/1010 1330/1183/1015 1324/1177/1009
f 1324/1177/1009 1330/1183/1015 1327/1180/1012
f 1328/1181/1013 1331/1184/1016 1325/1178/1010
f 1330/1183/1015 1325/1178/1010 1331/1184/1016
f 1329/1182/1014 1332/1185/1017 1328/1181/1013
f 1332/1185/1017 1331/1184/1016 1328/1181/1013
f 1332/1185/1017 1329/1182/1014 1333/1186/1018
f 1323/1176/1008 1334/1187/1019 1322/1175/1007
f 1327/1180/1012 1334/1187/1019 1323/1176/1008
f 1334/1187/1019 1311/1168/996 1322/1175/1007
f 1333/1186/1018 1335/1188/1020 1332/1185/1017
f 1335/1188/1020 1333/1186/1018 1336/1189/1021
f 1311/1168/996 1334/1187/1019 1337/1190/1022
f 1336/1189/1021 1338/1191/1023 1335/1188/1020
f 1338/1191/1023 1336/1189/1021 1339/1192/1024
f 1337/1190/1022 1340/1193/1025 1311/1168/996
f 1308/1166/994 1311/1168/996 1340/1193/1025
f 1340/1193/1025 1307/1165/993 1308/1166/994
f 1340/1193/1025 1341/1194/993 1307/1165/993
f 1306/1164/991 1307/1165/993 1341/1194/993
f 1337/1190/1022 1342/1195/1025 1340/1193/1025
f 1341/1194/993 1340/1193/1025 1342/1195/1025
f 1341/1194/993 1343/1196/1026 1306/1164/991
f 1278/1141/972 1306/1164/991 1343/1196/1026
f 1343/1196/1026 1341/1194/993 1344/1197/1027
f 1341/1194/993 1342/1195/1025 1344/1197/1027
f 1278/1141/972 1343/1196/1026 1345/1198/1028
f 1345/1198/1028 1343/1196/1026 1344/1197/1027
f 1345/1198/1028 1216/1085/921 1278/1141/972
f 1217/1086/922 1216/1085/921 1345/1198/1028
f 1345/1198/1028 1346/1199/1029 1217/1086/922
f 1347/1200/1030 1344/1197/1027 1342/1195/1025
f 1344/1197/1027 1347/1200/1030 1345/1198/1028
f 1346/1199/1029 1345/1198/1028 1348/1199/1031
f 1348/1199/1031 1345/1198/1028 1347/1200/1030
f 1348/1199/1031 1349/1201/1032 1346/1199/1029
f 1350/1202/1033 1347/1200/1030 1342/1195/1025
f 1342/1195/1025 1337/1190/1022 1350/1202/1033
f 1334/1187/1019 1350/1202/1033 1337/1190/1022
f 1347/1200/1030 1350/1202/1033 1351/1203/1031
f 1351/1203/1031 1348/1199/1031 1347/1200/1030
f 1350/1202/1033 1334/1187/1019 1352/1204/1034
f 1352/1204/1034 1351/1203/1031 1350/1202/1033
f 1327/1180/1012 1352/1204/1034 1334/1187/1019
f 1353/1205/1035 1348/1199/1031 1351/1203/1031
f 1351/1203/1031 1352/1204/1034 1353/1205/1035
f 1349/1201/1032 1348/1199/1031 1354/1201/1036
f 1348/1199/1031 1353/1205/1035 1354/1201/1036
f 1355/1206/1037 1349/1201/1032 1354/1201/1036
f 1354/1201/1036 1356/1206/1038 1355/1206/1037
f 1353/1205/1035 1356/1206/1038 1354/1201/1036
f 1356/1206/1038 1357/1207/1039 1355/1206/1037
f 1352/1204/1034 1358/1208/1038 1353/1205/1035
f 1356/1206/1038 1353/1205/1035 1358/1208/1038
f 1327/1180/1012 1359/1209/1040 1352/1204/1034
f 1358/1208/1038 1352/1204/1034 1359/1209/1040
f 1359/1209/1040 1327/1180/1012 1330/1183/1015
f 1357/1207/1039 1356/1206/1038 1360/1210/1041
f 1360/1210/1041 1356/1206/1038 1358/1208/1038
f 1360/1210/1041 1361/1211/1042 1357/1207/1039
f 1359/1209/1040 1362/1212/1041 1358/1208/1038
f 1358/1208/1038 1362/1212/1041 1360/1210/1041
f 1362/1212/1041 1359/1209/1040 1330/1183/1015
f 1361/1211/1042 1360/1210/1041 1363/1213/1043
f 1363/1213/1043 1360/1210/1041 1362/1212/1041
f 1363/1213/1043 1364/1214/1044 1361/1211/1042
f 1330/1183/1015 1365/1215/1043 1362/1212/1041
f 1363/1213/1043 1362/1212/1041 1365/1215/1043
f 1365/1215/1043 1330/1183/1015 1331/1184/1016
f 1364/1214/1044 1363/1213/1043 1366/1216/1045
f 1365/1215/1043 1366/1216/1045 1363/1213/1043
f 1366/1216/1045 1367/1217/1046 1364/1214/1044
f 1331/1184/1016 1368/1218/1047 1365/1215/1043
f 1366/1216/1045 1365/1215/1043 1368/1218/1047
f 1367/1217/1046 1366/1216/1045 1369/1219/1048
f 1369/1219/1048 1366/1216/1045 1368/1218/1047
f 1369/1219/1048 1370/1220/1049 1367/1217/1046
f 1368/1218/1047 1331/1184/1016 1371/1221/1017
f 1331/1184/1016 1332/1185/1017 1371/1221/1017
f 1368/1218/1047 1372/1222/1048 1369/1219/1048
f 1371/1221/1017 1372/1222/1048 1368/1218/1047
f 1370/1220/1049 1369/1219/1048 1373/1223/1050
f 1373/1223/1050 1369/1219/1048 1372/1222/1048
f 1373/1223/1050 1374/1224/1051 1370/1220/1049
f 1375/1225/1052 1371/1221/1017 1332/1185/1017
f 1372/1222/1048 1371/1221/1017 1375/1225/1052
f 1335/1188/1020 1375/1225/1052 1332/1185/1017
f 1372/1222/1048 1376/1226/1053 1373/1223/1050
f 1375/1225/1052 1376/1226/1053 1372/1222/1048
f 1374/1224/1051 1373/1223/1050 1377/1227/1054
f 1377/1227/1054 1373/1223/1050 1376/1226/1053
f 1377/1227/1054 1378/1228/1055 1374/1224/1051
f 1375/1225/1052 1335/1188/1020 1379/1229/1056
f 1376/1226/1053 1375/1225/1052 1379/1229/1056
f 1338/1191/1023 1379/1229/1056 1335/1188/1020
f 1376/1226/1053 1380/1230/1057 1377/1227/1054
f 1379/1229/1056 1380/1230/1057 1376/1226/1053
f 1378/1228/1055 1377/1227/1054 1381/1231/1058
f 1381/1231/1058 1377/1227/1054 1380/1230/1057
f 1379/1229/1056 1338/1191/1023 1382/1232/1059
f 1380/1230/1057 1379/1229/1056 1382/1232/1059
f 1381/1231/1058 1383/1233/1060 1378/1228/1055
f 1384/1234/1061 1378/1228/1055 1383/1233/1060
f 1380/1230/1057 1385/1235/1062 1381/1231/1058
f 1382/1232/1059 1385/1235/1062 1380/1230/1057
f 1381/1231/1058 1385/1235/1062 1383/1233/1060
f 1386/1236/1059 1382/1232/1059 1338/1191/1023
f 1339/1192/1024 1386/1236/1059 1338/1191/1023
f 1386/1236/1059 1339/1192/1024 1387/1237/1063
f 1388/1238/1064 1386/1236/1059 1387/1237/1063
f 1382/1232/1059 1386/1236/1059 1389/1239/1065
f 1385/1235/1062 1382/1232/1059 1389/1239/1065
f 1386/1236/1059 1388/1238/1064 1390/1240/1066
f 1390/1240/1066 1389/1239/1065 1386/1236/1059
f 1388/1238/1064 1391/1241/1067 1390/1240/1066
f 1391/1241/1067 1388/1238/1064 1392/1242/1068
f 1390/1240/1066 1393/1243/1067 1389/1239/1065
f 1393/1243/1067 1390/1240/1066 1391/1241/1067
f 1389/1239/1065 1393/1243/1067 1385/1235/1062
f 1392/1242/1068 1394/1244/1069 1391/1241/1067
f 1393/1243/1067 1391/1241/1067 1394/1244/1069
f 1394/1244/1069 1392/1242/1068 1395/1245/1070
f 1396/1246/1071 1385/1235/1062 1393/1243/1067
f 1385/1235/1062 1396/1246/1071 1383/1233/1060
f 1395/1245/1070 1397/1247/1072 1394/1244/1069
f 1397/1247/1072 1395/1245/1070 1398/1248/1073
f 1393/1243/1067 1399/1249/1074 1396/1246/1071
f 1396/1246/1071 1399/1249/1074 1383/1233/1060
f 1393/1243/1067 1394/1244/1069 1400/1250/1075
f 1399/1249/1074 1393/1243/1067 1400/1250/1075
f 1394/1244/1069 1397/1247/1072 1400/1250/1075
f 1398/1248/1073 1401/1251/1076 1397/1247/1072
f 1401/1251/1076 1400/1250/1075 1397/1247/1072
f 1401/1251/1076 1398/1248/1073 1402/1252/1077
f 1403/1253/1075 1402/1252/1077 1404/1254/1078
f 1402/1252/1077 1403/1253/1075 1401/1251/1076
f 1401/1251/1076 1403/1253/1075 1405/1255/1079
f 1406/1256/1080 1401/1251/1076 1405/1255/1079
f 1400/1250/1075 1401/1251/1076 1406/1256/1080
f 1405/1255/1079 1407/1257/1081 1406/1256/1080
f 1400/1250/1075 1408/1258/1082 1399/1249/1074
f 1408/1258/1082 1400/1250/1075 1406/1256/1080
f 1383/1233/1060 1399/1249/1074 1408/1258/1082
f 1406/1256/1080 1407/1257/1081 1409/1259/1083
f 1406/1256/1080 1409/1259/1083 1408/1258/1082
f 1407/1257/1081 1410/1260/1081 1409/1259/1083
f 1411/1261/1084 1383/1233/1060 1408/1258/1082
f 1411/1261/1084 1408/1258/1082 1409/1259/1083
f 1383/1233/1060 1411/1261/1084 1412/1262/1085
f 1383/1233/1060 1412/1262/1085 1384/1234/1061
f 1413/1263/1086 1384/1234/1061 1412/1262/1085
f 1412/1262/1085 1414/1264/1087 1413/1263/1086
f 1414/1264/1087 1412/1262/1085 1415/1265/1085
f 1415/1265/1085 1416/1266/1088 1414/1264/1087
f 1417/1267/1085 1412/1262/1085 1411/1261/1084
f 1412/1262/1085 1417/1267/1085 1415/1265/1085
f 1409/1259/1083 1418/1268/1089 1411/1261/1084
f 1411/1261/1084 1418/1268/1089 1417/1267/1085
f 1416/1266/1088 1415/1265/1085 1419/1269/1085
f 1419/1269/1085 1420/1270/1090 1416/1266/1088
f 1417/1267/1085 1421/1271/1085 1415/1265/1085
f 1420/1270/1090 1419/1269/1085 1422/1272/1091
f 1422/1272/1091 1423/1273/1092 1420/1270/1090
f 1423/1273/1092 1422/1272/1091 1424/1274/1093
f 1422/1272/1091 1425/1275/1094 1424/1274/1093
f 1425/1275/1094 1422/1272/1091 1426/1276/1095
f 1419/1269/1085 1426/1276/1095 1422/1272/1091
f 1427/1277/1096 1425/1275/1094 1426/1276/1095
f 1428/1278/1097 1425/1275/1094 1427/1277/1096
f 1426/1276/1095 1419/1269/1085 1429/1279/1098
f 1426/1276/1095 1429/1279/1098 1427/1277/1096
f 1419/1269/1085 1415/1265/1085 1430/1280/1099
f 1429/1279/1098 1419/1269/1085 1430/1280/1099
f 1415/1265/1085 1421/1271/1085 1430/1280/1099
f 1431/1281/1100 1429/1279/1098 1430/1280/1099
f 1427/1277/1096 1429/1279/1098 1431/1281/1100
f 1421/1271/1085 1432/1282/1101 1430/1280/1099
f 1430/1280/1099 1432/1282/1101 1431/1281/1100
f 1417/1267/1085 1433/1283/1102 1421/1271/1085
f 1421/1271/1085 1433/1283/1102 1432/1282/1101
f 1433/1283/1102 1417/1267/1085 1418/1268/1089
f 1434/1284/1103 1427/1277/1096 1431/1281/1100
f 1434/1284/1103 1431/1281/1100 1432/1282/1101
f 1427/1277/1096 1435/1285/1104 1428/1278/1097
f 1427/1277/1096 1434/1284/1103 1435/1285/1104
f 1435/1285/1104 1436/1286/1105 1428/1278/1097
f 1436/1286/1105 1435/1285/1104 1437/1287/1106
f 1437/1287/1106 1435/1285/1104 1434/1284/1103
f 1437/1287/1106 1438/1288/1107 1436/1286/1105
f 1439/1289/1108 1437/1287/1106 1434/1284/1103
f 1437/1287/1106 1439/1289/1108 1438/1288/1107
f 1439/1289/1108 1434/1284/1103 1440/1283/1109
f 1432/1282/1101 1440/1283/1109 1434/1284/1103
f 1438/1288/1107 1439/1289/1108 1441/1290/1110
f 1441/1290/1110 1439/1289/1108 1440/1283/1109
f 1438/1288/1107 1441/1290/1110 1442/1291/1111
f 1432/1282/1101 1443/1292/1112 1440/1283/1109
f 1443/1292/1112 1441/1290/1110 1440/1283/1109
f 1443/1292/1112 1432/1282/1101 1433/1283/1102
f 1418/1268/1089 1443/1292/1112 1433/1283/1102
f 1444/1293/1113 1442/1291/1111 1441/1290/1110
f 1443/1292/1112 1444/1293/1113 1441/1290/1110
f 1443/1292/1112 1418/1268/1089 1445/1294/1114
f 1444/1293/1113 1443/1292/1112 1445/1294/1114
f 1442/1291/1111 1444/1293/1113 1446/1295/1115
f 1446/1295/1115 1447/1296/1116 1442/1291/1111
f 1447/1296/1116 1448/1297/1117 1449/1298/1118
f 1448/1297/1117 1447/1296/1116 1446/1295/1115
f 1446/1295/1115 1450/1299/1119 1448/1297/1117
f 1444/1293/1113 1451/1300/1120 1446/1295/1115
f 1450/1299/1119 1446/1295/1115 1451/1300/1120
f 1445/1294/1114 1451/1300/1120 1444/1293/1113
f 1451/1300/1120 1452/1301/1121 1450/1299/1119
f 1453/1302/1122 1451/1300/1120 1445/1294/1114
f 1452/1301/1121 1451/1300/1120 1453/1302/1122
f 1418/1268/1089 1453/1302/1122 1445/1294/1114
f 1453/1302/1122 1418/1268/1089 1409/1259/1083
f 1453/1302/1122 1454/1303/1123 1452/1301/1121
f 1409/1259/1083 1410/1260/1081 1453/1302/1122
f 1454/1303/1123 1453/1302/1122 1455/1304/1081
f 1453/1302/1122 1410/1260/1081 1455/1304/1081
f 1455/1304/1081 1456/1305/1124 1454/1303/1123
f 1410/1260/1081 1457/1306/1125 1455/1304/1081
f 1456/1305/1124 1455/1304/1081 1457/1306/1125
f 1458/1307/1126 1459/1308/1127 1460/819/1128
f 1458/1307/1126 1461/1309/1129 1459/1308/1127
f 1462/820/1130 1458/1307/1126 1460/819/1128
f 1461/1309/1129 1458/1307/1126 1463/1310/1131
f 1464/1311/1132 1461/1309/1129 1463/1310/1131
f 1458/1307/1126 1462/820/1130 1465/1312/1133
f 1465/1312/1133 1463/1310/1131 1458/1307/1126
f 1466/822/1134 1465/1312/1133 1462/820/1130
f 1467/1313/1132 1464/1311/1132 1463/1310/1131
f 1468/1314/1135 1464/1311/1132 1467/1313/1132
f 1463/1310/1131 1465/1312/1133 1469/1315/1136
f 1469/1315/1136 1467/1313/1132 1463/1310/1131
f 1465/1312/1133 1466/822/1134 1470/1316/1137
f 1470/1316/1137 1469/1315/1136 1465/1312/1133
f 1471/824/1138 1470/1316/1137 1466/822/1134
f 1472/1317/1139 1468/1314/1135 1467/1313/1132
f 1470/1316/1137 1471/824/1138 1473/1318/1137
f 1472/1317/1139 1474/1319/1140 1468/1314/1135
f 1475/827/1141 1473/1318/1137 1471/824/1138
f 1469/1315/1136 1470/1316/1137 1476/1320/1142
f 1470/1316/1137 1473/1318/1137 1476/1320/1142
f 1467/1313/1132 1469/1315/1136 1477/1321/1143
f 1476/1320/1142 1477/1321/1143 1469/1315/1136
f 1477/1321/1143 1472/1317/1139 1467/1313/1132
f 1473/1318/1137 1475/827/1141 1478/1322/1144
f 1479/829/1141 1478/1322/1144 1475/827/1141
f 1480/1323/661 1476/1320/1142 1473/1318/1137
f 1478/1322/1144 1480/1323/661 1473/1318/1137
f 1477/1321/1143 1476/1320/1142 1481/1324/1145
f 1476/1320/1142 1480/1323/661 1481/1324/1145
f 1478/1322/1144 1479/829/1141 1482/1325/1146
f 1483/831/1147 1482/1325/1146 1479/829/1141
f 1480/1323/661 1478/1322/1144 1484/1326/697
f 1482/1325/1146 1484/1326/697 1478/1322/1144
f 1485/1327/1148 1481/1324/1145 1480/1323/661
f 1484/1326/697 1485/1327/1148 1480/1323/661
f 1486/1328/1149 1477/1321/1143 1481/1324/1145
f 1481/1324/1145 1485/1327/1148 1486/1328/1149
f 1487/1329/1150 1477/1321/1143 1486/1328/1149
f 1472/1317/1139 1477/1321/1143 1487/1329/1150
f 1488/1330/1151 1486/1328/1149 1485/1327/1148
f 1489/1331/1152 1472/1317/1139 1487/1329/1150
f 1490/1332/1148 1488/1330/1151 1485/1327/1148
f 1485/1327/1148 1484/1326/697 1490/1332/1148
f 1491/1333/1140 1472/1317/1139 1489/1331/1152
f 1474/1319/1140 1472/1317/1139 1491/1333/1140
f 1489/1331/1152 1487/1329/1150 1492/1334/1153
f 1492/1334/1153 1487/1329/1150 1486/1328/1149
f 1493/1335/1154 1474/1319/1140 1491/1333/1140
f 1494/1336/1155 1474/1319/1140 1493/1335/1154
f 1491/1333/1140 1489/1331/1152 1495/1337/1156
f 1491/1333/1140 1495/1337/1156 1493/1335/1154
f 1492/1334/1153 1496/1338/1157 1489/1331/1152
f 1496/1338/1157 1495/1337/1156 1489/1331/1152
f 1486/1328/1149 1497/1339/216 1492/1334/1153
f 1497/1339/216 1486/1328/1149 1488/1330/1151
f 1498/1340/223 1496/1338/1157 1492/1334/1153
f 1498/1340/223 1492/1334/1153 1497/1339/216
f 1499/1341/1158 1495/1337/1156 1496/1338/1157
f 1495/1337/1156 1499/1341/1158 1500/1342/1159
f 1493/1335/1154 1495/1337/1156 1500/1342/1159
f 1496/1338/1157 1501/1343/1160 1499/1341/1158
f 1496/1338/1157 1498/1340/223 1501/1343/1160
f 1493/1335/1154 1500/1342/1159 1502/1344/1161
f 1503/1345/1162 1501/1343/1160 1498/1340/223
f 1501/1343/1160 1503/1345/1162 1504/1346/1160
f 1505/1347/1163 1493/1335/1154 1502/1344/1161
f 1505/1347/1163 1494/1336/1155 1493/1335/1154
f 1494/1336/1155 1505/1347/1163 1506/910/1164
f 1502/1344/1161 1507/1348/1165 1505/1347/1163
f 1505/1347/1163 1507/1348/1165 1506/910/1164
f 1506/910/1164 1507/1348/1165 1508/907/1166
f 1509/1349/1167 1507/1348/1165 1502/1344/1161
f 1507/1348/1165 1510/904/1168 1508/907/1166
f 1509/1349/1167 1511/1350/1169 1507/1348/1165
f 1510/904/1168 1507/1348/1165 1511/1350/1169
f 1511/1350/1169 1509/1349/1167 1512/1351/1170
f 1511/1350/1169 1513/901/145 1510/904/1168
f 1512/1351/1170 1514/1352/1171 1511/1350/1169
f 1511/1350/1169 1514/1352/1171 1513/901/145
f 1514/1352/1171 1512/1351/1170 1515/1353/1172
f 1516/1354/1173 1514/1352/1171 1515/1353/1172
f 1517/1355/1174 1513/901/145 1514/1352/1171
f 1514/1352/1171 1516/1354/1173 1517/1355/1174
f 1513/901/145 1517/1355/1174 1518/898/1175
f 1519/1356/1170 1517/1355/1174 1516/1354/1173
f 1520/1356/1176 1518/898/1175 1517/1355/1174
f 1517/1355/1174 1519/1356/1170 1520/1356/1176
f 1518/898/1175 1520/1356/1176 1521/895/1177
f 1522/1357/1170 1520/1356/1176 1519/1356/1170
f 1523/1358/1178 1521/895/1177 1520/1356/1176
f 1520/1356/1176 1522/1357/1170 1523/1358/1178
f 1521/895/1177 1523/1358/1178 1524/879/1179
f 1525/1359/1170 1523/1358/1178 1522/1357/1170
f 1526/1360/1180 1524/879/1179 1523/1358/1178
f 1526/1360/1180 1523/1358/1178 1525/1359/1170
f 1524/879/1179 1526/1360/1180 1527/876/1181
f 1528/1361/1182 1526/1360/1180 1525/1359/1170
f 1529/1362/1183 1527/876/1181 1526/1360/1180
f 1528/1361/1182 1529/1362/1183 1526/1360/1180
f 1527/876/1181 1529/1362/1183 1530/875/1184
f 1528/1361/1182 1531/1363/1185 1529/1362/1183
f 1532/1361/1186 1531/1363/1185 1528/1361/1182
f 1533/1364/1187 1531/1363/1185 1532/1361/1186
f 1529/1362/1183 1534/1365/1188 1530/875/1184
f 1529/1362/1183 1531/1363/1185 1534/1365/1188
f 1535/1366/1189 1530/875/1184 1534/1365/1188
f 1530/875/1184 1535/1366/1189 1536/872/1190
f 1531/1363/1185 1537/1367/1191 1534/1365/1188
f 1535/1366/1189 1534/1365/1188 1537/1367/1191
f 1531/1363/1185 1533/1364/1187 1538/1368/1192
f 1537/1367/1191 1531/1363/1185 1538/1368/1192
f 1533/1364/1187 1539/1369/1193 1538/1368/1192
f 1538/1368/1192 1539/1369/1193 1537/1367/1191
f 1539/1369/1193 1533/1364/1187 1540/1370/377
f 1541/1371/1194 1536/872/1190 1535/1366/1189
f 1536/872/1190 1541/1371/1194 1542/869/1195
f 1541/1371/1194 1543/861/1196 1542/869/1195
f 1543/861/1196 1541/1371/1194 1544/1372/1197
f 1544/1372/1197 1545/857/1198 1543/861/1196
f 1546/1373/1199 1541/1371/1194 1535/1366/1189
f 1544/1372/1197 1541/1371/1194 1546/1373/1199
f 1546/1373/1199 1535/1366/1189 1537/1367/1191
f 1545/857/1198 1544/1372/1197 1547/1374/1200
f 1547/1374/1200 1544/1372/1197 1546/1373/1199
f 1547/1374/1200 1548/856/1201 1545/857/1198
f 1548/856/1201 1547/1374/1200 1549/1375/1202
f 1549/1375/1202 1547/1374/1200 1546/1373/1199
f 1550/1376/1203 1548/856/1201 1549/1375/1202
f 1546/1373/1199 1550/1376/1203 1549/1375/1202
f 1548/856/1201 1550/1376/1203 1551/852/1204
f 1546/1373/1199 1537/1367/1191 1552/1377/552
f 1552/1377/552 1537/1367/1191 1539/1369/1193
f 1550/1376/1203 1546/1373/1199 1553/1378/1205
f 1552/1377/552 1553/1378/1205 1546/1373/1199
f 1554/1379/1206 1551/852/1204 1550/1376/1203
f 1553/1378/1205 1554/1379/1206 1550/1376/1203
f 1551/852/1204 1554/1379/1206 1555/850/1207
f 1553/1378/1205 1552/1377/552 1556/1380/1208
f 1557/1381/1209 1555/850/1207 1554/1379/1206
f 1555/850/1207 1557/1381/1209 1558/847/1210
f 1554/1379/1206 1553/1378/1205 1559/1382/1211
f 1559/1382/1211 1557/1381/1209 1554/1379/1206
f 1556/1380/1208 1559/1382/1211 1553/1378/1205
f 1558/847/1210 1557/1381/1209 1560/840/1212
f 1560/840/1212 1557/1381/1209 1561/1383/1213
f 1560/840/1212 1561/1383/1213 1562/837/1214
f 1557/1381/1209 1559/1382/1211 1563/1384/1215
f 1561/1383/1213 1557/1381/1209 1563/1384/1215
f 1562/837/1214 1561/1383/1213 1564/1385/1216
f 1561/1383/1213 1563/1384/1215 1564/1385/1216
f 1562/837/1214 1564/1385/1216 1565/835/1217
f 1565/835/1217 1564/1385/1216 1566/1386/1218
f 1563/1384/1215 1566/1386/1218 1564/1385/1216
f 1565/835/1217 1566/1386/1218 1567/834/1219
f 1568/1387/1220 1563/1384/1215 1559/1382/1211
f 1559/1382/1211 1556/1380/1208 1568/1387/1220
f 1563/1384/1215 1569/1388/1221 1566/1386/1218
f 1563/1384/1215 1568/1387/1220 1569/1388/1221
f 1567/834/1219 1566/1386/1218 1570/1389/1222
f 1566/1386/1218 1569/1388/1221 1570/1389/1222
f 1570/1389/1222 1483/831/1147 1567/834/1219
f 1483/831/1147 1570/1389/1222 1571/1390/1146
f 1482/1325/1146 1483/831/1147 1571/1390/1146
f 1569/1388/1221 1572/1391/653 1570/1389/1222
f 1571/1390/1146 1570/1389/1222 1572/1391/653
f 1571/1390/1146 1573/1392/1223 1482/1325/1146
f 1573/1392/1223 1571/1390/1146 1572/1391/653
f 1484/1326/697 1482/1325/1146 1573/1392/1223
f 1573/1392/1223 1490/1332/1148 1484/1326/697
f 1569/1388/1221 1574/1393/1224 1572/1391/653
f 1574/1393/1224 1569/1388/1221 1568/1387/1220
f 1572/1391/653 1575/1394/658 1573/1392/1223
f 1490/1332/1148 1573/1392/1223 1575/1394/658
f 1575/1394/658 1572/1391/653 1574/1393/1224
f 1575/1394/658 1576/1395/576 1490/1332/1148
f 1488/1330/1151 1490/1332/1148 1576/1395/576
f 1576/1395/576 1497/1339/216 1488/1330/1151
f 1574/1393/1224 1577/1396/1225 1575/1394/658
f 1576/1395/576 1575/1394/658 1577/1396/1225
f 1497/1339/216 1576/1395/576 1578/1397/1226
f 1577/1396/1225 1578/1397/1226 1576/1395/576
f 1578/1397/1226 1498/1340/223 1497/1339/216
f 1498/1340/223 1578/1397/1226 1503/1345/1162
f 1577/1396/1225 1574/1393/1224 1579/1398/1227
f 1568/1387/1220 1579/1398/1227 1574/1393/1224
f 1556/1380/1208 1579/1398/1227 1568/1387/1220
f 1578/1397/1226 1577/1396/1225 1580/1399/845
f 1577/1396/1225 1579/1398/1227 1580/1399/845
f 1580/1399/845 1503/1345/1162 1578/1397/1226
f 1556/1380/1208 1581/1400/221 1579/1398/1227
f 1581/1400/221 1580/1399/845 1579/1398/1227
f 1581/1400/221 1556/1380/1208 1552/1377/552
f 1539/1369/1193 1581/1400/221 1552/1377/552
f 1503/1345/1162 1580/1399/845 1582/1401/1228
f 1581/1400/221 1582/1401/1228 1580/1399/845
f 1582/1401/1228 1504/1346/1160 1503/1345/1162
f 1504/1346/1160 1582/1401/1228 1583/1402/1160
f 1581/1400/221 1539/1369/1193 1584/1403/821
f 1582/1401/1228 1581/1400/221 1584/1403/821
f 1584/1403/821 1583/1402/1160 1582/1401/1228
f 1584/1403/821 1539/1369/1193 1540/1370/377
f 1583/1402/1160 1584/1403/821 1585/1403/1229
f 1584/1403/821 1540/1370/377 1585/1403/1229
f 1586/1404/93 1587/194/94 1588/86/95
f 1589/1405/95 1587/194/94 1586/1404/93
f 1587/194/94 1590/4/95 1588/86/95
f 1591/193/95 1587/194/94 1589/1405/95
f 1587/194/94 1592/1406/93 1590/4/95
f 1591/193/95 1592/1406/93 1587/194/94
f 1593/1404/95 1594/194/94 1595/86/95
f 1596/1405/95 1594/194/94 1593/1404/95
f 1594/194/94 1597/4/95 1595/86/95
f 1598/193/94 1594/194/94 1596/1405/95
f 1594/194/94 1599/1406/95 1597/4/95
f 1598/193/94 1599/1406/95 1594/194/94
f 1600/188/1230 1601/188/1230 1602/187/1231
f 1603/7/1232 1601/188/1230 1600/188/1230
f 1604/1407/1233 1602/187/1231 1601/188/1230
f 1601/188/1230 1603/7/1232 1605/1408/1234
f 1602/187/1231 1604/1407/1233 1606/186/1235
f 1607/6/1236 1605/1408/1234 1603/7/1232
f 1608/1409/1237 1606/186/1235 1604/1407/1233
f 1605/1408/1234 1607/6/1236 1609/1410/1238
f 1610/1411/1239 1606/186/1235 1608/1409/1237
f 1607/6/1236 1611/1412/1240 1609/1410/1238
f 1606/186/1235 1610/1411/1239 1612/185/1241
f 1611/1412/1240 1607/6/1236 1613/184/1242
f 1614/1413/1243 1612/185/1241 1610/1411/1239
f 1613/184/1242 1615/1414/1244 1611/1412/1240
f 1612/185/1241 1614/1413/1243 1616/182/1245
f 1615/1414/1244 1613/184/1242 1617/183/1246
f 1614/1413/1243 1618/1415/1247 1616/182/1245
f 1617/183/1246 1619/1416/1248 1615/1414/1244
f 1616/182/1245 1618/1415/1247 1620/181/1247
f 1619/1416/1248 1617/183/1246 1621/180/1248
f 1620/181/1247 1618/1415/1247 1622/179/1249
f 1623/178/1250 1619/1416/1248 1621/180/1248
f 1624/1417/1251 1622/179/1249 1618/1415/1247
f 1619/1416/1248 1623/178/1250 1625/1418/1250
f 1622/179/1249 1624/1417/1251 1626/177/1252
f 1627/176/1253 1625/1418/1250 1623/178/1250
f 1628/1419/1254 1626/177/1252 1624/1417/1251
f 1625/1418/1250 1627/176/1253 1629/1420/1255
f 1630/1421/1256 1626/177/1252 1628/1419/1254
f 1629/1420/1255 1627/176/1253 1631/176/1257
f 1626/177/1252 1630/1421/1256 1632/174/1256
f 1633/173/1257 1631/176/1257 1627/176/1253
f 1634/175/1258 1632/174/1256 1630/1421/1256
f 1631/176/1257 1633/173/1257 1634/175/1258
f 1632/174/1256 1634/175/1258 1635/175/1258
f 1635/175/1258 1634/175/1258 1633/173/1257
f 1636/205/1230 1637/205/1230 1638/204/1233
f 1639/203/1234 1637/205/1230 1636/205/1230
f 1637/205/1230 1640/1422/1231 1638/204/1233
f 1637/205/1230 1639/203/1234 1641/1423/1234
f 1638/204/1233 1640/1422/1231 1642/202/1259
f 1643/6/1238 1641/1423/1234 1639/203/1234
f 1640/1422/1231 1644/1424/1259 1642/202/1259
f 1641/1423/1234 1643/6/1238 1645/200/1238
f 1646/1425/1239 1642/202/1259 1644/1424/1259
f 1643/6/1238 1647/1410/1240 1645/200/1238
f 1642/202/1259 1646/1425/1239 1648/201/1239
f 1647/1410/1240 1643/6/1238 1649/200/1240
f 1650/1426/1260 1648/201/1239 1646/1425/1239
f 1649/200/1240 1651/1427/1246 1647/1410/1240
f 1648/201/1239 1650/1426/1260 1652/182/1243
f 1651/1427/1246 1649/200/1240 1653/199/1246
f 1650/1426/1260 1654/1428/1247 1652/182/1243
f 1653/199/1246 1655/1429/1248 1651/1427/1246
f 1652/182/1243 1654/1428/1247 1656/181/1247
f 1655/1429/1248 1653/199/1246 1657/180/1248
f 1656/181/1247 1654/1428/1247 1658/198/1251
f 1659/178/1261 1655/1429/1248 1657/180/1248
f 1654/1428/1247 1660/1419/1249 1658/198/1251
f 1655/1429/1248 1659/178/1261 1661/1420/1261
f 1658/198/1251 1660/1419/1249 1662/197/1254
f 1663/9/1262 1661/1420/1261 1659/178/1261
f 1660/1419/1249 1664/179/1263 1662/197/1254
f 1661/1420/1261 1663/9/1262 1665/178/1253
f 1666/1430/1256 1662/197/1254 1664/179/1263
f 1667/1431/1257 1665/178/1253 1663/9/1262
f 1662/197/1254 1666/1430/1256 1668/196/1256
f 1669/173/1264 1667/1431/1257 1663/9/1262
f 1670/175/1258 1668/196/1256 1666/1430/1256
f 1670/175/1258 1667/1431/1257 1669/173/1264
f 1668/196/1256 1670/175/1258 1671/175/1265
f 1671/175/1265 1670/175/1258 1669/173/1264
f 1672/1406/1266 1673/91/1267 1674/5/1268
f 1673/91/1267 1672/1406/1266 1675/193/1269
f 1674/5/1268 1676/4/1270 1672/1406/1266
f 1675/193/1269 1677/87/1271 1673/91/1267
f 1676/4/1270 1674/5/1268 1678/1432/1272
f 1677/87/1271 1675/193/1269 1679/1405/1271
f 1678/1432/1272 1680/86/1273 1676/4/1270
f 1679/1405/1271 1681/90/1274 1677/87/1271
f 1680/86/1273 1678/1432/1272 1682/86/1275
f 1681/90/1274 1679/1405/1271 1683/1404/1276
f 1682/86/1275 1683/1404/1276 1680/86/1273
f 1683/1404/1276 1682/86/1275 1681/90/1274
f 1684/1406/1277 1685/91/1267 1686/5/1278
f 1685/91/1267 1684/1406/1277 1687/193/1269
f 1686/5/1278 1688/4/1270 1684/1406/1277
f 1687/193/1269 1689/87/1271 1685/91/1267
f 1688/4/1270 1686/5/1278 1690/1432/1279
f 1689/87/1271 1687/193/1269 1691/1405/1271
f 1690/1432/1279 1692/86/1273 1688/4/1270
f 1691/1405/1271 1693/90/1274 1689/87/1271
f 1692/86/1273 1690/1432/1279 1694/86/1280
f 1693/90/1274 1691/1405/1271 1695/1404/1276
f 1694/86/1280 1695/1404/1276 1692/86/1273
f 1695/1404/1276 1694/86/1280 1693/90/1274
usemtl e50:MI_Cabin_Wood_A1
f 1696/1433/1281 1697/1434/1281 1698/1435/1281
f 1698/1435/1282 1699/1436/1283 1696/1433/1284
f 1700/1437/1285 1699/1436/1283 1698/1435/1282
f 1699/1436/1283 1700/1437/1285 1701/1438/1286
f 1702/1439/1287 1701/1438/1286 1700/1437/1285
f 1701/1438/1286 1702/1439/1287 1703/1440/1288
f 1702/1439/1287 1704/1441/1289 1703/1440/1288
f 1703/1440/1288 1704/1441/1289 1705/1442/1290
f 1706/1443/1291 1705/1442/1290 1704/1441/1289
f 1705/1442/1290 1706/1443/1291 1707/1444/1292
f 1708/1445/1293 1707/1444/1292 1706/1443/1291
f 1707/1444/1292 1708/1445/1293 1709/1446/1294
f 1710/1447/1295 1711/1448/1296 1712/1449/1297
f 1710/1447/1295 1712/1449/1297 1713/1450/1298
f 1711/1448/1296 1710/1447/1295 1714/1451/1299
f 1710/1447/1295 1713/1450/1298 1715/1452/1300
f 1716/1453/1301 1715/1452/1300 1713/1450/1298
f 1714/1451/1299 1710/1447/1295 1717/1454/1302
f 1715/1452/1300 1717/1454/1302 1710/1447/1295
f 1718/1455/1303 1714/1451/1299 1717/1454/1302
f 1714/1451/1299 1718/1455/1303 1719/1456/1304
f 1720/1457/1305 1717/1454/1302 1715/1452/1300
f 1718/1455/1303 1717/1454/1302 1720/1457/1305
f 1715/1452/1300 1716/1453/1301 1721/1458/1306
f 1721/1458/1306 1720/1457/1305 1715/1452/1300
f 1722/1459/1307 1721/1458/1306 1716/1453/1301
f 1720/1457/1305 1723/1460/1308 1718/1455/1303
f 1721/1458/1306 1722/1459/1307 1724/1461/1309
f 1720/1457/1305 1721/1458/1306 1725/1462/1310
f 1724/1461/1309 1725/1462/1310 1721/1458/1306
f 1723/1460/1308 1720/1457/1305 1725/1462/1310
f 1722/1459/1307 1726/1463/1311 1724/1461/1309
f 1726/1463/1311 1722/1459/1307 1727/1464/1312
f 1728/1465/1313 1726/1463/1311 1727/1464/1312
f 1725/1462/1310 1724/1461/1309 1729/1466/1314
f 1724/1461/1309 1726/1463/1311 1729/1466/1314
f 1725/1462/1310 1730/1467/1315 1723/1460/1308
f 1729/1466/1314 1730/1467/1315 1725/1462/1310
f 1723/1460/1308 1731/1468/1316 1718/1455/1303
f 1730/1467/1315 1731/1468/1316 1723/1460/1308
f 1731/1468/1316 1719/1456/1304 1718/1455/1303
f 1719/1456/1304 1731/1468/1316 1732/1469/1317
f 1730/1467/1315 1729/1466/1314 1733/1470/1318
f 1731/1468/1316 1734/1471/1319 1732/1469/1317
f 1735/1472/1289 1732/1469/1317 1734/1471/1319
f 1734/1471/1319 1736/1473/1291 1735/1472/1289
f 1737/1474/1320 1731/1468/1316 1730/1467/1315
f 1737/1474/1320 1730/1467/1315 1733/1470/1318
f 1731/1468/1316 1738/1475/1321 1734/1471/1319
f 1738/1475/1321 1731/1468/1316 1737/1474/1320
f 1736/1473/1291 1734/1471/1319 1739/1476/1322
f 1738/1475/1321 1739/1476/1322 1734/1471/1319
f 1740/1477/1293 1736/1473/1291 1739/1476/1322
f 1739/1476/1322 1741/1478/1323 1740/1477/1293
f 1739/1476/1322 1742/1479/1324 1741/1478/1323
f 1739/1476/1322 1738/1475/1321 1742/1479/1324
f 1743/1480/1325 1741/1478/1323 1742/1479/1324
f 1744/1481/1326 1738/1475/1321 1737/1474/1320
f 1737/1474/1320 1733/1470/1318 1744/1481/1326
f 1745/1482/1327 1742/1479/1324 1738/1475/1321
f 1738/1475/1321 1744/1481/1326 1745/1482/1327
f 1742/1479/1324 1746/1483/1328 1743/1480/1325
f 1742/1479/1324 1745/1482/1327 1746/1483/1328
f 1747/1484/1329 1743/1480/1325 1746/1483/1328
f 1746/1483/1328 1748/1485/1330 1747/1484/1329
f 1749/1486/1331 1747/1484/1329 1748/1485/1330
f 1746/1483/1328 1745/1482/1327 1750/1487/1332
f 1746/1483/1328 1750/1487/1332 1748/1485/1330
f 1748/1485/1330 1751/1488/1333 1749/1486/1331
f 1751/1488/1333 1752/1489/1334 1749/1486/1331
f 1751/1488/1333 1753/1490/1335 1752/1489/1334
f 1748/1485/1330 1754/1491/1336 1751/1488/1333
f 1754/1491/1336 1748/1485/1330 1750/1487/1332
f 1753/1490/1335 1751/1488/1333 1755/1492/1337
f 1751/1488/1333 1754/1491/1336 1755/1492/1337
f 1755/1492/1337 1756/1493/1338 1753/1490/1335
f 1745/1482/1327 1757/1494/1339 1750/1487/1332
f 1744/1481/1326 1757/1494/1339 1745/1482/1327
f 1756/1493/1338 1755/1492/1337 1758/1495/1340
f 1758/1495/1340 1759/1496/1341 1756/1493/1338
f 1760/1497/1342 1750/1487/1332 1757/1494/1339
f 1750/1487/1332 1760/1497/1342 1754/1491/1336
f 1759/1496/1341 1758/1495/1340 1761/1498/1343
f 1761/1498/1343 1762/1499/1344 1759/1496/1341
f 1762/1499/1344 1761/1498/1343 1763/1500/1292
f 1755/1492/1337 1764/1501/1345 1758/1495/1340
f 1764/1501/1345 1755/1492/1337 1754/1491/1336
f 1765/1502/1346 1761/1498/1343 1758/1495/1340
f 1765/1502/1346 1758/1495/1340 1764/1501/1345
f 1766/1503/1347 1763/1500/1292 1761/1498/1343
f 1761/1498/1343 1765/1502/1346 1766/1503/1347
f 1763/1500/1292 1766/1503/1347 1767/1504/1348
f 1766/1503/1347 1768/1505/1349 1767/1504/1348
f 1765/1502/1346 1768/1505/1349 1766/1503/1347
f 1767/1504/1348 1768/1505/1349 1769/1506/1288
f 1764/1501/1345 1770/1507/1350 1765/1502/1346
f 1768/1505/1349 1765/1502/1346 1770/1507/1350
f 1768/1505/1349 1771/1508/1351 1769/1506/1288
f 1770/1507/1350 1771/1508/1351 1768/1505/1349
f 1769/1506/1288 1771/1508/1351 1772/1509/1352
f 1773/1510/1353 1769/1506/1288 1772/1509/1352
f 1771/1508/1351 1770/1507/1350 1774/1511/1354
f 1774/1511/1354 1772/1509/1352 1771/1508/1351
f 1770/1507/1350 1764/1501/1345 1775/1512/1355
f 1775/1512/1355 1774/1511/1354 1770/1507/1350
f 1754/1491/1336 1775/1512/1355 1764/1501/1345
f 1776/1513/1356 1775/1512/1355 1754/1491/1336
f 1774/1511/1354 1775/1512/1355 1776/1513/1356
f 1760/1497/1342 1776/1513/1356 1754/1491/1336
f 1772/1509/1352 1774/1511/1354 1777/1514/1357
f 1776/1513/1356 1777/1514/1357 1774/1511/1354
f 1778/1515/1358 1773/1510/1353 1772/1509/1352
f 1772/1509/1352 1777/1514/1357 1778/1515/1358
f 1778/1515/1358 1779/1516/1359 1773/1510/1353
f 1780/1517/1360 1773/1510/1353 1779/1516/1359
f 1779/1516/1359 1781/1518/1284 1780/1517/1360
f 1781/1518/1284 1779/1516/1359 1782/1519/1361
f 1783/1520/1362 1778/1515/1358 1777/1514/1357
f 1778/1515/1358 1783/1520/1362 1779/1516/1359
f 1779/1516/1359 1784/1521/1363 1782/1519/1361
f 1783/1520/1362 1784/1521/1363 1779/1516/1359
f 1784/1521/1363 1785/1522/1364 1782/1519/1361
f 1786/1523/1365 1783/1520/1362 1777/1514/1357
f 1777/1514/1357 1776/1513/1356 1786/1523/1365
f 1787/1524/1366 1784/1521/1363 1783/1520/1362
f 1783/1520/1362 1786/1523/1365 1787/1524/1366
f 1788/1525/1367 1785/1522/1364 1784/1521/1363
f 1785/1522/1364 1788/1525/1367 1789/1526/1368
f 1788/1525/1367 1784/1521/1363 1790/1527/1369
f 1784/1521/1363 1787/1524/1366 1790/1527/1369
f 1791/1528/1370 1789/1526/1368 1788/1525/1367
f 1790/1527/1369 1791/1528/1370 1788/1525/1367
f 1789/1526/1368 1791/1528/1370 1792/1529/1371
f 1793/1530/1372 1790/1527/1369 1787/1524/1366
f 1791/1528/1370 1790/1527/1369 1793/1530/1372
f 1787/1524/1366 1786/1523/1365 1794/1531/1373
f 1794/1531/1373 1793/1530/1372 1787/1524/1366
f 1794/1531/1373 1786/1523/1365 1776/1513/1356
f 1776/1513/1356 1795/1532/1374 1794/1531/1373
f 1795/1532/1374 1793/1530/1372 1794/1531/1373
f 1795/1532/1374 1776/1513/1356 1760/1497/1342
f 1795/1532/1374 1760/1497/1342 1757/1494/1339
f 1796/1533/1375 1791/1528/1370 1793/1530/1372
f 1793/1530/1372 1795/1532/1374 1796/1533/1375
f 1757/1494/1339 1797/1534/1376 1795/1532/1374
f 1797/1534/1376 1796/1533/1375 1795/1532/1374
f 1744/1481/1326 1797/1534/1376 1757/1494/1339
f 1791/1528/1370 1796/1533/1375 1798/1535/1377
f 1798/1535/1377 1792/1529/1371 1791/1528/1370
f 1792/1529/1371 1798/1535/1377 1799/1536/1378
f 1744/1481/1326 1800/1537/1379 1797/1534/1376
f 1800/1537/1379 1744/1481/1326 1733/1470/1318
f 1796/1533/1375 1797/1534/1376 1801/1538/1380
f 1800/1537/1379 1801/1538/1380 1797/1534/1376
f 1801/1538/1380 1798/1535/1377 1796/1533/1375
f 1733/1470/1318 1802/1539/1381 1800/1537/1379
f 1802/1539/1381 1801/1538/1380 1800/1537/1379
f 1733/1470/1318 1729/1466/1314 1802/1539/1381
f 1729/1466/1314 1726/1463/1311 1802/1539/1381
f 1798/1535/1377 1801/1538/1380 1803/1540/1382
f 1802/1539/1381 1803/1540/1382 1801/1538/1380
f 1803/1540/1382 1802/1539/1381 1726/1463/1311
f 1803/1540/1382 1799/1536/1378 1798/1535/1377
f 1726/1463/1311 1728/1465/1313 1803/1540/1382
f 1799/1536/1378 1803/1540/1382 1728/1465/1313
f 1804/1541/1383 1805/1542/1384 1806/1543/1385
f 1807/1544/1386 1806/1543/1385 1805/1542/1384
f 1805/1542/1384 1804/1541/1383 1808/1545/1387
f 1804/1541/1383 1809/1546/1388 1808/1545/1387
f 1807/1544/1386 1805/1542/1384 1810/1547/1389
f 1805/1542/1384 1808/1545/1387 1810/1547/1389
f 1811/1548/1390 1807/1544/1386 1810/1547/1389
f 1812/1549/1391 1808/1545/1387 1809/1546/1388
f 1812/1549/1391 1810/1547/1389 1808/1545/1387
f 1809/1546/1388 1813/1550/1392 1812/1549/1391
f 1813/1550/1392 1809/1546/1388 1814/1551/1393
f 1810/1547/1389 1812/1549/1391 1815/1552/1394
f 1815/1552/1394 1812/1549/1391 1813/1550/1392
f 1816/1553/1395 1813/1550/1392 1814/1551/1393
f 1816/1553/1395 1815/1552/1394 1813/1550/1392
f 1814/1551/1393 1817/1554/1396 1816/1553/1395
f 1818/1555/1397 1816/1553/1395 1817/1554/1396
f 1816/1553/1395 1818/1555/1397 1819/1556/1398
f 1816/1553/1395 1819/1556/1398 1815/1552/1394
f 1820/1557/1399 1819/1556/1398 1818/1555/1397
f 1815/1552/1394 1821/1558/1400 1810/1547/1389
f 1815/1552/1394 1819/1556/1398 1821/1558/1400
f 1810/1547/1389 1822/1559/1401 1811/1548/1390
f 1822/1559/1401 1810/1547/1389 1821/1558/1400
f 1823/1560/1402 1811/1548/1390 1822/1559/1401
f 1819/1556/1398 1824/1561/1403 1821/1558/1400
f 1821/1558/1400 1824/1561/1403 1822/1559/1401
f 1822/1559/1401 1825/1562/1404 1823/1560/1402
f 1825/1562/1404 1822/1559/1401 1824/1561/1403
f 1826/1563/1405 1823/1560/1402 1825/1562/1404
f 1824/1561/1403 1819/1556/1398 1827/1564/1406
f 1819/1556/1398 1820/1557/1399 1827/1564/1406
f 1828/1565/1407 1824/1561/1403 1827/1564/1406
f 1825/1562/1404 1824/1561/1403 1828/1565/1407
f 1829/1566/1408 1827/1564/1406 1820/1557/1399
f 1828/1565/1407 1827/1564/1406 1829/1566/1408
f 1820/1557/1399 1830/1567/1409 1829/1566/1408
f 1830/1567/1409 1831/1568/1410 1829/1566/1408
f 1831/1568/1410 1828/1565/1407 1829/1566/1408
f 1831/1568/1410 1830/1567/1409 1832/1569/1411
f 1833/1570/1412 1825/1562/1404 1828/1565/1407
f 1828/1565/1407 1831/1568/1410 1833/1570/1412
f 1834/1571/1413 1831/1568/1410 1832/1569/1411
f 1834/1571/1413 1833/1570/1412 1831/1568/1410
f 1832/1569/1411 1835/1572/1414 1834/1571/1413
f 1836/1573/1415 1825/1562/1404 1833/1570/1412
f 1825/1562/1404 1836/1573/1415 1826/1563/1405
f 1837/1574/1416 1826/1563/1405 1836/1573/1415
f 1833/1570/1412 1834/1571/1413 1838/1575/1417
f 1833/1570/1412 1838/1575/1417 1836/1573/1415
f 1835/1572/1414 1839/1576/1418 1834/1571/1413
f 1839/1576/1418 1835/1572/1414 1840/1577/1419
f 1834/1571/1413 1841/1578/1420 1838/1575/1417
f 1841/1578/1420 1834/1571/1413 1839/1576/1418
f 1841/1578/1420 1836/1573/1415 1838/1575/1417
f 1840/1577/1419 1842/1579/1421 1839/1576/1418
f 1842/1579/1421 1840/1577/1419 1843/1580/1422
f 1843/1580/1422 1844/1581/1423 1842/1579/1421
f 1839/1576/1418 1845/1582/1424 1841/1578/1420
f 1845/1582/1424 1839/1576/1418 1842/1579/1421
f 1844/1581/1423 1846/1583/1418 1842/1579/1421
f 1846/1583/1418 1845/1582/1424 1842/1579/1421
f 1846/1583/1418 1844/1581/1423 1847/1584/1425
f 1848/1585/1426 1846/1583/1418 1847/1584/1425
f 1841/1578/1420 1845/1582/1424 1849/1586/1427
f 1846/1583/1418 1849/1586/1427 1845/1582/1424
f 1836/1573/1415 1841/1578/1420 1849/1586/1427
f 1836/1573/1415 1849/1586/1427 1837/1574/1416
f 1846/1583/1418 1848/1585/1426 1850/1587/1428
f 1849/1586/1427 1846/1583/1418 1850/1587/1428
f 1851/1588/1429 1850/1587/1428 1848/1585/1426
f 1852/1589/1430 1837/1574/1416 1849/1586/1427
f 1850/1587/1428 1851/1588/1429 1853/1590/1431
f 1849/1586/1427 1850/1587/1428 1853/1590/1431
f 1854/1591/1432 1853/1590/1431 1851/1588/1429
f 1849/1586/1427 1853/1590/1431 1855/1592/1433
f 1853/1590/1431 1854/1591/1432 1855/1592/1433
f 1854/1591/1432 1856/1593/1433 1855/1592/1433
f 1849/1586/1427 1855/1592/1433 1856/1593/1433
f 1856/1593/1433 1854/1591/1432 1857/1594/1434
f 1849/1586/1427 1858/1595/1435 1852/1589/1430
f 1858/1595/1435 1849/1586/1427 1856/1593/1433
f 1859/1596/1436 1856/1593/1433 1857/1594/1434
f 1858/1595/1435 1856/1593/1433 1859/1596/1436
f 1859/1596/1436 1857/1594/1434 1860/1597/1437
f 1860/1597/1437 1861/1598/1438 1859/1596/1436
f 1862/1599/1439 1852/1589/1430 1858/1595/1435
f 1852/1589/1430 1862/1599/1439 1863/1600/1440
f 1864/1601/1441 1858/1595/1435 1859/1596/1436
f 1862/1599/1439 1858/1595/1435 1864/1601/1441
f 1864/1601/1441 1859/1596/1436 1861/1598/1438
f 1865/1602/1442 1863/1600/1440 1862/1599/1439
f 1864/1601/1441 1865/1602/1442 1862/1599/1439
f 1863/1600/1440 1865/1602/1442 1866/1603/1443
f 1867/1604/1444 1866/1603/1443 1865/1602/1442
f 1867/1604/1444 1865/1602/1442 1864/1601/1441
f 1866/1603/1443 1867/1604/1444 1868/1605/1445
f 1869/1606/1446 1868/1605/1445 1867/1604/1444
f 1869/1606/1446 1867/1604/1444 1864/1601/1441
f 1870/1607/1447 1868/1605/1445 1869/1606/1446
f 1871/1608/1446 1864/1601/1441 1861/1598/1438
f 1861/1598/1438 1872/1609/1448 1871/1608/1446
f 1873/1610/1449 1869/1606/1446 1864/1601/1441
f 1871/1608/1446 1873/1610/1449 1864/1601/1441
f 1869/1606/1446 1873/1610/1449 1870/1607/1447
f 1872/1609/1448 1873/1610/1449 1871/1608/1446
f 1873/1610/1449 1874/1611/1450 1870/1607/1447
f 1873/1610/1449 1872/1609/1448 1874/1611/1450
usemtl e50:MI_Cabin1
f 1875/1612/1451 1876/1612/1451 1877/1612/1451
f 1877/1612/1452 1876/1612/1453 1878/1612/1454
f 1878/1612/1455 1879/1612/1456 1877/1612/1452
f 1878/1612/1455 1880/1613/1457 1879/1612/1456
f 1880/1613/1457 1878/1612/1455 1881/1613/1458
f 1881/1613/1458 1882/1614/1459 1880/1613/1457
f 1882/1614/1459 1881/1613/1458 1883/1614/1459
f 1883/1614/1459 1884/1615/1460 1882/1614/1459
f 1884/1615/1460 1883/1614/1459 1885/1615/1461
f 1885/1615/1461 1886/1616/1462 1884/1615/1460
f 1886/1616/1462 1885/1615/1461 1887/1616/1463
f 1887/1616/1463 1888/1617/1464 1886/1616/1462
f 1886/1616/1462 1888/1617/1464 1889/1617/1465
f 1888/1617/1464 1890/1618/1466 1889/1617/1465
f 1889/1617/1465 1890/1618/1466 1891/1618/1467
f 1890/1618/1466 1892/1619/1466 1891/1618/1467
f 1891/1618/1467 1892/1619/1466 1893/1619/1466
f 1892/1619/1466 1894/1619/1466 1893/1619/1466
f 1894/1619/1466 1892/1619/1466 1895/1619/1466
f 1896/1620/1468 1897/1621/1469 1898/1622/1470
f 1898/1622/1470 1897/1621/1469 1899/1623/1469
f 1897/1621/1469 1900/1624/1469 1899/1623/1469
f 1900/1624/1469 1901/1625/1470 1899/1623/1469
f 1901/1625/1470 1902/1626/1471 1899/1623/1469
f 1899/1623/1469 1902/1626/1471 1903/1627/1469
f 1903/1627/1469 1902/1626/1471 1904/1628/1472
f 1902/1626/1471 1905/1629/1473 1904/1628/1472
f 1906/1630/1474 1905/1629/1473 1902/1626/1471
f 1905/1629/1473 1906/1630/1474 1907/1631/1475
f 1908/1632/1476 1907/1631/1475 1906/1630/1474
f 1907/1631/1475 1908/1632/1476 1909/1633/1477
f 1908/1632/1476 1910/1634/1478 1909/1633/1477
f 1910/1634/1478 1911/1635/1479 1909/1633/1477
f 1911/1635/1479 1912/1636/1480 1909/1633/1477
f 1912/1636/1480 1913/1637/1481 1909/1633/1477
f 1909/1633/1477 1913/1637/1481 1914/1638/1481
f 1915/1639/1482 1909/1633/1477 1914/1638/1481
f 1916/1157/1483 1915/1639/1482 1914/1638/1481
f 1915/1639/1482 1916/1157/1483 1917/1640/1484
f 1918/1641/1485 1917/1640/1484 1916/1157/1483
f 1917/1640/1484 1918/1641/1485 1919/1642/1486
f 1919/1642/1486 1918/1641/1485 1920/1642/1487
f 1921/1643/1488 1920/1642/1487 1918/1641/1485
f 1920/1642/1487 1921/1643/1488 1922/1644/1489
f 1922/1644/1489 1921/1643/1488 1923/51/1490
f 1924/145/1491 1923/51/1490 1921/1643/1488
f 1924/145/1491 1925/1645/1492 1923/51/1490
f 1926/1646/1493 1925/1645/1492 1924/145/1491
f 1926/1646/1493 1927/1647/1494 1925/1645/1492
f 1928/1648/1495 1927/1647/1494 1926/1646/1493
f 1927/1647/1494 1928/1648/1495 1929/1649/1496
f 1928/1648/1495 1930/1650/1497 1929/1649/1496
f 1929/1649/1496 1930/1650/1497 1931/1651/1498
f 1930/1650/1497 1932/1652/1498 1931/1651/1498
f 1933/1653/1499 1934/1654/1500 1935/1654/1500
f 1934/1654/1500 1933/1653/1499 1936/1655/1501
f 1937/1656/1502 1936/1655/1501 1933/1653/1499
f 1938/1657/1503 1936/1655/1501 1937/1656/1502
f 1939/1658/1504 1938/1657/1503 1937/1656/1502
f 1938/1657/1503 1939/1658/1504 1940/1659/1505
f 1941/1660/1506 1940/1659/1505 1939/1658/1504
f 1942/1661/1507 1941/1660/1506 1939/1658/1504
f 1943/1662/1508 1942/1661/1507 1939/1658/1504
f 1943/1662/1508 1944/1663/1509 1942/1661/1507
f 1943/1662/1508 1945/1664/1510 1944/1663/1509
f 1943/1662/1508 1946/1665/1511 1945/1664/1510
f 1946/1665/1511 1947/1666/1512 1945/1664/1510
f 1948/1667/1513 1947/1666/1512 1946/1665/1511
f 1947/1666/1512 1948/1667/1513 1949/1668/1514
f 1948/1667/1513 1950/1669/1515 1949/1668/1514
f 1948/1667/1513 1951/1670/1516 1950/1669/1515
f 1952/1671/1517 1950/1669/1515 1951/1670/1516
f 1951/1670/1516 1953/1672/1518 1952/1671/1517
f 1951/1670/1516 1954/1673/1519 1953/1672/1518
f 1954/1673/1519 1955/1674/1520 1953/1672/1518
f 1956/1675/1521 1955/1674/1520 1954/1673/1519
f 1955/1674/1520 1956/1675/1521 1957/1676/1522
f 1956/1675/1521 1958/1677/1523 1957/1676/1522
f 1956/1675/1521 1959/1678/1524 1958/1677/1523
f 1960/1679/1525 1958/1677/1523 1959/1678/1524
f 1959/1678/1524 1961/1680/1526 1960/1679/1525
f 1959/1678/1524 1962/1681/1527 1961/1680/1526
f 1962/1681/1527 1963/1682/1528 1961/1680/1526
f 1962/1681/1527 1964/1683/1529 1963/1682/1528
f 1965/1683/1530 1963/1682/1528 1964/1683/1529
f 1966/1684/1531 1965/1683/1530 1964/1683/1529
f 1967/1685/1532 1966/1684/1531 1964/1683/1529
f 1968/1686/1533 1966/1684/1531 1967/1685/1532
f 1967/1685/1532 1969/1687/1534 1968/1686/1533
f 1968/1686/1533 1969/1687/1534 1970/1688/1535
f 1971/1689/1536 1970/1688/1535 1969/1687/1534
f 1972/1690/1537 1971/1689/1536 1969/1687/1534
f 1973/1691/1538 1972/1690/1537 1969/1687/1534
f 1973/1691/1538 1974/1692/1539 1972/1690/1537
f 1972/1690/1537 1974/1692/1539 1975/1693/1540
f 1976/1694/1541 1975/1693/1540 1974/1692/1539
f 1974/1692/1539 1977/1695/1542 1976/1694/1541
f 1976/1694/1541 1977/1695/1542 1978/1696/1543
f 1979/1697/1544 1978/1696/1543 1977/1695/1542
f 1977/1695/1542 1980/1698/1545 1979/1697/1544
f 1977/1695/1542 1981/1699/1546 1980/1698/1545
f 1982/1700/1547 1980/1698/1545 1981/1699/1546
f 1983/1701/1548 1982/1700/1547 1981/1699/1546
f 1982/1700/1547 1983/1701/1548 1984/1702/1549
f 1984/1702/1549 1983/1701/1548 1985/1703/1550
f 1985/1703/1550 1983/1701/1548 1986/1704/1551
f 1987/1705/1552 1985/1703/1550 1986/1704/1551
f 1986/1704/1551 1988/1706/1553 1987/1705/1552
f 1989/1707/1554 1987/1705/1552 1988/1706/1553
f 1988/1706/1553 1990/1708/1555 1989/1707/1554
f 1991/1709/1556 1989/1707/1554 1990/1708/1555
f 1990/1708/1555 1992/1710/1557 1991/1709/1556
f 1993/1711/1558 1991/1709/1556 1992/1710/1557
f 1992/1710/1557 1994/1712/1559 1993/1711/1558
f 1995/1713/1560 1993/1711/1558 1994/1712/1559
f 1995/1713/1560 1994/1712/1559 1996/1714/1561
f 1995/1713/1560 1996/1714/1561 1997/1715/1562
f 1997/1715/1562 1998/1716/1563 1995/1713/1560
f 1997/1715/1562 1999/1717/1564 1998/1716/1563
f 2000/1718/1565 2001/1719/1565 1998/1716/1563
f 2002/1720/1566 2000/1718/1565 1998/1716/1563
f 1999/1717/1564 2002/1720/1566 1998/1716/1563
f 1999/1717/1564 2003/1721/1567 2002/1720/1566
f 1999/1717/1564 2004/1722/1568 2003/1721/1567
f 2004/1722/1568 2005/1723/1569 2003/1721/1567
f 2006/1724/1570 2005/1723/1569 2004/1722/1568
f 2006/1724/1570 2004/1722/1568 2007/1725/1571
f 2008/1726/1572 2006/1724/1570 2007/1725/1571
f 2007/1725/1571 2009/1727/1573 2008/1726/1572
f 2010/1728/1574 2008/1726/1572 2009/1727/1573
f 2009/1727/1573 2011/1729/1575 2010/1728/1574
f 2012/1730/1576 2010/1728/1574 2011/1729/1575
f 2012/1730/1576 2011/1729/1575 2013/1731/1577
f 2014/1732/1578 2012/1730/1576 2013/1731/1577
f 2012/1730/1576 2014/1732/1578 2015/1733/1579
f 2016/1734/1580 2015/1733/1579 2014/1732/1578
f 2015/1733/1579 2016/1734/1580 2017/1735/1581
f 2016/1734/1580 2018/1736/1582 2017/1735/1581
f 2016/1734/1580 2019/1737/1583 2018/1736/1582
f 2020/1738/1584 2018/1736/1582 2019/1737/1583
f 2019/1737/1583 2021/1739/1585 2020/1738/1584
f 2022/1740/1586 2023/1653/1587 2024/1654/1586
f 2023/1653/1587 2022/1740/1586 2025/1741/1588
f 2025/1741/1588 2026/1656/1589 2023/1653/1587
f 2025/1741/1588 2027/1657/1589 2026/1656/1589
f 2028/1742/1590 2026/1656/1589 2027/1657/1589
f 2026/1656/1589 2028/1742/1590 2029/1658/1591
f 2030/1743/1592 2029/1658/1591 2028/1742/1590
f 2029/1658/1591 2030/1743/1592 2031/1662/1592
f 2032/1744/1593 2031/1662/1592 2030/1743/1592
f 2031/1662/1592 2032/1744/1593 2033/1665/1593
f 2034/1745/1594 2033/1665/1593 2032/1744/1593
f 2033/1665/1593 2034/1745/1594 2035/1667/1594
f 2036/1746/1595 2035/1667/1594 2034/1745/1594
f 2035/1667/1594 2036/1746/1595 2037/1670/1596
f 2038/1747/1597 2037/1670/1596 2036/1746/1595
f 2037/1670/1596 2038/1747/1597 2039/1673/1597
f 2040/1748/1598 2039/1673/1597 2038/1747/1597
f 2039/1673/1597 2040/1748/1598 2041/1675/1599
f 2042/1749/1600 2041/1675/1599 2040/1748/1598
f 2041/1675/1599 2042/1749/1600 2043/1678/1601
f 2044/1750/1602 2043/1678/1601 2042/1749/1600
f 2043/1678/1601 2044/1750/1602 2045/1681/1602
f 2044/1750/1602 2046/1751/1603 2045/1681/1602
f 2047/1683/1604 2045/1681/1602 2046/1751/1603
f 2048/1752/1605 2047/1683/1604 2046/1751/1603
f 2047/1683/1604 2048/1752/1605 2049/1685/1605
f 2050/1753/1606 2049/1685/1605 2048/1752/1605
f 2049/1685/1605 2050/1753/1606 2051/1687/1607
f 2050/1753/1606 2052/1691/1608 2051/1687/1607
f 2052/1691/1608 2050/1753/1606 2053/1754/1608
f 2054/1692/1609 2052/1691/1608 2053/1754/1608
f 2054/1692/1609 2053/1754/1608 2055/1755/1610
f 2055/1755/1610 2056/1695/1611 2054/1692/1609
f 2056/1695/1611 2055/1755/1610 2057/1756/1611
f 2058/1699/1612 2056/1695/1611 2057/1756/1611
f 2058/1699/1612 2057/1756/1611 2059/1757/1613
f 2060/1701/1614 2058/1699/1612 2059/1757/1613
f 2060/1701/1614 2059/1757/1613 2061/1758/1614
f 2061/1758/1614 2062/1704/1615 2060/1701/1614
f 2062/1704/1615 2061/1758/1614 2063/1759/1615
f 2064/1706/1616 2062/1704/1615 2063/1759/1615
f 2064/1706/1616 2063/1759/1615 2065/1760/1616
f 2065/1760/1616 2066/1708/1617 2064/1706/1616
f 2066/1708/1617 2065/1760/1616 2067/1761/1618
f 2068/1710/1619 2066/1708/1617 2067/1761/1618
f 2068/1710/1619 2067/1761/1618 2069/1762/1619
f 2069/1762/1619 2070/1712/1620 2068/1710/1619
f 2071/1712/1621 2068/1710/1619 2070/1712/1620
f 2070/1712/1620 2072/1763/1622 2071/1712/1621
f 2073/1714/1623 2071/1712/1621 2072/1763/1622
f 2073/1714/1623 2072/1763/1622 2074/1764/1624
f 2074/1764/1624 2075/1715/1625 2073/1714/1623
f 2075/1715/1625 2074/1764/1624 2076/1765/1626
f 2077/1717/1627 2075/1715/1625 2076/1765/1626
f 2076/1765/1626 2078/1766/1628 2077/1717/1627
f 2079/1767/1629 2077/1717/1627 2078/1766/1628
f 2077/1717/1627 2079/1767/1629 2080/1722/1630
f 2081/1768/1631 2080/1722/1630 2079/1767/1629
f 2080/1722/1630 2081/1768/1631 2082/1725/1632
f 2083/1769/1633 2082/1725/1632 2081/1768/1631
f 2082/1725/1632 2083/1769/1633 2084/1727/1633
f 2085/1729/1634 2084/1727/1633 2083/1769/1633
f 2083/1769/1633 2086/1770/1635 2085/1729/1634
f 2086/1770/1635 2087/1731/1636 2085/1729/1634
f 2087/1731/1636 2086/1770/1635 2088/1771/1637
f 2089/1732/1638 2087/1731/1636 2088/1771/1637
f 2088/1771/1637 2090/1772/1638 2089/1732/1638
f 2091/1773/1639 2089/1732/1638 2090/1772/1638
f 2089/1732/1638 2091/1773/1639 2092/1734/1640
f 2093/1774/1641 2092/1734/1640 2091/1773/1639
f 2092/1734/1640 2093/1774/1641 2094/1737/1642
f 2093/1774/1641 2095/1775/1643 2094/1737/1642
f 2094/1737/1642 2095/1775/1643 2096/1739/1644
f 2097/1776/1645 2098/1777/1646 2099/1778/1647
f 2098/1777/1646 2097/1776/1645 2100/1779/581
f 2098/1777/1646 2100/1779/581 2101/1780/1648
f 2101/1780/1648 2100/1779/581 2102/1781/1649
f 2100/1779/581 2103/1782/1649 2102/1781/1649
f 2104/1783/1650 2105/1784/1651 2106/1785/1650
f 2107/1786/1652 2104/1783/1650 2106/1785/1650
f 2108/1787/1650 2104/1783/1650 2107/1786/1652
f 2109/1785/1650 2108/1787/1650 2107/1786/1652
f 2110/1788/1650 2108/1787/1650 2109/1785/1650
f 2111/1789/1650 2108/1787/1650 2110/1788/1650
f 2112/1790/1650 2108/1787/1650 2111/1789/1650
f 2113/1791/1650 2108/1787/1650 2112/1790/1650
f 2114/1792/1650 2108/1787/1650 2113/1791/1650
f 2115/1427/1650 2108/1787/1650 2114/1792/1650
f 2116/175/1650 2108/1787/1650 2115/1427/1650
f 2117/201/1650 2116/175/1650 2115/1427/1650
f 2118/1793/1650 2116/175/1650 2117/201/1650
f 2119/1411/1650 2116/175/1650 2118/1793/1650
f 2120/1413/1652 2116/175/1650 2119/1411/1650
f 2121/1794/1652 2116/175/1650 2120/1413/1652
f 2122/1795/1650 2116/175/1650 2121/1794/1652
f 2123/1796/1650 2116/175/1650 2122/1795/1650
f 2124/1797/1650 2116/175/1650 2123/1796/1650
f 2125/1798/1650 2124/1797/1650 2123/1796/1650
f 2126/1799/1650 2124/1797/1650 2125/1798/1650
f 2127/1800/1650 2126/1799/1650 2125/1798/1650
f 2128/1801/1653 2127/1800/1650 2125/1798/1650
f 2129/1406/1654 2130/1802/1650 2131/1803/1652
f 2130/1802/1650 2129/1406/1654 2132/85/1655
f 2133/189/1656 2130/1802/1650 2132/85/1655
f 2130/1802/1650 2133/189/1656 2134/1804/1650
f 2135/1404/1657 2134/1804/1650 2133/189/1656
f 2134/1804/1650 2135/1404/1657 2136/87/1650
f 2137/89/1658 2136/87/1650 2135/1404/1657
f 2137/89/1658 2135/1404/1657 2138/87/1659
f 2139/87/1660 2137/89/1658 2138/87/1659
f 2137/89/1658 2139/87/1660 2140/89/1650
f 2141/1404/1661 2140/89/1650 2139/87/1660
f 2140/89/1650 2141/1404/1661 2142/87/1650
f 2143/1804/1650 2142/87/1650 2141/1404/1661
f 2141/1404/1661 2144/189/1662 2143/1804/1650
f 2145/1802/1652 2143/1804/1650 2144/189/1662
f 2145/1802/1652 2144/189/1662 2146/85/1663
f 2147/1406/1664 2145/1802/1652 2146/85/1663
f 2145/1802/1652 2147/1406/1664 2148/1803/1652
f 2147/1406/1664 2149/83/1652 2148/1803/1652
f 2147/1406/1664 2150/1803/1665 2149/83/1652
f 2151/83/1650 2149/83/1652 2150/1803/1665
f 2150/1803/1665 2152/1803/1666 2151/83/1650
f 2153/1406/1667 2151/83/1650 2152/1803/1666
f 2151/83/1650 2153/1406/1667 2154/1803/1668
f 2155/1805/1669 2156/206/1670 2157/1806/1669
f 2158/1807/1670 2157/1806/1669 2156/206/1670
f 2159/1807/1671 2157/1806/1669 2158/1807/1670
f 2160/1808/1672 2157/1806/1669 2159/1807/1671
f 2159/1807/1671 2161/1808/1673 2160/1808/1672
f 2161/1808/1673 2159/1807/1671 2162/1807/1673
f 2163/83/1650 2164/1406/1674 2165/1803/1652
f 2164/1406/1674 2163/83/1650 2166/1803/1675
f 2167/1803/1676 2166/1803/1675 2163/83/1650
f 2163/83/1650 2168/83/1652 2167/1803/1676
f 2169/1406/1664 2167/1803/1676 2168/83/1652
f 2169/1406/1664 2168/83/1652 2170/1803/1652
f 2171/1802/1658 2169/1406/1664 2170/1803/1652
f 2169/1406/1664 2171/1802/1658 2172/85/1677
f 2173/1804/1650 2172/85/1677 2171/1802/1658
f 2172/85/1677 2173/1804/1650 2174/189/1678
f 2173/1804/1650 2175/1404/1661 2174/189/1678
f 2173/1804/1650 2176/87/1650 2175/1404/1661
f 2177/89/1650 2175/1404/1661 2176/87/1650
f 2175/1404/1661 2177/89/1650 2178/87/1679
f 2177/89/1650 2179/87/1680 2178/87/1679
f 2179/87/1680 2177/89/1650 2180/89/1652
f 2180/89/1652 2181/1404/1657 2179/87/1680
f 2180/89/1652 2182/87/1650 2181/1404/1657
f 2183/1804/1650 2181/1404/1657 2182/87/1650
f 2181/1404/1657 2183/1804/1650 2184/189/1681
f 2185/1802/1650 2184/189/1681 2183/1804/1650
f 2184/189/1681 2185/1802/1650 2186/85/1682
f 2185/1802/1650 2187/1406/1674 2186/85/1682
f 2187/1406/1674 2185/1802/1650 2188/1803/1652
f 2189/1809/1683 2190/1810/1683 2191/1811/1683
f 2189/1809/1683 2192/1425/1684 2190/1810/1683
f 2192/1425/1684 2193/1812/1683 2190/1810/1683
f 2193/1812/1683 2194/203/1683 2190/1810/1683
f 2195/1813/1683 2193/1812/1683 2192/1425/1684
f 2193/1812/1683 2196/1792/1683 2194/203/1683
f 2195/1813/1683 2197/1410/1683 2193/1812/1683
f 2196/1792/1683 2193/1812/1683 2197/1410/1683
f 2197/1410/1683 2198/1814/1683 2196/1792/1683
f 2197/1410/1683 2199/1815/1683 2198/1814/1683
f 2200/1816/1683 2199/1815/1683 2197/1410/1683
f 2197/1410/1683 2195/1813/1683 2201/1817/1683
f 2202/1818/1683 2200/1816/1683 2197/1410/1683
f 2201/1817/1683 2203/12/1683 2197/1410/1683
f 2203/12/1683 2202/1818/1683 2197/1410/1683
f 2203/12/1683 2201/1817/1683 2204/1819/1683
f 2203/12/1683 2204/1819/1683 2205/1820/1683
f 2203/12/1683 2205/1820/1683 2206/1821/1685
f 2206/1821/1685 2202/1818/1683 2203/12/1683
f 2207/1822/1685 2202/1818/1683 2206/1821/1685
f 2208/1823/1686 2209/1824/1687 2210/1824/1688
f 2209/1824/1687 2208/1823/1686 2211/1823/1689
f 2211/1823/1689 2212/1824/1690 2209/1824/1687
f 2213/1823/1691 2211/1823/1689 2208/1823/1686
f 2214/1823/1692 2212/1824/1690 2211/1823/1689
f 2211/1823/1689 2213/1823/1691 2215/1823/1693
f 2215/1823/1693 2214/1823/1692 2211/1823/1689
f 2216/1823/1694 2215/1823/1693 2213/1823/1691
f 2216/1823/1694 2213/1823/1691 2217/1823/1695
f 2218/1823/1690 2212/1824/1690 2214/1823/1692
f 2218/1823/1690 2219/1825/1696 2212/1824/1690
f 2216/1823/1694 2217/1823/1695 2220/1823/1697
f 2220/1823/1697 2217/1823/1695 2221/1823/1698
f 2222/1826/1699 2221/1823/1698 2223/1827/1700
f 2221/1823/1698 2222/1826/1699 2220/1823/1697
f 2220/1823/1697 2224/1823/1693 2216/1823/1694
f 2224/1823/1693 2215/1823/1693 2216/1823/1694
f 2225/1823/1701 2220/1823/1697 2222/1826/1699
f 2224/1823/1693 2220/1823/1697 2225/1823/1701
f 2225/1823/1701 2222/1826/1699 2226/1828/1702
f 2224/1823/1693 2227/1823/1703 2215/1823/1693
f 2214/1823/1692 2215/1823/1693 2227/1823/1703
f 2224/1823/1693 2225/1823/1701 2228/1823/1704
f 2228/1823/1704 2227/1823/1703 2224/1823/1693
f 2226/1828/1702 2229/1828/1705 2225/1823/1701
f 2225/1823/1701 2229/1828/1705 2228/1823/1704
f 2230/1829/1706 2229/1828/1705 2226/1828/1702
f 2231/1823/1707 2214/1823/1692 2227/1823/1703
f 2227/1823/1703 2228/1823/1704 2231/1823/1707
f 2214/1823/1692 2231/1823/1707 2218/1823/1690
f 2232/1828/1708 2228/1823/1704 2229/1828/1705
f 2232/1828/1708 2231/1823/1707 2228/1823/1704
f 2229/1828/1705 2230/1829/1706 2233/1829/1709
f 2229/1828/1705 2233/1829/1709 2232/1828/1708
f 2234/1830/1710 2233/1829/1709 2230/1829/1706
f 2231/1823/1707 2232/1828/1708 2235/1831/1711
f 2235/1831/1711 2218/1823/1690 2231/1823/1707
f 2236/1829/1712 2232/1828/1708 2233/1829/1709
f 2236/1829/1712 2235/1831/1711 2232/1828/1708
f 2233/1829/1709 2234/1830/1710 2237/1832/1713
f 2238/1833/1714 2237/1832/1713 2234/1830/1710
f 2233/1829/1709 2239/1832/1715 2236/1829/1712
f 2239/1832/1715 2233/1829/1709 2237/1832/1713
f 2235/1831/1711 2236/1829/1712 2240/1831/1716
f 2239/1832/1715 2240/1831/1716 2236/1829/1712
f 2241/1831/1717 2218/1823/1690 2235/1831/1711
f 2240/1831/1716 2241/1831/1717 2235/1831/1711
f 2219/1825/1696 2218/1823/1690 2241/1831/1717
f 2241/1831/1717 2242/1834/1718 2219/1825/1696
f 2243/1831/1719 2241/1831/1717 2240/1831/1716
f 2242/1834/1718 2241/1831/1717 2243/1831/1719
f 2240/1831/1716 2239/1832/1715 2244/1832/1720
f 2244/1832/1720 2243/1831/1719 2240/1831/1716
f 2245/1832/1721 2242/1834/1718 2243/1831/1719
f 2245/1832/1721 2243/1831/1719 2244/1832/1720
f 2242/1834/1718 2245/1832/1721 2246/1835/1722
f 2247/1836/1723 2244/1832/1720 2239/1832/1715
f 2237/1832/1713 2247/1836/1723 2239/1832/1715
f 2248/1836/1724 2245/1832/1721 2244/1832/1720
f 2244/1832/1720 2247/1836/1723 2248/1836/1724
f 2249/1836/1725 2246/1835/1722 2245/1832/1721
f 2249/1836/1725 2245/1832/1721 2248/1836/1724
f 2246/1835/1722 2249/1836/1725 2250/1837/1726
f 2247/1836/1723 2237/1832/1713 2251/1836/1727
f 2237/1832/1713 2238/1833/1714 2251/1836/1727
f 2252/1838/1728 2251/1836/1727 2238/1833/1714
f 2251/1836/1727 2253/1838/1729 2247/1836/1723
f 2253/1838/1729 2248/1836/1724 2247/1836/1723
f 2251/1836/1727 2252/1838/1728 2254/1838/1730
f 2253/1838/1729 2251/1836/1727 2254/1838/1730
f 2255/1839/1731 2254/1838/1730 2252/1838/1728
f 2248/1836/1724 2253/1838/1729 2256/1840/1732
f 2248/1836/1724 2256/1840/1732 2249/1836/1725
f 2254/1838/1730 2257/1839/1733 2253/1838/1729
f 2257/1839/1733 2256/1840/1732 2253/1838/1729
f 2254/1838/1730 2255/1839/1731 2258/1839/1734
f 2257/1839/1733 2254/1838/1730 2258/1839/1734
f 2259/1841/1735 2258/1839/1734 2255/1839/1731
f 2260/1840/1736 2249/1836/1725 2256/1840/1732
f 2260/1840/1736 2250/1837/1726 2249/1836/1725
f 2250/1837/1726 2260/1840/1736 2261/1840/1737
f 2258/1839/1734 2259/1841/1735 2262/1841/1738
f 2263/1842/1739 2262/1841/1738 2259/1841/1735
f 2264/1843/1740 2261/1840/1737 2260/1840/1736
f 2261/1840/1737 2264/1843/1740 2265/1843/1741
f 2266/1839/1742 2260/1840/1736 2256/1840/1732
f 2264/1843/1740 2260/1840/1736 2266/1839/1742
f 2256/1840/1732 2257/1839/1733 2266/1839/1742
f 2267/1843/1743 2265/1843/1741 2264/1843/1740
f 2265/1843/1741 2267/1843/1743 2268/1844/1744
f 2264/1843/1740 2266/1839/1742 2269/1843/1745
f 2267/1843/1743 2264/1843/1740 2269/1843/1745
f 2270/1841/1746 2266/1839/1742 2257/1839/1733
f 2258/1839/1734 2270/1841/1746 2257/1839/1733
f 2266/1839/1742 2270/1841/1746 2269/1843/1745
f 2270/1841/1746 2258/1839/1734 2262/1841/1738
f 2271/1844/1747 2269/1843/1745 2270/1841/1746
f 2262/1841/1738 2271/1844/1747 2270/1841/1746
f 2267/1843/1743 2269/1843/1745 2272/1844/1748
f 2269/1843/1745 2271/1844/1747 2272/1844/1748
f 2267/1843/1743 2273/1844/1749 2268/1844/1744
f 2273/1844/1749 2267/1843/1743 2272/1844/1748
f 2274/1845/1750 2268/1844/1744 2273/1844/1749
f 2273/1844/1749 2272/1844/1748 2275/1846/1751
f 2275/1846/1751 2272/1844/1748 2271/1844/1747
f 2273/1844/1749 2276/1846/1752 2274/1845/1750
f 2276/1846/1752 2273/1844/1749 2275/1846/1751
f 2274/1845/1750 2276/1846/1752 2277/1847/1753
f 2278/1847/1754 2274/1845/1750 2277/1847/1753
f 2276/1846/1752 2275/1846/1751 2279/1847/1755
f 2277/1847/1753 2276/1846/1752 2279/1847/1755
f 2271/1844/1747 2280/1846/1756 2275/1846/1751
f 2275/1846/1751 2280/1846/1756 2279/1847/1755
f 2278/1847/1754 2277/1847/1753 2281/1847/1757
f 2281/1847/1757 2282/1847/1758 2278/1847/1754
f 2277/1847/1753 2279/1847/1755 2283/1847/1759
f 2277/1847/1753 2283/1847/1759 2281/1847/1757
f 2284/1847/1760 2282/1847/1758 2281/1847/1757
f 2283/1847/1759 2285/1847/1761 2281/1847/1757
f 2285/1847/1761 2284/1847/1760 2281/1847/1757
f 2282/1847/1758 2284/1847/1760 2286/1847/1758
f 2286/1847/1758 2287/1848/1762 2282/1847/1758
f 2285/1847/1761 2288/1847/1763 2284/1847/1760
f 2288/1847/1763 2286/1847/1758 2284/1847/1760
f 2287/1848/1762 2286/1847/1758 2289/1848/1764
f 2289/1848/1764 2290/1849/1765 2287/1848/1762
f 2288/1847/1763 2291/1848/1766 2286/1847/1758
f 2289/1848/1764 2286/1847/1758 2291/1848/1766
f 2290/1849/1765 2289/1848/1764 2292/1849/1767
f 2292/1849/1767 2293/1850/1768 2290/1849/1765
f 2294/1849/1769 2289/1848/1764 2291/1848/1766
f 2289/1848/1764 2294/1849/1769 2292/1849/1767
f 2293/1850/1768 2292/1849/1767 2295/1851/1768
f 2295/1851/1768 2296/1852/1770 2293/1850/1768
f 2297/1851/1771 2292/1849/1767 2294/1849/1769
f 2292/1849/1767 2297/1851/1771 2295/1851/1768
f 2291/1848/1766 2298/1849/1769 2294/1849/1769
f 2298/1849/1769 2297/1851/1771 2294/1849/1769
f 2296/1852/1770 2295/1851/1768 2299/1853/1772
f 2299/1853/1772 2300/1854/1773 2296/1852/1770
f 2301/1853/1774 2295/1851/1768 2297/1851/1771
f 2295/1851/1768 2301/1853/1774 2299/1853/1772
f 2300/1854/1773 2299/1853/1772 2302/1855/1773
f 2300/1854/1773 2302/1855/1773 2303/1856/1775
f 2304/1855/1776 2299/1853/1772 2301/1853/1774
f 2299/1853/1772 2304/1855/1776 2302/1855/1773
f 2305/1851/1771 2301/1853/1774 2297/1851/1771
f 2298/1849/1769 2305/1851/1771 2297/1851/1771
f 2306/1853/1774 2304/1855/1776 2301/1853/1774
f 2305/1851/1771 2306/1853/1774 2301/1853/1774
f 2307/1857/1777 2302/1855/1773 2304/1855/1776
f 2306/1853/1774 2308/1855/1776 2304/1855/1776
f 2307/1857/1777 2304/1855/1776 2308/1855/1776
f 2305/1851/1771 2309/1853/1778 2306/1853/1774
f 2309/1853/1778 2308/1855/1776 2306/1853/1774
f 2302/1855/1773 2310/1857/1779 2303/1856/1775
f 2302/1855/1773 2307/1857/1777 2310/1857/1779
f 2303/1856/1775 2310/1857/1779 2311/1858/1780
f 2311/1858/1780 2310/1857/1779 2312/1613/1781
f 2310/1857/1779 2313/1613/1782 2312/1613/1781
f 2312/1613/1781 2313/1613/1782 2314/1613/1783
f 2314/1613/1783 2313/1613/1782 2315/1859/1784
f 2316/1612/1785 2310/1857/1779 2307/1857/1777
f 2310/1857/1779 2316/1612/1785 2313/1613/1782
f 2313/1613/1782 2317/1860/1786 2315/1859/1784
f 2315/1859/1784 2317/1860/1786 2318/1860/1786
f 2318/1860/1786 2317/1860/1786 2319/1860/1787
f 2320/1860/1788 2313/1613/1782 2316/1612/1785
f 2317/1860/1786 2313/1613/1782 2320/1860/1788
f 2321/1857/1789 2316/1612/1785 2307/1857/1777
f 2308/1855/1776 2321/1857/1789 2307/1857/1777
f 2320/1860/1788 2316/1612/1785 2322/1612/1785
f 2321/1857/1789 2322/1612/1785 2316/1612/1785
f 2323/1861/1790 2317/1860/1786 2320/1860/1788
f 2322/1612/1785 2324/1862/1791 2320/1860/1788
f 2323/1861/1790 2320/1860/1788 2324/1862/1791
f 2317/1860/1786 2325/1861/1792 2319/1860/1787
f 2325/1861/1792 2317/1860/1786 2323/1861/1790
f 2319/1860/1787 2325/1861/1792 2326/1861/1793
f 2326/1861/1793 2325/1861/1792 2327/1863/1794
f 2325/1861/1792 2328/1864/1795 2327/1863/1794
f 2327/1863/1794 2328/1864/1795 2329/1865/1796
f 2329/1865/1796 2328/1864/1795 2330/1865/1797
f 2331/1864/1798 2325/1861/1792 2323/1861/1790
f 2328/1864/1795 2325/1861/1792 2331/1864/1798
f 2328/1864/1795 2332/1866/1799 2330/1865/1797
f 2331/1864/1798 2332/1866/1799 2328/1864/1795
f 2330/1865/1797 2332/1866/1799 2333/1866/1800
f 2333/1866/1800 2332/1866/1799 2334/1866/1801
f 2331/1864/1798 2323/1861/1790 2335/1861/1790
f 2324/1862/1791 2335/1861/1790 2323/1861/1790
f 2336/1867/1802 2334/1866/1801 2332/1866/1799
f 2334/1866/1801 2336/1867/1802 2337/1868/1802
f 2336/1867/1802 2338/1869/1803 2337/1868/1802
f 2332/1866/1799 2331/1864/1798 2339/1866/1804
f 2339/1866/1804 2336/1867/1802 2332/1866/1799
f 2338/1869/1803 2336/1867/1802 2340/1869/1805
f 2338/1869/1803 2340/1869/1805 2341/1869/1806
f 2340/1869/1805 2342/1870/1807 2341/1869/1806
f 2336/1867/1802 2339/1866/1804 2343/1867/1808
f 2343/1867/1808 2340/1869/1805 2336/1867/1802
f 2339/1866/1804 2331/1864/1798 2344/1864/1809
f 2335/1861/1790 2344/1864/1809 2331/1864/1798
f 2343/1867/1808 2339/1866/1804 2345/1866/1810
f 2344/1864/1809 2345/1866/1810 2339/1866/1804
f 2342/1870/1807 2340/1869/1805 2346/1871/1811
f 2346/1871/1811 2347/1872/1812 2342/1870/1807
f 2340/1869/1805 2343/1867/1808 2348/1869/1813
f 2348/1869/1813 2346/1871/1811 2340/1869/1805
f 2345/1866/1810 2349/1867/1814 2343/1867/1808
f 2348/1869/1813 2343/1867/1808 2349/1867/1814
f 2347/1872/1812 2346/1871/1811 2350/1873/1815
f 2347/1872/1812 2350/1873/1815 2351/1874/1816
f 2350/1873/1815 2352/1874/1817 2351/1874/1816
f 2346/1871/1811 2348/1869/1813 2353/1871/1818
f 2353/1871/1818 2350/1873/1815 2346/1871/1811
f 2352/1874/1817 2350/1873/1815 2354/1875/1819
f 2352/1874/1817 2354/1875/1819 2355/1875/1820
f 2350/1873/1815 2353/1871/1818 2356/1873/1821
f 2356/1873/1821 2354/1875/1819 2350/1873/1815
f 2353/1871/1818 2348/1869/1813 2357/1876/1822
f 2349/1867/1814 2357/1876/1822 2348/1869/1813
f 2356/1873/1821 2353/1871/1818 2358/1871/1823
f 2357/1876/1822 2358/1871/1823 2353/1871/1818
f 2354/1875/1819 2356/1873/1821 2359/1875/1824
f 2358/1871/1823 2360/1873/1825 2356/1873/1821
f 2359/1875/1824 2356/1873/1821 2360/1873/1825
f 2361/1877/1826 2355/1875/1820 2354/1875/1819
f 2359/1875/1824 2361/1877/1826 2354/1875/1819
f 2355/1875/1820 2361/1877/1826 2362/1878/1827
f 2362/1878/1827 2361/1877/1826 2363/1879/1828
f 2361/1877/1826 2359/1875/1824 2364/1877/1829
f 2361/1877/1826 2365/1879/1830 2363/1879/1828
f 2364/1877/1829 2365/1879/1830 2361/1877/1826
f 2365/1879/1830 2366/1880/1831 2363/1879/1828
f 2363/1879/1828 2366/1880/1831 2367/1879/1832
f 2365/1879/1830 2364/1877/1829 2368/1877/1833
f 2368/1877/1833 2366/1880/1831 2365/1879/1830
f 2364/1877/1829 2359/1875/1824 2369/1881/1834
f 2359/1875/1824 2360/1873/1825 2369/1881/1834
f 2370/1877/1835 2368/1877/1833 2364/1877/1829
f 2369/1881/1834 2370/1877/1835 2364/1877/1829
f 2371/1880/1836 2367/1879/1832 2366/1880/1831
f 2367/1879/1832 2371/1880/1836 2372/1879/1836
f 2366/1880/1831 2368/1877/1833 2373/1880/1837
f 2373/1880/1837 2371/1880/1836 2366/1880/1831
f 2374/1880/1838 2372/1879/1836 2371/1880/1836
f 2372/1879/1836 2374/1880/1838 2375/1882/1839
f 2371/1880/1836 2373/1880/1837 2376/1880/1840
f 2376/1880/1840 2374/1880/1838 2371/1880/1836
f 2377/1883/1841 2375/1882/1839 2374/1880/1838
f 2375/1882/1839 2377/1883/1841 2378/1883/1842
f 2374/1880/1838 2376/1880/1840 2379/1880/1843
f 2379/1880/1843 2377/1883/1841 2374/1880/1838
f 2380/1883/1844 2378/1883/1842 2377/1883/1841
f 2378/1883/1842 2380/1883/1844 2381/1883/1845
f 2377/1883/1841 2379/1880/1843 2382/1883/1846
f 2382/1883/1846 2380/1883/1844 2377/1883/1841
f 2376/1880/1840 2383/1880/1847 2379/1880/1843
f 2379/1880/1843 2384/1884/1848 2382/1883/1846
f 2384/1884/1848 2379/1880/1843 2383/1880/1847
f 2380/1883/1844 2382/1883/1846 2385/1883/1849
f 2384/1884/1848 2386/1885/1850 2382/1883/1846
f 2382/1883/1846 2386/1885/1850 2385/1883/1849
f 2383/1880/1847 2387/1884/1851 2384/1884/1848
f 2387/1884/1851 2386/1885/1850 2384/1884/1848
f 2376/1880/1840 2388/1880/1852 2383/1880/1847
f 2373/1880/1837 2388/1880/1852 2376/1880/1840
f 2389/1880/1853 2387/1884/1851 2383/1880/1847
f 2388/1880/1852 2389/1880/1853 2383/1880/1847
f 2388/1880/1852 2373/1880/1837 2390/1880/1837
f 2391/1880/1854 2389/1880/1853 2388/1880/1852
f 2390/1880/1837 2391/1880/1854 2388/1880/1852
f 2373/1880/1837 2392/1886/1855 2390/1880/1837
f 2392/1886/1855 2373/1880/1837 2368/1877/1833
f 2368/1877/1833 2370/1877/1835 2392/1886/1855
f 2393/1886/1856 2391/1880/1854 2390/1880/1837
f 2392/1886/1855 2393/1886/1856 2390/1880/1837
f 2394/1880/1854 2389/1880/1853 2391/1880/1854
f 2393/1886/1856 2394/1880/1854 2391/1880/1854
f 2370/1877/1835 2395/1886/1857 2392/1886/1855
f 2393/1886/1856 2392/1886/1855 2395/1886/1857
f 2389/1880/1853 2394/1880/1854 2396/1884/1858
f 2387/1884/1851 2389/1880/1853 2396/1884/1858
f 2397/1886/1859 2394/1880/1854 2393/1886/1856
f 2398/1886/1860 2393/1886/1856 2395/1886/1857
f 2393/1886/1856 2398/1886/1860 2397/1886/1859
f 2399/1880/1861 2396/1884/1858 2394/1880/1854
f 2394/1880/1854 2397/1886/1859 2399/1880/1861
f 2400/1877/1862 2398/1886/1860 2395/1886/1857
f 2395/1886/1857 2370/1877/1835 2400/1877/1862
f 2401/1886/1863 2397/1886/1859 2398/1886/1860
f 2401/1886/1863 2398/1886/1860 2400/1877/1862
f 2397/1886/1859 2402/1884/1864 2399/1880/1861
f 2397/1886/1859 2401/1886/1863 2403/1886/1865
f 2403/1886/1865 2402/1884/1864 2397/1886/1859
f 2403/1886/1865 2401/1886/1863 2404/1886/1866
f 2401/1886/1863 2400/1877/1862 2404/1886/1866
f 2404/1886/1866 2405/1886/1867 2403/1886/1865
f 2406/1877/1868 2404/1886/1866 2400/1877/1862
f 2407/1887/1869 2403/1886/1865 2405/1886/1867
f 2402/1884/1864 2403/1886/1865 2407/1887/1869
f 2405/1886/1867 2408/1887/1869 2407/1887/1869
f 2409/1881/1870 2406/1877/1868 2400/1877/1862
f 2406/1877/1868 2409/1881/1870 2410/1881/1871
f 2400/1877/1862 2411/1881/1872 2409/1881/1870
f 2370/1877/1835 2411/1881/1872 2400/1877/1862
f 2370/1877/1835 2369/1881/1834 2411/1881/1872
f 2412/1873/1873 2410/1881/1871 2409/1881/1870
f 2412/1873/1873 2409/1881/1870 2411/1881/1872
f 2410/1881/1871 2412/1873/1873 2413/1873/1874
f 2412/1873/1873 2414/1871/1875 2413/1873/1874
f 2369/1881/1834 2415/1873/1876 2411/1881/1872
f 2411/1881/1872 2415/1873/1876 2412/1873/1873
f 2415/1873/1876 2369/1881/1834 2360/1873/1825
f 2414/1871/1875 2412/1873/1873 2416/1871/1877
f 2416/1871/1877 2412/1873/1873 2415/1873/1876
f 2360/1873/1825 2416/1871/1877 2415/1873/1876
f 2416/1871/1877 2360/1873/1825 2358/1871/1823
f 2416/1871/1877 2417/1888/1878 2414/1871/1875
f 2358/1871/1823 2357/1876/1822 2416/1871/1877
f 2417/1888/1878 2416/1871/1877 2418/1888/1878
f 2418/1888/1878 2416/1871/1877 2357/1876/1822
f 2418/1888/1878 2419/1889/1879 2417/1888/1878
f 2357/1876/1822 2420/1889/1880 2418/1888/1878
f 2419/1889/1879 2418/1888/1878 2420/1889/1880
f 2420/1889/1880 2357/1876/1822 2349/1867/1814
f 2420/1889/1880 2421/1890/1881 2419/1889/1879
f 2349/1867/1814 2422/1890/1882 2420/1889/1880
f 2421/1890/1881 2420/1889/1880 2422/1890/1882
f 2422/1890/1882 2349/1867/1814 2345/1866/1810
f 2422/1890/1882 2423/1864/1883 2421/1890/1881
f 2345/1866/1810 2424/1864/1884 2422/1890/1882
f 2423/1864/1883 2422/1890/1882 2424/1864/1884
f 2424/1864/1884 2345/1866/1810 2344/1864/1809
f 2424/1864/1884 2425/1861/1885 2423/1864/1883
f 2344/1864/1809 2426/1861/1886 2424/1864/1884
f 2425/1861/1885 2424/1864/1884 2426/1861/1886
f 2426/1861/1886 2344/1864/1809 2335/1861/1790
f 2426/1861/1886 2427/1862/1887 2425/1861/1885
f 2335/1861/1790 2428/1862/1888 2426/1861/1886
f 2427/1862/1887 2426/1861/1886 2428/1862/1888
f 2428/1862/1888 2335/1861/1790 2324/1862/1791
f 2428/1862/1888 2429/1891/1889 2427/1862/1887
f 2324/1862/1791 2430/1612/1890 2428/1862/1888
f 2429/1891/1889 2428/1862/1888 2430/1612/1890
f 2430/1612/1890 2324/1862/1791 2322/1612/1785
f 2430/1612/1890 2431/1857/1891 2429/1891/1889
f 2322/1612/1785 2321/1857/1789 2430/1612/1890
f 2431/1857/1891 2430/1612/1890 2432/1857/1892
f 2430/1612/1890 2321/1857/1789 2432/1857/1892
f 2432/1857/1892 2433/1855/1893 2431/1857/1891
f 2321/1857/1789 2434/1855/1894 2432/1857/1892
f 2433/1855/1893 2432/1857/1892 2434/1855/1894
f 2434/1855/1894 2321/1857/1789 2308/1855/1776
f 2434/1855/1894 2435/1853/1778 2433/1855/1893
f 2308/1855/1776 2309/1853/1778 2434/1855/1894
f 2435/1853/1778 2434/1855/1894 2309/1853/1778
f 2309/1853/1778 2436/1851/1895 2435/1853/1778
f 2436/1851/1895 2309/1853/1778 2437/1851/1896
f 2309/1853/1778 2305/1851/1771 2437/1851/1896
f 2437/1851/1896 2438/1849/1897 2436/1851/1895
f 2298/1849/1769 2437/1851/1896 2305/1851/1771
f 2438/1849/1897 2437/1851/1896 2439/1849/1898
f 2437/1851/1896 2298/1849/1769 2439/1849/1898
f 2440/1848/1899 2438/1849/1897 2439/1849/1898
f 2438/1849/1897 2440/1848/1899 2441/1848/1899
f 2442/1848/1900 2439/1849/1898 2298/1849/1769
f 2439/1849/1898 2442/1848/1900 2440/1848/1899
f 2298/1849/1769 2291/1848/1766 2442/1848/1900
f 2288/1847/1763 2442/1848/1900 2291/1848/1766
f 2443/1847/1901 2442/1848/1900 2288/1847/1763
f 2443/1847/1901 2440/1848/1899 2442/1848/1900
f 2285/1847/1761 2443/1847/1901 2288/1847/1763
f 2444/1847/1902 2441/1848/1899 2440/1848/1899
f 2444/1847/1902 2440/1848/1899 2443/1847/1901
f 2441/1848/1899 2444/1847/1902 2445/1847/1903
f 2443/1847/1901 2285/1847/1761 2446/1847/1761
f 2446/1847/1761 2444/1847/1902 2443/1847/1901
f 2283/1847/1759 2446/1847/1761 2285/1847/1761
f 2447/1847/1904 2445/1847/1903 2444/1847/1902
f 2447/1847/1904 2444/1847/1902 2446/1847/1761
f 2445/1847/1903 2447/1847/1904 2448/1847/1905
f 2446/1847/1761 2283/1847/1759 2449/1846/1759
f 2449/1846/1759 2447/1847/1904 2446/1847/1761
f 2279/1847/1755 2449/1846/1759 2283/1847/1759
f 2450/1846/1906 2448/1847/1905 2447/1847/1904
f 2450/1846/1906 2447/1847/1904 2449/1846/1759
f 2448/1847/1905 2450/1846/1906 2451/1846/1907
f 2450/1846/1906 2452/1846/1908 2451/1846/1907
f 2449/1846/1759 2279/1847/1755 2453/1846/1909
f 2452/1846/1908 2450/1846/1906 2454/1846/1910
f 2449/1846/1759 2454/1846/1910 2450/1846/1906
f 2454/1846/1910 2449/1846/1759 2453/1846/1909
f 2454/1846/1910 2455/1846/1911 2452/1846/1908
f 2279/1847/1755 2280/1846/1756 2453/1846/1909
f 2453/1846/1909 2456/1846/1912 2454/1846/1910
f 2456/1846/1912 2453/1846/1909 2280/1846/1756
f 2455/1846/1911 2454/1846/1910 2456/1846/1912
f 2280/1846/1756 2457/1844/1913 2456/1846/1912
f 2457/1844/1913 2455/1846/1911 2456/1846/1912
f 2457/1844/1913 2280/1846/1756 2271/1844/1747
f 2455/1846/1911 2457/1844/1913 2263/1842/1739
f 2271/1844/1747 2262/1841/1738 2457/1844/1913
f 2262/1841/1738 2263/1842/1739 2457/1844/1913
f 2458/1892/1914 2459/1893/1915 2460/1894/1916
f 2461/1895/1917 2459/1893/1915 2458/1892/1914
f 2461/1895/1917 2462/1896/1918 2459/1893/1915
f 2463/1897/1919 2461/1895/1917 2458/1892/1914
f 2464/1898/1918 2462/1896/1918 2461/1895/1917
f 2464/1898/1918 2465/1899/1918 2462/1896/1918
f 2461/1895/1917 2463/1897/1919 2466/1896/1920
f 2466/1896/1920 2464/1898/1918 2461/1895/1917
f 2467/1900/1919 2466/1896/1920 2463/1897/1919
f 2464/1898/1918 2468/1901/1918 2465/1899/1918
f 2468/1901/1918 2469/1902/1921 2465/1899/1918
f 2466/1896/1920 2467/1900/1919 2470/1903/1922
f 2471/1904/1923 2470/1903/1922 2467/1900/1919
f 2464/1898/1918 2466/1896/1920 2472/1905/1924
f 2470/1903/1922 2472/1905/1924 2466/1896/1920
f 2472/1905/1924 2468/1901/1918 2464/1898/1918
f 2470/1903/1922 2471/1904/1923 2473/1906/1925
f 2473/1906/1925 2471/1904/1923 2474/1906/1926
f 2470/1903/1922 2475/1907/1927 2472/1905/1924
f 2473/1906/1925 2475/1907/1927 2470/1903/1922
f 2476/1898/1925 2473/1906/1925 2474/1906/1926
f 2476/1898/1925 2474/1906/1926 2477/1908/1928
f 2478/1905/1929 2476/1898/1925 2477/1908/1928
f 2479/1909/1930 2473/1906/1925 2476/1898/1925
f 2475/1907/1927 2473/1906/1925 2479/1909/1930
f 2480/1910/1931 2476/1898/1925 2478/1905/1929
f 2480/1910/1931 2479/1909/1930 2476/1898/1925
f 2478/1905/1929 2481/1910/1932 2480/1910/1931
f 2479/1909/1930 2482/1911/1933 2475/1907/1927
f 2480/1910/1931 2482/1911/1933 2479/1909/1930
f 2481/1910/1932 2483/1912/1934 2480/1910/1931
f 2480/1910/1931 2483/1912/1934 2482/1911/1933
f 2481/1910/1932 2484/1913/1935 2483/1912/1934
f 2485/1914/1936 2483/1912/1934 2484/1913/1935
f 2483/1912/1934 2485/1914/1936 2486/1822/1931
f 2486/1822/1931 2482/1911/1933 2483/1912/1934
f 2487/1901/1937 2486/1822/1931 2485/1914/1936
f 2488/1911/1924 2475/1907/1927 2482/1911/1933
f 2475/1907/1927 2488/1911/1924 2472/1905/1924
f 2482/1911/1933 2486/1822/1931 2489/1915/1938
f 2489/1915/1938 2488/1911/1924 2482/1911/1933
f 2486/1822/1931 2487/1901/1937 2490/1915/1939
f 2490/1915/1939 2489/1915/1938 2486/1822/1931
f 2491/1822/1924 2472/1905/1924 2488/1911/1924
f 2468/1901/1918 2472/1905/1924 2491/1822/1924
f 2488/1911/1924 2489/1915/1938 2492/1916/1940
f 2492/1916/1940 2491/1822/1924 2488/1911/1924
f 2489/1915/1938 2490/1915/1939 2493/1917/1941
f 2489/1915/1938 2493/1917/1941 2492/1916/1940
f 2494/1918/1942 2468/1901/1918 2491/1822/1924
f 2491/1822/1924 2492/1916/1940 2494/1918/1942
f 2468/1901/1918 2494/1918/1942 2495/1919/1943
f 2495/1919/1943 2469/1902/1921 2468/1901/1918
f 2495/1919/1943 2496/1920/1944 2469/1902/1921
f 2497/1921/1945 2494/1918/1942 2492/1916/1940
f 2492/1916/1940 2493/1917/1941 2497/1921/1945
f 2494/1918/1942 2498/1922/1945 2495/1919/1943
f 2494/1918/1942 2497/1921/1945 2498/1922/1945
f 2499/1923/1946 2496/1920/1944 2495/1919/1943
f 2498/1922/1945 2499/1923/1946 2495/1919/1943
f 2499/1923/1946 2500/1924/1947 2496/1920/1944
f 2500/1924/1947 2499/1923/1946 2501/1925/1948
f 2498/1922/1945 2501/1925/1948 2499/1923/1946
f 2501/1925/1948 2502/1926/1949 2500/1924/1947
f 2501/1925/1948 2498/1922/1945 2503/1927/1950
f 2497/1921/1945 2503/1927/1950 2498/1922/1945
f 2502/1926/1949 2501/1925/1948 2504/1928/1949
f 2503/1927/1950 2504/1928/1949 2501/1925/1948
f 2504/1928/1949 2505/1929/1951 2502/1926/1949
f 2503/1927/1950 2497/1921/1945 2506/1930/1952
f 2505/1929/1951 2504/1928/1949 2507/1931/1951
f 2504/1928/1949 2503/1927/1950 2508/1925/1953
f 2506/1930/1952 2508/1925/1953 2503/1927/1950
f 2507/1931/1951 2504/1928/1949 2509/1932/1954
f 2509/1932/1954 2504/1928/1949 2508/1925/1953
f 2510/1933/1955 2505/1929/1951 2507/1931/1951
f 2509/1932/1954 2510/1933/1955 2507/1931/1951
f 2505/1929/1951 2510/1933/1955 2511/1934/1955
f 2509/1932/1954 2508/1925/1953 2512/1935/1956
f 2513/1936/1955 2511/1934/1955 2510/1933/1955
f 2511/1934/1955 2513/1936/1955 2514/1937/1955
f 2510/1933/1955 2509/1932/1954 2515/1938/1957
f 2509/1932/1954 2512/1935/1956 2515/1938/1957
f 2510/1933/1955 2516/1939/1958 2513/1936/1955
f 2515/1938/1957 2516/1939/1958 2510/1933/1955
f 2517/1940/1959 2514/1937/1955 2513/1936/1955
f 2514/1937/1955 2517/1940/1959 2518/1941/1959
f 2513/1936/1955 2519/1942/1960 2517/1940/1959
f 2519/1942/1960 2513/1936/1955 2516/1939/1958
f 2520/1943/1959 2518/1941/1959 2517/1940/1959
f 2519/1942/1960 2520/1943/1959 2517/1940/1959
f 2518/1941/1959 2520/1943/1959 2521/1944/1959
f 2521/1944/1959 2520/1943/1959 2522/1945/1961
f 2516/1939/1958 2523/1946/1962 2519/1942/1960
f 2524/1947/1963 2522/1945/1961 2520/1943/1959
f 2522/1945/1961 2524/1947/1963 2525/1894/1914
f 2526/1892/1964 2525/1894/1914 2524/1947/1963
f 2524/1947/1963 2527/1897/1965 2526/1892/1964
f 2524/1947/1963 2528/1893/1966 2527/1897/1965
f 2520/1943/1959 2528/1893/1966 2524/1947/1963
f 2528/1893/1966 2529/1900/1967 2527/1897/1965
f 2520/1943/1959 2519/1942/1960 2530/1947/1968
f 2528/1893/1966 2520/1943/1959 2530/1947/1968
f 2523/1946/1962 2530/1947/1968 2519/1942/1960
f 2528/1893/1966 2531/1897/1969 2529/1900/1967
f 2530/1947/1968 2531/1897/1969 2528/1893/1966
f 2530/1947/1968 2523/1946/1962 2532/1948/1962
f 2531/1897/1969 2530/1947/1968 2532/1948/1962
f 2533/1900/1970 2529/1900/1967 2531/1897/1969
f 2529/1900/1967 2533/1900/1970 2534/1904/1971
f 2534/1904/1971 2533/1900/1970 2535/1906/1972
f 2536/1949/1973 2531/1897/1969 2532/1948/1962
f 2531/1897/1969 2536/1949/1973 2533/1900/1970
f 2535/1906/1972 2537/1908/1974 2538/1908/1975
f 2533/1900/1970 2539/1903/1976 2535/1906/1972
f 2539/1903/1976 2537/1908/1974 2535/1906/1972
f 2539/1903/1976 2533/1900/1970 2536/1949/1973
f 2539/1903/1976 2540/64/1977 2537/1908/1974
f 2540/64/1977 2539/1903/1976 2541/1950/1978
f 2536/1949/1973 2541/1950/1978 2539/1903/1976
f 2541/1950/1978 2542/1951/1979 2540/64/1977
f 2532/1948/1962 2543/1952/1980 2536/1949/1973
f 2536/1949/1973 2543/1952/1980 2541/1950/1978
f 2543/1952/1980 2532/1948/1962 2523/1946/1962
f 2541/1950/1978 2544/64/1925 2542/1951/1979
f 2541/1950/1978 2543/1952/1980 2544/64/1925
f 2545/1953/1981 2542/1951/1979 2544/64/1925
f 2542/1951/1979 2545/1953/1981 2546/1954/1982
f 2543/1952/1980 2547/1955/1983 2544/64/1925
f 2523/1946/1962 2548/1956/1958 2543/1952/1980
f 2543/1952/1980 2548/1956/1958 2547/1955/1983
f 2523/1946/1962 2516/1939/1958 2548/1956/1958
f 2516/1939/1958 2515/1938/1957 2548/1956/1958
f 2549/1957/1981 2544/64/1925 2547/1955/1983
f 2548/1956/1958 2549/1957/1981 2547/1955/1983
f 2544/64/1925 2549/1957/1981 2545/1953/1981
f 2550/1958/1958 2548/1956/1958 2515/1938/1957
f 2549/1957/1981 2548/1956/1958 2550/1958/1958
f 2512/1935/1956 2550/1958/1958 2515/1938/1957
f 2550/1958/1958 2551/1959/1984 2549/1957/1981
f 2551/1959/1984 2550/1958/1958 2512/1935/1956
f 2551/1959/1984 2545/1953/1981 2549/1957/1981
f 2512/1935/1956 2552/1960/1956 2551/1959/1984
f 2512/1935/1956 2508/1925/1953 2552/1960/1956
f 2508/1925/1953 2506/1930/1952 2552/1960/1956
f 2545/1953/1981 2551/1959/1984 2553/1961/1984
f 2553/1961/1984 2546/1954/1982 2545/1953/1981
f 2546/1954/1982 2553/1961/1984 2554/1962/1985
f 2551/1959/1984 2552/1960/1956 2555/1963/1984
f 2555/1963/1984 2553/1961/1984 2551/1959/1984
f 2552/1960/1956 2506/1930/1952 2555/1963/1984
f 2556/1964/1984 2554/1962/1985 2553/1961/1984
f 2553/1961/1984 2555/1963/1984 2556/1964/1984
f 2554/1962/1985 2556/1964/1984 2557/1901/1986
f 2556/1964/1984 2487/1901/1937 2557/1901/1986
f 2490/1915/1939 2487/1901/1937 2556/1964/1984
f 2555/1963/1984 2506/1930/1952 2558/1921/1984
f 2558/1921/1984 2556/1964/1984 2555/1963/1984
f 2556/1964/1984 2558/1921/1984 2490/1915/1939
f 2497/1921/1945 2558/1921/1984 2506/1930/1952
f 2558/1921/1984 2493/1917/1941 2490/1915/1939
f 2558/1921/1984 2497/1921/1945 2493/1917/1941
f 2559/1965/1987 2560/1966/1988 2561/1967/1989
f 2562/1968/1990 2559/1965/1987 2561/1967/1989
f 2563/1968/1991 2562/1968/1990 2561/1967/1989
f 2564/1969/1992 2563/1968/1991 2561/1967/1989
f 2565/1780/1993 2564/1969/1992 2561/1967/1989
f 2564/1969/1992 2565/1780/1993 2566/1970/1993
f 2567/1781/1994 2566/1970/1993 2565/1780/1993
f 2566/1970/1993 2567/1781/1994 2568/1971/1995
f 2568/1971/1995 2567/1781/1994 2569/1972/1996
f 2569/1972/1996 2567/1781/1994 2570/1782/1997
f 2571/1973/1998 2569/1972/1996 2570/1782/1997
f 2569/1972/1996 2571/1973/1998 2572/1974/1999
f 2572/1974/1999 2571/1973/1998 2573/1975/2000
f 2573/1975/2000 2571/1973/1998 2574/1976/2001
f 2575/1977/2002 2574/1976/2001 2571/1973/1998
f 2576/1978/2003 2575/1977/2002 2571/1973/1998
f 2577/1885/2004 2578/1885/2005 2579/1885/2006
f 2580/1885/2007 2579/1885/2006 2578/1885/2005
f 2581/1979/2006 2579/1885/2006 2580/1885/2007
f 2580/1885/2007 2582/1979/2006 2581/1979/2006
f 2583/1979/2008 2582/1979/2006 2584/1979/2009
f 2583/1979/2008 2581/1979/2006 2582/1979/2006
f 2381/1883/1845 2583/1979/2008 2585/1979/2008
f 2583/1979/2008 2586/1979/2010 2581/1979/2006
f 2586/1979/2010 2579/1885/2006 2581/1979/2006
f 2583/1979/2008 2381/1883/1845 2587/1883/2011
f 2587/1883/2011 2586/1979/2010 2583/1979/2008
f 2587/1883/2011 2381/1883/1845 2380/1883/1844
f 2385/1883/1849 2587/1883/2011 2380/1883/1844
f 2586/1979/2010 2587/1883/2011 2588/1883/2012
f 2385/1883/1849 2588/1883/2012 2587/1883/2011
f 2579/1885/2006 2586/1979/2010 2589/1885/2012
f 2588/1883/2012 2589/1885/2012 2586/1979/2010
f 2385/1883/1849 2590/1885/2010 2588/1883/2012
f 2590/1885/2010 2589/1885/2012 2588/1883/2012
f 2590/1885/2010 2385/1883/1849 2386/1885/1850
f 2591/1885/2013 2579/1885/2006 2589/1885/2012
f 2579/1885/2006 2591/1885/2013 2592/1885/2014
f 2593/1885/2015 2589/1885/2012 2590/1885/2010
f 2589/1885/2012 2593/1885/2015 2591/1885/2013
f 2386/1885/1850 2594/1885/2016 2590/1885/2010
f 2594/1885/2016 2593/1885/2015 2590/1885/2010
f 2386/1885/1850 2387/1884/1851 2594/1885/2016
f 2595/1885/2017 2591/1885/2013 2593/1885/2015
f 2593/1885/2015 2594/1885/2016 2595/1885/2017
f 2596/1885/2013 2592/1885/2014 2591/1885/2013
f 2591/1885/2013 2595/1885/2017 2596/1885/2013
f 2592/1885/2014 2596/1885/2013 2597/1885/2018
f 2596/1885/2013 2598/1980/2019 2597/1885/2018
f 2599/1884/1851 2594/1885/2016 2387/1884/1851
f 2594/1885/2016 2599/1884/1851 2595/1885/2017
f 2396/1884/1858 2599/1884/1851 2387/1884/1851
f 2598/1980/2019 2596/1885/2013 2600/1980/2020
f 2595/1885/2017 2600/1980/2020 2596/1885/2013
f 2600/1980/2020 2601/1980/2021 2598/1980/2019
f 2602/1884/2022 2599/1884/1851 2396/1884/1858
f 2396/1884/1858 2399/1880/1861 2602/1884/2022
f 2402/1884/1864 2602/1884/2022 2399/1880/1861
f 2600/1980/2020 2603/1980/2023 2601/1980/2021
f 2604/1980/2021 2601/1980/2021 2603/1980/2023
f 2602/1884/2022 2402/1884/1864 2605/1884/2024
f 2407/1887/1869 2605/1884/2024 2402/1884/1864
f 2599/1884/1851 2602/1884/2022 2606/1884/2025
f 2606/1884/2025 2602/1884/2022 2605/1884/2024
f 2606/1884/2025 2595/1885/2017 2599/1884/1851
f 2605/1884/2024 2407/1887/1869 2607/1884/2026
f 2607/1884/2026 2407/1887/1869 2408/1887/1869
f 2408/1887/1869 2608/1887/2027 2607/1884/2026
f 2605/1884/2024 2609/1884/2028 2606/1884/2025
f 2607/1884/2026 2609/1884/2028 2605/1884/2024
f 2595/1885/2017 2606/1884/2025 2610/1885/2029
f 2609/1884/2028 2610/1885/2029 2606/1884/2025
f 2600/1980/2020 2595/1885/2017 2610/1885/2029
f 2610/1885/2029 2603/1980/2023 2600/1980/2020
f 2611/1884/2030 2607/1884/2026 2608/1887/2027
f 2609/1884/2028 2607/1884/2026 2611/1884/2030
f 2608/1887/2027 2612/1981/2031 2611/1884/2030
f 2610/1885/2029 2609/1884/2028 2613/1981/2032
f 2611/1884/2030 2613/1981/2032 2609/1884/2028
f 2603/1980/2023 2610/1885/2029 2613/1981/2032
f 2611/1884/2030 2612/1981/2031 2614/1981/2033
f 2613/1981/2032 2611/1884/2030 2614/1981/2033
f 2612/1981/2031 2615/1981/2034 2614/1981/2033
f 2613/1981/2032 2616/1980/2035 2603/1980/2023
f 2614/1981/2033 2616/1980/2035 2613/1981/2032
f 2614/1981/2033 2615/1981/2034 2616/1980/2035
f 2604/1980/2021 2603/1980/2023 2616/1980/2035
f 2615/1981/2034 2617/1982/2036 2616/1980/2035
f 2617/1982/2036 2618/1982/2037 2616/1980/2035
f 2619/1982/2036 2616/1980/2035 2618/1982/2037
f 2619/1982/2036 2604/1980/2021 2616/1980/2035
f 2604/1980/2021 2619/1982/2036 2620/1983/2038
f 2621/1984/2039 2622/1985/2040 2623/1986/2041
f 2622/1985/2040 2621/1984/2039 2624/1987/2042
f 2624/1987/2042 2625/1988/2043 2622/1985/2040
f 2626/1989/2044 2622/1985/2040 2625/1988/2043
f 2626/1989/2044 2625/1988/2043 2627/1990/2045
f 2628/1991/2046 2622/1985/2040 2626/1989/2044
f 2627/1990/2045 2629/1992/2047 2626/1989/2044
f 2629/1992/2047 2627/1990/2045 2630/1993/2048
f 2631/1994/2049 2628/1991/2046 2626/1989/2044
f 2626/1989/2044 2629/1992/2047 2631/1994/2049
f 2632/1995/2050 2622/1985/2040 2628/1991/2046
f 2622/1985/2040 2632/1995/2050 2633/1996/2051
f 2628/1991/2046 2631/1994/2049 2634/1997/2052
f 2635/1998/2053 2633/1996/2051 2632/1995/2050
f 2633/1996/2051 2635/1998/2053 2636/1999/2054
f 2632/1995/2050 2628/1991/2046 2637/2000/2055
f 2634/1997/2052 2637/2000/2055 2628/1991/2046
f 2638/2001/2056 2632/1995/2050 2637/2000/2055
f 2635/1998/2053 2632/1995/2050 2638/2001/2056
f 2634/1997/2052 2639/2002/2057 2637/2000/2055
f 2637/2000/2055 2639/2002/2057 2638/2001/2056
f 2640/2003/2058 2635/1998/2053 2638/2001/2056
f 2640/2003/2058 2638/2001/2056 2639/2002/2057
f 2641/2004/2059 2636/1999/2054 2635/1998/2053
f 2641/2004/2059 2635/1998/2053 2640/2003/2058
f 2636/1999/2054 2641/2004/2059 2642/2005/2060
f 2640/2003/2058 2643/2006/2061 2641/2004/2059
f 2643/2006/2061 2640/2003/2058 2639/2002/2057
f 2642/2005/2060 2641/2004/2059 2644/2006/2062
f 2643/2006/2061 2644/2006/2062 2641/2004/2059
f 2642/2005/2060 2644/2006/2062 2645/2007/2063
f 2644/2006/2062 2646/2008/2064 2645/2007/2063
f 2646/2008/2064 2644/2006/2062 2647/2009/2065
f 2643/2006/2061 2647/2009/2065 2644/2006/2062
f 2647/2009/2065 2648/2010/2066 2646/2008/2064
f 2647/2009/2065 2643/2006/2061 2649/2011/2067
f 2649/2011/2067 2643/2006/2061 2639/2002/2057
f 2648/2010/2066 2647/2009/2065 2650/2012/2068
f 2649/2011/2067 2650/2012/2068 2647/2009/2065
f 2648/2010/2066 2650/2012/2068 2651/2013/2069
f 2650/2012/2068 2649/2011/2067 2652/2014/2070
f 2649/2011/2067 2639/2002/2057 2652/2014/2070
f 2650/2012/2068 2653/2015/2071 2651/2013/2069
f 2653/2015/2071 2654/2016/2072 2651/2013/2069
f 2650/2012/2068 2652/2014/2070 2655/2017/2073
f 2653/2015/2071 2650/2012/2068 2655/2017/2073
f 2652/2014/2070 2639/2002/2057 2655/2017/2073
f 2656/2018/2074 2654/2016/2072 2653/2015/2071
f 2655/2017/2073 2656/2018/2074 2653/2015/2071
f 2656/2018/2074 2657/2019/2075 2654/2016/2072
f 2656/2018/2074 2655/2017/2073 2658/2020/2076
f 2655/2017/2073 2639/2002/2057 2658/2020/2076
f 2659/2021/2077 2657/2019/2075 2656/2018/2074
f 2658/2020/2076 2659/2021/2077 2656/2018/2074
f 2659/2021/2077 2660/2022/2078 2657/2019/2075
f 2659/2021/2077 2658/2020/2076 2661/2023/2079
f 2658/2020/2076 2639/2002/2057 2661/2023/2079
f 2660/2022/2078 2659/2021/2077 2662/2024/2080
f 2661/2023/2079 2662/2024/2080 2659/2021/2077
f 2660/2022/2078 2663/2025/2081 2664/2026/2039
f 2662/2024/2080 2661/2023/2079 2665/2027/2082
f 2639/2002/2057 2665/2027/2082 2661/2023/2079
f 2666/2028/2083 2660/2022/2078 2662/2024/2080
f 2666/2028/2083 2663/2025/2081 2660/2022/2078
f 2665/2027/2082 2666/2028/2083 2662/2024/2080
f 2667/2029/2084 2663/2025/2081 2666/2028/2083
f 2663/2025/2081 2667/2029/2084 2668/2030/2085
f 2666/2028/2083 2665/2027/2082 2669/2031/2086
f 2669/2031/2086 2667/2029/2084 2666/2028/2083
f 2665/2027/2082 2639/2002/2057 2670/2032/151
f 2670/2032/151 2669/2031/2086 2665/2027/2082
f 2634/1997/2052 2670/2032/151 2639/2002/2057
f 2634/1997/2052 2631/1994/2049 2670/2032/151
f 2670/2032/151 2631/1994/2049 2671/2033/2087
f 2631/1994/2049 2629/1992/2047 2671/2033/2087
f 2669/2031/2086 2670/2032/151 2672/2034/2088
f 2670/2032/151 2671/2033/2087 2672/2034/2088
f 2667/2029/2084 2669/2031/2086 2673/2035/2089
f 2669/2031/2086 2672/2034/2088 2673/2035/2089
f 2674/2036/2090 2668/2030/2085 2667/2029/2084
f 2673/2035/2089 2674/2036/2090 2667/2029/2084
f 2668/2030/2085 2674/2036/2090 2675/2037/2091
f 2672/2034/2088 2671/2033/2087 2676/2038/2092
f 2629/1992/2047 2676/2038/2092 2671/2033/2087
f 2672/2034/2088 2677/2039/2093 2673/2035/2089
f 2672/2034/2088 2676/2038/2092 2677/2039/2093
f 2674/2036/2090 2673/2035/2089 2678/2040/2094
f 2677/2039/2093 2678/2040/2094 2673/2035/2089
f 2679/2041/2095 2675/2037/2091 2674/2036/2090
f 2678/2040/2094 2679/2041/2095 2674/2036/2090
f 2675/2037/2091 2679/2041/2095 2680/2042/2096
f 2679/2041/2095 2681/2043/2097 2680/2042/2096
f 2682/2044/2098 2681/2043/2097 2679/2041/2095
f 2679/2041/2095 2678/2040/2094 2682/2044/2098
f 2682/2044/2098 2683/2045/2099 2681/2043/2097
f 2678/2040/2094 2677/2039/2093 2684/2046/2100
f 2678/2040/2094 2684/2046/2100 2682/2044/2098
f 2683/2045/2099 2682/2044/2098 2685/2047/2101
f 2684/2046/2100 2685/2047/2101 2682/2044/2098
f 2685/2047/2101 2686/2048/2102 2683/2045/2099
f 2677/2039/2093 2687/2049/2103 2684/2046/2100
f 2676/2038/2092 2687/2049/2103 2677/2039/2093
f 2684/2046/2100 2688/2050/2104 2685/2047/2101
f 2684/2046/2100 2687/2049/2103 2688/2050/2104
f 2686/2048/2102 2685/2047/2101 2689/2051/2105
f 2688/2050/2104 2689/2051/2105 2685/2047/2101
f 2690/2052/2106 2686/2048/2102 2689/2051/2105
f 2690/2052/2106 2689/2051/2105 2688/2050/2104
f 2686/2048/2102 2690/2052/2106 2691/2053/2107
f 2690/2052/2106 2688/2050/2104 2692/2052/2108
f 2691/2053/2107 2690/2052/2106 2692/2052/2108
f 2688/2050/2104 2687/2049/2103 2692/2052/2108
f 2692/2052/2108 2693/2054/2109 2691/2053/2107
f 2694/2055/2107 2693/2054/2109 2692/2052/2108
f 2687/2049/2103 2694/2055/2107 2692/2052/2108
f 2694/2055/2107 2630/1993/2048 2693/2054/2109
f 2687/2049/2103 2695/2056/2110 2694/2055/2107
f 2630/1993/2048 2694/2055/2107 2695/2056/2110
f 2695/2056/2110 2687/2049/2103 2676/2038/2092
f 2629/1992/2047 2630/1993/2048 2695/2056/2110
f 2676/2038/2092 2629/1992/2047 2695/2056/2110
f 2696/2057/2111 2697/2058/2112 2698/1785/2113
f 2696/2057/2111 2698/1785/2113 2699/2059/2114
f 2699/2059/2114 2698/1785/2113 2700/2060/2114
f 2701/2061/2114 2699/2059/2114 2700/2060/2114
f 2702/2062/2115 2696/2057/2111 2699/2059/2114
f 2701/2061/2114 2702/2062/2115 2699/2059/2114
f 2702/2062/2115 2701/2061/2114 2703/2062/2116
f 2696/2057/2111 2702/2062/2115 2704/2062/2117
f 2705/2063/2118 2702/2062/2115 2703/2062/2116
f 2706/32/2116 2704/2062/2117 2702/2062/2115
f 2702/2062/2115 2705/2063/2118 2706/32/2116
f 2704/2062/2117 2706/32/2116 2707/32/2119
f 2708/1795/2118 2706/32/2116 2705/2063/2118
f 2709/1796/2115 2707/32/2119 2706/32/2116
f 2706/32/2116 2708/1795/2118 2709/1796/2115
f 2707/32/2119 2709/1796/2115 2710/1801/2120
f 2709/1796/2115 2711/2064/2121 2710/1801/2120
f 2709/1796/2115 2708/1795/2118 2712/2065/2122
f 2711/2064/2121 2709/1796/2115 2712/2065/2122
f 2712/2065/2122 2708/1795/2118 2713/2066/2122
f 2712/2065/2122 2714/2064/2123 2711/2064/2121
f 2715/2066/2124 2712/2065/2122 2713/2066/2122
f 2714/2064/2123 2712/2065/2122 2716/2065/2122
f 2716/2065/2122 2712/2065/2122 2715/2066/2124
f 2716/2065/2122 2717/1801/2125 2714/2064/2123
f 2718/2067/2124 2716/2065/2122 2715/2066/2124
f 2717/1801/2125 2716/2065/2122 2719/1796/2122
f 2716/2065/2122 2718/2067/2124 2719/1796/2122
f 2720/32/2116 2717/1801/2125 2719/1796/2122
f 2718/2067/2124 2720/32/2116 2719/1796/2122
f 2717/1801/2125 2720/32/2116 2721/2068/2126
f 2720/32/2116 2718/2067/2124 2722/2063/2116
f 2723/2069/2127 2721/2068/2126 2720/32/2116
f 2722/2063/2116 2724/2069/2128 2720/32/2116
f 2723/2069/2127 2720/32/2116 2724/2069/2128
f 2724/2069/2128 2722/2063/2116 2725/2069/2116
f 2726/2070/2114 2724/2069/2128 2725/2069/2116
f 2727/2071/2128 2723/2069/2127 2724/2069/2128
f 2724/2069/2128 2726/2070/2114 2727/2071/2128
f 2723/2069/2127 2727/2071/2128 2728/2059/2129
f 2729/2057/2130 2727/2071/2128 2726/2070/2114
f 2730/1785/2131 2728/2059/2129 2727/2071/2128
f 2730/1785/2131 2727/2071/2128 2731/2072/2130
f 2727/2071/2128 2729/2057/2130 2731/2072/2130
f 2732/2073/2132 2730/1785/2131 2731/2072/2130
f 2733/1786/2128 2731/2072/2130 2729/2057/2130
f 2732/2073/2132 2731/2072/2130 2733/1786/2128
f 2729/2057/2130 2734/1788/2114 2733/1786/2128
f 2733/1786/2128 2735/2074/2133 2732/2073/2132
f 2736/1788/2114 2733/1786/2128 2734/1788/2114
f 2735/2074/2133 2737/1785/2134 2738/2058/2135
f 2739/2075/2114 2733/1786/2128 2736/1788/2114
f 2735/2074/2133 2733/1786/2128 2739/2075/2114
f 2737/1785/2134 2735/2074/2133 2739/2075/2114
f 2740/2060/2114 2739/2075/2114 2736/1788/2114
f 2739/2075/2114 2740/2060/2114 2737/1785/2134
f 2741/1616/2136 2742/1616/2137 2743/1616/2138
f 2744/1616/2139 2742/1616/2137 2741/1616/2136
f 2744/1616/2139 2741/1616/2136 2745/1616/2140
f 2744/1616/2139 2746/1616/2141 2742/1616/2137
f 2744/1616/2139 2745/1616/2140 2747/1616/2142
f 2747/1616/2142 2746/1616/2141 2744/1616/2139
f 2748/2076/2143 2742/1616/2137 2746/1616/2141
f 2748/2076/2143 2746/1616/2141 2747/1616/2142
f 2742/1616/2137 2748/2076/2143 2749/2076/2144
f 2750/1616/2145 2747/1616/2142 2745/1616/2140
f 2745/1616/2140 2751/1616/2146 2750/1616/2145
f 2752/2076/2147 2750/1616/2145 2751/1616/2146
f 2750/1616/2145 2752/2076/2147 2753/2076/2148
f 2747/1616/2142 2750/1616/2145 2753/2076/2148
f 2752/2076/2147 2754/2076/2149 2753/2076/2148
f 2747/1616/2142 2753/2076/2148 2755/2076/2150
f 2755/2076/2150 2753/2076/2148 2754/2076/2149
f 2755/2076/2150 2748/2076/2143 2747/1616/2142
f 2756/2076/2151 2749/2076/2144 2748/2076/2143
f 2755/2076/2150 2756/2076/2151 2748/2076/2143
f 2749/2076/2144 2756/2076/2151 2757/2076/2152
f 2758/2076/2153 2755/2076/2150 2754/2076/2149
f 2756/2076/2151 2755/2076/2150 2758/2076/2153
f 2758/2076/2153 2754/2076/2149 2759/2076/2154
f 2760/2076/2155 2758/2076/2153 2759/2076/2154
f 2761/2076/2156 2757/2076/2152 2756/2076/2151
f 2761/2076/2156 2756/2076/2151 2758/2076/2153
f 2757/2076/2152 2761/2076/2156 2762/2076/2157
f 2758/2076/2153 2760/2076/2155 2763/2076/2158
f 2758/2076/2153 2763/2076/2158 2761/2076/2156
f 2764/1615/2159 2763/2076/2158 2760/2076/2155
f 2765/1615/2158 2762/2076/2157 2761/2076/2156
f 2763/2076/2158 2765/1615/2158 2761/2076/2156
f 2762/2076/2157 2765/1615/2158 2766/1615/2160
f 2763/2076/2158 2764/1615/2159 2767/1615/2161
f 2763/2076/2158 2767/1615/2161 2765/1615/2158
f 2768/1615/2162 2766/1615/2160 2765/1615/2158
f 2767/1615/2161 2768/1615/2162 2765/1615/2158
f 2766/1615/2160 2768/1615/2162 2769/1615/2163
f 2764/1615/2159 2770/1615/2164 2767/1615/2161
f 2770/1615/2164 2768/1615/2162 2767/1615/2161
f 2770/1615/2164 2769/1615/2163 2768/1615/2162
f 2764/1615/2159 2771/1614/2165 2770/1615/2164
f 2769/1615/2163 2770/1615/2164 2771/1614/2165
f 2772/2077/2166 2773/2057/2167 2774/1785/2168
f 2775/2078/1256 2774/1785/2168 2773/2057/2167
f 2773/2057/2167 2772/2077/2166 2776/2079/2169
f 2777/2080/2170 2776/2079/2169 2772/2077/2166
f 2773/2057/2167 2778/2073/2169 2775/2078/1256
f 2778/2073/2169 2779/2081/2171 2775/2078/1256
f 2777/2080/2170 2780/2082/2169 2776/2079/2169
f 2781/2083/2172 2780/2082/2169 2777/2080/2170
f 2773/2057/2167 2776/2079/2169 2782/2084/2169
f 2776/2079/2169 2780/2082/2169 2782/2084/2169
f 2782/2084/2169 2778/2073/2169 2773/2057/2167
f 2781/2083/2172 2783/2085/2173 2780/2082/2169
f 2780/2082/2169 2783/2085/2173 2782/2084/2169
f 2781/2083/2172 2784/2086/2169 2783/2085/2173
f 2782/2084/2169 2783/2085/2173 2784/2086/2169
f 2784/2086/2169 2781/2083/2172 2785/2087/2174
f 2779/2081/2171 2778/2073/2169 2786/2088/2175
f 2787/2089/2176 2779/2081/2171 2786/2088/2175
f 2785/2087/2174 2788/2090/2177 2784/2086/2169
f 2788/2090/2177 2785/2087/2174 2789/1636/2178
f 2790/1637/2179 2788/2090/2177 2789/1636/2178
f 2784/2086/2169 2788/2090/2177 2791/1432/2180
f 2782/2084/2169 2784/2086/2169 2791/1432/2180
f 2788/2090/2177 2790/1637/2179 2792/2091/2177
f 2793/2092/2181 2792/2091/2177 2790/1637/2179
f 2788/2090/2177 2792/2091/2177 2794/206/2169
f 2791/1432/2180 2788/2090/2177 2794/206/2169
f 2792/2091/2177 2793/2092/2181 2795/2093/2180
f 2792/2091/2177 2795/2093/2180 2794/206/2169
f 2796/2068/2182 2795/2093/2180 2793/2092/2181
f 2795/2093/2180 2797/2094/2169 2794/206/2169
f 2795/2093/2180 2796/2068/2182 2797/2094/2169
f 2798/2095/2183 2791/1432/2180 2794/206/2169
f 2796/2068/2182 2799/2096/2177 2797/2094/2169
f 2791/1432/2180 2798/2095/2183 2800/1406/2184
f 2799/2096/2177 2796/2068/2182 2801/2066/2185
f 2802/5/2186 2791/1432/2180 2800/1406/2184
f 2791/1432/2180 2802/5/2186 2782/2084/2169
f 2801/2066/2185 2803/2064/2169 2799/2096/2177
f 2801/2066/2185 2804/2097/2187 2803/2064/2169
f 2802/5/2186 2805/2069/2169 2782/2084/2169
f 2778/2073/2169 2782/2084/2169 2805/2069/2169
f 2805/2069/2169 2802/5/2186 2806/12/2188
f 2778/2073/2169 2805/2069/2169 2786/2088/2175
f 2806/12/2188 2807/2098/2189 2805/2069/2169
f 2805/2069/2169 2807/2098/2189 2786/2088/2175
f 2807/2098/2189 2806/12/2188 2808/2099/2190
f 2809/2100/2191 2807/2098/2189 2808/2099/2190
f 2786/2088/2175 2807/2098/2189 2810/2074/2189
f 2810/2074/2189 2787/2089/2176 2786/2088/2175
f 2807/2098/2189 2809/2100/2191 2811/2101/2192
f 2807/2098/2189 2811/2101/2192 2810/2074/2189
f 2809/2100/2191 2787/2089/2176 2811/2101/2192
f 2811/2101/2192 2787/2089/2176 2810/2074/2189
f 2799/2096/2177 2812/2102/2169 2797/2094/2169
f 2812/2102/2169 2794/206/2169 2797/2094/2169
f 2812/2102/2169 2798/2095/2183 2794/206/2169
f 2803/2064/2169 2812/2102/2169 2799/2096/2177
f 2798/2095/2183 2812/2102/2169 2813/206/2193
f 2812/2102/2169 2814/2103/2194 2813/206/2193
f 2812/2102/2169 2815/2063/2169 2814/2103/2194
f 2815/2063/2169 2812/2102/2169 2803/2064/2169
f 2815/2063/2169 2816/2104/2195 2814/2103/2194
f 2803/2064/2169 2817/2105/2196 2815/2063/2169
f 2803/2064/2169 2804/2097/2187 2817/2105/2196
f 2804/2097/2187 2818/2106/2197 2817/2105/2196
f 2819/2107/2198 2817/2105/2196 2818/2106/2197
f 2816/2104/2195 2815/2063/2169 2820/2108/2199
f 2815/2063/2169 2817/2105/2196 2820/2108/2199
f 2821/2109/2200 2816/2104/2195 2820/2108/2199
f 2817/2105/2196 2819/2107/2198 2822/2064/2201
f 2819/2107/2198 2821/2109/2200 2822/2064/2201
f 2817/2105/2196 2822/2064/2201 2820/2108/2199
f 2822/2064/2201 2821/2109/2200 2823/1795/2202
f 2822/2064/2201 2823/1795/2202 2820/2108/2199
f 2823/1795/2202 2821/2109/2200 2820/2108/2199
f 2824/1805/2203 2825/87/2204 2826/195/2205
f 2827/2110/2206 2826/195/2205 2825/87/2204
f 2825/87/2204 2824/1805/2203 2828/2111/2207
f 2829/1805/2208 2828/2111/2207 2824/1805/2203
f 2825/87/2204 2830/2110/2209 2827/2110/2206
f 2831/1820/2210 2827/2110/2206 2830/2110/2209
f 2828/2111/2207 2829/1805/2208 2832/2111/2211
f 2830/2110/2209 2833/1820/2212 2831/1820/2210
f 2834/192/2213 2831/1820/2210 2833/1820/2212
f 2830/2110/2209 2825/87/2204 2835/194/2214
f 2825/87/2204 2828/2111/2207 2835/194/2214
f 2833/1820/2212 2830/2110/2209 2835/194/2214
f 2828/2111/2207 2832/2111/2211 2835/194/2214
f 2834/192/2213 2833/1820/2212 2836/1432/2215
f 2836/1432/2215 2833/1820/2212 2835/194/2214
f 2837/2112/2216 2834/192/2213 2836/1432/2215
f 2837/2112/2216 2836/1432/2215 2835/194/2214
f 2834/192/2213 2837/2112/2216 2838/2113/2217
f 2837/2112/2216 2839/2113/2218 2838/2113/2217
f 2839/2113/2218 2837/2112/2216 2840/2112/2219
f 2840/2112/2219 2837/2112/2216 2835/194/2214
f 2840/2112/2219 2841/192/2220 2839/2113/2218
f 2841/192/2220 2840/2112/2219 2842/1432/2221
f 2842/1432/2221 2840/2112/2219 2835/194/2214
f 2843/1820/2222 2841/192/2220 2842/1432/2221
f 2843/1820/2222 2842/1432/2221 2835/194/2214
f 2841/192/2220 2843/1820/2222 2844/1820/2223
f 2845/2110/2224 2844/1820/2223 2843/1820/2222
f 2845/2110/2224 2843/1820/2222 2835/194/2214
f 2844/1820/2223 2845/2110/2224 2846/2114/2225
f 2847/87/2226 2845/2110/2224 2835/194/2214
f 2847/87/2226 2846/2114/2225 2845/2110/2224
f 2832/2111/2211 2847/87/2226 2835/194/2214
f 2829/1805/2208 2847/87/2226 2832/2111/2211
f 2846/2114/2225 2847/87/2226 2848/195/2227
f 2829/1805/2208 2848/195/2227 2847/87/2226
f 2849/2115/2228 2850/2116/2229 2851/2117/2230
f 2850/2116/2229 2852/1415/2231 2851/2117/2230
f 2853/181/2232 2850/2116/2229 2849/2115/2228
f 2854/177/2233 2853/181/2232 2849/2115/2228
f 2852/1415/2231 2850/2116/2229 2855/2118/2234
f 2855/2118/2234 2856/2119/2235 2852/1415/2231
f 2853/181/2232 2857/2120/2236 2850/2116/2229
f 2857/2120/2236 2855/2118/2234 2850/2116/2229
f 2858/2121/2237 2853/181/2232 2854/177/2233
f 2858/2121/2237 2854/177/2233 2859/2122/2238
f 2857/2120/2236 2853/181/2232 2860/2123/2239
f 2858/2121/2237 2860/2123/2239 2853/181/2232
f 2855/2118/2234 2857/2120/2236 2861/1821/1382
f 2862/175/2240 2858/2121/2237 2859/2122/2238
f 2856/2119/2235 2855/2118/2234 2863/2064/2241
f 2863/2064/2241 2855/2118/2234 2861/1821/1382
f 2864/2124/2242 2856/2119/2235 2863/2064/2241
f 2856/2119/2235 2864/2124/2242 2865/2125/2243
f 2864/2124/2242 2866/2124/2244 2865/2125/2243
f 2863/2064/2241 2861/1821/1382 2867/2126/2245
f 2863/2064/2241 2867/2126/2245 2864/2124/2242
f 2868/198/2246 2861/1821/1382 2857/2120/2236
f 2860/2123/2239 2868/198/2246 2857/2120/2236
f 2867/2126/2245 2861/1821/1382 2869/2127/2247
f 2861/1821/1382 2868/198/2246 2869/2127/2247
f 2860/2123/2239 2858/2121/2237 2870/174/2237
f 2862/175/2240 2870/174/2237 2858/2121/2237
f 2860/2123/2239 2871/2121/2248 2868/198/2246
f 2870/174/2237 2871/2121/2248 2860/2123/2239
f 2871/2121/2248 2872/197/2249 2868/198/2246
f 2870/174/2237 2873/2122/2250 2871/2121/2248
f 2874/2128/2251 2868/198/2246 2872/197/2249
f 2868/198/2246 2874/2128/2251 2869/2127/2247
f 2875/196/2252 2872/197/2249 2871/2121/2248
f 2873/2122/2250 2875/196/2252 2871/2121/2248
f 2876/177/2253 2874/2128/2251 2872/197/2249
f 2873/2122/2250 2870/174/2237 2877/2129/2254
f 2870/174/2237 2862/175/2240 2877/2129/2254
f 2872/197/2249 2878/174/2255 2876/177/2253
f 2878/174/2255 2872/197/2249 2875/196/2252
f 2879/175/2256 2875/196/2252 2873/2122/2250
f 2875/196/2252 2880/2130/2257 2878/174/2255
f 2880/2130/2257 2875/196/2252 2879/175/2256
f 2879/175/2256 2873/2122/2250 2881/2131/2258
f 2881/2131/2258 2873/2122/2250 2877/2129/2254
f 2882/8/2259 2880/2130/2257 2879/175/2256
f 2882/8/2259 2879/175/2256 2881/2131/2258
f 2877/2129/2254 2883/2099/2260 2881/2131/2258
f 2883/2099/2260 2882/8/2259 2881/2131/2258
f 2884/1787/2261 2883/2099/2260 2877/2129/2254
f 2882/8/2259 2883/2099/2260 2885/2132/2262
f 2884/1787/2261 2885/2132/2262 2883/2099/2260
f 2886/2133/2263 2884/1787/2261 2877/2129/2254
f 2862/175/2240 2886/2133/2263 2877/2129/2254
f 2885/2132/2262 2884/1787/2261 2887/2134/2264
f 2862/175/2240 2888/2135/2265 2886/2133/2263
f 2859/2122/2238 2888/2135/2265 2862/175/2240
f 2859/2122/2238 2889/2136/2266 2888/2135/2265
f 2884/1787/2261 2886/2133/2263 2890/2133/2267
f 2884/1787/2261 2890/2133/2267 2887/2134/2264
f 2886/2133/2263 2888/2135/2265 2891/2137/2267
f 2891/2137/2267 2890/2133/2267 2886/2133/2263
f 2888/2135/2265 2889/2136/2266 2892/2136/2267
f 2892/2136/2267 2891/2137/2267 2888/2135/2265
f 2893/2138/2268 2892/2136/2267 2889/2136/2266
f 2892/2136/2267 2893/2138/2268 2894/2139/2269
f 2892/2136/2267 2895/2140/2267 2891/2137/2267
f 2891/2137/2267 2895/2140/2267 2890/2133/2267
f 2892/2136/2267 2894/2139/2269 2895/2140/2267
f 2894/2139/2269 2890/2133/2267 2895/2140/2267
f 2894/2139/2269 2887/2134/2264 2890/2133/2267
f 2894/2139/2269 2896/2141/2264 2887/2134/2264
f 2896/2141/2264 2894/2139/2269 2897/2142/2270
f 2898/2143/2271 2896/2141/2264 2897/2142/2270
f 2899/2144/2272 2898/2143/2271 2897/2142/2270
f 2896/2141/2264 2900/2100/2262 2887/2134/2264
f 2899/2144/2272 2901/13/2273 2898/2143/2271
f 2901/13/2273 2899/2144/2272 2902/1908/2273
f 2896/2141/2264 2898/2143/2271 2903/2141/2274
f 2903/2141/2274 2900/2100/2262 2896/2141/2264
f 2898/2143/2271 2901/13/2273 2904/2145/2275
f 2904/2145/2275 2903/2141/2274 2898/2143/2271
f 2901/13/2273 2902/1908/2273 2905/2059/2272
f 2906/1903/2276 2905/2059/2272 2902/1908/2273
f 2901/13/2273 2907/2146/2277 2904/2145/2275
f 2905/2059/2272 2907/2146/2277 2901/13/2273
f 2908/2146/2271 2903/2141/2274 2904/2145/2275
f 2904/2145/2275 2907/2146/2277 2908/2146/2271
f 2908/2146/2271 2909/2147/2275 2903/2141/2274
f 2900/2100/2262 2903/2141/2274 2909/2147/2275
f 2907/2146/2277 2910/84/2278 2908/2146/2271
f 2909/2147/2275 2908/2146/2271 2910/84/2278
f 2900/2100/2262 2909/2147/2275 2911/2148/2279
f 2912/180/2280 2909/2147/2275 2910/84/2278
f 2909/2147/2275 2912/180/2280 2911/2148/2279
f 2910/84/2278 2907/2146/2277 2913/2113/2281
f 2913/2113/2281 2912/180/2280 2910/84/2278
f 2911/2148/2279 2914/2149/2282 2900/2100/2262
f 2887/2134/2264 2900/2100/2262 2914/2149/2282
f 2885/2132/2262 2887/2134/2264 2914/2149/2282
f 2882/8/2259 2885/2132/2262 2914/2149/2282
f 2912/180/2280 2915/2132/2283 2911/2148/2279
f 2914/2149/2282 2911/2148/2279 2915/2132/2283
f 2914/2149/2282 2916/8/2284 2882/8/2259
f 2880/2130/2257 2882/8/2259 2916/8/2284
f 2915/2132/2283 2917/2150/2271 2914/2149/2282
f 2917/2150/2271 2916/8/2284 2914/2149/2282
f 2915/2132/2283 2912/180/2280 2918/2151/2285
f 2918/2151/2285 2917/2150/2271 2915/2132/2283
f 2919/2129/2286 2880/2130/2257 2916/8/2284
f 2919/2129/2286 2878/174/2255 2880/2130/2257
f 2916/8/2284 2917/2150/2271 2920/2152/2287
f 2920/2152/2287 2919/2129/2286 2916/8/2284
f 2917/2150/2271 2921/9/2271 2920/2152/2287
f 2920/2152/2287 2921/9/2271 2919/2129/2286
f 2917/2150/2271 2918/2151/2285 2921/9/2271
f 2878/174/2255 2919/2129/2286 2922/2153/2288
f 2921/9/2271 2922/2153/2288 2919/2129/2286
f 2922/2153/2288 2923/1430/2278 2878/174/2255
f 2923/1430/2278 2922/2153/2288 2921/9/2271
f 2878/174/2255 2923/1430/2278 2876/177/2253
f 2924/2123/2271 2923/1430/2278 2921/9/2271
f 2923/1430/2278 2924/2123/2271 2876/177/2253
f 2918/2151/2285 2925/9/2289 2921/9/2271
f 2926/181/2290 2876/177/2253 2924/2123/2271
f 2874/2128/2251 2876/177/2253 2926/181/2290
f 2927/9/2291 2925/9/2289 2918/2151/2285
f 2927/9/2291 2918/2151/2285 2912/180/2280
f 2927/9/2291 2912/180/2280 2913/2113/2281
f 2928/2154/2292 2921/9/2271 2925/9/2289
f 2927/9/2291 2928/2154/2292 2925/9/2289
f 2921/9/2271 2928/2154/2292 2924/2123/2271
f 2926/181/2290 2924/2123/2271 2929/1419/2293
f 2928/2154/2292 2929/1419/2293 2924/2123/2271
f 2929/1419/2293 2874/2128/2251 2926/181/2290
f 2928/2154/2292 2927/9/2291 2930/2155/2291
f 2930/2155/2291 2927/9/2291 2913/2113/2281
f 2928/2154/2292 2931/1419/2294 2929/1419/2293
f 2930/2155/2291 2931/1419/2294 2928/2154/2292
f 2874/2128/2251 2929/1419/2293 2932/1428/2295
f 2931/1419/2294 2932/1428/2295 2929/1419/2293
f 2932/1428/2295 2869/2127/2247 2874/2128/2251
f 2933/1795/2296 2869/2127/2247 2932/1428/2295
f 2867/2126/2245 2869/2127/2247 2933/1795/2296
f 2932/1428/2295 2931/1419/2294 2934/2108/2297
f 2933/1795/2296 2932/1428/2295 2934/2108/2297
f 2935/2156/2297 2931/1419/2294 2930/2155/2291
f 2935/2156/2297 2934/2108/2297 2931/1419/2294
f 2936/2157/2298 2867/2126/2245 2933/1795/2296
f 2937/2158/2299 2933/1795/2296 2934/2108/2297
f 2933/1795/2296 2937/2158/2299 2936/2157/2298
f 2934/2108/2297 2935/2156/2297 2938/10/2297
f 2938/10/2297 2937/2158/2299 2934/2108/2297
f 2930/2155/2291 2939/2159/2291 2935/2156/2297
f 2940/194/2300 2938/10/2297 2935/2156/2297
f 2939/2159/2291 2940/194/2300 2935/2156/2297
f 2939/2159/2291 2930/2155/2291 2941/2160/2281
f 2941/2160/2281 2930/2155/2291 2913/2113/2281
f 2940/194/2300 2939/2159/2291 2942/85/2301
f 2939/2159/2291 2941/2160/2281 2942/85/2301
f 2943/2160/2302 2940/194/2300 2942/85/2301
f 2942/85/2301 2941/2160/2281 2943/2160/2302
f 2913/2113/2281 2944/1789/2303 2941/2160/2281
f 2941/2160/2281 2944/1789/2303 2943/2160/2302
f 2944/1789/2303 2913/2113/2281 2907/2146/2277
f 2907/2146/2277 2905/2059/2272 2944/1789/2303
f 2945/1788/2304 2944/1789/2303 2905/2059/2272
f 2905/2059/2272 2906/1903/2276 2945/1788/2304
f 2943/2160/2302 2944/1789/2303 2946/2079/2305
f 2944/1789/2303 2945/1788/2304 2946/2079/2305
f 2947/1412/2306 2943/2160/2302 2946/2079/2305
f 2940/194/2300 2943/2160/2302 2947/1412/2306
f 2945/1788/2304 2948/2071/2307 2946/2079/2305
f 2948/2071/2307 2947/1412/2306 2946/2079/2305
f 2949/2161/2308 2945/1788/2304 2906/1903/2276
f 2949/2161/2308 2948/2071/2307 2945/1788/2304
f 2949/2161/2308 2906/1903/2276 2950/2162/2309
f 2951/2162/2310 2949/2161/2308 2950/2162/2309
f 2948/2071/2307 2949/2161/2308 2952/1786/2311
f 2952/1786/2311 2947/1412/2306 2948/2071/2307
f 2949/2161/2308 2951/2162/2310 2953/2163/2310
f 2952/1786/2311 2949/2161/2308 2953/2163/2310
f 2951/2162/2310 2954/2164/2312 2953/2163/2310
f 2953/2163/2310 2954/2164/2312 2955/2165/2310
f 2953/2163/2310 2955/2165/2310 2952/1786/2311
f 2956/2166/2313 2955/2165/2310 2954/2164/2312
f 2954/2164/2312 2957/2167/2314 2956/2166/2313
f 2956/2166/2313 2957/2167/2314 2958/2168/2315
f 2959/2169/2316 2958/2168/2315 2957/2167/2314
f 2956/2166/2313 2960/2170/2317 2955/2165/2310
f 2958/2168/2315 2960/2170/2317 2956/2166/2313
f 2958/2168/2315 2959/2169/2316 2961/2171/2318
f 2960/2170/2317 2958/2168/2315 2961/2171/2318
f 2962/2172/2311 2955/2165/2310 2960/2170/2317
f 2952/1786/2311 2955/2165/2310 2962/2172/2311
f 2960/2170/2317 2961/2171/2318 2963/64/2271
f 2960/2170/2317 2963/64/2271 2962/2172/2311
f 2959/2169/2316 2964/2173/2271 2961/2171/2318
f 2964/2173/2271 2963/64/2271 2961/2171/2318
f 2965/2174/2319 2964/2173/2271 2959/2169/2316
f 2966/2085/2311 2962/2172/2311 2963/64/2271
f 2966/2085/2311 2952/1786/2311 2962/2172/2311
f 2963/64/2271 2967/2083/2271 2966/2085/2311
f 2963/64/2271 2964/2173/2271 2967/2083/2271
f 2952/1786/2311 2966/2085/2311 2968/2175/2320
f 2947/1412/2306 2952/1786/2311 2968/2175/2320
f 2969/2087/2321 2966/2085/2311 2967/2083/2271
f 2969/2087/2321 2968/2175/2320 2966/2085/2311
f 2967/2083/2271 2970/2176/2322 2969/2087/2321
f 2967/2083/2271 2964/2173/2271 2970/2176/2322
f 2971/1412/2271 2969/2087/2321 2970/2176/2322
f 2964/2173/2271 2971/1412/2271 2970/2176/2322
f 2969/2087/2321 2971/1412/2271 2972/2177/2323
f 2973/1427/2271 2971/1412/2271 2964/2173/2271
f 2973/1427/2271 2972/2177/2323 2971/1412/2271
f 2968/2175/2320 2969/2087/2321 2974/1410/2321
f 2972/2177/2323 2974/1410/2321 2969/2087/2321
f 2947/1412/2306 2968/2175/2320 2975/2178/2324
f 2976/199/2325 2968/2175/2320 2974/1410/2321
f 2968/2175/2320 2976/199/2325 2975/2178/2324
f 2975/2178/2324 2977/89/2326 2947/1412/2306
f 2975/2178/2324 2976/199/2325 2977/89/2326
f 2977/89/2326 2940/194/2300 2947/1412/2306
f 2938/10/2297 2940/194/2300 2977/89/2326
f 2974/1410/2321 2978/200/2327 2976/199/2325
f 2976/199/2325 2978/200/2327 2977/89/2326
f 2974/1410/2321 2972/2177/2323 2979/199/2323
f 2978/200/2327 2974/1410/2321 2979/199/2323
f 2980/1410/2328 2979/199/2323 2972/2177/2323
f 2972/2177/2323 2973/1427/2271 2980/1410/2328
f 2978/200/2327 2979/199/2323 2981/2179/2328
f 2979/199/2323 2980/1410/2328 2981/2179/2328
f 2978/200/2327 2982/2180/2329 2977/89/2326
f 2981/2179/2328 2982/2180/2329 2978/200/2327
f 2982/2180/2329 2983/2181/2330 2977/89/2326
f 2977/89/2326 2983/2181/2330 2938/10/2297
f 2981/2179/2328 2984/1426/2331 2982/2180/2329
f 2984/1426/2331 2983/2181/2330 2982/2180/2329
f 2985/1794/2332 2938/10/2297 2983/2181/2330
f 2937/2158/2299 2938/10/2297 2985/1794/2332
f 2986/2181/2333 2983/2181/2330 2984/1426/2331
f 2986/2181/2333 2985/1794/2332 2983/2181/2330
f 2984/1426/2331 2981/2179/2328 2987/2182/2334
f 2987/2182/2334 2986/2181/2333 2984/1426/2331
f 2937/2158/2299 2985/1794/2332 2988/2183/2335
f 2988/2183/2335 2936/2157/2298 2937/2158/2299
f 2986/2181/2333 2989/2090/2336 2985/1794/2332
f 2988/2183/2335 2985/1794/2332 2989/2090/2336
f 2986/2181/2333 2990/2184/2337 2989/2090/2336
f 2990/2184/2337 2988/2183/2335 2989/2090/2336
f 2986/2181/2333 2991/1413/2338 2990/2184/2337
f 2986/2181/2333 2987/2182/2334 2991/1413/2338
f 2988/2183/2335 2990/2184/2337 2992/2185/2339
f 2991/1413/2338 2992/2185/2339 2990/2184/2337
f 2987/2182/2334 2993/2186/2340 2991/1413/2338
f 2992/2185/2339 2991/1413/2338 2993/2186/2340
f 2981/2179/2328 2994/2187/2328 2987/2182/2334
f 2993/2186/2340 2987/2182/2334 2994/2187/2328
f 2994/2187/2328 2981/2179/2328 2980/1410/2328
f 2995/2188/2341 2992/2185/2339 2993/2186/2340
f 2994/2187/2328 2995/2188/2341 2993/2186/2340
f 2980/1410/2328 2996/2189/2342 2994/2187/2328
f 2995/2188/2341 2994/2187/2328 2996/2189/2342
f 2973/1427/2271 2996/2189/2342 2980/1410/2328
f 2992/2185/2339 2995/2188/2341 2997/2190/2343
f 2988/2183/2335 2992/2185/2339 2997/2190/2343
f 2998/2191/2344 2996/2189/2342 2973/1427/2271
f 2964/2173/2271 2998/2191/2344 2973/1427/2271
f 2996/2189/2342 2999/2192/2345 2995/2188/2341
f 2996/2189/2342 2998/2191/2344 2999/2192/2345
f 2999/2192/2345 2997/2190/2343 2995/2188/2341
f 2998/2191/2344 2964/2173/2271 3000/2193/2346
f 2998/2191/2344 3000/2193/2346 2999/2192/2345
f 2965/2174/2319 3000/2193/2346 2964/2173/2271
f 2965/2174/2319 2866/2124/2244 3000/2193/2346
f 2997/2190/2343 2999/2192/2345 3001/2194/2347
f 2999/2192/2345 3000/2193/2346 3001/2194/2347
f 2997/2190/2343 3002/2194/2348 2988/2183/2335
f 2936/2157/2298 2988/2183/2335 3002/2194/2348
f 3003/2195/2349 2997/2190/2343 3001/2194/2347
f 2997/2190/2343 3003/2195/2349 3002/2194/2348
f 3000/2193/2346 3003/2195/2349 3001/2194/2347
f 3003/2195/2349 2936/2157/2298 3002/2194/2348
f 3000/2193/2346 2866/2124/2244 3004/2196/2350
f 3004/2196/2350 3003/2195/2349 3000/2193/2346
f 2866/2124/2244 2864/2124/2242 3004/2196/2350
f 3003/2195/2349 3005/2195/2351 2936/2157/2298
f 3003/2195/2349 3004/2196/2350 3005/2195/2351
f 2864/2124/2242 3005/2195/2351 3004/2196/2350
f 2867/2126/2245 2936/2157/2298 3005/2195/2351
f 2867/2126/2245 3005/2195/2351 2864/2124/2242
f 3006/2197/2352 3007/2198/2353 3008/2199/2353
f 3009/2200/2354 3008/2199/2353 3007/2198/2353
f 3006/2197/2352 3008/2199/2353 3010/2201/2355
f 3010/2201/2355 3011/2202/2356 3006/2197/2352
f 3008/2199/2353 3009/2200/2354 3012/2203/2357
f 3011/2202/2356 3010/2201/2355 3013/2204/2358
f 3014/2205/2359 3011/2202/2356 3013/2204/2358
f 3015/2206/1650 3010/2201/2355 3008/2199/2353
f 3012/2203/2357 3015/2206/1650 3008/2199/2353
f 3014/2205/2359 3013/2204/2358 3016/2207/2360
f 3015/2206/1650 3012/2203/2357 3017/2208/1653
f 3010/2201/2355 3018/2209/1650 3013/2204/2358
f 3018/2209/1650 3016/2207/2360 3013/2204/2358
f 3010/2201/2355 3015/2206/1650 3019/2210/1651
f 3018/2209/1650 3010/2201/2355 3019/2210/1651
f 3019/2210/1651 3015/2206/1650 3020/2211/1650
f 3018/2209/1650 3019/2210/1651 3020/2211/1650
f 3015/2206/1650 3017/2208/1653 3020/2211/1650
f 3016/2207/2360 3018/2209/1650 3021/2212/1652
f 3021/2212/1652 3018/2209/1650 3020/2211/1650
f 3022/2213/2361 3014/2205/2359 3016/2207/2360
f 3021/2212/1652 3022/2213/2361 3016/2207/2360
f 3014/2205/2359 3022/2213/2361 3023/2214/2362
f 3022/2213/2361 3021/2212/1652 3024/2215/1650
f 3024/2215/1650 3021/2212/1652 3020/2211/1650
f 3022/2213/2361 3025/2216/2363 3023/2214/2362
f 3024/2215/1650 3025/2216/2363 3022/2213/2361
f 3023/2214/2362 3025/2216/2363 3026/2217/2364
f 3027/2218/2365 3026/2217/2364 3025/2216/2363
f 3025/2216/2363 3028/2219/2366 3027/2218/2365
f 3028/2219/2366 3029/2220/2367 3027/2218/2365
f 3028/2219/2366 3025/2216/2363 3030/2221/1652
f 3028/2219/2366 3031/2222/2368 3029/2220/2367
f 3031/2222/2368 3032/2223/2369 3029/2220/2367
f 3033/2224/1650 3030/2221/1652 3025/2216/2363
f 3025/2216/2363 3024/2215/1650 3033/2224/1650
f 3034/2225/1653 3028/2219/2366 3030/2221/1652
f 3030/2221/1652 3033/2224/1650 3034/2225/1653
f 3031/2222/2368 3028/2219/2366 3034/2225/1653
f 3033/2224/1650 3024/2215/1650 3034/2225/1653
f 3032/2223/2369 3031/2222/2368 3035/2226/2370
f 3034/2225/1653 3035/2226/2370 3031/2222/2368
f 3035/2226/2370 3036/2227/2371 3032/2223/2369
f 3034/2225/1653 3024/2215/1650 3037/2228/1653
f 3035/2226/2370 3034/2225/1653 3037/2228/1653
f 3037/2228/1653 3024/2215/1650 3038/2229/1668
f 3038/2229/1668 3035/2226/2370 3037/2228/1653
f 3038/2229/1668 3024/2215/1650 3020/2211/1650
f 3035/2226/2370 3039/2230/2372 3036/2227/2371
f 3035/2226/2370 3038/2229/1668 3039/2230/2372
f 3039/2230/2372 3040/2231/2373 3036/2227/2371
f 3041/2232/2374 3038/2229/1668 3020/2211/1650
f 3038/2229/1668 3041/2232/2374 3039/2230/2372
f 3040/2231/2373 3039/2230/2372 3041/2232/2374
f 3017/2208/1653 3041/2232/2374 3020/2211/1650
f 3041/2232/2374 3009/2200/2354 3040/2231/2373
f 3012/2203/2357 3041/2232/2374 3017/2208/1653
f 3009/2200/2354 3041/2232/2374 3012/2203/2357
f 3042/2214/2375 3043/2216/2376 3044/2217/2377
f 3045/2218/2378 3044/2217/2377 3043/2216/2376
f 3046/2213/2379 3043/2216/2376 3042/2214/2375
f 3047/2205/2380 3046/2213/2379 3042/2214/2375
f 3043/2216/2376 3048/2219/2381 3045/2218/2378
f 3046/2213/2379 3047/2205/2380 3049/2207/2359
f 3050/2222/2382 3045/2218/2378 3048/2219/2381
f 3045/2218/2378 3050/2222/2382 3051/2233/2383
f 3048/2219/2381 3043/2216/2376 3052/2221/1668
f 3053/2226/2384 3051/2233/2383 3050/2222/2382
f 3051/2233/2383 3053/2226/2384 3054/2223/2385
f 3050/2222/2382 3048/2219/2381 3055/2225/1652
f 3055/2225/1652 3048/2219/2381 3052/2221/1668
f 3055/2225/1652 3053/2226/2384 3050/2222/2382
f 3053/2226/2384 3056/2227/2371 3054/2223/2385
f 3057/2224/1650 3052/2221/1668 3043/2216/2376
f 3052/2221/1668 3057/2224/1650 3055/2225/1652
f 3046/2213/2379 3057/2224/1650 3043/2216/2376
f 3053/2226/2384 3058/2230/2386 3056/2227/2371
f 3058/2230/2386 3059/2231/2387 3056/2227/2371
f 3057/2224/1650 3046/2213/2379 3060/2215/1650
f 3057/2224/1650 3060/2215/1650 3055/2225/1652
f 3059/2231/2387 3058/2230/2386 3061/2232/2388
f 3061/2232/2388 3062/2200/2354 3059/2231/2387
f 3053/2226/2384 3055/2225/1652 3063/2228/1652
f 3055/2225/1652 3060/2215/1650 3063/2228/1652
f 3053/2226/2384 3064/2229/1652 3058/2230/2386
f 3064/2229/1652 3053/2226/2384 3063/2228/1652
f 3064/2229/1652 3061/2232/2388 3058/2230/2386
f 3063/2228/1652 3060/2215/1650 3064/2229/1652
f 3046/2213/2379 3065/2212/1652 3060/2215/1650
f 3065/2212/1652 3046/2213/2379 3049/2207/2359
f 3064/2229/1652 3060/2215/1650 3066/2211/1650
f 3060/2215/1650 3065/2212/1652 3066/2211/1650
f 3061/2232/2388 3064/2229/1652 3066/2211/1650
f 3049/2207/2359 3067/2209/1650 3065/2212/1652
f 3065/2212/1652 3067/2209/1650 3066/2211/1650
f 3067/2209/1650 3049/2207/2359 3068/2204/2389
f 3047/2205/2380 3068/2204/2389 3049/2207/2359
f 3047/2205/2380 3069/2202/2390 3068/2204/2389
f 3069/2202/2390 3070/2197/2391 3068/2204/2389
f 3068/2204/2389 3071/2210/1652 3067/2209/1650
f 3067/2209/1650 3071/2210/1652 3066/2211/1650
f 3072/2201/2392 3068/2204/2389 3070/2197/2391
f 3071/2210/1652 3068/2204/2389 3072/2201/2392
f 3073/2198/2393 3072/2201/2392 3070/2197/2391
f 3071/2210/1652 3074/2206/1650 3066/2211/1650
f 3072/2201/2392 3074/2206/1650 3071/2210/1652
f 3072/2201/2392 3073/2198/2393 3075/2199/2353
f 3074/2206/1650 3072/2201/2392 3075/2199/2353
f 3062/2200/2354 3075/2199/2353 3073/2198/2393
f 3074/2206/1650 3076/2208/1653 3066/2211/1650
f 3076/2208/1653 3061/2232/2388 3066/2211/1650
f 3077/2203/2394 3074/2206/1650 3075/2199/2353
f 3074/2206/1650 3077/2203/2394 3076/2208/1653
f 3075/2199/2353 3062/2200/2354 3077/2203/2394
f 3077/2203/2394 3061/2232/2388 3076/2208/1653
f 3062/2200/2354 3061/2232/2388 3077/2203/2394
usemtl e50:MI_Cabin_Leather_D1
f 3078/83/2395 3079/1820/2395 3080/1432/2395
f 3079/1820/2396 3078/83/2397 3081/1817/2398
f 3081/1817/2399 3082/2110/2400 3079/1820/2396
f 3082/2110/2400 3081/1817/2399 3083/2114/2398
f 3083/2114/2398 3084/87/2401 3082/2110/2400
f 3084/87/2401 3083/2114/2398 3085/2155/2398
f 3086/2234/2399 3084/87/2401 3085/2155/2398
f 3084/87/2401 3086/2234/2399 3087/2111/2402
f 3088/2234/2398 3087/2111/2402 3086/2234/2399
f 3087/2111/2402 3088/2234/2398 3089/2111/2403
f 3088/2234/2398 3090/2155/2398 3089/2111/2403
f 3090/2155/2398 3091/87/2404 3089/2111/2403
f 3090/2155/2398 3092/2110/2405 3091/87/2404
f 3092/2110/2405 3090/2155/2398 3093/2114/2398
f 3093/2114/2398 3094/1820/2406 3092/2110/2405
f 3094/1820/2406 3093/2114/2398 3095/1817/2398
f 3095/1817/2398 3096/1432/2407 3094/1820/2406
f 3096/1432/2407 3095/1817/2398 3097/83/2398
f 3097/83/2398 3098/2160/2399 3096/1432/2407
f 3098/2160/2399 3099/2112/2408 3096/1432/2407
f 3098/2160/2399 3100/2160/2398 3099/2112/2408
f 3101/2112/2409 3099/2112/2408 3100/2160/2398
f 3102/83/2397 3101/2112/2409 3100/2160/2398
f 3101/2112/2409 3102/83/2397 3103/1432/2410
f 3130/2261/2436 3131/2262/2414 3132/2263/2437
f 3133/2264/2438 3131/2262/2414 3130/2261/2436
f 3131/2262/2414 3133/2264/2438 3134/2265/2439
f 3131/2262/2414 3134/2265/2439 3135/2266/2415
f 3136/2267/2440 3134/2265/2439 3133/2264/2438
f 3133/2264/2438 3137/2268/2441 3136/2267/2440
f 3135/2266/2415 3134/2265/2439 3138/2269/2442
f 3136/2267/2440 3138/2269/2442 3134/2265/2439
f 3139/2270/2443 3135/2266/2415 3138/2269/2442
f 3140/2271/2444 3136/2267/2440 3137/2268/2441
f 3137/2268/2441 3141/2272/2445 3140/2271/2444
f 3138/2269/2442 3136/2267/2440 3142/2273/2446
f 3140/2271/2444 3142/2273/2446 3136/2267/2440
f 3139/2270/2443 3138/2269/2442 3143/2274/2447
f 3143/2274/2447 3138/2269/2442 3142/2273/2446
f 3144/2275/1420 3139/2270/2443 3143/2274/2447
f 3142/2273/2446 3140/2271/2444 3145/2276/2448
f 3142/2273/2446 3145/2276/2448 3143/2274/2447
f 3140/2271/2444 3146/2277/2449 3145/2276/2448
f 3145/2276/2448 3146/2277/2449 3143/2274/2447
f 3147/2278/2450 3140/2271/2444 3141/2272/2445
f 3146/2277/2449 3140/2271/2444 3147/2278/2450
f 3141/2272/2445 3148/2279/2451 3147/2278/2450
f 3149/2280/2452 3147/2278/2450 3148/2279/2451
f 3147/2278/2450 3149/2280/2452 3150/2281/2453
f 3146/2277/2449 3147/2278/2450 3150/2281/2453
f 3151/2282/2454 3150/2281/2453 3149/2280/2452
f 3152/2283/2455 3146/2277/2449 3150/2281/2453
f 3146/2277/2449 3152/2283/2455 3143/2274/2447
f 3150/2281/2453 3151/2282/2454 3153/2284/2456
f 3153/2284/2456 3152/2283/2455 3150/2281/2453
f 3154/2285/2457 3153/2284/2456 3151/2282/2454
f 3152/2283/2455 3153/2284/2456 3155/2286/2458
f 3143/2274/2447 3152/2283/2455 3155/2286/2458
f 3153/2284/2456 3154/2285/2457 3156/2285/2459
f 3157/2287/2460 3156/2285/2459 3154/2285/2457
f 3153/2284/2456 3158/2288/2461 3155/2286/2458
f 3158/2288/2461 3153/2284/2456 3156/2285/2459
f 3158/2288/2461 3143/2274/2447 3155/2286/2458
f 3159/2289/2462 3158/2288/2461 3156/2285/2459
f 3159/2289/2462 3143/2274/2447 3158/2288/2461
f 3156/2285/2459 3157/2287/2460 3160/2290/2463
f 3159/2289/2462 3156/2285/2459 3160/2290/2463
f 3161/2291/2464 3160/2290/2463 3157/2287/2460
f 3161/2291/2464 3157/2287/2460 3162/2292/2465
f 3160/2290/2463 3163/2293/2466 3159/2289/2462
f 3163/2293/2466 3160/2290/2463 3161/2291/2464
f 3159/2289/2462 3164/2153/2467 3143/2274/2447
f 3164/2153/2467 3159/2289/2462 3163/2293/2466
f 3144/2275/1420 3143/2274/2447 3164/2153/2467
f 3164/2153/2467 3165/2073/2421 3144/2275/1420
f 3166/2294/2423 3165/2073/2421 3164/2153/2467
f 3167/2295/2468 3166/2294/2423 3164/2153/2467
f 3163/2293/2466 3167/2295/2468 3164/2153/2467
f 3167/2295/2468 3168/2296/2425 3166/2294/2423
f 3169/2297/2469 3168/2296/2425 3167/2295/2468
f 3167/2295/2468 3163/2293/2466 3170/2298/2470
f 3170/2298/2470 3163/2293/2466 3161/2291/2464
f 3171/2299/2471 3169/2297/2469 3167/2295/2468
f 3170/2298/2470 3171/2299/2471 3167/2295/2468
f 3171/2299/2471 3172/2300/2429 3169/2297/2469
f 3170/2298/2470 3161/2291/2464 3173/2301/2472
f 3173/2301/2472 3161/2291/2464 3162/2292/2465
f 3173/2301/2472 3162/2292/2465 3174/2302/2473
f 3171/2299/2471 3170/2298/2470 3175/2303/2474
f 3175/2303/2474 3170/2298/2470 3173/2301/2472
f 3176/2304/2475 3173/2301/2472 3174/2302/2473
f 3175/2303/2474 3173/2301/2472 3176/2304/2475
f 3176/2304/2475 3174/2302/2473 3177/2305/2476
f 3178/2306/2477 3171/2299/2471 3175/2303/2474
f 3178/2306/2477 3175/2303/2474 3176/2304/2475
f 3171/2299/2471 3178/2306/2477 3172/2300/2429
f 3177/2305/2476 3179/2307/2478 3176/2304/2475
f 3178/2306/2477 3176/2304/2475 3179/2307/2478
f 3179/2307/2478 3177/2305/2476 3180/2308/2479
f 3178/2306/2477 3181/2309/2480 3172/2300/2429
f 3181/2309/2480 3178/2306/2477 3179/2307/2478
f 3180/2308/2479 3182/2310/2481 3179/2307/2478
f 3179/2307/2478 3182/2310/2481 3181/2309/2480
f 3182/2310/2481 3180/2308/2479 3183/2311/2482
f 3172/2300/2429 3181/2309/2480 3184/2312/2483
f 3182/2310/2481 3184/2312/2483 3181/2309/2480
f 3185/2313/2431 3172/2300/2429 3184/2312/2483
f 3183/2311/2482 3186/2314/2484 3182/2310/2481
f 3184/2312/2483 3182/2310/2481 3186/2314/2484
f 3186/2314/2484 3185/2313/2431 3184/2312/2483
f 3183/2311/2482 3187/2315/2485 3186/2314/2484
f 3186/2314/2484 3188/2316/2486 3185/2313/2431
f 3187/2315/2485 3188/2316/2486 3186/2314/2484
f 3187/2315/2485 3189/2317/2487 3188/2316/2486
f 3190/2318/2488 3191/2268/2488 3192/2319/2488
f 3191/2268/2488 3193/2320/2489 3192/2319/2488
f 3192/2319/2488 3193/2320/2489 3194/2321/2488
f 3193/2320/2489 3191/2268/2488 3195/2267/2490
f 3193/2320/2489 3196/2322/2489 3194/2321/2488
f 3193/2320/2489 3195/2267/2490 3197/2323/2491
f 3198/2324/2492 3197/2323/2491 3195/2267/2490
f 3193/2320/2489 3199/2325/2493 3196/2322/2489
f 3199/2325/2493 3193/2320/2489 3197/2323/2491
f 3196/2322/2489 3199/2325/2493 3200/84/2494
f 3201/2325/2493 3200/84/2494 3199/2325/2493
f 3201/2325/2493 3199/2325/2493 3202/2326/2495
f 3197/2323/2491 3198/2324/2492 3203/2327/2496
f 3203/2327/2496 3198/2324/2492 3204/2279/2497
f 3199/2325/2493 3197/2323/2491 3205/2328/2498
f 3203/2327/2496 3205/2328/2498 3197/2323/2491
f 3199/2325/2493 3206/2329/2499 3202/2326/2495
f 3206/2329/2499 3199/2325/2493 3205/2328/2498
f 3207/2329/2499 3202/2326/2495 3206/2329/2499
f 3208/2330/2500 3207/2329/2499 3206/2329/2499
f 3204/2279/2497 3209/2331/2501 3203/2327/2496
f 3210/2332/2502 3209/2331/2501 3204/2279/2497
f 3208/2330/2500 3206/2329/2499 3211/2333/2503
f 3212/2334/2504 3208/2330/2500 3211/2333/2503
f 3209/2331/2501 3210/2332/2502 3213/2335/2505
f 3214/2336/2506 3213/2335/2505 3210/2332/2502
f 3215/2337/2507 3203/2327/2496 3209/2331/2501
f 3205/2328/2498 3203/2327/2496 3215/2337/2507
f 3213/2335/2505 3216/2338/2508 3209/2331/2501
f 3215/2337/2507 3209/2331/2501 3216/2338/2508
f 3213/2335/2505 3214/2336/2506 3217/2339/2509
f 3218/1145/2506 3217/2339/2509 3214/2336/2506
f 3217/2339/2509 3218/1145/2506 3219/2340/2510
f 3217/2339/2509 3220/2341/2511 3213/2335/2505
f 3216/2338/2508 3213/2335/2505 3220/2341/2511
f 3217/2339/2509 3219/2340/2510 3221/2341/2512
f 3220/2341/2511 3217/2339/2509 3221/2341/2512
f 3221/2341/2512 3219/2340/2510 3222/2342/2508
f 3220/2341/2511 3223/2343/2513 3216/2338/2508
f 3224/2344/2513 3221/2341/2512 3222/2342/2508
f 3224/2344/2513 3222/2342/2508 3225/2345/2513
f 3221/2341/2512 3226/2346/2514 3220/2341/2511
f 3226/2346/2514 3221/2341/2512 3224/2344/2513
f 3223/2343/2513 3220/2341/2511 3226/2346/2514
f 3224/2344/2513 3225/2345/2513 3227/2347/2515
f 3226/2346/2514 3224/2344/2513 3227/2347/2515
f 3228/2348/2516 3227/2347/2515 3225/2345/2513
f 3229/2349/2516 3228/2348/2516 3225/2345/2513
f 3230/2350/2517 3228/2348/2516 3229/2349/2516
f 3231/2351/2518 3226/2346/2514 3227/2347/2515
f 3223/2343/2513 3226/2346/2514 3231/2351/2518
f 3232/2352/2517 3227/2347/2515 3228/2348/2516
f 3228/2348/2516 3230/2350/2517 3232/2352/2517
f 3227/2347/2515 3232/2352/2517 3231/2351/2518
f 3233/2353/2517 3232/2352/2517 3230/2350/2517
f 3232/2352/2517 3233/2353/2517 3234/2354/2517
f 3234/2354/2517 3231/2351/2518 3232/2352/2517
f 3235/2355/2519 3234/2354/2517 3233/2353/2517
f 3236/2356/2520 3231/2351/2518 3234/2354/2517
f 3234/2354/2517 3235/2355/2519 3236/2356/2520
f 3231/2351/2518 3236/2356/2520 3237/2357/2516
f 3237/2357/2516 3223/2343/2513 3231/2351/2518
f 3236/2356/2520 3235/2355/2519 3238/2358/2521
f 3237/2357/2516 3236/2356/2520 3238/2358/2521
f 3239/2359/2521 3238/2358/2521 3235/2355/2519
f 3240/2360/2522 3238/2358/2521 3239/2359/2521
f 3237/2357/2516 3241/2361/2523 3223/2343/2513
f 3241/2361/2523 3237/2357/2516 3238/2358/2521
f 3241/2361/2523 3216/2338/2508 3223/2343/2513
f 3241/2361/2523 3215/2337/2507 3216/2338/2508
f 3238/2358/2521 3240/2360/2522 3242/2362/2524
f 3243/2363/2525 3242/2362/2524 3240/2360/2522
f 3244/2358/2526 3241/2361/2523 3238/2358/2521
f 3242/2362/2524 3244/2358/2526 3238/2358/2521
f 3245/2361/2527 3215/2337/2507 3241/2361/2523
f 3244/2358/2526 3245/2361/2527 3241/2361/2523
f 3215/2337/2507 3245/2361/2527 3205/2328/2498
f 3206/2329/2499 3205/2328/2498 3245/2361/2527
f 3245/2361/2527 3211/2333/2503 3206/2329/2499
f 3211/2333/2503 3245/2361/2527 3244/2358/2526
f 3243/2363/2525 3246/2364/2528 3242/2362/2524
f 3244/2358/2526 3242/2362/2524 3246/2364/2528
f 3246/2364/2528 3243/2363/2525 3247/2365/2529
f 3244/2358/2526 3248/2366/2504 3211/2333/2503
f 3248/2366/2504 3244/2358/2526 3246/2364/2528
f 3246/2364/2528 3247/2365/2529 3248/2366/2504
f 3212/2334/2504 3211/2333/2503 3248/2366/2504
f 3249/2367/2530 3248/2366/2504 3247/2365/2529
f 3212/2334/2504 3248/2366/2504 3250/2368/2530
f 3250/2368/2530 3248/2366/2504 3249/2367/2530
f 3251/2369/2531 3252/2370/2532 3253/2371/2533
f 3251/2369/2531 3253/2371/2533 3254/2372/2534
f 3253/2371/2533 3255/2373/2535 3254/2372/2534
f 3254/2372/2534 3256/2374/2536 3251/2369/2531
f 3251/2369/2531 3256/2374/2536 3257/2375/2537
f 3258/2376/2538 3254/2372/2534 3255/2373/2535
f 3254/2372/2534 3258/2376/2538 3256/2374/2536
f 3255/2373/2535 3259/2377/2539 3258/2376/2538
f 3255/2373/2535 3260/2378/2540 3259/2377/2539
f 3256/2374/2536 3258/2376/2538 3261/2379/2541
f 3260/2378/2540 3262/2380/2542 3259/2377/2539
f 3262/2380/2542 3260/2378/2540 3263/2380/2543
f 3264/2381/2544 3262/2380/2542 3263/2380/2543
f 3259/2377/2539 3265/2382/2545 3258/2376/2538
f 3261/2379/2541 3258/2376/2538 3265/2382/2545
f 3262/2380/2542 3264/2381/2544 3266/2383/2546
f 3264/2381/2544 3267/2384/2547 3266/2383/2546
f 3262/2380/2542 3268/2385/2548 3259/2377/2539
f 3268/2385/2548 3262/2380/2542 3266/2383/2546
f 3259/2377/2539 3268/2385/2548 3265/2382/2545
f 3266/2383/2546 3267/2384/2547 3269/2384/2549
f 3269/2384/2549 3268/2385/2548 3266/2383/2546
f 3270/2386/2550 3269/2384/2549 3267/2384/2547
f 3271/2387/2551 3265/2382/2545 3268/2385/2548
f 3269/2384/2549 3270/2386/2550 3272/2386/2552
f 3273/107/2553 3272/2386/2552 3270/2386/2550
f 3268/2385/2548 3269/2384/2549 3274/2388/2554
f 3272/2386/2552 3273/107/2553 3275/2389/2552
f 3276/2390/2555 3275/2389/2552 3273/107/2553
f 3272/2386/2552 3277/2391/2556 3269/2384/2549
f 3269/2384/2549 3277/2391/2556 3274/2388/2554
f 3275/2389/2552 3276/2390/2555 3278/2392/2557
f 3278/2392/2557 3276/2390/2555 3279/2390/2558
f 3280/2393/2556 3272/2386/2552 3275/2389/2552
f 3272/2386/2552 3280/2393/2556 3277/2391/2556
f 3278/2392/2557 3281/2394/2559 3275/2389/2552
f 3279/2390/2558 3281/2394/2559 3278/2392/2557
f 3280/2393/2556 3275/2389/2552 3281/2394/2559
f 3281/2394/2559 3279/2390/2558 3282/2395/2560
f 3282/2395/2560 3283/2396/2561 3281/2394/2559
f 3283/2396/2561 3280/2393/2556 3281/2394/2559
f 3283/2396/2561 3282/2395/2560 3284/2397/2562
f 3280/2393/2556 3283/2396/2561 3285/2398/2563
f 3280/2393/2556 3285/2398/2563 3277/2391/2556
f 3284/2397/2562 3286/2399/2564 3283/2396/2561
f 3286/2399/2564 3285/2398/2563 3283/2396/2561
f 3284/2397/2562 3287/2400/2565 3286/2399/2564
f 3285/2398/2563 3288/2401/2566 3277/2391/2556
f 3277/2391/2556 3288/2401/2566 3274/2388/2554
f 3289/2402/2567 3287/2400/2565 3290/2403/2568
f 3287/2400/2565 3289/2402/2567 3291/2404/2569
f 3287/2400/2565 3291/2404/2569 3286/2399/2564
f 3292/2405/2570 3291/2404/2569 3289/2402/2567
f 3285/2398/2563 3286/2399/2564 3293/2406/2571
f 3291/2404/2569 3293/2406/2571 3286/2399/2564
f 3288/2401/2566 3285/2398/2563 3293/2406/2571
f 3291/2404/2569 3292/2405/2570 3294/2407/2570
f 3293/2406/2571 3291/2404/2569 3294/2407/2570
f 3294/2407/2570 3292/2405/2570 3295/2408/2570
f 3293/2406/2571 3296/2409/2572 3288/2401/2566
f 3297/2410/2570 3294/2407/2570 3295/2408/2570
f 3297/2410/2570 3293/2406/2571 3294/2407/2570
f 3293/2406/2571 3297/2410/2570 3296/2409/2572
f 3298/2411/2573 3297/2410/2570 3295/2408/2570
f 3296/2409/2572 3299/2412/2574 3288/2401/2566
f 3297/2410/2570 3299/2412/2574 3296/2409/2572
f 3299/2412/2574 3274/2388/2554 3288/2401/2566
f 3299/2412/2574 3268/2385/2548 3274/2388/2554
f 3268/2385/2548 3299/2412/2574 3271/2387/2551
f 3297/2410/2570 3300/2413/2575 3299/2412/2574
f 3300/2413/2575 3271/2387/2551 3299/2412/2574
f 3301/2414/2573 3297/2410/2570 3298/2411/2573
f 3300/2413/2575 3297/2410/2570 3301/2414/2573
f 3301/2414/2573 3298/2411/2573 3302/2415/2576
f 3302/2415/2576 3298/2411/2573 3303/2416/2577
f 3301/2414/2573 3304/2417/2578 3300/2413/2575
f 3303/2416/2577 3305/1237/2579 3302/2415/2576
f 3305/1237/2579 3303/2416/2577 3306/2418/2580
f 3307/2419/2581 3305/1237/2579 3306/2418/2580
f 3305/1237/2579 3307/2419/2581 3308/2420/2582
f 3309/2421/2070 3301/2414/2573 3302/2415/2576
f 3304/2417/2578 3301/2414/2573 3309/2421/2070
f 3305/1237/2579 3310/2422/2583 3302/2415/2576
f 3309/2421/2070 3302/2415/2576 3310/2422/2583
f 3308/2420/2582 3311/2423/2584 3305/1237/2579
f 3310/2422/2583 3305/1237/2579 3311/2423/2584
f 3311/2423/2584 3308/2420/2582 3312/2424/2585
f 3310/2422/2583 3313/2425/2586 3309/2421/2070
f 3304/2417/2578 3309/2421/2070 3313/2425/2586
f 3311/2423/2584 3314/2426/2587 3310/2422/2583
f 3313/2425/2586 3310/2422/2583 3314/2426/2587
f 3311/2423/2584 3312/2424/2585 3315/2427/2588
f 3314/2426/2587 3311/2423/2584 3315/2427/2588
f 3312/2424/2585 3316/2422/2589 3315/2427/2588
f 3315/2427/2588 3316/2422/2589 3317/2428/2590
f 3315/2427/2588 3317/2428/2590 3314/2426/2587
f 3316/2422/2589 3318/2429/2591 3317/2428/2590
f 3314/2426/2587 3319/2430/2592 3313/2425/2586
f 3304/2417/2578 3313/2425/2586 3319/2430/2592
f 3317/2428/2590 3320/2431/2593 3314/2426/2587
f 3320/2431/2593 3319/2430/2592 3314/2426/2587
f 3317/2428/2590 3318/2429/2591 3321/2431/2594
f 3317/2428/2590 3321/2431/2594 3320/2431/2593
f 3318/2429/2591 3322/2432/2595 3321/2431/2594
f 3319/2430/2592 3320/2431/2593 3323/2433/2593
f 3321/2431/2594 3322/2432/2595 3324/2434/2596
f 3321/2431/2594 3325/2435/2597 3320/2431/2593
f 3321/2431/2594 3324/2434/2596 3325/2435/2597
f 3325/2435/2597 3323/2433/2593 3320/2431/2593
f 3322/2432/2595 3326/2436/2598 3324/2434/2596
f 3326/2436/2598 3322/2432/2595 3327/119/2599
f 3328/2437/2600 3325/2435/2597 3324/2434/2596
f 3324/2434/2596 3326/2436/2598 3328/2437/2600
f 3323/2433/2593 3325/2435/2597 3329/2438/2601
f 3328/2437/2600 3329/2438/2601 3325/2435/2597
f 3330/2439/2602 3319/2430/2592 3323/2433/2593
f 3323/2433/2593 3329/2438/2601 3330/2439/2602
f 3319/2430/2592 3330/2439/2602 3304/2417/2578
f 3329/2438/2601 3328/2437/2600 3331/2440/2600
f 3332/2441/2603 3330/2439/2602 3329/2438/2601
f 3329/2438/2601 3331/2440/2600 3332/2441/2603
f 3333/2442/2604 3328/2437/2600 3326/2436/2598
f 3333/2442/2604 3331/2440/2600 3328/2437/2600
f 3327/119/2599 3334/2443/2605 3326/2436/2598
f 3334/2443/2605 3333/2442/2604 3326/2436/2598
f 3334/2443/2605 3327/119/2599 3335/2444/2606
f 3331/2440/2600 3333/2442/2604 3336/2445/2607
f 3335/2444/2606 3337/2446/2608 3334/2443/2605
f 3337/2446/2608 3335/2444/2606 3338/2447/2609
f 3339/2448/2610 3333/2442/2604 3334/2443/2605
f 3334/2443/2605 3337/2446/2608 3339/2448/2610
f 3339/2448/2610 3336/2445/2607 3333/2442/2604
f 3338/2447/2609 3340/2449/2611 3337/2446/2608
f 3340/2449/2611 3338/2447/2609 3341/1171/2612
f 3342/2450/2613 3339/2448/2610 3337/2446/2608
f 3340/2449/2611 3342/2450/2613 3337/2446/2608
f 3341/1171/2612 3343/2451/2614 3340/2449/2611
f 3343/2451/2614 3341/1171/2612 3344/1195/2615
f 3342/2450/2613 3340/2449/2611 3345/2452/2616
f 3340/2449/2611 3343/2451/2614 3345/2452/2616
f 3342/2450/2613 3346/2453/2617 3339/2448/2610
f 3336/2445/2607 3339/2448/2610 3346/2453/2617
f 3345/2452/2616 3347/2454/2618 3342/2450/2613
f 3346/2453/2617 3342/2450/2613 3347/2454/2618
f 3347/2454/2618 3345/2452/2616 3348/2455/2619
f 3346/2453/2617 3347/2454/2618 3349/2456/2620
f 3346/2453/2617 3349/2456/2620 3350/2456/2621
f 3351/1166/2622 3348/2455/2619 3345/2452/2616
f 3351/1166/2622 3345/2452/2616 3343/2451/2614
f 3348/2455/2619 3351/1166/2622 3352/2457/2623
f 3351/1166/2622 3353/2458/2624 3352/2457/2623
f 3350/2456/2621 3354/2459/2625 3346/2453/2617
f 3336/2445/2607 3346/2453/2617 3354/2459/2625
f 3350/2456/2621 3355/2460/2621 3354/2459/2625
f 3353/2458/2624 3351/1166/2622 3356/1165/2626
f 3343/2451/2614 3356/1165/2626 3351/1166/2622
f 3356/1165/2626 3357/2461/2627 3353/2458/2624
f 3356/1165/2626 3343/2451/2614 3358/1197/2628
f 3344/1195/2615 3358/1197/2628 3343/2451/2614
f 3358/1197/2628 3344/1195/2615 3359/2462/2629
f 3357/2461/2627 3356/1165/2626 3360/2463/2630
f 3358/1197/2628 3360/2463/2630 3356/1165/2626
f 3359/2462/2629 3361/2464/2631 3358/1197/2628
f 3360/2463/2630 3358/1197/2628 3361/2464/2631
f 3361/2464/2631 3359/2462/2629 3362/2465/2632
f 3362/2465/2632 3363/2466/2633 3361/2464/2631
f 3360/2463/2630 3364/2467/2634 3357/2461/2627
f 3361/2464/2631 3364/2467/2634 3360/2463/2630
f 3357/2461/2627 3364/2467/2634 3365/2468/2635
f 3366/2469/2636 3361/2464/2631 3363/2466/2633
f 3364/2467/2634 3361/2464/2631 3366/2469/2636
f 3363/2466/2633 3367/2470/2637 3366/2469/2636
f 3368/2471/2638 3366/2469/2636 3367/2470/2637
f 3368/2471/2638 3364/2467/2634 3366/2469/2636
f 3369/2472/2639 3368/2471/2638 3367/2470/2637
f 3370/2473/2640 3365/2468/2635 3364/2467/2634
f 3370/2473/2640 3364/2467/2634 3368/2471/2638
f 3368/2471/2638 3369/2472/2639 3371/2474/2641
f 3371/2474/2641 3370/2473/2640 3368/2471/2638
f 3372/2475/2642 3371/2474/2641 3369/2472/2639
f 3370/2473/2640 3373/2476/2624 3365/2468/2635
f 3373/2476/2624 3370/2473/2640 3371/2474/2641
f 3365/2468/2635 3373/2476/2624 3374/2477/2422
f 3371/2474/2641 3372/2475/2642 3375/2478/2643
f 3375/2478/2643 3373/2476/2624 3371/2474/2641
f 3376/2479/2644 3375/2478/2643 3372/2475/2642
f 3377/2480/2422 3374/2477/2422 3373/2476/2624
f 3377/2480/2422 3373/2476/2624 3375/2478/2643
f 3375/2478/2643 3376/2479/2644 3378/2481/2645
f 3378/2481/2645 3377/2480/2422 3375/2478/2643
f 3379/2482/2646 3378/2481/2645 3376/2479/2644
f 3377/2480/2422 3380/2483/2647 3374/2477/2422
f 3377/2480/2422 3378/2481/2645 3380/2483/2647
f 3374/2477/2422 3380/2483/2647 3381/2484/2648
f 3378/2481/2645 3379/2482/2646 3382/2482/2649
f 3382/2482/2649 3380/2483/2647 3378/2481/2645
f 3383/2485/2650 3381/2484/2648 3380/2483/2647
f 3380/2483/2647 3382/2482/2649 3383/2485/2650
f 3383/2485/2650 3384/2486/2651 3381/2484/2648
f 3379/2482/2646 3385/2487/2652 3382/2482/2649
f 3385/2487/2652 3379/2482/2646 3386/2488/2653
f 3382/2482/2649 3387/2489/2654 3383/2485/2650
f 3383/2485/2650 3387/2489/2654 3384/2486/2651
f 3387/2489/2654 3382/2482/2649 3385/2487/2652
f 3384/2486/2651 3387/2489/2654 3388/2490/2651
f 3387/2489/2654 3389/2491/2651 3388/2490/2651
f 3389/2491/2651 3387/2489/2654 3390/2492/2651
f 3387/2489/2654 3391/2493/2592 3390/2492/2651
f 3391/2493/2592 3387/2489/2654 3392/2494/2655
f 3385/2487/2652 3392/2494/2655 3387/2489/2654
f 3392/2494/2655 3393/150/2656 3391/2493/2592
f 3386/2488/2653 3394/2495/2657 3385/2487/2652
f 3392/2494/2655 3385/2487/2652 3394/2495/2657
f 3394/2495/2657 3386/2488/2653 3395/2496/2658
f 3393/150/2656 3392/2494/2655 3396/2/2659
f 3394/2495/2657 3396/2/2659 3392/2494/2655
f 3396/2/2659 3397/2497/2660 3393/150/2656
f 3395/2496/2658 3398/2498/2661 3394/2495/2657
f 3396/2/2659 3394/2495/2657 3398/2498/2661
f 3398/2498/2661 3395/2496/2658 3399/2499/2662
f 3397/2497/2660 3396/2/2659 3400/2500/2663
f 3398/2498/2661 3400/2500/2663 3396/2/2659
f 3399/2499/2662 3401/2501/2664 3398/2498/2661
f 3400/2500/2663 3398/2498/2661 3401/2501/2664
f 3401/2501/2664 3399/2499/2662 3402/2502/2665
f 3403/2503/2666 3401/2501/2664 3402/2502/2665
f 3397/2497/2660 3400/2500/2663 3404/2504/2667
f 3401/2501/2664 3404/2504/2667 3400/2500/2663
f 3397/2497/2660 3404/2504/2667 3405/1/2667
f 3406/2505/2668 3401/2501/2664 3403/2503/2666
f 3404/2504/2667 3401/2501/2664 3406/2505/2668
f 3407/2506/2669 3406/2505/2668 3403/2503/2666
f 3405/1/2667 3404/2504/2667 3408/2503/2670
f 3409/2507/2671 3406/2505/2668 3407/2506/2669
f 3406/2505/2668 3409/2507/2671 3404/2504/2667
f 3408/2503/2670 3404/2504/2667 3409/2507/2671
f 3410/2508/2672 3409/2507/2671 3407/2506/2669
f 3408/2503/2670 3411/2509/2673 3405/1/2667
f 3412/2510/2674 3409/2507/2671 3410/2508/2672
f 3409/2507/2671 3412/2510/2674 3408/2503/2670
f 3412/2510/2674 3410/2508/2672 3413/2511/2675
f 3411/2509/2673 3408/2503/2670 3414/2512/2676
f 3414/2512/2676 3408/2503/2670 3412/2510/2674
f 3414/2512/2676 3415/2513/2677 3411/2509/2673
f 3416/2514/2678 3412/2510/2674 3413/2511/2675
f 3412/2510/2674 3416/2514/2678 3414/2512/2676
f 3413/2511/2675 3417/2515/2679 3416/2514/2678
f 3414/2512/2676 3418/154/2680 3415/2513/2677
f 3418/154/2680 3414/2512/2676 3416/2514/2678
f 3418/154/2680 3419/2516/2680 3415/2513/2677
f 3420/2517/2681 3416/2514/2678 3417/2515/2679
f 3416/2514/2678 3420/2517/2681 3418/154/2680
f 3417/2515/2679 3421/1727/940 3420/2517/2681
f 3418/154/2680 3422/2518/2682 3419/2516/2680
f 3422/2518/2682 3418/154/2680 3420/2517/2681
f 3423/2519/2683 3420/2517/2681 3421/1727/940
f 3422/2518/2682 3420/2517/2681 3423/2519/2683
f 3422/2518/2682 3424/2520/2682 3419/2516/2680
f 3424/2520/2682 3425/2521/1984 3419/2516/2680
f 3426/2522/2684 3422/2518/2682 3423/2519/2683
f 3425/2521/1984 3424/2520/2682 3427/2523/2685
f 3427/2523/2685 3428/2524/2686 3425/2521/1984
f 3429/2525/2687 3424/2520/2682 3422/2518/2682
f 3422/2518/2682 3426/2522/2684 3429/2525/2687
f 3427/2523/2685 3424/2520/2682 3429/2525/2687
f 3427/2523/2685 3430/2526/2688 3428/2524/2686
f 3430/2526/2688 3427/2523/2685 3431/2527/2689
f 3431/2527/2689 3432/2368/2690 3430/2526/2688
f 3433/2528/2691 3427/2523/2685 3429/2525/2687
f 3427/2523/2685 3434/2529/2692 3431/2527/2689
f 3433/2528/2691 3434/2529/2692 3427/2523/2685
f 3432/2368/2690 3431/2527/2689 3435/2368/2693
f 3434/2529/2692 3435/2368/2693 3431/2527/2689
f 3435/2368/2693 3436/2334/2694 3432/2368/2690
f 3437/2334/2504 3432/2368/2690 3436/2334/2694
f 3436/2334/2694 3438/2330/2500 3437/2334/2504
f 3434/2529/2692 3433/2528/2691 3439/2530/2695
f 3438/2330/2500 3436/2334/2694 3440/2531/2696
f 3434/2529/2692 3441/2532/2697 3435/2368/2693
f 3441/2532/2697 3434/2529/2692 3439/2530/2695
f 3435/2368/2693 3442/2533/2698 3436/2334/2694
f 3441/2532/2697 3442/2533/2698 3435/2368/2693
f 3442/2533/2698 3440/2531/2696 3436/2334/2694
f 3439/2530/2695 3433/2528/2691 3443/2534/2699
f 3429/2525/2687 3443/2534/2699 3433/2528/2691
f 3442/2533/2698 3444/2535/2700 3440/2531/2696
f 3443/2534/2699 3429/2525/2687 3445/2536/2701
f 3426/2522/2684 3445/2536/2701 3429/2525/2687
f 3446/2537/2702 3444/2535/2700 3442/2533/2698
f 3441/2532/2697 3446/2537/2702 3442/2533/2698
f 3445/2536/2701 3426/2522/2684 3447/2538/2703
f 3423/2519/2683 3447/2538/2703 3426/2522/2684
f 3445/2536/2701 3448/2539/2704 3443/2534/2699
f 3447/2538/2703 3423/2519/2683 3449/2540/2705
f 3421/1727/940 3449/2540/2705 3423/2519/2683
f 3449/2540/2705 3421/1727/940 3450/2541/1959
f 3450/2541/1959 3451/2542/1959 3449/2540/2705
f 3447/2538/2703 3452/2543/2706 3445/2536/2701
f 3448/2539/2704 3445/2536/2701 3452/2543/2706
f 3449/2540/2705 3453/2544/2707 3447/2538/2703
f 3452/2543/2706 3447/2538/2703 3453/2544/2707
f 3454/2545/2708 3449/2540/2705 3451/2542/1959
f 3453/2544/2707 3449/2540/2705 3454/2545/2708
f 3455/2546/2709 3454/2545/2708 3451/2542/1959
f 3456/2547/2710 3454/2545/2708 3455/2546/2709
f 3454/2545/2708 3456/2547/2710 3453/2544/2707
f 3456/2547/2710 3452/2543/2706 3453/2544/2707
f 3452/2543/2706 3456/2547/2710 3457/2548/2711
f 3452/2543/2706 3457/2548/2711 3458/2549/2712
f 3452/2543/2706 3458/2549/2712 3448/2539/2704
f 3457/2548/2711 3459/2550/2713 3458/2549/2712
f 3460/2551/2714 3448/2539/2704 3458/2549/2712
f 3458/2549/2712 3459/2550/2713 3460/2551/2714
f 3460/2551/2714 3461/2552/2715 3448/2539/2704
f 3443/2534/2699 3448/2539/2704 3461/2552/2715
f 3459/2550/2713 3462/2553/2716 3460/2551/2714
f 3461/2552/2715 3463/2554/2717 3443/2534/2699
f 3463/2554/2717 3439/2530/2695 3443/2534/2699
f 3461/2552/2715 3460/2551/2714 3464/2555/2718
f 3460/2551/2714 3462/2553/2716 3464/2555/2718
f 3465/2556/2719 3439/2530/2695 3463/2554/2717
f 3465/2556/2719 3441/2532/2697 3439/2530/2695
f 3466/2557/2720 3463/2554/2717 3461/2552/2715
f 3466/2557/2720 3461/2552/2715 3464/2555/2718
f 3467/2558/2721 3465/2556/2719 3463/2554/2717
f 3463/2554/2717 3466/2557/2720 3467/2558/2721
f 3468/2559/2722 3464/2555/2718 3462/2553/2716
f 3464/2555/2718 3468/2559/2722 3469/2560/2723
f 3466/2557/2720 3464/2555/2718 3469/2560/2723
f 3462/2553/2716 3470/2561/2724 3468/2559/2722
f 3471/2562/2725 3469/2560/2723 3468/2559/2722
f 3468/2559/2722 3470/2561/2724 3471/2562/2725
f 3459/2550/2713 3472/2563/2726 3462/2553/2716
f 3470/2561/2724 3462/2553/2716 3472/2563/2726
f 3459/2550/2713 3473/2564/2727 3472/2563/2726
f 3474/2564/2728 3472/2563/2726 3473/2564/2727
f 3473/2564/2727 3475/2565/1862 3474/2564/2728
f 3476/2566/2729 3470/2561/2724 3472/2563/2726
f 3474/2564/2728 3476/2566/2729 3472/2563/2726
f 3477/2567/2730 3474/2564/2728 3475/2565/1862
f 3478/2568/2731 3477/2567/2730 3475/2565/1862
f 3476/2566/2729 3474/2564/2728 3479/2569/2732
f 3479/2569/2732 3474/2564/2728 3477/2567/2730
f 3477/2567/2730 3478/2568/2731 3480/2570/2733
f 3480/2570/2733 3479/2569/2732 3477/2567/2730
f 3480/2570/2733 3478/2568/2731 3481/2571/2734
f 3480/2570/2733 3481/2571/2734 3482/2572/2735
f 3476/2566/2729 3483/2573/2736 3470/2561/2724
f 3483/2573/2736 3471/2562/2725 3470/2561/2724
f 3484/2574/2737 3476/2566/2729 3479/2569/2732
f 3483/2573/2736 3476/2566/2729 3484/2574/2737
f 3479/2569/2732 3480/2570/2733 3485/2575/2738
f 3483/2573/2736 3486/2576/12 3471/2562/2725
f 3487/2577/2739 3479/2569/2732 3485/2575/2738
f 3479/2569/2732 3487/2577/2739 3484/2574/2737
f 3480/2570/2733 3488/2578/2740 3485/2575/2738
f 3487/2577/2739 3485/2575/2738 3488/2578/2740
f 3484/2574/2737 3489/2579/12 3483/2573/2736
f 3486/2576/12 3483/2573/2736 3489/2579/12
f 3490/2580/2741 3484/2574/2737 3487/2577/2739
f 3484/2574/2737 3490/2580/2741 3489/2579/12
f 3491/2581/2742 3471/2562/2725 3486/2576/12
f 3469/2560/2723 3471/2562/2725 3491/2581/2742
f 3491/2581/2742 3466/2557/2720 3469/2560/2723
f 3492/2582/2743 3491/2581/2742 3486/2576/12
f 3489/2579/12 3493/2583/2743 3486/2576/12
f 3493/2583/2743 3492/2582/2743 3486/2576/12
f 3494/2584/2743 3491/2581/2742 3492/2582/2743
f 3493/2583/2743 3495/2585/2744 3492/2582/2743
f 3495/2585/2744 3494/2584/2743 3492/2582/2743
f 3495/2585/2744 3493/2583/2743 3496/2586/2745
f 3494/2584/2743 3495/2585/2744 3497/2584/2746
f 3498/2587/2747 3494/2584/2743 3497/2584/2746
f 3499/2588/12 3496/2586/2745 3493/2583/2743
f 3499/2588/12 3493/2583/2743 3489/2579/12
f 3499/2588/12 3500/2562/2748 3496/2586/2745
f 3494/2584/2743 3498/2587/2747 3501/2589/2749
f 3501/2589/2749 3491/2581/2742 3494/2584/2743
f 3502/2590/2750 3501/2589/2749 3498/2587/2747
f 3466/2557/2720 3491/2581/2742 3501/2589/2749
f 3501/2589/2749 3502/2590/2750 3503/2591/2749
f 3501/2589/2749 3503/2591/2749 3466/2557/2720
f 3504/2592/2751 3503/2591/2749 3502/2590/2750
f 3505/2593/2752 3503/2591/2749 3504/2592/2751
f 3503/2591/2749 3505/2593/2752 3466/2557/2720
f 3506/2594/2753 3505/2593/2752 3504/2592/2751
f 3505/2593/2752 3506/2594/2753 3507/2595/2754
f 3505/2593/2752 3507/2595/2754 3466/2557/2720
f 3508/2596/2755 3507/2595/2754 3506/2594/2753
f 3508/2596/2755 3509/2597/2754 3507/2595/2754
f 3466/2557/2720 3507/2595/2754 3509/2597/2754
f 3508/2596/2755 3510/2598/2756 3509/2597/2754
f 3466/2557/2720 3509/2597/2754 3510/2598/2756
f 3510/2598/2756 3508/2596/2755 3511/2599/2757
f 3512/2600/2758 3510/2598/2756 3511/2599/2757
f 3510/2598/2756 3512/2600/2758 3513/2601/2756
f 3513/2601/2756 3466/2557/2720 3510/2598/2756
f 3513/2601/2756 3512/2600/2758 3514/2600/2759
f 3515/2601/2760 3466/2557/2720 3513/2601/2756
f 3513/2601/2756 3514/2600/2759 3515/2601/2760
f 3516/2602/2761 3515/2601/2760 3514/2600/2759
f 3467/2558/2721 3466/2557/2720 3515/2601/2760
f 3515/2601/2760 3516/2602/2761 3517/2603/2762
f 3515/2601/2760 3517/2603/2762 3467/2558/2721
f 3516/2602/2761 3518/2604/2760 3517/2603/2762
f 3517/2603/2762 3518/2604/2760 3467/2558/2721
f 3518/2604/2760 3516/2602/2761 3519/2605/2763
f 3520/2606/2760 3518/2604/2760 3519/2605/2763
f 3467/2558/2721 3518/2604/2760 3520/2606/2760
f 3520/2606/2760 3519/2605/2763 3521/2607/2764
f 3521/2607/2764 3522/2608/2765 3520/2606/2760
f 3522/2608/2765 3467/2558/2721 3520/2606/2760
f 3522/2608/2765 3521/2607/2764 3523/2609/2766
f 3524/2610/2767 3522/2608/2765 3523/2609/2766
f 3523/2609/2766 3525/2611/2768 3524/2610/2767
f 3525/2611/2768 3526/2612/2769 3524/2610/2767
f 3526/2612/2769 3525/2611/2768 3527/2613/2770
f 3528/2614/2771 3526/2612/2769 3527/2613/2770
f 3526/2612/2769 3528/2614/2771 3529/2615/2741
f 3530/2616/2772 3529/2615/2741 3528/2614/2771
f 3526/2612/2769 3531/2617/2773 3524/2610/2767
f 3529/2615/2741 3530/2616/2772 3532/2618/2741
f 3526/2612/2769 3529/2615/2741 3533/2616/2741
f 3531/2617/2773 3526/2612/2769 3533/2616/2741
f 3530/2616/2772 3534/2619/2741 3532/2618/2741
f 3534/2619/2741 3530/2616/2772 3535/2615/2774
f 3536/2620/2741 3529/2615/2741 3532/2618/2741
f 3536/2620/2741 3533/2616/2741 3529/2615/2741
f 3535/2615/2774 3537/2619/2741 3534/2619/2741
f 3537/2619/2741 3535/2615/2774 3538/2621/2775
f 3532/2618/2741 3534/2619/2741 3490/2580/2741
f 3537/2619/2741 3490/2580/2741 3534/2619/2741
f 3536/2620/2741 3532/2618/2741 3490/2580/2741
f 3539/2622/1652 3537/2619/2741 3538/2621/2775
f 3490/2580/2741 3537/2619/2741 3539/2622/1652
f 3538/2621/2775 3540/2623/2776 3539/2622/1652
f 3540/2623/2776 3541/2624/1650 3539/2622/1652
f 3541/2624/1650 3490/2580/2741 3539/2622/1652
f 3541/2624/1650 3540/2623/2776 3542/2625/2777
f 3542/2625/2777 3543/2626/11 3541/2624/1650
f 3543/2626/11 3490/2580/2741 3541/2624/1650
f 3543/2626/11 3542/2625/2777 3544/2579/2778
f 3500/2562/2748 3543/2626/11 3544/2579/2778
f 3543/2626/11 3500/2562/2748 3499/2588/12
f 3543/2626/11 3499/2588/12 3489/2579/12
f 3489/2579/12 3490/2580/2741 3543/2626/11
f 3536/2620/2741 3490/2580/2741 3545/2627/2779
f 3490/2580/2741 3546/2628/2755 3545/2627/2779
f 3487/2577/2739 3546/2628/2755 3490/2580/2741
f 3546/2628/2755 3487/2577/2739 3547/2629/2780
f 3487/2577/2739 3488/2578/2740 3547/2629/2780
f 3545/2627/2779 3546/2628/2755 3548/1762/2781
f 3547/2629/2780 3548/1762/2781 3546/2628/2755
f 3536/2620/2741 3545/2627/2779 3549/2630/2782
f 3548/1762/2781 3547/2629/2780 3550/2631/2781
f 3551/2632/2783 3536/2620/2741 3549/2630/2782
f 3536/2620/2741 3551/2632/2783 3533/2616/2741
f 3547/2629/2780 3552/2633/2781 3550/2631/2781
f 3552/2633/2781 3547/2629/2780 3488/2578/2740
f 3553/2634/2784 3533/2616/2741 3551/2632/2783
f 3533/2616/2741 3553/2634/2784 3531/2617/2773
f 3488/2578/2740 3554/2635/2781 3552/2633/2781
f 3552/2633/2781 3555/2636/2785 3550/2631/2781
f 3554/2635/2781 3555/2636/2785 3552/2633/2781
f 3550/2631/2781 3555/2636/2785 3548/1762/2781
f 3554/2635/2781 3488/2578/2740 3556/2637/2786
f 3488/2578/2740 3480/2570/2733 3556/2637/2786
f 3480/2570/2733 3482/2572/2735 3556/2637/2786
f 3556/2637/2786 3482/2572/2735 3557/2638/2787
f 3556/2637/2786 3557/2638/2787 3554/2635/2781
f 3558/2639/2788 3557/2638/2787 3482/2572/2735
f 3558/2639/2788 3559/2568/2789 3557/2638/2787
f 3560/2640/2790 3557/2638/2787 3559/2568/2789
f 3561/2641/2791 3560/2640/2790 3559/2568/2789
f 3562/2642/2792 3554/2635/2781 3557/2638/2787
f 3557/2638/2787 3560/2640/2790 3562/2642/2792
f 3555/2636/2785 3554/2635/2781 3562/2642/2792
f 3560/2640/2790 3561/2641/2791 3563/2643/2793
f 3560/2640/2790 3563/2643/2793 3562/2642/2792
f 3561/2641/2791 3564/2644/2794 3563/2643/2793
f 3563/2643/2793 3564/2644/2794 3562/2642/2792
f 3564/2644/2794 3561/2641/2791 3565/2645/2795
f 3566/2646/2792 3562/2642/2792 3564/2644/2794
f 3565/2645/2795 3567/2647/2796 3564/2644/2794
f 3567/2647/2796 3566/2646/2792 3564/2644/2794
f 3567/2647/2796 3565/2645/2795 3568/2648/2797
f 3569/2649/2798 3562/2642/2792 3566/2646/2792
f 3555/2636/2785 3562/2642/2792 3569/2649/2798
f 3568/2648/2797 3570/2650/2799 3567/2647/2796
f 3570/2650/2799 3568/2648/2797 3571/2651/2800
f 3571/2651/2800 3572/2652/2801 3570/2650/2799
f 3572/2652/2801 3571/2651/2800 3573/2653/2802
f 3574/2654/2803 3570/2650/2799 3572/2652/2801
f 3574/2654/2803 3567/2647/2796 3570/2650/2799
f 3575/2655/2804 3572/2652/2801 3573/2653/2802
f 3574/2654/2803 3572/2652/2801 3575/2655/2804
f 3573/2653/2802 3576/2656/2805 3575/2655/2804
f 3577/2657/2803 3575/2655/2804 3576/2656/2805
f 3574/2654/2803 3575/2655/2804 3577/2657/2803
f 3576/2656/2805 3578/2657/2806 3577/2657/2803
f 3567/2647/2796 3574/2654/2803 3579/2658/2807
f 3578/2657/2806 3580/2659/2808 3577/2657/2803
f 3578/2657/2806 3581/2659/2809 3580/2659/2808
f 3582/2660/2810 3580/2659/2808 3581/2659/2809
f 3567/2647/2796 3579/2658/2807 3583/2661/2811
f 3567/2647/2796 3583/2661/2811 3566/2646/2792
f 3580/2659/2808 3582/2660/2810 3584/2662/2812
f 3582/2660/2810 3585/2663/2813 3584/2662/2812
f 3583/2661/2811 3586/2664/2814 3566/2646/2792
f 3569/2649/2798 3566/2646/2792 3586/2664/2814
f 3587/2665/2815 3584/2662/2812 3585/2663/2813
f 3588/2666/2816 3587/2665/2815 3585/2663/2813
f 3589/2667/2817 3580/2659/2808 3584/2662/2812
f 3587/2665/2815 3589/2667/2817 3584/2662/2812
f 3587/2665/2815 3588/2666/2816 3590/2668/2818
f 3591/2669/2819 3590/2668/2818 3588/2666/2816
f 3589/2667/2817 3587/2665/2815 3592/1691/2820
f 3590/2668/2818 3592/1691/2820 3587/2665/2815
f 3580/2659/2808 3589/2667/2817 3593/2670/2821
f 3593/2670/2821 3577/2657/2803 3580/2659/2808
f 3590/2668/2818 3591/2669/2819 3594/2671/2822
f 3595/2672/2823 3594/2671/2822 3591/2669/2819
f 3592/1691/2820 3590/2668/2818 3596/2673/2824
f 3590/2668/2818 3594/2671/2822 3596/2673/2824
f 3594/2671/2822 3595/2672/2823 3597/2674/2825
f 3595/2672/2823 3598/2675/2826 3597/2674/2825
f 3596/2673/2824 3594/2671/2822 3599/1688/2827
f 3594/2671/2822 3597/2674/2825 3599/1688/2827
f 3592/1691/2820 3596/2673/2824 3600/1691/2828
f 3599/1688/2827 3597/2674/2825 3601/2676/2829
f 3599/1688/2827 3602/2677/2830 3596/2673/2824
f 3602/2677/2830 3600/1691/2828 3596/2673/2824
f 3599/1688/2827 3601/2676/2829 3603/2678/2831
f 3602/2677/2830 3599/1688/2827 3603/2678/2831
f 3604/2679/2832 3601/2676/2829 3597/2674/2825
f 3598/2675/2826 3604/2679/2832 3597/2674/2825
f 3603/2678/2831 3601/2676/2829 3605/2680/2833
f 3605/2680/2833 3601/2676/2829 3604/2679/2832
f 3598/2675/2826 3606/2681/2834 3604/2679/2832
f 3606/2681/2834 3598/2675/2826 3607/2682/2835
f 3605/2680/2833 3604/2679/2832 3608/2683/2836
f 3604/2679/2832 3606/2681/2834 3608/2683/2836
f 3607/2682/2835 3609/2684/2837 3606/2681/2834
f 3609/2684/2837 3607/2682/2835 3610/2685/2838
f 3608/2683/2836 3606/2681/2834 3611/2686/2839
f 3609/2684/2837 3611/2686/2839 3606/2681/2834
f 3610/2685/2838 3612/2687/2840 3609/2684/2837
f 3612/2687/2840 3610/2685/2838 3613/2688/2841
f 3614/2689/2842 3611/2686/2839 3609/2684/2837
f 3613/2688/2841 3615/2690/2843 3612/2687/2840
f 3615/2690/2843 3613/2688/2841 3616/2691/2844
f 3617/2687/2845 3609/2684/2837 3612/2687/2840
f 3615/2690/2843 3617/2687/2845 3612/2687/2840
f 3609/2684/2837 3617/2687/2845 3614/2689/2842
f 3616/2691/2844 3618/2692/2846 3615/2690/2843
f 3618/2692/2846 3616/2691/2844 3619/2693/2847
f 3620/2694/2848 3618/2692/2846 3619/2693/2847
f 3621/2695/2849 3617/2687/2845 3615/2690/2843
f 3621/2695/2849 3615/2690/2843 3618/2692/2846
f 3618/2692/2846 3620/2694/2848 3622/2696/2850
f 3257/2375/2537 3622/2696/2850 3620/2694/2848
f 3622/2696/2850 3257/2375/2537 3256/2374/2536
f 3622/2696/2850 3623/2697/2851 3618/2692/2846
f 3623/2697/2851 3621/2695/2849 3618/2692/2846
f 3256/2374/2536 3624/2698/2852 3622/2696/2850
f 3623/2697/2851 3622/2696/2850 3624/2698/2852
f 3624/2698/2852 3256/2374/2536 3261/2379/2541
f 3623/2697/2851 3625/2699/2853 3621/2695/2849
f 3261/2379/2541 3626/2700/2854 3624/2698/2852
f 3626/2700/2854 3261/2379/2541 3265/2382/2545
f 3265/2382/2545 3271/2387/2551 3626/2700/2854
f 3624/2698/2852 3627/2701/2855 3623/2697/2851
f 3627/2701/2855 3624/2698/2852 3626/2700/2854
f 3627/2701/2855 3625/2699/2853 3623/2697/2851
f 3271/2387/2551 3628/2702/2856 3626/2700/2854
f 3627/2701/2855 3626/2700/2854 3628/2702/2856
f 3271/2387/2551 3300/2413/2575 3628/2702/2856
f 3304/2417/2578 3628/2702/2856 3300/2413/2575
f 3628/2702/2856 3304/2417/2578 3629/2703/2857
f 3628/2702/2856 3629/2703/2857 3627/2701/2855
f 3629/2703/2857 3304/2417/2578 3330/2439/2602
f 3627/2701/2855 3630/2704/2858 3625/2699/2853
f 3630/2704/2858 3627/2701/2855 3629/2703/2857
f 3330/2439/2602 3631/2705/2859 3629/2703/2857
f 3631/2705/2859 3330/2439/2602 3332/2441/2603
f 3629/2703/2857 3632/2706/2860 3630/2704/2858
f 3632/2706/2860 3629/2703/2857 3631/2705/2859
f 3633/2707/2861 3625/2699/2853 3630/2704/2858
f 3630/2704/2858 3632/2706/2860 3633/2707/2861
f 3625/2699/2853 3633/2707/2861 3634/2708/2344
f 3634/2708/2344 3621/2695/2849 3625/2699/2853
f 3617/2687/2845 3621/2695/2849 3634/2708/2344
f 3634/2708/2344 3614/2689/2842 3617/2687/2845
f 3633/2707/2861 3635/2709/2862 3634/2708/2344
f 3614/2689/2842 3634/2708/2344 3635/2709/2862
f 3632/2706/2860 3636/2710/2863 3633/2707/2861
f 3635/2709/2862 3633/2707/2861 3636/2710/2863
f 3631/2705/2859 3637/2711/2864 3632/2706/2860
f 3636/2710/2863 3632/2706/2860 3637/2711/2864
f 3614/2689/2842 3635/2709/2862 3638/2712/2865
f 3636/2710/2863 3639/2713/2866 3635/2709/2862
f 3639/2713/2866 3638/2712/2865 3635/2709/2862
f 3640/2714/2867 3614/2689/2842 3638/2712/2865
f 3611/2686/2839 3614/2689/2842 3640/2714/2867
f 3640/2714/2867 3608/2683/2836 3611/2686/2839
f 3641/2715/2868 3640/2714/2867 3638/2712/2865
f 3641/2715/2868 3638/2712/2865 3639/2713/2866
f 3608/2683/2836 3640/2714/2867 3642/2716/2869
f 3640/2714/2867 3641/2715/2868 3642/2716/2869
f 3643/2717/2870 3608/2683/2836 3642/2716/2869
f 3608/2683/2836 3643/2717/2870 3605/2680/2833
f 3644/2718/2871 3642/2716/2869 3641/2715/2868
f 3642/2716/2869 3644/2718/2871 3643/2717/2870
f 3645/2719/2872 3605/2680/2833 3643/2717/2870
f 3605/2680/2833 3645/2719/2872 3603/2678/2831
f 3646/2720/2873 3643/2717/2870 3644/2718/2871
f 3643/2717/2870 3646/2720/2873 3645/2719/2872
f 3641/2715/2868 3647/2679/2874 3644/2718/2871
f 3647/2679/2874 3646/2720/2873 3644/2718/2871
f 3603/2678/2831 3645/2719/2872 3648/2721/2875
f 3602/2677/2830 3603/2678/2831 3648/2721/2875
f 3649/2722/2876 3645/2719/2872 3646/2720/2873
f 3645/2719/2872 3649/2722/2876 3648/2721/2875
f 3648/2721/2875 3650/2723/2877 3602/2677/2830
f 3600/1691/2828 3602/2677/2830 3650/2723/2877
f 3649/2722/2876 3651/2723/2878 3648/2721/2875
f 3650/2723/2877 3648/2721/2875 3651/2723/2878
f 3652/2724/2879 3649/2722/2876 3646/2720/2873
f 3646/2720/2873 3647/2679/2874 3652/2724/2879
f 3649/2722/2876 3652/2724/2879 3653/2725/2880
f 3647/2679/2874 3654/2726/2881 3652/2724/2879
f 3653/2725/2880 3652/2724/2879 3654/2726/2881
f 3655/2727/2882 3649/2722/2876 3653/2725/2880
f 3649/2722/2876 3655/2727/2882 3651/2723/2878
f 3654/2726/2881 3656/2725/2883 3653/2725/2880
f 3656/2725/2883 3655/2727/2882 3653/2725/2880
f 3657/2683/2884 3654/2726/2881 3647/2679/2874
f 3656/2725/2883 3654/2726/2881 3658/2726/2885
f 3654/2726/2881 3657/2683/2884 3658/2726/2885
f 3659/2728/2886 3657/2683/2884 3647/2679/2874
f 3647/2679/2874 3641/2715/2868 3659/2728/2886
f 3639/2713/2866 3659/2728/2886 3641/2715/2868
f 3659/2728/2886 3660/2729/2887 3657/2683/2884
f 3660/2729/2887 3659/2728/2886 3639/2713/2866
f 3660/2729/2887 3658/2726/2885 3657/2683/2884
f 3639/2713/2866 3636/2710/2863 3660/2729/2887
f 3660/2729/2887 3636/2710/2863 3637/2711/2864
f 3658/2726/2885 3660/2729/2887 3661/2730/2888
f 3637/2711/2864 3662/2731/2889 3660/2729/2887
f 3662/2731/2889 3661/2730/2888 3660/2729/2887
f 3661/2730/2888 3663/2732/2890 3658/2726/2885
f 3658/2726/2885 3663/2732/2890 3656/2725/2883
f 3664/2733/2891 3662/2731/2889 3637/2711/2864
f 3637/2711/2864 3631/2705/2859 3664/2733/2891
f 3332/2441/2603 3664/2733/2891 3631/2705/2859
f 3664/2733/2891 3332/2441/2603 3665/2734/2892
f 3665/2734/2892 3332/2441/2603 3331/2440/2600
f 3331/2440/2600 3336/2445/2607 3665/2734/2892
f 3664/2733/2891 3665/2734/2892 3666/1684/2893
f 3662/2731/2889 3664/2733/2891 3666/1684/2893
f 3667/2735/2894 3665/2734/2892 3336/2445/2607
f 3665/2734/2892 3667/2735/2894 3666/1684/2893
f 3336/2445/2607 3354/2459/2625 3667/2735/2894
f 3666/1684/2893 3667/2735/2894 3668/2736/2895
f 3667/2735/2894 3354/2459/2625 3668/2736/2895
f 3666/1684/2893 3668/2736/2895 3662/2731/2889
f 3668/2736/2895 3354/2459/2625 3355/2460/2621
f 3669/2737/2896 3662/2731/2889 3668/2736/2895
f 3355/2460/2621 3669/2737/2896 3668/2736/2895
f 3661/2730/2888 3662/2731/2889 3669/2737/2896
f 3669/2737/2896 3355/2460/2621 3670/2318/2488
f 3671/2319/2488 3669/2737/2896 3670/2318/2488
f 3672/2738/2897 3661/2730/2888 3669/2737/2896
f 3669/2737/2896 3671/2319/2488 3672/2738/2897
f 3663/2732/2890 3661/2730/2888 3672/2738/2897
f 3673/2321/2488 3672/2738/2897 3671/2319/2488
f 3672/2738/2897 3673/2321/2488 3674/2739/2898
f 3675/2322/2489 3674/2739/2898 3673/2321/2488
f 3676/2739/2899 3663/2732/2890 3672/2738/2897
f 3676/2739/2899 3672/2738/2897 3674/2739/2898
f 3674/2739/2898 3675/2322/2489 3677/1954/2900
f 3677/1954/2900 3676/2739/2899 3674/2739/2898
f 3678/84/2901 3677/1954/2900 3675/2322/2489
f 3679/2727/2902 3663/2732/2890 3676/2739/2899
f 3679/2727/2902 3656/2725/2883 3663/2732/2890
f 3655/2727/2882 3656/2725/2883 3679/2727/2902
f 3677/1954/2900 3678/84/2901 3680/2740/2903
f 3681/2325/2904 3680/2740/2903 3678/84/2901
f 3682/2195/2905 3676/2739/2899 3677/1954/2900
f 3680/2740/2903 3682/2195/2905 3677/1954/2900
f 3683/2741/2906 3679/2727/2902 3676/2739/2899
f 3683/2741/2906 3676/2739/2899 3682/2195/2905
f 3684/2742/2907 3655/2727/2882 3679/2727/2902
f 3684/2742/2907 3679/2727/2902 3683/2741/2906
f 3684/2742/2907 3651/2723/2878 3655/2727/2882
f 3685/2740/2908 3683/2741/2906 3682/2195/2905
f 3682/2195/2905 3680/2740/2903 3685/2740/2908
f 3686/2740/2909 3684/2742/2907 3683/2741/2906
f 3683/2741/2906 3685/2740/2908 3686/2740/2909
f 3651/2723/2878 3684/2742/2907 3687/2742/2910
f 3651/2723/2878 3687/2742/2910 3650/2723/2877
f 3684/2742/2907 3686/2740/2909 3688/2743/2911
f 3688/2743/2911 3687/2742/2910 3684/2742/2907
f 3689/2744/2912 3650/2723/2877 3687/2742/2910
f 3689/2744/2912 3600/1691/2828 3650/2723/2877
f 3687/2742/2910 3688/2743/2911 3690/2745/2913
f 3600/1691/2828 3689/2744/2912 3691/2746/2914
f 3600/1691/2828 3691/2746/2914 3592/1691/2820
f 3589/2667/2817 3592/1691/2820 3691/2746/2914
f 3691/2746/2914 3593/2670/2821 3589/2667/2817
f 3687/2742/2910 3692/2743/2915 3689/2744/2912
f 3689/2744/2912 3692/2743/2915 3691/2746/2914
f 3692/2743/2915 3687/2742/2910 3690/2745/2913
f 3593/2670/2821 3691/2746/2914 3693/2747/2916
f 3693/2747/2916 3691/2746/2914 3692/2743/2915
f 3693/2747/2916 3694/2657/2821 3593/2670/2821
f 3577/2657/2803 3593/2670/2821 3694/2657/2821
f 3695/2748/2917 3693/2747/2916 3692/2743/2915
f 3696/2749/2918 3577/2657/2803 3694/2657/2821
f 3696/2749/2918 3574/2654/2803 3577/2657/2803
f 3694/2657/2821 3693/2747/2916 3697/2750/2919
f 3697/2750/2919 3696/2749/2918 3694/2657/2821
f 3695/2748/2917 3698/2751/2920 3693/2747/2916
f 3697/2750/2919 3693/2747/2916 3698/2751/2920
f 3695/2748/2917 3692/2743/2915 3699/2748/2921
f 3690/2745/2913 3699/2748/2921 3692/2743/2915
f 3699/2748/2921 3700/2751/2922 3695/2748/2917
f 3698/2751/2920 3695/2748/2917 3700/2751/2922
f 3690/2745/2913 3701/2748/2923 3699/2748/2921
f 3701/2748/2923 3700/2751/2922 3699/2748/2921
f 3701/2748/2923 3690/2745/2913 3688/2743/2911
f 3701/2748/2923 3688/2743/2911 3686/2740/2909
f 3700/2751/2922 3702/2752/2924 3698/2751/2920
f 3700/2751/2922 3701/2748/2923 3703/2753/2925
f 3702/2752/2924 3700/2751/2922 3703/2753/2925
f 3701/2748/2923 3686/2740/2909 3704/2754/2926
f 3704/2754/2926 3703/2753/2925 3701/2748/2923
f 3686/2740/2909 3705/2754/2927 3704/2754/2926
f 3705/2754/2927 3686/2740/2909 3685/2740/2908
f 3703/2753/2925 3704/2754/2926 3706/2753/2928
f 3705/2754/2927 3706/2753/2928 3704/2754/2926
f 3707/2755/2929 3703/2753/2925 3706/2753/2928
f 3702/2752/2924 3703/2753/2925 3707/2755/2929
f 3685/2740/2908 3708/2756/977 3705/2754/2927
f 3708/2756/977 3685/2740/2908 3680/2740/2903
f 3680/2740/2903 3681/2325/2904 3708/2756/977
f 3709/2326/2495 3708/2756/977 3681/2325/2904
f 3710/2757/2930 3705/2754/2927 3708/2756/977
f 3708/2756/977 3709/2326/2495 3710/2757/2930
f 3705/2754/2927 3710/2757/2930 3711/2753/2931
f 3706/2753/2928 3705/2754/2927 3711/2753/2931
f 3709/2326/2495 3712/2758/2932 3710/2757/2930
f 3712/2758/2932 3711/2753/2931 3710/2757/2930
f 3712/2758/2932 3709/2326/2495 3713/2329/2499
f 3713/2329/2499 3438/2330/2500 3712/2758/2932
f 3440/2531/2696 3712/2758/2932 3438/2330/2500
f 3440/2531/2696 3714/2759/2933 3712/2758/2932
f 3711/2753/2931 3712/2758/2932 3714/2759/2933
f 3714/2759/2933 3440/2531/2696 3444/2535/2700
f 3715/2755/2934 3706/2753/2928 3711/2753/2931
f 3715/2755/2934 3711/2753/2931 3714/2759/2933
f 3707/2755/2929 3706/2753/2928 3715/2755/2934
f 3716/2531/2935 3714/2759/2933 3444/2535/2700
f 3716/2531/2935 3715/2755/2934 3714/2759/2933
f 3446/2537/2702 3716/2531/2935 3444/2535/2700
f 3717/2531/2936 3707/2755/2929 3715/2755/2934
f 3717/2531/2936 3715/2755/2934 3716/2531/2935
f 3718/2760/2937 3716/2531/2935 3446/2537/2702
f 3718/2760/2937 3717/2531/2936 3716/2531/2935
f 3719/2749/2938 3707/2755/2929 3717/2531/2936
f 3707/2755/2929 3719/2749/2938 3702/2752/2924
f 3720/2761/2939 3717/2531/2936 3718/2760/2937
f 3720/2761/2939 3719/2749/2938 3717/2531/2936
f 3446/2537/2702 3721/2762/2940 3718/2760/2937
f 3721/2762/2940 3446/2537/2702 3441/2532/2697
f 3718/2760/2937 3722/2763/2941 3720/2761/2939
f 3722/2763/2941 3718/2760/2937 3721/2762/2940
f 3723/2764/2942 3719/2749/2938 3720/2761/2939
f 3724/2533/2943 3720/2761/2939 3722/2763/2941
f 3720/2761/2939 3724/2533/2943 3723/2764/2942
f 3725/2765/2944 3702/2752/2924 3719/2749/2938
f 3719/2749/2938 3723/2764/2942 3725/2765/2944
f 3725/2765/2944 3726/2750/2945 3702/2752/2924
f 3726/2750/2945 3698/2751/2920 3702/2752/2924
f 3726/2750/2945 3697/2750/2919 3698/2751/2920
f 3727/2766/2946 3697/2750/2919 3726/2750/2945
f 3727/2766/2946 3726/2750/2945 3725/2765/2944
f 3696/2749/2918 3697/2750/2919 3727/2766/2946
f 3728/2767/2947 3725/2765/2944 3723/2764/2942
f 3725/2765/2944 3728/2767/2947 3727/2766/2946
f 3727/2766/2946 3729/2768/2948 3696/2749/2918
f 3729/2768/2948 3727/2766/2946 3728/2767/2947
f 3730/2769/2949 3696/2749/2918 3729/2768/2948
f 3730/2769/2949 3574/2654/2803 3696/2749/2918
f 3728/2767/2947 3731/2770/2950 3729/2768/2948
f 3729/2768/2948 3731/2770/2950 3730/2769/2949
f 3732/2771/2943 3728/2767/2947 3723/2764/2942
f 3731/2770/2950 3728/2767/2947 3732/2771/2943
f 3723/2764/2942 3724/2533/2943 3732/2771/2943
f 3730/2769/2949 3731/2770/2950 3733/2772/2950
f 3732/2771/2943 3733/2772/2950 3731/2770/2950
f 3730/2769/2949 3734/2773/2951 3574/2654/2803
f 3734/2773/2951 3579/2658/2807 3574/2654/2803
f 3735/2774/2803 3730/2769/2949 3733/2772/2950
f 3734/2773/2951 3730/2769/2949 3735/2774/2803
f 3733/2772/2950 3732/2771/2943 3736/2775/2952
f 3724/2533/2943 3737/2776/2953 3732/2771/2943
f 3732/2771/2943 3737/2776/2953 3736/2775/2952
f 3722/2763/2941 3737/2776/2953 3724/2533/2943
f 3738/2777/2954 3733/2772/2950 3736/2775/2952
f 3738/2777/2954 3735/2774/2803 3733/2772/2950
f 3737/2776/2953 3739/2778/2955 3736/2775/2952
f 3739/2778/2955 3738/2777/2954 3736/2775/2952
f 3737/2776/2953 3722/2763/2941 3740/2779/2956
f 3740/2779/2956 3739/2778/2955 3737/2776/2953
f 3721/2762/2940 3740/2779/2956 3722/2763/2941
f 3740/2779/2956 3721/2762/2940 3741/2780/2957
f 3741/2780/2957 3721/2762/2940 3441/2532/2697
f 3741/2780/2957 3742/2781/2958 3740/2779/2956
f 3741/2780/2957 3441/2532/2697 3742/2781/2958
f 3742/2781/2958 3743/2782/2959 3740/2779/2956
f 3743/2782/2959 3739/2778/2955 3740/2779/2956
f 3742/2781/2958 3441/2532/2697 3744/2783/2958
f 3742/2781/2958 3744/2783/2958 3743/2782/2959
f 3744/2783/2958 3441/2532/2697 3465/2556/2719
f 3745/2784/2960 3739/2778/2955 3743/2782/2959
f 3744/2783/2958 3745/2784/2960 3743/2782/2959
f 3739/2778/2955 3745/2784/2960 3746/2785/2961
f 3738/2777/2954 3739/2778/2955 3746/2785/2961
f 3747/2786/2962 3745/2784/2960 3744/2783/2958
f 3744/2783/2958 3465/2556/2719 3747/2786/2962
f 3748/2787/2963 3746/2785/2961 3745/2784/2960
f 3745/2784/2960 3747/2786/2962 3748/2787/2963
f 3738/2777/2954 3746/2785/2961 3749/2788/2964
f 3746/2785/2961 3748/2787/2963 3749/2788/2964
f 3747/2786/2962 3465/2556/2719 3750/2789/2965
f 3465/2556/2719 3467/2558/2721 3750/2789/2965
f 3747/2786/2962 3751/2790/2966 3748/2787/2963
f 3751/2790/2966 3747/2786/2962 3750/2789/2965
f 3748/2787/2963 3752/2782/2967 3749/2788/2964
f 3752/2782/2967 3748/2787/2963 3751/2790/2966
f 3749/2788/2964 3753/2776/2968 3738/2777/2954
f 3753/2776/2968 3749/2788/2964 3752/2782/2967
f 3735/2774/2803 3738/2777/2954 3753/2776/2968
f 3754/2788/2969 3753/2776/2968 3752/2782/2967
f 3751/2790/2966 3754/2788/2969 3752/2782/2967
f 3735/2774/2803 3753/2776/2968 3755/2791/2970
f 3754/2788/2969 3755/2791/2970 3753/2776/2968
f 3734/2773/2951 3735/2774/2803 3755/2791/2970
f 3756/2792/2307 3751/2790/2966 3750/2789/2965
f 3750/2789/2965 3467/2558/2721 3756/2792/2307
f 3751/2790/2966 3756/2792/2307 3757/2793/2971
f 3754/2788/2969 3751/2790/2966 3757/2793/2971
f 3758/2794/72 3757/2793/2971 3756/2792/2307
f 3756/2792/2307 3467/2558/2721 3758/2794/72
f 3757/2793/2971 3759/2795/2972 3754/2788/2969
f 3757/2793/2971 3758/2794/72 3759/2795/2972
f 3758/2794/72 3467/2558/2721 3760/2796/2973
f 3760/2796/2973 3759/2795/2972 3758/2794/72
f 3761/2797/2970 3754/2788/2969 3759/2795/2972
f 3755/2791/2970 3754/2788/2969 3761/2797/2970
f 3759/2795/2972 3760/2796/2973 3762/2798/2974
f 3759/2795/2972 3762/2798/2974 3761/2797/2970
f 3467/2558/2721 3763/2799/2975 3760/2796/2973
f 3763/2799/2975 3762/2798/2974 3760/2796/2973
f 3467/2558/2721 3522/2608/2765 3763/2799/2975
f 3764/2800/2976 3761/2797/2970 3762/2798/2974
f 3755/2791/2970 3761/2797/2970 3764/2800/2976
f 3762/2798/2974 3763/2799/2975 3765/2801/2977
f 3762/2798/2974 3765/2801/2977 3764/2800/2976
f 3766/2802/2978 3755/2791/2970 3764/2800/2976
f 3755/2791/2970 3766/2802/2978 3734/2773/2951
f 3734/2773/2951 3766/2802/2978 3579/2658/2807
f 3764/2800/2976 3765/2801/2977 3767/2803/2979
f 3767/2803/2979 3766/2802/2978 3764/2800/2976
f 3763/2799/2975 3768/2804/2980 3765/2801/2977
f 3768/2804/2980 3767/2803/2979 3765/2801/2977
f 3766/2802/2978 3767/2803/2979 3769/2805/2981
f 3767/2803/2979 3768/2804/2980 3769/2805/2981
f 3766/2802/2978 3770/2806/2982 3579/2658/2807
f 3770/2806/2982 3766/2802/2978 3769/2805/2981
f 3579/2658/2807 3770/2806/2982 3583/2661/2811
f 3770/2806/2982 3586/2664/2814 3583/2661/2811
f 3768/2804/2980 3763/2799/2975 3771/2807/2983
f 3763/2799/2975 3522/2608/2765 3771/2807/2983
f 3771/2807/2983 3772/2808/2984 3768/2804/2980
f 3772/2808/2984 3769/2805/2981 3768/2804/2980
f 3522/2608/2765 3773/2809/2985 3771/2807/2983
f 3772/2808/2984 3771/2807/2983 3773/2809/2985
f 3773/2809/2985 3522/2608/2765 3524/2610/2767
f 3773/2809/2985 3524/2610/2767 3774/2810/2773
f 3774/2810/2773 3772/2808/2984 3773/2809/2985
f 3524/2610/2767 3531/2617/2773 3774/2810/2773
f 3769/2805/2981 3772/2808/2984 3775/2811/2982
f 3775/2811/2982 3770/2806/2982 3769/2805/2981
f 3772/2808/2984 3774/2810/2773 3776/2812/2986
f 3531/2617/2773 3776/2812/2986 3774/2810/2773
f 3776/2812/2986 3775/2811/2982 3772/2808/2984
f 3776/2812/2986 3531/2617/2773 3553/2634/2784
f 3775/2811/2982 3776/2812/2986 3777/2813/2987
f 3776/2812/2986 3553/2634/2784 3777/2813/2987
f 3775/2811/2982 3778/2814/2988 3770/2806/2982
f 3775/2811/2982 3777/2813/2987 3778/2814/2988
f 3770/2806/2982 3778/2814/2988 3586/2664/2814
f 3777/2813/2987 3553/2634/2784 3779/2815/2989
f 3777/2813/2987 3779/2815/2989 3778/2814/2988
f 3551/2632/2783 3779/2815/2989 3553/2634/2784
f 3780/2816/2990 3586/2664/2814 3778/2814/2988
f 3586/2664/2814 3780/2816/2990 3569/2649/2798
f 3778/2814/2988 3779/2815/2989 3781/2817/2991
f 3781/2817/2991 3780/2816/2990 3778/2814/2988
f 3779/2815/2989 3551/2632/2783 3782/2818/2992
f 3779/2815/2989 3782/2818/2992 3781/2817/2991
f 3551/2632/2783 3549/2630/2782 3782/2818/2992
f 3783/2819/2993 3780/2816/2990 3781/2817/2991
f 3782/2818/2992 3783/2819/2993 3781/2817/2991
f 3569/2649/2798 3780/2816/2990 3784/2820/2994
f 3783/2819/2993 3784/2820/2994 3780/2816/2990
f 3569/2649/2798 3784/2820/2994 3555/2636/2785
f 3783/2819/2993 3782/2818/2992 3785/2819/2993
f 3549/2630/2782 3785/2819/2993 3782/2818/2992
f 3784/2820/2994 3783/2819/2993 3786/2821/2995
f 3785/2819/2993 3786/2821/2995 3783/2819/2993
f 3555/2636/2785 3784/2820/2994 3786/2821/2995
f 3785/2819/2993 3549/2630/2782 3787/2822/2996
f 3549/2630/2782 3545/2627/2779 3787/2822/2996
f 3786/2821/2995 3785/2819/2993 3788/2821/2997
f 3787/2822/2996 3788/2821/2997 3785/2819/2993
f 3788/2821/2997 3555/2636/2785 3786/2821/2995
f 3788/2821/2997 3787/2822/2996 3789/2627/2998
f 3789/2627/2998 3555/2636/2785 3788/2821/2997
f 3790/2823/2781 3787/2822/2996 3545/2627/2779
f 3787/2822/2996 3790/2823/2781 3789/2627/2998
f 3790/2823/2781 3555/2636/2785 3789/2627/2998
f 3548/1762/2781 3790/2823/2781 3545/2627/2779
f 3548/1762/2781 3555/2636/2785 3790/2823/2781
f 3791/2824/2999 3792/2825/3000 3793/2826/2999
f 3794/2824/2999 3792/2825/3000 3791/2824/2999
f 3794/2824/2999 3795/2827/3001 3792/2825/3000
f 3791/2824/2999 3796/2828/3002 3794/2824/2999
f 3797/2828/3003 3796/2828/3002 3791/2824/2999
f 3794/2824/2999 3798/2829/3004 3795/2827/3001
f 3799/2830/3005 3795/2827/3001 3798/2829/3004
f 3796/2828/3002 3800/2831/3006 3794/2824/2999
f 3800/2831/3006 3798/2829/3004 3794/2824/2999
f 3797/2828/3003 3801/2832/3007 3796/2828/3002
f 3797/2828/3003 3802/2833/3008 3801/2832/3007
f 3800/2831/3006 3796/2828/3002 3803/2751/3009
f 3802/2833/3008 3804/2743/3010 3801/2832/3007
f 3802/2833/3008 3805/2834/3011 3804/2743/3010
f 3806/2835/3012 3796/2828/3002 3801/2832/3007
f 3796/2828/3002 3806/2835/3012 3803/2751/3009
f 3801/2832/3007 3804/2743/3010 3807/2836/3013
f 3801/2832/3007 3807/2836/3013 3806/2835/3012
f 3805/2834/3011 3808/2837/3014 3804/2743/3010
f 3805/2834/3011 3809/2838/3015 3808/2837/3014
f 3804/2743/3010 3810/2839/3016 3807/2836/3013
f 3810/2839/3016 3804/2743/3010 3808/2837/3014
f 3809/2838/3015 3811/2840/3017 3808/2837/3014
f 3809/2838/3015 3812/2841/3018 3811/2840/3017
f 3808/2837/3014 3813/1753/3019 3810/2839/3016
f 3808/2837/3014 3811/2840/3017 3813/1753/3019
f 3812/2841/3018 3814/2712/3020 3811/2840/3017
f 3812/2841/3018 3815/2713/3021 3814/2712/3020
f 3815/2713/3021 3816/2842/3022 3814/2712/3020
f 3811/2840/3017 3817/2843/3023 3813/1753/3019
f 3811/2840/3017 3814/2712/3020 3817/2843/3023
f 3818/2844/3024 3814/2712/3020 3816/2842/3022
f 3818/2844/3024 3817/2843/3023 3814/2712/3020
f 3819/2845/3025 3818/2844/3024 3816/2842/3022
f 3817/2843/3023 3820/2846/3026 3813/1753/3019
f 3810/2839/3016 3813/1753/3019 3820/2846/3026
f 3818/2844/3024 3819/2845/3025 3821/2847/3027
f 3822/2848/3028 3821/2847/3027 3819/2845/3025
f 3817/2843/3023 3818/2844/3024 3823/2849/3029
f 3821/2847/3027 3822/2848/3028 3824/2850/3030
f 3825/2851/3031 3824/2850/3030 3822/2848/3028
f 3818/2844/3024 3821/2847/3027 3826/2852/1326
f 3823/2849/3029 3818/2844/3024 3826/2852/1326
f 3821/2847/3027 3824/2850/3030 3826/2852/1326
f 3827/2853/3032 3817/2843/3023 3823/2849/3029
f 3826/2852/1326 3827/2853/3032 3823/2849/3029
f 3820/2846/3026 3817/2843/3023 3827/2853/3032
f 3826/2852/1326 3824/2850/3030 3828/2854/2347
f 3828/2854/2347 3827/2853/3032 3826/2852/1326
f 3824/2850/3030 3825/2851/3031 3829/2855/3033
f 3824/2850/3030 3829/2855/3033 3828/2854/2347
f 3830/2856/3034 3825/2851/3031 3831/2851/3035
f 3830/2856/3034 3829/2855/3033 3825/2851/3031
f 3832/2857/3036 3828/2854/2347 3829/2855/3033
f 3829/2855/3033 3830/2856/3034 3833/2858/3037
f 3833/2858/3037 3832/2857/3036 3829/2855/3033
f 3830/2856/3034 3834/2859/3038 3833/2858/3037
f 3834/2859/3038 3832/2857/3036 3833/2858/3037
f 3830/2856/3034 3835/2860/3039 3834/2859/3038
f 3832/2857/3036 3836/2861/3040 3828/2854/2347
f 3834/2859/3038 3836/2861/3040 3832/2857/3036
f 3828/2854/2347 3836/2861/3040 3827/2853/3032
f 3834/2859/3038 3835/2860/3039 3837/2862/3041
f 3836/2861/3040 3834/2859/3038 3837/2862/3041
f 3838/2863/3042 3837/2862/3041 3835/2860/3039
f 3839/2864/3043 3837/2862/3041 3838/2863/3042
f 3837/2862/3041 3839/2864/3043 3840/2862/3044
f 3837/2862/3041 3840/2862/3044 3836/2861/3040
f 3839/2864/3043 3841/2865/3045 3840/2862/3044
f 3842/2866/3046 3836/2861/3040 3840/2862/3044
f 3840/2862/3044 3841/2865/3045 3842/2866/3046
f 3836/2861/3040 3842/2866/3046 3827/2853/3032
f 3843/2867/3047 3842/2866/3046 3841/2865/3045
f 3842/2866/3046 3843/2867/3047 3844/2868/3048
f 3844/2868/3048 3827/2853/3032 3842/2866/3046
f 3845/2869/2413 3844/2868/3048 3843/2867/3047
f 3844/2868/3048 3845/2869/2413 3846/2870/3049
f 3827/2853/3032 3844/2868/3048 3847/2871/976
f 3846/2870/3049 3847/2871/976 3844/2868/3048
f 3820/2846/3026 3827/2853/3032 3847/2871/976
f 3847/2871/976 3846/2870/3049 3848/2872/2415
f 3820/2846/3026 3847/2871/976 3848/2872/2415
f 3820/2846/3026 3848/2872/2415 3849/2873/2416
f 3850/2187/3050 3820/2846/3026 3849/2873/2416
f 3820/2846/3026 3850/2187/3050 3810/2839/3016
f 3849/2873/2416 3851/2874/3051 3850/2187/3050
f 3807/2836/3013 3810/2839/3016 3850/2187/3050
f 3852/2083/3052 3850/2187/3050 3851/2874/3051
f 3850/2187/3050 3852/2083/3052 3807/2836/3013
f 3851/2874/3051 3853/2875/2420 3852/2083/3052
f 3852/2083/3052 3806/2835/3012 3807/2836/3013
f 3854/2876/3053 3852/2083/3052 3853/2875/2420
f 3806/2835/3012 3852/2083/3052 3854/2876/3053
f 3854/2876/3053 3853/2875/2420 3855/2877/2422
f 3803/2751/3009 3806/2835/3012 3854/2876/3053
f 3856/2878/3054 3854/2876/3053 3855/2877/2422
f 3854/2876/3053 3856/2878/3054 3803/2751/3009
f 3855/2877/2422 3857/2879/2424 3856/2878/3054
f 3856/2878/3054 3858/2880/3055 3803/2751/3009
f 3803/2751/3009 3858/2880/3055 3800/2831/3006
f 3859/2881/3056 3856/2878/3054 3857/2879/2424
f 3858/2880/3055 3856/2878/3054 3859/2881/3056
f 3859/2881/3056 3857/2879/2424 3860/2882/2426
f 3858/2880/3055 3798/2829/3004 3800/2831/3006
f 3859/2881/3056 3861/2883/3057 3858/2880/3055
f 3798/2829/3004 3858/2880/3055 3861/2883/3057
f 3862/2884/3058 3859/2881/3056 3860/2882/2426
f 3859/2881/3056 3862/2884/3058 3861/2883/3057
f 3860/2882/2426 3863/2885/3059 3862/2884/3058
f 3864/2886/3060 3798/2829/3004 3861/2883/3057
f 3861/2883/3057 3862/2884/3058 3864/2886/3060
f 3798/2829/3004 3864/2886/3060 3865/2887/3061
f 3865/2887/3061 3799/2830/3005 3798/2829/3004
f 3799/2830/3005 3865/2887/3061 3866/2888/3062
f 3867/2889/3063 3865/2887/3061 3864/2886/3060
f 3862/2884/3058 3867/2889/3063 3864/2886/3060
f 3868/2890/3064 3866/2888/3062 3865/2887/3061
f 3868/2890/3064 3865/2887/3061 3867/2889/3063
f 3866/2888/3062 3868/2890/3064 3869/2891/3065
f 3870/2892/3066 3867/2889/3063 3862/2884/3058
f 3867/2889/3063 3870/2892/3066 3868/2890/3064
f 3871/2891/3067 3869/2891/3065 3868/2890/3064
f 3870/2892/3066 3871/2891/3067 3868/2890/3064
f 3869/2891/3065 3871/2891/3067 3872/2893/3068
f 3873/2894/3069 3870/2892/3066 3862/2884/3058
f 3873/2894/3069 3871/2891/3067 3870/2892/3066
f 3863/2885/3059 3873/2894/3069 3862/2884/3058
f 3873/2894/3069 3863/2885/3059 3874/2895/2430
f 3875/2896/3070 3872/2893/3068 3871/2891/3067
f 3871/2891/3067 3873/2894/3069 3875/2896/3070
f 3872/2893/3068 3875/2896/3070 3876/2897/3071
f 3877/2898/3072 3876/2897/3071 3875/2896/3070
f 3873/2894/3069 3874/2895/2430 3878/2899/3073
f 3878/2899/3073 3875/2896/3070 3873/2894/3069
f 3875/2896/3070 3878/2899/3073 3877/2898/3072
f 3874/2895/2430 3879/2900/3074 3878/2899/3073
f 3878/2899/3073 3880/2901/3075 3877/2898/3072
f 3880/2901/3075 3878/2899/3073 3879/2900/3074
f 3881/2902/3076 3882/2903/3077 3883/2904/3078
f 3881/2902/3076 3884/2905/3079 3882/2903/3077
f 3885/2906/3080 3882/2903/3077 3884/2905/3079
f 3881/2902/3076 3886/2907/3081 3884/2905/3079
f 3881/2902/3076 3887/2908/3082 3886/2907/3081
f 3884/2905/3079 3888/2909/3083 3885/2906/3080
f 3888/2909/3083 3884/2905/3079 3886/2907/3081
f 3889/2910/3084 3885/2906/3080 3888/2909/3083
f 3885/2906/3080 3889/2910/3084 3890/2911/3085
f 3891/2912/3086 3888/2909/3083 3886/2907/3081
f 3891/2912/3086 3889/2910/3084 3888/2909/3083
f 3886/2907/3081 3887/2908/3082 3892/2913/3087
f 3892/2913/3087 3891/2912/3086 3886/2907/3081
f 3893/2914/3088 3890/2911/3085 3889/2910/3084
f 3890/2911/3085 3893/2914/3088 3894/2915/3089
f 3893/2914/3088 3895/2362/3090 3894/2915/3089
f 3891/2912/3086 3896/2366/3091 3889/2910/3084
f 3896/2366/3091 3893/2914/3088 3889/2910/3084
f 3897/2916/3092 3891/2912/3086 3892/2913/3087
f 3897/2916/3092 3896/2366/3091 3891/2912/3086
f 3895/2362/3090 3893/2914/3088 3898/2917/3093
f 3898/2917/3093 3899/2918/3094 3895/2362/3090
f 3900/2362/3095 3893/2914/3088 3896/2366/3091
f 3900/2362/3095 3898/2917/3093 3893/2914/3088
f 3897/2916/3092 3901/2919/3096 3896/2366/3091
f 3901/2919/3096 3900/2362/3095 3896/2366/3091
f 3902/2920/3097 3899/2918/3094 3898/2917/3093
f 3902/2920/3097 3903/2921/3098 3899/2918/3094
f 3898/2917/3093 3900/2362/3095 3904/2922/3099
f 3904/2922/3099 3902/2920/3097 3898/2917/3093
f 3902/2920/3097 3905/2923/3100 3903/2921/3098
f 3906/2924/3101 3902/2920/3097 3904/2922/3099
f 3906/2924/3101 3905/2923/3100 3902/2920/3097
f 3900/2362/3095 3907/2925/3102 3904/2922/3099
f 3907/2925/3102 3906/2924/3101 3904/2922/3099
f 3908/2926/3103 3903/2921/3098 3905/2923/3100
f 3903/2921/3098 3908/2926/3103 3909/2927/3104
f 3910/2928/3105 3905/2923/3100 3906/2924/3101
f 3910/2928/3105 3908/2926/3103 3905/2923/3100
f 3909/2927/3104 3911/2929/3106 3912/2928/3107
f 3908/2926/3103 3911/2929/3106 3909/2927/3104
f 3913/2930/3108 3911/2929/3106 3908/2926/3103
f 3908/2926/3103 3910/2928/3105 3913/2930/3108
f 3911/2929/3106 3913/2930/3108 3914/2931/3109
f 3913/2930/3108 3915/2932/3110 3914/2931/3109
f 3916/2933/3111 3910/2928/3105 3906/2924/3101
f 3907/2925/3102 3916/2933/3111 3906/2924/3101
f 3910/2928/3105 3917/2934/3112 3913/2930/3108
f 3916/2933/3111 3917/2934/3112 3910/2928/3105
f 3915/2932/3110 3913/2930/3108 3918/2935/1117
f 3913/2930/3108 3917/2934/3112 3918/2935/1117
f 3919/2936/3113 3915/2932/3110 3918/2935/1117
f 3915/2932/3110 3919/2936/3113 3920/2937/3114
f 3917/2934/3112 3921/2938/3115 3918/2935/1117
f 3918/2935/1117 3921/2938/3115 3919/2936/3113
f 3922/2939/3116 3917/2934/3112 3916/2933/3111
f 3922/2939/3116 3921/2938/3115 3917/2934/3112
f 3923/2940/3117 3916/2933/3111 3907/2925/3102
f 3923/2940/3117 3922/2939/3116 3916/2933/3111
f 3924/2941/3118 3923/2940/3117 3907/2925/3102
f 3924/2941/3118 3907/2925/3102 3900/2362/3095
f 3924/2941/3118 3900/2362/3095 3901/2919/3096
f 3925/2942/3119 3922/2939/3116 3923/2940/3117
f 3925/2942/3119 3923/2940/3117 3924/2941/3118
f 3926/2943/3120 3921/2938/3115 3922/2939/3116
f 3922/2939/3116 3925/2942/3119 3926/2943/3120
f 3901/2919/3096 3927/2944/3121 3924/2941/3118
f 3925/2942/3119 3924/2941/3118 3927/2944/3121
f 3927/2944/3121 3901/2919/3096 3928/2945/3122
f 3927/2944/3121 3929/2946/3123 3925/2942/3119
f 3928/2945/3122 3929/2946/3123 3927/2944/3121
f 3901/2919/3096 3930/2947/3124 3928/2945/3122
f 3930/2947/3124 3929/2946/3123 3928/2945/3122
f 3930/2947/3124 3901/2919/3096 3897/2916/3092
f 3892/2913/3087 3930/2947/3124 3897/2916/3092
f 3930/2947/3124 3892/2913/3087 3931/2948/3125
f 3929/2946/3123 3930/2947/3124 3931/2948/3125
f 3892/2913/3087 3887/2908/3082 3931/2948/3125
f 3932/2949/3126 3931/2948/3125 3887/2908/3082
f 3932/2949/3126 3929/2946/3123 3931/2948/3125
f 3932/2949/3126 3933/2950/3127 3929/2946/3123
f 3934/2933/3128 3925/2942/3119 3929/2946/3123
f 3933/2950/3127 3934/2933/3128 3929/2946/3123
f 3925/2942/3119 3934/2933/3128 3926/2943/3120
f 3933/2950/3127 3935/2951/3129 3934/2933/3128
f 3935/2951/3129 3926/2943/3120 3934/2933/3128
f 3933/2950/3127 3936/2952/3130 3935/2951/3129
f 3926/2943/3120 3935/2951/3129 3937/2953/3131
f 3921/2938/3115 3926/2943/3120 3937/2953/3131
f 3936/2952/3130 3938/2954/3129 3935/2951/3129
f 3938/2954/3129 3937/2953/3131 3935/2951/3129
f 3921/2938/3115 3937/2953/3131 3939/2955/3132
f 3939/2955/3132 3919/2936/3113 3921/2938/3115
f 3936/2952/3130 3940/2956/3133 3938/2954/3129
f 3940/2956/3133 3936/2952/3130 3941/1952/3134
f 3919/2936/3113 3939/2955/3132 3942/2957/3135
f 3942/2957/3135 3920/2937/3114 3919/2936/3113
f 3920/2937/3114 3942/2957/3135 3943/2957/3136
f 3944/2958/3137 3942/2957/3135 3939/2955/3132
f 3937/2953/3131 3944/2958/3137 3939/2955/3132
f 3945/2958/3138 3943/2957/3136 3942/2957/3135
f 3942/2957/3135 3944/2958/3137 3945/2958/3138
f 3943/2957/3136 3945/2958/3138 3946/2959/3139
f 3947/2295/3140 3946/2959/3139 3945/2958/3138
f 3944/2958/3137 3937/2953/3131 3948/2958/3141
f 3937/2953/3131 3938/2954/3129 3948/2958/3141
f 3949/2295/3142 3945/2958/3138 3944/2958/3137
f 3948/2958/3141 3949/2295/3142 3944/2958/3137
f 3945/2958/3138 3950/2295/3143 3947/2295/3140
f 3945/2958/3138 3949/2295/3142 3950/2295/3143
f 3938/2954/3129 3951/2960/3144 3948/2958/3141
f 3948/2958/3141 3951/2960/3144 3949/2295/3142
f 3938/2954/3129 3940/2956/3133 3951/2960/3144
f 3952/1406/3145 3950/2295/3143 3949/2295/3142
f 3951/2960/3144 3952/1406/3145 3949/2295/3142
f 3953/1406/1433 3947/2295/3140 3950/2295/3143
f 3950/2295/3143 3952/1406/3145 3953/1406/1433
f 3947/2295/3140 3953/1406/1433 3954/1406/3146
f 3955/2961/3147 3954/1406/3146 3953/1406/1433
f 3951/2960/3144 3956/92/3148 3952/1406/3145
f 3940/2956/3133 3956/92/3148 3951/2960/3144
f 3957/2961/3149 3953/1406/1433 3952/1406/3145
f 3956/92/3148 3957/2961/3149 3952/1406/3145
f 3953/1406/1433 3958/2961/1413 3955/2961/3147
f 3953/1406/1433 3957/2961/3149 3958/2961/1413
f 3959/2453/3150 3955/2961/3147 3958/2961/1413
f 3956/92/3148 3940/2956/3133 3960/2962/3151
f 3941/1952/3134 3960/2962/3151 3940/2956/3133
f 3961/2963/3152 3960/2962/3151 3941/1952/3134
f 3958/2961/1413 3962/2964/3153 3959/2453/3150
f 3963/2965/3154 3959/2453/3150 3962/2964/3153
f 3960/2962/3151 3961/2963/3152 3964/2966/3155
f 3965/2967/3156 3964/2966/3155 3961/2963/3152
f 3960/2962/3151 3966/2968/3157 3956/92/3148
f 3966/2968/3157 3960/2962/3151 3964/2966/3155
f 3957/2961/3149 3956/92/3148 3966/2968/3157
f 3964/2966/3155 3965/2967/3156 3967/2872/3158
f 3968/2969/3159 3967/2872/3158 3965/2967/3156
f 3964/2966/3155 3969/2970/3160 3966/2968/3157
f 3969/2970/3160 3964/2966/3155 3967/2872/3158
f 3966/2968/3157 3970/2964/3161 3957/2961/3149
f 3970/2964/3161 3966/2968/3157 3969/2970/3160
f 3970/2964/3161 3958/2961/1413 3957/2961/3149
f 3958/2961/1413 3970/2964/3161 3962/2964/3153
f 3969/2970/3160 3971/2971/3162 3970/2964/3161
f 3971/2971/3162 3962/2964/3153 3970/2964/3161
f 3967/2872/3158 3972/2972/3163 3969/2970/3160
f 3971/2971/3162 3969/2970/3160 3972/2972/3163
f 3972/2972/3163 3967/2872/3158 3973/2973/3164
f 3967/2872/3158 3968/2969/3159 3973/2973/3164
f 3974/2974/3165 3971/2971/3162 3972/2972/3163
f 3973/2973/3164 3974/2974/3165 3972/2972/3163
f 3962/2964/3153 3971/2971/3162 3975/2965/3166
f 3962/2964/3153 3975/2965/3166 3963/2965/3154
f 3968/2969/3159 3976/2975/3167 3973/2973/3164
f 3976/2975/3167 3974/2974/3165 3973/2973/3164
f 3977/2976/3168 3976/2975/3167 3968/2969/3159
f 3971/2971/3162 3974/2974/3165 3978/2977/3162
f 3978/2977/3162 3975/2965/3166 3971/2971/3162
f 3979/2978/3169 3963/2965/3154 3975/2965/3166
f 3975/2965/3166 3978/2977/3162 3979/2978/3169
f 3963/2965/3154 3979/2978/3169 3980/2978/3170
f 3979/2978/3169 3981/2979/3171 3980/2978/3170
f 3979/2978/3169 3982/2980/3172 3981/2979/3171
f 3978/2977/3162 3982/2980/3172 3979/2978/3169
f 3983/2980/3173 3981/2979/3171 3982/2980/3172
f 3982/2980/3172 3984/2981/3174 3983/2980/3173
f 3985/2982/3175 3978/2977/3162 3974/2974/3165
f 3974/2974/3165 3976/2975/3167 3985/2982/3175
f 3978/2977/3162 3986/2980/3176 3982/2980/3172
f 3978/2977/3162 3985/2982/3175 3986/2980/3176
f 3982/2980/3172 3987/2983/2127 3984/2981/3174
f 3986/2980/3176 3987/2983/2127 3982/2980/3172
f 3987/2983/2127 3988/2984/3177 3984/2981/3174
f 3989/2985/3178 3986/2980/3176 3985/2982/3175
f 3985/2982/3175 3976/2975/3167 3989/2985/3178
f 3987/2983/2127 3986/2980/3176 3990/2981/3179
f 3986/2980/3176 3989/2985/3178 3990/2981/3179
f 3987/2983/2127 3991/2984/3180 3988/2984/3177
f 3990/2981/3179 3991/2984/3180 3987/2983/2127
f 3992/2986/3181 3988/2984/3177 3991/2984/3180
f 3993/2987/3182 3990/2981/3179 3989/2985/3178
f 3991/2984/3180 3994/2988/1039 3992/2986/3181
f 3995/2989/3183 3991/2984/3180 3990/2981/3179
f 3990/2981/3179 3993/2987/3182 3995/2989/3183
f 3995/2989/3183 3994/2988/1039 3991/2984/3180
f 3989/2985/3178 3996/2990/3175 3993/2987/3182
f 3996/2990/3175 3995/2989/3183 3993/2987/3182
f 3989/2985/3178 3976/2975/3167 3996/2990/3175
f 3994/2988/1039 3995/2989/3183 3997/2991/3184
f 3995/2989/3183 3996/2990/3175 3997/2991/3184
f 3998/2992/3185 3992/2986/3181 3994/2988/1039
f 3997/2991/3184 3998/2992/3185 3994/2988/1039
f 3992/2986/3181 3998/2992/3185 3999/2993/3186
f 3998/2992/3185 4000/2994/3187 3999/2993/3186
f 3998/2992/3185 3997/2991/3184 4001/2995/3188
f 4000/2994/3187 3998/2992/3185 4002/2996/3189
f 4001/2995/3188 4002/2996/3189 3998/2992/3185
f 4002/2996/3189 4003/2997/3190 4000/2994/3187
f 4001/2995/3188 3997/2991/3184 4004/2998/3191
f 4004/2998/3191 3997/2991/3184 3996/2990/3175
f 4002/2996/3189 4001/2995/3188 4005/2993/3192
f 4004/2998/3191 4005/2993/3192 4001/2995/3188
f 4003/2997/3190 4002/2996/3189 4006/1232/3193
f 4005/2993/3192 4006/1232/3193 4002/2996/3189
f 4003/2997/3190 4006/1232/3193 4007/2999/3194
f 4006/1232/3193 4005/2993/3192 4008/3000/3195
f 4008/3000/3195 4007/2999/3194 4006/1232/3193
f 4004/2998/3191 4009/2992/3196 4005/2993/3192
f 4008/3000/3195 4005/2993/3192 4009/2992/3196
f 4004/2998/3191 3996/2990/3175 4010/3001/3197
f 3976/2975/3167 4010/3001/3197 3996/2990/3175
f 4011/3002/3198 4004/2998/3191 4010/3001/3197
f 4011/3002/3198 4010/3001/3197 3976/2975/3167
f 4004/2998/3191 4011/3002/3198 4009/2992/3196
f 3976/2975/3167 3977/2976/3168 4011/3002/3198
f 4012/3003/3199 4011/3002/3198 3977/2976/3168
f 4012/3003/3199 4009/2992/3196 4011/3002/3198
f 4013/3004/3200 4012/3003/3199 3977/2976/3168
f 4012/3003/3199 4013/3004/3200 4014/3005/456
f 4015/3006/3201 4009/2992/3196 4012/3003/3199
f 4014/3005/456 4015/3006/3201 4012/3003/3199
f 4015/3006/3201 4008/3000/3195 4009/2992/3196
f 4015/3006/3201 4014/3005/456 4016/3007/3202
f 4008/3000/3195 4015/3006/3201 4017/3008/3203
f 4015/3006/3201 4016/3007/3202 4017/3008/3203
f 4007/2999/3194 4008/3000/3195 4017/3008/3203
f 4018/3009/3204 4017/3008/3203 4016/3007/3202
f 4017/3008/3203 4018/3009/3204 4007/2999/3194
usemtl e50:MI_Cabin_Leather_A_006
f 3104/2235/2411 3105/2236/2412 3106/2237/2413
f 3105/2236/2412 3104/2235/2411 3107/2238/2414
f 3105/2236/2412 3107/2238/2414 3108/2239/2415
f 3108/2239/2415 3107/2238/2414 3109/2240/2415
f 3109/2240/2415 3110/2241/2416 3108/2239/2415
f 3110/2241/2416 3109/2240/2415 3111/2242/2417
f 3111/2242/2417 3112/2243/2418 3110/2241/2416
f 3112/2243/2418 3111/2242/2417 3113/2244/2419
f 3113/2244/2419 3114/2245/2420 3112/2243/2418
f 3114/2245/2420 3113/2244/2419 3115/2246/2421
f 3115/2246/2421 3116/2247/2422 3114/2245/2420
f 3116/2247/2422 3115/2246/2421 3117/2248/2423
f 3117/2248/2423 3118/2249/2424 3116/2247/2422
f 3118/2249/2424 3117/2248/2423 3119/2250/2425
f 3119/2250/2425 3120/2251/2426 3118/2249/2424
f 3120/2251/2426 3119/2250/2425 3121/2252/2427
f 3121/2252/2427 3122/2253/2428 3120/2251/2426
f 3122/2253/2428 3121/2252/2427 3123/2254/2429
f 3123/2254/2429 3124/2255/2430 3122/2253/2428
f 3124/2255/2430 3123/2254/2429 3125/2256/2431
f 3126/2257/2432 3124/2255/2430 3125/2256/2431
f 3124/2255/2430 3126/2257/2432 3127/2258/2433
f 3126/2257/2432 3128/2259/2434 3127/2258/2433
f 3128/2259/2434 3126/2257/2432 3129/2260/2435
usemtl e50:MI_Cabin_Suede_A1
f 4019/1901/3205 4020/1914/3205 4021/1901/3205
f 4022/1913/3206 4023/1910/3206 4020/1914/3206
f 4024/1962/1941 4025/1901/3207 4026/1914/1941
f 4027/1910/1941 4024/1962/1941 4026/1914/1941
f 4028/1954/1941 4024/1962/1941 4027/1910/1941
f 4029/1905/3208 4028/1954/1941 4027/1910/1941
f 4030/1908/1939 4028/1954/1941 4029/1905/3208
f 4031/1908/1939 4028/1954/1941 4030/1908/1939
f 4032/64/1941 4028/1954/1941 4031/1908/1939
f 4033/1951/1941 4028/1954/1941 4032/64/1941
f 4034/3010/3209 4035/3011/3210 4036/3012/3211
f 4035/3011/3210 4037/3013/3210 4036/3012/3211
f 4037/3013/3210 4038/3014/3212 4036/3012/3211
f 4035/3011/3210 4039/3015/3213 4037/3013/3210
f 4039/3015/3213 4035/3011/3210 4040/3016/3214
f 4038/3014/3212 4037/3013/3210 4041/3017/3215
f 4039/3015/3213 4041/3017/3215 4037/3013/3210
f 4042/2889/3216 4039/3015/3213 4040/3016/3214
f 4043/3018/3217 4038/3014/3212 4041/3017/3215
f 4039/3015/3213 4042/2889/3216 4044/3019/3218
f 4045/3020/3219 4044/3019/3218 4042/2889/3216
f 4041/3017/3215 4039/3015/3213 4046/3021/3220
f 4044/3019/3218 4046/3021/3220 4039/3015/3213
f 4043/3018/3217 4041/3017/3215 4047/3022/3220
f 4041/3017/3215 4046/3021/3220 4047/3022/3220
f 4048/3023/3221 4043/3018/3217 4047/3022/3220
f 4043/3018/3217 4048/3023/3221 4049/2661/3222
f 4046/3021/3220 4044/3019/3218 4050/2891/3220
f 4051/3024/3223 4049/2661/3222 4048/3023/3221
f 4049/2661/3222 4051/3024/3223 4052/3025/3224
f 4052/3025/3224 4051/3024/3223 4053/3026/3225
f 4051/3024/3223 4054/3027/3225 4053/3026/3225
f 4055/3028/3226 4051/3024/3223 4048/3023/3221
f 4047/3022/3220 4055/3028/3226 4048/3023/3221
f 4054/3027/3225 4051/3024/3223 4056/3029/3221
f 4051/3024/3223 4055/3028/3226 4056/3029/3221
f 4057/3030/3227 4054/3027/3225 4056/3029/3221
f 4058/3031/3228 4047/3022/3220 4046/3021/3220
f 4055/3028/3226 4047/3022/3220 4058/3031/3228
f 4058/3031/3228 4046/3021/3220 4050/2891/3220
f 4056/3029/3221 4059/3032/3229 4057/3030/3227
f 4059/3032/3229 4060/3033/3230 4057/3030/3227
f 4056/3029/3221 4055/3028/3226 4061/3034/3229
f 4056/3029/3221 4061/3034/3229 4059/3032/3229
f 4060/3033/3230 4059/3032/3229 4062/3035/3231
f 4062/3035/3231 4063/3036/3232 4060/3033/3230
f 4059/3032/3229 4061/3034/3229 4064/3037/3231
f 4059/3032/3229 4064/3037/3231 4062/3035/3231
f 4055/3028/3226 4065/3038/3220 4061/3034/3229
f 4055/3028/3226 4058/3031/3228 4065/3038/3220
f 4061/3034/3229 4065/3038/3220 4066/3039/3220
f 4061/3034/3229 4066/3039/3220 4064/3037/3231
f 4066/3039/3220 4065/3038/3220 4067/3040/3220
f 4058/3031/3228 4067/3040/3220 4065/3038/3220
f 4068/3041/3220 4064/3037/3231 4066/3039/3220
f 4068/3041/3220 4066/3039/3220 4067/3040/3220
f 4062/3035/3231 4064/3037/3231 4069/3042/3233
f 4064/3037/3231 4068/3041/3220 4069/3042/3233
f 4063/3036/3232 4062/3035/3231 4070/3043/3234
f 4062/3035/3231 4069/3042/3233 4070/3043/3234
f 4070/3043/3234 4071/3044/3235 4063/3036/3232
f 4072/3045/3220 4069/3042/3233 4068/3041/3220
f 4070/3043/3234 4069/3042/3233 4073/3046/3236
f 4069/3042/3233 4072/3045/3220 4073/3046/3236
f 4071/3044/3235 4070/3043/3234 4074/3047/3237
f 4073/3046/3236 4074/3047/3237 4070/3043/3234
f 4074/3047/3237 4075/3048/3238 4071/3044/3235
f 4071/3044/3235 4075/3048/3238 4076/3049/3239
f 4074/3047/3237 4073/3046/3236 4077/3050/3240
f 4077/3050/3240 4075/3048/3238 4074/3047/3237
f 4072/3045/3220 4077/3050/3240 4073/3046/3236
f 4078/3051/3241 4076/3049/3239 4075/3048/3238
f 4077/3050/3240 4078/3051/3241 4075/3048/3238
f 4076/3049/3239 4078/3051/3241 4079/3052/3242
f 4077/3050/3240 4072/3045/3220 4080/3053/3220
f 4081/3054/3243 4079/3052/3242 4078/3051/3241
f 4079/3052/3242 4081/3054/3243 4082/3054/3244
f 4078/3051/3241 4077/3050/3240 4083/3055/3241
f 4083/3055/3241 4081/3054/3243 4078/3051/3241
f 4080/3053/3220 4083/3055/3241 4077/3050/3240
f 4081/3054/3243 4084/3056/3245 4082/3054/3244
f 4085/3057/3246 4082/3054/3244 4084/3056/3245
f 4081/3054/3243 4083/3055/3241 4086/3058/3247
f 4086/3058/3247 4084/3056/3245 4081/3054/3243
f 4083/3055/3241 4080/3053/3220 4087/3059/3220
f 4087/3059/3220 4086/3058/3247 4083/3055/3241
f 4084/3056/3245 4088/3060/3248 4085/3057/3246
f 4089/3060/3249 4085/3057/3246 4088/3060/3248
f 4084/3056/3245 4086/3058/3247 4090/3056/3245
f 4090/3056/3245 4088/3060/3248 4084/3056/3245
f 4086/3058/3247 4087/3059/3220 4091/3061/3220
f 4091/3061/3220 4090/3056/3245 4086/3058/3247
f 4080/3053/3220 4092/3062/3228 4087/3059/3220
f 4091/3061/3220 4087/3059/3220 4092/3062/3228
f 4080/3053/3220 4072/3045/3220 4093/3063/3220
f 4092/3062/3228 4080/3053/3220 4093/3063/3220
f 4068/3041/3220 4093/3063/3220 4072/3045/3220
f 4093/3063/3220 4068/3041/3220 4067/3040/3220
f 4090/3056/3245 4091/3061/3220 4094/3064/3220
f 4095/3065/3250 4093/3063/3220 4067/3040/3220
f 4094/3064/3220 4096/3066/3251 4090/3056/3245
f 4088/3060/3248 4090/3056/3245 4096/3066/3251
f 4091/3061/3220 4097/3067/3220 4094/3064/3220
f 4097/3067/3220 4091/3061/3220 4092/3062/3228
f 4096/3066/3251 4094/3064/3220 4098/3068/3252
f 4094/3064/3220 4097/3067/3220 4098/3068/3252
f 4099/3069/3220 4096/3066/3251 4098/3068/3252
f 4098/3068/3252 4097/3067/3220 4099/3069/3220
f 4096/3066/3251 4100/3070/3253 4088/3060/3248
f 4096/3066/3251 4099/3069/3220 4100/3070/3253
f 4101/3071/3254 4088/3060/3248 4100/3070/3253
f 4088/3060/3248 4101/3071/3254 4089/3060/3249
f 4102/3072/3255 4089/3060/3249 4101/3071/3254
f 4101/3071/3254 4103/3073/3256 4102/3072/3255
f 4101/3071/3254 4104/3074/3257 4103/3073/3256
f 4104/3074/3257 4105/3075/3258 4103/3073/3256
f 4106/3076/3259 4101/3071/3254 4100/3070/3253
f 4101/3071/3254 4106/3076/3259 4104/3074/3257
f 4104/3074/3257 4107/3077/3260 4105/3075/3258
f 4106/3076/3259 4107/3077/3260 4104/3074/3257
f 4107/3077/3260 4108/3078/3261 4105/3075/3258
f 4100/3070/3253 4109/3079/3220 4106/3076/3259
f 4109/3079/3220 4100/3070/3253 4099/3069/3220
f 4106/3076/3259 4110/3080/3262 4107/3077/3260
f 4109/3079/3220 4110/3080/3262 4106/3076/3259
f 4107/3077/3260 4111/3081/3263 4108/3078/3261
f 4109/3079/3220 4099/3069/3220 4112/3082/3220
f 4097/3067/3220 4112/3082/3220 4099/3069/3220
f 4110/3080/3262 4109/3079/3220 4113/3083/3264
f 4112/3082/3220 4113/3083/3264 4109/3079/3220
f 4114/3084/3265 4107/3077/3260 4110/3080/3262
f 4113/3083/3264 4114/3084/3265 4110/3080/3262
f 4107/3077/3260 4114/3084/3265 4111/3081/3263
f 4115/3085/3266 4108/3078/3261 4111/3081/3263
f 4111/3081/3263 4114/3084/3265 4115/3085/3266
f 4108/3078/3261 4115/3085/3266 4116/3086/3267
f 4114/3084/3265 4113/3083/3264 4117/2273/3220
f 4118/3087/3268 4116/3086/3267 4115/3085/3266
f 4116/3086/3267 4118/3087/3268 4119/3088/3269
f 4120/3089/3270 4115/3085/3266 4114/3084/3265
f 4120/3089/3270 4118/3087/3268 4115/3085/3266
f 4117/2273/3220 4120/3089/3270 4114/3084/3265
f 4121/3090/3271 4119/3088/3269 4118/3087/3268
f 4119/3088/3269 4121/3090/3271 4122/3091/3272
f 4118/3087/3268 4120/3089/3270 4123/3092/3268
f 4118/3087/3268 4123/3092/3268 4121/3090/3271
f 4120/3089/3270 4117/2273/3220 4124/3093/3220
f 4124/3093/3220 4123/3092/3268 4120/3089/3270
f 4125/119/3273 4122/3091/3272 4121/3090/3271
f 4122/3091/3272 4125/119/3273 4126/3094/3274
f 4127/3095/3275 4121/3090/3271 4123/3092/3268
f 4127/3095/3275 4125/119/3273 4121/3090/3271
f 4128/3096/3276 4126/3094/3274 4125/119/3273
f 4126/3094/3274 4128/3096/3276 4129/3097/3277
f 4125/119/3273 4127/3095/3275 4130/3098/3278
f 4130/3098/3278 4128/3096/3276 4125/119/3273
f 4127/3095/3275 4123/3092/3268 4131/3099/3220
f 4131/3099/3220 4130/3098/3278 4127/3095/3275
f 4132/3100/3279 4129/3097/3277 4128/3096/3276
f 4129/3097/3277 4132/3100/3279 4133/3101/3280
f 4134/3102/3281 4133/3101/3280 4132/3100/3279
f 4132/3100/3279 4135/3103/3282 4134/3102/3281
f 4136/3104/3276 4132/3100/3279 4128/3096/3276
f 4128/3096/3276 4130/3098/3278 4136/3104/3276
f 4135/3103/3282 4132/3100/3279 4137/3105/3283
f 4132/3100/3279 4136/3104/3276 4137/3105/3283
f 4138/3106/3284 4135/3103/3282 4137/3105/3283
f 4137/3105/3283 4139/3107/3215 4138/3106/3284
f 4137/3105/3283 4136/3104/3276 4139/3107/3215
f 4139/3107/3215 4140/3108/3285 4138/3106/3284
f 4130/3098/3278 4141/3109/3220 4136/3104/3276
f 4141/3109/3220 4139/3107/3215 4136/3104/3276
f 4140/3108/3285 4139/3107/3215 4142/3110/3220
f 4139/3107/3215 4141/3109/3220 4142/3110/3220
f 4143/3111/3286 4140/3108/3285 4142/3110/3220
f 4140/3108/3285 4143/3111/3286 4144/3112/3287
f 4142/3110/3220 4141/3109/3220 4145/3113/3220
f 4142/3110/3220 4145/3113/3220 4143/3111/3286
f 4141/3109/3220 4130/3098/3278 4146/3114/3264
f 4141/3109/3220 4146/3114/3264 4145/3113/3220
f 4130/3098/3278 4131/3099/3220 4146/3114/3264
f 4143/3111/3286 4147/3115/3286 4144/3112/3287
f 4144/3112/3287 4147/3115/3286 4148/3116/3288
f 4149/3117/3289 4150/3118/3290 4148/3116/3288
f 4148/3116/3288 4147/3115/3286 4149/3117/3289
f 4143/3111/3286 4151/2844/3291 4147/3115/3286
f 4151/2844/3291 4143/3111/3286 4145/3113/3220
f 4152/3119/3291 4149/3117/3289 4147/3115/3286
f 4147/3115/3286 4151/2844/3291 4152/3119/3291
f 4149/3117/3289 4152/3119/3291 4153/3120/3292
f 4145/3113/3220 4154/3121/3220 4151/2844/3291
f 4154/3121/3220 4145/3113/3220 4146/3114/3264
f 4155/3122/3293 4153/3120/3292 4152/3119/3291
f 4155/3122/3293 4152/3119/3291 4151/2844/3291
f 4153/3120/3292 4155/3122/3293 4156/3123/3294
f 4157/3124/3295 4156/3123/3294 4155/3122/3293
f 4158/3125/3296 4151/2844/3291 4154/3121/3220
f 4151/2844/3291 4158/3125/3296 4155/3122/3293
f 4146/3114/3264 4159/3126/3220 4154/3121/3220
f 4154/3121/3220 4159/3126/3220 4158/3125/3296
f 4159/3126/3220 4146/3114/3264 4131/3099/3220
f 4160/3127/3297 4155/3122/3293 4158/3125/3296
f 4160/3127/3297 4158/3125/3296 4159/3126/3220
f 4157/3124/3295 4155/3122/3293 4161/1752/3297
f 4155/3122/3293 4160/3127/3297 4161/1752/3297
f 4161/1752/3297 4162/2730/3298 4157/3124/3295
f 4159/3126/3220 4163/3128/3220 4160/3127/3297
f 4131/3099/3220 4163/3128/3220 4159/3126/3220
f 4160/3127/3297 4164/3129/3299 4161/1752/3297
f 4164/3129/3299 4160/3127/3297 4163/3128/3220
f 4162/2730/3298 4161/1752/3297 4165/2730/3300
f 4165/2730/3300 4161/1752/3297 4164/3129/3299
f 4166/2725/3301 4162/2730/3298 4165/2730/3300
f 4167/2265/3220 4163/3128/3220 4131/3099/3220
f 4167/2265/3220 4131/3099/3220 4123/3092/3268
f 4123/3092/3268 4124/3093/3220 4167/2265/3220
f 4167/2265/3220 4168/2967/3220 4163/3128/3220
f 4124/3093/3220 4168/2967/3220 4167/2265/3220
f 4168/2967/3220 4164/3129/3299 4163/3128/3220
f 4124/3093/3220 4169/3130/3220 4168/2967/3220
f 4117/2273/3220 4169/3130/3220 4124/3093/3220
f 4170/3131/3302 4164/3129/3299 4168/2967/3220
f 4169/3130/3220 4170/3131/3302 4168/2967/3220
f 4170/3131/3302 4165/2730/3300 4164/3129/3299
f 4117/2273/3220 4171/3132/3220 4169/3130/3220
f 4171/3132/3220 4117/2273/3220 4113/3083/3264
f 4113/3083/3264 4112/3082/3220 4171/3132/3220
f 4170/3131/3302 4169/3130/3220 4172/2963/3303
f 4171/3132/3220 4172/2963/3303 4169/3130/3220
f 4165/2730/3300 4170/3131/3302 4173/3133/3304
f 4172/2963/3303 4173/3133/3304 4170/3131/3302
f 4166/2725/3301 4165/2730/3300 4173/3133/3304
f 4174/3134/3305 4166/2725/3301 4173/3133/3304
f 4172/2963/3303 4171/3132/3220 4175/3132/3306
f 4112/3082/3220 4175/3132/3306 4171/3132/3220
f 4173/3133/3304 4172/2963/3303 4176/2963/3307
f 4174/3134/3305 4173/3133/3304 4176/2963/3307
f 4175/3132/3306 4176/2963/3307 4172/2963/3303
f 4177/3135/3308 4174/3134/3305 4176/2963/3307
f 4177/3135/3308 4176/2963/3307 4178/3135/3306
f 4176/2963/3307 4175/3132/3306 4178/3135/3306
f 4178/3135/3306 4179/3082/3309 4177/3135/3308
f 4175/3132/3306 4112/3082/3220 4180/3082/3310
f 4175/3132/3306 4180/3082/3310 4178/3135/3306
f 4179/3082/3309 4178/3135/3306 4181/3082/3311
f 4181/3082/3311 4178/3135/3306 4180/3082/3310
f 4182/1940/3312 4179/3082/3309 4181/3082/3311
f 4180/3082/3310 4182/1940/3312 4181/3082/3311
f 4179/3082/3309 4182/1940/3312 4183/1940/3313
f 4112/3082/3220 4184/3136/3314 4180/3082/3310
f 4182/1940/3312 4180/3082/3310 4184/3136/3314
f 4184/3136/3314 4112/3082/3220 4097/3067/3220
f 4185/2756/3315 4183/1940/3313 4182/1940/3312
f 4184/3136/3314 4185/2756/3315 4182/1940/3312
f 4183/1940/3313 4185/2756/3315 4186/3137/3316
f 4097/3067/3220 4187/2754/3315 4184/3136/3314
f 4185/2756/3315 4184/3136/3314 4187/2754/3315
f 4187/2754/3315 4097/3067/3220 4092/3062/3228
f 4185/2756/3315 4188/3138/3317 4186/3137/3316
f 4185/2756/3315 4187/2754/3315 4188/3138/3317
f 4189/3139/3318 4186/3137/3316 4188/3138/3317
f 4092/3062/3228 4190/3140/3317 4187/2754/3315
f 4188/3138/3317 4187/2754/3315 4190/3140/3317
f 4190/3140/3317 4092/3062/3228 4093/3063/3220
f 4093/3063/3220 4095/3065/3250 4190/3140/3317
f 4191/3141/3319 4189/3139/3318 4188/3138/3317
f 4190/3140/3317 4191/3141/3319 4188/3138/3317
f 4191/3141/3319 4190/3140/3317 4095/3065/3250
f 4189/3139/3318 4191/3141/3319 4192/3063/3320
f 4191/3141/3319 4193/3142/3321 4192/3063/3320
f 4191/3141/3319 4095/3065/3250 4193/3142/3321
f 4194/3143/3322 4192/3063/3320 4193/3142/3321
f 4193/3142/3321 4195/3144/3323 4194/3143/3322
f 4193/3142/3321 4095/3065/3250 4196/3145/3324
f 4067/3040/3220 4196/3145/3324 4095/3065/3250
f 4195/3144/3323 4193/3142/3321 4197/3146/3325
f 4196/3145/3324 4197/3146/3325 4193/3142/3321
f 4198/3147/3326 4195/3144/3323 4197/3146/3325
f 4196/3145/3324 4067/3040/3220 4199/3148/3220
f 4198/3147/3326 4197/3146/3325 4200/3149/3327
f 4067/3040/3220 4058/3031/3228 4199/3148/3220
f 4201/3150/3327 4198/3147/3326 4200/3149/3327
f 4198/3147/3326 4201/3150/3327 4202/3151/3328
f 4197/3146/3325 4203/3152/3327 4200/3149/3327
f 4197/3146/3325 4196/3145/3324 4203/3152/3327
f 4200/3149/3327 4203/3152/3327 4201/3150/3327
f 4199/3148/3220 4203/3152/3327 4196/3145/3324
f 4204/3151/3329 4202/3151/3328 4201/3150/3327
f 4201/3150/3327 4203/3152/3327 4204/3151/3329
f 4202/3151/3328 4204/3151/3329 4205/3153/3330
f 4204/3151/3329 4206/3154/3327 4205/3153/3330
f 4206/3154/3327 4204/3151/3329 4203/3152/3327
f 4205/3153/3330 4206/3154/3327 4207/3155/3331
f 4206/3154/3327 4208/3156/3332 4207/3155/3331
f 4208/3156/3332 4206/3154/3327 4209/3157/3325
f 4209/3157/3325 4206/3154/3327 4203/3152/3327
f 4210/3158/3333 4208/3156/3332 4209/3157/3325
f 4210/3158/3333 4209/3157/3325 4211/3159/3325
f 4211/3159/3325 4209/3157/3325 4203/3152/3327
f 4211/3159/3325 4212/3160/3334 4210/3158/3333
f 4212/3160/3334 4211/3159/3325 4213/3161/3325
f 4213/3161/3325 4211/3159/3325 4203/3152/3327
f 4213/3161/3325 4214/3162/3335 4212/3160/3334
f 4214/3162/3335 4213/3161/3325 4215/3163/3325
f 4215/3163/3325 4213/3161/3325 4203/3152/3327
f 4216/3164/3336 4214/3162/3335 4215/3163/3325
f 4215/3163/3325 4203/3152/3327 4217/3165/3327
f 4215/3163/3325 4217/3165/3327 4216/3164/3336
f 4217/3165/3327 4218/3166/3325 4216/3164/3336
f 4218/3166/3325 4217/3165/3327 4203/3152/3327
f 4219/3167/3337 4216/3164/3336 4218/3166/3325
f 4220/2751/3220 4218/3166/3325 4203/3152/3327
f 4221/3168/3220 4219/3167/3337 4218/3166/3325
f 4218/3166/3325 4220/2751/3220 4221/3168/3220
f 4221/3168/3220 4222/3169/3338 4219/3167/3337
f 4203/3152/3327 4199/3148/3220 4220/2751/3220
f 4222/3169/3338 4221/3168/3220 4223/3170/3220
f 4221/3168/3220 4220/2751/3220 4223/3170/3220
f 4223/3170/3220 4224/3171/3339 4222/3169/3338
f 4225/3172/3220 4223/3170/3220 4220/2751/3220
f 4199/3148/3220 4225/3172/3220 4220/2751/3220
f 4224/3171/3339 4223/3170/3220 4226/3171/3340
f 4226/3171/3340 4227/3173/3341 4224/3171/3339
f 4223/3170/3220 4228/3174/3342 4226/3171/3340
f 4228/3174/3342 4223/3170/3220 4225/3172/3220
f 4227/3173/3341 4226/3171/3340 4229/3173/3342
f 4226/3171/3340 4228/3174/3342 4229/3173/3342
f 4229/3173/3342 4230/3175/3343 4227/3173/3341
f 4230/3175/3343 4229/3173/3342 4231/3175/3342
f 4229/3173/3342 4228/3174/3342 4231/3175/3342
f 4228/3174/3342 4232/3176/3344 4231/3175/3342
f 4233/3177/3345 4232/3176/3344 4228/3174/3342
f 4233/3177/3345 4228/3174/3342 4225/3172/3220
f 4232/3176/3344 4233/3177/3345 4234/3178/3346
f 4235/3179/3215 4233/3177/3345 4225/3172/3220
f 4199/3148/3220 4235/3179/3215 4225/3172/3220
f 4236/3180/3347 4234/3178/3346 4233/3177/3345
f 4236/3180/3347 4233/3177/3345 4235/3179/3215
f 4234/3178/3346 4236/3180/3347 4237/3181/3348
f 4199/3148/3220 4238/3182/3220 4235/3179/3215
f 4238/3182/3220 4236/3180/3347 4235/3179/3215
f 4199/3148/3220 4239/3174/3220 4238/3182/3220
f 4239/3174/3220 4236/3180/3347 4238/3182/3220
f 4240/3183/3349 4237/3181/3348 4236/3180/3347
f 4236/3180/3347 4239/3174/3220 4240/3183/3349
f 4237/3181/3348 4240/3183/3349 4241/3184/3350
f 4199/3148/3220 4242/3185/3220 4239/3174/3220
f 4242/3185/3220 4240/3183/3349 4239/3174/3220
f 4199/3148/3220 4058/3031/3228 4242/3185/3220
f 4243/3186/3351 4241/3184/3350 4240/3183/3349
f 4240/3183/3349 4242/3185/3220 4243/3186/3351
f 4241/3184/3350 4243/3186/3351 4244/3187/3352
f 4245/3188/3352 4244/3187/3352 4243/3186/3351
f 4245/3188/3352 4243/3186/3351 4242/3185/3220
f 4244/3187/3352 4245/3188/3352 4246/3189/3352
f 4246/3189/3352 4245/3188/3352 4247/2531/3353
f 4245/3188/3352 4242/3185/3220 4248/2889/3220
f 4242/3185/3220 4058/3031/3228 4248/2889/3220
f 4245/3188/3352 4249/3190/3354 4247/2531/3353
f 4245/3188/3352 4248/2889/3220 4249/3190/3354
f 4247/2531/3353 4249/3190/3354 4045/3020/3219
f 4058/3031/3228 4250/2888/3220 4248/2889/3220
f 4249/3190/3354 4248/2889/3220 4250/2888/3220
f 4058/3031/3228 4251/3191/3220 4250/2888/3220
f 4058/3031/3228 4050/2891/3220 4251/3191/3220
f 4250/2888/3220 4252/3192/3355 4249/3190/3354
f 4252/3192/3355 4250/2888/3220 4251/3191/3220
f 4249/3190/3354 4252/3192/3355 4045/3020/3219
f 4050/2891/3220 4252/3192/3355 4251/3191/3220
f 4044/3019/3218 4045/3020/3219 4252/3192/3355
f 4252/3192/3355 4050/2891/3220 4044/3019/3218
usemtl e50:MI_Cabin_A1
f 4253/3193/3356 4254/3194/3356 4255/3195/3357
f 4254/3194/3356 4253/3193/3356 4256/3196/1652
f 4257/3197/1650 4258/3198/1652 4259/3199/1650
f 4258/3198/1652 4257/3197/1650 4260/3200/1650
f 4261/3201/1652 4262/3202/1650 4263/3203/1650
f 4262/3202/1650 4261/3201/1652 4264/3204/1650
f 4265/3205/1650 4266/3206/1652 4267/3207/1650
f 4266/3206/1652 4265/3205/1650 4268/3208/1650
f 4269/3209/1650 4270/3210/1650 4271/3211/1650
f 4270/3210/1650 4269/3209/1650 4272/3212/1650
f 4273/3213/1651 4274/3214/1652 4275/3215/1650
f 4274/3214/1652 4276/3216/1652 4275/3215/1650
f 4277/3213/1658 4278/3214/1650 4279/3215/1650
f 4278/3214/1650 4280/3216/1650 4279/3215/1650
f 4281/3217/2169 4282/3218/2169 4283/3219/2177
f 4282/3218/2169 4281/3217/2169 4284/3220/2169
f 4285/3221/1079 4286/3222/1080 4287/3217/3358
f 4286/3222/1080 4288/3219/1075 4287/3217/3358
f 4289/3220/3359 4290/3218/1083 4291/3217/1081
f 4290/3218/1083 4292/3219/3360 4291/3217/1081
f 4293/3223/3361 4294/3224/3362 4295/3225/3363
f 4296/3226/3364 4295/3225/3363 4294/3224/3362
f 4294/3224/3362 4293/3223/3361 4297/3227/3365
f 4298/3228/3366 4297/3227/3365 4293/3223/3361
f 4296/3226/3364 4294/3224/3362 4299/3229/3367
f 4294/3224/3362 4297/3227/3365 4300/3230/3368
f 4300/3230/3368 4299/3229/3367 4294/3224/3362
f 4297/3227/3365 4298/3228/3366 4301/3231/3369
f 4302/3232/3370 4296/3226/3364 4299/3229/3367
f 4296/3226/3364 4302/3232/3370 4303/3233/3371
f 4300/3230/3368 4297/3227/3365 4304/3234/3372
f 4297/3227/3365 4301/3231/3369 4304/3234/3372
f 4299/3229/3367 4300/3230/3368 4305/3235/3373
f 4305/3235/3373 4306/3236/3374 4299/3229/3367
f 4299/3229/3367 4306/3236/3374 4302/3232/3370
f 4300/3230/3368 4307/3237/3375 4305/3235/3373
f 4305/3235/3373 4307/3237/3375 4306/3236/3374
f 4304/3234/3372 4307/3237/3375 4300/3230/3368
f 4308/3238/3376 4302/3232/3370 4306/3236/3374
f 4307/3237/3375 4308/3238/3376 4306/3236/3374
f 4309/3239/3377 4303/3233/3371 4302/3232/3370
f 4302/3232/3370 4308/3238/3376 4309/3239/3377
f 4303/3233/3371 4309/3239/3377 4310/3240/3378
f 4311/3241/329 4310/3240/3378 4309/3239/3377
f 4308/3238/3376 4312/3242/3379 4309/3239/3377
f 4311/3241/329 4309/3239/3377 4312/3242/3379
f 4312/3242/3379 4308/3238/3376 4307/3237/3375
f 4312/3242/3379 4313/3243/3380 4311/3241/329
f 4307/3237/3375 4314/3244/3381 4312/3242/3379
f 4313/3243/3380 4312/3242/3379 4314/3244/3381
f 4315/3245/3382 4307/3237/3375 4304/3234/3372
f 4314/3244/3381 4307/3237/3375 4315/3245/3382
f 4316/3246/3383 4315/3245/3382 4304/3234/3372
f 4316/3246/3383 4304/3234/3372 4301/3231/3369
f 4315/3245/3382 4317/3247/3384 4314/3244/3381
f 4315/3245/3382 4316/3246/3383 4317/3247/3384
f 4318/3248/644 4313/3243/3380 4314/3244/3381
f 4318/3248/644 4314/3244/3381 4317/3247/3384
f 4313/3243/3380 4318/3248/644 4319/3249/3385
f 4316/3246/3383 4320/3250/3386 4317/3247/3384
f 4301/3231/3369 4320/3250/3386 4316/3246/3383
f 4321/3251/3387 4318/3248/644 4317/3247/3384
f 4317/3247/3384 4320/3250/3386 4321/3251/3387
f 4322/3252/3388 4319/3249/3385 4318/3248/644
f 4318/3248/644 4321/3251/3387 4322/3252/3388
f 4319/3249/3385 4322/3252/3388 4323/3253/3389
f 4322/3252/3388 4324/3254/3390 4323/3253/3389
f 4321/3251/3387 4325/3255/3391 4322/3252/3388
f 4324/3254/3390 4322/3252/3388 4325/3255/3391
f 4325/3255/3391 4321/3251/3387 4326/3256/3392
f 4321/3251/3387 4320/3250/3386 4326/3256/3392
f 4325/3255/3391 4327/3257/3393 4324/3254/3390
f 4326/3256/3392 4327/3257/3393 4325/3255/3391
f 4328/3258/3394 4324/3254/3390 4327/3257/3393
f 4326/3256/3392 4320/3250/3386 4329/3259/3395
f 4327/3257/3393 4326/3256/3392 4329/3259/3395
f 4320/3250/3386 4330/3260/3396 4329/3259/3395
f 4330/3260/3396 4327/3257/3393 4329/3259/3395
f 4331/3261/3397 4328/3258/3394 4327/3257/3393
f 4331/3261/3397 4327/3257/3393 4330/3260/3396
f 4328/3258/3394 4331/3261/3397 4332/3262/3398
f 4331/3261/3397 4333/3263/3399 4332/3262/3398
f 4334/3264/3400 4330/3260/3396 4320/3250/3386
f 4330/3260/3396 4334/3264/3400 4331/3261/3397
f 4333/3263/3399 4331/3261/3397 4334/3264/3400
f 4320/3250/3386 4301/3231/3369 4334/3264/3400
f 4298/3228/3366 4333/3263/3399 4334/3264/3400
f 4298/3228/3366 4334/3264/3400 4301/3231/3369
usemtl e50:MI_Exhaust1
f 4335/3265/3401 4336/3266/3402 4337/3267/3402
f 4337/3267/3402 4336/3266/3402 4338/3268/3403
f 4339/3269/3404 4340/3270/3405 4341/3271/3406
f 4340/3270/3405 4339/3269/3404 4342/3272/3407
f 4338/3266/3408 4339/3273/3408 4337/3274/3408
f 4339/3273/3408 4338/3266/3408 4342/3275/3408
f 4343/3276/3409 4344/3276/3409 4345/3277/3409
f 4343/3276/3410 4345/3277/3411 4346/3277/3412
f 4345/3277/3411 4347/3277/3413 4346/3277/3412
f 4347/3277/3413 4348/3277/2347 4346/3277/3412
f 4348/3277/2347 4347/3277/3413 4349/3277/3414
f 4350/3278/3415 4348/3277/2347 4349/3277/3414
f 4348/3277/2347 4350/3278/3415 4351/3278/3416
f 4352/3278/3417 4351/3278/3416 4350/3278/3415
f 4351/3278/3416 4352/3278/3417 4353/3278/3418
f 4354/3278/3419 4353/3278/3418 4352/3278/3417
f 4353/3278/3418 4354/3278/3419 4355/3278/3420
f 4356/3278/3421 4355/3278/3420 4354/3278/3419
f 4355/3278/3420 4356/3278/3421 4357/3278/3422
f 4358/3279/3423 4359/3280/3424 4360/3281/3425
f 4360/3281/3425 4361/3279/3426 4358/3279/3423
f 4362/3282/3427 4358/3279/3423 4361/3279/3426
f 4363/3282/3428 4362/3282/3427 4361/3279/3426
f 4364/3283/3429 4362/3282/3427 4363/3282/3428
f 4365/3283/3430 4364/3283/3429 4363/3282/3428
f 4365/3283/3430 4366/3283/3431 4364/3283/3429
f 4366/3283/3431 4365/3283/3430 4367/3283/3432
f 4367/3283/3432 4368/3284/3433 4366/3283/3431
f 4368/3284/3433 4367/3283/3432 4369/3284/3434
f 4370/3284/3435 4368/3284/3433 4369/3284/3434
f 4368/3284/3433 4370/3284/3435 4371/3284/3436
f 4372/3285/3435 4371/3284/3436 4370/3284/3435
f 4371/3284/3436 4372/3285/3435 4373/3285/3437
f 4374/3286/3438 4373/3285/3437 4372/3285/3435
f 4373/3285/3437 4374/3286/3438 4375/3286/3439
f 4376/3287/3440 4375/3286/3439 4374/3286/3438
f 4375/3286/3439 4376/3287/3440 4377/3288/3441
f 4359/3280/3442 4378/3289/3443 4379/3280/3444
f 4378/3289/3443 4359/3280/3445 4358/3279/3446
f 4358/3279/3446 4380/3290/3447 4378/3289/3443
f 4380/3290/3447 4358/3279/3446 4362/3282/3448
f 4362/3282/3448 4381/3291/3449 4380/3290/3447
f 4381/3291/3449 4362/3282/3448 4364/3283/3450
f 4366/3283/3451 4381/3291/3449 4364/3283/3450
f 4381/3291/3449 4366/3283/3451 4382/3291/3452
f 4368/3284/3453 4382/3291/3452 4366/3283/3451
f 4382/3291/3452 4368/3284/3453 4383/3292/3454
f 4371/3284/3455 4383/3292/3454 4368/3284/3453
f 4383/3292/3454 4371/3284/3455 4384/3292/3456
f 4384/3292/3456 4371/3284/3455 4385/3293/3457
f 4371/3284/3455 4373/3285/3458 4385/3293/3457
f 4385/3293/3457 4373/3285/3458 4386/3294/3459
f 4373/3285/3458 4375/3286/3460 4386/3294/3459
f 4377/3288/3461 4386/3294/3459 4375/3286/3460
f 4386/3294/3459 4377/3288/3461 4387/3295/3462
f 4388/3296/3463 4389/3297/3464 4390/3298/3464
f 4389/3297/3464 4388/3296/3463 4391/3299/3464
f 4391/3299/3464 4392/3300/3465 4389/3297/3464
f 4392/3300/3465 4391/3299/3464 4393/3301/3466
f 4393/3301/3466 4394/3302/3467 4392/3300/3465
f 4394/3302/3467 4393/3301/3466 4395/3303/3468
f 4395/3303/3468 4396/3304/3469 4394/3302/3467
f 4396/3304/3469 4395/3303/3468 4397/3305/3470
f 4398/3306/3471 4396/3304/3469 4397/3305/3470
f 4398/3306/3471 4399/3307/3472 4396/3304/3469
f 4400/3308/3473 4399/3307/3472 4398/3306/3471
f 4399/3307/3472 4400/3308/3473 4401/3309/3474
f 4402/3310/3475 4401/3309/3474 4400/3308/3473
f 4401/3309/3474 4402/3310/3475 4403/3311/3475
f 4404/3312/3476 4403/3311/3475 4402/3310/3475
f 4403/3311/3475 4404/3312/3476 4405/3313/3477
f 4405/3313/3477 4404/3312/3476 4406/3314/3478
f 4405/3313/3477 4406/3314/3478 4407/3315/3478
f 4406/3314/3478 4408/3316/3479 4407/3315/3478
f 4409/3317/3479 4407/3315/3478 4408/3316/3479
f 4388/3296/3480 4390/3298/3481 4410/3318/3482
f 4410/3318/3482 4390/3298/3481 4411/3319/3483
f 4390/3298/3481 4412/3320/3484 4411/3319/3483
f 4409/3317/3485 4408/3316/3486 4413/3321/3485
f 4413/3321/3485 4408/3316/3486 4414/3322/3485
f 4408/3316/3486 4415/3323/3487 4414/3322/3485
f 4338/3266/3488 4340/3270/3489 4342/3275/3489
f 4336/3266/3490 4340/3270/3489 4338/3266/3488
f 4336/3266/3491 4341/3271/3491 4340/3270/3491
f 4341/3271/3491 4336/3266/3491 4335/3265/3491
f 4337/3265/3492 4341/3271/3493 4335/3265/3494
f 4341/3271/3495 4337/3265/3495 4339/3271/3495
f 4416/3324/3496 4417/3325/3496 4418/3326/3496
f 4417/3325/3497 4416/3324/3498 4419/3327/3499
f 4420/3328/3500 4417/3325/3497 4419/3327/3499
f 4417/3325/3497 4420/3328/3501 4421/3329/3502
f 4421/3329/3502 4420/3328/3501 4422/3330/3503
f 4423/3331/3504 4422/3330/3503 4420/3328/3501
f 4423/3331/3504 4424/185/3505 4422/3330/3503
f 4424/185/3505 4423/3331/3504 4425/182/3506
f 4426/204/3507 4424/185/3505 4425/182/3506
f 4424/185/3505 4426/204/3507 4427/204/3508
f 4428/188/3509 4427/204/3508 4426/204/3507
f 4429/3332/3510 4428/188/3509 4426/204/3507
f 4429/3332/3510 4430/3333/3511 4428/188/3509
f 4430/3333/3511 4429/3332/3510 4431/2082/3512
f 4432/2077/3513 4430/3333/3511 4431/2082/3512
f 4430/3333/3511 4432/2077/3513 4433/2077/3513
f 4432/2077/3513 4434/3334/3514 4433/2077/3513
f 4434/3334/3514 4432/2077/3513 4435/3335/3515
f 4435/3335/3515 4436/3142/3516 4434/3334/3514
f 4436/3142/3516 4435/3335/3515 4437/3143/3517
f 4438/3336/3518 4436/3142/3516 4437/3143/3517
f 4436/3142/3516 4438/3336/3518 4439/3336/3518
f 4439/3336/3518 4438/3336/3518 4418/3337/3519
f 4418/3337/3519 4438/3336/3518 4416/3337/3498
f 4440/3338/3520 4441/3339/3520 4442/3340/3520
f 4441/3339/3521 4440/3338/3522 4443/3338/3522
f 4444/3341/3523 4443/3338/3522 4440/3338/3522
f 4445/3342/3524 4444/3341/3523 4440/3338/3522
f 4446/2143/3525 4444/3341/3523 4445/3342/3524
f 4444/3341/3523 4446/2143/3525 4447/3343/3526
f 4448/2141/3527 4447/3343/3526 4446/2143/3525
f 4447/3343/3526 4448/2141/3527 4449/2141/3527
f 4448/2141/3527 4450/3344/3528 4449/2141/3527
f 4450/3344/3528 4448/2141/3527 4451/3345/3529
f 4452/3346/3530 4450/3344/3528 4451/3345/3529
f 4450/3344/3528 4452/3346/3530 4453/2130/3531
f 4454/196/3532 4453/2130/3531 4452/3346/3530
f 4453/2130/3531 4454/196/3532 4455/196/3533
f 4454/196/3532 4456/2154/3534 4455/196/3533
f 4454/196/3532 4457/181/3535 4456/2154/3534
f 4458/3347/3536 4456/2154/3534 4457/181/3535
f 4456/2154/3534 4458/3347/3536 4459/1920/3537
f 4460/3348/3538 4459/1920/3537 4458/3347/3536
f 4459/1920/3537 4460/3348/3538 4461/3348/3538
f 4462/3349/3539 4461/3348/3538 4460/3348/3538
f 4460/3348/3538 4463/3350/3540 4462/3349/3539
f 4442/3351/3541 4462/3349/3539 4463/3350/3540
f 4462/3349/3539 4442/3351/3541 4441/3352/3521
f 4464/3353/3542 4465/3354/3542 4466/3353/3542
f 4464/3353/3543 4466/3353/3543 4467/3353/3544
f 4466/3353/3543 4468/3353/3545 4467/3353/3544
f 4467/3353/3544 4469/3353/3543 4464/3353/3543
f 4470/3353/3546 4467/3353/3544 4468/3353/3545
f 4470/3353/3546 4468/3353/3545 4471/3353/3547
f 4469/3353/3543 4467/3353/3544 4472/3353/3548
f 4470/3353/3546 4472/3353/3548 4467/3353/3544
f 4471/3353/3547 4473/3353/3549 4470/3353/3546
f 4472/3353/3548 4470/3353/3546 4473/3353/3549
f 4473/3353/3549 4471/3353/3547 4474/3355/752
f 4475/3356/3550 4474/3355/752 4471/3353/3547
f 4476/3357/3551 4472/3353/3548 4473/3353/3549
f 4474/3355/752 4476/3357/3551 4473/3353/3549
f 4477/3358/3552 4469/3353/3543 4472/3353/3548
f 4477/3358/3552 4472/3353/3548 4476/3357/3551
f 4478/3358/3543 4469/3353/3543 4477/3358/3552
f 4474/3355/752 4475/3356/3550 4479/3356/3553
f 4480/3359/3554 4479/3356/3553 4475/3356/3550
f 4478/3358/3543 4477/3358/3552 4481/3358/3544
f 4479/3356/3553 4480/3359/3554 4482/3359/3553
f 4483/3360/3555 4482/3359/3553 4480/3359/3554
f 4481/3358/3544 4484/3358/3543 4478/3358/3543
f 4484/3358/3543 4485/3358/3556 4478/3358/3543
f 4481/3358/3544 4477/3358/3552 4486/3357/3557
f 4486/3357/3557 4484/3358/3543 4481/3358/3544
f 4486/3357/3557 4477/3358/3552 4476/3357/3551
f 4487/3357/3558 4484/3358/3543 4486/3357/3557
f 4476/3357/3551 4487/3357/3558 4486/3357/3557
f 4484/3358/3543 4487/3357/3558 4488/3361/3421
f 4487/3357/3558 4489/3362/3421 4488/3361/3421
f 4476/3357/3551 4474/3355/752 4490/3355/3559
f 4476/3357/3551 4490/3355/3559 4487/3357/3558
f 4479/3356/3553 4490/3355/3559 4474/3355/752
f 4491/3363/3560 4489/3362/3421 4487/3357/3558
f 4490/3355/3559 4479/3356/3553 4492/3363/3561
f 4492/3363/3561 4487/3357/3558 4490/3355/3559
f 4487/3357/3558 4492/3363/3561 4491/3363/3560
f 4482/3359/3553 4492/3363/3561 4479/3356/3553
f 4493/3364/3562 4489/3362/3421 4491/3363/3560
f 4492/3363/3561 4482/3359/3553 4494/3365/267
f 4494/3365/267 4491/3363/3560 4492/3363/3561
f 4495/3365/3560 4493/3364/3562 4491/3363/3560
f 4491/3363/3560 4494/3365/267 4495/3365/3560
f 4493/3364/3562 4495/3365/3560 4496/3366/3563
f 4495/3365/3560 4497/3367/3562 4496/3366/3563
f 4498/3360/3564 4494/3365/267 4482/3359/3553
f 4482/3359/3553 4483/3360/3555 4498/3360/3564
f 4499/3368/3565 4498/3360/3564 4483/3360/3555
f 4494/3365/267 4498/3360/3564 4500/3369/267
f 4500/3369/267 4495/3365/3560 4494/3365/267
f 4498/3360/3564 4499/3368/3565 4501/3368/3566
f 4501/3368/3566 4500/3369/267 4498/3360/3564
f 4502/3370/3567 4501/3368/3566 4499/3368/3565
f 4495/3365/3560 4500/3369/267 4503/3369/3560
f 4504/3371/3568 4501/3368/3566 4502/3370/3567
f 4504/3371/3568 4502/3370/3567 4505/3371/3569
f 4500/3369/267 4501/3368/3566 4506/3372/3570
f 4504/3371/3568 4506/3372/3570 4501/3368/3566
f 4506/3372/3570 4503/3369/3560 4500/3369/267
f 4507/3371/3571 4504/3371/3568 4505/3371/3569
f 4507/3371/3571 4506/3372/3570 4504/3371/3568
f 4505/3371/3569 4508/3371/3572 4507/3371/3571
f 4509/3373/3573 4507/3371/3571 4508/3371/3572
f 4507/3371/3571 4510/3373/3574 4506/3372/3570
f 4507/3371/3571 4509/3373/3573 4510/3373/3574
f 4503/3369/3560 4506/3372/3570 4511/3372/3575
f 4510/3373/3574 4511/3372/3575 4506/3372/3570
f 4509/3373/3573 4512/3373/3576 4510/3373/3574
f 4511/3372/3575 4510/3373/3574 4512/3373/3576
f 4509/3373/3573 4513/3373/3577 4512/3373/3576
f 4514/3373/3578 4512/3373/3576 4513/3373/3577
f 4512/3373/3576 4514/3373/3578 4515/3373/3579
f 4515/3373/3579 4511/3372/3575 4512/3373/3576
f 4514/3373/3578 4516/3374/3580 4515/3373/3579
f 4517/3372/3581 4515/3373/3579 4516/3374/3582
f 4511/3372/3575 4515/3373/3579 4517/3372/3581
f 4517/3372/3581 4516/3374/3582 4518/3375/3583
f 4519/3376/3584 4517/3372/3581 4518/3375/3583
f 4520/3369/3585 4511/3372/3575 4517/3372/3581
f 4517/3372/3581 4519/3376/3584 4520/3369/3585
f 4511/3372/3575 4520/3369/3585 4503/3369/3560
f 4520/3369/3585 4519/3376/3584 4497/3367/3562
f 4503/3369/3560 4520/3369/3585 4495/3365/3560
f 4495/3365/3560 4520/3369/3585 4497/3367/3562
f 4412/3377/3586 4390/3378/3587 4389/3379/3588
f 4521/3380/3589 4412/3377/3586 4389/3379/3588
f 4521/3380/3589 4389/3379/3588 4392/3381/3590
f 4521/3380/3589 4411/3382/3591 4412/3377/3586
f 4392/3381/3590 4522/3383/3592 4521/3380/3589
f 4522/3383/3592 4392/3381/3590 4394/3384/3593
f 4411/3382/3591 4521/3380/3589 4523/3385/3594
f 4522/3383/3592 4523/3385/3594 4521/3380/3589
f 4523/3385/3594 4410/3386/3595 4411/3382/3591
f 4394/3384/3593 4524/3387/3596 4522/3383/3592
f 4524/3387/3596 4394/3384/3593 4396/3388/3597
f 4410/3386/3595 4391/3389/3598 4388/3390/3599
f 4391/3389/3598 4410/3386/3595 4525/3391/3600
f 4410/3386/3595 4523/3385/3594 4525/3391/3600
f 4525/3391/3600 4393/3392/3601 4391/3389/3598
f 4526/3393/3602 4525/3391/3600 4523/3385/3594
f 4523/3385/3594 4522/3383/3592 4526/3393/3602
f 4393/3392/3601 4525/3391/3600 4527/3394/3603
f 4525/3391/3600 4526/3393/3602 4527/3394/3603
f 4527/3394/3603 4395/3395/3604 4393/3392/3601
f 4522/3383/3592 4528/3396/3605 4526/3393/3602
f 4527/3394/3603 4526/3393/3602 4528/3396/3605
f 4528/3396/3605 4522/3383/3592 4524/3387/3596
f 4395/3395/3604 4527/3394/3603 4529/3397/3606
f 4529/3397/3606 4527/3394/3603 4528/3396/3605
f 4529/3397/3606 4397/3398/3607 4395/3395/3604
f 4524/3387/3596 4530/3399/3608 4528/3396/3605
f 4529/3397/3606 4528/3396/3605 4530/3399/3608
f 4397/3398/3607 4529/3397/3606 4531/3400/3609
f 4531/3400/3609 4529/3397/3606 4530/3399/3608
f 4531/3400/3609 4532/3401/3610 4397/3398/3607
f 4532/3401/3610 4398/3402/3611 4397/3398/3607
f 4533/3403/3612 4531/3400/3609 4530/3399/3608
f 4532/3401/3610 4531/3400/3609 4533/3403/3612
f 4530/3399/3608 4524/3387/3596 4534/3404/3613
f 4533/3403/3612 4530/3399/3608 4534/3404/3613
f 4396/3388/3597 4534/3404/3613 4524/3387/3596
f 4532/3401/3610 4535/3405/3614 4398/3402/3611
f 4535/3405/3614 4400/3406/3615 4398/3402/3611
f 4396/3388/3597 4536/3407/3616 4534/3404/3613
f 4536/3407/3616 4533/3403/3612 4534/3404/3613
f 4536/3407/3616 4396/3388/3597 4399/3408/3617
f 4537/3409/3618 4532/3401/3610 4533/3403/3612
f 4536/3407/3616 4537/3409/3618 4533/3403/3612
f 4532/3401/3610 4537/3409/3618 4535/3405/3614
f 4399/3408/3617 4538/3410/3619 4536/3407/3616
f 4537/3409/3618 4536/3407/3616 4538/3410/3619
f 4538/3410/3619 4399/3408/3617 4401/3408/3620
f 4537/3409/3618 4539/3405/3621 4535/3405/3614
f 4400/3406/3615 4535/3405/3614 4539/3405/3621
f 4539/3405/3621 4402/3411/3622 4400/3406/3615
f 4538/3410/3619 4540/3412/3623 4537/3409/3618
f 4539/3405/3621 4537/3409/3618 4540/3412/3623
f 4401/3408/3620 4541/3413/3624 4538/3410/3619
f 4540/3412/3623 4538/3410/3619 4541/3413/3624
f 4541/3413/3624 4401/3408/3620 4403/3414/3625
f 4402/3411/3622 4539/3405/3621 4542/3415/3626
f 4540/3412/3623 4542/3415/3626 4539/3405/3621
f 4542/3415/3626 4404/3416/3627 4402/3411/3622
f 4542/3415/3626 4406/3417/3628 4404/3416/3627
f 4541/3413/3624 4543/3418/3629 4540/3412/3623
f 4542/3415/3626 4540/3412/3623 4543/3418/3629
f 4406/3417/3628 4542/3415/3626 4544/3419/3630
f 4543/3418/3629 4544/3419/3630 4542/3415/3626
f 4544/3419/3630 4408/3420/3631 4406/3417/3628
f 4408/3420/3631 4544/3419/3630 4415/3421/3632
f 4545/3422/3633 4415/3421/3632 4544/3419/3630
f 4544/3419/3630 4543/3418/3629 4545/3422/3633
f 4415/3421/3632 4545/3422/3633 4414/3423/3634
f 4543/3418/3629 4541/3413/3624 4546/3424/3635
f 4545/3422/3633 4543/3418/3629 4546/3424/3635
f 4403/3414/3625 4546/3424/3635 4541/3413/3624
f 4546/3424/3635 4403/3414/3625 4405/3425/3636
f 4546/3424/3635 4405/3425/3636 4407/3426/3637
f 4414/3423/3634 4545/3422/3633 4547/3427/3638
f 4545/3422/3633 4546/3424/3635 4547/3427/3638
f 4407/3426/3637 4547/3427/3638 4546/3424/3635
f 4547/3427/3638 4413/3428/3639 4414/3423/3634
f 4409/3429/3640 4547/3427/3638 4407/3426/3637
f 4413/3428/3639 4547/3427/3638 4409/3429/3640
f 4548/3430/3641 4549/3430/3641 4550/3431/3642
f 4548/3430/3641 4550/3431/3642 4551/3432/3643
f 4551/3432/3643 4552/3433/3643 4548/3430/3641
f 4551/3432/3643 4550/3431/3642 4553/3431/3644
f 4550/3431/3642 4554/3434/3645 4553/3431/3644
f 4551/3432/3643 4555/3435/3641 4552/3433/3643
f 4556/3436/3641 4552/3433/3643 4555/3435/3641
f 4555/3435/3641 4557/3437/3646 4556/3436/3641
f 4551/3432/3643 4558/3435/439 4555/3435/3641
f 4557/3437/3646 4555/3435/3641 4559/3435/3647
f 4555/3435/3641 4558/3435/439 4559/3435/3647
f 4559/3435/3647 4560/3438/3648 4557/3437/3646
f 4558/3435/439 4551/3432/3643 4561/3432/3649
f 4561/3432/3649 4551/3432/3643 4553/3431/3644
f 4562/3439/3650 4559/3435/3647 4558/3435/439
f 4561/3432/3649 4562/3439/3650 4558/3435/439
f 4560/3438/3648 4559/3435/3647 4563/3439/3651
f 4559/3435/3647 4562/3439/3650 4563/3439/3651
f 4563/3439/3651 4564/3440/3652 4560/3438/3648
f 4562/3439/3650 4561/3432/3649 4565/3434/3650
f 4565/3434/3650 4561/3432/3649 4553/3431/3644
f 4562/3439/3650 4566/3441/230 4563/3439/3651
f 4565/3434/3650 4566/3441/230 4562/3439/3650
f 4564/3440/3652 4563/3439/3651 4567/3440/3652
f 4563/3439/3651 4566/3441/230 4567/3440/3652
f 4567/3440/3652 4568/3442/3653 4564/3440/3652
f 4553/3431/3644 4569/3434/3654 4565/3434/3650
f 4553/3431/3644 4554/3434/3645 4569/3434/3654
f 4554/3434/3645 4570/3443/3655 4569/3434/3654
f 4568/3442/3653 4567/3440/3652 4571/3442/3656
f 4572/3444/3653 4568/3442/3653 4571/3442/3656
f 4573/3445/3657 4569/3434/3654 4570/3443/3655
f 4570/3443/3655 4574/3446/3658 4573/3445/3657
f 4575/3445/3659 4565/3434/3650 4569/3434/3654
f 4569/3434/3654 4573/3445/3657 4575/3445/3659
f 4566/3441/230 4565/3434/3650 4575/3445/3659
f 4573/3445/3657 4574/3446/3658 4576/3446/3660
f 4574/3446/3658 4577/3447/3661 4576/3446/3660
f 4578/3448/3662 4575/3445/3659 4573/3445/3657
f 4573/3445/3657 4576/3446/3660 4578/3448/3662
f 4575/3445/3659 4579/3449/3663 4566/3441/230
f 4579/3449/3663 4567/3440/3652 4566/3441/230
f 4579/3449/3663 4575/3445/3659 4578/3448/3662
f 4567/3440/3652 4579/3449/3663 4571/3442/3656
f 4578/3448/3662 4580/3450/3664 4579/3449/3663
f 4579/3449/3663 4580/3450/3664 4571/3442/3656
f 4581/3451/3665 4578/3448/3662 4576/3446/3660
f 4580/3450/3664 4578/3448/3662 4581/3451/3665
f 4582/3447/3666 4576/3446/3660 4577/3447/3661
f 4576/3446/3660 4582/3447/3666 4581/3451/3665
f 4577/3447/3661 4583/3452/3667 4582/3447/3666
f 4584/3450/3668 4571/3442/3656 4580/3450/3664
f 4571/3442/3656 4584/3450/3668 4572/3444/3653
f 4584/3450/3668 4585/3453/3669 4572/3444/3653
f 4586/3454/3670 4584/3450/3668 4580/3450/3664
f 4581/3451/3665 4586/3454/3670 4580/3450/3664
f 4585/3453/3669 4584/3450/3668 4587/3454/3671
f 4584/3450/3668 4586/3454/3670 4587/3454/3671
f 4588/3455/3672 4585/3453/3669 4587/3454/3671
f 4586/3454/3670 4581/3451/3665 4589/3456/3673
f 4589/3456/3673 4581/3451/3665 4582/3447/3666
f 4586/3454/3670 4590/3457/3674 4587/3454/3671
f 4589/3456/3673 4590/3457/3674 4586/3454/3670
f 4587/3454/3671 4591/3455/3672 4588/3455/3672
f 4587/3454/3671 4590/3457/3674 4591/3455/3672
f 4592/3458/3675 4588/3455/3672 4591/3455/3672
f 4582/3447/3666 4593/3456/3676 4589/3456/3673
f 4582/3447/3666 4583/3452/3667 4593/3456/3676
f 4583/3452/3667 4594/3459/3677 4593/3456/3676
f 4591/3455/3672 4595/3460/3675 4592/3458/3675
f 4596/3461/3678 4592/3458/3675 4595/3460/3675
f 4595/3460/3675 4597/3462/3675 4596/3461/3678
f 4591/3455/3672 4598/3460/3679 4595/3460/3675
f 4598/3460/3679 4597/3462/3675 4595/3460/3675
f 4598/3460/3679 4591/3455/3672 4590/3457/3674
f 4597/3462/3675 4598/3460/3679 4599/3463/3680
f 4590/3457/3674 4589/3456/3673 4600/3464/3681
f 4600/3464/3681 4598/3460/3679 4590/3457/3674
f 4600/3464/3681 4589/3456/3673 4593/3456/3676
f 4601/3465/3682 4599/3463/3680 4598/3460/3679
f 4598/3460/3679 4600/3464/3681 4601/3465/3682
f 4599/3463/3680 4601/3465/3682 4602/3466/3680
f 4593/3456/3676 4603/3464/3683 4600/3464/3681
f 4601/3465/3682 4600/3464/3681 4603/3464/3683
f 4603/3464/3683 4593/3456/3676 4594/3459/3677
f 4594/3459/3677 4604/3467/3684 4603/3464/3683
f 4602/3466/3680 4601/3465/3682 4605/3465/3685
f 4603/3464/3683 4605/3465/3685 4601/3465/3682
f 4603/3464/3683 4604/3467/3684 4605/3465/3685
f 4605/3465/3685 4606/3468/3686 4602/3466/3680
f 4484/3469/3687 4605/3465/3685 4604/3467/3684
f 4605/3465/3685 4484/3469/3687 4606/3468/3686
f 4607/3470/3688 4608/3336/3688 4609/3148/3688
f 4610/3471/3689 4608/3336/3690 4607/3470/3691
f 4611/3470/3692 4610/3471/3689 4607/3470/3691
f 4612/3142/3693 4608/3336/3690 4610/3471/3689
f 4608/3336/3690 4612/3142/3693 4613/3143/3694
f 4612/3142/3693 4614/3335/3695 4613/3143/3694
f 4611/3470/3692 4615/3471/3696 4610/3471/3689
f 4615/3471/3696 4612/3142/3693 4610/3471/3689
f 4438/3336/3697 4611/3470/3692 4416/3337/3698
f 4611/3470/3692 4438/3336/3697 4615/3471/3696
f 4616/3142/3699 4615/3471/3696 4438/3336/3697
f 4612/3142/3693 4615/3471/3696 4616/3142/3699
f 4438/3336/3697 4437/3143/3700 4616/3142/3699
f 4435/3335/3701 4616/3142/3699 4437/3143/3700
f 4617/3472/3702 4616/3142/3699 4435/3335/3701
f 4617/3472/3702 4612/3142/3693 4616/3142/3699
f 4432/2077/3703 4617/3472/3702 4435/3335/3701
f 4614/3335/3695 4612/3142/3693 4618/3472/3704
f 4618/3472/3704 4612/3142/3693 4617/3472/3702
f 4619/2077/3705 4614/3335/3695 4618/3472/3704
f 4617/3472/3702 4432/2077/3703 4620/2077/3706
f 4620/2077/3706 4618/3472/3704 4617/3472/3702
f 4619/2077/3705 4618/3472/3704 4621/2077/3707
f 4618/3472/3704 4620/2077/3706 4621/2077/3707
f 4622/3333/3708 4619/2077/3705 4621/2077/3707
f 4622/3333/3708 4621/2077/3707 4620/2077/3706
f 4619/2077/3705 4622/3333/3708 4623/1790/3709
f 4622/3333/3708 4624/3332/3710 4623/1790/3709
f 4620/2077/3706 4432/2077/3703 4625/3333/3711
f 4622/3333/3708 4620/2077/3706 4625/3333/3711
f 4432/2077/3703 4431/2082/3712 4625/3333/3711
f 4624/3332/3710 4622/3333/3708 4626/205/3713
f 4431/2082/3712 4627/205/3714 4625/3333/3711
f 4625/3333/3711 4627/205/3714 4622/3333/3708
f 4622/3333/3708 4627/205/3714 4626/205/3713
f 4627/205/3714 4431/2082/3712 4429/3332/3715
f 4626/205/3713 4628/204/3716 4624/3332/3710
f 4426/204/3717 4627/205/3714 4429/3332/3715
f 4629/204/3718 4626/205/3713 4627/205/3714
f 4627/205/3714 4426/204/3717 4629/204/3718
f 4628/204/3716 4626/205/3713 4630/204/3719
f 4626/205/3713 4629/204/3718 4630/204/3719
f 4426/204/3717 4631/3473/3720 4629/204/3718
f 4631/3473/3720 4630/204/3719 4629/204/3718
f 4425/182/3721 4631/3473/3720 4426/204/3717
f 4423/3331/3722 4631/3473/3720 4425/182/3721
f 4632/3473/3723 4628/204/3716 4630/204/3719
f 4630/204/3719 4631/3473/3720 4632/3473/3723
f 4628/204/3716 4632/3473/3723 4633/182/3724
f 4632/3473/3723 4634/3474/3725 4633/182/3724
f 4634/3474/3725 4632/3473/3723 4635/3330/3726
f 4631/3473/3720 4635/3330/3726 4632/3473/3723
f 4635/3330/3726 4636/3328/3727 4634/3474/3725
f 4637/3330/3728 4631/3473/3720 4423/3331/3722
f 4635/3330/3726 4631/3473/3720 4637/3330/3728
f 4420/3328/3729 4637/3330/3728 4423/3331/3722
f 4638/3328/3730 4636/3328/3727 4635/3330/3726
f 4638/3328/3730 4635/3330/3726 4637/3330/3728
f 4637/3330/3728 4420/3328/3729 4639/3328/3731
f 4637/3330/3728 4639/3328/3731 4638/3328/3730
f 4420/3328/3729 4640/3475/3732 4639/3328/3731
f 4640/3475/3732 4638/3328/3730 4639/3328/3731
f 4640/3475/3732 4420/3328/3729 4419/3327/3733
f 4416/3324/3698 4640/3475/3732 4419/3327/3733
f 4611/3326/3692 4640/3475/3732 4416/3324/3698
f 4607/3326/3691 4640/3475/3732 4611/3326/3692
f 4638/3328/3730 4640/3475/3732 4641/3475/3734
f 4640/3475/3732 4607/3326/3691 4641/3475/3734
f 4641/3475/3734 4636/3328/3727 4638/3328/3730
f 4609/3324/3735 4641/3475/3734 4607/3326/3691
f 4636/3328/3727 4641/3475/3734 4642/3327/3736
f 4641/3475/3734 4609/3324/3735 4642/3327/3736
f 4643/2295/3737 4644/3476/3737 4645/3477/3737
f 4646/3471/3738 4644/3476/3739 4643/2295/3740
f 4647/3470/3741 4646/3471/3738 4643/2295/3740
f 4648/3478/3742 4644/3476/3739 4646/3471/3738
f 4644/3476/3739 4648/3478/3742 4649/3479/3743
f 4648/3478/3742 4650/2088/3695 4649/3479/3743
f 4647/3470/3744 4651/3471/3744 4646/3471/3744
f 4651/3471/3745 4648/3478/3745 4646/3471/3745
f 4608/3336/3746 4647/3470/3746 4609/3148/3746
f 4647/3470/3747 4608/3336/3748 4651/3471/3749
f 4651/3471/3749 4608/3336/3748 4652/3142/3750
f 4648/3478/3742 4651/3471/3749 4652/3142/3750
f 4652/3142/3750 4608/3336/3748 4613/3143/3751
f 4614/3335/3752 4652/3142/3750 4613/3143/3751
f 4653/3472/3753 4652/3142/3750 4614/3335/3752
f 4653/3472/3753 4648/3478/3742 4652/3142/3750
f 4619/2077/3754 4653/3472/3753 4614/3335/3752
f 4650/2088/3755 4648/3478/3755 4654/1786/3755
f 4654/1786/3756 4648/3478/3742 4653/3472/3753
f 4655/2060/3705 4650/2088/3695 4654/1786/3704
f 4653/3472/3757 4619/2077/3757 4656/2077/3757
f 4656/2077/3758 4654/1786/3756 4653/3472/3753
f 4655/2060/3759 4654/1786/3759 4657/2077/3759
f 4654/1786/3756 4656/2077/3758 4657/2077/3707
f 4658/1789/3708 4655/2060/3705 4657/2077/3707
f 4658/1789/3708 4657/2077/3707 4656/2077/3758
f 4655/2060/3705 4658/1789/3708 4659/2145/3709
f 4658/1789/3708 4660/1802/3710 4659/2145/3709
f 4619/2077/3760 4661/3333/3760 4656/2077/3760
f 4658/1789/3708 4656/2077/3758 4661/3333/3761
f 4661/3333/3762 4619/2077/3763 4623/1790/3764
f 4624/3332/3765 4661/3333/3762 4623/1790/3764
f 4660/1802/3766 4658/1789/3766 4662/194/3766
f 4663/205/3767 4661/3333/3767 4624/3332/3767
f 4661/3333/3761 4663/205/3768 4658/1789/3708
f 4658/1789/3769 4663/205/3769 4662/194/3769
f 4628/204/3770 4663/205/3770 4624/3332/3771
f 4662/194/3772 4664/1405/3772 4660/1802/3773
f 4663/205/3770 4628/204/3770 4665/204/3774
f 4665/204/3775 4662/194/3713 4663/205/3776
f 4664/1405/3772 4662/194/3772 4666/204/3777
f 4662/194/3713 4665/204/3775 4666/204/3778
f 4628/204/3779 4667/3473/3779 4665/204/3779
f 4667/3473/3780 4666/204/3778 4665/204/3775
f 4628/204/3781 4633/182/3782 4667/3473/3783
f 4634/3474/3784 4667/3473/3783 4633/182/3782
f 4668/89/3785 4664/1405/3785 4666/204/3785
f 4666/204/3778 4667/3473/3780 4668/89/3786
f 4664/1405/3716 4668/89/3786 4669/1805/3787
f 4668/89/3786 4670/3480/3788 4669/1805/3787
f 4670/3480/3788 4668/89/3786 4671/3481/3726
f 4667/3473/3780 4671/3481/3726 4668/89/3786
f 4671/3481/3726 4672/3482/3727 4670/3480/3788
f 4673/3330/3789 4667/3473/3789 4634/3474/3789
f 4671/3481/3726 4667/3473/3780 4673/3330/3790
f 4636/3328/3791 4673/3330/3792 4634/3474/3793
f 4674/3328/3794 4672/3482/3794 4671/3481/3794
f 4674/3328/3795 4671/3481/3726 4673/3330/3790
f 4673/3330/3796 4636/3328/3796 4675/3328/3796
f 4673/3330/3790 4675/3328/3797 4674/3328/3795
f 4676/3475/3798 4675/3328/3797 4636/3328/3799
f 4676/3475/3798 4674/3328/3795 4675/3328/3797
f 4636/3328/3799 4642/3327/3800 4676/3475/3798
f 4609/3324/3801 4676/3475/3798 4642/3327/3800
f 4647/3483/3741 4676/3475/3798 4609/3324/3801
f 4643/3484/3740 4676/3475/3798 4647/3483/3741
f 4674/3328/3802 4676/3475/3802 4677/3485/3802
f 4676/3475/3798 4643/3484/3740 4677/3485/3803
f 4677/3485/3803 4672/3482/3727 4674/3328/3795
f 4645/3486/3804 4677/3485/3803 4643/3484/3740
f 4672/3482/3727 4677/3485/3803 4678/3487/3805
f 4677/3485/3803 4645/3486/3804 4678/3487/3805
f 4679/2960/3806 4680/3476/3739 4681/3477/3804
f 4682/3488/3689 4680/3476/3739 4679/2960/3806
f 4683/2960/3807 4682/3488/3689 4679/2960/3806
f 4684/3478/3742 4680/3476/3739 4682/3488/3689
f 4680/3476/3739 4684/3478/3742 4685/3489/3694
f 4684/3478/3742 4686/2088/3808 4685/3489/3694
f 4683/2960/3807 4687/3488/3809 4682/3488/3689
f 4687/3488/3809 4684/3478/3742 4682/3488/3689
f 4644/3476/3748 4683/2960/3807 4645/3477/3801
f 4683/2960/3807 4644/3476/3748 4687/3488/3809
f 4687/3488/3809 4644/3476/3748 4688/3478/3750
f 4684/3478/3742 4687/3488/3809 4688/3478/3750
f 4688/3478/3750 4644/3476/3748 4649/3479/3751
f 4650/2088/3752 4688/3478/3750 4649/3479/3751
f 4689/1786/3810 4688/3478/3750 4650/2088/3752
f 4689/1786/3810 4684/3478/3742 4688/3478/3750
f 4655/2060/3763 4689/1786/3810 4650/2088/3752
f 4686/2088/3808 4684/3478/3742 4690/1786/3811
f 4690/1786/3811 4684/3478/3742 4689/1786/3810
f 4691/2060/3705 4686/2088/3808 4690/1786/3811
f 4689/1786/3810 4655/2060/3763 4692/2060/3812
f 4692/2060/3812 4690/1786/3811 4689/1786/3810
f 4691/2060/3705 4690/1786/3811 4693/2060/3707
f 4690/1786/3811 4692/2060/3812 4693/2060/3707
f 4694/1789/3708 4691/2060/3705 4693/2060/3707
f 4694/1789/3708 4693/2060/3707 4692/2060/3812
f 4691/2060/3705 4694/1789/3708 4695/2145/3709
f 4694/1789/3708 4696/1802/3710 4695/2145/3709
f 4655/2060/3763 4697/1789/3813 4692/2060/3812
f 4694/1789/3708 4692/2060/3812 4697/1789/3813
f 4697/1789/3813 4655/2060/3763 4659/2145/3814
f 4660/1802/3815 4697/1789/3813 4659/2145/3814
f 4696/1802/3710 4694/1789/3708 4698/194/3713
f 4699/194/3816 4697/1789/3813 4660/1802/3815
f 4697/1789/3813 4699/194/3816 4694/1789/3708
f 4694/1789/3708 4699/194/3816 4698/194/3713
f 4664/1405/3817 4699/194/3816 4660/1802/3815
f 4698/194/3713 4700/1405/3716 4696/1802/3710
f 4699/194/3816 4664/1405/3817 4701/1405/3775
f 4701/1405/3775 4698/194/3713 4699/194/3816
f 4700/1405/3716 4698/194/3713 4702/1405/3719
f 4698/194/3713 4701/1405/3775 4702/1405/3719
f 4664/1405/3817 4703/89/3818 4701/1405/3775
f 4703/89/3818 4702/1405/3719 4701/1405/3775
f 4664/1405/3817 4669/1805/3819 4703/89/3818
f 4670/3480/3784 4703/89/3818 4669/1805/3819
f 4704/89/3723 4700/1405/3716 4702/1405/3719
f 4702/1405/3719 4703/89/3818 4704/89/3723
f 4700/1405/3716 4704/89/3723 4705/1805/3724
f 4704/89/3723 4706/3480/3788 4705/1805/3724
f 4706/3480/3788 4704/89/3723 4707/3481/3820
f 4703/89/3818 4707/3481/3820 4704/89/3723
f 4707/3481/3820 4708/3482/3727 4706/3480/3788
f 4709/3481/3821 4703/89/3818 4670/3480/3784
f 4707/3481/3820 4703/89/3818 4709/3481/3821
f 4672/3482/3791 4709/3481/3821 4670/3480/3784
f 4710/3482/3795 4708/3482/3727 4707/3481/3820
f 4710/3482/3795 4707/3481/3820 4709/3481/3821
f 4709/3481/3821 4672/3482/3791 4711/3482/3822
f 4709/3481/3821 4711/3482/3822 4710/3482/3795
f 4712/3485/3823 4711/3482/3822 4672/3482/3791
f 4712/3485/3823 4710/3482/3795 4711/3482/3822
f 4672/3482/3791 4678/3487/3824 4712/3485/3823
f 4645/3486/3801 4712/3485/3823 4678/3487/3824
f 4683/3484/3807 4712/3485/3823 4645/3486/3801
f 4679/3484/3806 4712/3485/3823 4683/3484/3807
f 4710/3482/3795 4712/3485/3823 4713/3485/3734
f 4712/3485/3823 4679/3484/3806 4713/3485/3734
f 4713/3485/3734 4708/3482/3727 4710/3482/3795
f 4681/3486/3804 4713/3485/3734 4679/3484/3806
f 4708/3482/3727 4713/3485/3734 4714/3487/3805
f 4713/3485/3734 4681/3486/3804 4714/3487/3805
f 4715/2960/3740 4716/3476/3739 4717/3477/3804
f 4718/3488/3689 4716/3476/3739 4715/2960/3740
f 4719/2960/3741 4718/3488/3689 4715/2960/3740
f 4720/3478/3742 4716/3476/3739 4718/3488/3689
f 4716/3476/3739 4720/3478/3742 4721/3489/3694
f 4720/3478/3742 4722/2088/3825 4721/3489/3694
f 4719/2960/3741 4723/3488/3809 4718/3488/3689
f 4723/3488/3809 4720/3478/3742 4718/3488/3689
f 4680/3476/3748 4719/2960/3741 4681/3477/3826
f 4719/2960/3741 4680/3476/3748 4723/3488/3809
f 4723/3488/3809 4680/3476/3748 4724/3478/3750
f 4720/3478/3742 4723/3488/3809 4724/3478/3750
f 4724/3478/3750 4680/3476/3748 4685/3489/3751
f 4686/2088/3752 4724/3478/3750 4685/3489/3751
f 4725/1786/3827 4724/3478/3750 4686/2088/3752
f 4725/1786/3827 4720/3478/3742 4724/3478/3750
f 4691/2060/3763 4725/1786/3827 4686/2088/3752
f 4722/2088/3825 4720/3478/3742 4726/1786/3704
f 4726/1786/3704 4720/3478/3742 4725/1786/3827
f 4727/2060/3705 4722/2088/3825 4726/1786/3704
f 4725/1786/3827 4691/2060/3763 4728/2060/3812
f 4728/2060/3812 4726/1786/3704 4725/1786/3827
f 4727/2060/3705 4726/1786/3704 4729/2060/3707
f 4726/1786/3704 4728/2060/3812 4729/2060/3707
f 4730/1789/3708 4727/2060/3705 4729/2060/3707
f 4730/1789/3708 4729/2060/3707 4728/2060/3812
f 4727/2060/3705 4730/1789/3708 4731/2145/3828
f 4730/1789/3708 4732/1802/3710 4731/2145/3828
f 4691/2060/3763 4733/1789/3813 4728/2060/3812
f 4730/1789/3708 4728/2060/3812 4733/1789/3813
f 4733/1789/3813 4691/2060/3763 4695/2145/3764
f 4696/1802/3765 4733/1789/3813 4695/2145/3764
f 4732/1802/3710 4730/1789/3708 4734/194/3713
f 4735/194/3768 4733/1789/3813 4696/1802/3765
f 4733/1789/3813 4735/194/3768 4730/1789/3708
f 4730/1789/3708 4735/194/3768 4734/194/3713
f 4700/1405/3817 4735/194/3768 4696/1802/3765
f 4734/194/3713 4736/1405/3716 4732/1802/3710
f 4735/194/3768 4700/1405/3817 4737/1405/3775
f 4737/1405/3775 4734/194/3713 4735/194/3768
f 4736/1405/3716 4734/194/3713 4738/1405/3719
f 4734/194/3713 4737/1405/3775 4738/1405/3719
f 4700/1405/3817 4739/89/3783 4737/1405/3775
f 4739/89/3783 4738/1405/3719 4737/1405/3775
f 4700/1405/3817 4705/1805/3819 4739/89/3783
f 4706/3480/3784 4739/89/3783 4705/1805/3819
f 4740/89/3829 4736/1405/3716 4738/1405/3719
f 4738/1405/3719 4739/89/3783 4740/89/3829
f 4736/1405/3716 4740/89/3829 4741/1805/3787
f 4740/89/3829 4742/3480/3788 4741/1805/3787
f 4742/3480/3788 4740/89/3829 4743/3481/3820
f 4739/89/3783 4743/3481/3820 4740/89/3829
f 4743/3481/3820 4744/3482/3727 4742/3480/3788
f 4745/3481/3792 4739/89/3783 4706/3480/3784
f 4743/3481/3820 4739/89/3783 4745/3481/3792
f 4708/3482/3791 4745/3481/3792 4706/3480/3784
f 4746/3482/3795 4744/3482/3727 4743/3481/3820
f 4746/3482/3795 4743/3481/3820 4745/3481/3792
f 4745/3481/3792 4708/3482/3791 4747/3482/3797
f 4745/3481/3792 4747/3482/3797 4746/3482/3795
f 4748/3485/3823 4747/3482/3797 4708/3482/3791
f 4748/3485/3823 4746/3482/3795 4747/3482/3797
f 4708/3482/3791 4714/3487/3824 4748/3485/3823
f 4681/3486/3826 4748/3485/3823 4714/3487/3824
f 4719/3484/3741 4748/3485/3823 4681/3486/3826
f 4715/3484/3740 4748/3485/3823 4719/3484/3741
f 4746/3482/3795 4748/3485/3823 4749/3485/3803
f 4748/3485/3823 4715/3484/3740 4749/3485/3803
f 4749/3485/3803 4744/3482/3727 4746/3482/3795
f 4717/3486/3804 4749/3485/3803 4715/3484/3740
f 4744/3482/3727 4749/3485/3803 4750/3487/3830
f 4749/3485/3803 4717/3486/3804 4750/3487/3830
f 4751/3339/3831 4752/3338/3831 4753/3340/3832
f 4754/3338/3833 4752/3338/3831 4751/3339/3831
f 4755/2960/3834 4754/3338/3689 4751/3339/3691
f 4756/3490/3742 4752/3338/3739 4754/3338/3689
f 4752/3338/3835 4756/3490/3835 4757/3342/3835
f 4756/3490/3742 4758/2143/3695 4757/3342/3694
f 4755/2960/3836 4759/3488/3836 4754/3338/3836
f 4759/3488/3809 4756/3490/3742 4754/3338/3689
f 4716/3476/3748 4755/2960/3834 4717/3477/3801
f 4755/2960/3834 4716/3476/3748 4759/3488/3809
f 4759/3488/3809 4716/3476/3748 4760/3478/3750
f 4756/3490/3742 4759/3488/3809 4760/3478/3750
f 4760/3478/3750 4716/3476/3748 4721/3489/3837
f 4722/2088/3838 4760/3478/3750 4721/3489/3837
f 4761/1786/3810 4760/3478/3750 4722/2088/3838
f 4761/1786/3810 4756/3490/3742 4760/3478/3750
f 4727/2060/3839 4761/1786/3810 4722/2088/3838
f 4758/2143/3695 4756/3490/3742 4762/3491/3704
f 4762/3491/3704 4756/3490/3742 4761/1786/3810
f 4763/2141/3840 4758/2143/3840 4762/3491/3840
f 4761/1786/3841 4727/2060/3841 4764/2060/3841
f 4764/2060/3812 4762/3491/3704 4761/1786/3810
f 4763/2141/3705 4762/3491/3704 4765/2141/3842
f 4762/3491/3704 4764/2060/3812 4765/2141/3842
f 4766/2133/3843 4763/2141/3705 4765/2141/3842
f 4766/2133/3843 4765/2141/3842 4764/2060/3812
f 4763/2141/3844 4766/2133/3844 4767/3345/3844
f 4766/2133/3843 4768/3346/3710 4767/3345/3709
f 4727/2060/3845 4769/1789/3845 4764/2060/3845
f 4766/2133/3843 4764/2060/3812 4769/1789/3813
f 4769/1789/3813 4727/2060/3846 4731/2145/3847
f 4732/1802/3765 4769/1789/3813 4731/2145/3847
f 4768/3346/3710 4766/2133/3843 4770/175/3713
f 4771/194/3776 4769/1789/3813 4732/1802/3765
f 4769/1789/3813 4771/194/3776 4766/2133/3843
f 4766/2133/3843 4771/194/3776 4770/175/3713
f 4736/1405/3848 4771/194/3776 4732/1802/3765
f 4770/175/3849 4772/196/3849 4768/3346/3849
f 4771/194/3850 4736/1405/3850 4773/1405/3850
f 4773/1405/3775 4770/175/3713 4771/194/3776
f 4772/196/3716 4770/175/3713 4774/196/3719
f 4770/175/3713 4773/1405/3775 4774/196/3719
f 4736/1405/3781 4775/89/3818 4773/1405/3775
f 4775/89/3818 4774/196/3719 4773/1405/3775
f 4736/1405/3781 4741/1805/3782 4775/89/3818
f 4742/3480/3851 4775/89/3818 4741/1805/3782
f 4776/2123/3723 4772/196/3716 4774/196/3719
f 4774/196/3719 4775/89/3818 4776/2123/3723
f 4772/196/3852 4776/2123/3852 4777/181/3852
f 4776/2123/3723 4778/3347/3788 4777/181/3787
f 4778/3347/3853 4776/2123/3853 4779/3492/3853
f 4775/89/3818 4779/3492/3854 4776/2123/3723
f 4779/3492/3855 4780/3348/3855 4778/3347/3855
f 4781/3481/3789 4775/89/3789 4742/3480/3789
f 4779/3492/3854 4775/89/3818 4781/3481/3792
f 4744/3482/3791 4781/3481/3792 4742/3480/3784
f 4782/3348/3795 4780/3348/3727 4779/3492/3854
f 4782/3348/3795 4779/3492/3854 4781/3481/3792
f 4781/3481/3792 4744/3482/3791 4783/3482/3822
f 4781/3481/3792 4783/3482/3822 4782/3348/3795
f 4784/3485/3823 4783/3482/3822 4744/3482/3791
f 4784/3485/3823 4782/3348/3795 4783/3482/3822
f 4744/3482/3791 4750/3487/3800 4784/3485/3823
f 4717/3486/3801 4784/3485/3823 4750/3487/3800
f 4755/3484/3834 4784/3485/3823 4717/3486/3801
f 4751/3352/3691 4784/3485/3823 4755/3484/3834
f 4782/3348/3795 4784/3485/3823 4785/3493/3803
f 4784/3485/3823 4751/3352/3691 4785/3493/3803
f 4785/3493/3803 4780/3348/3727 4782/3348/3795
f 4753/3351/3804 4785/3493/3803 4751/3352/3691
f 4780/3348/3856 4785/3493/3856 4786/3350/3856
f 4785/3493/3803 4753/3351/3804 4786/3350/3736
f 4463/3350/3857 4787/3352/3858 4442/3351/3859
f 4787/3352/3858 4463/3350/3857 4788/3493/3860
f 4460/3348/3861 4788/3493/3860 4463/3350/3857
f 4789/3493/3823 4787/3352/3858 4788/3493/3860
f 4787/3352/3858 4789/3493/3823 4790/3352/3834
f 4790/3352/3834 4789/3493/3823 4753/3351/3801
f 4753/3351/3801 4789/3493/3823 4786/3350/3862
f 4780/3348/3791 4786/3350/3862 4789/3493/3823
f 4788/3493/3860 4460/3348/3861 4791/3348/3863
f 4791/3348/3863 4789/3493/3823 4788/3493/3860
f 4789/3493/3823 4792/3348/3797 4780/3348/3791
f 4789/3493/3823 4791/3348/3863 4792/3348/3797
f 4793/3492/3864 4780/3348/3791 4792/3348/3797
f 4793/3492/3864 4792/3348/3797 4791/3348/3863
f 4780/3348/3791 4793/3492/3864 4778/3347/3784
f 4794/3492/3865 4791/3348/3863 4460/3348/3861
f 4791/3348/3863 4794/3492/3865 4793/3492/3864
f 4460/3348/3861 4458/3347/3866 4794/3492/3865
f 4793/3492/3864 4795/2123/3783 4778/3347/3784
f 4794/3492/3865 4795/2123/3783 4793/3492/3864
f 4778/3347/3784 4795/2123/3783 4777/181/3782
f 4458/3347/3866 4796/2123/3867 4794/3492/3865
f 4795/2123/3783 4794/3492/3865 4796/2123/3867
f 4796/2123/3867 4458/3347/3866 4457/181/3868
f 4772/196/3817 4777/181/3782 4795/2123/3783
f 4454/196/3869 4796/2123/3867 4457/181/3868
f 4797/196/3870 4795/2123/3783 4796/2123/3867
f 4796/2123/3867 4454/196/3869 4797/196/3870
f 4772/196/3817 4795/2123/3783 4798/196/3775
f 4795/2123/3783 4797/196/3870 4798/196/3775
f 4797/196/3870 4454/196/3869 4799/175/3871
f 4799/175/3871 4798/196/3775 4797/196/3870
f 4454/196/3869 4452/3346/3872 4799/175/3871
f 4800/175/3816 4772/196/3817 4798/196/3775
f 4798/196/3775 4799/175/3871 4800/175/3816
f 4772/196/3817 4800/175/3816 4768/3346/3765
f 4452/3346/3872 4801/2133/3873 4799/175/3871
f 4801/2133/3873 4800/175/3816 4799/175/3871
f 4801/2133/3873 4452/3346/3872 4451/3345/3874
f 4800/175/3816 4802/2133/3813 4768/3346/3765
f 4802/2133/3813 4800/175/3816 4801/2133/3873
f 4768/3346/3765 4802/2133/3813 4767/3345/3847
f 4448/2141/3875 4801/2133/3873 4451/3345/3874
f 4802/2133/3813 4763/2141/3763 4767/3345/3847
f 4801/2133/3873 4448/2141/3875 4803/2141/3876
f 4801/2133/3873 4804/2141/3812 4802/2133/3813
f 4801/2133/3873 4803/2141/3876 4804/2141/3812
f 4763/2141/3763 4802/2133/3813 4804/2141/3812
f 4448/2141/3875 4805/3491/3877 4803/2141/3876
f 4805/3491/3877 4804/2141/3812 4803/2141/3876
f 4446/2143/3878 4805/3491/3877 4448/2141/3875
f 4806/3491/3810 4763/2141/3763 4804/2141/3812
f 4804/2141/3812 4805/3491/3877 4806/3491/3810
f 4763/2141/3763 4806/3491/3810 4758/2143/3752
f 4446/2143/3878 4807/3490/3879 4805/3491/3877
f 4805/3491/3877 4807/3490/3879 4806/3491/3810
f 4807/3490/3879 4446/2143/3878 4445/3342/3880
f 4806/3491/3810 4808/3490/3750 4758/2143/3752
f 4806/3491/3810 4807/3490/3879 4808/3490/3750
f 4758/2143/3752 4808/3490/3750 4757/3342/3837
f 4440/3338/3881 4807/3490/3879 4445/3342/3880
f 4808/3490/3750 4752/3338/3748 4757/3342/3837
f 4787/3339/3858 4440/3338/3881 4442/3340/3859
f 4809/3338/3809 4752/3338/3748 4808/3490/3750
f 4807/3490/3879 4809/3338/3809 4808/3490/3750
f 4440/3338/3881 4787/3339/3858 4810/3338/3882
f 4807/3490/3879 4440/3338/3881 4810/3338/3882
f 4809/3338/3809 4807/3490/3879 4810/3338/3882
f 4790/3339/3834 4810/3338/3882 4787/3339/3858
f 4790/3339/3834 4809/3338/3809 4810/3338/3882
f 4790/3339/3834 4752/3338/3748 4809/3338/3809
f 4752/3338/3748 4790/3339/3834 4753/3340/3801
f 4811/3494/3883 4812/3495/3883 4813/3496/3883
f 4812/3495/3884 4811/3494/800 4814/3494/3885
f 4815/3497/3886 4811/3494/800 4813/3496/3887
f 4816/3498/3888 4814/3494/3885 4811/3494/800
f 4814/3494/3885 4816/3498/3888 4817/3498/3889
f 4811/3494/800 4815/3497/3886 4818/3499/800
f 4816/3498/3888 4811/3494/800 4818/3499/800
f 4819/3500/3890 4818/3499/800 4815/3497/3886
f 4818/3499/800 4819/3500/3890 4820/3501/3891
f 4820/3501/3891 4821/3502/3892 4818/3499/800
f 4818/3499/800 4821/3502/3892 4816/3498/3888
f 4821/3502/3892 4820/3501/3891 4822/3503/3893
f 4823/3504/3894 4817/3498/3889 4816/3498/3888
f 4821/3502/3892 4823/3504/3894 4816/3498/3888
f 4817/3498/3889 4823/3504/3894 4824/3504/3895
f 4822/3503/3893 4825/3505/3896 4821/3502/3892
f 4823/3504/3894 4821/3502/3892 4825/3505/3896
f 4825/3505/3896 4822/3503/3893 4826/3505/3897
f 4827/3506/3898 4824/3504/3895 4823/3504/3894
f 4827/3506/3898 4823/3504/3894 4825/3505/3896
f 4824/3504/3895 4827/3506/3898 4828/3506/3899
f 4826/3505/3897 4829/3507/3898 4825/3505/3896
f 4825/3505/3896 4829/3507/3898 4827/3506/3898
f 4829/3507/3898 4826/3505/3897 4830/3507/3900
f 4831/3508/516 4828/3506/3899 4827/3506/3898
f 4829/3507/3898 4831/3508/516 4827/3506/3898
f 4828/3506/3899 4831/3508/516 4832/3509/3901
f 4830/3507/3900 4833/3510/516 4829/3507/3898
f 4831/3508/516 4829/3507/3898 4833/3510/516
f 4833/3510/516 4830/3507/3900 4834/3510/3902
f 4835/3511/3903 4832/3509/3901 4831/3508/516
f 4832/3509/3901 4835/3511/3903 4836/3511/3904
f 4837/3512/3905 4836/3511/3904 4835/3511/3903
f 4838/3513/3903 4831/3508/516 4833/3510/516
f 4834/3510/3902 4838/3513/3903 4833/3510/516
f 4831/3508/516 4838/3513/3903 4835/3511/3903
f 4838/3513/3903 4834/3510/3902 4839/3513/3906
f 4840/3514/3907 4838/3513/3903 4839/3513/3906
f 4838/3513/3903 4840/3514/3907 4841/3515/3908
f 4841/3515/3908 4835/3511/3903 4838/3513/3903
f 4840/3514/3907 4842/3516/3909 4841/3515/3908
f 4843/3512/3910 4835/3511/3903 4841/3515/3908
f 4843/3512/3910 4841/3515/3908 4842/3516/3909
f 4835/3511/3903 4843/3512/3910 4837/3512/3905
f 4842/3516/3909 4844/3517/3911 4843/3512/3910
f 4844/3517/3911 4837/3512/3905 4843/3512/3910
f 4845/3518/3912 4846/3518/3913 4847/3518/3914
f 4848/3519/3915 4846/3518/3913 4845/3518/3912
f 4847/3518/3914 4846/3518/3913 4849/3518/3916
f 4846/3518/3913 4848/3519/3915 4850/3519/3913
f 4851/3520/3917 4850/3519/3913 4848/3519/3915
f 4846/3518/3913 4852/3518/3918 4849/3518/3916
f 4850/3519/3913 4852/3518/3918 4846/3518/3913
f 4852/3518/3918 4853/3521/3919 4849/3518/3916
f 4850/3519/3913 4851/3520/3917 4854/3520/3920
f 4855/3522/3921 4854/3520/3920 4851/3520/3917
f 4852/3518/3918 4850/3519/3913 4856/3519/349
f 4854/3520/3920 4856/3519/349 4850/3519/3913
f 4853/3521/3919 4852/3518/3918 4857/3521/3922
f 4856/3519/349 4857/3521/3922 4852/3518/3918
f 4858/3521/3923 4853/3521/3919 4857/3521/3922
f 4859/3523/3924 4858/3521/3923 4857/3521/3922
f 4857/3521/3922 4856/3519/349 4859/3523/3924
f 4858/3521/3923 4859/3523/3924 4860/3523/3925
f 4856/3519/349 4854/3520/3920 4861/3520/3926
f 4861/3520/3926 4859/3523/3924 4856/3519/349
f 4854/3520/3920 4855/3522/3921 4862/3522/3927
f 4862/3522/3927 4861/3520/3926 4854/3520/3920
f 4863/3524/3921 4862/3522/3927 4855/3522/3921
f 4864/3525/3887 4860/3523/3925 4859/3523/3924
f 4859/3523/3924 4861/3520/3926 4864/3525/3887
f 4860/3523/3925 4864/3525/3887 4865/3525/3928
f 4861/3520/3926 4862/3522/3927 4866/3522/3929
f 4866/3522/3929 4864/3525/3887 4861/3520/3926
f 4867/3526/3680 4865/3525/3928 4864/3525/3887
f 4864/3525/3887 4866/3522/3929 4867/3526/3680
f 4865/3525/3928 4867/3526/3680 4868/3526/3930
f 4869/3524/3920 4866/3522/3929 4862/3522/3927
f 4862/3522/3927 4863/3524/3921 4869/3524/3920
f 4870/3524/3931 4867/3526/3680 4866/3522/3929
f 4866/3522/3929 4869/3524/3920 4870/3524/3931
f 4871/3527/3932 4868/3526/3930 4867/3526/3680
f 4867/3526/3680 4870/3524/3931 4871/3527/3932
f 4868/3526/3930 4871/3527/3932 4872/3527/3933
f 4871/3527/3932 4873/3528/3934 4872/3527/3933
f 4870/3524/3931 4874/3528/3935 4871/3527/3932
f 4871/3527/3932 4874/3528/3935 4873/3528/3934
f 4875/3529/3936 4870/3524/3931 4869/3524/3920
f 4870/3524/3931 4875/3529/3936 4874/3528/3935
f 4873/3528/3934 4874/3528/3935 4876/3528/3937
f 4875/3529/3936 4876/3528/3937 4874/3528/3935
f 4873/3528/3934 4876/3528/3937 4877/3528/3938
f 4875/3529/3936 4869/3524/3920 4878/3529/3939
f 4863/3524/3921 4878/3529/3939 4869/3524/3920
f 4878/3529/3939 4863/3524/3921 4879/3529/3921
f 4879/3529/3921 4880/3529/3940 4878/3529/3939
f 4876/3528/3937 4875/3529/3936 4881/3529/3941
f 4878/3529/3939 4881/3529/3941 4875/3529/3936
f 4881/3529/3941 4877/3528/3938 4876/3528/3937
f 4878/3529/3939 4880/3529/3940 4881/3529/3941
f 4882/3529/3942 4877/3528/3938 4881/3529/3941
f 4880/3529/3940 4882/3529/3942 4881/3529/3941
f 4883/3530/3943 4884/3531/3944 4885/3532/3945
f 4886/3533/3946 4884/3531/3944 4883/3530/3943
f 4885/3532/3945 4884/3531/3944 4887/3534/3947
f 4884/3531/3944 4886/3533/3946 4888/3535/3948
f 4889/3536/3949 4885/3532/3945 4887/3534/3947
f 4890/3537/3950 4888/3535/3948 4886/3533/3946
f 4889/3536/3949 4887/3534/3947 4891/3538/3951
f 4888/3535/3948 4890/3537/3950 4892/3539/3952
f 4891/3538/3951 4893/3540/3953 4889/3536/3949
f 4894/3541/3954 4892/3539/3952 4890/3537/3950
f 4893/3540/3953 4891/3538/3951 4895/3542/3955
f 4892/3539/3952 4894/3541/3954 4896/3543/3956
f 4895/3542/3955 4897/3544/3957 4893/3540/3953
f 4894/3541/3954 4898/3545/3958 4896/3543/3956
f 4897/3544/3957 4895/3542/3955 4899/3546/3959
f 4900/3547/3960 4898/3545/3958 4894/3541/3954
f 4899/3546/3959 4901/3548/3961 4897/3544/3957
f 4900/3547/3960 4516/3549/3962 4898/3545/3958
f 4901/3548/3961 4899/3546/3959 4902/3550/3963
f 4903/3551/3964 4516/3549/3962 4900/3547/3960
f 4902/3550/3963 4904/3552/3965 4901/3548/3961
f 4516/3549/3962 4903/3551/3964 4518/3553/3966
f 4904/3552/3965 4902/3550/3963 4905/3554/3967
f 4906/3555/3968 4518/3553/3966 4903/3551/3964
f 4905/3554/3967 4907/3556/3969 4904/3552/3965
f 4518/3553/3966 4906/3555/3968 4519/3557/3970
f 4907/3556/3969 4905/3554/3967 4908/3558/3971
f 4908/3558/3971 4909/3559/3972 4907/3556/3969
f 4909/3559/3972 4908/3558/3971 4910/3560/3973
f 4911/3561/3974 4909/3559/3972 4910/3560/3973
f 4909/3559/3972 4911/3561/3974 4912/3562/3975
f 4913/3563/3976 4912/3562/3975 4911/3561/3974
f 4912/3562/3975 4913/3563/3976 4914/3564/3977
f 4915/3565/3978 4914/3564/3977 4913/3563/3976
f 4914/3564/3977 4915/3565/3978 4916/3566/3979
f 4917/3567/3980 4916/3566/3979 4915/3565/3978
f 4916/3566/3979 4917/3567/3980 4918/3568/3981
f 4917/3567/3980 4919/3569/3982 4918/3568/3981
f 4918/3568/3981 4919/3569/3982 4920/3570/3983
f 4919/3569/3982 4921/3571/3983 4920/3570/3983
f 4919/3569/3982 4922/3572/3982 4921/3571/3983
f 4840/3573/3984 4921/3571/3983 4922/3572/3982
f 4921/3571/3983 4840/3573/3984 4923/3574/3669
f 4840/3573/3984 4922/3572/3982 4842/3575/3985
f 4839/3576/3986 4923/3574/3669 4840/3573/3984
f 4924/3577/3987 4842/3575/3985 4922/3572/3982
f 4923/3574/3669 4839/3576/3986 4925/3578/3988
f 4844/3579/3989 4842/3575/3985 4924/3577/3987
f 4839/3576/3986 4926/3580/3990 4925/3578/3988
f 4926/3580/3990 4839/3576/3986 4834/3581/3991
f 4834/3581/3991 4927/3582/3990 4926/3580/3990
f 4927/3582/3990 4834/3581/3991 4830/3583/3992
f 4830/3583/3992 4928/3584/3993 4927/3582/3990
f 4928/3584/3993 4830/3583/3992 4826/3585/3994
f 4826/3585/3994 4929/3586/3993 4928/3584/3993
f 4929/3586/3993 4826/3585/3994 4822/3587/3995
f 4822/3587/3995 4930/3588/3996 4929/3586/3993
f 4930/3588/3996 4822/3587/3995 4820/3589/3997
f 4820/3589/3997 4931/3590/3998 4930/3588/3996
f 4931/3590/3998 4820/3589/3997 4819/3591/3999
f 4819/3591/3999 4906/3555/3968 4931/3590/3998
f 4819/3591/3999 4519/3557/3970 4906/3555/3968
f 4932/3592/4000 4519/3557/4001 4819/3591/3999
f 4815/3593/4002 4932/3592/4000 4819/3591/3999
f 4932/3592/4000 4815/3593/4002 4933/3594/4003
f 4813/3595/4004 4933/3594/4003 4815/3593/4002
f 4933/3594/4003 4813/3595/4004 4934/3596/4005
f 4935/3597/4006 4934/3596/4005 4813/3595/4004
f 4812/3598/4007 4935/3597/4006 4813/3595/4004
f 4497/3599/4008 4935/3597/4006 4812/3598/4007
f 4812/3598/4007 4936/3600/4009 4497/3599/4008
f 4936/3600/4009 4812/3598/4007 4937/3601/4010
f 4938/3602/4011 4497/3599/4008 4936/3600/4009
f 4814/3603/4012 4937/3601/4010 4812/3598/4007
f 4496/3604/4013 4497/3599/4008 4938/3602/4011
f 4937/3601/4010 4814/3603/4012 4939/3605/4014
f 4940/3606/4015 4496/3604/4013 4938/3602/4011
f 4817/3607/4016 4939/3605/4014 4814/3603/4012
f 4496/3604/4013 4940/3606/4015 4493/3608/4017
f 4939/3605/4014 4817/3607/4016 4941/3609/4018
f 4942/3610/4019 4493/3608/4017 4940/3606/4015
f 4824/3611/4020 4941/3609/4018 4817/3607/4016
f 4493/3608/4017 4942/3610/4019 4489/3612/4021
f 4941/3609/4018 4824/3611/4020 4943/3613/4022
f 4828/3614/4023 4943/3613/4022 4824/3611/4020
f 4943/3613/4022 4828/3614/4023 4944/3615/4024
f 4832/3616/4025 4944/3615/4024 4828/3614/4023
f 4944/3615/4024 4832/3616/4025 4945/3617/4026
f 4836/3618/4027 4945/3617/4026 4832/3616/4025
f 4945/3617/4026 4836/3618/4027 4946/3619/4028
f 4947/3620/4029 4946/3619/4028 4836/3618/4027
f 4947/3620/4029 4836/3618/4027 4837/3621/4030
f 4947/3620/4029 4837/3621/4030 4948/3622/4031
f 4844/3579/3989 4948/3622/4031 4837/3621/4030
f 4948/3622/4031 4844/3579/3989 4949/3623/4032
f 4924/3577/3987 4949/3623/4032 4844/3579/3989
f 4948/3622/4031 4949/3623/4032 4950/3624/4033
f 4951/3625/4034 4950/3624/4033 4949/3623/4032
f 4950/3624/4033 4951/3625/4034 4952/3626/4035
f 4953/3627/4036 4952/3626/4035 4951/3625/4034
f 4952/3626/4035 4953/3627/4036 4954/3628/4037
f 4955/3629/4038 4954/3628/4037 4953/3627/4036
f 4954/3628/4037 4955/3629/4038 4956/3630/4039
f 4957/3631/4040 4956/3630/4039 4955/3629/4038
f 4956/3630/4039 4957/3631/4040 4958/3632/4041
f 4957/3631/4040 4959/3633/4042 4958/3632/4041
f 4960/3634/4043 4958/3632/4041 4959/3633/4042
f 4961/3635/4044 4960/3634/4043 4959/3633/4042
f 4960/3634/4043 4961/3635/4044 4962/3636/4045
f 4963/3637/4046 4962/3636/4045 4961/3635/4044
f 4962/3636/4045 4963/3637/4046 4964/3638/4047
f 4965/3639/4048 4964/3638/4047 4963/3637/4046
f 4964/3638/4047 4965/3639/4048 4966/3640/4049
f 4967/3641/4050 4966/3640/4049 4965/3639/4048
f 4966/3640/4049 4967/3641/4050 4968/3642/4051
f 4969/3643/4052 4968/3642/4051 4967/3641/4050
f 4968/3642/4051 4969/3643/4052 4970/3644/4053
f 4969/3643/4052 4971/3645/4054 4970/3644/4053
f 4969/3643/4052 4972/3646/4055 4971/3645/4054
f 4972/3646/4055 4973/3647/4056 4971/3645/4054
f 4972/3646/4055 4974/3648/4057 4973/3647/4056
f 4974/3648/4057 4975/3649/4058 4973/3647/4056
f 4974/3648/4057 4976/3650/4059 4975/3649/4058
f 4977/3651/4060 4975/3649/4058 4976/3650/4059
f 4975/3649/4058 4977/3651/4060 4978/3652/4061
f 4977/3651/4060 4979/3653/4062 4978/3652/4061
f 4977/3651/4060 4980/3654/4063 4979/3653/4062
f 4979/3653/4062 4980/3654/4063 4981/3655/4064
f 4982/3656/513 4981/3655/4064 4980/3654/4063
f 4556/3657/4065 4982/3656/513 4980/3654/4063
f 4557/3658/4066 4982/3656/513 4556/3657/4067
f 4557/3658/4066 4981/3655/4064 4982/3656/513
f 4981/3655/4064 4557/3658/4066 4983/3659/4068
f 4560/3660/4069 4983/3659/4068 4557/3658/4066
f 4983/3659/4068 4560/3660/4069 4984/3661/4070
f 4560/3660/4069 4985/3662/4071 4984/3661/4070
f 4985/3662/4071 4560/3660/4069 4564/3663/441
f 4564/3663/441 4986/3664/4072 4985/3662/4071
f 4986/3664/4072 4564/3663/441 4568/3665/4073
f 4568/3665/4073 4987/3666/4074 4986/3664/4072
f 4987/3666/4074 4568/3665/4073 4572/3667/4075
f 4572/3667/4075 4988/3668/4076 4987/3666/4074
f 4988/3668/4076 4572/3667/4075 4585/3669/350
f 4585/3669/350 4989/3670/4077 4988/3668/4076
f 4989/3670/4077 4585/3669/350 4588/3671/4078
f 4588/3671/4078 4990/3672/4079 4989/3670/4077
f 4990/3672/4079 4588/3671/4078 4592/3673/4080
f 4592/3673/4080 4991/3674/4081 4990/3672/4079
f 4592/3673/4080 4596/3675/4082 4991/3674/4081
f 4596/3675/4082 4992/3676/4083 4991/3674/4081
f 4992/3676/4083 4596/3675/4082 4993/3677/4084
f 4596/3675/4082 4597/3678/4085 4993/3677/4084
f 4489/3612/1208 4993/3677/4084 4597/3678/4085
f 4992/3676/4083 4993/3677/4084 4489/3612/4021
f 4489/3612/4021 4942/3610/4019 4992/3676/4083
f 4994/3679/4086 4995/3680/4087 4996/3681/4086
f 4995/3680/4087 4997/3682/4088 4996/3681/4086
f 4995/3680/4087 4994/3679/4086 4998/3683/4089
f 4997/3682/4088 4995/3680/4087 4999/3684/4090
f 5000/3685/4091 4998/3683/4089 4994/3679/4086
f 4999/3684/4090 5001/3686/4092 4997/3682/4088
f 4998/3683/4089 5000/3685/4091 5002/3687/4093
f 4999/3684/4090 5003/3688/4094 5001/3686/4092
f 5004/3689/4095 5002/3687/4093 5000/3685/4091
f 5003/3688/4094 5005/3690/4096 5001/3686/4092
f 5002/3687/4093 5004/3689/4095 5006/3691/4097
f 5003/3688/4094 5007/3692/4098 5005/3690/4096
f 5008/3693/4099 5006/3691/4097 5004/3689/4095
f 5009/3694/4100 5005/3690/4096 5007/3692/4098
f 5006/3691/4097 5008/3693/4099 5010/3689/4101
f 5005/3690/4096 5009/3694/4100 5011/3695/4102
f 5012/3696/4103 5010/3689/4101 5008/3693/4099
f 5013/3697/4104 5011/3695/4102 5009/3694/4100
f 5010/3689/4101 5012/3696/4103 5014/3698/4105
f 5011/3695/4102 5013/3697/4104 5015/3699/4106
f 5016/3700/4107 5014/3698/4105 5012/3696/4103
f 5013/3697/4104 5017/3701/4106 5015/3699/4106
f 5014/3698/4105 5016/3700/4107 5018/3702/4108
f 5017/3701/4106 5013/3697/4104 5019/3703/4109
f 5020/3704/4110 5018/3702/4108 5016/3700/4107
f 5019/3703/4109 5021/3705/4111 5017/3701/4106
f 5018/3702/4108 5020/3704/4110 5022/3706/4112
f 5021/3705/4111 5019/3703/4109 5023/3707/4113
f 5024/3708/4114 5022/3706/4112 5020/3704/4110
f 5025/3709/4115 5021/3705/4111 5023/3707/4113
f 5022/3706/4112 5024/3708/4114 5026/3710/4116
f 5021/3705/4111 5025/3709/4115 5027/3705/4117
f 5027/3705/4117 5026/3710/4116 5024/3708/4114
f 5026/3710/4116 5027/3705/4117 5025/3709/4115
f 5028/3711/4118 5029/3712/4119 5030/3713/4120
f 5031/3714/4121 5030/3713/4120 5029/3712/4119
f 5029/3712/4119 5028/3711/4118 5032/3715/4122
f 5031/3714/4121 5029/3712/4119 5033/3716/4123
f 5034/3717/4124 5032/3715/4122 5028/3711/4118
f 5035/3718/4125 5031/3714/4121 5033/3716/4123
f 5032/3715/4122 5034/3717/4124 5036/3719/4126
f 5035/3718/4125 5033/3716/4123 5037/3716/4127
f 5038/3720/4128 5036/3719/4126 5034/3717/4124
f 5037/3716/4127 5039/3721/4129 5035/3718/4125
f 5038/3720/4128 5034/3717/4124 5040/3701/4130
f 5039/3721/4129 5037/3716/4127 5041/3721/4131
f 5042/3705/4132 5038/3720/4128 5040/3701/4130
f 5041/3721/4131 5043/3722/4133 5039/3721/4129
f 5038/3720/4128 5042/3705/4132 5044/3723/4134
f 5043/3722/4133 5041/3721/4131 5045/3724/4135
f 5042/3705/4132 5046/3725/4136 5044/3723/4134
f 5045/3724/4135 5047/3726/4137 5043/3722/4133
f 5042/3705/4132 5048/3685/4138 5046/3725/4136
f 5047/3726/4137 5045/3724/4135 5049/3727/4139
f 5048/3685/4138 5050/3679/4140 5046/3725/4136
f 5049/3727/4139 5051/3728/4141 5047/3726/4137
f 5048/3685/4138 5052/3683/4142 5050/3679/4140
f 5049/3727/4139 5053/3729/4143 5051/3728/4141
f 5054/3730/4144 5050/3679/4140 5052/3683/4142
f 5055/3728/4145 5051/3728/4141 5053/3729/4143
f 5050/3679/4140 5054/3730/4144 5056/3731/4146
f 5053/3729/4143 5057/3729/4147 5055/3728/4145
f 5054/3730/4144 5057/3729/4147 5056/3731/4146
f 5054/3730/4144 5055/3728/4145 5057/3729/4147
f 5058/3732/4148 5059/3733/4149 5060/3734/4150
f 5059/3733/4149 5058/3732/4148 5061/3735/4151
f 5059/3733/4149 5062/3736/4152 5060/3734/4150
f 5059/3733/4149 5061/3735/4151 5063/3737/4153
f 5061/3735/4151 5064/3738/4154 5063/3737/4153
f 5064/3738/4154 5065/3737/4155 5063/3737/4153
f 5066/3739/4156 5062/3736/4152 5059/3733/4149
f 5066/3739/4156 5067/3740/4157 5062/3736/4152
f 5068/3737/4158 5063/3737/4153 5065/3737/4155
f 5065/3737/4155 5069/3741/4159 5068/3737/4158
f 5063/3737/4153 5070/3742/4160 5059/3733/4149
f 5068/3737/4158 5070/3742/4160 5063/3737/4153
f 5059/3733/4149 5071/3743/4161 5066/3739/4156
f 5071/3743/4161 5059/3733/4149 5070/3742/4160
f 5072/3741/4162 5068/3737/4158 5069/3741/4159
f 5072/3741/4162 5069/3741/4159 5073/3744/4163
f 5070/3742/4160 5068/3737/4158 5074/3745/4164
f 5072/3741/4162 5075/3746/4165 5068/3737/4158
f 5075/3746/4165 5074/3745/4164 5068/3737/4158
f 5076/3744/4166 5072/3741/4162 5073/3744/4163
f 5075/3746/4165 5072/3741/4162 5077/3747/4167
f 5076/3744/4166 5077/3747/4167 5072/3741/4162
f 5073/3744/4163 5078/3748/4168 5076/3744/4166
f 5078/3748/4168 5073/3744/4163 5079/3748/4169
f 5077/3747/4167 5076/3744/4166 5080/3748/4170
f 5076/3744/4166 5078/3748/4168 5080/3748/4170
f 5079/3748/4169 5081/3749/4171 5078/3748/4168
f 5081/3749/4171 5079/3748/4169 5082/3750/4172
f 5080/3748/4170 5078/3748/4168 5083/3749/4173
f 5078/3748/4168 5081/3749/4171 5083/3749/4173
f 5084/3751/4174 5077/3747/4167 5080/3748/4170
f 5083/3749/4173 5084/3751/4174 5080/3748/4170
f 5075/3746/4165 5077/3747/4167 5085/3752/4175
f 5077/3747/4167 5084/3751/4174 5085/3752/4175
f 5085/3752/4175 5086/3745/4176 5075/3746/4165
f 5075/3746/4165 5086/3745/4176 5074/3745/4164
f 5084/3751/4174 5087/3753/4177 5085/3752/4175
f 5085/3752/4175 5087/3753/4177 5086/3745/4176
f 5084/3751/4174 5083/3749/4173 5088/3751/4178
f 5088/3751/4178 5087/3753/4177 5084/3751/4174
f 5089/3754/4179 5074/3745/4164 5086/3745/4176
f 5087/3753/4177 5089/3754/4179 5086/3745/4176
f 5074/3745/4164 5089/3754/4179 5090/3755/4180
f 5070/3742/4160 5074/3745/4164 5090/3755/4180
f 5091/3756/4181 5070/3742/4160 5090/3755/4180
f 5070/3742/4160 5091/3756/4181 5071/3743/4161
f 5092/3756/4182 5090/3755/4180 5089/3754/4179
f 5090/3755/4180 5092/3756/4182 5091/3756/4181
f 5091/3756/4181 5093/3757/4183 5071/3743/4161
f 5092/3756/4182 5093/3757/4183 5091/3756/4181
f 5094/3758/4184 5071/3743/4161 5093/3757/4183
f 5094/3758/4184 5066/3739/4156 5071/3743/4161
f 5095/3759/4185 5092/3756/4182 5089/3754/4179
f 5087/3753/4177 5095/3759/4185 5089/3754/4179
f 5066/3739/4156 5094/3758/4184 5096/3760/4186
f 5096/3760/4186 5067/3740/4157 5066/3739/4156
f 5097/3727/4187 5096/3760/4186 5094/3758/4184
f 5098/3729/4188 5067/3740/4157 5096/3760/4186
f 5096/3760/4186 5097/3727/4187 5098/3729/4188
f 5067/3740/4157 5098/3729/4188 5099/3761/4189
f 5097/3727/4187 5094/3758/4184 5100/3724/4190
f 5093/3757/4183 5100/3724/4190 5094/3758/4184
f 5101/3762/4191 5098/3729/4188 5097/3727/4187
f 5100/3724/4190 5101/3762/4191 5097/3727/4187
f 5102/3763/4192 5099/3761/4189 5098/3729/4188
f 5098/3729/4188 5101/3762/4191 5102/3763/4192
f 5099/3761/4189 5102/3763/4192 5103/3764/4193
f 5104/3693/4194 5103/3764/4193 5102/3763/4192
f 5103/3764/4193 5104/3693/4194 5105/3765/4195
f 5106/3766/3585 5102/3763/4192 5101/3762/4191
f 5102/3763/4192 5106/3766/3585 5104/3693/4194
f 5107/3767/4196 5105/3765/4195 5104/3693/4194
f 5106/3766/3585 5107/3767/4196 5104/3693/4194
f 5105/3765/4195 5107/3767/4196 5108/3768/4197
f 5109/3769/4198 5106/3766/3585 5101/3762/4191
f 5101/3762/4191 5100/3724/4190 5109/3769/4198
f 5107/3767/4196 5106/3766/3585 5110/3770/4199
f 5111/3771/4200 5108/3768/4197 5107/3767/4196
f 5110/3770/4199 5111/3771/4200 5107/3767/4196
f 5108/3768/4197 5111/3771/4200 5112/3772/4201
f 5111/3771/4200 5113/3773/4202 5112/3772/4201
f 5114/3774/4203 5113/3773/4202 5111/3771/4200
f 5111/3771/4200 5115/3775/4204 5114/3774/4203
f 5115/3775/4204 5116/3775/4205 5114/3774/4203
f 5115/3775/4204 5111/3771/4200 5117/3776/4206
f 5111/3771/4200 5110/3770/4199 5117/3776/4206
f 5115/3775/4204 5118/3777/4207 5116/3775/4205
f 5117/3776/4206 5118/3777/4207 5115/3775/4204
f 5119/3778/4208 5116/3775/4205 5118/3777/4207
f 5110/3770/4199 5120/3779/4209 5117/3776/4206
f 5118/3777/4207 5121/3780/4210 5119/3778/4208
f 5122/3780/4211 5119/3778/4208 5121/3780/4210
f 5118/3777/4207 5117/3776/4206 5123/3781/4212
f 5117/3776/4206 5120/3779/4209 5123/3781/4212
f 5121/3780/4210 5124/3782/4210 5122/3780/4211
f 5125/3782/4213 5122/3780/4211 5124/3782/4210
f 5118/3777/4207 5126/3783/4214 5121/3780/4210
f 5124/3782/4210 5127/3784/4215 5125/3782/4213
f 5125/3782/4213 5127/3784/4215 5128/3784/4216
f 5126/3783/4214 5118/3777/4207 5129/3785/4217
f 5129/3785/4217 5118/3777/4207 5123/3781/4212
f 5130/3786/4218 5128/3784/4216 5127/3784/4215
f 5128/3784/4216 5130/3786/4218 5131/3786/4219
f 5132/3787/4220 5127/3784/4215 5124/3782/4210
f 5127/3784/4215 5132/3787/4220 5130/3786/4218
f 5133/3788/4221 5124/3782/4210 5121/3780/4210
f 5133/3788/4221 5132/3787/4220 5124/3782/4210
f 5133/3788/4221 5121/3780/4210 5134/3789/4222
f 5121/3780/4210 5126/3783/4214 5134/3789/4222
f 5135/3789/4223 5132/3787/4220 5133/3788/4221
f 5133/3788/4221 5134/3789/4222 5135/3789/4223
f 5136/3790/4224 5134/3789/4222 5126/3783/4214
f 5134/3789/4222 5136/3790/4224 5135/3789/4223
f 5126/3783/4214 5129/3785/4217 5136/3790/4224
f 5135/3789/4223 5137/3791/4225 5132/3787/4220
f 5136/3790/4224 5129/3785/4217 5138/3792/4226
f 5139/3793/4224 5135/3789/4223 5136/3790/4224
f 5138/3792/4226 5139/3793/4224 5136/3790/4224
f 5139/3793/4224 5137/3791/4225 5135/3789/4223
f 5129/3785/4217 5140/3794/4227 5138/3792/4226
f 5140/3794/4227 5129/3785/4217 5123/3781/4212
f 5139/3793/4224 5138/3792/4226 5141/3795/4226
f 5138/3792/4226 5140/3794/4227 5141/3795/4226
f 5123/3781/4212 5142/3796/4228 5140/3794/4227
f 5142/3796/4228 5123/3781/4212 5120/3779/4209
f 5143/3797/4229 5141/3795/4226 5140/3794/4227
f 5142/3796/4228 5143/3797/4229 5140/3794/4227
f 5144/3795/4230 5139/3793/4224 5141/3795/4226
f 5145/3798/4231 5141/3795/4226 5143/3797/4229
f 5141/3795/4226 5145/3798/4231 5144/3795/4230
f 5143/3797/4229 5142/3796/4228 5146/3799/4232
f 5143/3797/4229 5147/3800/4233 5145/3798/4231
f 5143/3797/4229 5146/3799/4232 5147/3800/4233
f 5148/3801/4234 5146/3799/4232 5142/3796/4228
f 5146/3799/4232 5149/3802/4235 5147/3800/4233
f 5149/3802/4235 5146/3799/4232 5148/3801/4234
f 5148/3801/4234 5142/3796/4228 5150/3700/4236
f 5150/3700/4236 5142/3796/4228 5120/3779/4209
f 5150/3700/4236 5120/3779/4209 5151/3803/4237
f 5151/3803/4237 5120/3779/4209 5110/3770/4199
f 5151/3803/4237 5110/3770/4199 5106/3766/3585
f 5106/3766/3585 5109/3769/4198 5151/3803/4237
f 5151/3803/4237 5152/3804/4238 5150/3700/4236
f 5152/3804/4238 5151/3803/4237 5109/3769/4198
f 5150/3700/4236 5152/3804/4238 5148/3801/4234
f 5109/3769/4198 5153/3805/4239 5152/3804/4238
f 5153/3805/4239 5109/3769/4198 5100/3724/4190
f 5154/3806/4240 5148/3801/4234 5152/3804/4238
f 5154/3806/4240 5149/3802/4235 5148/3801/4234
f 5155/3807/4241 5152/3804/4238 5153/3805/4239
f 5152/3804/4238 5155/3807/4241 5154/3806/4240
f 5100/3724/4190 5156/3808/4242 5153/3805/4239
f 5156/3808/4242 5100/3724/4190 5093/3757/4183
f 5092/3756/4182 5156/3808/4242 5093/3757/4183
f 5157/3809/4242 5155/3807/4241 5153/3805/4239
f 5157/3809/4242 5153/3805/4239 5156/3808/4242
f 5158/3810/4243 5156/3808/4242 5092/3756/4182
f 5158/3810/4243 5157/3809/4242 5156/3808/4242
f 5095/3759/4185 5158/3810/4243 5092/3756/4182
f 5157/3809/4242 5159/3811/4244 5155/3807/4241
f 5159/3811/4244 5154/3806/4240 5155/3807/4241
f 5158/3810/4243 5160/3809/4245 5157/3809/4242
f 5159/3811/4244 5157/3809/4242 5160/3809/4245
f 5095/3759/4185 5161/3810/4246 5158/3810/4243
f 5160/3809/4245 5158/3810/4243 5161/3810/4246
f 5154/3806/4240 5159/3811/4244 5162/3806/4247
f 5149/3802/4235 5154/3806/4240 5162/3806/4247
f 5160/3809/4245 5163/3711/1153 5159/3811/4244
f 5163/3711/1153 5162/3806/4247 5159/3811/4244
f 5164/3812/4248 5149/3802/4235 5162/3806/4247
f 5162/3806/4247 5163/3711/1153 5164/3812/4248
f 5149/3802/4235 5164/3812/4248 5165/3813/4249
f 5165/3813/4249 5147/3800/4233 5149/3802/4235
f 5164/3812/4248 5163/3711/1153 5166/3814/4250
f 5147/3800/4233 5165/3813/4249 5167/3815/4251
f 5167/3815/4251 5145/3798/4231 5147/3800/4233
f 5165/3813/4249 5164/3812/4248 5168/3816/4252
f 5164/3812/4248 5166/3814/4250 5168/3816/4252
f 5145/3798/4231 5167/3815/4251 5169/3817/4253
f 5169/3817/4253 5144/3795/4230 5145/3798/4231
f 5167/3815/4251 5165/3813/4249 5170/3818/4254
f 5167/3815/4251 5171/3819/4255 5169/3817/4253
f 5171/3819/4255 5167/3815/4251 5170/3818/4254
f 5144/3795/4230 5169/3817/4253 5172/3820/4256
f 5173/3821/4257 5170/3818/4254 5165/3813/4249
f 5165/3813/4249 5168/3816/4252 5173/3821/4257
f 5174/3822/4258 5169/3817/4253 5171/3819/4255
f 5169/3817/4253 5174/3822/4258 5172/3820/4256
f 5175/3295/4259 5173/3821/4257 5168/3816/4252
f 5176/3823/4257 5170/3818/4254 5173/3821/4257
f 5173/3821/4257 5175/3295/4259 5176/3823/4257
f 5177/3824/4254 5171/3819/4255 5170/3818/4254
f 5170/3818/4254 5176/3823/4257 5177/3824/4254
f 5168/3816/4252 5178/3825/4250 5175/3295/4259
f 5178/3825/4250 5168/3816/4252 5166/3814/4250
f 5179/3295/4260 5176/3823/4257 5175/3295/4259
f 5178/3825/4250 5179/3295/4260 5175/3295/4259
f 5171/3819/4255 5177/3824/4254 5180/3826/4255
f 5174/3822/4258 5171/3819/4255 5180/3826/4255
f 5177/3824/4254 5176/3823/4257 5181/3824/4261
f 5177/3824/4254 5182/3827/4262 5180/3826/4255
f 5182/3827/4262 5177/3824/4254 5181/3824/4261
f 5174/3822/4258 5180/3826/4255 5183/3828/4263
f 5184/3829/4264 5180/3826/4255 5182/3827/4262
f 5180/3826/4255 5184/3829/4264 5183/3828/4263
f 5185/3830/4265 5181/3824/4261 5176/3823/4257
f 5176/3823/4257 5179/3295/4260 5185/3830/4265
f 5182/3827/4262 5186/3831/4266 5184/3829/4264
f 5181/3824/4261 5187/3832/4267 5182/3827/4262
f 5186/3831/4266 5182/3827/4262 5187/3832/4267
f 5181/3824/4261 5185/3830/4265 5188/3833/4268
f 5186/3831/4266 5189/3834/4269 5184/3829/4264
f 5189/3834/4269 5183/3828/4263 5184/3829/4264
f 5181/3824/4261 5188/3833/4268 5190/3835/4270
f 5187/3832/4267 5181/3824/4261 5190/3835/4270
f 5188/3833/4268 5112/3836/4201 5190/3835/4270
f 5112/3836/4201 5187/3832/4267 5190/3835/4270
f 5187/3832/4267 5112/3836/4201 5113/3837/4202
f 5187/3832/4267 5113/3837/4202 5191/3838/4271
f 5186/3831/4266 5187/3832/4267 5191/3838/4271
f 5108/3839/4197 5112/3836/4201 5188/3833/4268
f 5191/3838/4271 5192/3840/4272 5186/3831/4266
f 5193/3841/4273 5108/3839/4197 5188/3833/4268
f 5185/3830/4265 5193/3841/4273 5188/3833/4268
f 5108/3839/4197 5193/3841/4273 5105/3842/4195
f 5179/3295/4260 5193/3841/4273 5185/3830/4265
f 5193/3841/4273 5103/3843/4193 5105/3842/4195
f 5193/3841/4273 5179/3295/4260 5194/3844/4274
f 5103/3843/4193 5193/3841/4273 5194/3844/4274
f 5195/3845/4275 5103/3843/4193 5194/3844/4274
f 5195/3845/4275 5194/3844/4274 5179/3295/4260
f 5103/3843/4193 5195/3845/4275 5099/3846/4189
f 5195/3845/4275 5179/3295/4260 5196/3847/4276
f 5179/3295/4260 5178/3825/4250 5196/3847/4276
f 5197/3848/4275 5099/3846/4189 5195/3845/4275
f 5197/3848/4275 5195/3845/4275 5196/3847/4276
f 5099/3846/4189 5197/3848/4275 5067/3849/4157
f 5197/3848/4275 5062/3850/4152 5067/3849/4157
f 5196/3847/4276 5198/3851/678 5197/3848/4275
f 5178/3825/4250 5198/3851/678 5196/3847/4276
f 5062/3850/4152 5197/3848/4275 5199/3852/4277
f 5199/3852/4277 5197/3848/4275 5198/3851/678
f 5199/3852/4277 5060/3853/4150 5062/3850/4152
f 5178/3825/4250 5200/3854/4278 5198/3851/678
f 5060/3853/4150 5199/3852/4277 5201/3855/4279
f 5198/3851/678 5202/3856/4280 5199/3852/4277
f 5202/3856/4280 5201/3855/4279 5199/3852/4277
f 5200/3854/4278 5202/3856/4280 5198/3851/678
f 5201/3855/4279 5203/3857/4281 5060/3853/4150
f 5058/3858/4148 5060/3853/4150 5203/3857/4281
f 5058/3858/4148 5203/3857/4281 5204/3859/4282
f 5203/3857/4281 5205/3860/4283 5204/3859/4282
f 5201/3855/4279 5202/3856/4280 5206/3861/4284
f 5206/3861/4284 5203/3857/4281 5201/3855/4279
f 5203/3857/4281 5207/3862/4285 5205/3860/4283
f 5208/3863/4286 5205/3860/4283 5207/3862/4285
f 5203/3857/4281 5206/3861/4284 5209/3864/4287
f 5207/3862/4285 5203/3857/4281 5209/3864/4287
f 5210/3865/4288 5206/3861/4284 5202/3856/4280
f 5200/3854/4278 5210/3865/4288 5202/3856/4280
f 5207/3862/4285 5211/3863/4289 5208/3863/4286
f 5212/3866/4290 5208/3863/4286 5211/3863/4289
f 5211/3863/4289 5207/3862/4285 5213/3867/4291
f 5213/3867/4291 5207/3862/4285 5209/3864/4287
f 5211/3863/4289 5214/3866/4292 5212/3866/4290
f 5212/3866/4290 5214/3866/4292 5215/3866/4293
f 5211/3863/4289 5213/3867/4291 5216/3868/4294
f 5216/3868/4294 5214/3866/4292 5211/3863/4289
f 5214/3866/4292 5217/3869/4295 5215/3866/4293
f 5217/3869/4295 5218/3870/4296 5215/3866/4293
f 5214/3866/4292 5216/3868/4294 5219/3869/4297
f 5219/3869/4297 5217/3869/4295 5214/3866/4292
f 5216/3868/4294 5213/3867/4291 5220/3871/4298
f 5216/3868/4294 5221/3872/4299 5219/3869/4297
f 5221/3872/4299 5216/3868/4294 5220/3871/4298
f 5213/3867/4291 5222/3873/4300 5220/3871/4298
f 5222/3873/4300 5213/3867/4291 5209/3864/4287
f 5223/3874/4300 5221/3872/4299 5220/3871/4298
f 5223/3874/4300 5220/3871/4298 5222/3873/4300
f 5224/3875/4301 5222/3873/4300 5209/3864/4287
f 5224/3875/4301 5223/3874/4300 5222/3873/4300
f 5209/3864/4287 5206/3861/4284 5224/3875/4301
f 5206/3861/4284 5210/3865/4288 5224/3875/4301
f 5210/3865/4288 5225/3876/4302 5224/3875/4301
f 5223/3874/4300 5224/3875/4301 5225/3876/4302
f 5225/3876/4302 5210/3865/4288 5226/3877/4303
f 5210/3865/4288 5200/3854/4278 5226/3877/4303
f 5227/3878/4304 5223/3874/4300 5225/3876/4302
f 5228/3879/4305 5226/3877/4303 5200/3854/4278
f 5178/3825/4250 5228/3879/4305 5200/3854/4278
f 5228/3879/4305 5178/3825/4250 5166/3814/4250
f 5163/3711/1153 5228/3879/4305 5166/3814/4250
f 5163/3711/1153 5229/3880/4306 5228/3879/4305
f 5229/3880/4306 5226/3877/4303 5228/3879/4305
f 5163/3711/1153 5160/3809/4245 5229/3880/4306
f 5161/3810/4246 5229/3880/4306 5160/3809/4245
f 5226/3877/4303 5229/3880/4306 5230/3881/4307
f 5229/3880/4306 5161/3810/4246 5230/3881/4307
f 5230/3881/4307 5225/3876/4302 5226/3877/4303
f 5230/3881/4307 5227/3878/4304 5225/3876/4302
f 5231/3759/4308 5230/3881/4307 5161/3810/4246
f 5230/3881/4307 5231/3759/4308 5227/3878/4304
f 5161/3810/4246 5095/3759/4185 5231/3759/4308
f 5087/3753/4177 5231/3759/4308 5095/3759/4185
f 5231/3759/4308 5087/3753/4177 5232/3882/4309
f 5232/3882/4309 5227/3878/4304 5231/3759/4308
f 5088/3751/4178 5232/3882/4309 5087/3753/4177
f 5227/3878/4304 5232/3882/4309 5233/3883/4310
f 5223/3874/4300 5227/3878/4304 5233/3883/4310
f 5232/3882/4309 5088/3751/4178 5234/3751/4311
f 5233/3883/4310 5235/3872/4312 5223/3874/4300
f 5235/3872/4312 5221/3872/4299 5223/3874/4300
f 5235/3872/4312 5219/3869/4297 5221/3872/4299
f 5232/3882/4309 5236/3884/4313 5233/3883/4310
f 5234/3751/4311 5236/3884/4313 5232/3882/4309
f 5235/3872/4312 5233/3883/4310 5237/3872/4314
f 5237/3872/4314 5233/3883/4310 5236/3884/4313
f 5219/3869/4297 5235/3872/4312 5238/3885/4315
f 5217/3869/4295 5219/3869/4297 5238/3885/4315
f 5239/3885/4316 5235/3872/4312 5237/3872/4314
f 5235/3872/4312 5239/3885/4316 5238/3885/4315
f 5240/3886/4317 5237/3872/4314 5236/3884/4313
f 5237/3872/4314 5240/3886/4317 5239/3885/4316
f 5234/3751/4311 5240/3886/4317 5236/3884/4313
f 5241/3885/4318 5238/3885/4315 5239/3885/4316
f 5238/3885/4315 5241/3885/4318 5217/3869/4295
f 5240/3886/4317 5241/3885/4318 5239/3885/4316
f 5218/3870/4296 5217/3869/4295 5241/3885/4318
f 5240/3886/4317 5234/3751/4311 5242/3749/4319
f 5088/3751/4178 5242/3749/4319 5234/3751/4311
f 5242/3749/4319 5088/3751/4178 5083/3749/4173
f 5083/3749/4173 5081/3749/4171 5242/3749/4319
f 5241/3885/4318 5240/3886/4317 5243/3887/4320
f 5242/3749/4319 5243/3887/4320 5240/3886/4317
f 5243/3887/4320 5218/3870/4296 5241/3885/4318
f 5243/3887/4320 5242/3749/4319 5081/3749/4171
f 5218/3870/4296 5243/3887/4320 5244/3887/4321
f 5082/3750/4172 5243/3887/4320 5081/3749/4171
f 5243/3887/4320 5082/3750/4172 5244/3887/4321
f 5192/3840/4272 5245/3888/4322 5186/3831/4266
f 5192/3840/4272 5246/3889/4323 5245/3888/4322
f 5186/3831/4266 5245/3888/4322 5189/3834/4269
f 5247/3888/4324 5245/3888/4322 5246/3889/4323
f 5246/3889/4323 5248/3890/4325 5247/3888/4324
f 5249/3890/4326 5247/3888/4324 5248/3890/4325
f 5245/3888/4322 5250/3891/4327 5189/3834/4269
f 5247/3888/4324 5249/3890/4326 5251/3892/4328
f 5245/3888/4322 5252/3893/4329 5250/3891/4327
f 5252/3893/4329 5245/3888/4322 5247/3888/4324
f 5250/3891/4327 5253/3894/4330 5189/3834/4269
f 5183/3828/4263 5189/3834/4269 5253/3894/4330
f 5252/3893/4329 5254/3891/4331 5250/3891/4327
f 5253/3894/4330 5250/3891/4327 5254/3891/4331
f 5247/3888/4324 5255/3895/4332 5252/3893/4329
f 5254/3891/4331 5252/3893/4329 5255/3895/4332
f 5255/3895/4332 5247/3888/4324 5251/3892/4328
f 5256/3896/4333 5183/3828/4263 5253/3894/4330
f 5254/3891/4331 5256/3896/4333 5253/3894/4330
f 5183/3828/4263 5256/3896/4333 5174/3822/4258
f 5256/3896/4333 5172/3820/4256 5174/3822/4258
f 5254/3891/4331 5255/3895/4332 5257/3897/4334
f 5257/3897/4334 5256/3896/4333 5254/3891/4331
f 5258/3892/4335 5255/3895/4332 5251/3892/4328
f 5258/3892/4335 5251/3892/4328 5249/3890/4326
f 5249/3890/4326 5259/3892/4336 5258/3892/4335
f 5260/3898/4337 5258/3892/4335 5259/3892/4336
f 5261/3899/4338 5257/3897/4334 5255/3895/4332
f 5258/3892/4335 5261/3899/4338 5255/3895/4332
f 5258/3892/4335 5260/3898/4337 5262/3900/4339
f 5262/3900/4339 5261/3899/4338 5258/3892/4335
f 5263/3901/4340 5262/3900/4339 5260/3898/4337
f 5257/3897/4334 5261/3899/4338 5264/3897/4331
f 5264/3897/4331 5256/3896/4333 5257/3897/4334
f 5262/3900/4339 5265/3899/4341 5261/3899/4338
f 5265/3899/4341 5264/3897/4331 5261/3899/4338
f 5262/3900/4339 5263/3901/4340 5266/3901/4342
f 5267/3902/4343 5266/3901/4342 5263/3901/4340
f 5268/3903/4344 5265/3899/4341 5262/3900/4339
f 5262/3900/4339 5266/3901/4342 5268/3903/4344
f 5265/3899/4341 5269/3904/4345 5264/3897/4331
f 5268/3903/4344 5269/3904/4345 5265/3899/4341
f 5264/3897/4331 5270/3905/4346 5256/3896/4333
f 5270/3905/4346 5264/3897/4331 5269/3904/4345
f 5172/3820/4256 5256/3896/4333 5270/3905/4346
f 5271/3903/4347 5270/3905/4346 5269/3904/4345
f 5271/3903/4347 5269/3904/4345 5268/3903/4344
f 5272/3793/4348 5172/3820/4256 5270/3905/4346
f 5271/3903/4347 5272/3793/4348 5270/3905/4346
f 5144/3795/4230 5172/3820/4256 5272/3793/4348
f 5139/3793/4224 5144/3795/4230 5272/3793/4348
f 5272/3793/4348 5271/3903/4347 5273/3906/4349
f 5273/3906/4349 5271/3903/4347 5268/3903/4344
f 5272/3793/4348 5274/3791/4350 5139/3793/4224
f 5274/3791/4350 5272/3793/4348 5273/3906/4349
f 5274/3791/4350 5137/3791/4225 5139/3793/4224
f 5268/3903/4344 5275/3906/4351 5273/3906/4349
f 5275/3906/4351 5274/3791/4350 5273/3906/4349
f 5276/3791/4352 5137/3791/4225 5274/3791/4350
f 5274/3791/4350 5275/3906/4351 5276/3791/4352
f 5137/3791/4225 5276/3791/4352 5132/3787/4220
f 5132/3787/4220 5276/3791/4352 5130/3786/4218
f 5268/3903/4344 5277/3907/4353 5275/3906/4351
f 5277/3907/4353 5276/3791/4352 5275/3906/4351
f 5276/3791/4352 5277/3907/4353 5130/3786/4218
f 5277/3907/4353 5268/3903/4344 5266/3901/4342
f 5266/3901/4342 5267/3902/4343 5277/3907/4353
f 5277/3907/4353 5131/3786/4219 5130/3786/4218
f 5131/3786/4219 5277/3907/4353 5267/3902/4343
f 5278/3908/4354 5279/3909/4355 5280/3910/4356
f 5280/3910/4356 5279/3909/4355 5281/3911/4357
f 5279/3909/4355 5278/3908/4354 5282/3912/4358
f 5283/3913/2338 5282/3912/4358 5278/3908/4354
f 5279/3909/4355 5284/3914/4359 5281/3911/4357
f 5279/3909/4355 5282/3912/4358 5284/3914/4359
f 5282/3912/4358 5283/3913/2338 5285/3915/4360
f 5281/3911/4357 5284/3914/4359 5286/3916/4361
f 5281/3911/4357 5286/3916/4361 5287/3917/4362
f 5284/3914/4359 5282/3912/4358 5288/3918/4363
f 5285/3915/4360 5288/3918/4363 5282/3912/4358
f 5286/3916/4361 5289/3919/4364 5287/3917/4362
f 5290/3920/4365 5287/3917/4362 5289/3919/4364
f 5283/3913/2338 5291/3921/4366 5285/3915/4360
f 5291/3921/4366 5283/3913/2338 5292/3922/4367
f 5290/3920/4365 5289/3919/4364 5293/3923/4368
f 5294/3924/4369 5290/3920/4365 5293/3923/4368
f 5292/3922/4367 5295/3925/4370 5291/3921/4366
f 5295/3925/4370 5292/3922/4367 5296/3926/4371
f 5294/3924/4369 5293/3923/4368 5297/3927/4372
f 5298/3928/4373 5294/3924/4369 5297/3927/4372
f 5296/3926/4371 5299/3929/4374 5295/3925/4370
f 5299/3929/4374 5296/3926/4371 5300/3930/4375
f 5297/3927/4372 5301/3931/1724 5298/3928/4373
f 5302/3932/4376 5298/3928/4373 5301/3931/1724
f 5293/3923/4368 5303/3933/4377 5297/3927/4372
f 5303/3933/4377 5301/3931/1724 5297/3927/4372
f 5301/3931/1724 5304/3934/4378 5302/3932/4376
f 5305/3935/4379 5302/3932/4376 5304/3934/4378
f 5304/3934/4378 5306/3936/4380 5305/3935/4379
f 5301/3931/1724 5303/3933/4377 5307/3937/4381
f 5307/3937/4381 5304/3934/4378 5301/3931/1724
f 5303/3933/4377 5293/3923/4368 5308/3938/4382
f 5293/3923/4368 5289/3919/4364 5308/3938/4382
f 5307/3937/4381 5303/3933/4377 5309/3939/4383
f 5308/3938/4382 5309/3939/4383 5303/3933/4377
f 5308/3938/4382 5289/3919/4364 5310/3940/4384
f 5289/3919/4364 5286/3916/4361 5310/3940/4384
f 5309/3939/4383 5308/3938/4382 5311/3941/4385
f 5310/3940/4384 5311/3941/4385 5308/3938/4382
f 5310/3940/4384 5286/3916/4361 5312/3942/4386
f 5284/3914/4359 5312/3942/4386 5286/3916/4361
f 5311/3941/4385 5310/3940/4384 5313/3943/4387
f 5310/3940/4384 5312/3942/4386 5313/3943/4387
f 5311/3941/4385 5314/3939/4388 5309/3939/4383
f 5314/3939/4388 5311/3941/4385 5315/3941/4389
f 5311/3941/4385 5313/3943/4387 5315/3941/4389
f 5316/3944/4390 5309/3939/4383 5314/3939/4388
f 5317/3945/4391 5315/3941/4389 5313/3943/4387
f 5313/3943/4387 5318/3946/4392 5317/3945/4391
f 5312/3942/4386 5318/3946/4392 5313/3943/4387
f 5309/3939/4383 5316/3944/4390 5319/3947/4393
f 5307/3937/4381 5309/3939/4383 5319/3947/4393
f 5320/3948/4394 5319/3947/4393 5316/3944/4390
f 5321/3949/4395 5318/3946/4392 5312/3942/4386
f 5312/3942/4386 5284/3914/4359 5321/3949/4395
f 5318/3946/4392 5321/3949/4395 5322/3950/4396
f 5284/3914/4359 5288/3918/4363 5321/3949/4395
f 5321/3949/4395 5323/3951/4397 5322/3950/4396
f 5321/3949/4395 5288/3918/4363 5323/3951/4397
f 5322/3950/4396 5323/3951/4397 5324/3952/4398
f 5325/3953/4399 5323/3951/4397 5288/3918/4363
f 5288/3918/4363 5285/3915/4360 5325/3953/4399
f 5291/3921/4366 5325/3953/4399 5285/3915/4360
f 5323/3951/4397 5326/3954/4400 5324/3952/4398
f 5323/3951/4397 5325/3953/4399 5326/3954/4400
f 5324/3952/4398 5326/3954/4400 5327/3955/4401
f 5325/3953/4399 5291/3921/4366 5328/3956/4402
f 5328/3956/4402 5326/3954/4400 5325/3953/4399
f 5291/3921/4366 5295/3925/4370 5328/3956/4402
f 5326/3954/4400 5329/3957/4403 5327/3955/4401
f 5326/3954/4400 5328/3956/4402 5329/3957/4403
f 5327/3955/4401 5329/3957/4403 5330/3958/4404
f 5331/3959/4405 5328/3956/4402 5295/3925/4370
f 5328/3956/4402 5331/3959/4405 5329/3957/4403
f 5299/3929/4374 5331/3959/4405 5295/3925/4370
f 5329/3957/4403 5332/3960/4406 5330/3958/4404
f 5332/3960/4406 5329/3957/4403 5331/3959/4405
f 5330/3958/4404 5332/3960/4406 5333/3961/4407
f 5331/3959/4405 5299/3929/4374 5334/3962/4408
f 5334/3962/4408 5332/3960/4406 5331/3959/4405
f 5333/3961/4407 5332/3960/4406 5335/3963/4409
f 5332/3960/4406 5334/3962/4408 5335/3963/4409
f 5333/3961/4407 5335/3963/4409 5336/3964/4410
f 5334/3962/4408 5299/3929/4374 5337/3965/4411
f 5300/3930/4375 5337/3965/4411 5299/3929/4374
f 5337/3965/4411 5300/3930/4375 5338/3966/4412
f 5338/3966/4412 5339/3967/4413 5337/3965/4411
f 5335/3963/4409 5334/3962/4408 5340/3968/4414
f 5340/3968/4414 5334/3962/4408 5337/3965/4411
f 5336/3964/4410 5335/3963/4409 5341/3969/4415
f 5341/3969/4415 5335/3963/4409 5340/3968/4414
f 5336/3964/4410 5341/3969/4415 5342/3970/4416
f 5339/3967/4413 5343/3971/4417 5337/3965/4411
f 5343/3971/4417 5340/3968/4414 5337/3965/4411
f 5339/3967/4413 5344/3972/4418 5343/3971/4417
f 5345/3973/4419 5341/3969/4415 5340/3968/4414
f 5345/3973/4419 5340/3968/4414 5343/3971/4417
f 5341/3969/4415 5346/3974/4420 5342/3970/4416
f 5346/3974/4420 5341/3969/4415 5345/3973/4419
f 5347/3975/4421 5342/3970/4416 5346/3974/4420
f 5343/3971/4417 5348/3976/4422 5345/3973/4419
f 5348/3976/4422 5346/3974/4420 5345/3973/4419
f 5344/3972/4418 5349/3977/4423 5343/3971/4417
f 5348/3976/4422 5343/3971/4417 5349/3977/4423
f 5350/3978/4424 5349/3977/4423 5344/3972/4418
f 5351/3979/4425 5347/3975/4421 5346/3974/4420
f 5346/3974/4420 5348/3976/4422 5351/3979/4425
f 5347/3975/4421 5351/3979/4425 5352/3980/95
f 5351/3979/4425 5353/3981/2095 5352/3980/95
f 5354/3982/4426 5348/3976/4422 5349/3977/4423
f 5349/3977/4423 5350/3978/4424 5354/3982/4426
f 5355/3983/4427 5351/3979/4425 5348/3976/4422
f 5348/3976/4422 5354/3982/4426 5355/3983/4427
f 5353/3981/2095 5351/3979/4425 5356/3984/4428
f 5351/3979/4425 5355/3983/4427 5356/3984/4428
f 5350/3978/4424 5357/3985/4429 5354/3982/4426
f 5357/3985/4429 5355/3983/4427 5354/3982/4426
f 5357/3985/4429 5350/3978/4424 5358/3986/4430
f 5359/3987/4431 5356/3984/4428 5355/3983/4427
f 5355/3983/4427 5357/3985/4429 5359/3987/4431
f 5360/3988/4432 5353/3981/2095 5356/3984/4428
f 5356/3984/4428 5359/3987/4431 5360/3988/4432
f 5353/3981/2095 5360/3988/4432 5361/3989/4433
f 5358/3986/4430 5362/3990/4434 5357/3985/4429
f 5362/3990/4434 5359/3987/4431 5357/3985/4429
f 5362/3990/4434 5358/3986/4430 5363/3991/4435
f 5364/3992/4436 5360/3988/4432 5359/3987/4431
f 5359/3987/4431 5362/3990/4434 5364/3992/4436
f 5365/3993/4437 5361/3989/4433 5360/3988/4432
f 5360/3988/4432 5364/3992/4436 5365/3993/4437
f 5361/3989/4433 5365/3993/4437 5366/3994/4438
f 5367/3995/4439 5366/3994/4438 5365/3993/4437
f 5364/3992/4436 5367/3995/4439 5365/3993/4437
f 5368/3996/4440 5366/3994/4438 5367/3995/4439
f 5362/3990/4434 5369/3997/4441 5364/3992/4436
f 5367/3995/4439 5364/3992/4436 5369/3997/4441
f 5370/3998/4442 5368/3996/4440 5367/3995/4439
f 5369/3997/4441 5370/3998/4442 5367/3995/4439
f 5368/3996/4440 5370/3998/4442 5371/3999/4443
f 5369/3997/4441 5362/3990/4434 5372/4000/4444
f 5363/3991/4435 5372/4000/4444 5362/3990/4434
f 5372/4000/4444 5363/3991/4435 5373/4001/4445
f 5370/3998/4442 5369/3997/4441 5374/4002/4446
f 5372/4000/4444 5374/4002/4446 5369/3997/4441
f 5375/4003/4447 5371/3999/4443 5370/3998/4442
f 5375/4003/4447 5370/3998/4442 5374/4002/4446
f 5371/3999/4443 5375/4003/4447 5376/4004/4448
f 5373/4001/4445 5377/4005/4449 5372/4000/4444
f 5374/4002/4446 5372/4000/4444 5377/4005/4449
f 5377/4005/4449 5373/4001/4445 5378/4006/4450
f 5375/4003/4447 5374/4002/4446 5379/4007/4451
f 5379/4007/4451 5374/4002/4446 5377/4005/4449
f 5380/4008/4452 5376/4004/4448 5375/4003/4447
f 5380/4008/4452 5375/4003/4447 5379/4007/4451
f 5376/4004/4448 5380/4008/4452 5381/4009/4453
f 5378/4006/4450 5382/4010/4454 5377/4005/4449
f 5379/4007/4451 5377/4005/4449 5382/4010/4454
f 5382/4010/4454 5378/4006/4450 5383/4011/4455
f 5383/4011/4455 5384/4012/4456 5382/4010/4454
f 5384/4012/4456 5379/4007/4451 5382/4010/4454
f 5384/4012/4456 5383/4011/4455 5385/4013/4457
f 5380/4008/4452 5379/4007/4451 5386/4014/4458
f 5379/4007/4451 5384/4012/4456 5386/4014/4458
f 5387/4015/4459 5381/4009/4453 5380/4008/4452
f 5387/4015/4459 5380/4008/4452 5386/4014/4458
f 5381/4009/4453 5387/4015/4459 5388/4016/4460
f 5389/4017/4461 5388/4016/4460 5387/4015/4459
f 5390/4018/4462 5386/4014/4458 5384/4012/4456
f 5387/4015/4459 5386/4014/4458 5390/4018/4462
f 5385/4013/4457 5391/4019/4463 5384/4012/4456
f 5390/4018/4462 5384/4012/4456 5391/4019/4463
f 5391/4019/4463 5385/4013/4457 5392/4020/4464
f 5387/4015/4459 5393/4021/4465 5389/4017/4461
f 5393/4021/4465 5387/4015/4459 5390/4018/4462
f 5394/4022/4466 5389/4017/4461 5393/4021/4465
f 5395/4023/4467 5390/4018/4462 5391/4019/4463
f 5393/4021/4465 5390/4018/4462 5395/4023/4467
f 5392/4020/4464 5396/4024/4468 5391/4019/4463
f 5395/4023/4467 5391/4019/4463 5396/4024/4468
f 5396/4024/4468 5392/4020/4464 5397/4025/4469
f 5397/4025/4469 5398/4026/4470 5396/4024/4468
f 5398/4026/4470 5395/4023/4467 5396/4024/4468
f 5398/4026/4470 5397/4025/4469 5399/4027/4471
f 5400/4028/4472 5393/4021/4465 5395/4023/4467
f 5395/4023/4467 5398/4026/4470 5400/4028/4472
f 5399/4027/4471 5401/4029/4473 5398/4026/4470
f 5401/4029/4473 5400/4028/4472 5398/4026/4470
f 5401/4029/4473 5399/4027/4471 5402/4030/4474
f 5403/4031/4475 5401/4029/4473 5402/4030/4474
f 5393/4021/4465 5400/4028/4472 5404/4032/4476
f 5393/4021/4465 5404/4032/4476 5394/4022/4466
f 5400/4028/4472 5401/4029/4473 5405/4033/4477
f 5405/4033/4477 5404/4032/4476 5400/4028/4472
f 5401/4029/4473 5403/4031/4475 5406/4034/4478
f 5406/4034/4478 5405/4033/4477 5401/4029/4473
f 5403/4031/4475 5407/4035/4479 5406/4034/4478
f 5408/4036/4480 5394/4022/4466 5404/4032/4476
f 5404/4032/4476 5405/4033/4477 5408/4036/4480
f 5394/4022/4466 5408/4036/4480 5409/4037/4481
f 5405/4033/4477 5406/4034/4478 5410/4038/4482
f 5410/4038/4482 5408/4036/4480 5405/4033/4477
f 5406/4034/4478 5407/4035/4479 5411/4039/4483
f 5411/4039/4483 5410/4038/4482 5406/4034/4478
f 5407/4035/4479 5412/4040/4484 5411/4039/4483
f 5408/4036/4480 5413/4041/4485 5409/4037/4481
f 5408/4036/4480 5410/4038/4482 5413/4041/4485
f 5414/4042/4486 5409/4037/4481 5413/4041/4485
f 5410/4038/4482 5411/4039/4483 5415/4043/4487
f 5415/4043/4487 5413/4041/4485 5410/4038/4482
f 5411/4039/4483 5412/4040/4484 5416/4044/4488
f 5416/4044/4488 5415/4043/4487 5411/4039/4483
f 5412/4040/4484 5417/4045/4489 5416/4044/4488
f 5413/4041/4485 5418/4046/4490 5414/4042/4486
f 5413/4041/4485 5415/4043/4487 5418/4046/4490
f 5419/4047/4491 5414/4042/4486 5418/4046/4490
f 5420/4048/4492 5419/4047/4491 5418/4046/4490
f 5415/4043/4487 5421/4049/4493 5418/4046/4490
f 5415/4043/4487 5416/4044/4488 5421/4049/4493
f 5418/4046/4490 5422/4050/4494 5420/4048/4492
f 5422/4050/4494 5418/4046/4490 5421/4049/4493
f 5422/4050/4494 5423/4051/4495 5420/4048/4492
f 5424/4052/4496 5421/4049/4493 5416/4044/4488
f 5424/4052/4496 5422/4050/4494 5421/4049/4493
f 5423/4051/4495 5422/4050/4494 5425/4053/4497
f 5422/4050/4494 5424/4052/4496 5425/4053/4497
f 5425/4053/4497 5426/4054/4498 5423/4051/4495
f 5424/4052/4496 5416/4044/4488 5427/4055/4499
f 5416/4044/4488 5417/4045/4489 5427/4055/4499
f 5424/4052/4496 5428/4056/4500 5425/4053/4497
f 5427/4055/4499 5428/4056/4500 5424/4052/4496
f 5426/4054/4498 5425/4053/4497 5429/4057/4501
f 5429/4057/4501 5425/4053/4497 5428/4056/4500
f 5429/4057/4501 5430/4058/4502 5426/4054/4498
f 5417/4045/4489 5431/4059/4503 5427/4055/4499
f 5428/4056/4500 5427/4055/4499 5431/4059/4503
f 5431/4059/4503 5417/4045/4489 5432/4060/4504
f 5429/4057/4501 5428/4056/4500 5433/4061/4505
f 5431/4059/4503 5433/4061/4505 5428/4056/4500
f 5432/4060/4504 5434/4062/4506 5431/4059/4503
f 5433/4061/4505 5431/4059/4503 5434/4062/4506
f 5434/4062/4506 5432/4060/4504 5435/4063/4507
f 5436/4064/4508 5429/4057/4501 5433/4061/4505
f 5430/4058/4502 5429/4057/4501 5436/4064/4508
f 5437/4065/4509 5433/4061/4505 5434/4062/4506
f 5436/4064/4508 5438/4066/4510 5430/4058/4502
f 5438/4066/4510 5439/4066/4511 5430/4058/4502
f 5438/4066/4510 5440/4067/4512 5439/4066/4511
f 5441/4068/4513 5436/4064/4508 5433/4061/4505
f 5438/4066/4510 5436/4064/4508 5441/4068/4513
f 5441/4068/4513 5433/4061/4505 5437/4065/4509
f 5440/4067/4512 5438/4066/4510 5442/4067/4514
f 5441/4068/4513 5442/4067/4514 5438/4066/4510
f 5442/4067/4514 5443/4069/4515 5440/4067/4512
f 5441/4068/4513 5437/4065/4509 5444/4070/4516
f 5443/4069/4515 5442/4067/4514 5445/4071/4517
f 5445/4071/4517 5446/4072/4518 5443/4069/4515
f 5442/4067/4514 5441/4068/4513 5447/4073/4519
f 5447/4073/4519 5445/4071/4517 5442/4067/4514
f 5444/4070/4516 5447/4073/4519 5441/4068/4513
f 5445/4071/4517 5448/4072/4520 5446/4072/4518
f 5449/4074/4521 5446/4072/4518 5448/4072/4520
f 5445/4071/4517 5447/4073/4519 5450/4075/4522
f 5448/4072/4520 5445/4071/4517 5450/4075/4522
f 5451/4076/4523 5447/4073/4519 5444/4070/4516
f 5450/4075/4522 5447/4073/4519 5451/4076/4523
f 5452/4065/4524 5444/4070/4516 5437/4065/4509
f 5437/4065/4509 5434/4062/4506 5452/4065/4524
f 5452/4065/4524 5434/4062/4506 5435/4063/4507
f 5452/4065/4524 5435/4063/4507 5453/4077/4525
f 5452/4065/4524 5453/4077/4525 5454/4078/4526
f 5444/4070/4516 5452/4065/4524 5455/4079/4527
f 5455/4079/4527 5452/4065/4524 5454/4078/4526
f 5455/4079/4527 5451/4076/4523 5444/4070/4516
f 5455/4079/4527 5454/4078/4526 5456/4080/4528
f 5457/4081/4529 5455/4079/4527 5456/4080/4528
f 5451/4076/4523 5455/4079/4527 5457/4081/4529
f 5457/4081/4529 5456/4080/4528 5458/4082/4530
f 5457/4081/4529 5459/4083/4531 5451/4076/4523
f 5459/4083/4531 5450/4075/4522 5451/4076/4523
f 5460/4084/4532 5457/4081/4529 5458/4082/4530
f 5459/4083/4531 5457/4081/4529 5460/4084/4532
f 5461/4085/4533 5460/4084/4532 5458/4082/4530
f 5450/4075/4522 5459/4083/4531 5462/4086/4534
f 5450/4075/4522 5462/4086/4534 5448/4072/4520
f 5460/4084/4532 5461/4085/4533 5463/4087/4535
f 5464/4088/4536 5463/4087/4535 5461/4085/4533
f 5460/4084/4532 5465/4089/4537 5459/4083/4531
f 5465/4089/4537 5460/4084/4532 5463/4087/4535
f 5459/4083/4531 5466/4090/4538 5462/4086/4534
f 5459/4083/4531 5465/4089/4537 5466/4090/4538
f 5466/4090/4538 5448/4072/4520 5462/4086/4534
f 5463/4087/4535 5467/4091/4539 5465/4089/4537
f 5467/4091/4539 5466/4090/4538 5465/4089/4537
f 5463/4087/4535 5464/4088/4536 5468/4092/4540
f 5467/4091/4539 5463/4087/4535 5468/4092/4540
f 5469/4093/4541 5468/4092/4540 5464/4088/4536
f 5448/4072/4520 5466/4090/4538 5470/4074/4542
f 5448/4072/4520 5470/4074/4542 5449/4074/4521
f 5468/4092/4540 5469/4093/4541 5471/4094/4543
f 5469/4093/4541 5472/4095/4544 5471/4094/4543
f 5468/4092/4540 5473/4096/4545 5467/4091/4539
f 5473/4096/4545 5468/4092/4540 5471/4094/4543
f 5466/4090/4538 5467/4091/4539 5474/4097/4546
f 5467/4091/4539 5473/4096/4545 5474/4097/4546
f 5474/4097/4546 5470/4074/4542 5466/4090/4538
f 5475/4098/4547 5449/4074/4521 5470/4074/4542
f 5470/4074/4542 5474/4097/4546 5475/4098/4547
f 5449/4074/4521 5475/4098/4547 5476/4099/4548
f 5473/4096/4545 5477/4100/4549 5474/4097/4546
f 5474/4097/4546 5477/4100/4549 5475/4098/4547
f 5478/4101/4550 5476/4099/4548 5475/4098/4547
f 5476/4099/4548 5478/4101/4550 5479/4101/4551
f 5477/4100/4549 5480/4102/4552 5475/4098/4547
f 5478/4101/4550 5475/4098/4547 5480/4102/4552
f 5481/4103/4553 5477/4100/4549 5473/4096/4545
f 5477/4100/4549 5481/4103/4553 5480/4102/4552
f 5471/4094/4543 5481/4103/4553 5473/4096/4545
f 5482/4104/4554 5479/4101/4551 5478/4101/4550
f 5478/4101/4550 5480/4102/4552 5482/4104/4554
f 5479/4101/4551 5482/4104/4554 5483/4104/4555
f 5481/4103/4553 5484/4105/4556 5480/4102/4552
f 5480/4102/4552 5484/4105/4556 5482/4104/4554
f 5481/4103/4553 5471/4094/4543 5485/4106/4557
f 5471/4094/4543 5472/4095/4544 5485/4106/4557
f 5472/4095/4544 5486/4107/4558 5485/4106/4557
f 5484/4105/4556 5481/4103/4553 5487/4108/4559
f 5485/4106/4557 5487/4108/4559 5481/4103/4553
f 5485/4106/4557 5486/4107/4558 5488/4109/4560
f 5487/4108/4559 5485/4106/4557 5488/4109/4560
f 5489/4110/4561 5488/4109/4560 5486/4107/4558
f 5487/4108/4559 5490/4111/4562 5484/4105/4556
f 5482/4104/4554 5484/4105/4556 5490/4111/4562
f 5488/4109/4560 5491/4112/4563 5487/4108/4559
f 5490/4111/4562 5487/4108/4559 5491/4112/4563
f 5488/4109/4560 5489/4110/4561 5492/4113/4564
f 5491/4112/4563 5488/4109/4560 5492/4113/4564
f 5492/4113/4564 5489/4110/4561 5493/4114/4565
f 5494/4115/4566 5491/4112/4563 5492/4113/4564
f 5492/4113/4564 5493/4114/4565 5494/4115/4566
f 5494/4115/4566 5490/4111/4562 5491/4112/4563
f 5493/4114/4565 5495/4116/4567 5494/4115/4566
f 5495/4116/4567 5493/4114/4565 5496/4117/4568
f 5490/4111/4562 5494/4115/4566 5497/4118/4569
f 5495/4116/4567 5497/4118/4569 5494/4115/4566
f 5497/4118/4569 5482/4104/4554 5490/4111/4562
f 5498/4119/4570 5495/4116/4567 5496/4117/4568
f 5496/4117/4568 5499/4120/4571 5498/4119/4570
f 5497/4118/4569 5495/4116/4567 5500/4121/4572
f 5498/4119/4570 5500/4121/4572 5495/4116/4567
f 5482/4104/4554 5497/4118/4569 5501/4122/4573
f 5500/4121/4572 5501/4122/4573 5497/4118/4569
f 5501/4122/4573 5483/4104/4555 5482/4104/4554
f 5483/4104/4555 5501/4122/4573 5502/4123/4574
f 5503/4124/4575 5502/4123/4574 5501/4122/4573
f 5501/4122/4573 5504/4125/4576 5503/4124/4575
f 5501/4122/4573 5500/4121/4572 5504/4125/4576
f 5505/4126/4577 5503/4124/4575 5504/4125/4576
f 5506/4127/4578 5504/4125/4576 5500/4121/4572
f 5500/4121/4572 5498/4119/4570 5506/4127/4578
f 5504/4125/4576 5507/4128/4579 5505/4126/4577
f 5504/4125/4576 5506/4127/4578 5507/4128/4579
f 5508/4129/4580 5505/4126/4577 5507/4128/4579
f 5509/4130/4581 5506/4127/4578 5498/4119/4570
f 5509/4130/4581 5498/4119/4570 5499/4120/4571
f 5499/4120/4571 5510/4131/4582 5509/4130/4581
f 5511/4132/4583 5507/4128/4579 5506/4127/4578
f 5506/4127/4578 5509/4130/4581 5511/4132/4583
f 5507/4128/4579 5512/4133/4584 5508/4129/4580
f 5507/4128/4579 5511/4132/4583 5512/4133/4584
f 5513/4134/4585 5508/4129/4580 5512/4133/4584
f 5510/4131/4582 5514/4135/4586 5509/4130/4581
f 5514/4135/4586 5511/4132/4583 5509/4130/4581
f 5514/4135/4586 5510/4131/4582 5515/4136/4587
f 5516/4137/4588 5512/4133/4584 5511/4132/4583
f 5511/4132/4583 5514/4135/4586 5516/4137/4588
f 5512/4133/4584 5517/4138/4589 5513/4134/4585
f 5512/4133/4584 5516/4137/4588 5517/4138/4589
f 5518/4139/4590 5513/4134/4585 5517/4138/4589
f 5519/4140/4591 5514/4135/4586 5515/4136/4587
f 5519/4140/4591 5516/4137/4588 5514/4135/4586
f 5515/4136/4587 5520/4141/4592 5519/4140/4591
f 5521/4142/4593 5517/4138/4589 5516/4137/4588
f 5516/4137/4588 5519/4140/4591 5521/4142/4593
f 5517/4138/4589 5522/4143/4594 5518/4139/4590
f 5517/4138/4589 5521/4142/4593 5522/4143/4594
f 5523/4144/4595 5518/4139/4590 5522/4143/4594
f 5524/4145/4596 5519/4140/4591 5520/4141/4592
f 5524/4145/4596 5521/4142/4593 5519/4140/4591
f 5524/4145/4596 5520/4141/4592 5525/4146/4597
f 5526/4147/4598 5522/4143/4594 5521/4142/4593
f 5521/4142/4593 5524/4145/4596 5526/4147/4598
f 5522/4143/4594 5527/4148/4599 5523/4144/4595
f 5522/4143/4594 5526/4147/4598 5527/4148/4599
f 5528/4149/4600 5523/4144/4595 5527/4148/4599
f 5529/4150/4601 5524/4145/4596 5525/4146/4597
f 5529/4150/4601 5526/4147/4598 5524/4145/4596
f 5525/4146/4597 5530/4151/4602 5529/4150/4601
f 5531/4152/4603 5527/4148/4599 5526/4147/4598
f 5526/4147/4598 5529/4150/4601 5531/4152/4603
f 5527/4148/4599 5532/4153/4604 5528/4149/4600
f 5527/4148/4599 5531/4152/4603 5532/4153/4604
f 5533/4154/1610 5528/4149/4600 5532/4153/4604
f 5529/4150/4601 5534/4155/4605 5531/4152/4603
f 5534/4155/4605 5532/4153/4604 5531/4152/4603
f 5532/4153/4604 5535/4156/4606 5533/4154/1610
f 5532/4153/4604 5534/4155/4605 5535/4156/4606
f 5536/4157/1611 5533/4154/1610 5535/4156/4606
f 5535/4156/4606 5537/4158/4607 5536/4157/1611
f 5534/4155/4605 5537/4158/4607 5535/4156/4606
f 5538/4159/4608 5536/4157/1611 5537/4158/4607
f 5534/4155/4605 5529/4150/4601 5539/4160/4609
f 5539/4160/4609 5529/4150/4601 5530/4151/4602
f 5539/4160/4609 5530/4151/4602 5540/4161/4610
f 5537/4158/4607 5534/4155/4605 5541/4162/4611
f 5539/4160/4609 5541/4162/4611 5534/4155/4605
f 5537/4158/4607 5542/4163/4612 5538/4159/4608
f 5541/4162/4611 5542/4163/4612 5537/4158/4607
f 5543/4164/4613 5538/4159/4608 5542/4163/4612
f 5540/4161/4610 5544/4165/4614 5539/4160/4609
f 5541/4162/4611 5539/4160/4609 5544/4165/4614
f 5544/4165/4614 5540/4161/4610 5545/4166/4615
f 5544/4165/4614 5546/4167/4616 5541/4162/4611
f 5542/4163/4612 5541/4162/4611 5546/4167/4616
f 5547/4168/4617 5544/4165/4614 5545/4166/4615
f 5546/4167/4616 5544/4165/4614 5547/4168/4617
f 5547/4168/4617 5545/4166/4615 5548/4169/4618
f 5549/4170/4619 5542/4163/4612 5546/4167/4616
f 5547/4168/4617 5549/4170/4619 5546/4167/4616
f 5542/4163/4612 5550/4164/4620 5543/4164/4613
f 5542/4163/4612 5549/4170/4619 5550/4164/4620
f 5551/4171/1615 5543/4164/4613 5550/4164/4620
f 5552/4172/3369 5547/4168/4617 5548/4169/4618
f 5549/4170/4619 5547/4168/4617 5552/4172/3369
f 5552/4172/3369 5548/4169/4618 5553/4173/4621
f 5554/4174/4622 5550/4164/4620 5549/4170/4619
f 5552/4172/3369 5554/4174/4622 5549/4170/4619
f 5550/4164/4620 5555/4175/4623 5551/4171/1615
f 5550/4164/4620 5554/4174/4622 5555/4175/4623
f 5556/4176/1616 5551/4171/1615 5555/4175/4623
f 5557/4177/4624 5552/4172/3369 5553/4173/4621
f 5554/4174/4622 5552/4172/3369 5557/4177/4624
f 5557/4177/4624 5553/4173/4621 5558/4178/4625
f 5559/4179/4626 5557/4177/4624 5558/4178/4625
f 5559/4179/4626 5554/4174/4622 5557/4177/4624
f 5559/4179/4626 5558/4178/4625 5560/4180/4627
f 5554/4174/4622 5559/4179/4626 5561/4181/4628
f 5561/4181/4628 5555/4175/4623 5554/4174/4622
f 5560/4180/4627 5562/4182/4629 5559/4179/4626
f 5562/4182/4629 5561/4181/4628 5559/4179/4626
f 5562/4182/4629 5560/4180/4627 5563/4183/4630
f 5555/4175/4623 5561/4181/4628 5564/4184/4631
f 5556/4176/1616 5555/4175/4623 5564/4184/4631
f 5565/4185/4632 5556/4176/1616 5564/4184/4631
f 5561/4181/4628 5562/4182/4629 5566/4186/4633
f 5566/4186/4633 5564/4184/4631 5561/4181/4628
f 5565/4185/4632 5564/4184/4631 5567/4187/4634
f 5564/4184/4631 5566/4186/4633 5567/4187/4634
f 5567/4187/4634 5568/4188/4635 5565/4185/4632
f 5569/4189/4636 5566/4186/4633 5562/4182/4629
f 5569/4189/4636 5562/4182/4629 5563/4183/4630
f 5569/4189/4636 5563/4183/4630 5570/4190/4637
f 5571/4191/4638 5569/4189/4636 5570/4190/4637
f 5572/4192/4639 5567/4187/4634 5566/4186/4633
f 5566/4186/4633 5569/4189/4636 5572/4192/4639
f 5569/4189/4636 5571/4191/4638 5573/4193/4640
f 5573/4193/4640 5572/4192/4639 5569/4189/4636
f 5574/4194/4641 5573/4193/4640 5571/4191/4638
f 5567/4187/4634 5572/4192/4639 5575/4195/4642
f 5568/4188/4635 5567/4187/4634 5575/4195/4642
f 5572/4192/4639 5573/4193/4640 5576/4196/4643
f 5576/4196/4643 5575/4195/4642 5572/4192/4639
f 5573/4193/4640 5574/4194/4641 5577/4197/4644
f 5577/4197/4644 5576/4196/4643 5573/4193/4640
f 5578/4198/4645 5577/4197/4644 5574/4194/4641
f 5579/4199/4646 5568/4188/4635 5575/4195/4642
f 5575/4195/4642 5576/4196/4643 5579/4199/4646
f 5568/4188/4635 5579/4199/4646 5580/4199/4647
f 5576/4196/4643 5577/4197/4644 5581/4200/4648
f 5581/4200/4648 5579/4199/4646 5576/4196/4643
f 5582/4201/4649 5580/4199/4647 5579/4199/4646
f 5579/4199/4646 5581/4200/4648 5582/4201/4649
f 5580/4199/4647 5582/4201/4649 5583/4202/4650
f 5584/4203/4651 5583/4202/4650 5582/4201/4649
f 5584/4203/4651 5582/4201/4649 5581/4200/4648
f 5583/4202/4650 5584/4203/4651 5585/4203/4652
f 5584/4203/4651 5586/4204/4653 5585/4203/4652
f 5587/4205/4516 5581/4200/4648 5577/4197/4644
f 5577/4197/4644 5578/4198/4645 5587/4205/4516
f 5584/4203/4651 5581/4200/4648 5588/4206/4654
f 5581/4200/4648 5587/4205/4516 5588/4206/4654
f 5586/4204/4653 5584/4203/4651 5589/4207/4655
f 5589/4207/4655 5584/4203/4651 5588/4206/4654
f 5589/4207/4655 5590/4208/4656 5586/4204/4653
f 5591/4209/4657 5588/4206/4654 5587/4205/4516
f 5588/4206/4654 5591/4209/4657 5589/4207/4655
f 5578/4198/4645 5592/4210/4658 5587/4205/4516
f 5587/4205/4516 5592/4210/4658 5591/4209/4657
f 5592/4210/4658 5578/4198/4645 5593/4211/4659
f 5594/4212/4660 5589/4207/4655 5591/4209/4657
f 5592/4210/4658 5594/4212/4660 5591/4209/4657
f 5590/4208/4656 5589/4207/4655 5595/4213/4661
f 5589/4207/4655 5594/4212/4660 5595/4213/4661
f 5593/4211/4659 5596/4214/4662 5592/4210/4658
f 5594/4212/4660 5592/4210/4658 5596/4214/4662
f 5596/4214/4662 5593/4211/4659 5597/4215/4663
f 5598/4216/4664 5590/4208/4656 5595/4213/4661
f 5594/4212/4660 5598/4216/4664 5595/4213/4661
f 5590/4208/4656 5598/4216/4664 5599/4217/4665
f 5598/4216/4664 5600/4218/4666 5599/4217/4665
f 5596/4214/4662 5601/4219/4667 5594/4212/4660
f 5594/4212/4660 5601/4219/4667 5598/4216/4664
f 5597/4215/4663 5602/4220/4668 5596/4214/4662
f 5596/4214/4662 5602/4220/4668 5601/4219/4667
f 5602/4220/4668 5597/4215/4663 5603/4221/4669
f 5598/4216/4664 5604/4218/4670 5600/4218/4666
f 5604/4218/4670 5598/4216/4664 5601/4219/4667
f 5604/4218/4670 5605/4222/4671 5600/4218/4666
f 5602/4220/4668 5606/4223/4672 5601/4219/4667
f 5601/4219/4667 5606/4223/4672 5604/4218/4670
f 5603/4221/4669 5607/4224/4673 5602/4220/4668
f 5602/4220/4668 5607/4224/4673 5606/4223/4672
f 5607/4224/4673 5603/4221/4669 5608/4225/4674
f 5604/4218/4670 5609/4226/4675 5605/4222/4671
f 5609/4226/4675 5604/4218/4670 5606/4223/4672
f 5609/4226/4675 5610/4227/4676 5605/4222/4671
f 5607/4224/4673 5611/4228/4677 5606/4223/4672
f 5606/4223/4672 5611/4228/4677 5609/4226/4675
f 5608/4225/4674 5612/4229/4678 5607/4224/4673
f 5607/4224/4673 5612/4229/4678 5611/4228/4677
f 5612/4229/4678 5608/4225/4674 5613/4230/4679
f 5609/4226/4675 5614/4231/4680 5610/4227/4676
f 5614/4231/4680 5609/4226/4675 5611/4228/4677
f 5614/4231/4680 5320/3948/4394 5610/4227/4676
f 5612/4229/4678 5615/4232/4681 5611/4228/4677
f 5611/4228/4677 5615/4232/4681 5614/4231/4680
f 5614/4231/4680 5616/3948/4682 5320/3948/4394
f 5616/3948/4682 5614/4231/4680 5615/4232/4681
f 5319/3947/4393 5320/3948/4394 5616/3948/4682
f 5612/4229/4678 5617/4233/4683 5615/4232/4681
f 5613/4230/4679 5617/4233/4683 5612/4229/4678
f 5617/4233/4683 5613/4230/4679 5306/3936/4380
f 5306/3936/4380 5304/3934/4378 5617/4233/4683
f 5615/4232/4681 5618/4234/4684 5616/3948/4682
f 5617/4233/4683 5618/4234/4684 5615/4232/4681
f 5618/4234/4684 5319/3947/4393 5616/3948/4682
f 5617/4233/4683 5304/3934/4378 5618/4234/4684
f 5618/4234/4684 5307/3937/4381 5319/3947/4393
f 5304/3934/4378 5307/3937/4381 5618/4234/4684
