# Blender 5.2.0 LTS
# www.blender.org
mtllib RR door.mtl
o RR_door
v -0.008202 0.003128 -0.002095
v -0.008452 0.003127 -0.002067
v -0.008178 0.002918 -0.002150
v -0.008661 0.004620 -0.001518
v -0.008596 0.004589 -0.001470
v -0.008596 0.004622 -0.001471
v -0.008661 0.004588 -0.001517
v -0.008661 0.004620 -0.001518
v -0.008652 0.004586 -0.001597
v -0.008661 0.004588 -0.001517
v -0.008652 0.004618 -0.001598
v -0.008579 0.004617 -0.001631
v -0.008652 0.004586 -0.001597
v -0.008652 0.004618 -0.001598
v -0.008579 0.004585 -0.001630
v -0.008579 0.004617 -0.001631
v -0.008513 0.004586 -0.001583
v -0.008579 0.004585 -0.001630
v -0.008513 0.004619 -0.001584
v -0.008513 0.004619 -0.001584
v -0.008522 0.004588 -0.001503
v -0.008513 0.004586 -0.001583
v -0.008522 0.004621 -0.001503
v -0.008522 0.004621 -0.001503
v -0.008596 0.004589 -0.001470
v -0.008522 0.004588 -0.001503
v -0.008596 0.004622 -0.001471
v -0.008502 0.004586 -0.001590
v -0.008463 0.004430 -0.001697
v -0.008463 0.004583 -0.001701
v -0.008501 0.004433 -0.001585
v -0.008591 0.007606 -0.001373
v -0.008656 0.007577 -0.001423
v -0.008591 0.007574 -0.001375
v -0.008656 0.007609 -0.001420
v -0.008656 0.007609 -0.001420
v -0.008648 0.007582 -0.001503
v -0.008656 0.007577 -0.001423
v -0.008648 0.007614 -0.001501
v -0.008648 0.007614 -0.001501
v -0.008574 0.007584 -0.001535
v -0.008648 0.007582 -0.001503
v -0.008574 0.007616 -0.001533
v -0.008509 0.007613 -0.001486
v -0.008574 0.007584 -0.001535
v -0.008574 0.007616 -0.001533
v -0.008509 0.007581 -0.001488
v -0.008509 0.007613 -0.001486
v -0.008517 0.007576 -0.001408
v -0.008509 0.007581 -0.001488
v -0.008517 0.007608 -0.001406
v -0.008591 0.007606 -0.001373
v -0.008517 0.007576 -0.001408
v -0.008517 0.007608 -0.001406
v -0.008591 0.007574 -0.001375
v -0.008426 0.007588 -0.001669
v -0.008497 0.007581 -0.001495
v -0.008496 0.007429 -0.001504
v -0.008425 0.007436 -0.001679
v -0.008452 0.003127 -0.002067
v -0.008202 0.003128 -0.002095
v -0.008202 0.003215 -0.001936
v -0.008470 0.003214 -0.001909
v -0.008200 0.003404 -0.001807
v -0.008492 0.003401 -0.001782
v -0.008203 0.003590 -0.001738
v -0.008524 0.003583 -0.001724
v -0.008205 0.003789 -0.001699
v -0.008553 0.003776 -0.001696
v -0.008193 0.004162 -0.001646
v -0.008617 0.004163 -0.001636
v -0.008674 0.004627 -0.001635
v -0.008171 0.005193 -0.001645
v -0.008725 0.004865 -0.001635
v -0.008751 0.005035 -0.001634
v -0.008742 0.005182 -0.001627
v -0.008680 0.005396 -0.001624
v -0.008138 0.006223 -0.001650
v -0.008678 0.006115 -0.001621
v -0.008665 0.006792 -0.001642
v -0.008025 0.007778 -0.001694
v -0.008572 0.007773 -0.001667
v -0.008466 0.008310 -0.001695
v -0.007971 0.008896 -0.001739
v -0.008310 0.008894 -0.001719
v -0.008249 0.009088 -0.001720
v -0.007966 0.009153 -0.001722
v -0.007934 0.009089 -0.001572
v -0.008134 0.009101 -0.001574
v -0.007959 0.009178 -0.001588
v -0.007985 0.009206 -0.001592
v -0.007958 0.009294 -0.001605
v -0.007916 0.009310 -0.001608
v -0.007917 0.009338 -0.001639
v -0.008447 0.003147 -0.001609
v -0.008452 0.003127 -0.002067
v -0.008470 0.003214 -0.001909
v -0.008476 0.003182 -0.001601
v -0.008492 0.003401 -0.001782
v -0.008526 0.003385 -0.001543
v -0.008524 0.003583 -0.001724
v -0.008578 0.003631 -0.001478
v -0.008553 0.003776 -0.001696
v -0.008622 0.003877 -0.001420
v -0.008617 0.004163 -0.001636
v -0.008660 0.004103 -0.001377
v -0.008696 0.004329 -0.001349
v -0.008674 0.004627 -0.001635
v -0.008729 0.004555 -0.001335
v -0.008732 0.004629 -0.001322
v -0.008716 0.004669 -0.001334
v -0.008705 0.004825 -0.001353
v -0.008725 0.004865 -0.001635
v -0.008704 0.004948 -0.001354
v -0.008751 0.005035 -0.001634
v -0.008711 0.005065 -0.001349
v -0.008742 0.005182 -0.001627
v -0.008722 0.005180 -0.001334
v -0.008731 0.005264 -0.001314
v -0.008745 0.005377 -0.001272
v -0.008680 0.005396 -0.001624
v -0.008731 0.005451 -0.001284
v -0.008678 0.006115 -0.001621
v -0.008735 0.006119 -0.001280
v -0.008717 0.006786 -0.001303
v -0.008665 0.006792 -0.001642
v -0.008679 0.007280 -0.001331
v -0.008572 0.007773 -0.001667
v -0.008651 0.007527 -0.001350
v -0.008615 0.007772 -0.001376
v -0.008568 0.008058 -0.001414
v -0.008466 0.008310 -0.001695
v -0.008510 0.008343 -0.001455
v -0.008444 0.008620 -0.001497
v -0.008310 0.008894 -0.001719
v -0.008364 0.008894 -0.001540
v -0.008324 0.008985 -0.001556
v -0.008249 0.009088 -0.001720
v -0.008278 0.009055 -0.001568
v -0.008223 0.009092 -0.001574
v -0.008134 0.009101 -0.001574
v -0.007911 0.009296 -0.001739
v -0.007917 0.009338 -0.001639
v -0.007966 0.009153 -0.001722
v -0.007928 0.008895 -0.001767
v -0.007971 0.008896 -0.001739
v -0.007972 0.007783 -0.001734
v -0.008025 0.007778 -0.001694
v -0.008073 0.006232 -0.001703
v -0.008138 0.006223 -0.001650
v -0.008110 0.005206 -0.001695
v -0.008171 0.005193 -0.001645
v -0.008138 0.004179 -0.001692
v -0.008193 0.004162 -0.001646
v -0.008153 0.003810 -0.001740
v -0.008205 0.003789 -0.001699
v -0.008153 0.003616 -0.001779
v -0.008203 0.003590 -0.001738
v -0.008153 0.003433 -0.001849
v -0.008200 0.003404 -0.001807
v -0.008161 0.003259 -0.001968
v -0.008202 0.003215 -0.001936
v -0.008202 0.003128 -0.002095
v -0.008171 0.003175 -0.002116
v -0.008181 0.003136 -0.002289
v -0.008178 0.002918 -0.002150
v -0.008188 0.003126 -0.002448
v -0.008181 0.002923 -0.003019
v -0.008439 0.003040 -0.007184
v -0.008184 0.002929 -0.004299
v -0.008191 0.002936 -0.005580
v -0.008215 0.002945 -0.006861
v -0.008233 0.002952 -0.007775
v -0.008445 0.003074 -0.007980
v -0.008239 0.002954 -0.007849
v -0.008250 0.002963 -0.007921
v -0.008271 0.002987 -0.007995
v -0.008306 0.003030 -0.008087
v -0.008464 0.003124 -0.008132
v -0.008388 0.003103 -0.008211
v -0.008440 0.003120 -0.008250
v -0.008526 0.003222 -0.008192
v -0.008511 0.003181 -0.008287
v -0.008546 0.003421 -0.008333
v -0.008635 0.003739 -0.008324
v -0.008592 0.003741 -0.008402
v -0.008639 0.004082 -0.008485
v -0.008683 0.004285 -0.008464
v -0.008682 0.004435 -0.008585
v -0.008743 0.004931 -0.008693
v -0.008711 0.004716 -0.008672
v -0.008730 0.004939 -0.008753
v -0.008740 0.005163 -0.008850
v -0.008771 0.005411 -0.008943
v -0.008746 0.005382 -0.008961
v -0.008748 0.005599 -0.009085
v -0.008752 0.005810 -0.009220
v -0.008776 0.005936 -0.009284
v -0.008755 0.006021 -0.009374
v -0.008766 0.006449 -0.009700
v -0.008755 0.006232 -0.009538
v -0.008751 0.006446 -0.009725
v -0.008743 0.006659 -0.009925
v -0.008751 0.006902 -0.010158
v -0.008726 0.006917 -0.010188
v -0.008633 0.007925 -0.011205
v -0.008697 0.007240 -0.010523
v -0.008654 0.007587 -0.010885
v -0.008606 0.007906 -0.011214
v -0.008574 0.008093 -0.011406
v -0.008530 0.008483 -0.011721
v -0.008537 0.008280 -0.011585
v -0.008496 0.008466 -0.011751
v -0.008466 0.008767 -0.011950
v -0.008421 0.008751 -0.011986
v -0.008379 0.008901 -0.012082
v -0.008371 0.009068 -0.012136
v -0.008338 0.009023 -0.012153
v -0.008291 0.009148 -0.012213
v -0.008229 0.009399 -0.012265
v -0.008233 0.009274 -0.012261
v -0.008176 0.009385 -0.012291
v -0.008119 0.009485 -0.012312
v -0.008114 0.009563 -0.012296
v -0.008054 0.009578 -0.012323
v -0.008660 0.004433 -0.001601
v -0.008597 0.004430 -0.001697
v -0.008576 0.004432 -0.001639
v -0.008463 0.004430 -0.001697
v -0.008501 0.004433 -0.001585
v -0.008463 0.006943 -0.001635
v -0.008414 0.006934 -0.001635
v -0.008365 0.006943 -0.001635
v -0.008504 0.006971 -0.001636
v -0.008323 0.006971 -0.001636
v -0.008532 0.007012 -0.001637
v -0.008296 0.007012 -0.001637
v -0.008542 0.007061 -0.001638
v -0.008286 0.007061 -0.001638
v -0.008286 0.007761 -0.001656
v -0.008542 0.007761 -0.001656
v -0.008532 0.007810 -0.001657
v -0.008296 0.007810 -0.001657
v -0.008504 0.007851 -0.001659
v -0.008323 0.007851 -0.001659
v -0.008463 0.007879 -0.001659
v -0.008365 0.007879 -0.001659
v -0.008414 0.007888 -0.001659
v -0.008655 0.007430 -0.001520
v -0.008559 0.007436 -0.001679
v -0.008571 0.007432 -0.001557
v -0.008425 0.007436 -0.001679
v -0.008496 0.007429 -0.001504
v -0.008141 0.002916 -0.001670
v -0.008167 0.002916 -0.001694
v -0.008136 0.002939 -0.001650
v -0.008308 0.003004 -0.001639
v -0.008177 0.002916 -0.001725
v -0.008452 0.003127 -0.002067
v -0.008178 0.002918 -0.002150
v -0.008327 0.003028 -0.001634
v -0.008348 0.003103 -0.001618
v -0.008369 0.003125 -0.001613
v -0.008447 0.003147 -0.001609
v -0.008492 0.003944 -0.001631
v -0.008442 0.003941 -0.001631
v -0.008395 0.003957 -0.001630
v -0.008358 0.003990 -0.001629
v -0.008537 0.003965 -0.001631
v -0.008336 0.004035 -0.001628
v -0.008570 0.004003 -0.001630
v -0.008333 0.004085 -0.001627
v -0.008586 0.004050 -0.001629
v -0.008430 0.004778 -0.001610
v -0.008683 0.004742 -0.001612
v -0.008446 0.004825 -0.001609
v -0.008681 0.004792 -0.001611
v -0.008480 0.004862 -0.001609
v -0.008659 0.004837 -0.001610
v -0.008525 0.004884 -0.001608
v -0.008622 0.004870 -0.001609
v -0.008574 0.004887 -0.001608
v -0.008522 0.004621 -0.001503
v -0.008513 0.004619 -0.001584
v -0.008579 0.004617 -0.001631
v -0.008652 0.004618 -0.001598
v -0.008596 0.004622 -0.001471
v -0.008661 0.004620 -0.001518
v -0.008502 0.004586 -0.001590
v -0.008463 0.004583 -0.001701
v -0.008599 0.004583 -0.001701
v -0.008661 0.004586 -0.001603
v -0.008509 0.004588 -0.001498
v -0.008593 0.004589 -0.001459
v -0.008668 0.004588 -0.001512
v -0.008660 0.004433 -0.001601
v -0.008599 0.004583 -0.001701
v -0.008597 0.004430 -0.001697
v -0.008661 0.004586 -0.001603
v -0.008669 0.004435 -0.001509
v -0.008668 0.004588 -0.001512
v -0.008594 0.004437 -0.001455
v -0.008593 0.004589 -0.001459
v -0.008509 0.004588 -0.001498
v -0.008510 0.004436 -0.001493
v -0.008501 0.004433 -0.001585
v -0.008502 0.004586 -0.001590
v -0.008517 0.007608 -0.001406
v -0.008509 0.007613 -0.001486
v -0.008574 0.007616 -0.001533
v -0.008648 0.007614 -0.001501
v -0.008591 0.007606 -0.001373
v -0.008656 0.007609 -0.001420
v -0.008497 0.007581 -0.001495
v -0.008505 0.007576 -0.001404
v -0.008496 0.007429 -0.001504
v -0.008506 0.007423 -0.001412
v -0.008588 0.007573 -0.001364
v -0.008590 0.007420 -0.001374
v -0.008664 0.007424 -0.001428
v -0.008664 0.007576 -0.001417
v -0.008656 0.007582 -0.001509
v -0.008655 0.007430 -0.001520
v -0.008561 0.007588 -0.001669
v -0.008559 0.007436 -0.001679
v -0.008497 0.007581 -0.001495
v -0.008426 0.007588 -0.001669
v -0.008561 0.007588 -0.001669
v -0.008656 0.007582 -0.001509
v -0.008588 0.007573 -0.001364
v -0.008505 0.007576 -0.001404
v -0.008664 0.007576 -0.001417
v -0.008134 0.009101 -0.001574
v -0.007934 0.009089 -0.001572
v -0.007997 0.009148 -0.001595
v -0.008184 0.009159 -0.001596
v -0.008027 0.009172 -0.001625
v -0.008223 0.009092 -0.001574
v -0.008202 0.009182 -0.001626
v -0.008281 0.009137 -0.001594
v -0.008278 0.009055 -0.001568
v -0.008080 0.009181 -0.001652
v -0.008345 0.009088 -0.001586
v -0.008324 0.008985 -0.001556
v -0.008301 0.009155 -0.001623
v -0.008208 0.009188 -0.001653
v -0.008399 0.009004 -0.001571
v -0.008364 0.008894 -0.001540
v -0.008369 0.009102 -0.001614
v -0.008446 0.008894 -0.001552
v -0.008444 0.008620 -0.001497
v -0.008427 0.009011 -0.001598
v -0.008526 0.008620 -0.001510
v -0.008510 0.008343 -0.001455
v -0.008477 0.008894 -0.001578
v -0.008592 0.008343 -0.001468
v -0.008568 0.008058 -0.001414
v -0.008556 0.008621 -0.001536
v -0.008650 0.008059 -0.001426
v -0.008615 0.007772 -0.001376
v -0.008623 0.008343 -0.001494
v -0.008698 0.007772 -0.001389
v -0.008651 0.007527 -0.001350
v -0.008680 0.008059 -0.001452
v -0.008733 0.007527 -0.001363
v -0.008679 0.007280 -0.001331
v -0.008728 0.007773 -0.001415
v -0.008761 0.007280 -0.001343
v -0.008717 0.006786 -0.001303
v -0.008764 0.007527 -0.001389
v -0.008800 0.006786 -0.001315
v -0.008735 0.006119 -0.001280
v -0.008792 0.007281 -0.001369
v -0.008773 0.007528 -0.001415
v -0.008801 0.007281 -0.001395
v -0.008737 0.007773 -0.001441
v -0.008808 0.007307 -0.003243
v -0.008690 0.008059 -0.001478
v -0.008737 0.007799 -0.003389
v -0.008632 0.008343 -0.001520
v -0.008565 0.008621 -0.001562
v -0.008632 0.008368 -0.003557
v -0.008486 0.008895 -0.001605
v -0.008563 0.008648 -0.003625
v -0.008435 0.009014 -0.001625
v -0.008483 0.008923 -0.003691
v -0.008628 0.008391 -0.005560
v -0.008376 0.009108 -0.001641
v -0.008558 0.008675 -0.005696
v -0.008427 0.009058 -0.003723
v -0.008476 0.008950 -0.005784
v -0.008307 0.009162 -0.001650
v -0.008365 0.009162 -0.003747
v -0.008290 0.009227 -0.003761
v -0.008416 0.009104 -0.005827
v -0.008347 0.009221 -0.005856
v -0.008189 0.009263 -0.003767
v -0.008068 0.009266 -0.003767
v -0.008265 0.009296 -0.005870
v -0.008163 0.009341 -0.005874
v -0.008051 0.009351 -0.005875
v -0.008323 0.009284 -0.007834
v -0.008129 0.009423 -0.007863
v -0.008031 0.009433 -0.007863
v -0.008231 0.009372 -0.007852
v -0.008099 0.009525 -0.010079
v -0.007998 0.009532 -0.010080
v -0.008195 0.009469 -0.010070
v -0.008071 0.009603 -0.011492
v -0.007977 0.009596 -0.011495
v -0.008287 0.009367 -0.010051
v -0.008014 0.009626 -0.011627
v -0.007961 0.009616 -0.011620
v -0.008162 0.009550 -0.011719
v -0.007993 0.009667 -0.011681
v -0.007945 0.009664 -0.011670
v -0.008062 0.009613 -0.011639
v -0.008027 0.009663 -0.011703
v -0.007962 0.009722 -0.011695
v -0.007921 0.009717 -0.011684
v -0.007987 0.009729 -0.011717
v -0.008077 0.009640 -0.012045
v -0.008004 0.009712 -0.012041
v -0.007938 0.009785 -0.011685
v -0.007899 0.009784 -0.011675
v -0.007956 0.009789 -0.011698
v -0.007884 0.009938 -0.011608
v -0.007841 0.009934 -0.011602
v -0.007938 0.009832 -0.011999
v -0.007870 0.009992 -0.011901
v -0.007832 0.010061 -0.011531
v -0.007793 0.010059 -0.011526
v -0.007804 0.010156 -0.011777
v -0.007777 0.010191 -0.011439
v -0.007739 0.010190 -0.011437
v -0.007743 0.010309 -0.011653
v -0.007715 0.010336 -0.011326
v -0.007677 0.010335 -0.011326
v -0.007680 0.010470 -0.011520
v -0.007639 0.010518 -0.011173
v -0.007598 0.010516 -0.011173
v -0.007600 0.010662 -0.011347
v -0.007513 0.010804 -0.010905
v -0.007476 0.010798 -0.010909
v -0.007477 0.010942 -0.011067
v -0.007422 0.011015 -0.010687
v -0.007386 0.011008 -0.010693
v -0.007385 0.011146 -0.010840
v -0.007333 0.011217 -0.010459
v -0.007298 0.011208 -0.010468
v -0.007292 0.011344 -0.010606
v -0.007244 0.011411 -0.010231
v -0.007210 0.011401 -0.010243
v -0.007202 0.011531 -0.010371
v -0.007136 0.011633 -0.009952
v -0.007103 0.011623 -0.009962
v -0.007094 0.011752 -0.010085
v -0.007027 0.011845 -0.009673
v -0.006996 0.011835 -0.009682
v -0.006987 0.011961 -0.009797
v -0.006925 0.012038 -0.009402
v -0.006896 0.012029 -0.009407
v -0.006887 0.012153 -0.009522
v -0.006827 0.012222 -0.009125
v -0.006799 0.012215 -0.009125
v -0.006788 0.012336 -0.009241
v -0.006733 0.012397 -0.008841
v -0.006706 0.012393 -0.008837
v -0.006693 0.012510 -0.008953
v -0.006651 0.012551 -0.008576
v -0.006628 0.012547 -0.008573
v -0.006606 0.012666 -0.008675
v -0.006577 0.012691 -0.008317
v -0.006555 0.012687 -0.008313
v -0.006510 0.012766 -0.008146
v -0.006527 0.012810 -0.008398
v -0.006498 0.012831 -0.008021
v -0.006477 0.012823 -0.008026
v -0.006457 0.012860 -0.007934
v -0.006446 0.012953 -0.008090
v -0.006432 0.012948 -0.007748
v -0.006413 0.012940 -0.007744
v -0.006383 0.013066 -0.007816
v -0.006377 0.013044 -0.007479
v -0.006357 0.013034 -0.007474
v -0.006328 0.013164 -0.007536
v -0.006334 0.013117 -0.007218
v -0.006316 0.013104 -0.007214
v -0.006284 0.013240 -0.007263
v -0.006301 0.013174 -0.006950
v -0.006285 0.013159 -0.006948
v -0.006258 0.013208 -0.006644
v -0.006249 0.013300 -0.006984
v -0.006272 0.013225 -0.006645
v -0.006235 0.013247 -0.006337
v -0.006219 0.013353 -0.006671
v -0.006249 0.013265 -0.006337
v -0.006217 0.013279 -0.006044
v -0.006195 0.013395 -0.006355
v -0.006231 0.013297 -0.006045
v -0.006201 0.013307 -0.005738
v -0.006177 0.013428 -0.006061
v -0.006132 0.013481 -0.006370
v -0.006113 0.013516 -0.006074
v -0.006162 0.013457 -0.005754
v -0.006157 0.013437 -0.006691
v -0.006216 0.013324 -0.005739
v -0.006188 0.013382 -0.007011
v -0.006205 0.013344 -0.005433
v -0.006188 0.013329 -0.005432
v -0.006224 0.013321 -0.007295
v -0.006195 0.013362 -0.005048
v -0.006177 0.013350 -0.005047
v -0.006151 0.013479 -0.005446
v -0.006141 0.013498 -0.005058
v -0.006187 0.013378 -0.004627
v -0.006167 0.013368 -0.004628
v -0.006158 0.013383 -0.004116
v -0.006133 0.013514 -0.004633
v -0.006179 0.013391 -0.004116
v -0.006155 0.013390 -0.003604
v -0.006124 0.013528 -0.004118
v -0.006176 0.013397 -0.003604
v -0.006154 0.013390 -0.002998
v -0.006175 0.013398 -0.002998
v -0.006161 0.013384 -0.002616
v -0.006121 0.013534 -0.003603
v -0.006182 0.013392 -0.002588
v -0.006162 0.013384 -0.002588
v -0.006162 0.013383 -0.002264
v -0.006121 0.013535 -0.002998
v -0.006057 0.013627 -0.003603
v -0.006183 0.013391 -0.002250
v -0.006157 0.013383 -0.002236
v -0.006129 0.013530 -0.002265
v -0.006154 0.013391 -0.002209
v -0.006133 0.013383 -0.002209
v -0.006178 0.013391 -0.002223
v -0.006120 0.013534 -0.002238
v -0.006093 0.013539 -0.002226
v -0.006061 0.013623 -0.002248
v -0.006046 0.013609 -0.002234
v -0.006065 0.013625 -0.002276
v -0.006057 0.013629 -0.002998
v -0.006047 0.013643 -0.002278
v -0.006030 0.013637 -0.002252
v -0.005963 0.013620 -0.002237
v -0.005957 0.013622 -0.002253
v -0.006024 0.013649 -0.002294
v -0.005948 0.013629 -0.002997
v -0.006038 0.013646 -0.002998
v -0.006016 0.013653 -0.002998
v -0.005947 0.013627 -0.003603
v -0.006038 0.013643 -0.003603
v -0.006016 0.013650 -0.003603
v -0.005949 0.013621 -0.004122
v -0.006061 0.013621 -0.004121
v -0.006042 0.013637 -0.004121
v -0.006019 0.013644 -0.004122
v -0.005956 0.013607 -0.004641
v -0.006069 0.013606 -0.004638
v -0.006050 0.013623 -0.004639
v -0.006028 0.013630 -0.004641
v -0.005963 0.013590 -0.005067
v -0.006078 0.013589 -0.005065
v -0.006059 0.013605 -0.005066
v -0.006036 0.013613 -0.005066
v -0.005971 0.013570 -0.005458
v -0.006087 0.013569 -0.005455
v -0.006068 0.013585 -0.005456
v -0.006046 0.013593 -0.005458
v -0.005981 0.013547 -0.005770
v -0.006098 0.013546 -0.005765
v -0.006079 0.013562 -0.005767
v -0.006056 0.013570 -0.005768
v -0.005995 0.013516 -0.006082
v -0.006094 0.013532 -0.006076
v -0.006071 0.013539 -0.006078
v -0.006013 0.013481 -0.006380
v -0.006112 0.013497 -0.006372
v -0.006090 0.013504 -0.006375
v -0.006037 0.013437 -0.006704
v -0.006137 0.013452 -0.006696
v -0.006114 0.013459 -0.006699
v -0.006069 0.013383 -0.007027
v -0.006169 0.013397 -0.007016
v -0.006146 0.013405 -0.007021
v -0.006102 0.013326 -0.007317
v -0.006203 0.013341 -0.007306
v -0.006178 0.013350 -0.007315
v -0.006146 0.013250 -0.007598
v -0.006267 0.013245 -0.007574
v -0.006246 0.013264 -0.007585
v -0.006221 0.013274 -0.007594
v -0.006200 0.013150 -0.007890
v -0.006321 0.013146 -0.007863
v -0.006301 0.013165 -0.007875
v -0.006276 0.013174 -0.007884
v -0.006264 0.013035 -0.008176
v -0.006383 0.013035 -0.008142
v -0.006363 0.013052 -0.008157
v -0.006340 0.013060 -0.008169
v -0.006344 0.012898 -0.008483
v -0.006464 0.012895 -0.008454
v -0.006444 0.012913 -0.008467
v -0.006420 0.012923 -0.008476
v -0.006432 0.012751 -0.008780
v -0.006548 0.012750 -0.008747
v -0.006530 0.012767 -0.008762
v -0.006507 0.012776 -0.008772
v -0.006528 0.012601 -0.009074
v -0.006639 0.012594 -0.009035
v -0.006622 0.012610 -0.009051
v -0.006599 0.012619 -0.009063
v -0.006628 0.012427 -0.009378
v -0.006739 0.012420 -0.009332
v -0.006722 0.012435 -0.009350
v -0.006699 0.012443 -0.009363
v -0.006730 0.012244 -0.009676
v -0.006841 0.012236 -0.009621
v -0.006825 0.012250 -0.009641
v -0.006802 0.012258 -0.009657
v -0.006839 0.012048 -0.009978
v -0.006946 0.012042 -0.009904
v -0.006930 0.012056 -0.009930
v -0.007054 0.011836 -0.010198
v -0.006907 0.012061 -0.009952
v -0.007035 0.011852 -0.010216
v -0.007161 0.011624 -0.010488
v -0.007010 0.011862 -0.010230
v -0.006943 0.011856 -0.010256
v -0.007049 0.011650 -0.010534
v -0.007143 0.011638 -0.010509
v -0.007254 0.011439 -0.010733
v -0.007118 0.011646 -0.010524
v -0.007142 0.011464 -0.010780
v -0.007236 0.011452 -0.010754
v -0.007345 0.011250 -0.010975
v -0.007211 0.011460 -0.010769
v -0.007235 0.011274 -0.011022
v -0.007328 0.011262 -0.010996
v -0.007436 0.011055 -0.011211
v -0.007303 0.011269 -0.011010
v -0.007328 0.011073 -0.011262
v -0.007420 0.011065 -0.011232
v -0.007552 0.010788 -0.011504
v -0.007397 0.011070 -0.011248
v -0.007442 0.010812 -0.011546
v -0.007535 0.010800 -0.011520
v -0.007633 0.010593 -0.011698
v -0.007511 0.010808 -0.011532
v -0.007525 0.010612 -0.011743
v -0.007617 0.010603 -0.011716
v -0.007698 0.010436 -0.011846
v -0.007594 0.010608 -0.011728
v -0.007592 0.010448 -0.011894
v -0.007682 0.010443 -0.011864
v -0.007660 0.010445 -0.011877
v -0.007661 0.010277 -0.012036
v -0.007764 0.010270 -0.011987
v -0.007749 0.010275 -0.012005
v -0.007728 0.010276 -0.012019
v -0.007703 0.010172 -0.012116
v -0.007808 0.010155 -0.012071
v -0.007795 0.010161 -0.012090
v -0.007772 0.010167 -0.012105
v -0.007742 0.010074 -0.012178
v -0.007843 0.010064 -0.012126
v -0.007831 0.010069 -0.012149
v -0.007809 0.010072 -0.012167
v -0.007783 0.009973 -0.012232
v -0.007881 0.009967 -0.012177
v -0.007871 0.009968 -0.012203
v -0.007849 0.009972 -0.012224
v -0.007818 0.009887 -0.012268
v -0.007916 0.009881 -0.012210
v -0.007908 0.009884 -0.012235
v -0.007884 0.009886 -0.012260
v -0.007859 0.009804 -0.012297
v -0.007956 0.009798 -0.012237
v -0.007948 0.009800 -0.012262
v -0.007925 0.009803 -0.012288
v -0.007905 0.009733 -0.012316
v -0.008000 0.009728 -0.012253
v -0.007971 0.009732 -0.012306
v -0.007979 0.009655 -0.012326
v -0.007993 0.009730 -0.012279
v -0.008045 0.009655 -0.012315
v -0.008054 0.009578 -0.012323
v -0.008075 0.009652 -0.012261
v -0.008067 0.009653 -0.012288
v -0.008121 0.009578 -0.012313
v -0.008119 0.009485 -0.012312
v -0.008143 0.009577 -0.012285
v -0.008151 0.009576 -0.012258
v -0.008186 0.009484 -0.012301
v -0.008176 0.009385 -0.012291
v -0.008208 0.009483 -0.012273
v -0.008243 0.009385 -0.012280
v -0.008233 0.009274 -0.012261
v -0.008216 0.009483 -0.012246
v -0.008265 0.009384 -0.012252
v -0.008300 0.009274 -0.012249
v -0.008291 0.009148 -0.012213
v -0.008234 0.009453 -0.011679
v -0.008358 0.009147 -0.012201
v -0.008338 0.009023 -0.012153
v -0.008322 0.009273 -0.012221
v -0.008272 0.009383 -0.012224
v -0.008404 0.009023 -0.012141
v -0.008379 0.008901 -0.012082
v -0.008380 0.009146 -0.012171
v -0.008329 0.009272 -0.012192
v -0.008340 0.009256 -0.011570
v -0.008387 0.009145 -0.012141
v -0.008427 0.009022 -0.012109
v -0.008446 0.008900 -0.012070
v -0.008421 0.008751 -0.011986
v -0.008433 0.009024 -0.012080
v -0.008488 0.008750 -0.011973
v -0.008460 0.008608 -0.011874
v -0.008468 0.008899 -0.012038
v -0.008526 0.008607 -0.011862
v -0.008496 0.008466 -0.011751
v -0.008510 0.008749 -0.011940
v -0.008475 0.008898 -0.012005
v -0.008434 0.009015 -0.011408
v -0.008518 0.008747 -0.011906
v -0.008366 0.009216 -0.010021
v -0.008525 0.008727 -0.011190
v -0.008401 0.009151 -0.007802
v -0.008468 0.008975 -0.007748
v -0.008458 0.008989 -0.009023
v -0.008542 0.008701 -0.007641
v -0.008530 0.008737 -0.008629
v -0.008616 0.008413 -0.007474
v -0.008604 0.008427 -0.008301
v -0.008722 0.007849 -0.007148
v -0.008718 0.007859 -0.007917
v -0.008733 0.007824 -0.005299
v -0.008797 0.007356 -0.006863
v -0.008806 0.007331 -0.005043
v -0.008846 0.006845 -0.006577
v -0.008852 0.006828 -0.004840
v -0.008850 0.006809 -0.003118
v -0.008864 0.006199 -0.006220
v -0.008839 0.006787 -0.001367
v -0.008866 0.006173 -0.004589
v -0.008862 0.006146 -0.002971
v -0.008830 0.006787 -0.001341
v -0.008857 0.006120 -0.001344
v -0.008817 0.006119 -0.001292
v -0.008847 0.006119 -0.001318
v -0.008814 0.005451 -0.001296
v -0.008731 0.005451 -0.001284
v -0.008844 0.005452 -0.001322
v -0.008853 0.005452 -0.001348
v -0.008797 0.005414 -0.001297
v -0.008745 0.005377 -0.001272
v -0.008776 0.005378 -0.001323
v -0.008828 0.005415 -0.001323
v -0.008785 0.005378 -0.001349
v -0.008837 0.005415 -0.001348
v -0.008788 0.005404 -0.002889
v -0.008840 0.005441 -0.002890
v -0.008790 0.005430 -0.004411
v -0.008856 0.005478 -0.002891
v -0.008842 0.005467 -0.004414
v -0.008788 0.005455 -0.005932
v -0.008858 0.005504 -0.004418
v -0.008840 0.005492 -0.005938
v -0.008784 0.005481 -0.007450
v -0.008855 0.005530 -0.005945
v -0.008836 0.005518 -0.007459
v -0.008770 0.005497 -0.008415
v -0.008851 0.005555 -0.007469
v -0.008821 0.005535 -0.008500
v -0.008769 0.005498 -0.008489
v -0.008770 0.005488 -0.008550
v -0.008859 0.006225 -0.007848
v -0.008836 0.005573 -0.008512
v -0.008822 0.005523 -0.008572
v -0.008772 0.005467 -0.008595
v -0.008824 0.005498 -0.008626
v -0.008774 0.005436 -0.008620
v -0.008837 0.005558 -0.008594
v -0.008827 0.005459 -0.008658
v -0.008840 0.005528 -0.008657
v -0.008844 0.005597 -0.009018
v -0.008843 0.005482 -0.008696
v -0.008829 0.005410 -0.008673
v -0.008776 0.005396 -0.008631
v -0.008846 0.005423 -0.008714
v -0.008830 0.005356 -0.008669
v -0.008777 0.005354 -0.008629
v -0.008775 0.005151 -0.008545
v -0.008847 0.005359 -0.008710
v -0.008828 0.005146 -0.008583
v -0.008774 0.004980 -0.008467
v -0.008845 0.005140 -0.008620
v -0.008842 0.005377 -0.008891
v -0.008827 0.004963 -0.008499
v -0.008773 0.004851 -0.008393
v -0.008843 0.004946 -0.008532
v -0.008826 0.004822 -0.008418
v -0.008772 0.004804 -0.008344
v -0.008840 0.005153 -0.008782
v -0.008830 0.004932 -0.008685
v -0.008842 0.004793 -0.008444
v -0.008831 0.005157 -0.008811
v -0.008810 0.004711 -0.008605
v -0.008825 0.004772 -0.008366
v -0.008841 0.004740 -0.008388
v -0.008824 0.004737 -0.008302
v -0.008772 0.004771 -0.008285
v -0.008841 0.004702 -0.008320
v -0.008824 0.004710 -0.008218
v -0.008771 0.004746 -0.008205
v -0.008840 0.004674 -0.008231
v -0.008780 0.004433 -0.008519
v -0.008841 0.004661 -0.008137
v -0.008824 0.004698 -0.008129
v -0.008772 0.004735 -0.008122
v -0.008784 0.004721 -0.007263
v -0.008837 0.004684 -0.007253
v -0.008783 0.004699 -0.005799
v -0.008836 0.004662 -0.005792
v -0.008781 0.004676 -0.004336
v -0.008853 0.004647 -0.007244
v -0.008833 0.004639 -0.004332
v -0.008774 0.004653 -0.002873
v -0.008852 0.004625 -0.005786
v -0.008765 0.004186 -0.007918
v -0.008777 0.004176 -0.007138
v -0.008849 0.004602 -0.004329
v -0.008826 0.004616 -0.002873
v -0.008819 0.004593 -0.001398
v -0.008767 0.004630 -0.001398
v -0.008842 0.004579 -0.002872
v -0.008781 0.004158 -0.005729
v -0.008809 0.004593 -0.001368
v -0.008757 0.004630 -0.001367
v -0.008835 0.004556 -0.001399
v -0.008782 0.004592 -0.001343
v -0.008732 0.004629 -0.001322
v -0.008729 0.004555 -0.001335
v -0.008798 0.004555 -0.001344
v -0.008824 0.004556 -0.001368
v -0.008791 0.004330 -0.001383
v -0.008765 0.004329 -0.001359
v -0.008696 0.004329 -0.001349
v -0.008802 0.004330 -0.001414
v -0.008756 0.004104 -0.001411
v -0.008729 0.004103 -0.001386
v -0.008660 0.004103 -0.001377
v -0.008766 0.004104 -0.001442
v -0.008692 0.003877 -0.001429
v -0.008622 0.003877 -0.001420
v -0.008718 0.003877 -0.001454
v -0.008647 0.003631 -0.001487
v -0.008578 0.003631 -0.001478
v -0.008673 0.003631 -0.001512
v -0.008729 0.003878 -0.001485
v -0.008775 0.004122 -0.002913
v -0.008684 0.003632 -0.001543
v -0.008783 0.004140 -0.004321
v -0.008689 0.003645 -0.002955
v -0.008621 0.003385 -0.001577
v -0.008632 0.003385 -0.001608
v -0.008595 0.003385 -0.001552
v -0.008526 0.003385 -0.001543
v -0.008476 0.003182 -0.001601
v -0.008561 0.003139 -0.001648
v -0.008534 0.003138 -0.001623
v -0.008506 0.003103 -0.001630
v -0.008447 0.003147 -0.001609
v -0.008532 0.003103 -0.001655
v -0.008571 0.003139 -0.001679
v -0.008431 0.003084 -0.001635
v -0.008369 0.003125 -0.001613
v -0.008459 0.003086 -0.001654
v -0.008409 0.003063 -0.001639
v -0.008348 0.003103 -0.001618
v -0.008327 0.003028 -0.001634
v -0.008438 0.003066 -0.001663
v -0.008386 0.002984 -0.001656
v -0.008412 0.002985 -0.001681
v -0.008450 0.003067 -0.001694
v -0.008366 0.002960 -0.001661
v -0.008308 0.003004 -0.001639
v -0.008393 0.002960 -0.001686
v -0.008323 0.002943 -0.001664
v -0.008136 0.002939 -0.001650
v -0.008141 0.002916 -0.001670
v -0.008167 0.002916 -0.001694
v -0.008350 0.002944 -0.001689
v -0.008177 0.002916 -0.001725
v -0.008361 0.002944 -0.001720
v -0.008423 0.002985 -0.001711
v -0.008403 0.002960 -0.001716
v -0.008365 0.002951 -0.003017
v -0.008181 0.002923 -0.003019
v -0.008408 0.002967 -0.003016
v -0.008427 0.002991 -0.003013
v -0.008369 0.002957 -0.004300
v -0.008184 0.002929 -0.004299
v -0.008191 0.002936 -0.005580
v -0.008412 0.002973 -0.004300
v -0.008377 0.002964 -0.005583
v -0.008215 0.002945 -0.006861
v -0.008432 0.002998 -0.004301
v -0.008419 0.002980 -0.005585
v -0.008389 0.002973 -0.006867
v -0.008401 0.002980 -0.007757
v -0.008233 0.002952 -0.007775
v -0.008431 0.002989 -0.006871
v -0.008403 0.002982 -0.007825
v -0.008239 0.002954 -0.007849
v -0.008442 0.002997 -0.007746
v -0.008442 0.002999 -0.007811
v -0.008407 0.002991 -0.007892
v -0.008250 0.002963 -0.007921
v -0.008443 0.003007 -0.007875
v -0.008460 0.003025 -0.007789
v -0.008416 0.003015 -0.007964
v -0.008271 0.002987 -0.007995
v -0.008306 0.003030 -0.008087
v -0.008463 0.003031 -0.007851
v -0.008458 0.003023 -0.007729
v -0.008485 0.003101 -0.007636
v -0.008470 0.003050 -0.007925
v -0.008449 0.003029 -0.007948
v -0.008464 0.003069 -0.008049
v -0.008491 0.003101 -0.008085
v -0.008430 0.003055 -0.008064
v -0.008388 0.003103 -0.008211
v -0.008475 0.003101 -0.008125
v -0.008456 0.003119 -0.008203
v -0.008440 0.003120 -0.008250
v -0.008516 0.003124 -0.008132
v -0.008541 0.003143 -0.008249
v -0.008511 0.003181 -0.008287
v -0.008497 0.003123 -0.008168
v -0.008577 0.003181 -0.008275
v -0.008546 0.003421 -0.008333
v -0.008573 0.003143 -0.008218
v -0.008579 0.003143 -0.008190
v -0.008613 0.003421 -0.008322
v -0.008592 0.003741 -0.008402
v -0.008599 0.003180 -0.008246
v -0.008658 0.003741 -0.008391
v -0.008639 0.004082 -0.008485
v -0.008635 0.003422 -0.008293
v -0.008680 0.003741 -0.008363
v -0.008705 0.004082 -0.008475
v -0.008682 0.004435 -0.008585
v -0.008727 0.004083 -0.008448
v -0.008749 0.004435 -0.008574
v -0.008711 0.004716 -0.008672
v -0.008772 0.004434 -0.008547
v -0.008778 0.004716 -0.008662
v -0.008730 0.004939 -0.008753
v -0.008802 0.004713 -0.008633
v -0.008735 0.004084 -0.008420
v -0.008687 0.003741 -0.008335
v -0.008821 0.004935 -0.008714
v -0.008797 0.004938 -0.008743
v -0.008740 0.005163 -0.008850
v -0.008807 0.005161 -0.008840
v -0.008746 0.005382 -0.008961
v -0.008834 0.005379 -0.008921
v -0.008812 0.005381 -0.008950
v -0.008748 0.005599 -0.009085
v -0.008814 0.005599 -0.009075
v -0.008752 0.005810 -0.009220
v -0.008836 0.005598 -0.009047
v -0.008818 0.005810 -0.009211
v -0.008755 0.006021 -0.009374
v -0.008840 0.005812 -0.009184
v -0.008847 0.005813 -0.009156
v -0.008821 0.006022 -0.009366
v -0.008755 0.006232 -0.009538
v -0.008843 0.006025 -0.009339
v -0.008850 0.006029 -0.009312
v -0.008847 0.005839 -0.008683
v -0.008853 0.006238 -0.008941
v -0.008850 0.006245 -0.009477
v -0.008843 0.006239 -0.009504
v -0.008821 0.006234 -0.009530
v -0.008751 0.006446 -0.009725
v -0.008846 0.006462 -0.009668
v -0.008817 0.006448 -0.009717
v -0.008839 0.006455 -0.009693
v -0.008809 0.006661 -0.009918
v -0.008743 0.006659 -0.009925
v -0.008830 0.006670 -0.009894
v -0.008837 0.006679 -0.009871
v -0.008843 0.006563 -0.009151
v -0.008819 0.006941 -0.010136
v -0.008831 0.006858 -0.008286
v -0.008824 0.006907 -0.009375
v -0.008780 0.007379 -0.008698
v -0.008776 0.007391 -0.009689
v -0.008813 0.006931 -0.010159
v -0.008791 0.007249 -0.010451
v -0.008792 0.006921 -0.010181
v -0.008726 0.006917 -0.010188
v -0.008785 0.007245 -0.010482
v -0.008763 0.007242 -0.010513
v -0.008697 0.007240 -0.010523
v -0.008749 0.007592 -0.010809
v -0.008742 0.007590 -0.010842
v -0.008720 0.007587 -0.010874
v -0.008654 0.007587 -0.010885
v -0.008702 0.007904 -0.011130
v -0.008673 0.007905 -0.011202
v -0.008606 0.007906 -0.011214
v -0.008695 0.007905 -0.011166
v -0.008640 0.008093 -0.011394
v -0.008574 0.008093 -0.011406
v -0.008662 0.008092 -0.011359
v -0.008603 0.008279 -0.011573
v -0.008537 0.008280 -0.011585
v -0.008626 0.008279 -0.011538
v -0.008669 0.008091 -0.011323
v -0.008633 0.008278 -0.011504
v -0.008584 0.008464 -0.011705
v -0.008592 0.008464 -0.011671
v -0.008562 0.008465 -0.011739
v -0.008549 0.008605 -0.011828
v -0.008557 0.008603 -0.011793
v -0.008596 0.008455 -0.010942
v -0.008643 0.008239 -0.010735
v -0.008543 0.008686 -0.010207
v -0.008676 0.008072 -0.010569
v -0.008604 0.008426 -0.010278
v -0.008653 0.008209 -0.010145
v -0.008729 0.007768 -0.009935
v -0.008606 0.008420 -0.010137
v -0.008565 0.008607 -0.010130
v -0.008642 0.008229 -0.010104
v -0.008565 0.008587 -0.010097
v -0.008550 0.008665 -0.010066
v -0.008548 0.008632 -0.010042
v -0.008666 0.008143 -0.010086
v -0.008647 0.008172 -0.010059
v -0.008679 0.008078 -0.010046
v -0.008659 0.008102 -0.010017
v -0.008691 0.008012 -0.009998
v -0.008669 0.008042 -0.009973
v -0.008465 0.008201 -0.009945
v -0.008676 0.007999 -0.009924
v -0.008489 0.008086 -0.009880
v -0.008699 0.007963 -0.009942
v -0.008683 0.007958 -0.009855
v -0.008707 0.007918 -0.009866
v -0.008711 0.007889 -0.009787
v -0.008687 0.007932 -0.009782
v -0.008500 0.008024 -0.009752
v -0.008691 0.007910 -0.009689
v -0.008714 0.007866 -0.009690
v -0.008396 0.008159 -0.009806
v -0.008505 0.007999 -0.009590
v -0.008403 0.008118 -0.009721
v -0.008380 0.008235 -0.009849
v -0.008694 0.007895 -0.009567
v -0.008352 0.008344 -0.009872
v -0.008717 0.007851 -0.009563
v -0.008424 0.008364 -0.009979
v -0.008695 0.007892 -0.009450
v -0.008731 0.007754 -0.009444
v -0.008717 0.007847 -0.009442
v -0.008732 0.007748 -0.009053
v -0.008718 0.007848 -0.009327
v -0.008697 0.007890 -0.009339
v -0.008506 0.007992 -0.009405
v -0.008406 0.008099 -0.009571
v -0.008694 0.007909 -0.009218
v -0.008299 0.008325 -0.009658
v -0.008715 0.007867 -0.009202
v -0.008504 0.008011 -0.009237
v -0.008690 0.007933 -0.009138
v -0.008712 0.007891 -0.009112
v -0.008684 0.007969 -0.009062
v -0.008706 0.007929 -0.009027
v -0.008494 0.008071 -0.009093
v -0.008677 0.008014 -0.008997
v -0.008699 0.007979 -0.008959
v -0.008715 0.007868 -0.008591
v -0.008668 0.008067 -0.008940
v -0.008659 0.008168 -0.008814
v -0.008686 0.008040 -0.008900
v -0.008655 0.008144 -0.008886
v -0.008471 0.008187 -0.008998
v -0.008582 0.008530 -0.008809
v -0.008568 0.008553 -0.008880
v -0.008432 0.008327 -0.008969
v -0.008551 0.008658 -0.008887
v -0.008534 0.008720 -0.008940
v -0.008548 0.008629 -0.008929
v -0.008521 0.008771 -0.009004
v -0.008534 0.008684 -0.008981
v -0.008410 0.008472 -0.008987
v -0.008381 0.008594 -0.009073
v -0.008521 0.008731 -0.009043
v -0.008510 0.008813 -0.009086
v -0.008511 0.008770 -0.009115
v -0.008502 0.008842 -0.009175
v -0.008363 0.008663 -0.009212
v -0.008503 0.008799 -0.009194
v -0.008495 0.008869 -0.009298
v -0.008496 0.008825 -0.009313
v -0.008491 0.008883 -0.009403
v -0.008456 0.008997 -0.009619
v -0.008493 0.008838 -0.009414
v -0.008447 0.008999 -0.009976
v -0.008490 0.008888 -0.009524
v -0.008491 0.008883 -0.009651
v -0.008492 0.008843 -0.009531
v -0.008495 0.008870 -0.009749
v -0.008493 0.008838 -0.009654
v -0.008353 0.008700 -0.009563
v -0.008355 0.008693 -0.009378
v -0.008496 0.008826 -0.009748
v -0.008307 0.008561 -0.009384
v -0.008500 0.008850 -0.009831
v -0.008357 0.008687 -0.009727
v -0.008501 0.008807 -0.009823
v -0.008510 0.008815 -0.009910
v -0.008521 0.008776 -0.009969
v -0.008510 0.008776 -0.009895
v -0.008535 0.008721 -0.010022
v -0.008519 0.008741 -0.009946
v -0.008371 0.008636 -0.009859
v -0.008533 0.008691 -0.009994
v -0.008395 0.008526 -0.009932
v -0.008307 0.008560 -0.009704
v -0.008317 0.008526 -0.009792
v -0.008333 0.008454 -0.009840
v -0.008305 0.008567 -0.009554
v -0.008302 0.008311 -0.009272
v -0.008312 0.008539 -0.009232
v -0.008325 0.008493 -0.009139
v -0.008344 0.008408 -0.009082
v -0.008358 0.008315 -0.009070
v -0.008383 0.008226 -0.009089
v -0.008400 0.008144 -0.009153
v -0.008406 0.008104 -0.009249
v -0.008408 0.008093 -0.009402
v -0.007600 0.007935 -0.010510
v -0.007683 0.008184 -0.010714
v -0.007598 0.008193 -0.010679
v -0.007681 0.007907 -0.010541
v -0.007959 0.008209 -0.010740
v -0.007597 0.007865 -0.010470
v -0.008387 0.008155 -0.010757
v -0.008004 0.008298 -0.010795
v -0.007681 0.007839 -0.010500
v -0.007597 0.007763 -0.010402
v -0.008422 0.007814 -0.010585
v -0.007684 0.007734 -0.010431
v -0.007605 0.007682 -0.010340
v -0.007684 0.007661 -0.010373
v -0.007607 0.007190 -0.009875
v -0.008456 0.007629 -0.010457
v -0.007689 0.007163 -0.009904
v -0.007700 0.006707 -0.009452
v -0.007617 0.006734 -0.009422
v -0.007622 0.006255 -0.008989
v -0.008514 0.007110 -0.009976
v -0.007706 0.006228 -0.009021
v -0.007617 0.005724 -0.008621
v -0.008536 0.006643 -0.009527
v -0.007702 0.005702 -0.008656
v -0.007603 0.005162 -0.008301
v -0.008546 0.006143 -0.009100
v -0.008606 0.007046 -0.010035
v -0.008627 0.006575 -0.009591
v -0.008558 0.005639 -0.008739
v -0.007689 0.005144 -0.008337
v -0.007588 0.004597 -0.007995
v -0.008636 0.006074 -0.009169
v -0.007670 0.004578 -0.008033
v -0.007580 0.004289 -0.007842
v -0.008543 0.005113 -0.008443
v -0.007658 0.004265 -0.007874
v -0.007575 0.004011 -0.007656
v -0.008484 0.004533 -0.008142
v -0.007586 0.003990 -0.007679
v -0.007575 0.003871 -0.007509
v -0.008646 0.005566 -0.008807
v -0.008626 0.005053 -0.008524
v -0.008718 0.005942 -0.009283
v -0.008713 0.005420 -0.008942
v -0.008561 0.004475 -0.008224
v -0.008707 0.006454 -0.009701
v -0.008776 0.005936 -0.009284
v -0.008766 0.006449 -0.009700
v -0.008771 0.005411 -0.008943
v -0.008751 0.006902 -0.010158
v -0.008685 0.004940 -0.008687
v -0.008743 0.004931 -0.008693
v -0.008622 0.004310 -0.008449
v -0.008683 0.004285 -0.008464
v -0.008692 0.006904 -0.010156
v -0.008568 0.007931 -0.011177
v -0.008633 0.007925 -0.011205
v -0.008545 0.007574 -0.010534
v -0.008511 0.007757 -0.010662
v -0.008470 0.008111 -0.010850
v -0.008473 0.008484 -0.011700
v -0.008530 0.008483 -0.011721
v -0.008466 0.008767 -0.011950
v -0.008371 0.008674 -0.011188
v -0.008291 0.008707 -0.011073
v -0.007949 0.008384 -0.010841
v -0.008409 0.008768 -0.011932
v -0.008371 0.009068 -0.012136
v -0.008271 0.009053 -0.011432
v -0.008187 0.009134 -0.011347
v -0.007664 0.008695 -0.011019
v -0.007677 0.008552 -0.010934
v -0.007678 0.008412 -0.010823
v -0.007591 0.008424 -0.010813
v -0.007589 0.008572 -0.010899
v -0.007576 0.008710 -0.010982
v -0.007616 0.009281 -0.011346
v -0.007537 0.009286 -0.011305
v -0.007872 0.009214 -0.011326
v -0.007592 0.009474 -0.011452
v -0.007516 0.009478 -0.011401
v -0.007576 0.009582 -0.011510
v -0.007504 0.009583 -0.011452
v -0.007644 0.009586 -0.011527
v -0.007761 0.009303 -0.011368
v -0.007793 0.009349 -0.011436
v -0.007691 0.009591 -0.011594
v -0.007886 0.009268 -0.011384
v -0.007777 0.009409 -0.011585
v -0.008168 0.009186 -0.011406
v -0.007881 0.009315 -0.011480
v -0.008254 0.009105 -0.011489
v -0.008131 0.009246 -0.011527
v -0.008224 0.009167 -0.011612
v -0.007864 0.009364 -0.011614
v -0.007749 0.009479 -0.011692
v -0.007692 0.009598 -0.011776
v -0.007834 0.009439 -0.011730
v -0.007754 0.009600 -0.011851
v -0.008098 0.009299 -0.011669
v -0.008028 0.009397 -0.011781
v -0.007979 0.009565 -0.012044
v -0.008187 0.009224 -0.011754
v -0.008108 0.009389 -0.011922
v -0.008317 0.009066 -0.012112
v -0.008229 0.009399 -0.012265
v -0.008175 0.009398 -0.012241
v -0.008052 0.009555 -0.012261
v -0.008114 0.009563 -0.012296
v -0.007928 0.008895 -0.001767
v -0.007830 0.009278 -0.001770
v -0.007911 0.009296 -0.001739
v -0.007879 0.008893 -0.001763
v -0.007743 0.008964 -0.001925
v -0.007972 0.007783 -0.001734
v -0.007762 0.008905 -0.001912
v -0.007689 0.008949 -0.001977
v -0.007921 0.007781 -0.001720
v -0.008021 0.006231 -0.001701
v -0.008073 0.006232 -0.001703
v -0.007922 0.006244 -0.001889
v -0.008056 0.005206 -0.001700
v -0.008110 0.005206 -0.001695
v -0.007975 0.005223 -0.001862
v -0.008082 0.004181 -0.001705
v -0.008138 0.004179 -0.001692
v -0.008023 0.004202 -0.001834
v -0.008098 0.003821 -0.001758
v -0.008153 0.003810 -0.001740
v -0.008038 0.003900 -0.001847
v -0.008101 0.003629 -0.001802
v -0.008153 0.003616 -0.001779
v -0.008041 0.003727 -0.001879
v -0.008104 0.003450 -0.001877
v -0.008153 0.003433 -0.001849
v -0.008042 0.003563 -0.001941
v -0.008113 0.003292 -0.001993
v -0.008161 0.003259 -0.001968
v -0.008171 0.003175 -0.002116
v -0.008044 0.003406 -0.002040
v -0.008122 0.003213 -0.002137
v -0.008181 0.003136 -0.002289
v -0.008045 0.003297 -0.002184
v -0.008130 0.003176 -0.002304
v -0.008188 0.003126 -0.002448
v -0.007959 0.003458 -0.002066
v -0.008137 0.003162 -0.002461
v -0.008439 0.003040 -0.007184
v -0.008044 0.003250 -0.002332
v -0.007955 0.003350 -0.002204
v -0.007961 0.003610 -0.001972
v -0.007879 0.003459 -0.002076
v -0.007959 0.003768 -0.001916
v -0.007880 0.003611 -0.001981
v -0.007954 0.003935 -0.001890
v -0.007879 0.003770 -0.001922
v -0.007944 0.004210 -0.001886
v -0.007873 0.003937 -0.001895
v -0.007895 0.005231 -0.001912
v -0.007858 0.004211 -0.001891
v -0.007840 0.006244 -0.001937
v -0.007791 0.004211 -0.001894
v -0.007677 0.008908 -0.001953
v -0.007557 0.005246 -0.001917
v -0.007364 0.008907 -0.001953
v -0.007333 0.008952 -0.001983
v -0.007352 0.008908 -0.001984
v -0.007412 0.008004 -0.001944
v -0.007401 0.008003 -0.001975
v -0.007461 0.007070 -0.001934
v -0.007450 0.007069 -0.001966
v -0.007490 0.006281 -0.001963
v -0.007501 0.006279 -0.001932
v -0.007546 0.005248 -0.001949
v -0.007602 0.004215 -0.001935
v -0.007613 0.004212 -0.001903
v -0.007615 0.003953 -0.001971
v -0.007626 0.003942 -0.001941
v -0.007620 0.003834 -0.002013
v -0.007797 0.003939 -0.001931
v -0.007630 0.003819 -0.001985
v -0.007623 0.003727 -0.002079
v -0.007818 0.003938 -0.001914
v -0.007801 0.003816 -0.001971
v -0.007634 0.003708 -0.002055
v -0.007821 0.003772 -0.001951
v -0.007804 0.003705 -0.002037
v -0.007636 0.003609 -0.002151
v -0.007624 0.003633 -0.002172
v -0.007825 0.003671 -0.002014
v -0.007825 0.003623 -0.002005
v -0.007803 0.003607 -0.002131
v -0.007824 0.003570 -0.002111
v -0.007824 0.003475 -0.002099
v -0.007800 0.003540 -0.002251
v -0.007821 0.003500 -0.002238
v -0.007876 0.003351 -0.002215
v -0.007821 0.003370 -0.002234
v -0.007950 0.003294 -0.002353
v -0.007872 0.003295 -0.002364
v -0.008045 0.003235 -0.002491
v -0.007949 0.003272 -0.002514
v -0.008241 0.003176 -0.006466
v -0.007818 0.003316 -0.002379
v -0.007870 0.003273 -0.002526
v -0.008094 0.003230 -0.006488
v -0.007818 0.003451 -0.002382
v -0.007816 0.003295 -0.002537
v -0.007796 0.003492 -0.002391
v -0.007816 0.003427 -0.002532
v -0.007636 0.003542 -0.002273
v -0.007624 0.003569 -0.002289
v -0.007635 0.003494 -0.002414
v -0.007623 0.003522 -0.002425
v -0.007794 0.003470 -0.002537
v -0.007633 0.003471 -0.002560
v -0.007621 0.003501 -0.002567
v -0.007891 0.003421 -0.006491
v -0.007869 0.003480 -0.006489
v -0.007612 0.003493 -0.006491
v -0.007601 0.003525 -0.006488
v -0.007595 0.003547 -0.006728
v -0.007606 0.003516 -0.006734
v -0.007588 0.003601 -0.006961
v -0.007876 0.003503 -0.006736
v -0.007599 0.003571 -0.006969
v -0.007582 0.003665 -0.007157
v -0.007897 0.003439 -0.006746
v -0.007594 0.003637 -0.007169
v -0.007891 0.003263 -0.006488
v -0.007889 0.003559 -0.006975
v -0.007966 0.003237 -0.006489
v -0.007897 0.003261 -0.006771
v -0.007979 0.003235 -0.006775
v -0.007911 0.003494 -0.006993
v -0.007911 0.003307 -0.007041
v -0.008124 0.003228 -0.006777
v -0.008002 0.003281 -0.007049
v -0.007931 0.003389 -0.007240
v -0.007931 0.003561 -0.007190
v -0.007909 0.003633 -0.007169
v -0.007954 0.003516 -0.007415
v -0.007590 0.003732 -0.007355
v -0.007578 0.003759 -0.007339
v -0.007954 0.003649 -0.007377
v -0.007933 0.003718 -0.007357
v -0.007587 0.003847 -0.007529
v -0.007949 0.003787 -0.007526
v -0.007975 0.003736 -0.007551
v -0.007985 0.003695 -0.007581
v -0.007996 0.003832 -0.007693
v -0.007988 0.003891 -0.007765
v -0.008091 0.003668 -0.007603
v -0.008124 0.003871 -0.007761
v -0.008428 0.004161 -0.007932
v -0.008505 0.004072 -0.008012
v -0.008357 0.003840 -0.007745
v -0.008580 0.003781 -0.008300
v -0.008635 0.003739 -0.008324
v -0.008438 0.003734 -0.007833
v -0.008307 0.003652 -0.007600
v -0.008515 0.003280 -0.008164
v -0.008526 0.003222 -0.008192
v -0.008392 0.003558 -0.007702
v -0.008473 0.003186 -0.008108
v -0.008464 0.003124 -0.008132
v -0.008464 0.003134 -0.007970
v -0.008445 0.003074 -0.007980
v -0.008348 0.003410 -0.007542
v -0.008256 0.003487 -0.007431
v -0.008311 0.003283 -0.007337
v -0.008399 0.003087 -0.007198
v -0.008258 0.003168 -0.006790
v -0.008284 0.003208 -0.007103
v -0.008169 0.003274 -0.007052
v -0.008210 0.003359 -0.007254
v -0.008028 0.003366 -0.007252
v -0.008058 0.003494 -0.007429
v -0.008802 0.004669 -0.001343
v -0.008732 0.004629 -0.001322
v -0.008716 0.004669 -0.001334
v -0.008705 0.004825 -0.001353
v -0.008757 0.004630 -0.001367
v -0.008853 0.004825 -0.001365
v -0.008704 0.004948 -0.001354
v -0.008828 0.004669 -0.001367
v -0.008767 0.004630 -0.001398
v -0.008871 0.004948 -0.001363
v -0.008711 0.005065 -0.001349
v -0.008879 0.004826 -0.001389
v -0.008839 0.004670 -0.001398
v -0.008774 0.004653 -0.002873
v -0.008878 0.005066 -0.001358
v -0.008846 0.004693 -0.002874
v -0.008722 0.005180 -0.001334
v -0.008781 0.004676 -0.004336
v -0.008890 0.004826 -0.001420
v -0.008897 0.004948 -0.001388
v -0.008852 0.004715 -0.004340
v -0.008783 0.004699 -0.005799
v -0.008897 0.004849 -0.002878
v -0.008908 0.004949 -0.001418
v -0.008854 0.004738 -0.005806
v -0.008784 0.004721 -0.007263
v -0.008905 0.004872 -0.004355
v -0.008915 0.004972 -0.002880
v -0.008915 0.005066 -0.001413
v -0.008904 0.005066 -0.001383
v -0.008921 0.005090 -0.002883
v -0.008895 0.005181 -0.001368
v -0.008905 0.005181 -0.001399
v -0.008910 0.005206 -0.002885
v -0.008921 0.004996 -0.004368
v -0.008927 0.005114 -0.004379
v -0.008908 0.004896 -0.005833
v -0.008924 0.005020 -0.005855
v -0.008855 0.004761 -0.007272
v -0.008909 0.004919 -0.007311
v -0.008842 0.004774 -0.008114
v -0.008772 0.004735 -0.008122
v -0.008925 0.005044 -0.007342
v -0.008842 0.004784 -0.008192
v -0.008771 0.004746 -0.008205
v -0.008897 0.004933 -0.008198
v -0.008842 0.004807 -0.008267
v -0.008772 0.004771 -0.008285
v -0.008888 0.004923 -0.008291
v -0.008843 0.004837 -0.008322
v -0.008772 0.004804 -0.008344
v -0.008844 0.004881 -0.008366
v -0.008773 0.004851 -0.008393
v -0.008774 0.004980 -0.008467
v -0.008912 0.005058 -0.008265
v -0.008895 0.005044 -0.008363
v -0.008846 0.005011 -0.008437
v -0.008775 0.005151 -0.008545
v -0.008915 0.005178 -0.008328
v -0.008848 0.005169 -0.008509
v -0.008777 0.005354 -0.008629
v -0.008897 0.005176 -0.008427
v -0.008850 0.005355 -0.008590
v -0.008850 0.005385 -0.008593
v -0.008776 0.005396 -0.008631
v -0.008886 0.005352 -0.008512
v -0.008848 0.005415 -0.008585
v -0.008774 0.005436 -0.008620
v -0.008846 0.005438 -0.008567
v -0.008772 0.005467 -0.008595
v -0.008770 0.005488 -0.008550
v -0.008845 0.005453 -0.008530
v -0.008769 0.005498 -0.008489
v -0.008899 0.005296 -0.008391
v -0.008884 0.005359 -0.008408
v -0.008844 0.005460 -0.008477
v -0.008816 0.005483 -0.008446
v -0.008770 0.005497 -0.008415
v -0.008839 0.005459 -0.008451
v -0.008809 0.005488 -0.008417
v -0.008784 0.005481 -0.007450
v -0.008812 0.005461 -0.008409
v -0.008823 0.005443 -0.008414
v -0.008806 0.005466 -0.008395
v -0.008838 0.005382 -0.008375
v -0.008823 0.005471 -0.007448
v -0.008820 0.005450 -0.007447
v -0.008788 0.005455 -0.005932
v -0.008827 0.005446 -0.005930
v -0.008824 0.005425 -0.005929
v -0.008790 0.005430 -0.004411
v -0.008829 0.005420 -0.004410
v -0.008826 0.005399 -0.004409
v -0.008788 0.005404 -0.002889
v -0.008826 0.005395 -0.002889
v -0.008824 0.005374 -0.002889
v -0.008821 0.005348 -0.001356
v -0.008824 0.005369 -0.001353
v -0.008785 0.005378 -0.001349
v -0.008816 0.005342 -0.001341
v -0.008814 0.005360 -0.001327
v -0.008776 0.005378 -0.001323
v -0.008819 0.005323 -0.001328
v -0.008745 0.005377 -0.001272
v -0.008798 0.005339 -0.001302
v -0.008731 0.005264 -0.001314
v -0.008813 0.005257 -0.001325
v -0.008830 0.005261 -0.001347
v -0.008870 0.005241 -0.001351
v -0.008876 0.005243 -0.001383
v -0.008869 0.005181 -0.001343
v -0.008897 0.005233 -0.001386
v -0.008880 0.005267 -0.002886
v -0.008901 0.005258 -0.002886
v -0.008905 0.005282 -0.004396
v -0.008884 0.005292 -0.004397
v -0.008915 0.005231 -0.004391
v -0.008904 0.005307 -0.005906
v -0.008883 0.005317 -0.005907
v -0.008915 0.005255 -0.005897
v -0.008928 0.005138 -0.005876
v -0.008928 0.005163 -0.007372
v -0.008913 0.005280 -0.007401
v -0.008902 0.005332 -0.007413
v -0.008881 0.005342 -0.007416
v -0.008868 0.005357 -0.008328
v -0.008890 0.005347 -0.008341
v -0.008878 0.005373 -0.008391
v -0.008533 0.004422 -0.001509
v -0.008592 0.004423 -0.001483
v -0.008585 0.004421 -0.001547
v -0.008527 0.004420 -0.001572
v -0.008643 0.004422 -0.001521
v -0.008578 0.004419 -0.001610
v -0.008637 0.004420 -0.001584
v -0.008529 0.007411 -0.001429
v -0.008587 0.007409 -0.001403
v -0.008580 0.007413 -0.001467
v -0.008522 0.007415 -0.001493
v -0.008639 0.007411 -0.001441
v -0.008574 0.007417 -0.001530
v -0.008632 0.007415 -0.001504
v -0.008659 0.004837 -0.001610
v -0.008671 0.004851 -0.001721
v -0.008696 0.004801 -0.001723
v -0.008629 0.004888 -0.001720
v -0.008681 0.004792 -0.001611
v -0.008622 0.004870 -0.001609
v -0.008699 0.004746 -0.001724
v -0.008577 0.004907 -0.001720
v -0.008683 0.004742 -0.001612
v -0.008574 0.004887 -0.001608
v -0.008586 0.004050 -0.001629
v -0.008525 0.004884 -0.001608
v -0.008602 0.004051 -0.001741
v -0.008521 0.004904 -0.001720
v -0.008570 0.004003 -0.001630
v -0.008480 0.004862 -0.001609
v -0.008584 0.003999 -0.001742
v -0.008470 0.004879 -0.001720
v -0.008537 0.003965 -0.001631
v -0.008433 0.004837 -0.001721
v -0.008546 0.003957 -0.001743
v -0.008446 0.004825 -0.001609
v -0.008496 0.003933 -0.001743
v -0.008414 0.004786 -0.001722
v -0.008492 0.003944 -0.001631
v -0.008430 0.004778 -0.001610
v -0.008440 0.003930 -0.001743
v -0.008317 0.004090 -0.001739
v -0.008442 0.003941 -0.001631
v -0.008333 0.004085 -0.001627
v -0.008395 0.003957 -0.001630
v -0.008321 0.004036 -0.001740
v -0.008387 0.003948 -0.001742
v -0.008336 0.004035 -0.001628
v -0.008358 0.003990 -0.001629
v -0.008345 0.003986 -0.001742
v -0.008504 0.007851 -0.001659
v -0.008515 0.007861 -0.001693
v -0.008546 0.007815 -0.001692
v -0.008469 0.007892 -0.001694
v -0.008532 0.007810 -0.001657
v -0.008463 0.007879 -0.001659
v -0.008558 0.007761 -0.001690
v -0.008414 0.007904 -0.001694
v -0.008542 0.007761 -0.001656
v -0.008414 0.007888 -0.001659
v -0.008558 0.007059 -0.001672
v -0.008365 0.007879 -0.001659
v -0.008542 0.007061 -0.001638
v -0.008359 0.007892 -0.001694
v -0.008532 0.007012 -0.001637
v -0.008323 0.007851 -0.001659
v -0.008546 0.007006 -0.001671
v -0.008312 0.007861 -0.001693
v -0.008504 0.006971 -0.001636
v -0.008281 0.007815 -0.001692
v -0.008515 0.006959 -0.001670
v -0.008296 0.007810 -0.001657
v -0.008469 0.006928 -0.001669
v -0.008270 0.007761 -0.001690
v -0.008463 0.006943 -0.001635
v -0.008286 0.007761 -0.001656
v -0.008414 0.006917 -0.001669
v -0.008270 0.007059 -0.001672
v -0.008414 0.006934 -0.001635
v -0.008286 0.007061 -0.001638
v -0.008365 0.006943 -0.001635
v -0.008296 0.007012 -0.001637
v -0.008359 0.006928 -0.001669
v -0.008281 0.007006 -0.001671
v -0.008323 0.006971 -0.001636
v -0.008312 0.006959 -0.001670
v -0.008590 0.007420 -0.001374
v -0.008529 0.007411 -0.001429
v -0.008506 0.007423 -0.001412
v -0.008496 0.007429 -0.001504
v -0.008587 0.007409 -0.001403
v -0.008522 0.007415 -0.001493
v -0.008664 0.007424 -0.001428
v -0.008571 0.007432 -0.001557
v -0.008639 0.007411 -0.001441
v -0.008574 0.007417 -0.001530
v -0.008655 0.007430 -0.001520
v -0.008632 0.007415 -0.001504
v -0.008576 0.004432 -0.001639
v -0.008637 0.004420 -0.001584
v -0.008660 0.004433 -0.001601
v -0.008578 0.004419 -0.001610
v -0.008643 0.004422 -0.001521
v -0.008501 0.004433 -0.001585
v -0.008669 0.004435 -0.001509
v -0.008527 0.004420 -0.001572
v -0.008592 0.004423 -0.001483
v -0.008510 0.004436 -0.001493
v -0.008594 0.004437 -0.001455
v -0.008533 0.004422 -0.001509
v -0.008605 0.003180 -0.008217
v -0.008642 0.003424 -0.008265
v -0.008602 0.003177 -0.007653
v -0.008686 0.003693 -0.007757
v -0.008692 0.003685 -0.007027
v -0.008575 0.003139 -0.007646
v -0.008597 0.003172 -0.006912
v -0.008695 0.003672 -0.005669
v -0.008508 0.003123 -0.007642
v -0.008570 0.003135 -0.006903
v -0.008590 0.003164 -0.005608
v -0.008695 0.003658 -0.004312
v -0.008500 0.003118 -0.006900
v -0.008561 0.003128 -0.005603
v -0.008584 0.003157 -0.004303
v -0.008578 0.003148 -0.002999
v -0.008543 0.003103 -0.001686
v -0.008549 0.003112 -0.003003
v -0.008472 0.003087 -0.001687
v -0.008555 0.003121 -0.004303
v -0.008479 0.003096 -0.003004
v -0.008456 0.003076 -0.003006
v -0.008485 0.003105 -0.004302
v -0.008491 0.003112 -0.005601
v -0.008462 0.003084 -0.004302
v -0.008468 0.003091 -0.005599
v -0.008477 0.003097 -0.006895
v -0.008439 0.003005 -0.005588
v -0.008450 0.003014 -0.006876
v -0.007045 0.007937 -0.003440
v -0.007166 0.007975 -0.003695
v -0.007041 0.007906 -0.003498
v -0.007148 0.007941 -0.003718
v -0.007037 0.007881 -0.003552
v -0.007135 0.007919 -0.003734
v -0.007029 0.007826 -0.003621
v -0.007113 0.007868 -0.003766
v -0.007023 0.007755 -0.003683
v -0.007103 0.007808 -0.003806
v -0.006941 0.006961 -0.004179
v -0.007021 0.007016 -0.004332
v -0.006929 0.006925 -0.004226
v -0.007006 0.006980 -0.004351
v -0.007045 0.007937 -0.003440
v -0.006992 0.007936 -0.003455
v -0.007003 0.007961 -0.003430
v -0.006974 0.007980 -0.003446
v -0.007041 0.007906 -0.003498
v -0.006953 0.007960 -0.003468
v -0.006953 0.008010 -0.003466
v -0.006999 0.007928 -0.003488
v -0.006995 0.007903 -0.003542
v -0.007037 0.007881 -0.003552
v -0.006953 0.007945 -0.003500
v -0.006921 0.007994 -0.003485
v -0.006932 0.008042 -0.003496
v -0.006950 0.007910 -0.003558
v -0.006899 0.008028 -0.003513
v -0.006918 0.007972 -0.003522
v -0.006884 0.008074 -0.003558
v -0.006915 0.008086 -0.003539
v -0.006929 0.008145 -0.003644
v -0.006894 0.007999 -0.003551
v -0.006915 0.007928 -0.003584
v -0.006898 0.008129 -0.003665
v -0.006980 0.008178 -0.003745
v -0.006885 0.008031 -0.003596
v -0.006949 0.008156 -0.003764
v -0.007041 0.008188 -0.003832
v -0.006902 0.008079 -0.003692
v -0.006893 0.007949 -0.003615
v -0.006887 0.007973 -0.003653
v -0.006951 0.008104 -0.003781
v -0.006903 0.008010 -0.003737
v -0.007030 0.008169 -0.003854
v -0.007129 0.008161 -0.003905
v -0.006889 0.007910 -0.003710
v -0.007118 0.008138 -0.003925
v -0.007167 0.008092 -0.003876
v -0.007099 0.008104 -0.003923
v -0.007129 0.008050 -0.003876
v -0.007174 0.008031 -0.003805
v -0.007025 0.008120 -0.003868
v -0.007073 0.008070 -0.003916
v -0.007147 0.007996 -0.003815
v -0.007166 0.007975 -0.003695
v -0.007148 0.007941 -0.003718
v -0.007135 0.007919 -0.003734
v -0.007106 0.008021 -0.003876
v -0.007131 0.007975 -0.003822
v -0.007115 0.007946 -0.003834
v -0.007113 0.007868 -0.003766
v -0.007087 0.007987 -0.003881
v -0.007053 0.008023 -0.003912
v -0.007029 0.008050 -0.003886
v -0.007036 0.007980 -0.003920
v -0.006949 0.008033 -0.003817
v -0.006901 0.007941 -0.003784
v -0.006946 0.007965 -0.003859
v -0.006898 0.007872 -0.003830
v -0.006942 0.007892 -0.003906
v -0.006888 0.007844 -0.003762
v -0.007075 0.007953 -0.003893
v -0.007027 0.007938 -0.003937
v -0.007104 0.007916 -0.003848
v -0.007065 0.007913 -0.003910
v -0.007096 0.007880 -0.003866
v -0.007103 0.007808 -0.003806
v -0.007019 0.007900 -0.003956
v -0.007090 0.007845 -0.003886
v -0.007021 0.007016 -0.004332
v -0.007059 0.007875 -0.003930
v -0.007002 0.007008 -0.004423
v -0.007006 0.006980 -0.004351
v -0.006989 0.006971 -0.004437
v -0.006965 0.006996 -0.004484
v -0.006952 0.006956 -0.004493
v -0.006917 0.006974 -0.004529
v -0.006923 0.006944 -0.004524
v -0.006890 0.006956 -0.004497
v -0.006905 0.006931 -0.004503
v -0.006868 0.006906 -0.004434
v -0.006850 0.006933 -0.004417
v -0.006859 0.006896 -0.004352
v -0.006842 0.006923 -0.004331
v -0.006863 0.006896 -0.004278
v -0.006849 0.006921 -0.004254
v -0.006895 0.006904 -0.004240
v -0.006910 0.007805 -0.003704
v -0.006894 0.006935 -0.004199
v -0.006929 0.006925 -0.004226
v -0.006941 0.006961 -0.004179
v -0.006982 0.007774 -0.003677
v -0.007023 0.007755 -0.003683
v -0.007029 0.007826 -0.003621
v -0.006912 0.007872 -0.003649
v -0.006989 0.007845 -0.003616
v -0.007045 0.009515 -0.010158
v -0.007061 0.009501 -0.009768
v -0.007024 0.009486 -0.010082
v -0.007040 0.009494 -0.010166
v -0.007040 0.009472 -0.009769
v -0.007020 0.009465 -0.010090
v -0.007027 0.009395 -0.010043
v -0.007114 0.009451 -0.008652
v -0.007015 0.009415 -0.010029
v -0.007007 0.009370 -0.009953
v -0.007018 0.009345 -0.009962
v -0.007016 0.009402 -0.009787
v -0.007003 0.009344 -0.009871
v -0.007012 0.009316 -0.009875
v -0.007036 0.009268 -0.009254
v -0.007026 0.009295 -0.009251
v -0.007059 0.009210 -0.008634
v -0.007032 0.009370 -0.009245
v -0.007093 0.009422 -0.008652
v -0.007158 0.009402 -0.007535
v -0.007057 0.009331 -0.008641
v -0.007139 0.009372 -0.007536
v -0.007181 0.009355 -0.006418
v -0.007049 0.009236 -0.008631
v -0.007101 0.009251 -0.007538
v -0.007090 0.009125 -0.007540
v -0.007102 0.009099 -0.007542
v -0.007108 0.009058 -0.006952
v -0.007120 0.009031 -0.006954
v -0.007116 0.009208 -0.006922
v -0.007126 0.008958 -0.006364
v -0.007138 0.008931 -0.006365
v -0.007164 0.009325 -0.006419
v -0.007184 0.009310 -0.005301
v -0.007132 0.009138 -0.006342
v -0.007150 0.008818 -0.005709
v -0.007163 0.008792 -0.005700
v -0.007143 0.009056 -0.005673
v -0.007169 0.009280 -0.005302
v -0.007173 0.009265 -0.004184
v -0.007147 0.008994 -0.005192
v -0.007174 0.008632 -0.005054
v -0.007188 0.008607 -0.005035
v -0.007178 0.008622 -0.005022
v -0.007165 0.008945 -0.004772
v -0.007177 0.008918 -0.004759
v -0.007177 0.008962 -0.004710
v -0.007164 0.008988 -0.004722
v -0.007177 0.008997 -0.004655
v -0.007163 0.009022 -0.004666
v -0.007176 0.009025 -0.004596
v -0.007162 0.009050 -0.004608
v -0.007160 0.009061 -0.004545
v -0.007176 0.009038 -0.004534
v -0.007160 0.009235 -0.004185
v -0.007158 0.009058 -0.004177
v -0.007176 0.009037 -0.004178
v -0.007175 0.009023 -0.003485
v -0.007127 0.009190 -0.003073
v -0.007139 0.009220 -0.003069
v -0.007148 0.009043 -0.003481
v -0.007123 0.009177 -0.002936
v -0.007134 0.009205 -0.002926
v -0.007127 0.009129 -0.002816
v -0.007139 0.009155 -0.002800
v -0.007142 0.009066 -0.002752
v -0.007156 0.009084 -0.002716
v -0.007150 0.009017 -0.002750
v -0.007182 0.008984 -0.002676
v -0.007147 0.009037 -0.002738
v -0.007170 0.009001 -0.002661
v -0.007286 0.006189 -0.002377
v -0.007246 0.006149 -0.002386
v -0.007443 0.006109 -0.002349
v -0.007270 0.005432 -0.002383
v -0.007535 0.006001 -0.002333
v -0.007568 0.005859 -0.002317
v -0.007511 0.004479 -0.002871
v -0.007271 0.005386 -0.002397
v -0.007270 0.005350 -0.002428
v -0.007144 0.004507 -0.002953
v -0.007448 0.004390 -0.003761
v -0.007107 0.004374 -0.003800
v -0.007417 0.004402 -0.004250
v -0.007102 0.004576 -0.004855
v -0.007461 0.004404 -0.004323
v -0.007540 0.004405 -0.004357
v -0.007585 0.004406 -0.004430
v -0.007567 0.004413 -0.004714
v -0.007502 0.004447 -0.005990
v -0.007132 0.005132 -0.006224
v -0.007550 0.004500 -0.006912
v -0.007130 0.005149 -0.006392
v -0.007635 0.004526 -0.007230
v -0.007128 0.005179 -0.006558
v -0.007125 0.005233 -0.006741
v -0.007628 0.005139 -0.007641
v -0.007127 0.005340 -0.006966
v -0.007125 0.005488 -0.007201
v -0.007542 0.005290 -0.007763
v -0.007122 0.005663 -0.007416
v -0.007447 0.005544 -0.007955
v -0.007113 0.006062 -0.007801
v -0.007441 0.006004 -0.008264
v -0.007102 0.006358 -0.008077
v -0.007399 0.006132 -0.008341
v -0.007113 0.006386 -0.008112
v -0.007315 0.006246 -0.008394
v -0.006537 0.012659 -0.008173
v -0.006457 0.012814 -0.007889
v -0.006468 0.012792 -0.007910
v -0.006541 0.012645 -0.008145
v -0.006481 0.012758 -0.007920
v -0.006701 0.012321 -0.007900
v -0.006710 0.012306 -0.008123
v -0.006914 0.011865 -0.007875
v -0.006921 0.011854 -0.008097
v -0.007141 0.011368 -0.007848
v -0.007149 0.011352 -0.008068
v -0.007321 0.010925 -0.007823
v -0.007326 0.010916 -0.008044
v -0.007500 0.010473 -0.008019
v -0.007501 0.010468 -0.007798
v -0.007660 0.010007 -0.007993
v -0.007660 0.010007 -0.007773
v -0.007787 0.009635 -0.007972
v -0.007790 0.009629 -0.007752
v -0.007794 0.009617 -0.007742
v -0.007790 0.009627 -0.007984
v -0.008054 0.009578 -0.012323
v -0.007975 0.009685 -0.012302
v -0.008114 0.009563 -0.012296
v -0.007979 0.009655 -0.012326
v -0.007894 0.009774 -0.012294
v -0.007859 0.009804 -0.012297
v -0.007852 0.009899 -0.012247
v -0.007818 0.009887 -0.012268
v -0.007783 0.009973 -0.012232
v -0.007742 0.010074 -0.012178
v -0.007767 0.010106 -0.012124
v -0.007703 0.010172 -0.012116
v -0.007661 0.010277 -0.012036
v -0.007678 0.010333 -0.011952
v -0.007592 0.010448 -0.011894
v -0.007557 0.010627 -0.011694
v -0.007525 0.010612 -0.011743
v -0.007442 0.010812 -0.011546
v -0.007399 0.010985 -0.011320
v -0.007328 0.011073 -0.011262
v -0.007235 0.011274 -0.011022
v -0.007239 0.011346 -0.010893
v -0.007142 0.011464 -0.010780
v -0.007069 0.011683 -0.010450
v -0.007049 0.011650 -0.010534
v -0.006943 0.011856 -0.010256
v -0.006903 0.012001 -0.010011
v -0.006839 0.012048 -0.009978
v -0.006730 0.012244 -0.009676
v -0.006732 0.012306 -0.009550
v -0.006628 0.012427 -0.009378
v -0.006567 0.012587 -0.009082
v -0.006528 0.012601 -0.009074
v -0.006432 0.012751 -0.008780
v -0.006416 0.012840 -0.008608
v -0.006344 0.012898 -0.008483
v -0.006281 0.013068 -0.008102
v -0.006264 0.013035 -0.008176
v -0.006200 0.013150 -0.007890
v -0.006146 0.013250 -0.007598
v -0.006173 0.013251 -0.007577
v -0.006094 0.013386 -0.007037
v -0.006102 0.013326 -0.007317
v -0.006069 0.013383 -0.007027
v -0.006048 0.013465 -0.006478
v -0.006037 0.013437 -0.006704
v -0.006013 0.013481 -0.006380
v -0.005995 0.013516 -0.006082
v -0.006013 0.013525 -0.005919
v -0.005981 0.013547 -0.005770
v -0.005989 0.013568 -0.005334
v -0.005971 0.013570 -0.005458
v -0.005963 0.013590 -0.005067
v -0.005964 0.013595 -0.004778
v -0.005956 0.013607 -0.004641
v -0.005954 0.013613 -0.004211
v -0.005949 0.013621 -0.004122
v -0.005946 0.013619 -0.003642
v -0.005947 0.013627 -0.003603
v -0.005939 0.013619 -0.003075
v -0.005948 0.013629 -0.002997
v -0.005931 0.013605 -0.002504
v -0.005957 0.013622 -0.002253
v -0.005907 0.013596 -0.002276
v -0.005914 0.013592 -0.002256
v -0.005963 0.013620 -0.002237
v -0.006098 0.013381 -0.002229
v -0.006093 0.013539 -0.002226
v -0.006046 0.013609 -0.002234
v -0.006154 0.013391 -0.002209
v -0.006133 0.013383 -0.002209
v -0.006296 0.013071 -0.002180
v -0.006202 0.013364 -0.002205
v -0.006477 0.012828 -0.002129
v -0.006540 0.012655 -0.002113
v -0.006740 0.012296 -0.002055
v -0.006752 0.012235 -0.002054
v -0.006982 0.011787 -0.001983
v -0.006972 0.011757 -0.001990
v -0.007207 0.011279 -0.001912
v -0.007193 0.011278 -0.001926
v -0.007393 0.010789 -0.001873
v -0.007417 0.010779 -0.001838
v -0.007595 0.010286 -0.001820
v -0.007599 0.010310 -0.001775
v -0.007772 0.009800 -0.001704
v -0.007773 0.009773 -0.001769
v -0.007917 0.009338 -0.001639
v -0.007911 0.009296 -0.001739
v -0.007975 0.009685 -0.012302
v -0.008052 0.009555 -0.012261
v -0.008114 0.009563 -0.012296
v -0.007942 0.009669 -0.012284
v -0.007894 0.009774 -0.012294
v -0.007872 0.009759 -0.012290
v -0.007802 0.009877 -0.012256
v -0.007852 0.009899 -0.012247
v -0.007717 0.010082 -0.012119
v -0.007767 0.010106 -0.012124
v -0.007630 0.010308 -0.011945
v -0.007678 0.010333 -0.011952
v -0.007509 0.010602 -0.011689
v -0.007557 0.010627 -0.011694
v -0.007352 0.010959 -0.011316
v -0.007399 0.010985 -0.011320
v -0.007195 0.011317 -0.010887
v -0.007239 0.011346 -0.010893
v -0.007028 0.011651 -0.010444
v -0.007069 0.011683 -0.010450
v -0.006865 0.011968 -0.010004
v -0.006903 0.012001 -0.010011
v -0.006696 0.012272 -0.009544
v -0.006732 0.012306 -0.009550
v -0.006534 0.012553 -0.009077
v -0.006567 0.012587 -0.009082
v -0.006386 0.012806 -0.008603
v -0.006416 0.012840 -0.008608
v -0.006252 0.013034 -0.008098
v -0.006281 0.013068 -0.008102
v -0.006173 0.013251 -0.007577
v -0.006136 0.013230 -0.007577
v -0.006094 0.013386 -0.007037
v -0.006057 0.013365 -0.007037
v -0.006048 0.013465 -0.006478
v -0.006011 0.013444 -0.006478
v -0.006013 0.013525 -0.005919
v -0.005976 0.013504 -0.005919
v -0.005989 0.013568 -0.005334
v -0.005952 0.013546 -0.005334
v -0.005964 0.013595 -0.004778
v -0.005928 0.013572 -0.004777
v -0.005954 0.013613 -0.004211
v -0.005918 0.013590 -0.004211
v -0.005946 0.013619 -0.003642
v -0.005911 0.013595 -0.003642
v -0.005939 0.013619 -0.003075
v -0.005907 0.013596 -0.003075
v -0.005903 0.013576 -0.002508
v -0.005931 0.013605 -0.002504
v -0.005903 0.013572 -0.002414
v -0.005907 0.013596 -0.002276
v -0.005943 0.013535 -0.002332
v -0.005914 0.013592 -0.002256
v -0.005988 0.013474 -0.002287
v -0.006098 0.013381 -0.002229
v -0.006062 0.013362 -0.002253
v -0.006258 0.013045 -0.002194
v -0.006296 0.013071 -0.002180
v -0.006488 0.012642 -0.002128
v -0.006540 0.012655 -0.002113
v -0.006713 0.012215 -0.002065
v -0.006752 0.012235 -0.002054
v -0.006972 0.011757 -0.001990
v -0.006944 0.011743 -0.002003
v -0.007193 0.011278 -0.001926
v -0.007160 0.011262 -0.001943
v -0.007393 0.010789 -0.001873
v -0.007361 0.010769 -0.001895
v -0.007540 0.010277 -0.001845
v -0.007595 0.010286 -0.001820
v -0.007706 0.009779 -0.001793
v -0.007773 0.009773 -0.001769
v -0.007830 0.009278 -0.001770
v -0.007911 0.009296 -0.001739
v -0.007653 0.008341 -0.010409
v -0.007538 0.008571 -0.010569
v -0.007553 0.008319 -0.010407
v -0.007644 0.008583 -0.010549
v -0.007979 0.008375 -0.010456
v -0.008024 0.008464 -0.010511
v -0.007969 0.008550 -0.010557
v -0.007012 0.008179 -0.002629
v -0.007020 0.008257 -0.002559
v -0.007017 0.008213 -0.002586
v -0.007020 0.008308 -0.002547
v -0.007004 0.008159 -0.002686
v -0.007016 0.008379 -0.002555
v -0.007011 0.008461 -0.002574
v -0.006996 0.008626 -0.002636
v -0.006992 0.008659 -0.002667
v -0.006989 0.008689 -0.002704
v -0.006986 0.008713 -0.002746
v -0.006982 0.008724 -0.002794
v -0.006965 0.008154 -0.002961
v -0.006955 0.008726 -0.003073
v -0.006951 0.008717 -0.003114
v -0.006947 0.008699 -0.003152
v -0.006944 0.008676 -0.003187
v -0.006941 0.008644 -0.003215
v -0.006928 0.008473 -0.003325
v -0.006925 0.008399 -0.003354
v -0.006927 0.008179 -0.003235
v -0.006922 0.008321 -0.003369
v -0.006921 0.008198 -0.003296
v -0.006920 0.008231 -0.003338
v -0.006920 0.008273 -0.003362
v -0.006987 0.008282 -0.002717
v -0.006989 0.008265 -0.002701
v -0.006983 0.008241 -0.002752
v -0.006983 0.008265 -0.002757
v -0.006978 0.008265 -0.002794
v -0.006978 0.008241 -0.002799
v -0.006974 0.008282 -0.002834
v -0.006972 0.008265 -0.002850
v -0.006969 0.008317 -0.002875
v -0.006972 0.008322 -0.002851
v -0.006972 0.008553 -0.002851
v -0.006969 0.008557 -0.002875
v -0.006974 0.008593 -0.002834
v -0.006972 0.008609 -0.002850
v -0.006978 0.008633 -0.002799
v -0.006978 0.008609 -0.002794
v -0.006983 0.008633 -0.002752
v -0.006982 0.008609 -0.002757
v -0.006987 0.008593 -0.002717
v -0.006989 0.008609 -0.002701
v -0.006991 0.008557 -0.002677
v -0.006989 0.008553 -0.002701
v -0.006992 0.008317 -0.002677
v -0.006989 0.008322 -0.002701
v -0.006987 0.008282 -0.002717
v -0.006989 0.008265 -0.002701
v -0.007203 0.008385 -0.004566
v -0.007180 0.008558 -0.004920
v -0.007219 0.008558 -0.004920
v -0.007349 0.008390 -0.004573
v -0.007387 0.008410 -0.004623
v -0.007238 0.008557 -0.004920
v -0.007334 0.008554 -0.004922
v -0.007385 0.008531 -0.004867
v -0.006964 0.008283 -0.002957
v -0.006966 0.008267 -0.002941
v -0.006960 0.008243 -0.002992
v -0.006960 0.008267 -0.002997
v -0.006955 0.008267 -0.003035
v -0.006955 0.008243 -0.003039
v -0.006951 0.008283 -0.003075
v -0.006949 0.008267 -0.003091
v -0.006946 0.008319 -0.003115
v -0.006949 0.008323 -0.003091
v -0.006946 0.008559 -0.003115
v -0.006949 0.008554 -0.003091
v -0.006950 0.008594 -0.003075
v -0.006949 0.008611 -0.003091
v -0.006954 0.008635 -0.003039
v -0.006955 0.008611 -0.003035
v -0.006959 0.008611 -0.002997
v -0.006960 0.008635 -0.002992
v -0.006964 0.008594 -0.002957
v -0.006965 0.008611 -0.002941
v -0.006968 0.008559 -0.002917
v -0.006966 0.008554 -0.002941
v -0.006969 0.008319 -0.002917
v -0.006966 0.008323 -0.002941
v -0.006964 0.008283 -0.002957
v -0.006966 0.008267 -0.002941
v -0.007475 0.010409 -0.010996
v -0.007413 0.010724 -0.010854
v -0.007513 0.010453 -0.011106
v -0.007516 0.010276 -0.011052
v -0.007523 0.010248 -0.011174
v -0.007575 0.010278 -0.011261
v -0.007564 0.010149 -0.011084
v -0.007621 0.010143 -0.011369
v -0.007617 0.010020 -0.011215
v -0.007662 0.010020 -0.011451
v -0.007700 0.009906 -0.011514
v -0.007725 0.009831 -0.011546
v -0.007617 0.010013 -0.011080
v -0.007741 0.009785 -0.011528
v -0.007683 0.009836 -0.011123
v -0.007649 0.009925 -0.011043
v -0.007672 0.009858 -0.010956
v -0.007729 0.009787 -0.010618
v -0.007760 0.009722 -0.010111
v -0.007833 0.009403 -0.002415
v -0.007493 0.009333 -0.002268
v -0.007838 0.009401 -0.002452
v -0.007464 0.009366 -0.002267
v -0.007467 0.009327 -0.002242
v -0.007828 0.009433 -0.002412
v -0.007442 0.009357 -0.002241
v -0.007371 0.009471 -0.002264
v -0.007371 0.009333 -0.002104
v -0.007380 0.009302 -0.002102
v -0.007357 0.009498 -0.002265
v -0.007703 0.009826 -0.002435
v -0.007385 0.009333 -0.002074
v -0.007392 0.009299 -0.002070
v -0.007666 0.009346 -0.001978
v -0.007672 0.009312 -0.001976
v -0.007362 0.009368 -0.002107
v -0.007374 0.009389 -0.002079
v -0.007594 0.009776 -0.001995
v -0.007351 0.009463 -0.002238
v -0.007354 0.009405 -0.002110
v -0.007304 0.009769 -0.002112
v -0.007469 0.010253 -0.002022
v -0.007337 0.009494 -0.002239
v -0.007287 0.009770 -0.002142
v -0.007208 0.010238 -0.002154
v -0.007295 0.010717 -0.002062
v -0.007289 0.009779 -0.002262
v -0.007191 0.010237 -0.002184
v -0.007069 0.010697 -0.002197
v -0.007119 0.011181 -0.002112
v -0.007055 0.010691 -0.002226
v -0.007195 0.010238 -0.002311
v -0.007310 0.009785 -0.002288
v -0.007527 0.010330 -0.002465
v -0.007215 0.010243 -0.002337
v -0.007069 0.010683 -0.002359
v -0.007090 0.010687 -0.002385
v -0.007343 0.010814 -0.002493
v -0.006899 0.011144 -0.002268
v -0.006923 0.011128 -0.002408
v -0.006943 0.011132 -0.002435
v -0.007145 0.011298 -0.002522
v -0.006911 0.011153 -0.002238
v -0.006911 0.011632 -0.002168
v -0.006754 0.011588 -0.002479
v -0.006918 0.011803 -0.002551
v -0.006730 0.011592 -0.002278
v -0.006698 0.012081 -0.002224
v -0.006716 0.011587 -0.002308
v -0.006538 0.012042 -0.002318
v -0.006475 0.012526 -0.002277
v -0.006526 0.012034 -0.002348
v -0.006734 0.011582 -0.002452
v -0.006543 0.012022 -0.002487
v -0.006327 0.012473 -0.002385
v -0.006339 0.012481 -0.002355
v -0.006237 0.012963 -0.002344
v -0.006562 0.012029 -0.002514
v -0.006673 0.012308 -0.002581
v -0.006132 0.012915 -0.002391
v -0.006015 0.013297 -0.002396
v -0.006358 0.012473 -0.002539
v -0.006409 0.012835 -0.002607
v -0.006340 0.012466 -0.002511
v -0.006146 0.012909 -0.002560
v -0.006170 0.013294 -0.002630
v -0.006129 0.012901 -0.002532
v -0.006120 0.012907 -0.002421
v -0.005994 0.013176 -0.002542
v -0.006008 0.013189 -0.002572
v -0.005987 0.013237 -0.002585
v -0.006154 0.013326 -0.002648
v -0.005966 0.013233 -0.002557
v -0.005958 0.013225 -0.002447
v -0.005967 0.013281 -0.002618
v -0.005958 0.013256 -0.002419
v -0.006150 0.013335 -0.002696
v -0.005928 0.013313 -0.002436
v -0.005987 0.013349 -0.002414
v -0.005927 0.013284 -0.002461
v -0.005904 0.013359 -0.002471
v -0.005964 0.013393 -0.002452
v -0.005948 0.013423 -0.002505
v -0.005903 0.013333 -0.002493
v -0.005891 0.013387 -0.002524
v -0.005943 0.013436 -0.002567
v -0.005942 0.013284 -0.002593
v -0.005891 0.013358 -0.002547
v -0.005886 0.013401 -0.002585
v -0.005941 0.013440 -0.003087
v -0.005925 0.013318 -0.002648
v -0.005887 0.013368 -0.002611
v -0.005886 0.013405 -0.003094
v -0.005944 0.013439 -0.003654
v -0.005955 0.013308 -0.002666
v -0.005919 0.013328 -0.002711
v -0.005952 0.013318 -0.002715
v -0.006146 0.013342 -0.002998
v -0.005888 0.013371 -0.003099
v -0.005925 0.013337 -0.003103
v -0.005957 0.013326 -0.003107
v -0.006153 0.013345 -0.003604
v -0.005889 0.013404 -0.003651
v -0.005969 0.013328 -0.003647
v -0.006162 0.013339 -0.004116
v -0.005897 0.013395 -0.004220
v -0.005950 0.013429 -0.004218
v -0.005890 0.013370 -0.003650
v -0.005907 0.013379 -0.004770
v -0.005959 0.013413 -0.004772
v -0.005937 0.013339 -0.003645
v -0.005897 0.013361 -0.004222
v -0.005943 0.013330 -0.004222
v -0.005975 0.013318 -0.004226
v -0.006175 0.013324 -0.004628
v -0.005952 0.013312 -0.004760
v -0.005983 0.013300 -0.004760
v -0.006188 0.013306 -0.005044
v -0.005906 0.013346 -0.004768
v -0.005963 0.013288 -0.005293
v -0.005995 0.013276 -0.005291
v -0.006201 0.013286 -0.005427
v -0.005918 0.013323 -0.005305
v -0.005984 0.013241 -0.005889
v -0.006016 0.013229 -0.005889
v -0.006215 0.013263 -0.005734
v -0.006232 0.013233 -0.006039
v -0.005920 0.013357 -0.005307
v -0.005972 0.013390 -0.005319
v -0.005940 0.013283 -0.005893
v -0.005942 0.013316 -0.005896
v -0.005992 0.013351 -0.005892
v -0.005975 0.013256 -0.006446
v -0.006024 0.013291 -0.006448
v -0.006014 0.013185 -0.006432
v -0.005973 0.013223 -0.006443
v -0.006023 0.013195 -0.006996
v -0.006070 0.013230 -0.007002
v -0.006020 0.013162 -0.006990
v -0.006058 0.013118 -0.006967
v -0.006046 0.013172 -0.006431
v -0.006251 0.013200 -0.006331
v -0.006273 0.013160 -0.006633
v -0.006089 0.013104 -0.006965
v -0.006300 0.013110 -0.006934
v -0.006329 0.013056 -0.007195
v -0.006117 0.012996 -0.007478
v -0.006148 0.012983 -0.007474
v -0.006368 0.012984 -0.007451
v -0.006419 0.012886 -0.007712
v -0.006086 0.013042 -0.007509
v -0.006219 0.012813 -0.007998
v -0.006249 0.012799 -0.007990
v -0.006457 0.012814 -0.007889
v -0.006537 0.012659 -0.008173
v -0.006371 0.012578 -0.008463
v -0.006561 0.012615 -0.008267
v -0.006625 0.012488 -0.008510
v -0.006498 0.012308 -0.008909
v -0.006703 0.012334 -0.008773
v -0.006792 0.012153 -0.009064
v -0.006342 0.012590 -0.008475
v -0.006636 0.012017 -0.009349
v -0.006883 0.011963 -0.009350
v -0.006976 0.011765 -0.009630
v -0.006471 0.012317 -0.008928
v -0.006186 0.012858 -0.008028
v -0.006781 0.011679 -0.009807
v -0.007074 0.011548 -0.009918
v -0.006090 0.013074 -0.007521
v -0.006136 0.013107 -0.007534
v -0.006191 0.012888 -0.008044
v -0.006235 0.012920 -0.008060
v -0.006313 0.012627 -0.008516
v -0.006320 0.012654 -0.008536
v -0.006361 0.012687 -0.008552
v -0.006448 0.012369 -0.008975
v -0.006456 0.012396 -0.008994
v -0.006497 0.012422 -0.009020
v -0.006608 0.012029 -0.009364
v -0.006593 0.012091 -0.009425
v -0.006602 0.012118 -0.009444
v -0.006640 0.012141 -0.009470
v -0.006755 0.011808 -0.009904
v -0.006789 0.011833 -0.009925
v -0.006753 0.011694 -0.009820
v -0.006746 0.011780 -0.009888
v -0.006919 0.011368 -0.010209
v -0.007173 0.011321 -0.010199
v -0.007253 0.011131 -0.010425
v -0.006892 0.011383 -0.010223
v -0.007055 0.011019 -0.010631
v -0.007333 0.010932 -0.010644
v -0.006882 0.011451 -0.010312
v -0.007028 0.011033 -0.010646
v -0.007214 0.010643 -0.011041
v -0.007413 0.010724 -0.010854
v -0.007420 0.010499 -0.011035
v -0.007023 0.011101 -0.010726
v -0.007253 0.010508 -0.011146
v -0.007188 0.010655 -0.011059
v -0.007287 0.010377 -0.011221
v -0.007461 0.010386 -0.011113
v -0.007227 0.010519 -0.011165
v -0.007315 0.010233 -0.011266
v -0.007507 0.010271 -0.011174
v -0.007262 0.010385 -0.011243
v -0.007169 0.010732 -0.011154
v -0.007336 0.010106 -0.011285
v -0.007559 0.010148 -0.011213
v -0.007291 0.010238 -0.011290
v -0.007345 0.009954 -0.011280
v -0.007619 0.010001 -0.011222
v -0.007313 0.010108 -0.011309
v -0.007353 0.009823 -0.011251
v -0.007670 0.009849 -0.011191
v -0.007322 0.009948 -0.011305
v -0.007333 0.010136 -0.011481
v -0.007344 0.009973 -0.011502
v -0.007332 0.009811 -0.011274
v -0.007356 0.009827 -0.011499
v -0.007402 0.009975 -0.011539
v -0.007304 0.010297 -0.011435
v -0.007387 0.010143 -0.011520
v -0.007266 0.010448 -0.011366
v -0.007356 0.010311 -0.011475
v -0.007220 0.010593 -0.011274
v -0.007323 0.010469 -0.011410
v -0.007386 0.010314 -0.011486
v -0.007265 0.010622 -0.011309
v -0.007454 0.010146 -0.011542
v -0.007352 0.010472 -0.011434
v -0.007289 0.010638 -0.011321
v -0.007434 0.010317 -0.011536
v -0.007222 0.010789 -0.011178
v -0.007303 0.010634 -0.011363
v -0.007425 0.010322 -0.011576
v -0.007382 0.010480 -0.011530
v -0.007362 0.010664 -0.011381
v -0.007275 0.010828 -0.011194
v -0.007456 0.010492 -0.011555
v -0.007057 0.011146 -0.010770
v -0.007089 0.011171 -0.010783
v -0.007447 0.010344 -0.011663
v -0.007537 0.010357 -0.011682
v -0.007033 0.011125 -0.010748
v -0.006897 0.011480 -0.010345
v -0.006932 0.011503 -0.010368
v -0.006891 0.011474 -0.010338
v -0.007516 0.010191 -0.011770
v -0.007649 0.010213 -0.011805
v -0.007490 0.010166 -0.011683
v -0.007596 0.010003 -0.011842
v -0.007792 0.010009 -0.011979
v -0.007556 0.009983 -0.011754
v -0.007506 0.010153 -0.011601
v -0.007579 0.009970 -0.011635
v -0.007519 0.009975 -0.011569
v -0.007648 0.009788 -0.011629
v -0.007424 0.009823 -0.011534
v -0.007589 0.009792 -0.011562
v -0.007381 0.009751 -0.011488
v -0.007450 0.009755 -0.011527
v -0.007355 0.009739 -0.011248
v -0.007497 0.009613 -0.011455
v -0.007376 0.009752 -0.011224
v -0.007462 0.009622 -0.011169
v -0.007485 0.009624 -0.011141
v -0.007657 0.009647 -0.011089
v -0.007450 0.009551 -0.011031
v -0.007429 0.009549 -0.011050
v -0.007464 0.009598 -0.011150
v -0.007451 0.009535 -0.011331
v -0.007504 0.009583 -0.011452
v -0.007494 0.009510 -0.011405
v -0.007516 0.009478 -0.011401
v -0.007570 0.009611 -0.011511
v -0.007576 0.009582 -0.011510
v -0.007621 0.009612 -0.011545
v -0.007644 0.009586 -0.011527
v -0.007691 0.009591 -0.011594
v -0.007673 0.009616 -0.011619
v -0.007692 0.009598 -0.011776
v -0.007644 0.009623 -0.011800
v -0.007754 0.009600 -0.011851
v -0.007611 0.009791 -0.011795
v -0.007961 0.009593 -0.012053
v -0.007979 0.009565 -0.012044
v -0.007671 0.009805 -0.011886
v -0.007846 0.009822 -0.012070
v -0.007727 0.009624 -0.011896
v -0.007916 0.009661 -0.012077
v -0.007884 0.009745 -0.012084
v -0.007268 0.005327 -0.002474
v -0.007156 0.005347 -0.002430
v -0.007270 0.005350 -0.002428
v -0.007154 0.005324 -0.002475
v -0.007131 0.005351 -0.002433
v -0.007265 0.005318 -0.002526
v -0.007129 0.005329 -0.002477
v -0.007092 0.005363 -0.002443
v -0.007151 0.005315 -0.002527
v -0.007208 0.005331 -0.003564
v -0.007090 0.005345 -0.002482
v -0.007076 0.005378 -0.002458
v -0.007127 0.005320 -0.002527
v -0.007093 0.005335 -0.003563
v -0.007205 0.005341 -0.003617
v -0.007074 0.005366 -0.002490
v -0.007072 0.005421 -0.002486
v -0.007090 0.005344 -0.003615
v -0.007201 0.005365 -0.003663
v -0.007071 0.005411 -0.002505
v -0.007079 0.005432 -0.002498
v -0.007078 0.005427 -0.002509
v -0.007086 0.005368 -0.003661
v -0.007197 0.005403 -0.003692
v -0.007070 0.005409 -0.002528
v -0.007077 0.005425 -0.002529
v -0.007082 0.005406 -0.003691
v -0.007194 0.005453 -0.003704
v -0.007062 0.005372 -0.003656
v -0.007079 0.005456 -0.003702
v -0.007155 0.006222 -0.003687
v -0.007059 0.005409 -0.003684
v -0.007066 0.005349 -0.003612
v -0.007024 0.005383 -0.003640
v -0.007069 0.005340 -0.003561
v -0.007027 0.005365 -0.003601
v -0.007030 0.005359 -0.003556
v -0.007088 0.005339 -0.002526
v -0.007072 0.005363 -0.002527
v -0.007015 0.005382 -0.003553
v -0.007013 0.005428 -0.003550
v -0.007020 0.005445 -0.003550
v -0.007019 0.005446 -0.003571
v -0.007012 0.005430 -0.003573
v -0.007018 0.005451 -0.003582
v -0.007013 0.005385 -0.003590
v -0.007010 0.005440 -0.003595
v -0.007010 0.005398 -0.003623
v -0.007008 0.005460 -0.003601
v -0.007017 0.005462 -0.003586
v -0.006980 0.006124 -0.003583
v -0.007008 0.005423 -0.003641
v -0.006970 0.006131 -0.003598
v -0.006980 0.006141 -0.003567
v -0.007005 0.005457 -0.003648
v -0.007021 0.005414 -0.003664
v -0.006970 0.006157 -0.003573
v -0.007057 0.006126 -0.002508
v -0.007055 0.005456 -0.003695
v -0.007018 0.005456 -0.003673
v -0.006964 0.006190 -0.003640
v -0.006978 0.006204 -0.003663
v -0.007013 0.006216 -0.003679
v -0.007037 0.006220 -0.003685
v -0.007038 0.006241 -0.003660
v -0.007155 0.006243 -0.003663
v -0.007014 0.006237 -0.003655
v -0.006979 0.006225 -0.003639
v -0.006965 0.006203 -0.003626
v -0.007065 0.006210 -0.002433
v -0.007104 0.006221 -0.002415
v -0.007128 0.006225 -0.002410
v -0.007238 0.006227 -0.002413
v -0.007130 0.006203 -0.002386
v -0.007240 0.006204 -0.002388
v -0.007106 0.006199 -0.002391
v -0.007156 0.005429 -0.002384
v -0.007270 0.005432 -0.002383
v -0.007271 0.005386 -0.002397
v -0.007067 0.006187 -0.002409
v -0.007131 0.005429 -0.002390
v -0.007156 0.005383 -0.002399
v -0.007270 0.005350 -0.002428
v -0.007156 0.005347 -0.002430
v -0.007131 0.005351 -0.002433
v -0.007132 0.005384 -0.002404
v -0.007092 0.005363 -0.002443
v -0.007092 0.005391 -0.002419
v -0.007092 0.005430 -0.002408
v -0.007051 0.006176 -0.002432
v -0.007076 0.005432 -0.002431
v -0.007076 0.005401 -0.002439
v -0.007076 0.005378 -0.002458
v -0.007072 0.005421 -0.002486
v -0.007073 0.005438 -0.002477
v -0.007079 0.005432 -0.002498
v -0.007079 0.005442 -0.002493
v -0.007058 0.006109 -0.002495
v -0.007050 0.006115 -0.002478
v -0.007048 0.006141 -0.002500
v -0.007050 0.006187 -0.002444
v -0.007558 0.008233 -0.010598
v -0.007653 0.008341 -0.010409
v -0.007553 0.008319 -0.010407
v -0.007574 0.008196 -0.010671
v -0.007598 0.008193 -0.010679
v -0.007605 0.008178 -0.010707
v -0.007979 0.008375 -0.010456
v -0.007959 0.008209 -0.010740
v -0.008024 0.008464 -0.010511
v -0.008004 0.008298 -0.010795
v -0.007949 0.008384 -0.010841
v -0.007969 0.008550 -0.010557
v -0.007644 0.008583 -0.010549
v -0.007598 0.008405 -0.010843
v -0.007591 0.008424 -0.010813
v -0.007568 0.008429 -0.010807
v -0.007550 0.008470 -0.010741
v -0.007538 0.008571 -0.010569
v -0.007210 0.008686 -0.004476
v -0.007272 0.008479 -0.004468
v -0.007210 0.008479 -0.004468
v -0.007272 0.008686 -0.004476
v -0.007269 0.008687 -0.004739
v -0.007186 0.008687 -0.004739
v -0.007269 0.008675 -0.004769
v -0.007189 0.008686 -0.004476
v -0.007186 0.008675 -0.004769
v -0.007268 0.008602 -0.004832
v -0.007172 0.008671 -0.004737
v -0.007193 0.008678 -0.003961
v -0.007215 0.008678 -0.003961
v -0.007174 0.008670 -0.004472
v -0.007193 0.008671 -0.003932
v -0.007215 0.008671 -0.003932
v -0.007178 0.008662 -0.003973
v -0.007178 0.008657 -0.003948
v -0.007193 0.008653 -0.003913
v -0.007215 0.008653 -0.003913
v -0.007178 0.008643 -0.003931
v -0.007173 0.008583 -0.004471
v -0.007178 0.008624 -0.003923
v -0.007193 0.008630 -0.003903
v -0.007215 0.008630 -0.003903
v -0.007215 0.008601 -0.003909
v -0.007193 0.008601 -0.003909
v -0.007214 0.008521 -0.003962
v -0.007178 0.008600 -0.003929
v -0.007192 0.008521 -0.003962
v -0.007214 0.008498 -0.003983
v -0.007177 0.008531 -0.003975
v -0.007192 0.008498 -0.003983
v -0.007214 0.008484 -0.004010
v -0.007177 0.008512 -0.003993
v -0.007191 0.008484 -0.004010
v -0.007214 0.008479 -0.004040
v -0.007177 0.008500 -0.004015
v -0.007191 0.008479 -0.004040
v -0.007210 0.008479 -0.004468
v -0.007177 0.008496 -0.004042
v -0.007187 0.008479 -0.004468
v -0.007272 0.008459 -0.004504
v -0.007272 0.008479 -0.004468
v -0.007173 0.008495 -0.004471
v -0.007187 0.008459 -0.004504
v -0.007190 0.008437 -0.004537
v -0.007271 0.008435 -0.004540
v -0.007172 0.008467 -0.004523
v -0.007172 0.008581 -0.004609
v -0.007172 0.008661 -0.004759
v -0.007172 0.008531 -0.004670
v -0.007176 0.008443 -0.004556
v -0.007171 0.008595 -0.004817
v -0.007185 0.008602 -0.004832
v -0.007175 0.008504 -0.004698
v -0.007189 0.008576 -0.004852
v -0.007268 0.008572 -0.004855
v -0.007175 0.008566 -0.004839
v -0.007196 0.008561 -0.004862
v -0.007263 0.008552 -0.004869
v -0.007184 0.008486 -0.004716
v -0.007208 0.008552 -0.004869
v -0.007263 0.008530 -0.004863
v -0.007183 0.008545 -0.004852
v -0.007202 0.008530 -0.004863
v -0.007203 0.008475 -0.004737
v -0.007265 0.008475 -0.004736
v -0.007204 0.008420 -0.004611
v -0.007267 0.008420 -0.004610
v -0.007185 0.008426 -0.004580
v -0.007213 0.008417 -0.004587
v -0.007267 0.008417 -0.004587
v -0.007267 0.008420 -0.004565
v -0.007200 0.008420 -0.004565
v -0.007474 0.003768 -0.004343
v -0.007427 0.003785 -0.004322
v -0.007475 0.003782 -0.004343
v -0.007426 0.003771 -0.004322
v -0.007441 0.003770 -0.004379
v -0.007385 0.003775 -0.004357
v -0.007274 0.003783 -0.004321
v -0.007311 0.003781 -0.004357
v -0.007275 0.003798 -0.004321
v -0.007256 0.003785 -0.004377
v -0.007226 0.003787 -0.004340
v -0.007227 0.003801 -0.004340
v -0.007205 0.003789 -0.004387
v -0.007206 0.003803 -0.004387
v -0.007231 0.003787 -0.004429
v -0.007202 0.003804 -0.004511
v -0.007201 0.003790 -0.004511
v -0.007228 0.003787 -0.004512
v -0.007208 0.003792 -0.005056
v -0.007180 0.003795 -0.005089
v -0.007181 0.003809 -0.005089
v -0.007230 0.003791 -0.005107
v -0.007200 0.003808 -0.005137
v -0.007199 0.003794 -0.005137
v -0.007246 0.003790 -0.005158
v -0.007287 0.003787 -0.005129
v -0.007247 0.003804 -0.005158
v -0.007404 0.003778 -0.005161
v -0.007364 0.003781 -0.005130
v -0.007405 0.003792 -0.005161
v -0.007421 0.003777 -0.005110
v -0.007452 0.003775 -0.005142
v -0.007453 0.003789 -0.005142
v -0.007474 0.003787 -0.005095
v -0.007473 0.003773 -0.005095
v -0.007445 0.003775 -0.005059
v -0.007490 0.003781 -0.004515
v -0.007489 0.003767 -0.004515
v -0.007461 0.003769 -0.004514
v -0.007493 0.003780 -0.004391
v -0.007464 0.003769 -0.004429
v -0.007475 0.003782 -0.004343
v -0.007474 0.003768 -0.004343
v -0.007492 0.003766 -0.004391
v -0.007441 0.003770 -0.004379
v -0.007670 0.009795 -0.011142
v -0.007657 0.009647 -0.011089
v -0.007670 0.009849 -0.011191
v -0.007669 0.009815 -0.011153
v -0.007670 0.009856 -0.011076
v -0.007648 0.009829 -0.011162
v -0.007645 0.009864 -0.011088
v -0.007600 0.009995 -0.011201
v -0.007619 0.010001 -0.011222
v -0.007646 0.009863 -0.010980
v -0.007672 0.009858 -0.010956
v -0.007649 0.009925 -0.011043
v -0.007627 0.009922 -0.011064
v -0.007617 0.010013 -0.011080
v -0.007598 0.010002 -0.011099
v -0.007544 0.010143 -0.011103
v -0.007564 0.010149 -0.011084
v -0.007516 0.010276 -0.011052
v -0.007542 0.010137 -0.011193
v -0.007559 0.010148 -0.011213
v -0.007494 0.010274 -0.011070
v -0.007491 0.010257 -0.011154
v -0.007507 0.010271 -0.011174
v -0.007475 0.010409 -0.010996
v -0.007446 0.010369 -0.011095
v -0.007461 0.010386 -0.011113
v -0.007452 0.010408 -0.011014
v -0.007416 0.010481 -0.011018
v -0.007420 0.010499 -0.011035
v -0.007405 0.010585 -0.010933
v -0.007413 0.010724 -0.010854
v -0.007521 0.008120 -0.010266
v -0.007563 0.008150 -0.010225
v -0.007563 0.008111 -0.010252
v -0.007564 0.007982 -0.010489
v -0.007520 0.008156 -0.010241
v -0.007561 0.008196 -0.010210
v -0.007527 0.007986 -0.010509
v -0.007580 0.007959 -0.010521
v -0.007519 0.008199 -0.010227
v -0.007560 0.008245 -0.010203
v -0.007511 0.008317 -0.010423
v -0.007517 0.008244 -0.010221
v -0.007516 0.008287 -0.010230
v -0.007557 0.008292 -0.010212
v -0.007540 0.007963 -0.010543
v -0.007588 0.007967 -0.010553
v -0.007489 0.008693 -0.010477
v -0.007530 0.008710 -0.010466
v -0.007529 0.008732 -0.010495
v -0.007523 0.008191 -0.010645
v -0.007488 0.008714 -0.010503
v -0.007529 0.008744 -0.010530
v -0.007509 0.008356 -0.010413
v -0.007488 0.008725 -0.010535
v -0.007530 0.008750 -0.010566
v -0.007496 0.008567 -0.010549
v -0.007489 0.008730 -0.010568
v -0.007490 0.008727 -0.010600
v -0.007531 0.008746 -0.010602
v -0.007497 0.008577 -0.010588
v -0.007514 0.008564 -0.010863
v -0.007549 0.008587 -0.010858
v -0.007540 0.008547 -0.010554
v -0.007540 0.008557 -0.010592
v -0.007551 0.008363 -0.010436
v -0.007552 0.008448 -0.010778
v -0.007553 0.008325 -0.010446
v -0.007559 0.008214 -0.010641
v -0.007516 0.008454 -0.010800
v -0.007569 0.008427 -0.010810
v -0.007536 0.008171 -0.010679
v -0.007576 0.008194 -0.010675
v -0.007585 0.008162 -0.010680
v -0.007546 0.007972 -0.010576
v -0.007544 0.008138 -0.010684
v -0.007530 0.008433 -0.010833
v -0.007579 0.008437 -0.010841
v -0.007529 0.008544 -0.010898
v -0.007568 0.008567 -0.010892
v -0.007578 0.008536 -0.010898
v -0.007537 0.008512 -0.010905
v -0.007537 0.008443 -0.010865
v -0.007045 0.006252 -0.004359
v -0.007067 0.006258 -0.004416
v -0.007053 0.006266 -0.004359
v -0.007067 0.006259 -0.004302
v -0.007058 0.006243 -0.004416
v -0.007103 0.006236 -0.004457
v -0.007058 0.006245 -0.004302
v -0.007095 0.006222 -0.004457
v -0.007152 0.006208 -0.004472
v -0.007137 0.006182 -0.004358
v -0.007144 0.006194 -0.004472
v -0.007194 0.006166 -0.004456
v -0.007202 0.006180 -0.004456
v -0.007095 0.006225 -0.004260
v -0.007103 0.006239 -0.004260
v -0.007230 0.006146 -0.004414
v -0.007238 0.006160 -0.004414
v -0.007251 0.006153 -0.004357
v -0.007144 0.006197 -0.004244
v -0.007152 0.006211 -0.004244
v -0.007202 0.006183 -0.004259
v -0.007194 0.006168 -0.004259
v -0.007238 0.006161 -0.004301
v -0.007243 0.006139 -0.004357
v -0.007230 0.006147 -0.004300
v -0.007178 0.008622 -0.005022
v -0.007160 0.008605 -0.004989
v -0.007179 0.008597 -0.005016
v -0.007180 0.008558 -0.004920
v -0.007160 0.008631 -0.004989
v -0.007177 0.008918 -0.004759
v -0.007160 0.008580 -0.004928
v -0.007146 0.008626 -0.004931
v -0.007143 0.008640 -0.004881
v -0.007142 0.008655 -0.004920
v -0.007158 0.008903 -0.004748
v -0.007158 0.008946 -0.004700
v -0.007177 0.008962 -0.004710
v -0.007140 0.008875 -0.004725
v -0.007158 0.008980 -0.004646
v -0.007177 0.008997 -0.004655
v -0.007140 0.008915 -0.004681
v -0.007140 0.008946 -0.004630
v -0.007158 0.009008 -0.004590
v -0.007176 0.009025 -0.004596
v -0.007176 0.009038 -0.004534
v -0.007140 0.008972 -0.004577
v -0.007157 0.009020 -0.004529
v -0.007176 0.009037 -0.004178
v -0.007133 0.008938 -0.004565
v -0.007157 0.009019 -0.004178
v -0.007139 0.008984 -0.004521
v -0.007155 0.009017 -0.003517
v -0.007175 0.009023 -0.003485
v -0.007175 0.008992 -0.003504
v -0.007139 0.008983 -0.004179
v -0.007138 0.008971 -0.003570
v -0.007133 0.008951 -0.004513
v -0.007139 0.008975 -0.003798
v -0.007133 0.008947 -0.004179
v -0.007131 0.008935 -0.003591
v -0.007180 0.008235 -0.003985
v -0.007136 0.008959 -0.003734
v -0.007132 0.008940 -0.003803
v -0.007132 0.008930 -0.003763
v -0.007153 0.008922 -0.003804
v -0.007132 0.008903 -0.003736
v -0.007153 0.008912 -0.003775
v -0.007133 0.008921 -0.003703
v -0.007132 0.008876 -0.003689
v -0.007153 0.008891 -0.003757
v -0.007132 0.008867 -0.003727
v -0.007132 0.008821 -0.003703
v -0.007132 0.008828 -0.003737
v -0.007153 0.008863 -0.003749
v -0.007153 0.008833 -0.003756
v -0.007135 0.008482 -0.003932
v -0.007136 0.008244 -0.004001
v -0.007180 0.008209 -0.004000
v -0.007155 0.008507 -0.003950
v -0.007135 0.008458 -0.003958
v -0.007155 0.008481 -0.003972
v -0.007352 0.008509 -0.003948
v -0.007352 0.008483 -0.003970
v -0.007155 0.008464 -0.004001
v -0.007352 0.008466 -0.003999
v -0.007135 0.008440 -0.003988
v -0.007135 0.008435 -0.004024
v -0.007391 0.008542 -0.004025
v -0.007135 0.008438 -0.004443
v -0.007391 0.008533 -0.004040
v -0.007165 0.008190 -0.004035
v -0.007155 0.008458 -0.004034
v -0.007203 0.008147 -0.004063
v -0.007222 0.008124 -0.004055
v -0.007352 0.008460 -0.004032
v -0.007183 0.008389 -0.004530
v -0.007203 0.008385 -0.004566
v -0.007158 0.008412 -0.004500
v -0.007173 0.008428 -0.004513
v -0.007155 0.008457 -0.004459
v -0.007349 0.008429 -0.004515
v -0.007349 0.008390 -0.004573
v -0.007349 0.008459 -0.004454
v -0.007388 0.008468 -0.004545
v -0.007387 0.008410 -0.004623
v -0.007385 0.008531 -0.004867
v -0.007388 0.008519 -0.004459
v -0.007388 0.008508 -0.004492
v -0.007349 0.008519 -0.004489
v -0.007334 0.008554 -0.004922
v -0.007388 0.008535 -0.004458
v -0.007239 0.008518 -0.004490
v -0.007238 0.008557 -0.004920
v -0.007349 0.008541 -0.004469
v -0.007228 0.008567 -0.004899
v -0.007219 0.008558 -0.004920
v -0.007239 0.008540 -0.004470
v -0.007229 0.008530 -0.004495
v -0.007219 0.008628 -0.004870
v -0.007228 0.008621 -0.004861
v -0.007229 0.008544 -0.004481
v -0.007157 0.008654 -0.004848
v -0.007218 0.008704 -0.004803
v -0.007228 0.008700 -0.004793
v -0.007228 0.008697 -0.004479
v -0.007240 0.008707 -0.004466
v -0.007219 0.008708 -0.004490
v -0.007218 0.008710 -0.004788
v -0.007163 0.008711 -0.004798
v -0.007194 0.008710 -0.004764
v -0.007194 0.008708 -0.004487
v -0.007175 0.008734 -0.004735
v -0.007198 0.008728 -0.004466
v -0.007177 0.008730 -0.004479
v -0.007218 0.008911 -0.004461
v -0.007174 0.008732 -0.004509
v -0.007186 0.008908 -0.004474
v -0.007348 0.008708 -0.004465
v -0.007387 0.008706 -0.004454
v -0.007347 0.008915 -0.004459
v -0.007387 0.008844 -0.004453
v -0.007390 0.008526 -0.004181
v -0.007387 0.008861 -0.004428
v -0.007391 0.008529 -0.004062
v -0.007389 0.008858 -0.004164
v -0.007347 0.008934 -0.004433
v -0.007349 0.008930 -0.004166
v -0.007391 0.008559 -0.004010
v -0.007391 0.008857 -0.003859
v -0.007391 0.008831 -0.003845
v -0.007351 0.008836 -0.003754
v -0.007391 0.008848 -0.003844
v -0.007351 0.008865 -0.003746
v -0.007351 0.008894 -0.003753
v -0.007351 0.008915 -0.003774
v -0.007351 0.008924 -0.003803
v -0.007153 0.008929 -0.004178
v -0.007181 0.008932 -0.004444
v -0.007154 0.008932 -0.004459
v -0.007154 0.008933 -0.004508
v -0.007161 0.008932 -0.004470
v -0.007173 0.008909 -0.004506
v -0.007163 0.008933 -0.004508
v -0.007163 0.008917 -0.004559
v -0.007154 0.008917 -0.004559
v -0.007173 0.008894 -0.004549
v -0.007163 0.008892 -0.004607
v -0.007173 0.008869 -0.004594
v -0.007173 0.008843 -0.004635
v -0.007174 0.008811 -0.004670
v -0.007164 0.008832 -0.004691
v -0.007164 0.008865 -0.004651
v -0.007154 0.008892 -0.004607
v -0.007134 0.008913 -0.004614
v -0.007134 0.008884 -0.004661
v -0.007154 0.008865 -0.004651
v -0.007155 0.008832 -0.004691
v -0.007134 0.008846 -0.004703
v -0.007156 0.008711 -0.004798
v -0.007135 0.008723 -0.004812
v -0.007135 0.008676 -0.004854
v -0.006932 0.008594 -0.003073
v -0.006950 0.008594 -0.003075
v -0.006955 0.008611 -0.003035
v -0.006949 0.008554 -0.003091
v -0.006937 0.008611 -0.003033
v -0.006959 0.008611 -0.002997
v -0.006931 0.008554 -0.003089
v -0.006941 0.008611 -0.002995
v -0.006964 0.008594 -0.002957
v -0.006911 0.008576 -0.003052
v -0.006917 0.008587 -0.002997
v -0.006931 0.008323 -0.003089
v -0.006949 0.008323 -0.003091
v -0.006910 0.008550 -0.003063
v -0.006914 0.008587 -0.003025
v -0.006910 0.008328 -0.003063
v -0.006933 0.008283 -0.003073
v -0.006951 0.008283 -0.003075
v -0.006911 0.008301 -0.003052
v -0.006937 0.008267 -0.003033
v -0.006955 0.008267 -0.003035
v -0.006914 0.008290 -0.003025
v -0.006941 0.008267 -0.002995
v -0.006960 0.008267 -0.002997
v -0.006917 0.008290 -0.002997
v -0.006921 0.008550 -0.002960
v -0.006946 0.008283 -0.002955
v -0.006964 0.008283 -0.002957
v -0.006920 0.008301 -0.002971
v -0.006948 0.008323 -0.002939
v -0.006966 0.008323 -0.002941
v -0.006922 0.008328 -0.002960
v -0.006966 0.008554 -0.002941
v -0.006948 0.008554 -0.002939
v -0.006920 0.008576 -0.002971
v -0.006946 0.008594 -0.002955
v -0.006989 0.008553 -0.002701
v -0.006989 0.008322 -0.002701
v -0.006971 0.008322 -0.002698
v -0.006987 0.008282 -0.002717
v -0.006971 0.008553 -0.002698
v -0.006987 0.008593 -0.002717
v -0.006969 0.008282 -0.002715
v -0.006969 0.008593 -0.002715
v -0.006965 0.008265 -0.002755
v -0.006983 0.008265 -0.002757
v -0.006944 0.008300 -0.002730
v -0.006960 0.008265 -0.002792
v -0.006978 0.008265 -0.002794
v -0.006941 0.008289 -0.002757
v -0.006974 0.008282 -0.002834
v -0.006945 0.008326 -0.002719
v -0.006956 0.008282 -0.002832
v -0.006972 0.008322 -0.002851
v -0.006945 0.008548 -0.002719
v -0.006954 0.008322 -0.002849
v -0.006972 0.008553 -0.002851
v -0.006937 0.008289 -0.002785
v -0.006934 0.008300 -0.002812
v -0.006943 0.008574 -0.002730
v -0.006933 0.008326 -0.002823
v -0.006940 0.008586 -0.002757
v -0.006964 0.008609 -0.002755
v -0.006982 0.008609 -0.002757
v -0.006978 0.008609 -0.002794
v -0.006937 0.008585 -0.002785
v -0.006960 0.008609 -0.002792
v -0.006974 0.008593 -0.002834
v -0.006934 0.008574 -0.002812
v -0.006956 0.008593 -0.002832
v -0.006933 0.008548 -0.002823
v -0.006954 0.008553 -0.002849
v -0.007278 0.006137 -0.004357
v -0.007238 0.006160 -0.004414
v -0.007251 0.006153 -0.004357
v -0.007262 0.006146 -0.004430
v -0.007202 0.006180 -0.004456
v -0.007216 0.006172 -0.004484
v -0.007152 0.006208 -0.004472
v -0.007152 0.006208 -0.004503
v -0.007089 0.006244 -0.004484
v -0.007103 0.006236 -0.004457
v -0.007043 0.006271 -0.004432
v -0.007067 0.006258 -0.004416
v -0.007026 0.006281 -0.004359
v -0.007053 0.006266 -0.004359
v -0.007067 0.006259 -0.004302
v -0.007043 0.006273 -0.004286
v -0.007103 0.006239 -0.004260
v -0.007089 0.006247 -0.004233
v -0.007152 0.006211 -0.004244
v -0.007152 0.006211 -0.004213
v -0.007215 0.006175 -0.004232
v -0.007202 0.006183 -0.004259
v -0.007262 0.006148 -0.004285
v -0.007238 0.006161 -0.004301
v -0.007278 0.006137 -0.004357
v -0.007251 0.006153 -0.004357
v -0.006955 0.008500 -0.009586
v -0.006987 0.008388 -0.009554
v -0.006989 0.008507 -0.009657
v -0.006953 0.008371 -0.009461
v -0.006938 0.008502 -0.009454
v -0.006938 0.008381 -0.009346
v -0.006954 0.008422 -0.008378
v -0.006952 0.008297 -0.008330
v -0.006966 0.008342 -0.007397
v -0.006962 0.008230 -0.007378
v -0.006983 0.008290 -0.006808
v -0.006978 0.008175 -0.006784
v -0.007000 0.008215 -0.006225
v -0.006996 0.008101 -0.006192
v -0.007028 0.008103 -0.005548
v -0.007024 0.007985 -0.005512
v -0.007053 0.007950 -0.004918
v -0.007048 0.007838 -0.004897
v -0.007101 0.007766 -0.004287
v -0.007089 0.007658 -0.004324
v -0.007119 0.007672 -0.004048
v -0.007110 0.007567 -0.004091
v -0.007136 0.007531 -0.004002
v -0.007149 0.007643 -0.003957
v -0.007181 0.007616 -0.003878
v -0.007172 0.007490 -0.003924
v -0.006987 0.008336 -0.009509
v -0.006987 0.008388 -0.009554
v -0.006953 0.008371 -0.009461
v -0.006980 0.008043 -0.009229
v -0.006948 0.008091 -0.009189
v -0.006938 0.008381 -0.009346
v -0.006951 0.007808 -0.008907
v -0.006981 0.007755 -0.008945
v -0.006932 0.008127 -0.009091
v -0.006952 0.008297 -0.008330
v -0.006973 0.007590 -0.008653
v -0.007004 0.007531 -0.008687
v -0.006935 0.007848 -0.008800
v -0.006950 0.007891 -0.008174
v -0.006962 0.008230 -0.007378
v -0.006954 0.007677 -0.008609
v -0.006980 0.007516 -0.008508
v -0.007012 0.007450 -0.008537
v -0.007017 0.007394 -0.008374
v -0.006960 0.007608 -0.008469
v -0.006985 0.007467 -0.008350
v -0.007023 0.007355 -0.008207
v -0.006965 0.007561 -0.008318
v -0.006990 0.007435 -0.008192
v -0.007027 0.007332 -0.008037
v -0.006969 0.007531 -0.008165
v -0.006993 0.007418 -0.008024
v -0.006971 0.007517 -0.008030
v -0.007027 0.007301 -0.007625
v -0.006971 0.007481 -0.007627
v -0.006993 0.007384 -0.007621
v -0.006995 0.007366 -0.007216
v -0.007029 0.007284 -0.007213
v -0.006974 0.007460 -0.007222
v -0.006958 0.007831 -0.007297
v -0.006978 0.008175 -0.006784
v -0.006996 0.008101 -0.006192
v -0.007000 0.007746 -0.006090
v -0.007024 0.007985 -0.005512
v -0.007048 0.007838 -0.004897
v -0.007022 0.007418 -0.005996
v -0.007048 0.007593 -0.004812
v -0.007089 0.007658 -0.004324
v -0.007043 0.007325 -0.005985
v -0.007076 0.007248 -0.005978
v -0.007081 0.007369 -0.004736
v -0.007104 0.007284 -0.004724
v -0.007136 0.007212 -0.004725
v -0.007095 0.007383 -0.004416
v -0.007114 0.007301 -0.004412
v -0.007148 0.007232 -0.004390
v -0.007100 0.007414 -0.004261
v -0.007121 0.007336 -0.004215
v -0.007156 0.007271 -0.004175
v -0.007104 0.007474 -0.004158
v -0.007110 0.007567 -0.004091
v -0.007127 0.007410 -0.004094
v -0.007163 0.007358 -0.004030
v -0.007136 0.007531 -0.004002
v -0.007172 0.007490 -0.003924
v -0.007083 0.006424 -0.008483
v -0.007043 0.006427 -0.008178
v -0.007315 0.006246 -0.008394
v -0.007206 0.006220 -0.007274
v -0.006983 0.006405 -0.007719
v -0.007399 0.006132 -0.008341
v -0.006938 0.006381 -0.007265
v -0.007291 0.006110 -0.007263
v -0.007441 0.006004 -0.008264
v -0.007195 0.006187 -0.005984
v -0.006917 0.006357 -0.006625
v -0.006929 0.006338 -0.005984
v -0.006956 0.006320 -0.005343
v -0.007338 0.005980 -0.007241
v -0.007447 0.005544 -0.007955
v -0.007279 0.006076 -0.005986
v -0.007260 0.006155 -0.004704
v -0.006999 0.006303 -0.004702
v -0.007059 0.006280 -0.003763
v -0.007348 0.005521 -0.007146
v -0.007542 0.005290 -0.007763
v -0.007320 0.006132 -0.003756
v -0.007168 0.006257 -0.002539
v -0.007447 0.005265 -0.007081
v -0.007628 0.005139 -0.007641
v -0.007323 0.005944 -0.005989
v -0.007323 0.005482 -0.005989
v -0.007536 0.005111 -0.007039
v -0.007635 0.004526 -0.007230
v -0.007550 0.004500 -0.006912
v -0.007416 0.005220 -0.005990
v -0.007502 0.005062 -0.005990
v -0.007502 0.004447 -0.005990
v -0.007567 0.005028 -0.004714
v -0.007567 0.004413 -0.004714
v -0.007482 0.005187 -0.004710
v -0.007388 0.005449 -0.004704
v -0.007584 0.005022 -0.004453
v -0.007585 0.004994 -0.004436
v -0.007585 0.004406 -0.004430
v -0.007540 0.004405 -0.004357
v -0.007502 0.005179 -0.004391
v -0.007551 0.005037 -0.004361
v -0.007461 0.004404 -0.004323
v -0.007452 0.005101 -0.004318
v -0.007417 0.004402 -0.004250
v -0.007417 0.005284 -0.004242
v -0.007412 0.005421 -0.004323
v -0.007448 0.005888 -0.003756
v -0.007448 0.004390 -0.003761
v -0.007511 0.004479 -0.002871
v -0.007388 0.005911 -0.004704
v -0.007542 0.005864 -0.002545
v -0.007568 0.005859 -0.002317
v -0.007344 0.006043 -0.004704
v -0.007404 0.006020 -0.003757
v -0.007498 0.005996 -0.002530
v -0.007529 0.005989 -0.002275
v -0.007415 0.006108 -0.002527
v -0.007449 0.006102 -0.002246
v -0.007195 0.006252 -0.002219
v -0.007589 0.008572 -0.010899
v -0.007568 0.008429 -0.010807
v -0.007591 0.008424 -0.010813
v -0.007566 0.008573 -0.010891
v -0.007550 0.008470 -0.010741
v -0.007558 0.008651 -0.010942
v -0.007576 0.008710 -0.010982
v -0.007546 0.008613 -0.010819
v -0.007538 0.008571 -0.010569
v -0.007550 0.008721 -0.010988
v -0.007537 0.009286 -0.011305
v -0.007524 0.008693 -0.010866
v -0.007502 0.008761 -0.010908
v -0.007511 0.009285 -0.011303
v -0.007516 0.009478 -0.011401
v -0.007466 0.009290 -0.011214
v -0.007489 0.009494 -0.011406
v -0.007494 0.009510 -0.011405
v -0.007445 0.009519 -0.011332
v -0.007451 0.009535 -0.011331
v -0.007425 0.009532 -0.011052
v -0.007429 0.009549 -0.011050
v -0.007454 0.009320 -0.010863
v -0.007370 0.009531 -0.010964
v -0.007369 0.009549 -0.010965
v -0.007477 0.008966 -0.010590
v -0.007393 0.009325 -0.010786
v -0.007084 0.009530 -0.010859
v -0.007047 0.009548 -0.010844
v -0.007091 0.009340 -0.010698
v -0.007011 0.009526 -0.010800
v -0.007015 0.009543 -0.010799
v -0.007004 0.009538 -0.010741
v -0.006999 0.009521 -0.010715
v -0.007017 0.009534 -0.010599
v -0.007420 0.008915 -0.010465
v -0.007001 0.009368 -0.010588
v -0.007500 0.008908 -0.010536
v -0.007091 0.008853 -0.010315
v -0.007523 0.008832 -0.010486
v -0.007553 0.008319 -0.010407
v -0.007456 0.008451 -0.010113
v -0.007550 0.008424 -0.010178
v -0.007564 0.007986 -0.010437
v -0.007558 0.008233 -0.010598
v -0.007473 0.008182 -0.009912
v -0.007578 0.007941 -0.010505
v -0.007574 0.008196 -0.010671
v -0.007598 0.008193 -0.010679
v -0.007600 0.007935 -0.010510
v -0.007565 0.008212 -0.010014
v -0.007547 0.007930 -0.010399
v -0.007575 0.007882 -0.010471
v -0.007597 0.007865 -0.010470
v -0.007549 0.008156 -0.009974
v -0.007529 0.007865 -0.010358
v -0.007572 0.007816 -0.010436
v -0.007597 0.007763 -0.010402
v -0.007572 0.007763 -0.010401
v -0.007605 0.007682 -0.010340
v -0.007534 0.008093 -0.009929
v -0.007530 0.007810 -0.010322
v -0.007580 0.007674 -0.010335
v -0.007607 0.007190 -0.009875
v -0.007536 0.008039 -0.009892
v -0.007582 0.007191 -0.009874
v -0.007534 0.007713 -0.010252
v -0.007591 0.006734 -0.009421
v -0.007617 0.006734 -0.009422
v -0.007542 0.007229 -0.009797
v -0.007557 0.007697 -0.009637
v -0.007479 0.008073 -0.009830
v -0.007561 0.007299 -0.009344
v -0.007502 0.007705 -0.009555
v -0.007552 0.006770 -0.009339
v -0.007597 0.006256 -0.008988
v -0.007622 0.006255 -0.008989
v -0.007563 0.006811 -0.009000
v -0.007592 0.005725 -0.008620
v -0.007617 0.005724 -0.008621
v -0.007557 0.006301 -0.008914
v -0.007578 0.005164 -0.008299
v -0.007603 0.005162 -0.008301
v -0.007554 0.005760 -0.008549
v -0.007563 0.004598 -0.007994
v -0.007588 0.004597 -0.007995
v -0.007540 0.005202 -0.008228
v -0.007565 0.006395 -0.008722
v -0.007585 0.005876 -0.008231
v -0.007572 0.005371 -0.007874
v -0.007576 0.006354 -0.008599
v -0.007516 0.006388 -0.008622
v -0.007524 0.004632 -0.007922
v -0.007557 0.004866 -0.007566
v -0.007549 0.004581 -0.007366
v -0.007509 0.006514 -0.008716
v -0.007112 0.006427 -0.008542
v -0.007516 0.004336 -0.007770
v -0.007543 0.004378 -0.007224
v -0.007555 0.004291 -0.007841
v -0.007580 0.004289 -0.007842
v -0.007511 0.004070 -0.007592
v -0.007549 0.004012 -0.007655
v -0.007575 0.004011 -0.007656
v -0.007575 0.003871 -0.007509
v -0.007511 0.003931 -0.007457
v -0.007544 0.004146 -0.007002
v -0.007550 0.003873 -0.007508
v -0.007578 0.003759 -0.007339
v -0.007553 0.003760 -0.007337
v -0.007582 0.003665 -0.007157
v -0.007514 0.003822 -0.007289
v -0.007557 0.003666 -0.007155
v -0.007588 0.003601 -0.006961
v -0.007518 0.003729 -0.007116
v -0.007551 0.003965 -0.006716
v -0.007563 0.003602 -0.006958
v -0.007595 0.003547 -0.006728
v -0.007524 0.003668 -0.006922
v -0.007570 0.003548 -0.006725
v -0.007601 0.003525 -0.006488
v -0.007531 0.003618 -0.006699
v -0.007561 0.003860 -0.006369
v -0.007576 0.003526 -0.006485
v -0.007537 0.003600 -0.006461
v -0.007560 0.003813 -0.005444
v -0.007596 0.003500 -0.002572
v -0.007621 0.003501 -0.002567
v -0.007550 0.003541 -0.002593
v -0.007547 0.003808 -0.004517
v -0.007541 0.003805 -0.003591
v -0.007531 0.003801 -0.002725
v -0.007532 0.003805 -0.002596
v -0.007549 0.003567 -0.002452
v -0.007534 0.003832 -0.002473
v -0.007597 0.003522 -0.002429
v -0.007623 0.003522 -0.002425
v -0.007553 0.003605 -0.002322
v -0.007535 0.003875 -0.002360
v -0.007599 0.003568 -0.002292
v -0.007624 0.003569 -0.002289
v -0.007553 0.003666 -0.002207
v -0.007599 0.003632 -0.002174
v -0.007624 0.003633 -0.002172
v -0.007623 0.003727 -0.002079
v -0.007551 0.003757 -0.002116
v -0.007533 0.003948 -0.002271
v -0.007597 0.003728 -0.002081
v -0.007620 0.003834 -0.002013
v -0.007548 0.003860 -0.002052
v -0.007594 0.003835 -0.002014
v -0.007615 0.003953 -0.001971
v -0.007529 0.004038 -0.002222
v -0.007589 0.003955 -0.001972
v -0.007602 0.004215 -0.001935
v -0.007543 0.003975 -0.002012
v -0.007524 0.004141 -0.002197
v -0.007577 0.004217 -0.001935
v -0.007490 0.006281 -0.001963
v -0.007531 0.004228 -0.001979
v -0.007512 0.004361 -0.002181
v -0.007464 0.006283 -0.001964
v -0.007450 0.007069 -0.001966
v -0.007420 0.006285 -0.002007
v -0.007424 0.007068 -0.001966
v -0.007412 0.006285 -0.002070
v -0.007411 0.006261 -0.002174
v -0.007379 0.007063 -0.002008
v -0.007362 0.006325 -0.002140
v -0.007370 0.006285 -0.002167
v -0.007369 0.007058 -0.002096
v -0.007255 0.006284 -0.002169
v -0.007314 0.007982 -0.002133
v -0.007242 0.006352 -0.002143
v -0.007195 0.006252 -0.002219
v -0.007319 0.007052 -0.002181
v -0.007231 0.006530 -0.002157
v -0.007086 0.006371 -0.002190
v -0.007264 0.007974 -0.002234
v -0.007198 0.007048 -0.002194
v -0.007086 0.006606 -0.002219
v -0.007043 0.006377 -0.002545
v -0.007168 0.006257 -0.002539
v -0.007059 0.006280 -0.003763
v -0.007025 0.006483 -0.002556
v -0.006945 0.006400 -0.003753
v -0.006882 0.006421 -0.004700
v -0.006999 0.006303 -0.004702
v -0.006956 0.006320 -0.005343
v -0.006907 0.006510 -0.003744
v -0.006841 0.006436 -0.005340
v -0.007005 0.006617 -0.002586
v -0.006832 0.006533 -0.004683
v -0.006868 0.006649 -0.003755
v -0.006791 0.006552 -0.005321
v -0.006782 0.006672 -0.004686
v -0.007007 0.006713 -0.002620
v -0.006858 0.006738 -0.003761
v -0.006740 0.006692 -0.005321
v -0.007026 0.006750 -0.002508
v -0.006764 0.006765 -0.004689
v -0.006771 0.006569 -0.005959
v -0.006722 0.006785 -0.005321
v -0.006817 0.006453 -0.005980
v -0.006929 0.006338 -0.005984
v -0.006723 0.006712 -0.005956
v -0.006809 0.006471 -0.006603
v -0.006917 0.006357 -0.006625
v -0.006771 0.006578 -0.006600
v -0.006725 0.006727 -0.006594
v -0.006827 0.006499 -0.007260
v -0.006938 0.006381 -0.007265
v -0.006795 0.006591 -0.007241
v -0.006750 0.006745 -0.007231
v -0.006830 0.006615 -0.007723
v -0.006854 0.006527 -0.007727
v -0.006983 0.006405 -0.007719
v -0.006908 0.006548 -0.008190
v -0.007043 0.006427 -0.008178
v -0.006789 0.006768 -0.007721
v -0.006965 0.006552 -0.008503
v -0.007083 0.006424 -0.008483
v -0.006886 0.006668 -0.008194
v -0.006935 0.006704 -0.008471
v -0.007073 0.006560 -0.008646
v -0.006972 0.006998 -0.008815
v -0.007507 0.006851 -0.008942
v -0.007078 0.006938 -0.008898
v -0.007506 0.007340 -0.009286
v -0.007087 0.007388 -0.009218
v -0.007089 0.007747 -0.009482
v -0.006980 0.007477 -0.009150
v -0.007096 0.008108 -0.009753
v -0.006987 0.007829 -0.009411
v -0.006955 0.007034 -0.008754
v -0.006969 0.007542 -0.009105
v -0.006991 0.008173 -0.009676
v -0.006908 0.006828 -0.008446
v -0.006980 0.007883 -0.009370
v -0.006851 0.006828 -0.008197
v -0.006953 0.007629 -0.009046
v -0.006774 0.006876 -0.007717
v -0.006923 0.007374 -0.008818
v -0.006734 0.006854 -0.007225
v -0.006835 0.006912 -0.008197
v -0.006708 0.006833 -0.006590
v -0.006878 0.006954 -0.008425
v -0.006706 0.006810 -0.005953
v -0.006928 0.007103 -0.008658
v -0.006912 0.007259 -0.008716
v -0.006898 0.007152 -0.008607
v -0.006869 0.006991 -0.008418
v -0.006843 0.006994 -0.008187
v -0.006873 0.007066 -0.008386
v -0.006919 0.007305 -0.008682
v -0.006900 0.007194 -0.008558
v -0.006930 0.007421 -0.008787
v -0.006942 0.007342 -0.008629
v -0.006953 0.007459 -0.008742
v -0.006956 0.007709 -0.008986
v -0.006922 0.007233 -0.008514
v -0.006958 0.007356 -0.008616
v -0.006903 0.007125 -0.008344
v -0.006944 0.007262 -0.008489
v -0.006973 0.007478 -0.008726
v -0.006991 0.007405 -0.008563
v -0.006995 0.007506 -0.008703
v -0.006965 0.007733 -0.008965
v -0.006970 0.007965 -0.009309
v -0.006965 0.008005 -0.009267
v -0.007004 0.007531 -0.008687
v -0.007012 0.007450 -0.008537
v -0.006981 0.007755 -0.008945
v -0.006980 0.007353 -0.008400
v -0.006964 0.008022 -0.009250
v -0.006980 0.008043 -0.009229
v -0.007017 0.007394 -0.008374
v -0.006971 0.008310 -0.009527
v -0.006987 0.008336 -0.009509
v -0.006974 0.008288 -0.009558
v -0.006976 0.008627 -0.009800
v -0.006991 0.008646 -0.009778
v -0.007002 0.008961 -0.010045
v -0.006984 0.008222 -0.009626
v -0.006984 0.008572 -0.009881
v -0.006987 0.008941 -0.010068
v -0.007024 0.009443 -0.010458
v -0.006990 0.008533 -0.009936
v -0.006990 0.008908 -0.010150
v -0.007011 0.009446 -0.010490
v -0.007026 0.009497 -0.010459
v -0.007099 0.008477 -0.010030
v -0.006991 0.008886 -0.010206
v -0.007004 0.009397 -0.010551
v -0.007007 0.009518 -0.010616
v -0.007016 0.009513 -0.010490
v -0.007030 0.009530 -0.010457
v -0.007033 0.009528 -0.010411
v -0.007188 0.008607 -0.005035
v -0.007178 0.008622 -0.005022
v -0.007179 0.008597 -0.005016
v -0.007203 0.008572 -0.005042
v -0.007180 0.008558 -0.004920
v -0.007123 0.008720 -0.005709
v -0.007163 0.008792 -0.005700
v -0.007168 0.008333 -0.004607
v -0.007203 0.008393 -0.004561
v -0.007181 0.008539 -0.005058
v -0.007099 0.008855 -0.006359
v -0.007138 0.008931 -0.006365
v -0.007090 0.008606 -0.005702
v -0.007080 0.008954 -0.006947
v -0.007120 0.009031 -0.006954
v -0.007065 0.008737 -0.006351
v -0.007047 0.008835 -0.006937
v -0.007062 0.009020 -0.007535
v -0.007102 0.009099 -0.007542
v -0.007028 0.008900 -0.007524
v -0.007017 0.009133 -0.008625
v -0.007059 0.009210 -0.008634
v -0.006987 0.009009 -0.008603
v -0.006994 0.009200 -0.009250
v -0.007036 0.009268 -0.009254
v -0.007012 0.009316 -0.009875
v -0.006967 0.009085 -0.009294
v -0.006973 0.009273 -0.009890
v -0.007018 0.009345 -0.009962
v -0.006957 0.008744 -0.008501
v -0.006980 0.009311 -0.009982
v -0.007027 0.009395 -0.010043
v -0.006951 0.009181 -0.009906
v -0.006989 0.009364 -0.010070
v -0.006958 0.009251 -0.010021
v -0.007040 0.009494 -0.010166
v -0.006951 0.009019 -0.009911
v -0.006968 0.009308 -0.010119
v -0.007004 0.009458 -0.010198
v -0.007042 0.009517 -0.010210
v -0.007045 0.009515 -0.010158
v -0.006979 0.009416 -0.010261
v -0.007006 0.009476 -0.010228
v -0.006999 0.009477 -0.010321
v -0.007033 0.009528 -0.010411
v -0.006976 0.009395 -0.010292
v -0.006993 0.009447 -0.010367
v -0.007026 0.009497 -0.010459
v -0.007024 0.009443 -0.010458
v -0.006991 0.009404 -0.010374
v -0.007002 0.008961 -0.010045
v -0.006968 0.008974 -0.010005
v -0.006991 0.008646 -0.009778
v -0.006957 0.008685 -0.009756
v -0.006989 0.008507 -0.009657
v -0.006955 0.008500 -0.009586
v -0.006938 0.008722 -0.009661
v -0.006938 0.008502 -0.009454
v -0.006954 0.008422 -0.008378
v -0.006986 0.008648 -0.007467
v -0.006966 0.008342 -0.007397
v -0.007003 0.008588 -0.006879
v -0.006983 0.008290 -0.006808
v -0.007021 0.008501 -0.006294
v -0.007000 0.008215 -0.006225
v -0.007047 0.008379 -0.005633
v -0.007028 0.008103 -0.005548
v -0.007117 0.008441 -0.005087
v -0.007089 0.008214 -0.004995
v -0.007053 0.007950 -0.004918
v -0.007127 0.007928 -0.004236
v -0.007136 0.008252 -0.004653
v -0.007101 0.007766 -0.004287
v -0.007150 0.008021 -0.004203
v -0.007184 0.008097 -0.004147
v -0.007222 0.008124 -0.004055
v -0.007151 0.007982 -0.004130
v -0.007181 0.008028 -0.004047
v -0.007220 0.008047 -0.003961
v -0.007145 0.007908 -0.004059
v -0.007174 0.007939 -0.003970
v -0.007212 0.007951 -0.003889
v -0.007138 0.007840 -0.004027
v -0.007119 0.007672 -0.004048
v -0.007164 0.007840 -0.003934
v -0.007200 0.007848 -0.003850
v -0.007184 0.007660 -0.003862
v -0.007150 0.007663 -0.003951
v -0.007149 0.007643 -0.003957
v -0.007181 0.007616 -0.003878
v -0.007167 0.008980 -0.002637
v -0.007182 0.008984 -0.002676
v -0.007170 0.009001 -0.002661
v -0.007142 0.009004 -0.002621
v -0.007199 0.008976 -0.002515
v -0.007124 0.009109 -0.002690
v -0.007156 0.009084 -0.002716
v -0.007139 0.009155 -0.002800
v -0.007131 0.009002 -0.002515
v -0.007118 0.009182 -0.002784
v -0.007158 0.009000 -0.002420
v -0.007224 0.008973 -0.002420
v -0.007106 0.009151 -0.002637
v -0.007129 0.009148 -0.002424
v -0.007182 0.008997 -0.002361
v -0.007236 0.008971 -0.002374
v -0.007151 0.009148 -0.002364
v -0.007129 0.009216 -0.002425
v -0.007151 0.009215 -0.002364
v -0.007110 0.009229 -0.002736
v -0.007173 0.009272 -0.002368
v -0.007153 0.009270 -0.002429
v -0.007130 0.009287 -0.002893
v -0.007121 0.009233 -0.002917
v -0.007134 0.009205 -0.002926
v -0.007123 0.009249 -0.003065
v -0.007139 0.009220 -0.003069
v -0.007139 0.009304 -0.003062
v -0.007158 0.009294 -0.004183
v -0.007173 0.009265 -0.004184
v -0.007184 0.009310 -0.005301
v -0.007166 0.009344 -0.004181
v -0.007249 0.009345 -0.003062
v -0.007250 0.009313 -0.002464
v -0.007263 0.009310 -0.002392
v -0.007523 0.009372 -0.003037
v -0.007208 0.009268 -0.002299
v -0.007521 0.009350 -0.002436
v -0.007204 0.009143 -0.002297
v -0.007306 0.009306 -0.002329
v -0.007224 0.008994 -0.002294
v -0.007254 0.008969 -0.002304
v -0.007266 0.008967 -0.002259
v -0.007226 0.009266 -0.002254
v -0.007222 0.009141 -0.002252
v -0.007241 0.008992 -0.002250
v -0.007298 0.008955 -0.002014
v -0.007263 0.009258 -0.002010
v -0.007282 0.008981 -0.001999
v -0.007260 0.009132 -0.002004
v -0.007317 0.008978 -0.001966
v -0.007333 0.008952 -0.001983
v -0.007293 0.009131 -0.001971
v -0.007684 0.008976 -0.001958
v -0.007689 0.008949 -0.001977
v -0.007672 0.009312 -0.001976
v -0.007296 0.009258 -0.001976
v -0.007366 0.009291 -0.002021
v -0.007688 0.009336 -0.002037
v -0.007333 0.009291 -0.002054
v -0.007493 0.009333 -0.002268
v -0.007838 0.009401 -0.002452
v -0.007332 0.009301 -0.002271
v -0.007831 0.009457 -0.003798
v -0.007525 0.009420 -0.004176
v -0.007526 0.009466 -0.005315
v -0.007813 0.009542 -0.005891
v -0.007260 0.009391 -0.004184
v -0.007270 0.009433 -0.005304
v -0.007178 0.009386 -0.005297
v -0.007520 0.009523 -0.006453
v -0.007794 0.009617 -0.007742
v -0.007170 0.009340 -0.005300
v -0.007178 0.009431 -0.006414
v -0.007169 0.009385 -0.006417
v -0.007181 0.009355 -0.006418
v -0.007158 0.009402 -0.007535
v -0.007269 0.009479 -0.006424
v -0.007159 0.009478 -0.007531
v -0.007149 0.009431 -0.007534
v -0.007114 0.009451 -0.008652
v -0.007249 0.009525 -0.007545
v -0.007116 0.009527 -0.008647
v -0.007106 0.009480 -0.008650
v -0.007061 0.009501 -0.009768
v -0.007504 0.009576 -0.007592
v -0.007790 0.009627 -0.007984
v -0.007208 0.009574 -0.008664
v -0.007475 0.009634 -0.008730
v -0.007760 0.009722 -0.010111
v -0.007065 0.009577 -0.009764
v -0.007149 0.009614 -0.009771
v -0.007441 0.009700 -0.009868
v -0.007054 0.009530 -0.009767
v -0.007130 0.009633 -0.010197
v -0.007043 0.009591 -0.010202
v -0.007033 0.009549 -0.010208
v -0.007042 0.009517 -0.010210
v -0.007033 0.009528 -0.010411
v -0.007015 0.009553 -0.010455
v -0.007030 0.009530 -0.010457
v -0.007004 0.009538 -0.010741
v -0.006990 0.009560 -0.010753
v -0.007015 0.009543 -0.010799
v -0.007027 0.009603 -0.010460
v -0.007117 0.009642 -0.010467
v -0.006999 0.009562 -0.010809
v -0.007047 0.009548 -0.010844
v -0.007011 0.009623 -0.010754
v -0.007097 0.009661 -0.010721
v -0.007406 0.009776 -0.010624
v -0.007729 0.009787 -0.010618
v -0.007101 0.009663 -0.010763
v -0.007019 0.009626 -0.010807
v -0.007122 0.009668 -0.010809
v -0.007027 0.009564 -0.010860
v -0.007043 0.009631 -0.010857
v -0.007264 0.009573 -0.010954
v -0.007274 0.009548 -0.010929
v -0.007369 0.009549 -0.010965
v -0.007265 0.009655 -0.010950
v -0.007348 0.009579 -0.011036
v -0.007429 0.009549 -0.011050
v -0.007271 0.009695 -0.010926
v -0.007432 0.009593 -0.011087
v -0.007485 0.009624 -0.011141
v -0.007347 0.009683 -0.011032
v -0.007408 0.009705 -0.011087
v -0.007283 0.009723 -0.010889
v -0.007386 0.009750 -0.011032
v -0.007411 0.009793 -0.010987
v -0.007463 0.009822 -0.011036
v -0.007672 0.009858 -0.010956
v -0.007670 0.009856 -0.011076
v -0.007461 0.009793 -0.011108
v -0.007670 0.009795 -0.011142
v -0.007467 0.009737 -0.011150
v -0.007657 0.009647 -0.011089
v -0.007375 0.008001 -0.001975
v -0.007401 0.008003 -0.001975
v -0.007352 0.008908 -0.001984
v -0.007330 0.007995 -0.002017
v -0.007327 0.008908 -0.001984
v -0.007333 0.008952 -0.001983
v -0.007298 0.008955 -0.002014
v -0.007281 0.008908 -0.002026
v -0.007258 0.008898 -0.002165
v -0.007266 0.008967 -0.002259
v -0.007210 0.008876 -0.002285
v -0.007249 0.008970 -0.002303
v -0.007182 0.008984 -0.002676
v -0.007213 0.008966 -0.002375
v -0.007097 0.008851 -0.002335
v -0.007147 0.007976 -0.002266
v -0.007131 0.008942 -0.002410
v -0.007065 0.007079 -0.002262
v -0.006988 0.008830 -0.002440
v -0.007154 0.008983 -0.002675
v -0.007148 0.009013 -0.003386
v -0.007175 0.009023 -0.003485
v -0.007097 0.008966 -0.002668
v -0.007145 0.008990 -0.003475
v -0.007175 0.008992 -0.003504
v -0.007065 0.008987 -0.003310
v -0.007061 0.008964 -0.003396
v -0.007143 0.008936 -0.003523
v -0.007180 0.008235 -0.003985
v -0.007058 0.008912 -0.003454
v -0.007150 0.008241 -0.003957
v -0.007180 0.008209 -0.004000
v -0.007222 0.008124 -0.004055
v -0.006986 0.008878 -0.003376
v -0.007141 0.008181 -0.003936
v -0.006989 0.008925 -0.003311
v -0.007026 0.008277 -0.003843
v -0.006992 0.008946 -0.003231
v -0.007029 0.008220 -0.003842
v -0.006945 0.008261 -0.003724
v -0.007055 0.008927 -0.002492
v -0.006919 0.008850 -0.003149
v -0.006915 0.008840 -0.003203
v -0.006912 0.008812 -0.003247
v -0.006919 0.008762 -0.003130
v -0.006915 0.008741 -0.003175
v -0.006876 0.008218 -0.003552
v -0.006911 0.008714 -0.003216
v -0.006951 0.008717 -0.003114
v -0.006947 0.008699 -0.003152
v -0.006944 0.008676 -0.003187
v -0.006924 0.008774 -0.003082
v -0.006955 0.008726 -0.003073
v -0.006982 0.008724 -0.002794
v -0.006954 0.008771 -0.002776
v -0.006986 0.008713 -0.002746
v -0.006959 0.008758 -0.002720
v -0.006989 0.008689 -0.002704
v -0.006963 0.008730 -0.002670
v -0.006992 0.008659 -0.002667
v -0.006967 0.008695 -0.002627
v -0.006996 0.008626 -0.002636
v -0.006971 0.008655 -0.002591
v -0.006987 0.008471 -0.002525
v -0.007011 0.008461 -0.002574
v -0.007016 0.008379 -0.002555
v -0.006993 0.008378 -0.002503
v -0.007020 0.008308 -0.002547
v -0.006996 0.008298 -0.002494
v -0.007020 0.008257 -0.002559
v -0.007026 0.007981 -0.002358
v -0.006996 0.008234 -0.002508
v -0.006993 0.008179 -0.002541
v -0.007017 0.008213 -0.002586
v -0.006986 0.008136 -0.002594
v -0.007012 0.008179 -0.002629
v -0.006977 0.008110 -0.002662
v -0.007004 0.008159 -0.002686
v -0.006936 0.008107 -0.002955
v -0.006965 0.008154 -0.002961
v -0.006896 0.008132 -0.003247
v -0.006927 0.008179 -0.003235
v -0.006921 0.008198 -0.003296
v -0.006888 0.008157 -0.003324
v -0.006920 0.008231 -0.003338
v -0.006896 0.008081 -0.003215
v -0.006885 0.008198 -0.003377
v -0.006890 0.008102 -0.003292
v -0.006885 0.008251 -0.003408
v -0.006920 0.008273 -0.003362
v -0.006882 0.008133 -0.003402
v -0.006887 0.008311 -0.003418
v -0.006922 0.008321 -0.003369
v -0.006890 0.008400 -0.003401
v -0.006925 0.008399 -0.003354
v -0.006894 0.008486 -0.003367
v -0.006928 0.008473 -0.003325
v -0.006907 0.008678 -0.003248
v -0.006941 0.008644 -0.003215
v -0.006894 0.008115 -0.003531
v -0.006907 0.008172 -0.003636
v -0.006954 0.008204 -0.003733
v -0.006951 0.008121 -0.003654
v -0.007046 0.008165 -0.003819
v -0.007004 0.008155 -0.003755
v -0.007127 0.008137 -0.003884
v -0.007115 0.007897 -0.003511
v -0.006932 0.008063 -0.003545
v -0.007208 0.008040 -0.003892
v -0.007220 0.008047 -0.003961
v -0.007212 0.007951 -0.003889
v -0.007187 0.007962 -0.003832
v -0.007200 0.007848 -0.003850
v -0.007195 0.007846 -0.003625
v -0.007165 0.007849 -0.003788
v -0.007148 0.007652 -0.003800
v -0.007184 0.007660 -0.003862
v -0.007197 0.007777 -0.003460
v -0.007136 0.007463 -0.003859
v -0.007172 0.007490 -0.003924
v -0.007117 0.007879 -0.003452
v -0.007126 0.007326 -0.003985
v -0.007163 0.007358 -0.004030
v -0.007120 0.007232 -0.004127
v -0.007156 0.007271 -0.004175
v -0.007123 0.007144 -0.003838
v -0.007110 0.007187 -0.004361
v -0.007148 0.007232 -0.004390
v -0.007093 0.007171 -0.004722
v -0.007136 0.007212 -0.004725
v -0.007165 0.007339 -0.002895
v -0.007035 0.007209 -0.005975
v -0.007076 0.007248 -0.005978
v -0.007029 0.007284 -0.007213
v -0.007184 0.007562 -0.003162
v -0.006986 0.007241 -0.007214
v -0.007027 0.007301 -0.007625
v -0.007120 0.007861 -0.003393
v -0.006984 0.007258 -0.007642
v -0.007027 0.007332 -0.008037
v -0.006979 0.007173 -0.007218
v -0.006981 0.007284 -0.008054
v -0.007023 0.007355 -0.008207
v -0.006979 0.007186 -0.007664
v -0.007025 0.007135 -0.005967
v -0.006979 0.007308 -0.008226
v -0.006975 0.007215 -0.008090
v -0.006974 0.007243 -0.008266
v -0.006979 0.007320 -0.008432
v -0.006927 0.007161 -0.008320
v -0.006918 0.007120 -0.008135
v -0.006877 0.007059 -0.008164
v -0.006906 0.007088 -0.007686
v -0.006832 0.007025 -0.007699
v -0.006783 0.006961 -0.007710
v -0.006747 0.006947 -0.007219
v -0.006797 0.007005 -0.007217
v -0.006724 0.006928 -0.006585
v -0.006782 0.006985 -0.006584
v -0.006896 0.007074 -0.007219
v -0.006722 0.006907 -0.005950
v -0.006934 0.007038 -0.005958
v -0.006735 0.006885 -0.005320
v -0.006779 0.006961 -0.005950
v -0.006775 0.006863 -0.004691
v -0.006791 0.006938 -0.005321
v -0.007076 0.007085 -0.004716
v -0.006977 0.006988 -0.004706
v -0.007119 0.007046 -0.003822
v -0.006830 0.006917 -0.004695
v -0.007023 0.006953 -0.003788
v -0.006914 0.006888 -0.003775
v -0.006868 0.006835 -0.003769
v -0.007088 0.006904 -0.002712
v -0.007019 0.006798 -0.002653
v -0.007047 0.006853 -0.002680
v -0.007029 0.006821 -0.002557
v -0.007058 0.006871 -0.002599
v -0.007101 0.006924 -0.002630
v -0.007064 0.006911 -0.002531
v -0.007037 0.006865 -0.002487
v -0.007037 0.006805 -0.002421
v -0.007042 0.006897 -0.002365
v -0.007042 0.006937 -0.002436
v -0.007047 0.006993 -0.002333
v -0.007065 0.006957 -0.002495
v -0.007042 0.007010 -0.002419
v -0.007046 0.007094 -0.002331
v -0.007041 0.007193 -0.002341
v -0.007042 0.007087 -0.002416
v -0.007038 0.007182 -0.002423
v -0.007032 0.007299 -0.002376
v -0.007061 0.007024 -0.002470
v -0.007056 0.007160 -0.002479
v -0.007062 0.007080 -0.002470
v -0.007114 0.007044 -0.002550
v -0.007111 0.006972 -0.002570
v -0.007116 0.007134 -0.002560
v -0.007157 0.007058 -0.002684
v -0.007158 0.007100 -0.002677
v -0.007156 0.007028 -0.002715
v -0.007157 0.007103 -0.002770
v -0.007155 0.007017 -0.002766
v -0.007160 0.007222 -0.002776
v -0.007114 0.007281 -0.002666
v -0.007113 0.007424 -0.002809
v -0.007048 0.007240 -0.002503
v -0.007030 0.007263 -0.002458
v -0.007043 0.007326 -0.002556
v -0.007021 0.007390 -0.002423
v -0.007022 0.007347 -0.002505
v -0.007004 0.007516 -0.002511
v -0.006984 0.007643 -0.002614
v -0.007007 0.007467 -0.002587
v -0.007035 0.007434 -0.002639
v -0.006991 0.007579 -0.002681
v -0.007023 0.007537 -0.002730
v -0.006973 0.007694 -0.002792
v -0.006962 0.007770 -0.002736
v -0.006940 0.007902 -0.002879
v -0.006952 0.007826 -0.002945
v -0.007007 0.007651 -0.002835
v -0.006920 0.008004 -0.003037
v -0.006934 0.007938 -0.003095
v -0.006988 0.007780 -0.002984
v -0.007118 0.007652 -0.003093
v -0.007039 0.007904 -0.003341
v -0.006974 0.007893 -0.003139
v -0.006910 0.008014 -0.003250
v -0.006946 0.007963 -0.003281
v -0.006904 0.008034 -0.003327
v -0.006994 0.007935 -0.003341
v -0.006896 0.008061 -0.003438
v -0.006950 0.007977 -0.003352
v -0.006916 0.008048 -0.003458
v -0.006950 0.007984 -0.003405
v -0.006941 0.008027 -0.003495
v -0.006962 0.007993 -0.003464
v -0.006987 0.007958 -0.003443
v -0.007019 0.007929 -0.003441
v -0.006986 0.007947 -0.003388
v -0.007029 0.007917 -0.003391
v -0.007018 0.005451 -0.003582
v -0.007017 0.005462 -0.003586
v -0.007019 0.005446 -0.003571
v -0.007020 0.005445 -0.003550
v -0.007077 0.005425 -0.002529
v -0.006980 0.006124 -0.003583
v -0.007019 0.005446 -0.003571
v -0.007017 0.005462 -0.003586
v -0.007077 0.005425 -0.002529
v -0.006980 0.006141 -0.003567
v -0.007078 0.005427 -0.002509
v -0.007079 0.005432 -0.002498
v -0.007079 0.005442 -0.002493
v -0.007058 0.006109 -0.002495
v -0.007057 0.006126 -0.002508
v -0.007286 0.006189 -0.002377
v -0.007190 0.006250 -0.002369
v -0.007246 0.006149 -0.002386
v -0.007115 0.006216 -0.002377
v -0.007175 0.006263 -0.002339
v -0.007143 0.005428 -0.002363
v -0.007270 0.005432 -0.002383
v -0.007091 0.006212 -0.002306
v -0.007271 0.005386 -0.002397
v -0.007195 0.006252 -0.002219
v -0.007144 0.005383 -0.002374
v -0.007270 0.005350 -0.002428
v -0.007127 0.005362 -0.002286
v -0.007077 0.006207 -0.002220
v -0.007194 0.006235 -0.002110
v -0.007255 0.006284 -0.002169
v -0.007128 0.005316 -0.002297
v -0.007378 0.006239 -0.002137
v -0.007370 0.006285 -0.002167
v -0.007411 0.006261 -0.002174
v -0.007512 0.004361 -0.002181
v -0.007247 0.004394 -0.002127
v -0.007477 0.004351 -0.002148
v -0.007524 0.004141 -0.002197
v -0.007133 0.004392 -0.002243
v -0.007488 0.004128 -0.002159
v -0.007529 0.004038 -0.002222
v -0.007258 0.004157 -0.002151
v -0.007494 0.004018 -0.002190
v -0.007533 0.003948 -0.002271
v -0.007261 0.004046 -0.002181
v -0.007137 0.004201 -0.002251
v -0.007142 0.004112 -0.002270
v -0.007497 0.003923 -0.002248
v -0.007535 0.003875 -0.002360
v -0.007262 0.003949 -0.002238
v -0.007145 0.004035 -0.002312
v -0.007026 0.005158 -0.004327
v -0.007144 0.003968 -0.002392
v -0.007261 0.003871 -0.002334
v -0.007498 0.003847 -0.002341
v -0.007258 0.003824 -0.002455
v -0.007496 0.003801 -0.002458
v -0.007534 0.003832 -0.002473
v -0.007494 0.003773 -0.002585
v -0.007532 0.003805 -0.002596
v -0.007493 0.003768 -0.002717
v -0.007531 0.003801 -0.002725
v -0.007253 0.003797 -0.002585
v -0.007497 0.003773 -0.003586
v -0.007541 0.003805 -0.003591
v -0.007248 0.003792 -0.002721
v -0.007141 0.003930 -0.002496
v -0.007137 0.003908 -0.002612
v -0.007025 0.005085 -0.004438
v -0.007025 0.005035 -0.004560
v -0.007133 0.003907 -0.002733
v -0.007218 0.003797 -0.003586
v -0.007498 0.003777 -0.004515
v -0.007547 0.003808 -0.004517
v -0.007104 0.003913 -0.003590
v -0.007506 0.003784 -0.005444
v -0.007560 0.003813 -0.005444
v -0.007561 0.003860 -0.006369
v -0.007186 0.003801 -0.004511
v -0.007154 0.003809 -0.005436
v -0.007503 0.003831 -0.006371
v -0.007551 0.003965 -0.006716
v -0.007121 0.003856 -0.006360
v -0.007491 0.003937 -0.006722
v -0.007544 0.004146 -0.007002
v -0.007012 0.003975 -0.006343
v -0.007484 0.004122 -0.007015
v -0.007107 0.003960 -0.006709
v -0.007099 0.004154 -0.007007
v -0.007482 0.004361 -0.007243
v -0.007543 0.004378 -0.007224
v -0.006999 0.004077 -0.006674
v -0.007487 0.004574 -0.007391
v -0.007549 0.004581 -0.007366
v -0.007099 0.004403 -0.007224
v -0.007493 0.004867 -0.007595
v -0.007557 0.004866 -0.007566
v -0.007095 0.004649 -0.007382
v -0.006993 0.004262 -0.006946
v -0.007505 0.005357 -0.007913
v -0.007572 0.005371 -0.007874
v -0.007089 0.004912 -0.007561
v -0.007516 0.005866 -0.008251
v -0.007585 0.005876 -0.008231
v -0.007082 0.005396 -0.007856
v -0.007507 0.006344 -0.008619
v -0.007576 0.006354 -0.008599
v -0.007516 0.006388 -0.008622
v -0.007112 0.006427 -0.008542
v -0.007080 0.005896 -0.008190
v -0.007073 0.006387 -0.008546
v -0.007083 0.006424 -0.008483
v -0.006972 0.006386 -0.008419
v -0.007043 0.006427 -0.008178
v -0.006975 0.005949 -0.008076
v -0.006980 0.006385 -0.008198
v -0.006995 0.006381 -0.008116
v -0.007054 0.006418 -0.008139
v -0.006990 0.006025 -0.007870
v -0.006980 0.005473 -0.007755
v -0.007070 0.006364 -0.008069
v -0.007081 0.006392 -0.008104
v -0.007007 0.006053 -0.007805
v -0.007113 0.006386 -0.008112
v -0.007102 0.006358 -0.008077
v -0.007080 0.006068 -0.007793
v -0.007113 0.006062 -0.007801
v -0.007090 0.005671 -0.007408
v -0.007122 0.005663 -0.007416
v -0.007125 0.005488 -0.007201
v -0.006996 0.005619 -0.007474
v -0.007014 0.005657 -0.007420
v -0.007000 0.005441 -0.007256
v -0.007093 0.005496 -0.007194
v -0.007127 0.005340 -0.006966
v -0.007018 0.005482 -0.007205
v -0.007095 0.005349 -0.006960
v -0.007125 0.005233 -0.006741
v -0.007020 0.005335 -0.006971
v -0.007002 0.005290 -0.007019
v -0.006985 0.004972 -0.007450
v -0.006992 0.004728 -0.007283
v -0.007002 0.005176 -0.006786
v -0.006994 0.004491 -0.007135
v -0.007018 0.005225 -0.006744
v -0.007005 0.005114 -0.006581
v -0.007008 0.005084 -0.006406
v -0.007021 0.005170 -0.006560
v -0.007093 0.005242 -0.006737
v -0.007128 0.005179 -0.006558
v -0.007096 0.005188 -0.006555
v -0.007130 0.005149 -0.006392
v -0.007023 0.005139 -0.006393
v -0.007098 0.005158 -0.006390
v -0.007132 0.005132 -0.006224
v -0.007009 0.005062 -0.006230
v -0.007025 0.005121 -0.006225
v -0.007100 0.005141 -0.006223
v -0.007111 0.005087 -0.004725
v -0.007144 0.005078 -0.004724
v -0.007038 0.005066 -0.004720
v -0.007112 0.005108 -0.004604
v -0.007145 0.005099 -0.004601
v -0.007025 0.005010 -0.004708
v -0.007113 0.005151 -0.004491
v -0.007145 0.005143 -0.004487
v -0.007038 0.005088 -0.004596
v -0.007112 0.005212 -0.004393
v -0.007145 0.005206 -0.004387
v -0.007039 0.005133 -0.004481
v -0.007039 0.005195 -0.004380
v -0.007074 0.003919 -0.004508
v -0.007043 0.003927 -0.005426
v -0.007112 0.005300 -0.004304
v -0.007144 0.005295 -0.004296
v -0.007140 0.005655 -0.004112
v -0.007038 0.005284 -0.004289
v -0.007108 0.005677 -0.004113
v -0.007150 0.005697 -0.004095
v -0.007023 0.005255 -0.004238
v -0.007119 0.005718 -0.004095
v -0.007149 0.005754 -0.004087
v -0.007181 0.005733 -0.004086
v -0.007029 0.005767 -0.004041
v -0.007193 0.005778 -0.004090
v -0.007225 0.005756 -0.004088
v -0.007377 0.005849 -0.004116
v -0.007395 0.005820 -0.004110
v -0.007420 0.005853 -0.004102
v -0.007395 0.005873 -0.004111
v -0.007427 0.005895 -0.004085
v -0.007400 0.005903 -0.004100
v -0.007387 0.006024 -0.004013
v -0.007361 0.006015 -0.004041
v -0.007307 0.006133 -0.003946
v -0.007282 0.006118 -0.003977
v -0.007053 0.006285 -0.003863
v -0.007049 0.006258 -0.003885
v -0.007004 0.006311 -0.003846
v -0.006996 0.006350 -0.003810
v -0.007015 0.005745 -0.003988
v -0.006989 0.006323 -0.003780
v -0.007002 0.006350 -0.003725
v -0.006991 0.006323 -0.003752
v -0.007025 0.006336 -0.003696
v -0.007043 0.005380 -0.003795
v -0.007019 0.006299 -0.003688
v -0.007066 0.006287 -0.003697
v -0.007066 0.005448 -0.003713
v -0.007062 0.006253 -0.003691
v -0.007159 0.006229 -0.003694
v -0.007158 0.006201 -0.003693
v -0.007194 0.005453 -0.003704
v -0.007069 0.005403 -0.003705
v -0.007197 0.005403 -0.003692
v -0.007046 0.005334 -0.003787
v -0.007073 0.005363 -0.003675
v -0.007201 0.005365 -0.003663
v -0.007050 0.005294 -0.003758
v -0.007054 0.005266 -0.003711
v -0.007077 0.005335 -0.003628
v -0.007205 0.005341 -0.003617
v -0.007058 0.005256 -0.003654
v -0.007081 0.005325 -0.003571
v -0.007208 0.005331 -0.003564
v -0.007139 0.005312 -0.002512
v -0.007265 0.005318 -0.002526
v -0.007268 0.005327 -0.002474
v -0.007123 0.005245 -0.002434
v -0.007142 0.005320 -0.002455
v -0.007126 0.005253 -0.002377
v -0.007127 0.005278 -0.002329
v -0.007143 0.005345 -0.002406
v -0.007520 0.008163 -0.010551
v -0.007518 0.008218 -0.010578
v -0.007516 0.008246 -0.010523
v -0.007518 0.008191 -0.010496
v -0.007793 0.008038 -0.010638
v -0.007800 0.007921 -0.010573
v -0.007926 0.008038 -0.010653
v -0.007934 0.007920 -0.010588
v -0.008160 0.008685 -0.011060
v -0.008167 0.008577 -0.010991
v -0.008289 0.008686 -0.011070
v -0.008295 0.008578 -0.011001
v -0.006904 0.008396 -0.003068
v -0.006917 0.008290 -0.002949
v -0.006904 0.008290 -0.003068
v -0.006917 0.008396 -0.002949
v -0.006931 0.008382 -0.002818
v -0.006942 0.008329 -0.002724
v -0.006931 0.008329 -0.002819
v -0.006942 0.008382 -0.002724
v -0.006931 0.008549 -0.002818
v -0.006942 0.008500 -0.002724
v -0.006931 0.008500 -0.002818
v -0.006942 0.008549 -0.002724
v -0.006931 0.008500 -0.002818
v -0.006942 0.008382 -0.002724
v -0.006931 0.008382 -0.002818
v -0.006942 0.008500 -0.002724
v -0.006903 0.008586 -0.003071
v -0.006917 0.008478 -0.002947
v -0.006903 0.008478 -0.003071
v -0.006917 0.008586 -0.002947
v -0.006915 0.008459 -0.002966
v -0.006915 0.008439 -0.002966
v -0.006913 0.008459 -0.002988
v -0.006913 0.008439 -0.002988
v -0.006908 0.008459 -0.003030
v -0.006908 0.008439 -0.003030
v -0.006906 0.008459 -0.003051
v -0.006906 0.008439 -0.003051
v -0.007240 0.003770 -0.005099
v -0.007287 0.003787 -0.005129
v -0.007230 0.003791 -0.005107
v -0.007208 0.003792 -0.005056
v -0.007289 0.003767 -0.005118
v -0.007364 0.003781 -0.005130
v -0.007221 0.003771 -0.005055
v -0.007228 0.003787 -0.004512
v -0.007261 0.003753 -0.005079
v -0.007241 0.003766 -0.004512
v -0.007293 0.003751 -0.005092
v -0.007248 0.003754 -0.005050
v -0.007354 0.003747 -0.005093
v -0.007360 0.003762 -0.005119
v -0.007386 0.003744 -0.005081
v -0.007408 0.003758 -0.005102
v -0.007421 0.003777 -0.005110
v -0.007445 0.003775 -0.005059
v -0.007430 0.003755 -0.005057
v -0.007461 0.003769 -0.004514
v -0.007401 0.003743 -0.005051
v -0.007446 0.003750 -0.004514
v -0.007267 0.003749 -0.004513
v -0.007417 0.003738 -0.004514
v -0.007448 0.003750 -0.004431
v -0.007464 0.003769 -0.004429
v -0.007419 0.003737 -0.004436
v -0.007270 0.003749 -0.004437
v -0.007243 0.003766 -0.004431
v -0.007231 0.003787 -0.004429
v -0.007285 0.003748 -0.004406
v -0.007265 0.003764 -0.004386
v -0.007256 0.003785 -0.004377
v -0.007311 0.003781 -0.004357
v -0.007312 0.003761 -0.004367
v -0.007317 0.003745 -0.004394
v -0.007373 0.003741 -0.004395
v -0.007380 0.003756 -0.004368
v -0.007385 0.003775 -0.004357
v -0.007406 0.003738 -0.004407
v -0.007429 0.003751 -0.004387
v -0.007441 0.003770 -0.004379
v -0.007809 0.005640 -0.001881
v -0.007801 0.005425 -0.001913
v -0.007801 0.005635 -0.001913
v -0.007809 0.005414 -0.001881
v -0.008447 0.005640 -0.002018
v -0.008438 0.005425 -0.002050
v -0.008447 0.005414 -0.002018
v -0.008438 0.005635 -0.002050
v -0.007588 0.008204 -0.010659
v -0.007584 0.008176 -0.010704
v -0.007587 0.008222 -0.010671
v -0.007583 0.008181 -0.010717
v -0.007583 0.008194 -0.010716
v -0.007579 0.008417 -0.010782
v -0.007575 0.008390 -0.010829
v -0.007582 0.008436 -0.010793
v -0.007576 0.008395 -0.010841
v -0.007578 0.008408 -0.010840
v -0.007917 0.009338 -0.001639
v -0.007962 0.009332 -0.001619
v -0.007914 0.009315 -0.001611
v -0.007949 0.009333 -0.001651
v -0.007988 0.009330 -0.001646
v -0.007959 0.009334 -0.001677
v -0.007988 0.009332 -0.001673
v -0.007982 0.009358 -0.002325
v -0.007956 0.009361 -0.002331
v -0.007960 0.009362 -0.002374
v -0.007934 0.009364 -0.002355
v -0.007921 0.009367 -0.002396
v -0.007902 0.009367 -0.002361
v -0.007871 0.009372 -0.002400
v -0.007871 0.009370 -0.002354
v -0.008559 0.008615 -0.010252
v -0.008740 0.008602 -0.010250
v -0.008559 0.008612 -0.010229
v -0.008742 0.008598 -0.010227
v -0.008764 0.008592 -0.010251
v -0.008765 0.008589 -0.010227
v -0.008795 0.008566 -0.010251
v -0.008796 0.008564 -0.010228
v -0.008810 0.008544 -0.010252
v -0.008810 0.008542 -0.010228
v -0.008846 0.008371 -0.010257
v -0.008846 0.008371 -0.010232
v -0.008842 0.008346 -0.010233
v -0.008842 0.008345 -0.010258
v -0.008825 0.008311 -0.010234
v -0.008824 0.008309 -0.010259
v -0.008807 0.008293 -0.010234
v -0.008806 0.008290 -0.010259
v -0.008645 0.008205 -0.010239
v -0.008646 0.008204 -0.010264
v -0.008735 0.008599 -0.010274
v -0.008558 0.008612 -0.010276
v -0.008759 0.008590 -0.010274
v -0.008790 0.008565 -0.010275
v -0.008804 0.008543 -0.010276
v -0.008840 0.008371 -0.010281
v -0.008836 0.008346 -0.010282
v -0.008819 0.008311 -0.010284
v -0.008801 0.008292 -0.010284
v -0.008644 0.008208 -0.010289
v -0.007943 0.008240 -0.010712
v -0.007959 0.008221 -0.010701
v -0.007966 0.008252 -0.010720
v -0.007987 0.008235 -0.010712
v -0.007981 0.008271 -0.010733
v -0.008006 0.008259 -0.010728
v -0.007991 0.008291 -0.010746
v -0.008019 0.008284 -0.010743
v -0.008020 0.008312 -0.010760
v -0.007992 0.008314 -0.010759
v -0.008016 0.008341 -0.010776
v -0.007989 0.008337 -0.010772
v -0.008001 0.008367 -0.010790
v -0.007976 0.008358 -0.010783
v -0.007979 0.008392 -0.010803
v -0.007958 0.008378 -0.010793
v -0.007948 0.008407 -0.010809
v -0.007933 0.008390 -0.010798
v -0.007848 0.006156 -0.001600
v -0.007938 0.006190 -0.001308
v -0.007926 0.006185 -0.001574
v -0.007864 0.006162 -0.001274
v -0.007941 0.006214 -0.001253
v -0.007867 0.006186 -0.001219
v -0.007868 0.006242 -0.001197
v -0.007943 0.006270 -0.001231
v -0.007950 0.006865 -0.001242
v -0.007876 0.006896 -0.001209
v -0.007950 0.006920 -0.001266
v -0.007876 0.006951 -0.001233
v -0.007873 0.006973 -0.001289
v -0.007948 0.006942 -0.001322
v -0.007935 0.006937 -0.001588
v -0.007858 0.006967 -0.001615
v -0.007932 0.006913 -0.001643
v -0.007855 0.006943 -0.001670
v -0.007853 0.006887 -0.001692
v -0.007930 0.006857 -0.001665
v -0.007923 0.006262 -0.001654
v -0.007846 0.006233 -0.001680
v -0.007924 0.006207 -0.001630
v -0.007846 0.006178 -0.001656
v -0.008643 0.006181 -0.001341
v -0.008681 0.006148 -0.001636
v -0.008630 0.006176 -0.001608
v -0.008696 0.006154 -0.001316
v -0.008646 0.006205 -0.001286
v -0.008699 0.006178 -0.001261
v -0.008701 0.006234 -0.001240
v -0.008648 0.006261 -0.001264
v -0.008655 0.006856 -0.001275
v -0.008709 0.006882 -0.001252
v -0.008654 0.006911 -0.001299
v -0.008708 0.006937 -0.001276
v -0.008706 0.006959 -0.001331
v -0.008652 0.006933 -0.001355
v -0.008639 0.006928 -0.001622
v -0.008691 0.006953 -0.001651
v -0.008637 0.006904 -0.001677
v -0.008688 0.006930 -0.001706
v -0.008686 0.006874 -0.001728
v -0.008635 0.006848 -0.001698
v -0.008628 0.006253 -0.001687
v -0.008678 0.006225 -0.001716
v -0.008628 0.006198 -0.001663
v -0.008679 0.006170 -0.001692
v -0.007959 0.009178 -0.001588
v -0.007997 0.009148 -0.001595
v -0.007934 0.009089 -0.001572
v -0.008040 0.009178 -0.001599
v -0.008027 0.009172 -0.001625
v -0.007985 0.009206 -0.001592
v -0.008071 0.009179 -0.001625
v -0.008080 0.009181 -0.001652
v -0.008066 0.009206 -0.001602
v -0.008097 0.009207 -0.001629
v -0.008106 0.009208 -0.001656
v -0.008068 0.009266 -0.003767
v -0.008071 0.009296 -0.001642
v -0.008039 0.009295 -0.001615
v -0.007958 0.009294 -0.001605
v -0.008094 0.009293 -0.003771
v -0.008051 0.009351 -0.005875
v -0.008022 0.009318 -0.001619
v -0.008077 0.009379 -0.005877
v -0.008031 0.009433 -0.007863
v -0.007919 0.009333 -0.001638
v -0.007916 0.009310 -0.001608
v -0.008048 0.009318 -0.001645
v -0.008057 0.009319 -0.001672
v -0.007874 0.009336 -0.001676
v -0.007871 0.009367 -0.002423
v -0.008080 0.009297 -0.001669
v -0.008044 0.009404 -0.003788
v -0.008067 0.009382 -0.003786
v -0.007863 0.009423 -0.003792
v -0.008050 0.009467 -0.005885
v -0.008027 0.009490 -0.005886
v -0.007846 0.009509 -0.005889
v -0.007827 0.009584 -0.007747
v -0.008057 0.009460 -0.007864
v -0.007998 0.009532 -0.010080
v -0.008030 0.009549 -0.007867
v -0.008023 0.009560 -0.010085
v -0.007977 0.009596 -0.011495
v -0.008007 0.009571 -0.007868
v -0.008001 0.009627 -0.011589
v -0.007984 0.009623 -0.011622
v -0.007996 0.009648 -0.010099
v -0.007987 0.009669 -0.011648
v -0.007970 0.009664 -0.011676
v -0.007955 0.009705 -0.011688
v -0.007971 0.009718 -0.011667
v -0.007973 0.009670 -0.010101
v -0.007949 0.009740 -0.011670
v -0.007932 0.009731 -0.011689
v -0.007877 0.009742 -0.011671
v -0.007877 0.009754 -0.011634
v -0.007774 0.009752 -0.011519
v -0.007901 0.009686 -0.010105
v -0.007794 0.009689 -0.010105
v -0.007825 0.009593 -0.007973
v -0.007934 0.009586 -0.007869
v -0.007939 0.008212 -0.010757
v -0.007947 0.008198 -0.010759
v -0.007962 0.008224 -0.010766
v -0.007978 0.008243 -0.010779
v -0.007955 0.008193 -0.010747
v -0.007983 0.008208 -0.010758
v -0.007972 0.008212 -0.010769
v -0.008003 0.008231 -0.010774
v -0.007990 0.008233 -0.010783
v -0.008001 0.008256 -0.010798
v -0.008015 0.008257 -0.010790
v -0.008017 0.008285 -0.010806
v -0.008002 0.008282 -0.010813
v -0.007988 0.008264 -0.010792
v -0.007989 0.008287 -0.010805
v -0.007998 0.008308 -0.010827
v -0.008012 0.008314 -0.010823
v -0.007985 0.008310 -0.010818
v -0.007997 0.008340 -0.010837
v -0.007984 0.008331 -0.010840
v -0.007973 0.008331 -0.010829
v -0.007975 0.008365 -0.010849
v -0.007964 0.008354 -0.010851
v -0.007944 0.008380 -0.010856
v -0.007936 0.008367 -0.010857
v -0.007954 0.008351 -0.010839
v -0.007929 0.008363 -0.010844
v -0.008046 0.006189 -0.001313
v -0.008080 0.006149 -0.001615
v -0.008033 0.006184 -0.001580
v -0.008095 0.006155 -0.001281
v -0.008106 0.006148 -0.001616
v -0.008049 0.006212 -0.001258
v -0.008168 0.006187 -0.001319
v -0.008156 0.006182 -0.001585
v -0.008121 0.006154 -0.001282
v -0.008171 0.006211 -0.001264
v -0.008098 0.006178 -0.001226
v -0.008124 0.006178 -0.001227
v -0.008100 0.006234 -0.001204
v -0.008051 0.006268 -0.001236
v -0.008058 0.006864 -0.001247
v -0.008126 0.006234 -0.001205
v -0.008173 0.006267 -0.001242
v -0.008180 0.006862 -0.001253
v -0.008134 0.006897 -0.001217
v -0.008180 0.006917 -0.001277
v -0.008108 0.006898 -0.001216
v -0.008058 0.006919 -0.001271
v -0.008134 0.006952 -0.001241
v -0.008108 0.006953 -0.001240
v -0.008105 0.006975 -0.001296
v -0.008055 0.006941 -0.001327
v -0.008043 0.006936 -0.001594
v -0.008131 0.006974 -0.001297
v -0.008177 0.006939 -0.001333
v -0.008165 0.006934 -0.001599
v -0.008116 0.006968 -0.001632
v -0.008162 0.006910 -0.001654
v -0.008089 0.006969 -0.001630
v -0.008040 0.006912 -0.001648
v -0.008113 0.006944 -0.001687
v -0.008087 0.006945 -0.001685
v -0.008111 0.006888 -0.001708
v -0.008160 0.006854 -0.001676
v -0.008153 0.006259 -0.001665
v -0.008085 0.006889 -0.001707
v -0.008038 0.006856 -0.001670
v -0.008031 0.006261 -0.001659
v -0.008103 0.006225 -0.001696
v -0.008077 0.006225 -0.001695
v -0.008031 0.006206 -0.001635
v -0.008153 0.006204 -0.001641
v -0.008077 0.006170 -0.001671
v -0.008103 0.006170 -0.001672
v -0.008202 0.006147 -0.001621
v -0.008218 0.006153 -0.001286
v -0.008228 0.006147 -0.001622
v -0.008291 0.006185 -0.001324
v -0.008278 0.006181 -0.001591
v -0.008244 0.006153 -0.001288
v -0.008294 0.006209 -0.001269
v -0.008221 0.006177 -0.001231
v -0.008247 0.006177 -0.001233
v -0.008222 0.006233 -0.001209
v -0.008248 0.006232 -0.001211
v -0.008295 0.006265 -0.001248
v -0.008303 0.006860 -0.001259
v -0.008256 0.006896 -0.001223
v -0.008302 0.006915 -0.001283
v -0.008230 0.006896 -0.001222
v -0.008256 0.006951 -0.001247
v -0.008230 0.006951 -0.001246
v -0.008228 0.006973 -0.001302
v -0.008254 0.006973 -0.001303
v -0.008300 0.006937 -0.001338
v -0.008287 0.006933 -0.001605
v -0.008238 0.006967 -0.001637
v -0.008284 0.006909 -0.001660
v -0.008212 0.006967 -0.001636
v -0.008235 0.006943 -0.001692
v -0.008209 0.006943 -0.001691
v -0.008233 0.006887 -0.001714
v -0.008283 0.006853 -0.001682
v -0.008275 0.006258 -0.001671
v -0.008207 0.006887 -0.001713
v -0.008225 0.006224 -0.001702
v -0.008199 0.006224 -0.001701
v -0.008276 0.006203 -0.001647
v -0.008200 0.006169 -0.001677
v -0.008226 0.006169 -0.001678
v -0.008324 0.006145 -0.001627
v -0.008340 0.006151 -0.001292
v -0.008350 0.006145 -0.001628
v -0.008413 0.006184 -0.001330
v -0.008400 0.006179 -0.001597
v -0.008366 0.006151 -0.001293
v -0.008416 0.006208 -0.001275
v -0.008343 0.006175 -0.001237
v -0.008369 0.006175 -0.001238
v -0.008345 0.006231 -0.001215
v -0.008371 0.006231 -0.001216
v -0.008418 0.006264 -0.001253
v -0.008425 0.006859 -0.001264
v -0.008379 0.006894 -0.001229
v -0.008424 0.006914 -0.001288
v -0.008353 0.006894 -0.001228
v -0.008378 0.006949 -0.001253
v -0.008352 0.006949 -0.001251
v -0.008350 0.006971 -0.001307
v -0.008376 0.006971 -0.001309
v -0.008422 0.006936 -0.001344
v -0.008410 0.006931 -0.001611
v -0.008360 0.006965 -0.001643
v -0.008407 0.006907 -0.001666
v -0.008334 0.006965 -0.001642
v -0.008357 0.006941 -0.001698
v -0.008331 0.006941 -0.001697
v -0.008356 0.006885 -0.001720
v -0.008405 0.006851 -0.001688
v -0.008398 0.006256 -0.001677
v -0.008329 0.006886 -0.001719
v -0.008348 0.006222 -0.001708
v -0.008321 0.006222 -0.001706
v -0.008398 0.006201 -0.001653
v -0.008322 0.006167 -0.001682
v -0.008348 0.006167 -0.001684
v -0.008447 0.006144 -0.001632
v -0.008462 0.006150 -0.001298
v -0.008473 0.006143 -0.001634
v -0.008535 0.006182 -0.001336
v -0.008523 0.006177 -0.001603
v -0.008488 0.006149 -0.001299
v -0.008538 0.006206 -0.001281
v -0.008465 0.006174 -0.001243
v -0.008491 0.006173 -0.001244
v -0.008467 0.006230 -0.001221
v -0.008493 0.006229 -0.001222
v -0.008540 0.006262 -0.001259
v -0.008547 0.006857 -0.001270
v -0.008501 0.006892 -0.001235
v -0.008547 0.006912 -0.001294
v -0.008475 0.006893 -0.001233
v -0.008501 0.006948 -0.001258
v -0.008475 0.006948 -0.001257
v -0.008472 0.006970 -0.001313
v -0.008498 0.006969 -0.001314
v -0.008544 0.006934 -0.001350
v -0.008532 0.006929 -0.001617
v -0.008482 0.006963 -0.001649
v -0.008529 0.006906 -0.001671
v -0.008456 0.006964 -0.001648
v -0.008480 0.006940 -0.001704
v -0.008454 0.006940 -0.001703
v -0.008478 0.006884 -0.001726
v -0.008527 0.006850 -0.001693
v -0.008520 0.006254 -0.001682
v -0.008452 0.006884 -0.001725
v -0.008470 0.006220 -0.001713
v -0.008444 0.006221 -0.001712
v -0.008520 0.006199 -0.001658
v -0.008444 0.006166 -0.001688
v -0.008470 0.006165 -0.001689
v -0.008569 0.006142 -0.001638
v -0.008585 0.006148 -0.001304
v -0.008595 0.006142 -0.001639
v -0.008611 0.006148 -0.001305
v -0.008588 0.006172 -0.001249
v -0.008614 0.006172 -0.001250
v -0.008589 0.006228 -0.001227
v -0.008615 0.006228 -0.001228
v -0.008623 0.006891 -0.001240
v -0.008597 0.006891 -0.001239
v -0.008623 0.006946 -0.001264
v -0.008597 0.006946 -0.001263
v -0.008595 0.006968 -0.001319
v -0.008621 0.006968 -0.001320
v -0.008579 0.006962 -0.001653
v -0.008605 0.006962 -0.001655
v -0.008602 0.006938 -0.001710
v -0.008576 0.006938 -0.001708
v -0.008600 0.006882 -0.001732
v -0.008574 0.006882 -0.001730
v -0.008592 0.006219 -0.001719
v -0.008566 0.006219 -0.001718
v -0.008567 0.006164 -0.001694
v -0.008593 0.006164 -0.001695
v -0.006157 0.013383 -0.002236
v -0.006202 0.013364 -0.002205
v -0.006133 0.013383 -0.002209
v -0.006212 0.013384 -0.002246
v -0.006162 0.013383 -0.002264
v -0.006233 0.013364 -0.002215
v -0.006477 0.012828 -0.002129
v -0.006215 0.013386 -0.002576
v -0.006162 0.013384 -0.002588
v -0.006171 0.013370 -0.002597
v -0.006509 0.012828 -0.002139
v -0.006740 0.012296 -0.002055
v -0.006219 0.013370 -0.002591
v -0.006447 0.012835 -0.002567
v -0.006242 0.013369 -0.002567
v -0.006243 0.013365 -0.002242
v -0.006517 0.012834 -0.002536
v -0.006499 0.012825 -0.002559
v -0.006709 0.012306 -0.002537
v -0.006518 0.012829 -0.002166
v -0.006779 0.012305 -0.002505
v -0.006757 0.012306 -0.002529
v -0.006951 0.011801 -0.002507
v -0.006781 0.012297 -0.002091
v -0.007021 0.011799 -0.002475
v -0.007003 0.011791 -0.002499
v -0.007176 0.011295 -0.002478
v -0.006772 0.012296 -0.002064
v -0.006982 0.011787 -0.001983
v -0.007023 0.011789 -0.002020
v -0.007014 0.011788 -0.001993
v -0.007207 0.011279 -0.001912
v -0.007246 0.011294 -0.002445
v -0.007248 0.011281 -0.001949
v -0.007239 0.011280 -0.001922
v -0.007410 0.010795 -0.001844
v -0.007227 0.011286 -0.002469
v -0.007378 0.010812 -0.002449
v -0.007442 0.010795 -0.001853
v -0.007599 0.010310 -0.001775
v -0.007429 0.010804 -0.002440
v -0.007567 0.010330 -0.002420
v -0.007448 0.010811 -0.002417
v -0.007618 0.010323 -0.002412
v -0.007739 0.009824 -0.002390
v -0.007637 0.010329 -0.002389
v -0.007451 0.010796 -0.001881
v -0.007640 0.010312 -0.001812
v -0.007809 0.009823 -0.002359
v -0.007789 0.009818 -0.002382
v -0.007878 0.009380 -0.002364
v -0.007944 0.009325 -0.002353
v -0.007973 0.009300 -0.002328
v -0.007813 0.009802 -0.001741
v -0.007977 0.009277 -0.001667
v -0.007631 0.010311 -0.001785
v -0.007772 0.009800 -0.001704
v -0.007804 0.009801 -0.001714
v -0.007968 0.009276 -0.001640
v -0.007983 0.006150 -0.001611
v -0.007999 0.006156 -0.001276
v -0.007973 0.006156 -0.001275
v -0.007957 0.006150 -0.001609
v -0.007976 0.006180 -0.001220
v -0.008002 0.006180 -0.001221
v -0.007978 0.006236 -0.001198
v -0.008004 0.006236 -0.001199
v -0.008012 0.006899 -0.001211
v -0.007986 0.006899 -0.001210
v -0.008011 0.006954 -0.001235
v -0.007985 0.006954 -0.001234
v -0.007983 0.006976 -0.001290
v -0.008009 0.006976 -0.001291
v -0.007993 0.006970 -0.001626
v -0.007967 0.006970 -0.001625
v -0.007990 0.006946 -0.001681
v -0.007964 0.006946 -0.001680
v -0.007989 0.006890 -0.001703
v -0.007963 0.006890 -0.001701
v -0.007981 0.006227 -0.001690
v -0.007955 0.006227 -0.001689
v -0.007955 0.006172 -0.001665
v -0.007981 0.006172 -0.001666
v -0.007889 0.009601 -0.007795
v -0.007766 0.010007 -0.007828
v -0.007909 0.009602 -0.007805
v -0.007745 0.010007 -0.007817
v -0.007910 0.009606 -0.007915
v -0.007604 0.010463 -0.007853
v -0.007583 0.010464 -0.007842
v -0.007768 0.010007 -0.007937
v -0.007888 0.009609 -0.007926
v -0.007747 0.010007 -0.007949
v -0.007604 0.010467 -0.007962
v -0.007583 0.010469 -0.007975
v -0.007413 0.010929 -0.007879
v -0.007393 0.010928 -0.007867
v -0.007417 0.010926 -0.007988
v -0.007397 0.010924 -0.008001
v -0.007232 0.011363 -0.007903
v -0.007211 0.011364 -0.007890
v -0.007236 0.011358 -0.008013
v -0.007216 0.011356 -0.008026
v -0.007001 0.011862 -0.007931
v -0.006981 0.011863 -0.007918
v -0.007006 0.011857 -0.008041
v -0.006986 0.011856 -0.008056
v -0.006785 0.012317 -0.007957
v -0.006765 0.012318 -0.007943
v -0.006511 0.012815 -0.007970
v -0.006791 0.012310 -0.008068
v -0.006771 0.012309 -0.008083
v -0.006550 0.012741 -0.008111
v -0.006552 0.012776 -0.008097
v -0.006542 0.012789 -0.008109
v -0.006522 0.012831 -0.007986
v -0.006509 0.012849 -0.007982
v -0.008806 0.005466 -0.008395
v -0.008812 0.005461 -0.008409
v -0.008835 0.005460 -0.008392
v -0.008820 0.005450 -0.007447
v -0.008823 0.005443 -0.008414
v -0.008848 0.005444 -0.007445
v -0.008824 0.005425 -0.005929
v -0.008866 0.005442 -0.008391
v -0.008838 0.005382 -0.008375
v -0.008852 0.005419 -0.005928
v -0.008826 0.005399 -0.004409
v -0.008886 0.005384 -0.008348
v -0.008868 0.005357 -0.008328
v -0.008879 0.005426 -0.007441
v -0.008899 0.005369 -0.007423
v -0.008881 0.005342 -0.007416
v -0.008883 0.005401 -0.005925
v -0.008854 0.005394 -0.004409
v -0.008824 0.005374 -0.002889
v -0.008901 0.005344 -0.005912
v -0.008883 0.005317 -0.005907
v -0.008885 0.005376 -0.004407
v -0.008902 0.005319 -0.004400
v -0.008884 0.005292 -0.004397
v -0.008851 0.005368 -0.002889
v -0.008882 0.005350 -0.002889
v -0.008899 0.005294 -0.002887
v -0.008880 0.005267 -0.002886
v -0.008876 0.005243 -0.001383
v -0.008895 0.005269 -0.001377
v -0.008879 0.005325 -0.001362
v -0.008857 0.005263 -0.001353
v -0.008830 0.005261 -0.001347
v -0.008848 0.005343 -0.001358
v -0.008821 0.005348 -0.001356
v -0.008816 0.005342 -0.001341
v -0.008847 0.005324 -0.001335
v -0.008819 0.005323 -0.001328
v -0.007922 0.009583 -0.007797
v -0.007911 0.009583 -0.007785
v -0.007922 0.009588 -0.007917
v -0.007913 0.009589 -0.007936
v -0.007794 0.009617 -0.007742
v -0.007790 0.009629 -0.007752
v -0.007813 0.009542 -0.005891
v -0.007660 0.010007 -0.007773
v -0.007831 0.009457 -0.003798
v -0.007501 0.010468 -0.007798
v -0.007838 0.009401 -0.002452
v -0.007321 0.010925 -0.007823
v -0.007141 0.011368 -0.007848
v -0.006914 0.011865 -0.007875
v -0.006701 0.012321 -0.007900
v -0.006481 0.012758 -0.007920
v -0.006468 0.012792 -0.007910
v -0.007833 0.009403 -0.002415
v -0.006457 0.012860 -0.007934
v -0.006457 0.012814 -0.007889
v -0.006477 0.012823 -0.008026
v -0.006413 0.012940 -0.007744
v -0.006419 0.012886 -0.007712
v -0.006509 0.012766 -0.008146
v -0.006357 0.013034 -0.007474
v -0.006368 0.012984 -0.007451
v -0.006316 0.013104 -0.007214
v -0.006329 0.013056 -0.007195
v -0.006285 0.013159 -0.006948
v -0.006300 0.013110 -0.006934
v -0.006258 0.013208 -0.006644
v -0.006273 0.013160 -0.006633
v -0.006235 0.013247 -0.006337
v -0.006251 0.013200 -0.006331
v -0.006217 0.013279 -0.006044
v -0.006232 0.013233 -0.006039
v -0.006201 0.013307 -0.005738
v -0.006215 0.013263 -0.005734
v -0.006188 0.013329 -0.005432
v -0.006201 0.013286 -0.005427
v -0.006177 0.013350 -0.005047
v -0.006188 0.013306 -0.005044
v -0.006175 0.013324 -0.004628
v -0.006167 0.013368 -0.004628
v -0.006162 0.013339 -0.004116
v -0.006158 0.013383 -0.004116
v -0.006153 0.013345 -0.003604
v -0.006155 0.013390 -0.003604
v -0.006154 0.013390 -0.002998
v -0.006146 0.013342 -0.002998
v -0.006150 0.013335 -0.002696
v -0.006161 0.013384 -0.002616
v -0.006154 0.013326 -0.002648
v -0.006164 0.013378 -0.002605
v -0.006170 0.013294 -0.002630
v -0.006409 0.012835 -0.002607
v -0.006673 0.012308 -0.002581
v -0.006918 0.011803 -0.002551
v -0.007145 0.011298 -0.002522
v -0.007343 0.010814 -0.002493
v -0.007527 0.010330 -0.002465
v -0.007703 0.009826 -0.002435
v -0.007828 0.009433 -0.002412
v -0.007874 0.009359 -0.002377
v -0.006537 0.012659 -0.008173
v -0.006555 0.012687 -0.008313
v -0.006541 0.012645 -0.008145
v -0.006561 0.012615 -0.008267
v -0.006625 0.012488 -0.008510
v -0.006710 0.012306 -0.008123
v -0.006628 0.012547 -0.008573
v -0.006921 0.011854 -0.008097
v -0.006703 0.012334 -0.008773
v -0.006706 0.012393 -0.008837
v -0.007149 0.011352 -0.008068
v -0.006792 0.012153 -0.009064
v -0.006799 0.012215 -0.009125
v -0.007326 0.010916 -0.008044
v -0.006883 0.011963 -0.009350
v -0.006896 0.012029 -0.009407
v -0.007500 0.010473 -0.008019
v -0.006976 0.011765 -0.009630
v -0.006996 0.011835 -0.009682
v -0.007660 0.010007 -0.007993
v -0.007103 0.011623 -0.009962
v -0.007074 0.011548 -0.009918
v -0.007787 0.009635 -0.007972
v -0.007210 0.011401 -0.010243
v -0.007173 0.011321 -0.010199
v -0.007790 0.009627 -0.007984
v -0.007298 0.011208 -0.010468
v -0.007253 0.011131 -0.010425
v -0.007386 0.011008 -0.010693
v -0.007760 0.009722 -0.010111
v -0.007333 0.010932 -0.010644
v -0.007476 0.010798 -0.010909
v -0.007741 0.009785 -0.011528
v -0.007413 0.010724 -0.010854
v -0.007921 0.009717 -0.011684
v -0.007598 0.010516 -0.011173
v -0.007725 0.009831 -0.011546
v -0.007513 0.010453 -0.011106
v -0.007899 0.009784 -0.011675
v -0.007677 0.010335 -0.011326
v -0.007841 0.009934 -0.011602
v -0.007575 0.010278 -0.011261
v -0.007700 0.009906 -0.011514
v -0.007739 0.010190 -0.011437
v -0.007793 0.010059 -0.011526
v -0.007621 0.010143 -0.011369
v -0.007662 0.010020 -0.011451
v -0.008657 0.008262 -0.010710
v -0.008644 0.008235 -0.010721
v -0.008647 0.008221 -0.010667
v -0.008640 0.008256 -0.010755
v -0.008659 0.008251 -0.010663
v -0.008654 0.008279 -0.010735
v -0.008654 0.008200 -0.010377
v -0.008633 0.008290 -0.010777
v -0.008666 0.008229 -0.010376
v -0.008648 0.008305 -0.010753
v -0.008674 0.008215 -0.010124
v -0.008624 0.008333 -0.010792
v -0.008662 0.008185 -0.010121
v -0.008641 0.008342 -0.010766
v -0.008647 0.008242 -0.010073
v -0.008602 0.008428 -0.010796
v -0.008633 0.008218 -0.010041
v -0.008620 0.008431 -0.010770
v -0.008550 0.008582 -0.010026
v -0.008581 0.008523 -0.010785
v -0.008572 0.008568 -0.010060
v -0.008600 0.008520 -0.010759
v -0.008561 0.008628 -0.010104
v -0.008571 0.008564 -0.010767
v -0.008584 0.008606 -0.010108
v -0.008591 0.008556 -0.010744
v -0.008557 0.008628 -0.010362
v -0.008563 0.008596 -0.010743
v -0.008581 0.008607 -0.010362
v -0.008585 0.008581 -0.010725
v -0.008579 0.008604 -0.010650
v -0.008558 0.008616 -0.010708
v -0.008555 0.008625 -0.010653
v -0.008581 0.008596 -0.010698
v -0.008665 0.008178 -0.008772
v -0.008670 0.008239 -0.008467
v -0.008674 0.008208 -0.008774
v -0.008664 0.008203 -0.008842
v -0.008661 0.008209 -0.008461
v -0.008656 0.008173 -0.008847
v -0.008667 0.008252 -0.008431
v -0.008637 0.008197 -0.008913
v -0.008658 0.008226 -0.008415
v -0.008658 0.008233 -0.008886
v -0.008653 0.008252 -0.008389
v -0.008600 0.008503 -0.008876
v -0.008664 0.008270 -0.008414
v -0.008566 0.008528 -0.008901
v -0.008645 0.008289 -0.008375
v -0.008603 0.008534 -0.008830
v -0.008658 0.008298 -0.008403
v -0.008582 0.008559 -0.008834
v -0.008631 0.008352 -0.008369
v -0.008584 0.008552 -0.008759
v -0.008645 0.008356 -0.008397
v -0.008605 0.008528 -0.008763
v -0.008617 0.008416 -0.008371
v -0.008618 0.008478 -0.008459
v -0.008633 0.008415 -0.008399
v -0.008598 0.008501 -0.008450
v -0.008609 0.008453 -0.008382
v -0.008622 0.008462 -0.008424
v -0.008626 0.008443 -0.008407
v -0.008603 0.008482 -0.008406
v -0.008589 0.008202 -0.008862
v -0.008632 0.008202 -0.008830
v -0.008651 0.008193 -0.008835
v -0.008632 0.008202 -0.008783
v -0.008689 0.008246 -0.008902
v -0.008652 0.008195 -0.008774
v -0.008629 0.008235 -0.008470
v -0.008740 0.008232 -0.008870
v -0.008648 0.008226 -0.008465
v -0.008628 0.008248 -0.008435
v -0.008762 0.008262 -0.008691
v -0.008645 0.008240 -0.008426
v -0.008626 0.008264 -0.008420
v -0.008710 0.008250 -0.008513
v -0.008679 0.008240 -0.008462
v -0.008641 0.008261 -0.008406
v -0.008619 0.008294 -0.008409
v -0.008681 0.008255 -0.008426
v -0.008721 0.008264 -0.008489
v -0.008722 0.008283 -0.008444
v -0.008778 0.008279 -0.008685
v -0.008796 0.008307 -0.008689
v -0.008724 0.008288 -0.008439
v -0.008689 0.008279 -0.008410
v -0.008634 0.008291 -0.008394
v -0.008691 0.008301 -0.008401
v -0.008622 0.008351 -0.008388
v -0.008607 0.008349 -0.008403
v -0.008596 0.008404 -0.008405
v -0.008681 0.008363 -0.008394
v -0.008726 0.008310 -0.008429
v -0.008800 0.008329 -0.008686
v -0.008716 0.008371 -0.008424
v -0.008700 0.008431 -0.008425
v -0.008772 0.008457 -0.008682
v -0.008665 0.008423 -0.008396
v -0.008689 0.008451 -0.008433
v -0.008609 0.008411 -0.008390
v -0.008589 0.008435 -0.008414
v -0.008654 0.008444 -0.008404
v -0.008602 0.008442 -0.008400
v -0.008584 0.008451 -0.008428
v -0.008685 0.008454 -0.008438
v -0.008636 0.008464 -0.008419
v -0.008597 0.008464 -0.008418
v -0.008593 0.008481 -0.008456
v -0.008579 0.008466 -0.008462
v -0.008628 0.008480 -0.008453
v -0.008580 0.008531 -0.008762
v -0.008565 0.008518 -0.008772
v -0.008660 0.008486 -0.008505
v -0.008676 0.008475 -0.008481
v -0.008759 0.008477 -0.008683
v -0.008732 0.008496 -0.008677
v -0.008710 0.008505 -0.008682
v -0.008758 0.008507 -0.008789
v -0.008798 0.008468 -0.008792
v -0.008737 0.008516 -0.008795
v -0.008785 0.008487 -0.008793
v -0.008774 0.008516 -0.008901
v -0.008675 0.008537 -0.008859
v -0.008752 0.008526 -0.008902
v -0.008578 0.008537 -0.008823
v -0.008563 0.008521 -0.008819
v -0.008523 0.008507 -0.008851
v -0.008633 0.008507 -0.008892
v -0.008719 0.008260 -0.008960
v -0.008707 0.008539 -0.008919
v -0.008665 0.008509 -0.008951
v -0.008730 0.008259 -0.009109
v -0.008759 0.008534 -0.009012
v -0.008715 0.008554 -0.009099
v -0.008673 0.008523 -0.009099
v -0.008671 0.008538 -0.009350
v -0.008730 0.008262 -0.009360
v -0.008713 0.008569 -0.009350
v -0.008762 0.008553 -0.009352
v -0.008669 0.008553 -0.009653
v -0.008730 0.008267 -0.009663
v -0.008711 0.008584 -0.009653
v -0.008661 0.008564 -0.009904
v -0.008723 0.008271 -0.009915
v -0.008703 0.008595 -0.009904
v -0.008649 0.008567 -0.009986
v -0.008713 0.008269 -0.009996
v -0.008761 0.008568 -0.009652
v -0.008690 0.008599 -0.010016
v -0.008628 0.008569 -0.010034
v -0.008693 0.008262 -0.010045
v -0.008577 0.008211 -0.010110
v -0.008499 0.008577 -0.010097
v -0.008555 0.008608 -0.010120
v -0.008539 0.008593 -0.010128
v -0.008669 0.008601 -0.010064
v -0.008552 0.008608 -0.010362
v -0.008537 0.008594 -0.010361
v -0.008746 0.008588 -0.010130
v -0.008752 0.008582 -0.009956
v -0.008734 0.008592 -0.010250
v -0.008774 0.008571 -0.009957
v -0.008782 0.008557 -0.009653
v -0.008766 0.008579 -0.010134
v -0.008803 0.008547 -0.009958
v -0.008784 0.008541 -0.009353
v -0.008812 0.008534 -0.009652
v -0.008780 0.008523 -0.009012
v -0.008813 0.008520 -0.009354
v -0.008808 0.008502 -0.009013
v -0.008801 0.008495 -0.008903
v -0.008826 0.008500 -0.009356
v -0.008821 0.008483 -0.009014
v -0.008815 0.008476 -0.008903
v -0.008857 0.008354 -0.009361
v -0.008851 0.008346 -0.009019
v -0.008843 0.008342 -0.008908
v -0.008826 0.008337 -0.008797
v -0.008822 0.008314 -0.008799
v -0.008839 0.008320 -0.008909
v -0.008805 0.008286 -0.008797
v -0.008822 0.008291 -0.008909
v -0.008790 0.008269 -0.008804
v -0.008806 0.008273 -0.008911
v -0.008829 0.008294 -0.009020
v -0.008846 0.008324 -0.009020
v -0.008770 0.008246 -0.008929
v -0.008814 0.008276 -0.009021
v -0.008781 0.008246 -0.009110
v -0.008835 0.008301 -0.009361
v -0.008820 0.008282 -0.009361
v -0.008781 0.008249 -0.009361
v -0.008821 0.008288 -0.009662
v -0.008781 0.008254 -0.009664
v -0.008774 0.008258 -0.009916
v -0.008763 0.008257 -0.010028
v -0.008813 0.008292 -0.009967
v -0.008743 0.008250 -0.010077
v -0.008808 0.008295 -0.010140
v -0.008641 0.008205 -0.010135
v -0.008620 0.008213 -0.010141
v -0.008829 0.008310 -0.009966
v -0.008634 0.008219 -0.010376
v -0.008615 0.008227 -0.010374
v -0.008797 0.008295 -0.010260
v -0.008823 0.008312 -0.010144
v -0.008777 0.008293 -0.010378
v -0.008836 0.008306 -0.009661
v -0.008813 0.008312 -0.010263
v -0.008728 0.008287 -0.010566
v -0.008792 0.008310 -0.010382
v -0.008627 0.008241 -0.010664
v -0.008608 0.008249 -0.010672
v -0.008742 0.008303 -0.010568
v -0.008625 0.008252 -0.010713
v -0.008605 0.008260 -0.010711
v -0.008700 0.008282 -0.010638
v -0.008604 0.008275 -0.010730
v -0.008666 0.008271 -0.010691
v -0.008707 0.008298 -0.010665
v -0.008622 0.008270 -0.010740
v -0.008660 0.008290 -0.010740
v -0.008616 0.008299 -0.010759
v -0.008601 0.008299 -0.010744
v -0.008594 0.008339 -0.010757
v -0.008700 0.008322 -0.010724
v -0.008609 0.008337 -0.010772
v -0.008577 0.008424 -0.010761
v -0.008666 0.008321 -0.010759
v -0.008590 0.008427 -0.010776
v -0.008559 0.008509 -0.010751
v -0.008667 0.008345 -0.010767
v -0.008571 0.008517 -0.010766
v -0.008549 0.008547 -0.010735
v -0.008649 0.008439 -0.010770
v -0.008702 0.008330 -0.010730
v -0.008703 0.008353 -0.010740
v -0.008759 0.008338 -0.010571
v -0.008762 0.008361 -0.010574
v -0.008810 0.008344 -0.010380
v -0.008813 0.008367 -0.010382
v -0.008686 0.008445 -0.010742
v -0.008724 0.008539 -0.010568
v -0.008664 0.008536 -0.010733
v -0.008627 0.008531 -0.010760
v -0.008655 0.008556 -0.010722
v -0.008618 0.008552 -0.010751
v -0.008563 0.008554 -0.010750
v -0.008542 0.008570 -0.010719
v -0.008650 0.008562 -0.010715
v -0.008556 0.008581 -0.010729
v -0.008537 0.008583 -0.010699
v -0.008599 0.008577 -0.010730
v -0.008552 0.008597 -0.010701
v -0.008536 0.008591 -0.010660
v -0.008647 0.008583 -0.010655
v -0.008550 0.008605 -0.010651
v -0.008598 0.008594 -0.010679
v -0.008635 0.008593 -0.010627
v -0.008663 0.008594 -0.010555
v -0.008713 0.008594 -0.010367
v -0.008683 0.008584 -0.010558
v -0.008755 0.008583 -0.010253
v -0.008734 0.008585 -0.010372
v -0.008712 0.008559 -0.010564
v -0.008764 0.008560 -0.010372
v -0.008776 0.008540 -0.010375
v -0.008785 0.008558 -0.010254
v -0.008797 0.008538 -0.010256
v -0.008833 0.008368 -0.010262
v -0.008795 0.008554 -0.010136
v -0.008830 0.008345 -0.010262
v -0.008843 0.008368 -0.010143
v -0.008840 0.008345 -0.010143
v -0.008808 0.008535 -0.010137
v -0.008846 0.008343 -0.009965
v -0.008850 0.008365 -0.009965
v -0.008853 0.008338 -0.009659
v -0.008816 0.008528 -0.009959
v -0.008853 0.008332 -0.009361
v -0.008857 0.008361 -0.009658
v -0.008825 0.008515 -0.009653
v -0.007914 0.006246 -0.001924
v -0.007776 0.007772 -0.001933
v -0.007707 0.007773 -0.001931
v -0.007689 0.008949 -0.001977
v -0.007798 0.006225 -0.001910
v -0.008019 0.004204 -0.001867
v -0.007689 0.007773 -0.001890
v -0.007877 0.004209 -0.001882
v -0.007695 0.008910 -0.001918
v -0.007684 0.008976 -0.001958
v -0.007781 0.006224 -0.001851
v -0.007658 0.009293 -0.001923
v -0.007672 0.009312 -0.001976
v -0.007886 0.003944 -0.001903
v -0.008031 0.003920 -0.001893
v -0.007575 0.009764 -0.001942
v -0.007594 0.009776 -0.001995
v -0.007891 0.003681 -0.001959
v -0.008028 0.003684 -0.001952
v -0.007433 0.010241 -0.001975
v -0.007469 0.010253 -0.002022
v -0.007894 0.003541 -0.002019
v -0.008038 0.003545 -0.002011
v -0.007268 0.010712 -0.002024
v -0.007295 0.010717 -0.002062
v -0.007457 0.010251 -0.001881
v -0.007618 0.009765 -0.001812
v -0.007281 0.010734 -0.001948
v -0.007694 0.009273 -0.001810
v -0.007520 0.010272 -0.001838
v -0.007691 0.009776 -0.001785
v -0.007737 0.008902 -0.001818
v -0.007797 0.009275 -0.001784
v -0.007540 0.010277 -0.001845
v -0.007706 0.009779 -0.001793
v -0.007361 0.010769 -0.001895
v -0.007830 0.009279 -0.001770
v -0.007855 0.008893 -0.001791
v -0.007337 0.010764 -0.001894
v -0.007160 0.011262 -0.001943
v -0.007747 0.007769 -0.001774
v -0.007880 0.007763 -0.001757
v -0.007833 0.006225 -0.001756
v -0.007987 0.006225 -0.001751
v -0.007861 0.004199 -0.001816
v -0.007922 0.004185 -0.001707
v -0.008052 0.004185 -0.001700
v -0.007872 0.003919 -0.001840
v -0.007938 0.003839 -0.001740
v -0.008067 0.003839 -0.001734
v -0.007878 0.003644 -0.001903
v -0.007949 0.003566 -0.001813
v -0.008076 0.003569 -0.001806
v -0.007874 0.003495 -0.001969
v -0.007955 0.003401 -0.001894
v -0.008080 0.003405 -0.001886
v -0.007896 0.003433 -0.002116
v -0.008048 0.003438 -0.002106
v -0.008049 0.003341 -0.002269
v -0.007870 0.003381 -0.002074
v -0.007963 0.003275 -0.002017
v -0.008095 0.003279 -0.002007
v -0.007894 0.003337 -0.002282
v -0.008049 0.003299 -0.002464
v -0.007873 0.003273 -0.002256
v -0.007977 0.003154 -0.002228
v -0.008151 0.003160 -0.002215
v -0.007883 0.003227 -0.002472
v -0.007894 0.003296 -0.002478
v -0.008225 0.003223 -0.006454
v -0.007992 0.003103 -0.002476
v -0.008207 0.003111 -0.002461
v -0.008411 0.003035 -0.006469
v -0.008123 0.003229 -0.006464
v -0.008107 0.003161 -0.006470
v -0.008178 0.003309 -0.007129
v -0.008272 0.003304 -0.007125
v -0.008154 0.003042 -0.006479
v -0.008163 0.003246 -0.007154
v -0.008237 0.003472 -0.007437
v -0.008310 0.003472 -0.007439
v -0.008226 0.003132 -0.007195
v -0.008401 0.003126 -0.007192
v -0.008221 0.003421 -0.007481
v -0.008290 0.003324 -0.007554
v -0.008440 0.003319 -0.007561
v -0.008344 0.003567 -0.007776
v -0.008482 0.003563 -0.007788
v -0.008274 0.003652 -0.007690
v -0.008395 0.003854 -0.007958
v -0.008529 0.003851 -0.007972
v -0.008290 0.003696 -0.007637
v -0.008351 0.003699 -0.007642
v -0.008324 0.003924 -0.007860
v -0.008462 0.004498 -0.008220
v -0.008600 0.004494 -0.008234
v -0.008340 0.003960 -0.007801
v -0.008396 0.003965 -0.007809
v -0.008390 0.004548 -0.008117
v -0.008516 0.005051 -0.008505
v -0.008657 0.005047 -0.008522
v -0.008407 0.004577 -0.008056
v -0.008467 0.004581 -0.008063
v -0.008462 0.005142 -0.008347
v -0.008525 0.005146 -0.008356
v -0.008445 0.005109 -0.008407
v -0.008547 0.005602 -0.008825
v -0.008690 0.005597 -0.008843
v -0.008687 0.006107 -0.009204
v -0.008477 0.005664 -0.008729
v -0.008495 0.005700 -0.008671
v -0.008559 0.005704 -0.008682
v -0.008542 0.006113 -0.009184
v -0.008682 0.006570 -0.009633
v -0.008473 0.006186 -0.009095
v -0.008491 0.006228 -0.009042
v -0.008557 0.006230 -0.009054
v -0.008483 0.006704 -0.009480
v -0.008553 0.006704 -0.009492
v -0.008464 0.006657 -0.009528
v -0.008468 0.007157 -0.009934
v -0.008539 0.007160 -0.009950
v -0.008485 0.007656 -0.010417
v -0.008533 0.006578 -0.009611
v -0.008450 0.007110 -0.009982
v -0.008428 0.007651 -0.010475
v -0.008474 0.008159 -0.010905
v -0.008519 0.007029 -0.010063
v -0.008667 0.007022 -0.010088
v -0.008409 0.007603 -0.010522
v -0.008376 0.008123 -0.010972
v -0.008395 0.008661 -0.011355
v -0.008478 0.007518 -0.010599
v -0.008613 0.007514 -0.010623
v -0.008357 0.008079 -0.011020
v -0.008304 0.008626 -0.011430
v -0.008227 0.009182 -0.011779
v -0.008422 0.008012 -0.011104
v -0.008545 0.008020 -0.011129
v -0.008449 0.008554 -0.011597
v -0.008283 0.008587 -0.011477
v -0.008344 0.008541 -0.011563
v -0.008299 0.009093 -0.011998
v -0.008152 0.009100 -0.011865
v -0.008203 0.009069 -0.011961
v -0.008229 0.009243 -0.012099
v -0.008168 0.009135 -0.011822
v -0.008073 0.009252 -0.011970
v -0.008134 0.009228 -0.012072
v -0.008158 0.009406 -0.012191
v -0.008087 0.009286 -0.011928
v -0.008138 0.009334 -0.011895
v -0.007974 0.009400 -0.012058
v -0.007987 0.009432 -0.012018
v -0.008037 0.009486 -0.011996
v -0.008046 0.009383 -0.012167
v -0.007865 0.009524 -0.012116
v -0.008035 0.009552 -0.012264
v -0.008052 0.009555 -0.012261
v -0.007942 0.009669 -0.012284
v -0.007928 0.009523 -0.012235
v -0.007932 0.009660 -0.012291
v -0.007872 0.009759 -0.012290
v -0.007804 0.009607 -0.012142
v -0.007862 0.009754 -0.012298
v -0.007802 0.009877 -0.012256
v -0.007849 0.009620 -0.012266
v -0.007791 0.009875 -0.012265
v -0.007717 0.010082 -0.012119
v -0.007780 0.009727 -0.012270
v -0.007751 0.009696 -0.012149
v -0.007884 0.009548 -0.012076
v -0.007961 0.009593 -0.012053
v -0.007916 0.009661 -0.012077
v -0.007828 0.009623 -0.012102
v -0.007884 0.009745 -0.012084
v -0.007779 0.009703 -0.012110
v -0.007846 0.009822 -0.012070
v -0.007704 0.009787 -0.012133
v -0.007735 0.009785 -0.012096
v -0.007792 0.010009 -0.011979
v -0.007720 0.009836 -0.012244
v -0.007645 0.009975 -0.011989
v -0.007649 0.010213 -0.011805
v -0.007614 0.009984 -0.012022
v -0.007633 0.010048 -0.012122
v -0.007510 0.010212 -0.011871
v -0.007537 0.010204 -0.011836
v -0.007537 0.010357 -0.011682
v -0.007705 0.010083 -0.012126
v -0.007470 0.010352 -0.011713
v -0.007456 0.010492 -0.011555
v -0.007540 0.010285 -0.011948
v -0.007617 0.010309 -0.011952
v -0.007630 0.010308 -0.011945
v -0.007444 0.010363 -0.011749
v -0.007478 0.010436 -0.011823
v -0.007381 0.010506 -0.011615
v -0.007405 0.010492 -0.011578
v -0.007362 0.010664 -0.011381
v -0.007415 0.010579 -0.011689
v -0.007319 0.010667 -0.011395
v -0.007275 0.010828 -0.011194
v -0.007299 0.010679 -0.011432
v -0.007238 0.010832 -0.011200
v -0.007089 0.011171 -0.010783
v -0.007220 0.010842 -0.011237
v -0.007063 0.011196 -0.010818
v -0.007334 0.010758 -0.011505
v -0.007255 0.010927 -0.011311
v -0.007338 0.010961 -0.011323
v -0.007496 0.010604 -0.011696
v -0.007509 0.010602 -0.011689
v -0.007352 0.010959 -0.011316
v -0.007096 0.011275 -0.010878
v -0.007180 0.011318 -0.010893
v -0.007195 0.011317 -0.010887
v -0.007028 0.011651 -0.010444
v -0.006903 0.011531 -0.010399
v -0.006932 0.011503 -0.010368
v -0.006934 0.011600 -0.010438
v -0.007012 0.011652 -0.010449
v -0.006865 0.011968 -0.010004
v -0.006754 0.011859 -0.009954
v -0.006789 0.011833 -0.009925
v -0.006778 0.011921 -0.009993
v -0.006846 0.011968 -0.010009
v -0.006696 0.012272 -0.009544
v -0.006600 0.012162 -0.009497
v -0.006640 0.012141 -0.009470
v -0.006616 0.012222 -0.009532
v -0.006676 0.012272 -0.009549
v -0.006534 0.012553 -0.009077
v -0.006452 0.012440 -0.009041
v -0.006497 0.012422 -0.009020
v -0.006460 0.012500 -0.009068
v -0.006512 0.012553 -0.009081
v -0.006386 0.012806 -0.008603
v -0.006313 0.012699 -0.008571
v -0.006361 0.012687 -0.008552
v -0.006316 0.012755 -0.008595
v -0.006360 0.012806 -0.008608
v -0.006252 0.013034 -0.008098
v -0.006184 0.012926 -0.008072
v -0.006235 0.012920 -0.008060
v -0.006184 0.012982 -0.008090
v -0.006224 0.013035 -0.008102
v -0.006136 0.013230 -0.007577
v -0.006084 0.013108 -0.007550
v -0.006136 0.013107 -0.007534
v -0.006081 0.013158 -0.007566
v -0.006116 0.013219 -0.007577
v -0.006057 0.013365 -0.007037
v -0.006005 0.013289 -0.007024
v -0.006013 0.013233 -0.007009
v -0.006070 0.013230 -0.007002
v -0.006037 0.013354 -0.007037
v -0.006011 0.013444 -0.006478
v -0.005991 0.013433 -0.006478
v -0.005976 0.013504 -0.005919
v -0.005947 0.013366 -0.006468
v -0.005956 0.013492 -0.005919
v -0.005952 0.013546 -0.005334
v -0.005963 0.013296 -0.006453
v -0.006024 0.013291 -0.006448
v -0.005912 0.013427 -0.005913
v -0.005929 0.013356 -0.005902
v -0.005992 0.013351 -0.005892
v -0.005888 0.013468 -0.005332
v -0.005905 0.013396 -0.005326
v -0.005972 0.013390 -0.005319
v -0.005933 0.013534 -0.005334
v -0.005928 0.013572 -0.004777
v -0.005890 0.013421 -0.004777
v -0.005959 0.013413 -0.004772
v -0.005866 0.013492 -0.004781
v -0.005878 0.013437 -0.004220
v -0.005950 0.013429 -0.004218
v -0.005909 0.013561 -0.004777
v -0.005918 0.013590 -0.004211
v -0.005854 0.013512 -0.004219
v -0.005865 0.013446 -0.003661
v -0.005944 0.013439 -0.003654
v -0.005899 0.013577 -0.004211
v -0.005911 0.013595 -0.003642
v -0.005833 0.013529 -0.003653
v -0.005892 0.013583 -0.003642
v -0.005907 0.013596 -0.003075
v -0.005866 0.013449 -0.003104
v -0.005941 0.013440 -0.003087
v -0.005943 0.013436 -0.002567
v -0.005835 0.013529 -0.003088
v -0.005865 0.013444 -0.002548
v -0.005948 0.013423 -0.002505
v -0.005890 0.013583 -0.003075
v -0.005834 0.013505 -0.002526
v -0.005869 0.013432 -0.002482
v -0.005964 0.013393 -0.002452
v -0.005889 0.013560 -0.002510
v -0.005903 0.013576 -0.002508
v -0.005843 0.013496 -0.002445
v -0.005888 0.013560 -0.002421
v -0.005903 0.013572 -0.002414
v -0.005922 0.013520 -0.002334
v -0.005943 0.013535 -0.002332
v -0.005988 0.013474 -0.002287
v -0.005883 0.013404 -0.002425
v -0.005871 0.013463 -0.002361
v -0.005974 0.013450 -0.002290
v -0.006062 0.013362 -0.002253
v -0.005903 0.013399 -0.002318
v -0.005910 0.013350 -0.002390
v -0.005987 0.013349 -0.002414
v -0.005958 0.013313 -0.002290
v -0.006043 0.013352 -0.002265
v -0.005945 0.013290 -0.002368
v -0.006015 0.013297 -0.002396
v -0.006241 0.013033 -0.002201
v -0.006258 0.013045 -0.002194
v -0.006488 0.012642 -0.002128
v -0.006193 0.012984 -0.002253
v -0.006186 0.012952 -0.002310
v -0.006237 0.012963 -0.002344
v -0.006471 0.012632 -0.002133
v -0.006713 0.012215 -0.002065
v -0.006427 0.012571 -0.002187
v -0.006430 0.012524 -0.002248
v -0.006475 0.012526 -0.002277
v -0.006696 0.012207 -0.002072
v -0.006944 0.011743 -0.002003
v -0.006654 0.012144 -0.002128
v -0.006659 0.012090 -0.002193
v -0.006698 0.012081 -0.002224
v -0.006926 0.011733 -0.002010
v -0.006880 0.011680 -0.002069
v -0.006879 0.011637 -0.002139
v -0.006911 0.011632 -0.002168
v -0.007139 0.011252 -0.001948
v -0.007087 0.011208 -0.002008
v -0.007082 0.011177 -0.002081
v -0.007119 0.011181 -0.002112
vn 0.1075 -0.2412 0.9645
vn -0.5885 0.0234 0.8082
vn -0.5885 0.0235 0.8082
vn -0.9947 -0.0000 -0.1027
vn -0.9947 -0.0000 -0.1026
vn -0.4090 -0.0236 -0.9122
vn -0.4089 -0.0236 -0.9123
vn 0.5885 -0.0235 -0.8082
vn 0.5885 -0.0234 -0.8082
vn 0.9947 -0.0000 0.1026
vn 0.9947 -0.0000 0.1027
vn 0.4089 0.0236 0.9123
vn 0.9462 0.0157 0.3233
vn 0.9462 0.0158 0.3233
vn 0.9462 0.0158 0.3232
vn -0.5885 0.0236 0.8082
vn -0.5884 0.0236 0.8082
vn 0.5885 -0.0236 -0.8082
vn 0.0552 -0.8750 0.4810
vn 0.0552 -0.8750 0.4809
vn 0.0709 -0.7170 0.6934
vn 0.0709 -0.6934 0.7171
vn 0.0709 -0.4492 0.8906
vn 0.0709 -0.4335 0.8984
vn 0.0473 -0.2441 0.9686
vn 0.0473 -0.2367 0.9704
vn 0.0237 -0.1502 0.9884
vn 0.0235 -0.1491 0.9885
vn 0.0236 -0.0394 0.9989
vn 0.0236 -0.0393 0.9989
vn 0.0236 -0.0000 0.9997
vn 0.0393 -0.0000 0.9992
vn 0.0157 -0.0000 0.9999
vn 0.0236 -0.0157 0.9996
vn 0.0315 -0.0315 0.9990
vn 0.0472 -0.0000 0.9989
vn 0.0471 0.0153 0.9988
vn 0.0472 0.0079 0.9989
vn 0.0472 0.0236 0.9986
vn 0.0471 0.0315 0.9984
vn 0.0473 -0.1103 0.9928
vn 0.1181 -0.2204 0.9682
vn 0.2599 -0.7639 0.5907
vn -0.0236 -0.7300 0.6830
vn 0.0711 0.0632 0.9955
vn 0.0553 0.0711 0.9959
vn 0.0393 0.0706 0.9967
vn 0.0472 0.1181 0.9919
vn 0.9867 0.0632 0.1499
vn 0.9944 0.0237 0.1026
vn 0.9899 0.0472 0.1336
vn 0.9867 0.0631 0.1500
vn 0.9850 0.0709 0.1576
vn 0.9809 0.0870 0.1740
vn 0.9719 0.1176 0.2038
vn 0.9725 0.1255 0.1961
vn 0.9734 0.1178 0.1963
vn 0.9763 0.1181 0.1811
vn 0.9764 0.1181 0.1811
vn 0.9816 0.0314 0.1885
vn 0.9736 0.1492 0.1727
vn 0.9667 0.1886 0.1729
vn 0.9667 0.1886 0.1728
vn 0.9777 0.1183 0.1735
vn 0.9838 0.0472 0.1731
vn 0.9645 -0.2055 0.1660
vn 0.9629 -0.2131 0.1657
vn 0.9773 -0.1417 0.1576
vn 0.9773 -0.1419 0.1576
vn 0.9853 -0.0631 0.1585
vn 0.9855 -0.0631 0.1577
vn 0.9874 -0.0079 0.1579
vn 0.9874 -0.0079 0.1580
vn 0.9847 -0.0551 0.1654
vn 0.9825 -0.0865 0.1651
vn 0.9758 -0.1102 0.1889
vn 0.9758 -0.1102 0.1888
vn 0.9667 -0.1729 0.1886
vn 0.9499 -0.1963 0.2434
vn 0.9531 -0.1890 0.2363
vn 0.9362 -0.2281 0.2675
vn 0.9299 -0.2600 0.2601
vn 0.9299 -0.2522 0.2679
vn 0.9145 -0.3390 0.2207
vn 0.8964 -0.4010 0.1887
vn 0.9145 -0.3390 0.2208
vn 0.8904 -0.4175 0.1812
vn 0.7866 -0.6134 0.0708
vn 0.8582 -0.2756 0.4330
vn 0.9226 -0.3316 0.1971
vn 0.5518 -0.1025 0.8277
vn 0.5655 -0.0157 0.8246
vn 0.6062 -0.0157 0.7952
vn 0.6284 -0.0236 0.7775
vn 0.6284 -0.0236 0.7776
vn 0.6410 -0.0160 0.7674
vn 0.6411 -0.0158 0.7673
vn 0.6451 -0.0393 0.7631
vn 0.6449 -0.0472 0.7628
vn 0.6559 -0.1343 0.7428
vn 0.6559 -0.1344 0.7428
vn 0.6784 -0.1893 0.7099
vn 0.6853 -0.1970 0.7011
vn 0.7346 -0.3160 0.6004
vn 0.7399 -0.3227 0.5903
vn 0.7950 -0.4329 0.4250
vn 0.7975 -0.4421 0.4106
vn 0.9784 -0.1500 0.1420
vn 0.9692 -0.1891 0.1576
vn 0.9997 0.0236 0.0079
vn 0.9402 0.3397 -0.0237
vn 0.7704 0.6368 -0.0315
vn 0.5745 0.8185 -0.0079
vn 0.7633 0.6453 -0.0315
vn 0.7415 0.6705 -0.0237
vn 0.4024 0.9153 0.0158
vn 0.4022 0.9147 0.0394
vn 0.4023 0.9150 0.0316
vn 0.4570 0.8430 0.2836
vn 0.5918 0.7417 0.3156
vn 0.6552 0.6789 0.3315
vn 0.6552 0.6788 0.3315
vn 0.6940 0.6309 0.3469
vn 0.6552 0.6789 0.3314
vn 0.8532 0.3002 0.4265
vn 0.8832 0.2129 0.4179
vn 0.8878 0.2121 0.4085
vn 0.9089 0.1897 0.3714
vn 0.9540 0.1735 0.2444
vn 0.9600 0.1731 0.2203
vn 0.9508 0.1807 0.2515
vn 0.9599 0.1731 0.2203
vn 0.9316 0.2053 0.3000
vn 0.8887 0.2359 0.3932
vn 0.7400 0.3621 0.5668
vn 0.8098 0.3145 0.4953
vn 0.6316 0.4264 0.6475
vn 0.6364 0.4243 0.6442
vn 0.6675 0.4555 0.5891
vn 0.6301 0.5040 0.5907
vn 0.6711 0.4660 0.5766
vn 0.5899 0.5428 0.5978
vn 0.5482 0.5795 0.6030
vn 0.5824 0.5589 0.5903
vn 0.6206 0.5263 0.5813
vn 0.6381 0.5120 0.5751
vn 0.6307 0.5204 0.5757
vn 0.6308 0.5204 0.5756
vn 0.6279 0.5180 0.5808
vn 0.8176 0.3066 0.4874
vn 0.7123 0.3482 0.6094
vn 0.8144 0.3054 0.4934
vn 0.6921 0.3539 0.6291
vn 0.7016 0.2996 0.6465
vn 0.7043 0.2691 0.6569
vn 0.7115 0.2055 0.6720
vn 0.6699 0.1182 0.7330
vn 0.6381 0.1812 0.7483
vn 0.6832 -0.0078 0.7302
vn 0.5444 -0.0631 0.8365
vn 0.6788 -0.0158 0.7341
vn 0.4730 -0.1025 0.8751
vn 0.4734 -0.1499 0.8680
vn 0.4655 -0.1736 0.8679
vn 0.4472 -0.2040 0.8709
vn -0.0000 -0.9997 0.0236
vn -0.0000 -0.9997 0.0237
vn -0.0000 0.0236 0.9997
vn -0.0000 0.0235 0.9997
vn -0.0000 0.0237 0.9997
vn -0.0000 0.0238 0.9997
vn 0.6192 0.7838 -0.0469
vn 0.6192 0.7838 -0.0470
vn 0.6193 0.7838 -0.0470
vn -0.0000 0.9997 -0.0238
vn -0.0000 0.9997 -0.0236
vn -0.0000 0.9997 -0.0237
vn -0.9352 -0.0157 -0.3537
vn -0.8403 -0.0157 -0.5419
vn -0.9353 -0.0079 -0.3537
vn -0.9096 0.0078 0.4155
vn -0.9051 0.0079 0.4250
vn -0.0948 0.0237 0.9952
vn -0.0869 0.0237 0.9959
vn 0.8184 0.0157 0.5745
vn 0.8120 0.0158 0.5834
vn 0.9955 -0.0001 0.0948
vn 0.9955 -0.0000 0.0948
vn -0.0000 0.9997 -0.0235
vn 0.8184 0.0157 0.5744
vn -0.0870 0.0237 0.9959
vn -0.9095 0.0079 0.4156
vn -0.9052 0.0078 0.4250
vn 0.0157 0.1491 0.9887
vn 0.0471 0.8238 0.5649
vn -0.0552 0.8834 0.4654
vn 0.0236 0.9989 0.0393
vn -0.3453 0.7927 0.5023
vn -0.1259 0.9915 0.0315
vn -0.5972 0.6051 0.5265
vn 0.0156 0.1491 0.9887
vn -0.7026 0.4579 0.5447
vn 0.0157 0.1414 0.9898
vn -0.7497 0.3393 0.5682
vn 0.0157 0.1337 0.9909
vn -0.7609 0.2902 0.5804
vn 0.0157 0.1182 0.9929
vn -0.7708 0.2593 0.5819
vn 0.0158 0.1182 0.9929
vn 0.0157 0.0870 0.9961
vn -0.7731 0.2288 0.5916
vn 0.0158 0.0870 0.9961
vn 0.0157 0.0629 0.9979
vn -0.7790 0.1888 0.5980
vn 0.0157 0.0628 0.9979
vn 0.0157 0.0393 0.9991
vn -0.7832 0.1587 0.6012
vn 0.0157 0.0394 0.9991
vn 0.0156 0.0157 0.9998
vn -0.7875 0.1103 0.6064
vn -0.9910 0.1337 0.0079
vn -0.9930 0.1182 0.0080
vn -0.9874 0.1580 0.0080
vn -0.9930 0.1182 -0.0000
vn -0.9820 0.1886 0.0079
vn -0.9874 0.1580 -0.0000
vn -0.9737 0.2277 0.0079
vn -0.9633 0.2685 0.0079
vn -0.9737 0.2277 -0.0000
vn -0.9494 0.3139 0.0079
vn -0.9633 0.2685 -0.0000
vn -0.8944 0.4472 0.0078
vn -0.9487 0.3162 0.0079
vn -0.9755 0.2202 -0.0000
vn -0.7707 0.6370 0.0157
vn -0.8975 0.4409 0.0079
vn -0.9487 0.3162 -0.0000
vn -0.4721 0.8812 0.0236
vn -0.7746 0.6324 0.0079
vn -0.4969 0.8675 0.0237
vn -0.9021 0.4315 -0.0000
vn -0.7847 0.6199 0.0078
vn -0.1733 0.9844 0.0315
vn -0.0157 0.9991 0.0393
vn -0.5418 0.8402 0.0236
vn -0.2368 0.9710 0.0316
vn -0.0707 0.9967 0.0392
vn -0.8018 0.5975 0.0079
vn -0.2827 0.9584 0.0393
vn -0.0869 0.9954 0.0395
vn -0.5922 0.8054 0.0237
vn -0.3065 0.9511 0.0393
vn -0.0550 0.9974 0.0471
vn -0.6369 0.7706 0.0236
vn -0.3230 0.9452 0.0473
vn -0.0157 0.9984 0.0550
vn -0.8247 0.5655 0.0079
vn -0.1657 0.9072 0.3866
vn -0.1413 0.9186 0.3690
vn -0.6705 0.7415 0.0237
vn -0.3228 0.6771 0.6613
vn -0.2761 0.6390 0.7179
vn -0.3064 0.9507 0.0471
vn -0.5114 0.8576 0.0551
vn -0.4322 0.3457 0.8329
vn -0.2509 0.1489 0.9565
vn -0.8053 0.5921 0.0316
vn -0.3859 0.9213 0.0473
vn -0.7881 0.6147 0.0315
vn -0.4814 -0.0316 0.8759
vn -0.2752 -0.2516 0.9279
vn -0.9082 0.4186 0.0079
vn -0.9288 0.3698 0.0235
vn -0.2587 -0.3843 0.8862
vn -0.9125 0.4090 0.0079
vn -0.9289 0.3700 0.0157
vn -0.9349 0.3535 0.0314
vn -0.1968 -0.4881 0.8503
vn -0.9325 0.3604 0.0235
vn -0.9369 0.3465 0.0472
vn -0.1104 -0.5604 0.8208
vn -0.9390 0.3394 0.0552
vn -0.0551 -0.6141 0.7873
vn -0.9346 0.3534 0.0392
vn -0.9381 0.3391 0.0709
vn -0.0550 -0.6614 0.7480
vn -0.9343 0.3533 0.0471
vn -0.9381 0.3390 0.0710
vn -0.0552 -0.6860 0.7255
vn -0.9303 0.3626 0.0552
vn -0.9361 0.3461 0.0629
vn -0.0473 -0.7181 0.6944
vn -0.9280 0.3696 0.0472
vn -0.9303 0.3627 0.0552
vn -0.0394 -0.7486 0.6619
vn -0.9213 0.3859 0.0472
vn -0.9237 0.3791 0.0553
vn -0.0393 -0.7631 0.6451
vn -0.9147 0.4022 0.0394
vn -0.9210 0.3857 0.0551
vn -0.0631 -0.7731 0.6311
vn -0.9118 0.4087 0.0393
vn -0.9205 0.3856 0.0629
vn -0.1104 -0.7807 0.6151
vn -0.9075 0.4182 0.0395
vn -0.9200 0.3854 0.0708
vn -0.1812 -0.7801 0.5989
vn -0.9045 0.4247 0.0393
vn -0.9201 0.3853 0.0708
vn -0.2280 -0.7864 0.5741
vn -0.8971 0.4407 0.0315
vn -0.9177 0.3922 0.0627
vn -0.2357 -0.8013 0.5499
vn -0.8926 0.4502 0.0237
vn -0.9140 0.4019 0.0551
vn -0.2292 -0.8219 0.5216
vn -0.8815 0.4722 0.0079
vn -0.9115 0.4086 0.0471
vn -0.2291 -0.8456 0.4821
vn -0.2369 -0.8526 0.4658
vn -0.8730 0.4877 -0.0000
vn -0.2755 -0.8502 0.4487
vn -0.3296 -0.8397 0.4316
vn -0.9147 0.4021 0.0394
vn -0.3938 -0.8268 0.4016
vn -0.8731 0.4876 -0.0000
vn -0.9188 0.3927 0.0393
vn -0.5037 -0.7949 0.3384
vn -0.9219 0.3861 0.0316
vn -0.5981 -0.7555 0.2675
vn -0.8763 0.4816 0.0079
vn -0.9219 0.3861 0.0315
vn -0.6843 -0.7000 0.2045
vn -0.7475 -0.6453 0.1574
vn -0.8764 0.4816 0.0079
vn -0.9221 0.3862 0.0237
vn -0.7723 -0.6226 0.1261
vn -0.8764 0.4816 -0.0000
vn -0.9222 0.3863 0.0158
vn -0.7667 -0.6323 0.1107
vn -0.8782 0.4783 -0.0000
vn -0.7315 -0.6763 0.0865
vn -0.8815 0.4722 -0.0000
vn -0.8083 0.5886 -0.0157
vn -0.8120 0.5834 -0.0158
vn -0.8054 0.5923 -0.0237
vn -0.9265 0.3762 0.0013
vn -0.8054 0.5922 -0.0237
vn -0.9263 0.3768 0.0078
vn -0.6567 -0.7515 0.0633
vn -0.8053 0.5921 -0.0316
vn -0.9290 0.3701 0.0078
vn -0.5686 -0.8213 0.0474
vn -0.8847 0.4661 -0.0000
vn -0.8864 0.4629 -0.0000
vn -0.9290 0.3700 0.0079
vn -0.4657 -0.8841 0.0395
vn -0.3794 -0.9249 0.0237
vn -0.8897 0.4566 -0.0000
vn -0.9290 0.3702 -0.0000
vn -0.3303 -0.9438 0.0079
vn -0.9290 0.3701 0.0001
vn -0.3373 -0.9414 -0.0079
vn -0.3536 -0.9351 -0.0236
vn -0.9290 0.3701 -0.0078
vn -0.3537 -0.9353 -0.0000
vn -0.3537 -0.9354 -0.0000
vn -0.8896 0.4567 -0.0000
vn -0.8247 0.5655 -0.0000
vn -0.9317 0.3633 -0.0078
vn -0.2996 -0.9382 0.1735
vn -0.8928 0.4504 -0.0079
vn -0.0947 0.0474 0.9944
vn -0.7915 0.2351 0.5642
vn -0.7141 0.4238 0.5572
vn -0.6761 0.5661 0.4717
vn -0.8344 0.5510 -0.0079
vn -0.8284 0.5601 -0.0000
vn -0.5510 0.8345 0.0080
vn 0.1422 0.9481 0.2845
vn -0.0947 0.0473 0.9944
vn 0.3928 0.9191 0.0315
vn 0.3927 0.9191 0.0314
vn 0.3862 0.9223 0.0158
vn -0.4969 0.8678 -0.0000
vn 0.3862 0.9224 -0.0079
vn -0.4970 0.8677 -0.0079
vn 0.3863 0.9224 -0.0079
vn 0.3861 0.9223 -0.0158
vn 0.3862 0.9223 -0.0158
vn 0.3794 0.9247 -0.0316
vn -0.4968 0.8675 -0.0237
vn 0.3791 0.9241 -0.0474
vn -0.8221 0.5693 -0.0064
vn -0.4968 0.8673 -0.0315
vn 0.3790 0.9242 -0.0474
vn 0.3788 0.9233 -0.0631
vn -0.8185 0.5744 -0.0097
vn -0.4966 0.8671 -0.0394
vn 0.3788 0.9233 -0.0632
vn 0.3713 0.9244 -0.0869
vn -0.8183 0.5746 -0.0138
vn -0.4868 0.8718 -0.0549
vn 0.3708 0.9230 -0.1026
vn -0.4867 0.8713 -0.0628
vn 0.3630 0.9232 -0.1262
vn -0.4861 0.8704 -0.0784
vn 0.3630 0.9232 -0.1263
vn 0.3618 0.9202 -0.1494
vn -0.4795 0.8725 -0.0943
vn 0.3551 0.9154 -0.1894
vn -0.5036 0.8579 -0.1023
vn 0.3396 0.9082 -0.2448
vn -0.5508 0.8262 -0.1180
vn 0.3221 0.8957 -0.3064
vn -0.8078 0.5882 -0.0392
vn -0.5754 0.8040 -0.1498
vn 0.3137 0.8783 -0.3607
vn -0.8072 0.5877 -0.0548
vn -0.5761 0.7970 -0.1815
vn 0.2981 0.8630 -0.4080
vn -0.8109 0.5826 -0.0551
vn -0.5832 0.7881 -0.1970
vn 0.2837 0.8513 -0.4414
vn -0.8210 0.5689 -0.0467
vn -0.5910 0.7802 -0.2049
vn 0.2678 0.8351 -0.4806
vn -0.8374 0.5451 -0.0395
vn -0.6074 0.7653 -0.2130
vn 0.2678 0.8351 -0.4805
vn 0.2445 0.8280 -0.5047
vn -0.8530 0.5214 -0.0237
vn -0.6236 0.7499 -0.2210
vn 0.2518 0.8264 -0.5037
vn 0.2287 0.8124 -0.5363
vn -0.8677 0.4969 -0.0158
vn -0.6297 0.7401 -0.2362
vn 0.2123 0.8020 -0.5583
vn -0.6406 0.7277 -0.2452
vn 0.1966 0.7947 -0.5743
vn -0.8896 0.4567 0.0079
vn -0.6464 0.7173 -0.2601
vn -0.8974 0.4409 0.0158
vn 0.1967 0.7946 -0.5744
vn -0.6376 0.7163 -0.2834
vn -0.9049 0.4250 0.0236
vn 0.1810 0.7868 -0.5901
vn 0.1809 0.7868 -0.5901
vn 0.1658 0.7822 -0.6005
vn -0.6202 0.7222 -0.3062
vn -0.9121 0.4088 0.0315
vn 0.1659 0.7822 -0.6005
vn 0.1499 0.7736 -0.6157
vn -0.6158 0.7184 -0.3237
vn -0.9191 0.3928 0.0314
vn 0.1500 0.7736 -0.6157
vn 0.1417 0.7637 -0.6298
vn -0.6110 0.7127 -0.3446
vn -0.9247 0.3795 0.0316
vn 0.1257 0.7471 -0.6527
vn -0.6059 0.7002 -0.3776
vn -0.9288 0.3699 0.0236
vn 0.1258 0.7471 -0.6527
vn 0.1105 0.7184 -0.6868
vn -0.6049 0.6835 -0.4085
vn -0.9289 0.3700 0.0158
vn 0.0943 0.6920 -0.7157
vn -0.5912 0.6699 -0.4492
vn -0.9316 0.3632 0.0158
vn 0.0943 0.6921 -0.7156
vn 0.0869 0.6638 -0.7428
vn -0.5752 0.6619 -0.4807
vn 0.0865 0.6682 -0.7389
vn 0.0787 0.6218 -0.7792
vn -0.9326 0.3605 0.0156
vn -0.5901 0.6373 -0.4956
vn 0.0707 0.5497 -0.8324
vn -0.9327 0.3605 0.0079
vn -0.6397 0.5924 -0.4897
vn 0.0712 0.4743 -0.8775
vn -0.9317 0.3632 0.0078
vn -0.6904 0.5492 -0.4708
vn 0.0709 0.4804 -0.8742
vn 0.0708 0.4175 -0.9059
vn -0.9263 0.3768 -0.0000
vn -0.7261 0.5130 -0.4578
vn 0.0709 0.4175 -0.9059
vn 0.0630 0.3392 -0.9386
vn -0.9154 0.4025 -0.0000
vn -0.7506 0.4978 -0.4345
vn 0.0631 0.3392 -0.9386
vn 0.0706 0.2197 -0.9730
vn -0.8763 0.4816 0.0157
vn -0.7417 0.5366 -0.4024
vn 0.0710 0.0868 -0.9937
vn -0.7704 0.6368 0.0314
vn 0.0706 -0.0549 -0.9960
vn -0.6921 0.6291 -0.3539
vn 0.0711 -0.0554 -0.9959
vn 0.0710 -0.1498 -0.9862
vn -0.4086 0.9115 0.0471
vn -0.6693 0.6614 -0.3386
vn 0.0710 -0.1500 -0.9861
vn 0.0708 -0.2122 -0.9747
vn -0.7309 0.5580 -0.3930
vn -0.6990 0.7147 0.0236
vn 0.0708 -0.2123 -0.9746
vn 0.0631 -0.2679 -0.9614
vn -0.7977 0.4265 -0.4264
vn 0.0629 -0.2753 -0.9593
vn 0.0631 -0.3392 -0.9386
vn -0.8344 0.5511 -0.0079
vn -0.8323 0.3376 -0.4397
vn 0.0629 -0.3461 -0.9361
vn 0.0630 -0.4177 -0.9064
vn -0.8284 0.5601 0.0079
vn 0.0631 -0.4177 -0.9064
vn 0.0552 -0.4809 -0.8750
vn -0.8589 0.2600 -0.4413
vn -0.8730 0.4876 -0.0078
vn 0.0552 -0.4809 -0.8751
vn 0.0550 -0.5264 -0.8485
vn -0.8810 0.1730 -0.4404
vn -0.9082 0.4186 -0.0000
vn -0.9081 0.4187 -0.0000
vn -0.9290 0.3700 -0.0079
vn -0.8979 0.0788 -0.4332
vn 0.0551 -0.5355 -0.8427
vn 0.0469 -0.5880 -0.8075
vn -0.9494 0.3139 -0.0078
vn 0.0473 -0.5917 -0.8047
vn 0.0474 -0.6402 -0.7667
vn -0.9051 0.0079 -0.4250
vn 0.0472 -0.6449 -0.7628
vn 0.0473 -0.6617 -0.7483
vn -0.9115 -0.0471 -0.4086
vn -0.9591 0.2830 -0.0079
vn -0.9658 0.2591 -0.0078
vn -0.9125 0.4091 -0.0000
vn -0.9658 0.2591 -0.0079
vn -0.9082 0.4185 -0.0000
vn -0.9659 0.2591 -0.0000
vn -0.9754 0.2203 -0.0000
vn -0.9920 0.1260 -0.0000
vn -0.9975 0.0707 -0.0000
vn -0.9999 0.0157 -0.0000
vn -0.9980 0.0629 0.0079
vn -1.0000 0.0079 -0.0000
vn -0.7937 0.0629 0.6051
vn -0.9999 0.0079 0.0080
vn 0.0158 0.0158 0.9998
vn -0.7884 0.0158 0.6149
vn 0.0157 -0.0079 0.9998
vn -0.7912 -0.0236 0.6111
vn -0.9995 -0.0315 0.0079
vn 0.0159 0.0157 0.9998
vn 0.0079 0.1104 0.9939
vn 0.0629 -0.9969 -0.0471
vn -0.6539 -0.5908 0.4727
vn 0.0629 -0.9979 -0.0157
vn -0.7342 -0.6789 -0.0078
vn -0.7342 -0.6789 -0.0087
vn 0.0628 -0.9979 -0.0157
vn -0.9995 -0.0315 -0.0000
vn -0.7378 -0.6749 -0.0070
vn 0.0630 -0.9979 -0.0157
vn -0.9997 -0.0236 -0.0000
vn -0.7416 -0.6706 -0.0158
vn -0.7491 -0.6623 -0.0158
vn -0.9997 -0.0236 -0.0079
vn -0.8247 -0.5655 -0.0079
vn 0.0630 -0.9927 0.1024
vn 0.0629 -0.9572 0.2825
vn -0.9998 0.0157 -0.0079
vn -0.9997 -0.0237 -0.0079
vn -0.7946 -0.5744 0.1967
vn 0.0711 -0.7970 0.5998
vn -0.8185 -0.4328 0.3778
vn 0.0712 -0.4588 0.8857
vn -0.8185 -0.2282 0.5273
vn -0.9997 -0.0236 -0.0078
vn -0.8013 -0.0393 0.5970
vn 0.0708 -0.1102 0.9914
vn -0.9995 -0.0315 -0.0079
vn -0.7697 0.2042 0.6048
vn 0.0628 0.3297 0.9420
vn 0.0632 0.3951 0.9165
vn -0.7306 0.2671 0.6284
vn 0.0631 0.4495 0.8911
vn -0.9989 -0.0472 -0.0078
vn -0.7383 0.2985 0.6048
vn 0.0631 0.5681 0.8206
vn -0.9985 -0.0550 -0.0079
vn -0.7611 0.3688 0.5335
vn 0.0632 0.8040 0.5913
vn -0.9992 -0.0393 -0.0079
vn -0.9985 -0.0550 -0.0001
vn -0.9975 -0.0707 -0.0079
vn -0.8377 -0.2505 -0.4853
vn -0.9969 -0.0785 -0.0000
vn -0.7660 0.5133 0.3870
vn -0.9975 -0.0706 -0.0079
vn -0.7570 0.5993 0.2602
vn 0.0629 0.9205 0.3855
vn -0.9969 -0.0784 -0.0078
vn -0.7493 0.6468 0.1420
vn 0.0629 0.9735 0.2198
vn -0.9947 -0.1026 -0.0000
vn -0.9969 -0.0785 -0.0079
vn -0.7452 0.6668 0.0078
vn 0.0629 0.9977 0.0236
vn 0.0629 0.9979 0.0157
vn -0.7266 0.6871 0.0079
vn 0.0628 0.9979 0.0157
vn -0.7342 0.6789 0.0079
vn -0.7341 0.6789 0.0158
vn -0.9910 -0.1337 -0.0079
vn -0.9910 -0.1337 -0.0000
vn -0.9963 -0.0862 -0.0000
vn -0.7377 0.6749 0.0157
vn -0.6766 0.5900 0.4406
vn 0.0629 0.9979 -0.0157
vn -0.9962 -0.0862 0.0079
vn 0.0157 -0.0238 0.9996
vn 0.0157 -0.0315 0.9994
vn 0.0157 -0.0550 0.9984
vn -0.8349 -0.0866 0.5435
vn -0.8171 -0.1729 0.5500
vn 0.0158 -0.0870 0.9961
vn -0.9947 -0.1026 0.0079
vn -0.8118 -0.2128 0.5438
vn 0.0157 -0.1491 0.9887
vn -0.9920 -0.1259 0.0079
vn 0.0158 -0.2052 0.9786
vn -0.8051 -0.2526 0.5367
vn 0.0158 -0.2369 0.9714
vn -0.8017 -0.2829 0.5266
vn -0.9888 -0.1491 0.0080
vn -0.9920 -0.1260 -0.0000
vn -0.9849 -0.1733 -0.0000
vn -0.9848 -0.1734 -0.0000
vn -0.7897 -0.3238 0.5212
vn -0.9835 -0.1810 -0.0000
vn 0.0157 -0.2518 0.9677
vn 0.0157 -0.2517 0.9677
vn 0.0079 -0.2444 0.9696
vn -0.7809 -0.3786 0.4969
vn 0.0079 -0.2444 0.9697
vn 0.0079 -0.2370 0.9715
vn -0.4477 -0.8483 0.2828
vn -0.9821 -0.1886 -0.0000
vn 0.0079 -0.2369 0.9715
vn -0.3302 -0.9198 0.2122
vn 0.0157 -0.2277 0.9736
vn -0.7331 -0.4730 0.4887
vn 0.0157 -0.2202 0.9753
vn -0.7561 -0.4174 0.5041
vn -0.9494 -0.3139 -0.0000
vn -0.5050 -0.7970 0.3314
vn -0.1415 -0.9747 0.1729
vn -0.1493 -0.9826 0.1101
vn -0.1887 -0.9749 0.1179
vn -0.1491 -0.9888 -0.0000
vn -0.1886 -0.9820 -0.0000
vn -0.9495 -0.3139 -0.0000
vn -0.5655 -0.8247 -0.0000
vn -0.1886 -0.9820 -0.0079
vn -0.1491 -0.9888 -0.0078
vn -0.5511 -0.8345 -0.0000
vn -0.9463 -0.3233 -0.0000
vn -0.1885 -0.9820 -0.0079
vn -0.5511 -0.8344 -0.0000
vn -0.1580 -0.9874 -0.0079
vn -0.1976 -0.9802 -0.0079
vn -0.1657 -0.9861 -0.0080
vn -0.2198 -0.9735 -0.0628
vn -0.1806 -0.9816 -0.0628
vn -0.5272 -0.8497 -0.0000
vn -0.5968 -0.8010 -0.0471
vn -0.2588 -0.9489 -0.1804
vn -0.2050 -0.9618 -0.1813
vn -0.6140 -0.7792 -0.1259
vn -0.9438 -0.3304 0.0079
vn -0.2908 -0.9115 -0.2908
vn -0.2369 -0.9240 -0.3001
vn -0.2515 -0.9040 -0.3459
vn -0.9438 -0.3303 0.0079
vn -0.9463 -0.3233 0.0079
vn -0.9438 -0.3305 0.0079
vn -0.6153 -0.7652 -0.1893
vn -0.5891 -0.7776 -0.2199
vn -0.9438 -0.3303 0.0078
vn -0.2977 -0.8932 -0.3369
vn -0.2522 -0.9064 -0.3389
vn -0.4816 -0.8290 -0.2842
vn -0.2527 -0.9318 -0.2606
vn -0.2199 -0.9426 -0.2514
vn -0.2591 -0.9658 -0.0078
vn -0.2208 -0.8439 -0.4890
vn -0.0079 -0.1885 -0.9820
vn -0.1887 -0.9749 -0.1179
vn -0.0078 -0.1886 -0.9820
vn -0.0080 -0.1961 -0.9806
vn -0.3765 -0.9019 -0.2118
vn -0.6323 -0.7747 -0.0079
vn -0.0078 -0.1961 -0.9805
vn -0.0079 -0.2203 -0.9754
vn -0.8511 -0.3075 -0.4255
vn -0.0079 -0.2204 -0.9754
vn -0.0080 -0.2518 -0.9678
vn -0.8710 -0.2197 -0.4394
vn -0.8645 -0.2279 -0.4480
vn -0.0079 -0.2518 -0.9678
vn -0.0079 -0.2758 -0.9612
vn -0.8526 -0.2368 -0.4658
vn -0.0079 -0.2757 -0.9612
vn -0.0000 -0.3139 -0.9495
vn -0.8425 -0.2441 -0.4803
vn -0.0000 -0.3068 -0.9518
vn -0.0000 -0.3632 -0.9317
vn -0.8337 -0.2438 -0.4954
vn -0.9899 -0.1414 -0.0001
vn -0.9862 -0.1657 -0.0000
vn -0.8296 -0.2528 -0.4978
vn -0.0001 -0.4186 -0.9082
vn -0.0000 -0.4156 -0.9096
vn -0.0000 -0.4661 -0.8847
vn -0.8524 -0.2526 -0.4578
vn 0.0078 -0.5063 -0.8623
vn 0.0079 -0.5063 -0.8623
vn 0.0079 -0.5510 -0.8344
vn -0.8553 -0.2746 -0.4394
vn 0.0079 -0.5511 -0.8344
vn 0.0079 -0.5975 -0.8018
vn -0.8511 -0.3074 -0.4256
vn -0.9999 -0.0079 -0.0079
vn 0.0078 -0.5975 -0.8018
vn 0.0079 -0.6285 -0.7778
vn -0.8519 -0.3155 -0.4181
vn -1.0000 -0.0001 -0.0079
vn -0.8573 -0.3225 -0.4012
vn 0.0158 -0.6623 -0.7491
vn -0.9995 0.0315 -0.0000
vn -0.8578 -0.3305 -0.3935
vn 0.0157 -0.6912 -0.7225
vn 0.0157 -0.6911 -0.7225
vn -0.8673 -0.3233 -0.3785
vn -0.9985 0.0550 -0.0000
vn -0.9992 0.0393 -0.0001
vn -0.9963 0.0863 -0.0000
vn -0.9969 0.0785 -0.0000
vn -0.8714 -0.3140 -0.3768
vn 0.0158 -0.7109 -0.7031
vn 0.0158 -0.7110 -0.7030
vn -0.8841 -0.2842 -0.3710
vn 0.0236 -0.7147 -0.6990
vn -0.9900 0.1414 -0.0000
vn -0.8870 -0.2669 -0.3768
vn 0.0314 -0.7146 -0.6988
vn 0.0314 -0.7146 -0.6989
vn -0.9861 0.1657 -0.0079
vn 0.0316 -0.7107 -0.7028
vn -0.8818 -0.2598 -0.3936
vn 0.0395 -0.7026 -0.7105
vn 0.0391 -0.6987 -0.7144
vn -0.9004 -0.2133 -0.3791
vn 0.0395 -0.6784 -0.7336
vn 0.0394 -0.6784 -0.7336
vn -0.9060 -0.1733 -0.3860
vn -0.9848 0.1733 -0.0079
vn -0.9806 0.1961 -0.0079
vn -0.9011 -0.1488 -0.4074
vn -0.9754 0.2203 -0.0079
vn -0.9064 -0.1025 -0.4098
vn -0.9696 0.2444 -0.0080
vn -0.9821 0.1886 -0.0000
vn -0.9678 0.2518 -0.0000
vn -0.9849 0.1733 -0.0000
vn -0.9771 0.2128 -0.0000
vn -0.9888 0.1491 -0.0000
vn -0.9697 0.2444 -0.0000
vn -0.5333 0.2509 0.8079
vn -0.5994 -0.0789 0.7966
vn -0.6084 -0.1343 0.7822
vn -0.9835 0.1810 -0.0000
vn -0.5205 0.3076 0.7965
vn -0.5050 0.5128 0.6942
vn -0.9862 0.1657 -0.0000
vn -0.4948 0.5655 0.6598
vn -0.5959 0.3529 0.7214
vn -0.4803 0.7715 0.4173
vn -0.5901 0.6373 0.4957
vn -0.4739 0.8057 0.3554
vn -0.4710 0.8634 0.1805
vn -0.5814 0.7855 0.2121
vn -0.4713 0.8718 0.1335
vn -0.8019 0.5031 0.3223
vn -0.5909 0.8036 0.0709
vn -0.7964 0.5914 0.1262
vn -0.8247 0.3456 0.4477
vn -0.4717 0.8805 0.0472
vn -0.8658 0.1653 0.4723
vn -0.9874 0.1581 -0.0000
vn -0.6329 0.1028 0.7674
vn -0.4782 0.8779 0.0235
vn -0.4896 0.8684 -0.0789
vn -0.5885 0.8082 -0.0235
vn -0.8495 0.5271 0.0229
vn -0.4872 0.8642 -0.1257
vn -0.9779 0.2051 0.0395
vn -0.5829 0.7955 -0.1654
vn -0.4946 0.8163 -0.2983
vn -0.4965 0.7958 -0.3467
vn -0.5909 0.6854 -0.4254
vn -0.5194 0.6532 -0.5509
vn -0.5265 0.6051 -0.5972
vn -0.5334 0.3530 -0.7687
vn -0.5999 0.4105 -0.6867
vn -0.9715 0.2370 -0.0000
vn -0.5768 -0.0711 -0.8138
vn -0.6206 0.1492 -0.7698
vn -0.6517 -0.3455 -0.6752
vn -0.9633 0.2684 -0.0000
vn -0.6551 -0.4026 -0.6393
vn -0.6829 -0.1099 -0.7222
vn -0.7736 -0.4026 -0.4894
vn -0.6789 -0.5921 -0.4342
vn -0.9612 0.2758 -0.0000
vn -0.6854 -0.6223 -0.3781
vn -0.9591 0.2829 -0.0000
vn -0.8124 -0.5363 -0.2287
vn -0.7011 -0.6853 -0.1969
vn -0.9591 0.2830 -0.0000
vn -0.7022 -0.6943 -0.1578
vn -0.9570 0.2902 -0.0000
vn -0.9495 0.3139 -0.0000
vn -0.7180 -0.6944 -0.0473
vn -0.9570 0.2901 -0.0000
vn -0.7188 -0.6950 -0.0158
vn -0.7166 -0.6930 0.0788
vn -0.8403 -0.5419 0.0157
vn -0.8319 -0.5494 -0.0785
vn -0.7177 -0.6862 0.1183
vn -0.9907 -0.1337 -0.0236
vn -0.8278 -0.5361 0.1656
vn -0.7132 -0.6270 0.3134
vn -0.7083 -0.6060 0.3621
vn -0.6714 -0.3870 0.6320
vn -0.7944 -0.4011 0.4562
vn -0.6693 -0.3386 0.6614
vn -0.7008 -0.1339 0.7007
vn -0.9707 -0.2210 0.0947
vn -0.9427 -0.1493 0.2985
vn -0.9005 -0.0158 0.4345
vn -0.9766 0.2127 -0.0315
vn -0.9647 -0.2214 -0.1423
vn -0.9303 -0.1577 -0.3311
vn -0.8896 -0.0079 -0.4566
vn -0.8522 0.2052 -0.4813
vn -0.8028 0.4014 -0.4408
vn -0.7791 0.5509 -0.2991
vn -0.7875 0.6064 -0.1103
vn -0.8498 0.5272 -0.0000
vn 0.9680 -0.1337 -0.2125
vn 0.0865 -0.4798 -0.8731
vn 0.9700 -0.1419 -0.1972
vn 0.0864 -0.4951 -0.8645
vn 0.9508 -0.1571 -0.2671
vn 0.0789 -0.5048 -0.8596
vn 0.0709 -0.5201 -0.8512
vn 0.1266 -0.5539 -0.8229
vn 0.9409 -0.2274 -0.2509
vn 0.1099 -0.6199 -0.7769
vn 0.9366 -0.2438 -0.2518
vn 0.1104 -0.6539 -0.7485
vn 0.9402 -0.2449 -0.2370
vn 0.1103 -0.6539 -0.7485
vn 0.1099 -0.6910 -0.7145
vn 0.1184 -0.6781 -0.7254
vn 0.9445 -0.2362 -0.2283
vn 0.9438 -0.2045 -0.2596
vn 0.1099 -0.6909 -0.7145
vn 0.1259 -0.6139 -0.7792
vn 0.9425 -0.1649 -0.2906
vn 0.1183 -0.6781 -0.7254
vn 0.1257 -0.5265 -0.8408
vn 0.9415 -0.1412 -0.3060
vn 0.1259 -0.6140 -0.7792
vn 0.9222 -0.2995 -0.2444
vn 0.9177 -0.2769 -0.2848
vn 0.1258 -0.5265 -0.8408
vn 0.1258 -0.4717 -0.8727
vn 0.9383 -0.1419 -0.3154
vn 0.9273 -0.2358 -0.2907
vn 0.1337 -0.4557 -0.8800
vn 0.9361 -0.1573 -0.3146
vn 0.1418 -0.4490 -0.8822
vn 0.9383 -0.2365 -0.2524
vn 0.1336 -0.4558 -0.8800
vn 0.1730 -0.6684 -0.7234
vn 0.9394 -0.2684 -0.2131
vn 0.9425 -0.1649 -0.2907
vn 0.9539 -0.0709 -0.2917
vn 0.9273 -0.2356 -0.2907
vn 0.9425 -0.1650 -0.2906
vn 0.9633 -0.0079 -0.2684
vn 0.0789 -0.5994 -0.7966
vn 0.0551 -0.6530 -0.7553
vn 0.1107 -0.5218 -0.8459
vn 0.1655 -0.7013 -0.6934
vn 0.1973 -0.3709 -0.9075
vn 0.9632 -0.0079 -0.2685
vn 0.3382 -0.2596 -0.9046
vn 0.9223 -0.2995 -0.2444
vn 0.9467 -0.2762 -0.1657
vn 0.2530 -0.6959 -0.6721
vn 0.9301 -0.2995 -0.2128
vn 0.9300 -0.2995 -0.2129
vn 0.9467 -0.2761 -0.1658
vn 0.9520 -0.2911 -0.0944
vn 0.2996 -0.6465 -0.7017
vn 0.2679 -0.6067 -0.7485
vn 0.9520 -0.2911 -0.0945
vn 0.0869 -0.5137 -0.8535
vn 0.0709 -0.5201 -0.8511
vn 0.3157 -0.5604 -0.7657
vn 0.1026 -0.5129 -0.8523
vn 0.9823 -0.1021 -0.1572
vn 0.9783 -0.1341 -0.1578
vn 0.9667 -0.1729 -0.1886
vn 0.0630 -0.4806 -0.8746
vn 0.9695 -0.1734 -0.1734
vn 0.0786 -0.4954 -0.8651
vn 0.0947 -0.4888 -0.8672
vn 0.9734 -0.1806 -0.1413
vn 0.1337 -0.5110 -0.8491
vn 0.9708 -0.1657 -0.1736
vn 0.1336 -0.5110 -0.8491
vn 0.0868 -0.4892 -0.8678
vn 0.6284 -0.6520 -0.4242
vn 0.8470 -0.4941 -0.1961
vn 0.2913 -0.8031 -0.5197
vn 0.8085 -0.5731 -0.1335
vn 0.4574 -0.7807 -0.4258
vn 0.3470 -0.8832 -0.3154
vn 0.4662 -0.8454 -0.2607
vn 0.9520 -0.2912 -0.0944
vn 0.3692 -0.8562 -0.3613
vn 0.8109 -0.5511 -0.1968
vn 0.7810 -0.5601 -0.2761
vn 0.3535 -0.7069 -0.6126
vn 0.3539 -0.6292 -0.6920
vn 0.5118 -0.8110 -0.2835
vn 0.5285 -0.7100 -0.4654
vn 0.7400 -0.6455 -0.1889
vn 0.8889 -0.4405 -0.1258
vn 0.8030 -0.5747 -0.1575
vn 0.3627 -0.4573 -0.8120
vn 0.8030 -0.5748 -0.1574
vn 0.7400 -0.6455 -0.1890
vn 0.3846 -0.4160 -0.8241
vn -0.0628 0.0157 0.9979
vn 0.7463 -0.0864 0.6600
vn 0.1974 -0.0474 0.9792
vn 0.8105 -0.0630 0.5823
vn 0.7463 -0.0864 0.6599
vn -0.1656 0.0315 0.9857
vn 0.8105 -0.0630 0.5824
vn 0.1658 0.4816 0.8606
vn 0.8637 -0.0393 0.5025
vn 0.8757 -0.0395 0.4812
vn -0.0863 0.0157 0.9961
vn 0.8757 -0.0394 0.4813
vn 0.8971 -0.0315 0.4407
vn 0.0948 -0.0000 0.9955
vn 0.8971 -0.0315 0.4408
vn 0.8962 -0.0551 0.4403
vn 0.1883 -0.0471 0.9810
vn 0.8962 -0.0550 0.4402
vn 0.8759 -0.1263 0.4656
vn 0.3765 -0.2118 0.9019
vn 0.8709 -0.2040 0.4472
vn 0.4497 -0.2682 0.8520
vn 0.8611 -0.2765 0.4266
vn 0.5436 -0.4491 0.7091
vn 0.8611 -0.2765 0.4267
vn 0.8476 -0.4159 0.3296
vn 0.6373 -0.5901 0.4957
vn 0.6285 -0.7149 0.3064
vn 0.8090 -0.5419 0.2278
vn 0.6209 -0.7782 0.0943
vn 0.7463 -0.6520 0.1336
vn 0.6623 -0.7491 -0.0158
vn 0.0866 -0.6845 0.7238
vn 0.6621 -0.7488 0.0315
vn 0.6868 -0.7262 -0.0316
vn 0.7463 -0.6521 0.1335
vn 0.0712 -0.8547 0.5143
vn 0.0947 -0.4734 0.8758
vn 0.0865 -0.6845 0.7238
vn 0.0868 -0.3079 0.9474
vn 0.0948 -0.4734 0.8758
vn 0.0707 -0.1334 0.9885
vn 0.0870 -0.3079 0.9474
vn 0.0706 -0.1334 0.9885
vn 0.0157 0.0157 0.9998
vn 0.0472 -0.0314 0.9984
vn 0.0080 0.0079 0.9999
vn 0.0472 -0.0315 0.9984
vn 0.0079 -0.0000 1.0000
vn 0.0709 0.5109 0.8567
vn 0.9339 -0.0549 0.3532
vn 0.9343 -0.0471 0.3533
vn 0.9369 -0.0472 0.3464
vn 0.0079 0.0079 0.9999
vn 0.9394 -0.0473 0.3396
vn 0.9415 -0.0554 0.3323
vn 0.0471 -0.0629 0.9969
vn 0.9435 -0.1258 0.3066
vn 0.0711 -0.2844 0.9561
vn 0.9441 -0.1810 0.2754
vn 0.0711 -0.2845 0.9560
vn 0.0787 -0.4646 0.8820
vn 0.9428 -0.2278 0.2435
vn 0.9992 -0.0080 -0.0394
vn 0.0787 -0.4647 0.8820
vn 0.0871 -0.6252 0.7756
vn 0.9995 -0.0078 -0.0315
vn 0.0787 -0.7792 0.6218
vn 0.9405 -0.2766 0.1976
vn 0.9999 -0.0000 -0.0156
vn 0.9999 -0.0000 -0.0158
vn 1.0000 -0.0000 -0.0000
vn 0.0631 -0.8989 0.4337
vn 0.9999 -0.0000 0.0157
vn 0.0712 -0.8546 0.5143
vn 0.0550 -0.9424 0.3299
vn 0.0550 -0.9424 0.3298
vn 0.6620 -0.7488 0.0315
vn 0.0393 -0.9913 0.1259
vn 0.6697 -0.7406 -0.0551
vn 1.0000 -0.0000 0.0079
vn 0.0393 -0.9985 -0.0393
vn 0.0550 -0.9598 0.2753
vn 0.0631 -0.8989 0.4336
vn 0.9349 -0.3221 0.1493
vn 0.0551 -0.9598 0.2754
vn 0.9350 -0.3457 0.0786
vn 0.0394 -0.9922 0.1181
vn 0.9317 -0.3632 0.0079
vn 0.9995 -0.0000 -0.0315
vn 0.0395 -0.9961 -0.0789
vn 0.0395 -0.9961 -0.0791
vn 0.9317 -0.3632 -0.0000
vn 0.9375 -0.3466 -0.0315
vn 0.0393 -0.9827 -0.1808
vn 0.9381 -0.3390 -0.0710
vn 0.0472 -0.9601 -0.2756
vn 0.9388 -0.3235 -0.1183
vn 0.9989 0.0078 -0.0472
vn 0.0787 -0.9288 -0.3622
vn 0.9995 -0.0000 -0.0316
vn 0.0472 -0.9602 -0.2754
vn 0.9989 0.0079 -0.0473
vn 0.0473 -0.9851 -0.1655
vn 0.9974 0.0157 -0.0707
vn 0.0474 -0.9552 -0.2921
vn 0.9959 0.0237 -0.0870
vn 0.9959 0.0237 -0.0869
vn 0.0787 -0.9288 -0.3621
vn 0.9942 0.0315 -0.1026
vn 0.1185 -0.8849 -0.4504
vn 0.9372 -0.3071 -0.1654
vn 0.9942 0.0316 -0.1026
vn 0.1185 -0.8850 -0.4503
vn 0.1419 -0.7881 -0.5990
vn 0.1265 -0.7509 -0.6481
vn 0.9934 0.0315 -0.1104
vn 0.9934 0.0315 -0.1103
vn 0.1337 -0.6133 -0.7784
vn 0.0866 -0.6925 -0.7162
vn 0.9610 0.0236 -0.2757
vn 0.0864 -0.5580 -0.8253
vn 0.9609 0.0237 -0.2757
vn 0.4894 -0.1421 -0.8604
vn 0.9625 0.0395 -0.2682
vn 0.0630 -0.6694 -0.7402
vn 0.9625 0.0394 -0.2683
vn 0.5825 -0.1259 -0.8030
vn 0.9704 -0.0473 -0.2367
vn 0.9673 0.0315 -0.2516
vn 0.8018 -0.3458 -0.4874
vn 0.9685 -0.1416 -0.2047
vn 0.8322 -0.5418 -0.1177
vn 0.9685 -0.1417 -0.2047
vn 0.0395 -0.7740 -0.6319
vn 0.9315 -0.3237 -0.1658
vn 0.7856 -0.6127 -0.0864
vn 0.7787 -0.6214 -0.0865
vn 0.8650 -0.4876 -0.1180
vn 0.0394 -0.8808 -0.4719
vn 0.0393 -0.8808 -0.4719
vn 0.0395 -0.7741 -0.6319
vn -0.0000 0.1182 0.9930
vn -0.0000 0.0948 0.9955
vn -0.0000 0.1337 0.9910
vn -0.0000 0.0629 0.9980
vn 0.2598 -0.6297 0.7321
vn -0.0000 0.0550 0.9985
vn -0.0000 -0.0315 0.9995
vn -0.7572 -0.3944 0.5206
vn 0.3536 -0.9351 -0.0236
vn -0.0000 -0.0863 0.9963
vn -0.8326 -0.1728 0.5262
vn -0.9082 -0.4186 -0.0000
vn 0.3605 -0.9326 -0.0156
vn -0.0000 -0.1657 0.9862
vn 0.3700 -0.9289 -0.0157
vn -0.9806 -0.1961 0.0079
vn -0.8337 -0.1022 0.5427
vn 0.3700 -0.9289 -0.0158
vn -0.9939 -0.1104 0.0079
vn -0.9051 -0.4250 -0.0079
vn 0.3632 -0.9317 -0.0079
vn -0.9820 -0.1886 -0.0000
vn -0.9955 -0.0948 -0.0000
vn -0.8398 -0.0392 0.5415
vn -0.9997 0.0236 0.0079
vn -0.8221 0.0158 0.5691
vn -0.9930 0.1182 0.0079
vn -0.9963 -0.0863 -0.0000
vn -0.9051 -0.4251 -0.0079
vn -0.9835 -0.1809 -0.0079
vn -0.9079 -0.4185 -0.0237
vn 0.3632 -0.9316 -0.0158
vn -0.9969 -0.0786 -0.0078
vn -0.8288 -0.5368 -0.1579
vn 0.3467 -0.9218 -0.1733
vn -0.9860 -0.1657 -0.0158
vn -0.7147 -0.6362 -0.2906
vn 0.3237 -0.8919 -0.3157
vn -0.9479 -0.2765 -0.1580
vn -0.6468 -0.5916 -0.4812
vn 0.2835 -0.8110 -0.5118
vn -0.5515 -0.5278 -0.6460
vn 0.2055 -0.6085 -0.7665
vn 0.1659 -0.4661 -0.8690
vn -0.9979 -0.0629 -0.0157
vn -0.9681 -0.1732 -0.1810
vn -0.5832 -0.4098 -0.7014
vn 0.1580 -0.3871 -0.9084
vn -0.9974 0.0707 -0.0157
vn -0.5954 -0.3212 -0.7364
vn 0.1896 -0.2843 -0.9398
vn -0.9810 -0.0471 -0.1884
vn -0.6524 -0.0707 -0.7546
vn -0.6595 0.0942 -0.7458
vn 0.3318 0.1896 -0.9241
vn -0.9552 0.2132 -0.2053
vn -0.6604 0.2280 -0.7154
vn 0.3926 0.4789 -0.7852
vn -0.7555 0.4093 -0.5116
vn 0.4190 0.7431 -0.5218
vn 0.4003 0.8790 -0.2590
vn -0.8130 0.5604 -0.1579
vn 0.3691 0.9267 -0.0707
vn -0.9463 0.3233 -0.0000
vn -0.8013 0.5970 -0.0393
vn -0.4874 0.8726 0.0314
vn 0.3794 0.9247 0.0317
vn -0.4176 0.6225 0.6619
vn -0.4722 0.8815 0.0079
vn 0.4024 0.9152 0.0237
vn -0.1259 -0.1809 0.9754
vn 0.1419 0.3785 0.9147
vn -0.4503 -0.8927 -0.0158
vn 0.2518 0.5744 0.7789
vn -0.6371 0.7707 0.0078
vn 0.4091 0.9124 0.0157
vn -0.6456 0.7636 0.0079
vn -0.4502 -0.8928 -0.0158
vn 0.4090 0.9124 0.0157
vn -0.6455 0.7636 0.0157
vn 0.3930 0.9195 0.0080
vn 0.4025 0.9153 0.0158
vn 0.3930 0.9195 0.0078
vn -0.4503 -0.8928 -0.0157
vn -0.6013 0.7989 0.0159
vn 0.3864 0.9223 0.0079
vn -0.7792 -0.2676 -0.5668
vn -0.6067 0.6145 0.5043
vn 0.3771 0.9034 -0.2043
vn -0.6708 0.2605 -0.6944
vn -0.0000 -0.2996 0.9541
vn -0.0000 -0.2758 0.9612
vn -0.0000 -0.2591 0.9658
vn -0.0000 -0.2443 0.9697
vn -0.6708 0.2604 -0.6945
vn -0.4422 0.8843 0.1500
vn -0.0000 -0.1656 0.9862
vn -0.9633 0.2684 0.0079
vn 0.3930 0.9194 0.0157
vn -0.9612 0.2758 0.0079
vn -0.9899 0.1414 0.0079
vn -0.9591 0.2831 -0.0000
vn 0.3929 0.9194 0.0157
vn -0.9992 0.0393 0.0002
vn -0.9989 0.0472 -0.0078
vn 0.3928 0.9191 0.0314
vn -0.9517 0.3069 -0.0079
vn -0.4079 0.7295 0.5491
vn -0.0000 -0.9997 0.0238
vn -0.6394 0.6551 0.4024
vn -0.8338 0.3618 0.4169
vn -0.3457 0.8485 0.4007
vn -0.8339 0.3618 0.4169
vn -0.3457 0.8485 0.4006
vn -0.9049 0.0236 0.4249
vn -0.0000 0.9154 0.4025
vn -0.9050 0.0236 0.4249
vn -0.9052 -0.0000 0.4250
vn 0.3457 0.8485 0.4006
vn 0.3457 0.8485 0.4007
vn -0.8352 -0.3388 0.4333
vn 0.6393 0.6551 0.4026
vn 0.6394 0.6551 0.4026
vn -0.6406 -0.6327 0.4350
vn 0.8338 0.3618 0.4169
vn -0.6407 -0.6327 0.4350
vn -0.3468 -0.8276 0.4414
vn 0.9049 0.0236 0.4249
vn -0.3468 -0.8276 0.4413
vn -0.0000 -0.8944 0.4472
vn 0.9052 -0.0000 0.4250
vn 0.9052 -0.0000 0.4249
vn 0.3468 -0.8276 0.4413
vn 0.8352 -0.3388 0.4333
vn 0.3468 -0.8276 0.4414
vn 0.6407 -0.6327 0.4350
vn 0.6406 -0.6327 0.4350
vn -0.6394 0.6551 0.4026
vn -0.9051 0.0236 0.4245
vn -0.8351 -0.3388 0.4333
vn 0.6394 0.6551 0.4025
vn 0.6393 0.6551 0.4025
vn 0.8339 0.3618 0.4169
vn -0.3469 -0.8276 0.4414
vn 0.9051 -0.0000 0.4253
vn -0.0000 -0.8945 0.4471
vn 0.8351 -0.3388 0.4333
vn -0.0392 -0.8937 0.4469
vn 0.3462 -0.8969 0.2753
vn 0.3469 -0.8988 0.2681
vn 0.3848 -0.9109 -0.1492
vn -0.0470 -0.8934 0.4467
vn -0.3871 -0.9006 0.1975
vn 0.0394 -0.9147 -0.4021
vn 0.0473 -0.9144 -0.4020
vn -0.3460 -0.9120 -0.2201
vn -0.3453 -0.9105 -0.2276
vn 0.0394 -0.9147 -0.4022
vn -0.3460 -0.9120 -0.2202
vn -0.3871 -0.9006 0.1976
vn -0.0470 -0.8935 0.4467
vn 0.3460 -0.8969 0.2753
vn -0.9835 -0.1810 -0.0001
vn -0.9835 -0.1810 -0.0079
vn -0.9848 -0.1733 -0.0079
vn -0.5122 -0.8589 -0.0000
vn -0.9834 -0.1811 -0.0079
vn -0.2518 -0.9678 -0.0000
vn -0.4876 -0.8730 -0.0000
vn -0.9835 -0.1811 -0.0000
vn -0.2370 -0.9715 -0.0000
vn -0.4722 -0.8815 -0.0000
vn -0.9820 -0.1886 -0.0030
vn -0.4628 -0.8865 -0.0000
vn -0.2204 -0.9754 -0.0000
vn -0.4661 -0.8847 -0.0000
vn -0.2202 -0.9754 -0.0079
vn -0.2203 -0.9754 -0.0078
vn -0.2277 -0.9737 -0.0000
vn -0.9463 -0.3234 -0.0000
vn -0.9462 -0.3234 0.0079
vn -0.7546 -0.5997 0.2662
vn -0.7643 -0.5752 0.2915
vn -0.9466 0.1183 0.2998
vn -0.8928 -0.4504 0.0079
vn -0.8408 -0.4794 0.2515
vn -0.9251 -0.3796 -0.0079
vn -0.8808 -0.3854 0.2752
vn -0.9715 -0.2369 -0.0079
vn -0.8770 -0.3318 0.3476
vn -0.9929 -0.1182 0.0157
vn -0.5901 -0.4957 0.6372
vn -0.9947 -0.1026 -0.0079
vn -0.4640 -0.8808 -0.0945
vn -0.4489 -0.8901 -0.0787
vn -0.6452 -0.0316 0.7634
vn 0.4955 -0.4561 0.7392
vn 0.1414 -0.0235 0.9897
vn 0.3770 0.2042 0.9034
vn -0.7642 -0.5752 0.2916
vn 0.7423 -0.2448 0.6238
vn 0.5729 0.4159 0.7063
vn 0.5992 -0.6150 0.5125
vn 0.5665 -0.6058 0.5586
vn -0.8408 -0.4794 0.2514
vn 0.8109 -0.4330 0.3936
vn 0.9006 -0.0079 0.4345
vn 0.6135 0.5584 0.5584
vn 0.8058 -0.4187 0.4187
vn 0.9437 0.1416 0.2989
vn 0.9478 -0.2133 0.2369
vn 0.9470 0.2841 0.1499
vn 0.6238 0.6791 0.3870
vn 0.5519 0.8042 0.2207
vn 0.9883 -0.0863 0.1255
vn 0.9545 -0.1814 0.2367
vn 0.8996 0.4341 -0.0474
vn 0.4088 0.9121 -0.0316
vn 0.9989 0.0472 0.0079
vn 0.8051 0.5367 -0.2526
vn 0.2119 0.9332 -0.2902
vn 0.9654 0.1884 -0.1805
vn 0.9910 -0.0629 0.1180
vn 0.9980 0.0629 -0.0000
vn 0.8973 0.2834 -0.3385
vn 0.9590 0.2044 -0.1965
vn 0.6007 0.5770 -0.5533
vn -0.3390 0.7253 -0.5992
vn 0.9969 0.0785 -0.0000
vn 0.1895 0.5133 -0.8370
vn -0.7768 0.5414 -0.3217
vn 0.4316 0.3296 -0.8397
vn -0.4160 -0.1099 -0.9027
vn -0.9792 0.1974 0.0474
vn 0.6982 0.3844 -0.6040
vn 0.4951 0.3536 -0.7936
vn -0.8800 -0.4557 -0.1337
vn -0.9466 0.1184 0.2998
vn -0.8928 -0.4503 0.0079
vn -0.9252 -0.3795 -0.0079
vn -0.4020 -0.0473 -0.9144
vn -0.9039 -0.4009 -0.1494
vn -0.9437 -0.2988 -0.1417
vn -0.3143 0.1100 -0.9429
vn 0.5423 0.3695 -0.7546
vn 0.7261 0.3629 -0.5840
vn 0.5822 0.3855 -0.7158
vn 0.8883 0.2830 -0.3616
vn 0.9604 0.2047 -0.1889
vn 0.8709 0.3060 -0.3845
vn 0.9618 0.2050 -0.1813
vn 0.8765 0.3158 -0.3633
vn 0.9962 0.0863 0.0079
vn -0.2195 0.2588 -0.9407
vn 0.5826 0.4251 -0.6927
vn -0.9700 -0.1971 -0.1421
vn -0.3216 0.3530 -0.8786
vn -0.9839 -0.1181 -0.1338
vn -0.9929 -0.1182 0.0158
vn 0.5744 0.4720 -0.6688
vn -0.9905 -0.0314 -0.1336
vn -0.4171 0.4407 -0.7948
vn -0.9468 0.0947 -0.3077
vn -0.4489 -0.8901 -0.0788
vn -0.5604 -0.8131 -0.1578
vn -0.4496 0.4338 -0.7808
vn -0.4637 -0.8017 -0.3772
vn 0.3063 0.5262 -0.7933
vn -0.3378 -0.7463 -0.5735
vn 0.8578 0.3306 -0.3935
vn 0.1885 -0.8483 -0.4949
vn 0.2517 -0.9365 -0.2440
vn 0.9589 0.2121 -0.1886
vn 0.1973 -0.9788 -0.0553
vn 0.9962 0.0863 0.0078
vn -0.0236 -0.9992 0.0315
vn 0.9191 -0.1572 0.3613
vn -0.3863 -0.9223 0.0079
vn 0.9466 -0.1183 0.2998
vn 0.4343 -0.4739 0.7660
vn -0.4640 -0.8808 -0.0944
vn -0.5901 -0.4957 0.6373
vn 0.5338 -0.4396 0.7223
vn -0.8808 -0.3853 0.2753
vn 0.9519 -0.1495 0.2675
vn 0.5296 -0.5376 0.6562
vn 0.8588 0.5121 -0.0158
vn 0.8041 0.5912 0.0631
vn 0.9776 0.2050 0.0473
vn 0.9707 0.0947 -0.2210
vn 0.9548 0.2920 0.0552
vn 0.9777 0.2048 0.0473
vn 0.8852 -0.3290 -0.3290
vn 0.8169 0.5734 0.0628
vn 0.9832 0.1809 0.0236
vn 0.9859 0.1655 0.0237
vn 0.9153 -0.3314 -0.2288
vn 0.9747 0.2201 0.0393
vn 0.9882 0.1502 0.0316
vn 0.9378 -0.3468 -0.0157
vn 0.9379 -0.3468 0.0078
vn 0.9919 0.1180 0.0472
vn 0.9263 -0.3768 -0.0000
vn 0.9700 0.2366 0.0552
vn 0.9365 0.3464 0.0551
vn 0.8394 0.5414 0.0471
vn 0.9718 0.2291 0.0553
vn 0.9580 0.2828 0.0471
vn 0.8674 0.4967 0.0315
vn 0.9936 0.1024 0.0473
vn 0.9824 0.1808 0.0472
vn 0.9967 0.0706 0.0393
vn 0.9195 -0.3930 -0.0079
vn 0.9985 0.0392 0.0393
vn 0.9091 -0.4153 -0.0314
vn 0.9881 0.1490 0.0392
vn 0.9995 0.0079 0.0315
vn 0.8993 -0.4338 -0.0552
vn 0.9818 0.1885 0.0236
vn 0.8974 0.4409 0.0157
vn 0.9957 0.0869 0.0316
vn 0.9992 -0.0315 0.0236
vn 0.8619 -0.4981 -0.0949
vn 0.9992 0.0315 0.0236
vn 0.9975 0.0708 0.0079
vn 0.9154 0.4025 -0.0000
vn 0.9997 -0.0000 0.0236
vn 0.9980 -0.0551 0.0315
vn 0.8424 -0.5275 -0.1102
vn 0.9619 -0.1971 0.1892
vn 0.9605 -0.1968 0.1968
vn 0.9119 -0.3302 0.2437
vn 0.9996 -0.0236 0.0157
vn 0.8964 -0.3932 0.2045
vn 0.9994 -0.0315 0.0158
vn 0.8720 -0.4636 0.1571
vn 0.9995 -0.0316 0.0079
vn 0.9995 -0.0315 0.0079
vn 0.8280 -0.5599 0.0316
vn 0.9984 -0.0550 -0.0157
vn 0.9985 -0.0550 -0.0079
vn 0.7028 -0.7106 -0.0316
vn 0.6747 -0.7374 -0.0314
vn 0.9950 -0.0948 -0.0316
vn 0.9223 0.3863 -0.0079
vn 0.9968 -0.0785 -0.0157
vn 0.9950 -0.0947 -0.0316
vn 0.9344 0.3455 0.0864
vn 0.9942 -0.1026 -0.0316
vn 0.9207 0.2912 0.2597
vn 0.9936 -0.1104 -0.0237
vn 0.8803 0.2122 0.4244
vn 0.6063 -0.7951 0.0158
vn 0.9936 -0.1104 -0.0235
vn 0.9032 -0.2435 0.3534
vn -0.1889 0.0251 -0.9817
vn -0.0000 0.3304 -0.9438
vn -0.0000 0.3303 -0.9439
vn -0.0000 0.3302 -0.9439
vn -0.0000 0.3304 -0.9439
vn -0.0158 0.6150 -0.7884
vn 0.0001 0.3303 -0.9439
vn -0.0158 0.7188 -0.6950
vn -0.0628 0.9977 -0.0236
vn -0.0707 0.9975 -0.0000
vn -0.1103 0.9848 0.1339
vn -0.7014 0.7015 0.1261
vn -0.1648 0.9650 0.2040
vn -0.1497 0.9689 0.1969
vn -0.7015 0.7015 0.1261
vn -0.7208 0.6817 0.1254
vn -0.7361 0.6649 0.1266
vn -0.7814 0.6076 0.1421
vn -0.8809 0.4405 0.1730
vn -0.8630 0.3688 0.3452
vn -0.8568 0.4087 0.3144
vn -0.8491 0.3695 0.3774
vn -0.8097 0.4560 0.3695
vn -0.7036 0.6324 0.3241
vn -0.7374 0.5805 0.3452
vn -0.7456 0.5651 0.3532
vn -0.7860 0.4638 0.4087
vn -0.7950 0.4250 0.4329
vn -0.7968 0.3945 0.4576
vn -0.7891 0.4182 0.4498
vn -0.7536 0.5024 0.4239
vn -0.7567 0.5440 0.3626
vn -0.7567 0.5439 0.3626
vn -0.7568 0.5439 0.3625
vn 0.9188 -0.3927 -0.0393
vn 0.9188 -0.3928 -0.0392
vn 0.9214 -0.3858 -0.0472
vn 0.8944 -0.4472 -0.0078
vn 0.8975 -0.4408 -0.0158
vn 0.9006 -0.4346 -0.0079
vn 0.9006 -0.4346 -0.0078
vn 0.9081 -0.4186 -0.0079
vn 0.9082 -0.4185 -0.0078
vn 0.9195 -0.3930 -0.0078
vn 0.9290 -0.3700 -0.0079
vn 0.9379 -0.3468 -0.0000
vn 0.9380 -0.3468 -0.0000
vn 0.9462 -0.3235 -0.0000
vn 0.9463 -0.3234 -0.0000
vn 0.9463 -0.3232 -0.0000
vn 0.9463 -0.3233 -0.0000
vn 0.7013 -0.6697 -0.2443
vn 0.7181 -0.5839 -0.3788
vn 0.7162 -0.6060 -0.3463
vn 0.6472 -0.2052 -0.7342
vn 0.6508 -0.2117 -0.7291
vn 0.5910 0.2049 -0.7802
vn 0.5807 0.0943 -0.8086
vn 0.4885 -0.5593 0.6697
vn 0.6309 0.2287 -0.7414
vn 0.7026 0.2131 -0.6789
vn 0.5761 -0.6234 0.5287
vn 0.7317 0.2202 -0.6451
vn 0.7400 0.2361 -0.6298
vn 0.5279 -0.6776 0.5121
vn 0.7017 0.3312 -0.6308
vn 0.7321 0.2599 -0.6297
vn 0.5510 -0.7085 0.4409
vn 0.7324 0.3385 -0.5907
vn 0.7253 0.3391 -0.5991
vn 0.7690 0.3138 -0.5570
vn 0.8034 0.2756 -0.5278
vn 0.4713 -0.7776 0.4162
vn 0.8110 0.2835 -0.5118
vn 0.8145 0.2689 -0.5140
vn 0.4577 -0.7968 0.3945
vn 0.8007 0.3139 -0.5103
vn 0.8092 0.2907 -0.5106
vn 0.7970 0.3314 -0.5050
vn 0.7854 0.3613 -0.5026
vn 0.2981 -0.8630 0.4080
vn 0.7657 0.4263 -0.4817
vn 0.7785 0.3853 -0.4954
vn 0.0550 -0.8962 0.4402
vn 0.7445 0.4989 -0.4436
vn 0.7548 0.4639 -0.4639
vn 0.7109 0.5924 -0.3791
vn 0.7259 0.5521 -0.4102
vn 0.1178 -0.9421 0.3140
vn 0.6866 0.6472 -0.3314
vn 0.6785 0.6706 -0.2998
vn 0.6616 0.7167 -0.2205
vn 0.1657 -0.9629 0.2131
vn 0.6630 0.7102 -0.2368
vn 0.6414 0.7523 -0.1505
vn 0.0632 -0.9878 0.1422
vn 0.6445 0.7466 -0.1651
vn 0.2433 -0.9654 0.0942
vn 0.6156 0.7813 -0.1026
vn 0.6204 0.7776 -0.1021
vn 0.5912 0.8040 -0.0631
vn 0.5959 0.7999 -0.0706
vn 0.5178 -0.8552 0.0235
vn 0.5689 0.8215 -0.0395
vn 0.5687 0.8216 -0.0395
vn 0.5509 0.8342 -0.0236
vn 0.5454 0.8378 -0.0237
vn 0.5270 0.8497 -0.0157
vn 0.5213 0.8532 -0.0158
vn 0.4817 0.8763 -0.0079
vn 0.4628 0.8864 -0.0078
vn 0.4315 0.9021 -0.0078
vn 0.4646 0.8741 0.1417
vn 0.4400 0.8958 0.0629
vn 0.4016 -0.0708 0.9131
vn 0.3943 -0.0868 0.9149
vn 0.3793 -0.1264 0.9166
vn 0.3864 -0.1183 0.9147
vn 0.2592 -0.0157 0.9657
vn 0.3874 -0.0949 0.9170
vn 0.2590 -0.0235 0.9656
vn 0.4012 -0.0787 0.9126
vn 0.5294 -0.1343 0.8377
vn 0.5202 -0.1340 0.8435
vn 0.6047 -0.1728 0.7775
vn 0.5799 -0.1567 0.7994
vn 0.7414 -0.2287 0.6309
vn 0.6880 -0.2056 0.6960
vn 0.8172 -0.2672 0.5107
vn 0.8430 -0.2836 0.4570
vn 0.8976 -0.2913 0.3307
vn 0.9059 -0.2915 0.3072
vn 0.9315 -0.2763 0.2367
vn 0.9362 -0.2675 0.2282
vn 0.9362 -0.2675 0.2281
vn 0.3137 -0.3607 -0.8783
vn 0.3316 -0.4501 -0.8291
vn 0.2985 -0.3300 -0.8955
vn 0.2443 0.0158 -0.9696
vn 0.2826 0.3454 -0.8949
vn 0.2846 0.3478 -0.8933
vn 0.3222 0.4637 -0.8253
vn 0.3461 0.5113 -0.7866
vn 0.3706 0.5598 -0.7412
vn 0.4102 0.5916 -0.6941
vn 0.4082 0.5967 -0.6909
vn 0.4706 0.5957 -0.6509
vn 0.4705 0.5959 -0.6508
vn 0.5287 0.5761 -0.6234
vn 0.5745 0.5588 -0.5981
vn 0.6161 0.5450 -0.5687
vn 0.6534 0.5431 -0.5274
vn 0.6533 0.5431 -0.5274
vn 0.6905 0.5492 -0.4708
vn 0.6619 0.6225 -0.4176
vn 0.6563 0.6326 -0.4112
vn 0.5378 0.7749 -0.3321
vn 0.5377 0.7749 -0.3321
vn 0.4719 0.8495 -0.2360
vn 0.4719 0.8495 -0.2359
vn 0.4883 0.8584 -0.1575
vn 0.5038 0.8577 -0.1027
vn 0.5038 0.8577 -0.1024
vn 0.5144 0.8546 -0.0712
vn 0.5268 0.8491 -0.0393
vn 0.5418 0.8402 -0.0236
vn 0.5418 0.8402 -0.0235
vn 0.5601 0.8283 -0.0158
vn 0.6150 0.7885 -0.0079
vn 0.7491 0.6624 0.0079
vn 0.7564 0.6540 0.0157
vn 0.9799 0.1659 0.1106
vn 0.9481 -0.2608 0.1817
vn 0.9006 -0.3871 0.1975
vn 0.8777 -0.3795 0.2926
vn 0.7290 -0.3372 0.5957
vn 0.5113 -0.1731 0.8418
vn 0.5365 -0.1972 0.8205
vn 0.3464 -0.0472 0.9369
vn 0.3463 -0.0551 0.9365
vn 0.2902 -0.0157 0.9568
vn 0.2830 -0.0079 0.9591
vn 0.2924 -0.0158 0.9562
vn 0.3628 -0.0473 0.9307
vn 0.3560 -0.0396 0.9336
vn 0.4392 -0.0863 0.8942
vn 0.4393 -0.0863 0.8942
vn 0.4581 -0.0869 0.8846
vn 0.4114 -0.0554 0.9098
vn 0.4019 -0.0551 0.9140
vn 0.3629 -0.0395 0.9310
vn 0.3534 -0.0393 0.9346
vn 0.3466 -0.0394 0.9372
vn -0.0000 -0.5063 -0.8623
vn -0.1578 -0.5127 -0.8440
vn -0.1577 -0.5127 -0.8440
vn 0.0710 -0.5051 -0.8602
vn 0.0710 -0.5050 -0.8602
vn 0.9939 -0.0000 0.1104
vn 0.9939 -0.0000 0.1105
vn 0.9939 -0.0000 0.1103
vn 0.7320 0.5195 -0.4409
vn 0.6693 0.7403 -0.0630
vn 0.6379 0.7402 0.2126
vn 0.6125 0.5183 0.5969
vn 0.5678 0.1341 0.8122
vn 0.5671 -0.1418 0.8113
vn 0.6125 -0.5184 0.5968
vn 0.6378 -0.7403 0.2126
vn 0.6694 -0.7403 -0.0630
vn 0.7283 -0.5225 -0.4433
vn 0.7381 -0.1413 -0.6597
vn 0.7389 0.1337 -0.6604
vn 0.7320 0.5195 -0.4408
vn 0.9939 -0.0001 0.1105
vn 0.0079 0.8975 0.4409
vn -0.0000 0.9007 0.4345
vn -0.0079 0.9006 0.4345
vn -0.0235 0.9019 0.4313
vn 0.6694 0.7402 -0.0630
vn 0.6378 0.7403 0.2126
vn 0.6125 0.5183 0.5968
vn 0.5671 -0.1418 0.8114
vn 0.6124 -0.5184 0.5968
vn 0.7283 -0.5225 -0.4434
vn -0.9182 0.3924 -0.0549
vn -0.9182 0.3923 -0.0549
vn -0.9182 0.3924 -0.0548
vn 0.3467 -0.3388 -0.8747
vn 0.1657 -0.9072 -0.3866
vn 0.1336 -0.8801 -0.4557
vn 0.4004 -0.3062 -0.8637
vn 0.2286 -0.9066 -0.3548
vn 0.3693 -0.1807 -0.9116
vn 0.7506 -0.4978 -0.4346
vn 0.3697 -0.2124 -0.9046
vn 0.7506 -0.4977 -0.4346
vn 0.4640 -0.8338 -0.2990
vn 0.3694 -0.1807 -0.9116
vn 0.3771 -0.1650 -0.9114
vn 0.5417 -0.0314 0.8400
vn 0.5493 -0.8083 0.2118
vn 0.5362 -0.0237 0.8438
vn 0.3627 -0.7331 0.5754
vn 0.5362 -0.0237 0.8437
vn 0.5270 -0.0236 0.8495
vn 0.9848 -0.1733 -0.0079
vn 0.5271 -0.0236 0.8495
vn 0.5176 -0.0392 0.8548
vn 0.9848 -0.1733 -0.0080
vn 0.9819 -0.1886 -0.0157
vn 0.5116 -0.0472 0.8579
vn 0.5048 -0.0789 0.8596
vn 0.9819 -0.1885 -0.0157
vn 0.9689 -0.2442 -0.0393
vn 0.5044 -0.0867 0.8591
vn 0.5032 -0.1101 0.8571
vn 0.9488 -0.3059 -0.0784
vn 0.9689 -0.2442 -0.0395
vn 0.3771 -0.1650 -0.9113
vn 0.3782 -0.1891 -0.9062
vn 0.3783 -0.1891 -0.9061
vn 0.9482 -0.3078 -0.0782
vn 0.3704 -0.2049 -0.9060
vn 0.3703 -0.2049 -0.9060
vn 0.9268 -0.3613 -0.1020
vn 0.9268 -0.3613 -0.1021
vn 0.3302 -0.2122 -0.9197
vn 0.3371 -0.2117 -0.9174
vn 0.4964 -0.1261 0.8589
vn 0.2978 -0.2038 -0.9326
vn 0.3000 -0.2053 -0.9316
vn 0.4905 -0.1267 0.8622
vn 0.4811 -0.1263 0.8675
vn 0.9142 -0.3940 -0.0946
vn 0.4806 -0.1340 0.8666
vn 0.4499 -0.1263 0.8841
vn 0.9097 -0.4078 -0.0783
vn 0.9143 -0.3938 -0.0946
vn 0.9097 -0.4078 -0.0784
vn 0.9029 -0.4240 -0.0707
vn 0.4468 -0.1255 0.8858
vn 0.4004 -0.1021 0.9106
vn 0.2915 -0.1891 -0.9377
vn 0.2916 -0.1891 -0.9377
vn 0.3871 -0.1027 0.9163
vn 0.3552 -0.0789 0.9314
vn 0.3077 -0.1972 -0.9308
vn 0.3076 -0.1972 -0.9309
vn 0.3301 -0.2122 -0.9198
vn 0.3459 -0.2202 -0.9121
vn 0.8953 -0.4398 -0.0708
vn 0.8953 -0.4398 -0.0706
vn 0.8840 -0.4578 -0.0948
vn 0.3460 -0.2201 -0.9120
vn 0.2119 -0.4866 -0.8475
vn 0.0157 -0.8403 -0.5419
vn 0.8725 -0.4795 -0.0943
vn 0.8840 -0.4578 -0.0947
vn 0.0553 -0.7805 -0.6227
vn 0.3796 -0.0079 0.9251
vn -0.0707 -0.9974 -0.0157
vn 0.4573 0.2287 0.8594
vn 0.4558 0.2122 0.8644
vn 0.8725 -0.4794 -0.0943
vn 0.5370 0.5212 0.6633
vn 0.5356 0.5042 0.6775
vn 0.5683 0.7262 0.3868
vn 0.8542 -0.5140 -0.0791
vn 0.5685 0.7342 0.3711
vn 0.5451 0.8374 0.0395
vn 0.8541 -0.5140 -0.0791
vn 0.8271 -0.5593 -0.0551
vn 0.5568 0.8234 0.1098
vn 0.5420 0.8404 -0.0000
vn 0.7413 -0.6704 -0.0316
vn 0.5420 0.8404 0.0001
vn 0.5419 0.8403 -0.0157
vn -0.0628 -0.9499 -0.3062
vn 0.7413 -0.6704 -0.0315
vn -0.0550 -0.9985 -0.0079
vn 0.6062 -0.7951 -0.0158
vn 0.6062 -0.7952 -0.0157
vn -0.0628 -0.9980 -0.0079
vn -0.0472 -0.9988 0.0157
vn -0.0472 -0.9989 0.0079
vn -0.0550 -0.9982 0.0236
vn 0.5455 0.8378 -0.0237
vn 0.5455 -0.8381 0.0079
vn 0.5451 0.8374 -0.0396
vn 0.5451 0.8374 -0.0395
vn 0.5454 -0.8381 0.0079
vn 0.5655 -0.8247 0.0077
vn 0.5655 -0.8247 0.0078
vn -0.0549 -0.9982 0.0236
vn -0.0706 -0.9967 0.0392
vn 0.5974 -0.8018 0.0157
vn -0.0627 -0.9973 0.0393
vn -0.0868 -0.9942 0.0631
vn 0.6369 -0.7706 0.0236
vn -0.0867 -0.9942 0.0631
vn -0.0945 -0.9924 0.0787
vn 0.6703 -0.7414 0.0315
vn -0.0943 -0.9911 0.0944
vn -0.0944 -0.9911 0.0944
vn -0.0787 -0.9908 0.1101
vn 0.5536 0.8304 -0.0633
vn 0.5590 0.8268 -0.0630
vn 0.6704 -0.7413 0.0315
vn 0.5662 0.8179 -0.1022
vn 0.5667 0.8185 -0.0945
vn 0.5826 0.8030 -0.1259
vn 0.7067 -0.7068 0.0314
vn 0.7068 -0.7068 0.0314
vn 0.5971 0.7778 -0.1964
vn 0.5971 0.7777 -0.1965
vn 0.7672 -0.6406 0.0316
vn -0.0628 -0.9901 0.1257
vn -0.0629 -0.9901 0.1257
vn -0.0395 -0.9867 0.1579
vn -0.0156 -0.9819 0.1885
vn -0.0157 -0.9819 0.1885
vn 0.0079 -0.9696 0.2444
vn 0.8178 -0.5741 0.0393
vn 0.0314 -0.9586 0.2829
vn 0.0316 -0.9558 0.2923
vn 0.0709 -0.9381 0.3390
vn 0.8238 -0.5649 0.0471
vn 0.1022 -0.9203 0.3776
vn 0.1100 -0.9196 0.3772
vn 0.1257 -0.9110 0.3927
vn 0.1737 -0.8840 0.4341
vn 0.1412 -0.9021 0.4079
vn 0.1730 -0.8809 0.4405
vn 0.1811 -0.8582 0.4803
vn 0.1661 -0.8463 0.5062
vn 0.8526 -0.5210 0.0396
vn 0.1498 -0.8358 0.5283
vn 0.1340 -0.8122 0.5678
vn 0.9050 -0.4250 -0.0157
vn 0.1342 -0.8122 0.5678
vn 0.1491 -0.8004 0.5807
vn 0.6153 0.7258 -0.3076
vn 0.6138 0.7240 -0.3148
vn 0.6373 0.6530 -0.4092
vn 0.6385 0.6464 -0.4178
vn 0.8527 -0.5210 0.0395
vn 0.6544 0.5834 -0.4810
vn 0.6544 0.5835 -0.4810
vn 0.9051 -0.4250 -0.0158
vn 0.6677 0.5342 -0.5185
vn 0.6705 0.5285 -0.5206
vn 0.9444 -0.3148 -0.0944
vn 0.9445 -0.3147 -0.0945
vn 0.6772 0.4961 -0.5434
vn 0.6833 0.4712 -0.5577
vn 0.9586 -0.2514 -0.1336
vn 0.1580 -0.7899 0.5925
vn 0.1649 -0.7853 0.5968
vn 0.1976 -0.7746 0.6007
vn 0.9615 -0.2443 -0.1261
vn 0.2354 -0.7612 0.6043
vn 0.2368 -0.7579 0.6079
vn 0.9594 -0.2595 -0.1101
vn 0.3138 -0.6983 0.6434
vn 0.2976 -0.7204 0.6264
vn 0.3377 -0.6126 0.7147
vn 0.9595 -0.2595 -0.1102
vn 0.3377 -0.6126 0.7146
vn 0.9597 -0.2675 -0.0866
vn 0.3152 -0.5044 0.8039
vn 0.3153 -0.5044 0.8038
vn 0.9672 -0.2359 -0.0943
vn 0.2674 -0.3538 0.8963
vn 0.2673 -0.3538 0.8963
vn 0.9740 -0.1885 -0.1257
vn 0.2281 -0.1652 0.9595
vn 0.2214 -0.1423 0.9647
vn 0.9785 -0.1499 -0.1420
vn 0.1973 0.0631 0.9783
vn 0.1970 0.0788 0.9772
vn 0.9864 -0.0947 -0.1341
vn 0.1883 0.2197 0.9572
vn 0.1896 0.3081 0.9323
vn 0.9905 -0.0707 -0.1179
vn 0.9905 -0.0708 -0.1179
vn 0.9902 -0.0865 -0.1100
vn 0.9902 -0.0864 -0.1100
vn 0.3162 -0.0158 -0.9486
vn 0.9784 -0.1499 -0.1420
vn 0.3773 0.1100 -0.9195
vn 0.9738 -0.1894 -0.1262
vn 0.4338 0.2130 -0.8755
vn 0.9672 -0.2359 -0.0944
vn 0.4575 0.3234 -0.8283
vn 0.4589 0.3718 -0.8070
vn 0.3774 0.1100 -0.9195
vn 0.9279 -0.1730 -0.3304
vn 0.8812 0.0236 -0.4721
vn 0.9273 -0.2908 -0.2358
vn 0.5518 0.4966 -0.6700
vn 0.4635 0.5342 -0.7070
vn 0.9407 -0.2587 -0.2194
vn 0.3548 0.5597 -0.7489
vn 0.4573 0.5361 -0.7096
vn 0.5572 0.4944 -0.6671
vn 0.3373 0.5648 -0.7531
vn 0.6174 0.4669 -0.6331
vn 0.6070 0.4730 -0.6386
vn 0.2751 0.4795 -0.8333
vn 0.8391 0.2274 -0.4941
vn 0.6706 0.4576 -0.5838
vn 0.6632 0.4579 -0.5921
vn 0.9127 0.1101 -0.3934
vn 0.3695 0.3774 -0.8491
vn 0.4245 0.3145 -0.8490
vn 0.9316 -0.3000 -0.2052
vn 0.5658 0.1572 -0.8094
vn 0.6156 0.1026 -0.7813
vn 0.9300 -0.3152 -0.1891
vn 0.9227 -0.3312 -0.1972
vn 0.9254 -0.3373 -0.1726
vn 0.3162 -0.0158 -0.9485
vn 0.9372 -0.3150 -0.1496
vn 0.2675 -0.1495 -0.9519
vn 0.2825 -0.2197 -0.9338
vn 0.7314 -0.6764 -0.0865
vn 0.2769 -0.2848 -0.9177
vn 0.7315 -0.6764 -0.0865
vn 0.1896 0.3318 0.9241
vn 0.1975 0.3871 0.9006
vn 0.4623 0.7993 0.3839
vn 0.8481 0.5183 -0.1099
vn 0.8481 0.5183 -0.1100
vn 0.6675 -0.3455 -0.6596
vn 0.5112 -0.4247 -0.7472
vn 0.2994 -0.3625 -0.8826
vn -0.0392 -0.9981 -0.0471
vn 0.2995 -0.3625 -0.8825
vn -0.1732 -0.9838 -0.0472
vn -0.3632 -0.9317 -0.0079
vn 0.9147 -0.3785 -0.1419
vn -0.1884 -0.9654 0.1805
vn 0.9291 -0.3307 -0.1654
vn -0.1883 -0.9654 0.1805
vn 0.9382 -0.2996 -0.1734
vn 0.6540 -0.2837 -0.7013
vn 0.3060 -0.9415 0.1412
vn 0.6693 -0.1260 -0.7323
vn 0.6631 -0.1816 -0.7262
vn 0.6540 -0.2836 -0.7013
vn -0.0158 -0.9486 0.3162
vn -0.0079 -0.7885 0.6150
vn -0.0079 -0.7885 0.6149
vn -0.0157 -0.9494 0.3138
vn 0.3868 -0.7262 0.5683
vn -0.0000 -0.9997 -0.0236
vn 0.3938 -0.8744 0.2836
vn 0.3869 -0.7262 0.5683
vn 0.3939 -0.8743 0.2836
vn 0.9967 -0.0393 0.0706
vn 0.4315 -0.9021 -0.0000
vn 0.0316 -0.9482 -0.3161
vn 0.9973 -0.0393 0.0628
vn 0.9970 -0.0313 0.0706
vn 0.0315 -0.9458 -0.3232
vn 0.0316 -0.7813 -0.6234
vn 0.9223 0.2995 -0.2443
vn 0.9165 0.3950 -0.0631
vn 0.0317 -0.7672 -0.6406
vn 0.0237 -0.4344 -0.9004
vn 0.9974 -0.0471 0.0550
vn 0.9094 0.4111 0.0632
vn 0.0235 -0.4313 -0.9019
vn 0.0157 0.0785 -0.9968
vn 0.4573 -0.7096 -0.5361
vn 0.4953 -0.4010 -0.7706
vn 0.4272 -0.8703 -0.2453
vn 0.4272 -0.8702 -0.2453
vn 0.9974 -0.0472 0.0550
vn 0.9977 -0.0393 0.0550
vn 0.9977 -0.0392 0.0550
vn 0.9094 0.4112 0.0633
vn 0.9028 0.4004 0.1570
vn 0.9974 -0.0470 0.0550
vn 0.8974 0.2519 0.3621
vn 0.9969 -0.0471 0.0628
vn 0.9969 -0.0472 0.0628
vn 0.9965 -0.0549 0.0628
vn 0.8596 -0.0789 0.5048
vn 0.8619 -0.0949 0.4982
vn 0.8717 -0.4869 0.0550
vn 0.4954 -0.4010 -0.7706
vn 0.9964 -0.0472 0.0706
vn 0.8724 -0.4873 0.0393
vn 0.4811 0.0473 -0.8754
vn 0.9965 -0.0549 0.0626
vn 0.4810 0.0473 -0.8754
vn 0.0157 0.9994 0.0315
vn 0.3063 0.9503 0.0550
vn 0.3063 0.9503 0.0549
vn 0.9964 -0.0471 0.0706
vn 0.3063 0.9504 0.0550
vn -0.0000 0.0079 1.0000
vn -0.0000 0.0080 1.0000
vn 0.4091 -0.0079 0.9125
vn -0.0000 -0.4816 0.8764
vn 0.4090 -0.0079 0.9125
vn -0.0000 -0.4877 0.8730
vn -0.0079 -0.7884 0.6151
vn 0.3868 -0.7262 0.5684
vn 0.3923 -0.4394 0.8081
vn 0.3924 -0.4394 0.8081
vn 0.4090 -0.0078 0.9125
vn 0.9975 -0.0314 0.0628
vn 0.9975 -0.0314 0.0629
vn 0.9970 -0.0314 0.0707
vn 0.9970 -0.0314 0.0705
vn 0.9222 0.2996 -0.2446
vn 0.9193 -0.0235 -0.3929
vn 0.9188 -0.0393 -0.3927
vn 0.9973 -0.0392 0.0628
vn 0.0395 0.8841 -0.4657
vn 0.1412 0.8709 -0.4707
vn 0.2053 0.8921 -0.4026
vn 0.0237 0.8763 -0.4812
vn 0.0312 0.8778 -0.4781
vn 0.1344 0.8699 -0.4745
vn 0.3606 0.8230 -0.4389
vn 0.9968 -0.0157 0.0784
vn 0.9968 -0.0157 0.0786
vn 0.2828 -0.8169 0.5027
vn 0.2846 -0.8142 0.5060
vn 0.0551 -0.8576 0.5114
vn 0.0631 -0.8516 0.5204
vn 0.0629 -0.8481 0.5261
vn 0.0550 -0.8485 0.5263
vn 0.0395 -0.8526 0.5210
vn -0.0078 -0.8643 0.5029
vn -0.0044 0.7189 0.6951
vn -0.0000 -0.1491 0.9888
vn -0.0000 0.8308 0.5566
vn -0.0018 0.9992 -0.0393
vn -0.0000 0.9806 -0.1961
vn -0.0000 0.7378 -0.6750
vn 0.4408 0.8975 0.0157
vn -0.0000 0.8117 -0.5841
vn -0.0000 0.6371 -0.7708
vn 0.9985 0.0550 0.0078
vn 0.3302 0.9434 0.0315
vn -0.0000 0.9995 0.0315
vn 0.9980 0.0629 0.0079
vn 0.4173 0.8031 0.4253
vn -0.0000 0.8896 0.4567
vn 0.9980 0.0630 0.0079
vn 0.9980 0.0629 0.0078
vn 0.4408 0.5195 0.7320
vn -0.0000 0.5835 0.8121
vn 0.9998 0.0157 0.0079
vn 0.9984 0.0551 0.0079
vn 0.4334 0.0709 0.8984
vn 0.0001 0.0707 0.9975
vn 0.0008 -0.4722 0.8815
vn 0.3549 -0.4338 0.8282
vn -0.0000 -0.5835 0.8121
vn 0.9995 0.0315 0.0079
vn 0.3868 -0.5367 0.7499
vn -0.0000 -0.7952 0.6064
vn 0.9992 -0.0393 0.0079
vn 0.3779 -0.7321 0.5668
vn -0.0000 -0.9463 0.3233
vn 0.9989 -0.0472 0.0078
vn 0.3787 -0.8756 0.2998
vn 0.0007 -1.0000 0.0079
vn 0.9989 -0.0473 0.0079
vn 0.4024 -0.9153 0.0158
vn -0.0000 -0.4876 0.8731
vn 0.9985 -0.0550 0.0079
vn 0.4469 -0.8937 0.0392
vn -0.0000 -0.8554 0.5180
vn -0.0001 -0.1491 0.9888
vn 0.9991 -0.0395 0.0157
vn -0.0000 -0.8554 0.5179
vn -0.0000 -0.8440 0.5364
vn -0.0000 -0.8440 0.5363
vn 0.9980 -0.0629 0.0080
vn 0.9985 0.0550 0.0079
vn 0.9714 -0.2290 -0.0632
vn 0.9974 -0.0550 -0.0471
vn -0.0000 0.6285 -0.7778
vn 0.9518 -0.2832 -0.1180
vn -0.0000 0.5886 -0.8084
vn -0.0000 0.5924 -0.8057
vn 0.9303 -0.3233 -0.1735
vn -0.0000 0.5887 -0.8084
vn 0.6786 -0.6706 -0.2998
vn -0.0000 0.6063 -0.7952
vn 0.1730 -0.8887 -0.4247
vn 0.6453 -0.6848 -0.3385
vn 0.3870 -0.8294 -0.4029
vn 0.3616 -0.8490 -0.3852
vn 0.1421 -0.9078 -0.3947
vn 0.3300 -0.8721 -0.3614
vn 0.1107 -0.9249 -0.3637
vn 0.7494 -0.6153 -0.2446
vn -0.0000 -1.0000 -0.0000
vn 0.0001 -1.0000 -0.0000
vn -0.0000 -0.9154 0.4025
vn -0.0000 -0.9405 0.3398
vn 0.0785 -0.9969 -0.0001
vn -0.1105 -0.0079 0.9938
vn -0.7178 -0.0553 0.6941
vn 0.0785 -0.9969 -0.0000
vn 0.0863 -0.0000 0.9963
vn 0.6905 0.0472 0.7218
vn 0.0784 -0.9969 -0.0000
vn 0.9856 0.0787 0.1498
vn 0.9964 0.0784 0.0314
vn 0.0785 -0.9969 -0.0078
vn 0.0785 -0.9969 -0.0079
vn 0.9971 0.0760 -0.0001
vn 0.0707 -0.9975 -0.0078
vn 0.7251 0.0630 -0.6857
vn 0.0707 -0.9975 -0.0077
vn 0.0707 -0.9975 -0.0079
vn 0.1104 0.0157 -0.9938
vn -0.0785 -0.0002 -0.9969
vn 0.0784 -0.9969 -0.0078
vn -0.6863 -0.0473 -0.7257
vn -0.9949 -0.0790 -0.0632
vn -0.9964 -0.0786 -0.0314
vn 0.0786 -0.9969 -0.0079
vn -0.9931 -0.0788 0.0868
vn 0.0784 -0.9969 -0.0002
vn 0.5118 -0.0394 0.8582
vn 0.9861 -0.1419 0.0868
vn 0.4011 -0.3225 -0.8574
vn 0.7653 -0.6153 0.1893
vn 0.3152 -0.7093 0.6305
vn 0.9552 -0.2922 0.0475
vn 0.9457 -0.3153 0.0788
vn 0.9402 -0.3397 0.0237
vn 0.2845 -0.1422 -0.9481
vn 0.9372 -0.3308 0.1104
vn 0.1020 -0.4636 0.8802
vn 0.1344 -0.1898 0.9726
vn 0.9400 -0.3318 0.0790
vn 0.1496 0.0945 0.9842
vn 0.9391 -0.3393 0.0552
vn 0.9221 -0.3862 0.0236
vn 0.0868 -0.1420 0.9861
vn 0.0078 -0.3233 0.9463
vn 0.9223 -0.3863 0.0079
vn 0.2510 0.0784 -0.9648
vn 0.9206 -0.3855 0.0630
vn 0.3224 0.2517 -0.9125
vn -0.0629 -0.3693 0.9272
vn 0.3627 0.3785 -0.8516
vn 0.9181 -0.3924 0.0550
vn 0.9182 -0.3924 0.0549
vn 0.3472 0.4813 -0.8048
vn 0.9191 -0.3928 0.0314
vn 0.7164 0.5275 0.4567
vn 0.9984 -0.0550 0.0156
vn 0.3778 -0.4172 0.8265
vn 0.3544 -0.7876 0.5041
vn 0.9984 -0.0551 0.0156
vn 0.3785 -0.2208 0.8989
vn 0.9984 -0.0550 0.0157
vn 0.2131 -0.9629 0.1657
vn 0.3930 0.0078 0.9195
vn 0.3936 0.4330 0.8109
vn 0.9540 -0.1734 -0.2444
vn -0.3239 -0.6242 -0.7110
vn 0.3925 0.4790 0.7852
vn 0.4405 0.7866 0.4326
vn 0.9984 -0.0551 0.0157
vn 0.4425 0.8691 0.2212
vn 0.4409 0.8974 0.0157
vn 0.4087 0.7860 -0.4638
vn 0.4027 0.7580 -0.5132
vn 0.3541 -0.5823 -0.7318
vn 0.3774 -0.8491 0.3695
vn 0.3616 -0.4480 -0.8176
vn 0.3537 -0.8253 0.4402
vn 0.4478 0.7228 -0.5264
vn 0.4173 0.7715 -0.4802
vn 0.2040 -0.9728 0.1098
vn 0.9540 -0.1735 -0.2444
vn 0.2366 0.5206 -0.8203
vn -0.3235 -0.3945 -0.8601
vn 0.9540 -0.1736 -0.2443
vn 0.9421 -0.1806 -0.2827
vn -0.2998 -0.6786 -0.6706
vn 0.9421 -0.1806 -0.2825
vn 0.2119 0.5493 -0.8083
vn -0.2990 -0.2518 -0.9205
vn 0.9421 -0.1806 -0.2826
vn 0.8185 -0.5745 0.0079
vn 0.7536 0.4239 -0.5024
vn 0.8677 0.4970 -0.0079
vn 0.7540 0.4320 0.4948
vn 0.7685 -0.6038 -0.2117
vn 0.4344 0.2371 -0.8690
vn 0.7708 -0.5978 0.2202
vn 0.6308 -0.6860 -0.3627
vn -0.0000 -0.0157 -0.9999
vn 0.4970 -0.8677 0.0079
vn 0.4484 -0.7865 -0.4247
vn 0.2593 -0.8956 -0.3614
vn -0.4320 -0.2592 -0.8638
vn 0.6305 -0.6778 0.3783
vn 0.4320 0.2592 0.8638
vn 0.1185 -0.9715 -0.2053
vn -0.7540 -0.4319 -0.4948
vn -0.8677 -0.4970 0.0079
vn 0.4480 -0.7782 0.4402
vn -0.0000 0.0158 0.9999
vn -0.4344 -0.2370 0.8690
vn 0.2588 -0.8862 0.3843
vn -0.7536 -0.4239 0.5024
vn 0.0707 -0.9974 0.0157
vn 0.1185 -0.9661 0.2293
vn 0.7409 0.3941 -0.5438
vn 0.9552 -0.2921 -0.0475
vn -0.0235 -0.5884 0.8082
vn -0.0235 -0.5885 0.8082
vn 0.8953 0.2906 -0.3377
vn 0.7007 0.4803 -0.5275
vn 0.9552 -0.2921 -0.0473
vn 0.9552 -0.2921 -0.0474
vn 0.8979 0.3072 -0.3151
vn 0.8988 0.3469 -0.2681
vn 0.7071 0.5657 -0.4243
vn 0.8980 0.3072 -0.3151
vn 0.9004 0.3791 -0.2133
vn 0.7089 0.6143 -0.3465
vn 0.9005 0.3791 -0.2133
vn 0.9010 0.4074 -0.1489
vn 0.7103 0.6629 -0.2367
vn 0.6990 0.7147 -0.0235
vn 0.8997 0.4340 -0.0473
vn 0.5975 0.8018 0.0079
vn 0.9682 -0.2283 0.1023
vn 0.9082 0.4186 -0.0000
vn 0.9195 0.3930 0.0001
vn 0.6539 0.7485 0.1102
vn 0.6063 -0.4173 0.6770
vn 0.9082 0.4185 -0.0000
vn 0.9820 0.1886 -0.0078
vn 0.9601 -0.2755 0.0472
vn 0.9570 0.2902 -0.0000
vn 0.7341 -0.6789 -0.0158
vn 0.9994 0.0315 -0.0157
vn 0.5722 -0.4311 0.6977
vn 0.9821 0.1886 -0.0000
vn 0.8018 -0.5974 -0.0157
vn 0.8811 -0.3383 -0.3304
vn -0.0079 -0.9998 -0.0158
vn 0.7125 -0.2850 -0.6412
vn -0.0236 -0.8402 -0.5418
vn 0.9955 0.0948 -0.0000
vn 0.9985 0.0550 -0.0079
vn -0.0237 -0.4815 -0.8761
vn 0.7704 0.0315 -0.6368
vn 0.9997 0.0236 -0.0079
vn 0.7023 0.3709 -0.6076
vn -0.0157 -0.0079 -0.9998
vn -0.0000 0.5122 -0.8589
vn 1.0000 -0.0079 -0.0000
vn 0.5285 -0.6705 0.5207
vn 1.0000 -0.0078 -0.0000
vn -0.0000 0.7708 -0.6371
vn 0.0079 0.9405 -0.3398
vn 0.9589 -0.0236 -0.2828
vn 0.9588 -0.0236 -0.2830
vn 0.7639 -0.5907 -0.2598
vn 0.0078 1.0000 -0.0000
vn 0.6831 -0.6989 -0.2120
vn 0.0079 1.0000 -0.0000
vn 0.7639 -0.5907 -0.2599
vn 0.0236 0.8017 -0.5973
vn 0.9677 -0.0157 0.2517
vn 0.9517 -0.0157 0.3067
vn 0.9326 -0.0157 0.3605
vn 0.9861 -0.0158 0.1657
vn 0.9802 -0.0158 0.1976
vn 0.0079 -0.9962 -0.0863
vn 0.0078 -0.9962 -0.0863
vn 0.9861 -0.0158 0.1656
vn 0.0078 -0.9962 -0.0864
vn 0.0080 -0.1104 0.9939
vn -0.0235 -0.5885 0.8081
vn 0.0079 -0.1105 0.9938
vn -0.0079 -0.6237 0.7816
vn 1.0000 -0.0079 0.0001
vn 0.0078 -0.6584 0.7526
vn 0.0079 -0.1182 0.9930
vn 0.2828 -0.9584 -0.0393
vn 0.2755 -0.9602 -0.0472
vn 0.0080 -0.6585 0.7525
vn 0.1578 -0.9863 -0.0474
vn 0.2442 -0.9686 -0.0473
vn 0.7079 -0.0944 0.7000
vn 0.7830 -0.0791 0.6170
vn 0.9873 -0.0158 0.1580
vn 0.0078 -0.1182 0.9930
vn 0.9887 -0.0157 0.1491
vn 0.9834 -0.0156 -0.1809
vn 0.9919 -0.0158 0.1259
vn 0.9611 -0.0157 -0.2757
vn 0.9770 -0.0158 -0.2126
vn 0.9567 -0.0235 -0.2902
vn 0.9402 -0.0237 -0.3398
vn 0.9377 -0.0237 -0.3467
vn -0.0158 -0.0079 -0.9998
vn -0.0235 -0.8401 -0.5418
vn -0.0079 -0.9998 -0.0157
vn -0.0078 -0.9998 -0.0157
vn 0.5029 -0.8643 -0.0079
vn 0.5270 -0.8417 0.1180
vn 0.1885 -0.9816 0.0314
vn 0.4791 -0.8718 0.1021
vn 0.4959 -0.8030 0.3306
vn 0.5912 -0.7489 0.2995
vn 0.5024 -0.7536 0.4239
vn 1.0000 -0.0080 -0.0000
vn 0.4959 -0.5981 0.6296
vn 0.4955 -0.7079 0.5034
vn 0.5921 -0.7026 0.3947
vn 0.9699 -0.2129 0.1183
vn 0.9799 -0.1660 0.1106
vn 0.5804 -0.6589 0.4785
vn 0.5507 -0.5743 0.6058
vn 0.9917 -0.0945 0.0867
vn 0.0079 -0.6585 0.7526
vn 0.9978 -0.0472 0.0473
vn 0.9994 0.0156 -0.0315
vn 0.0790 0.7067 -0.7031
vn 0.0788 0.7088 -0.7010
vn 0.0237 0.9784 -0.2052
vn 0.1103 0.0630 -0.9919
vn 0.0236 0.9803 -0.1961
vn -0.0237 0.9785 0.2051
vn 0.1100 0.1947 -0.9747
vn -0.0235 0.9803 0.1961
vn -0.0788 0.7088 0.7010
vn 0.9939 0.0001 0.1104
vn 0.1100 -0.1965 -0.9743
vn 0.1099 -0.0630 -0.9919
vn 0.0788 -0.7088 -0.7010
vn 0.0787 -0.7088 -0.7010
vn 0.0236 -0.9803 -0.1961
vn 0.0237 -0.9785 -0.2051
vn -0.0235 -0.9803 0.1960
vn -0.0237 -0.9785 0.2051
vn -0.0788 -0.7088 0.7010
vn -0.1100 -0.1965 0.9743
vn -0.1102 -0.0630 0.9919
vn -0.1102 0.0630 0.9919
vn -0.1101 0.1950 0.9746
vn -0.0789 0.7073 0.7025
vn -0.1102 -0.0631 0.9919
vn -0.1100 -0.1964 0.9743
vn -0.0788 -0.7089 0.7009
vn -0.1100 0.1947 0.9747
vn -0.0787 0.7089 0.7009
vn -0.0790 0.7070 0.7028
vn -0.0237 -0.9784 0.2052
vn 0.0235 -0.9803 -0.1961
vn 0.0237 -0.9784 -0.2052
vn 0.1102 -0.0630 -0.9919
vn 0.1101 -0.1965 -0.9743
vn 0.1102 0.0630 -0.9919
vn 0.9939 0.0001 0.1105
vn -0.0235 0.9803 0.1960
vn -0.0237 0.9784 0.2052
vn 0.0237 0.9784 -0.2051
vn 0.0233 0.9809 -0.1930
vn 0.0791 0.7068 -0.7029
vn 0.1100 0.1964 -0.9743
vn 0.5100 -0.8600 0.0153
vn 0.8017 -0.5423 0.2515
vn 0.5886 -0.8083 0.0157
vn 0.5745 -0.8184 0.0157
vn 0.6453 -0.6295 0.4328
vn 0.8017 -0.5422 0.2515
vn 0.4346 -0.7506 0.4978
vn 0.5744 -0.8184 0.0157
vn 0.2205 -0.8740 0.4331
vn 0.0632 -0.9634 0.2606
vn 0.0079 -0.9998 0.0158
vn 0.0631 -0.9696 -0.2365
vn 0.2204 -0.8817 -0.4172
vn 0.4327 -0.7632 -0.4799
vn 0.6464 -0.6384 -0.4178
vn 0.8032 -0.5434 -0.2441
vn 0.5885 -0.8083 0.0157
vn 0.8588 -0.5122 0.0079
vn 0.8213 -0.3791 -0.4264
vn 0.5120 -0.5750 -0.6381
vn 0.4892 -0.5760 -0.6549
vn 0.8392 -0.3686 -0.4000
vn 0.9997 -0.0079 -0.0236
vn 0.9996 0.0236 0.0157
vn 0.9998 0.0157 0.0157
vn 0.9984 0.0472 0.0314
vn 0.9977 0.0550 0.0393
vn 0.9990 0.0315 0.0315
vn 0.9969 0.0628 0.0471
vn 0.9985 0.0393 0.0393
vn 0.9942 0.0868 0.0631
vn 0.9970 0.0549 0.0549
vn 0.9924 0.0945 0.0788
vn 0.9959 0.0553 0.0711
vn 0.9924 0.0787 0.0945
vn 0.9957 0.0316 0.0869
vn 0.9827 0.0393 0.1808
vn 0.9861 -0.0079 0.1657
vn 0.8427 -0.1890 0.5041
vn 0.8289 -0.0868 0.5526
vn 0.6913 -0.1493 0.7070
vn 0.6921 -0.2910 0.6606
vn 0.5204 -0.5756 -0.6308
vn 0.8391 -0.3686 -0.4000
vn 0.5668 -0.5746 -0.5904
vn 0.8587 -0.3624 -0.3624
vn 0.8531 -0.4028 -0.3317
vn 0.6079 -0.5921 -0.5290
vn 0.9994 -0.0236 -0.0236
vn 0.9998 0.0157 0.0158
vn 0.8483 -0.4477 -0.2828
vn 0.6306 -0.6384 -0.4414
vn 0.9979 -0.0629 -0.0157
vn 0.9997 -0.0236 0.0079
vn 0.9954 -0.0948 -0.0158
vn 0.8812 -0.4485 -0.1495
vn 0.6540 -0.7013 -0.2837
vn 0.6756 -0.7148 -0.1807
vn 0.9955 -0.0948 -0.0000
vn 0.8895 -0.4486 -0.0866
vn 0.6909 -0.7145 -0.1099
vn 0.9947 -0.1026 0.0079
vn 0.8918 -0.4499 -0.0473
vn 0.7021 -0.7099 -0.0552
vn 0.9955 -0.0948 0.0079
vn 0.8924 -0.4501 -0.0316
vn 0.9939 -0.1105 -0.0000
vn 0.6989 -0.7145 -0.0314
vn 0.9939 -0.1104 0.0079
vn 0.8927 -0.4503 -0.0158
vn 0.8928 -0.4504 -0.0000
vn 0.6912 -0.7225 -0.0157
vn 0.9946 -0.1026 0.0158
vn 0.9996 -0.0157 0.0236
vn 0.9992 -0.0236 0.0315
vn 0.9931 -0.1103 0.0394
vn 0.9980 -0.0314 0.0550
vn 0.8926 -0.4502 0.0237
vn 0.6707 -0.7417 0.0079
vn 0.9867 -0.1579 0.0395
vn 0.8582 -0.5117 0.0394
vn 0.6453 -0.7633 0.0315
vn 0.9915 -0.1180 0.0551
vn 0.8679 -0.4890 0.0868
vn 0.6371 -0.7629 0.1101
vn 0.9949 -0.0711 0.0711
vn 0.8575 -0.4720 0.2046
vn 0.6525 -0.6997 0.2909
vn 0.9909 -0.0472 0.1258
vn 0.8552 -0.3295 0.4001
vn 0.6772 -0.4961 0.5434
vn 0.5820 -0.8101 -0.0708
vn 0.5739 -0.8176 -0.0472
vn 0.8403 -0.5339 -0.0942
vn 0.5738 -0.8176 -0.0472
vn 0.8717 -0.4869 -0.0550
vn 0.9867 -0.0791 -0.1421
vn 0.5692 -0.8222 -0.0079
vn 0.5742 -0.8181 -0.0315
vn 0.5692 -0.8222 -0.0000
vn 0.9951 -0.0474 -0.0869
vn 0.9867 -0.0790 -0.1421
vn 0.8815 -0.4722 0.0079
vn 0.5691 -0.8221 0.0158
vn 0.5743 -0.8183 0.0236
vn 0.9957 -0.0475 -0.0790
vn 0.8246 -0.5497 -0.1335
vn 0.5744 -0.8182 0.0236
vn 0.5882 -0.8078 0.0392
vn 0.8506 -0.5198 -0.0788
vn 0.9999 -0.0080 0.0079
vn 0.9998 -0.0079 0.0157
vn 0.9957 -0.0474 -0.0790
vn 0.9867 -0.0789 -0.1421
vn 0.9967 -0.0392 -0.0707
vn 0.8731 -0.4876 -0.0000
vn 0.9998 -0.0080 0.0157
vn 0.9985 -0.0000 0.0551
vn 0.9985 -0.0000 0.0550
vn 0.8760 -0.4814 0.0316
vn 0.9980 -0.0000 0.0629
vn 0.9980 -0.0000 0.0628
vn 0.4025 -0.0000 -0.9154
vn 0.8989 -0.4336 -0.0631
vn 0.4025 -0.0009 -0.9154
vn 0.9975 -0.0000 0.0707
vn 0.9969 -0.0000 0.0785
vn 0.9955 -0.0079 0.0948
vn 0.9930 -0.0079 0.1182
vn 0.8841 -0.4657 0.0395
vn 0.8834 -0.4654 0.0552
vn 0.8830 -0.4651 0.0631
vn 0.8672 -0.4888 0.0946
vn 0.5917 -0.8048 0.0473
vn 0.2682 -0.5049 -0.8204
vn 0.7156 -0.3617 -0.5976
vn 0.2915 -0.4805 -0.8271
vn 0.7086 -0.4094 -0.5747
vn 0.5372 -0.6003 -0.5925
vn 0.5361 -0.4809 -0.6938
vn 0.0473 -0.4811 -0.8754
vn 0.8843 -0.4422 0.1500
vn 0.9978 -0.0471 -0.0471
vn 0.5270 -0.4326 -0.7315
vn 0.0709 -0.4493 -0.8906
vn 0.9922 -0.1181 -0.0394
vn 0.6292 -0.3539 -0.6920
vn 0.5287 0.2446 -0.8128
vn 0.9903 -0.1336 -0.0394
vn 0.9299 0.3153 -0.1893
vn 0.9903 -0.1336 -0.0393
vn 0.9419 0.2669 -0.2041
vn 0.9922 -0.1181 -0.0395
vn 0.4079 -0.5883 -0.6982
vn 0.4718 0.0392 -0.8808
vn 0.9967 -0.0706 -0.0393
vn 0.3549 -0.5993 -0.7176
vn 0.2824 -0.6040 -0.7453
vn 0.4184 0.0317 -0.9077
vn 0.3302 -0.5973 -0.7309
vn 0.7975 -0.3632 -0.4817
vn 0.8862 0.2196 -0.4079
vn 0.9154 0.4024 0.0079
vn 0.8725 0.4795 0.0943
vn 0.3067 -0.5898 -0.7470
vn 0.9972 -0.0393 -0.0628
vn 0.8703 -0.4783 0.1176
vn 0.3468 -0.5753 -0.7408
vn 0.9989 -0.0472 -0.0000
vn 0.2991 -0.5826 -0.7557
vn 0.9992 -0.0393 0.0078
vn 0.2758 -0.5830 -0.7642
vn 0.7189 -0.3634 -0.5925
vn 0.7479 -0.3700 -0.5511
vn 0.3237 -0.5212 -0.7897
vn 0.2998 -0.5127 -0.8045
vn 0.9229 0.3155 -0.2208
vn 0.5970 -0.2513 -0.7619
vn 0.0791 -0.5291 -0.8449
vn 0.9205 0.3226 -0.2203
vn 0.9998 -0.0158 0.0157
vn 0.5986 -0.4017 -0.6931
vn 0.0393 -0.5741 -0.8179
vn 0.5669 -0.4803 -0.6693
vn 0.0079 -0.6707 -0.7417
vn 0.9998 -0.0157 0.0158
vn 0.9994 -0.0236 0.0236
vn 0.4623 -0.6031 -0.6501
vn 0.0316 -0.6948 -0.7185
vn 0.9994 -0.0237 0.0236
vn 0.5483 -0.5874 -0.5953
vn 0.9992 -0.0079 0.0393
vn 0.5747 -0.5668 -0.5904
vn 0.0631 -0.6858 -0.7251
vn 0.9991 0.0157 0.0393
vn 0.3238 -0.5765 -0.7502
vn 0.3144 -0.5658 -0.7623
vn 0.9994 0.0157 0.0315
vn 0.5826 -0.5039 -0.6377
vn 0.0630 -0.6225 -0.7801
vn 0.9994 0.0158 0.0315
vn 0.5825 -0.4251 -0.6928
vn 0.0708 -0.5350 -0.8419
vn 0.9986 0.0236 0.0472
vn 0.5821 -0.3855 -0.7159
vn 0.0631 -0.4807 -0.8746
vn 0.9969 0.0471 0.0628
vn 0.5823 -0.3699 -0.7240
vn 0.0631 -0.4652 -0.8830
vn 0.9961 0.0628 0.0626
vn 0.9973 0.0392 0.0628
vn 0.9965 0.0549 0.0628
vn 0.9961 0.0627 0.0628
vn 0.9932 0.0552 0.1025
vn 0.1336 -0.9744 -0.1807
vn 0.9970 0.0550 0.0549
vn 0.9965 0.0628 0.0549
vn 0.9974 0.0550 0.0471
vn 0.3062 -0.5496 -0.7773
vn 0.1336 -0.9744 -0.1808
vn 0.9978 0.0472 0.0471
vn 0.5680 -0.4024 -0.7180
vn 0.0551 -0.4962 -0.8665
vn 0.9978 0.0471 0.0471
vn 0.5720 -0.5641 -0.5955
vn 0.0631 -0.6857 -0.7252
vn 0.0709 -0.7797 -0.6221
vn 0.9978 0.0471 0.0472
vn 0.9974 0.0471 0.0550
vn 0.5745 -0.6453 -0.5036
vn 0.0710 -0.8602 -0.5051
vn 0.5747 -0.7086 -0.4094
vn 0.0706 -0.9173 -0.3920
vn 0.5759 -0.7574 -0.3077
vn 0.0631 -0.9614 -0.2679
vn 0.9974 0.0549 0.0471
vn 0.5681 -0.7970 -0.2052
vn 0.0392 -0.9881 -0.1490
vn 0.9969 0.0627 0.0471
vn 0.5422 -0.8330 -0.1100
vn 0.0157 -0.9996 -0.0236
vn 0.9980 0.0550 0.0314
vn 0.9992 0.0393 0.0079
vn 0.5063 -0.8622 -0.0158
vn 0.9982 0.0549 0.0236
vn 0.9995 0.0315 -0.0000
vn 0.4815 -0.8763 0.0158
vn 0.9998 -0.0157 0.0079
vn 0.9998 -0.0157 0.0157
vn 0.9991 -0.0393 0.0158
vn 0.9975 -0.0628 0.0314
vn 0.5133 -0.8370 0.1895
vn 0.0235 -0.9735 0.2277
vn 0.9975 -0.0629 0.0314
vn 0.9973 -0.0628 0.0392
vn 0.5262 -0.7697 0.3613
vn 0.0395 -0.8999 0.4342
vn 0.9973 -0.0628 0.0393
vn 0.5419 -0.6676 0.5105
vn 0.0473 -0.7876 0.6143
vn 0.0550 -0.6361 0.7696
vn 0.9969 -0.0628 0.0471
vn 0.5384 -0.5464 0.6415
vn 0.0473 -0.4811 0.8754
vn 0.9965 -0.0628 0.0549
vn 0.5436 -0.4096 0.7326
vn 0.0394 -0.2994 0.9533
vn 0.5288 -0.2684 0.8052
vn 0.0236 -0.0079 0.9997
vn 0.9961 -0.0627 0.0629
vn 0.9961 -0.0627 0.0627
vn 0.5026 -0.0314 0.8640
vn 0.0238 0.0078 0.9997
vn 0.9960 -0.0549 0.0706
vn 0.0079 0.0078 0.9999
vn 0.9940 -0.0552 0.0947
vn 0.5178 -0.0235 0.8552
vn 0.9905 -0.0550 0.1258
vn 0.4249 -0.0237 0.9049
vn 0.2679 -0.6067 0.7485
vn 0.2527 -0.4264 0.8685
vn 0.9884 -0.0549 0.1413
vn 0.2442 -0.0394 0.9689
vn 0.5918 -0.8047 0.0474
vn 0.3229 0.0473 0.9452
vn 0.2124 0.0551 0.9756
vn 0.4088 0.0393 0.9118
vn 0.3063 0.0550 0.9503
vn 0.9782 -0.0315 0.2051
vn 0.9743 -0.1964 0.1100
vn 0.5882 -0.8077 0.0392
vn 0.9830 -0.1337 0.1258
vn 0.9444 -0.3228 0.0630
vn 0.9241 -0.3791 0.0474
vn 0.9660 -0.2436 0.0864
vn 0.9288 -0.3700 0.0236
vn 0.9867 -0.0632 0.1500
vn 0.9503 -0.3063 0.0550
vn 0.9823 -0.1572 0.1022
vn 0.9536 -0.2995 0.0315
vn 0.9714 -0.2290 0.0632
vn 0.9867 -0.0395 0.1579
vn 0.9908 -0.0786 0.1101
vn 0.9732 -0.2276 0.0314
vn 0.9846 -0.0236 0.1733
vn 0.9873 -0.1421 0.0711
vn 0.9540 -0.2996 0.0079
vn 0.9892 -0.1413 0.0393
vn 0.9754 -0.2203 0.0079
vn 0.9437 -0.3303 -0.0157
vn 0.5743 -0.8180 -0.0315
vn 0.9611 -0.2757 -0.0158
vn 0.9768 -0.2127 -0.0236
vn 0.9510 -0.3065 -0.0393
vn 0.9648 -0.2588 -0.0471
vn 0.9788 -0.1973 -0.0553
vn 0.9699 -0.2208 -0.1025
vn 0.9629 -0.2527 -0.0947
vn 0.9747 -0.1729 -0.1415
vn 0.9749 -0.1887 -0.1179
vn 0.9677 -0.1574 -0.1967
vn 0.9677 -0.1967 -0.1574
vn 0.9650 -0.1647 -0.2040
vn 0.2913 -0.5433 -0.7874
vn 0.9475 -0.1737 -0.2685
vn 0.2985 -0.5420 -0.7856
vn 0.2824 -0.5411 -0.7921
vn 0.3067 -0.5584 -0.7708
vn 0.2835 -0.5589 -0.7793
vn 0.2929 -0.5699 -0.7678
vn 0.9619 -0.1498 -0.2287
vn 0.3234 -0.5678 -0.7570
vn 0.9711 -0.1342 -0.1974
vn 0.9630 -0.1421 -0.2289
vn 0.9861 -0.0710 -0.1499
vn 0.9744 -0.1336 -0.1807
vn 0.9599 -0.1731 -0.2203
vn 0.9932 -0.0552 -0.1025
vn 0.9694 -0.1813 -0.1655
vn 0.9969 -0.0000 -0.0785
vn 0.9878 -0.1107 -0.1095
vn 0.9838 -0.0472 -0.1732
vn 0.9928 -0.1103 -0.0473
vn 0.9771 -0.1339 -0.1655
vn 0.9918 -0.1259 -0.0236
vn 0.9663 -0.1336 -0.2200
vn 0.9899 -0.1414 0.0079
vn 0.9728 -0.0941 -0.2118
vn 0.9783 -0.0631 -0.1973
vn 0.9718 -0.0862 -0.2194
vn 0.9699 -0.1183 -0.2129
vn 0.9672 0.2438 -0.0708
vn 0.9792 0.1974 -0.0474
vn 0.9763 0.2047 0.0709
vn 0.9872 0.1580 -0.0237
vn 0.9805 0.1726 0.0941
vn 0.8983 0.3703 0.2364
vn 0.9037 0.3143 0.2907
vn 0.9951 0.0869 0.0474
vn 0.8990 0.4022 0.1735
vn 0.8716 0.4162 0.2591
vn 0.8888 0.4484 0.0944
vn 0.8844 0.4264 0.1895
vn 0.8697 0.3605 0.3370
vn 0.9035 0.3850 0.1885
vn 0.9690 0.2127 0.1260
vn 0.9260 0.2589 0.2746
vn 0.9886 0.1177 0.0942
vn 0.0712 0.8138 0.5767
vn 0.0157 0.8943 0.4472
vn 0.0316 0.7338 0.6786
vn 0.9370 0.3385 0.0866
vn 0.9428 0.2357 0.2357
vn -0.0000 0.6992 0.7149
vn -0.1106 0.9397 0.3238
vn 0.9809 0.1413 0.1334
vn -0.0000 0.6707 0.7417
vn 0.9994 0.0242 0.0231
vn 0.9984 0.0472 0.0315
vn 0.0079 0.6540 0.7565
vn 0.0157 0.6501 0.7597
vn 0.9947 -0.0553 -0.0869
vn 0.9973 -0.0393 -0.0628
vn 0.9922 0.1024 0.0709
vn 0.0788 0.2915 0.9533
vn 0.9781 -0.1262 -0.1657
vn 0.9997 -0.0000 -0.0236
vn 0.9760 0.1417 0.1653
vn 0.2983 -0.5651 0.7692
vn 0.3308 -0.5750 -0.7483
vn 0.9856 -0.1025 -0.1341
vn 0.9981 0.0472 0.0393
vn 0.9959 0.0553 0.0712
vn 0.9793 0.0947 0.1790
vn 0.9607 0.2284 0.1575
vn 0.3858 -0.8582 0.3386
vn 0.7299 0.6357 0.2512
vn 0.7300 0.6356 0.2512
vn 0.7247 0.6381 0.2600
vn 0.7299 0.6358 0.2511
vn 0.7232 0.6368 0.2673
vn 0.7999 0.5725 0.1803
vn 0.6933 0.6932 0.1969
vn 0.8017 0.5423 0.2515
vn 0.6771 0.6613 0.3228
vn 0.7716 0.5906 0.2362
vn 0.8068 0.5718 0.1488
vn 0.6361 0.7538 0.1649
vn 0.9548 0.2761 0.1105
vn 0.8038 0.5831 0.1182
vn 0.6171 0.7753 0.1345
vn 0.9685 0.2362 0.0787
vn 0.9735 0.2199 0.0628
vn 0.8344 0.5431 0.0944
vn 0.6145 0.7800 0.1182
vn 0.9772 0.2049 0.0552
vn 0.8557 0.5102 0.0864
vn 0.5752 0.8116 0.1024
vn 0.9875 0.1501 0.0474
vn 0.8530 0.5133 0.0948
vn 0.5033 0.8571 0.1101
vn 0.4705 0.8547 0.2195
vn 0.9931 0.1103 0.0394
vn 0.9148 0.3944 0.0868
vn 0.4652 0.8436 0.2681
vn 0.9970 0.0707 0.0314
vn 0.9004 0.4186 0.1185
vn 0.4705 0.8154 0.3372
vn 0.8890 0.4327 0.1495
vn 0.4954 0.7785 0.3853
vn 0.9995 0.0079 -0.0315
vn 0.7382 0.6125 0.2827
vn 0.4323 0.8725 0.2279
vn 0.4878 0.7869 0.3778
vn 0.9848 0.1734 -0.0000
vn 0.7011 0.6853 0.1969
vn 0.8109 0.5825 -0.0551
vn 0.5665 0.8104 -0.1495
vn 0.9947 0.0868 -0.0553
vn 0.9094 0.3057 -0.2822
vn 0.7652 0.3787 -0.5207
vn 0.5988 -0.3231 -0.7328
vn 0.7575 -0.2920 -0.5839
vn 0.4033 -0.5851 -0.7036
vn 0.8224 -0.3525 -0.4465
vn 0.4573 -0.5755 -0.6780
vn 0.8131 -0.3789 -0.4420
vn 0.8213 -0.3790 -0.4264
vn 0.9922 0.1181 0.0394
vn 0.9899 0.1335 0.0471
vn 0.9878 0.1422 0.0632
vn 0.9856 0.1497 0.0790
vn 0.9314 0.3315 0.1500
vn 0.9830 0.1573 0.0943
vn 0.9838 0.1417 0.1102
vn 0.9491 0.2768 0.1503
vn 0.9924 0.0788 0.0945
vn 0.9630 0.2289 0.1421
vn 0.8050 0.5208 0.2841
vn 0.5754 0.6936 0.4335
vn 0.9680 0.2125 0.1338
vn 0.8276 0.4414 0.3468
vn 0.6134 0.5663 0.5505
vn 0.9773 0.1576 0.1419
vn 0.8352 0.3388 0.4333
vn 0.6305 0.4177 0.6542
vn 0.9799 0.1106 0.1660
vn 0.8373 0.1027 0.5371
vn 0.6835 0.1021 0.7228
vn 0.6909 -0.1099 0.7145
vn 0.8264 -0.0708 0.5587
vn 0.2602 -0.9152 -0.3077
vn 0.8851 -0.3005 -0.3553
vn 0.3245 -0.6728 -0.6649
vn 0.8604 -0.4894 -0.1421
vn 0.2204 -0.9754 -0.0000
vn 0.9341 -0.2983 -0.1962
vn 0.3852 -0.6681 -0.6366
vn 0.4499 -0.7972 -0.4026
vn 0.9380 -0.3311 0.1024
vn 0.9734 -0.1805 -0.1413
vn 0.9060 -0.3703 0.2048
vn 0.2369 -0.9712 0.0237
vn 0.9977 -0.0550 0.0393
vn 0.9820 -0.0550 0.1807
vn 0.8276 -0.3468 0.4414
vn 0.2437 -0.9667 0.0786
vn 0.8776 -0.1107 0.4665
vn 0.9586 0.2593 0.1178
vn 0.8604 0.1421 0.4894
vn 0.9565 0.2901 0.0314
vn 0.6291 0.6921 0.3539
vn 0.5765 0.8133 0.0790
vn 0.6144 0.7876 0.0473
vn 0.5281 -0.8278 -0.1892
vn 0.9992 -0.0236 -0.0315
vn 0.5678 -0.8201 -0.0710
vn 0.6539 0.7564 0.0158
vn 0.9982 -0.0551 -0.0236
vn 0.5917 -0.8047 -0.0473
vn 0.6235 -0.7812 -0.0316
vn 0.6623 0.7491 0.0158
vn 0.2125 0.9760 0.0472
vn 0.2047 0.9762 0.0709
vn 0.1817 0.9795 0.0869
vn 0.1413 0.9892 0.0393
vn 0.6695 0.6144 0.4175
vn 0.1415 0.9829 0.1179
vn 0.8664 -0.0551 0.4962
vn 0.1572 0.9823 0.1022
vn 0.8411 -0.3144 0.4402
vn 0.2679 -0.9608 0.0709
vn 0.3303 -0.9437 0.0157
vn 0.8326 0.5262 0.1728
vn 0.9806 -0.0549 0.1883
vn 0.9571 -0.2374 0.1661
vn 0.3708 -0.9230 0.1026
vn 0.8801 0.4165 0.2280
vn 0.9426 -0.2199 0.2514
vn 0.9682 -0.0551 0.2440
vn 0.1415 -0.1179 0.9829
vn 0.2042 -0.9188 0.3377
vn 0.0867 0.0866 0.9925
vn 0.0157 -0.0628 0.9979
vn 0.0391 -0.8937 0.4469
vn 0.0473 0.3628 0.9307
vn 0.1730 0.3303 0.9279
vn 0.1022 0.9903 0.0944
vn 0.0236 0.9818 0.1885
vn 0.1024 0.9916 0.0787
vn 0.1262 0.9781 0.1657
vn 0.0787 0.9916 0.1023
vn 0.1341 0.9857 0.1025
vn 0.0784 0.9962 0.0392
vn 0.1412 0.9892 0.0393
vn 0.1502 0.9879 0.0395
vn 0.0791 0.9961 0.0395
vn 0.2126 0.9763 0.0394
vn 0.2275 0.9730 0.0392
vn 0.6830 0.7301 0.0235
vn 0.1579 0.9867 0.0395
vn 0.0790 0.9957 0.0474
vn 0.9980 -0.0629 -0.0070
vn 0.6827 0.7297 0.0392
vn 0.6666 -0.7450 -0.0235
vn 0.7071 -0.7071 -0.0079
vn 0.2293 0.9725 0.0395
vn 0.6782 0.7333 0.0473
vn 0.7342 -0.6789 -0.0000
vn 0.2275 0.9726 0.0471
vn 0.6694 0.7402 0.0630
vn 0.9984 0.0314 0.0472
vn 0.7227 -0.6912 -0.0000
vn 0.1501 0.9875 0.0474
vn 0.0628 0.9965 0.0549
vn 0.2366 0.9700 0.0552
vn 0.1500 0.9871 0.0553
vn 0.0473 0.9944 0.0947
vn 0.6611 0.7476 0.0630
vn 0.3227 0.9444 0.0630
vn 0.1804 0.9805 0.0784
vn 0.9984 0.0315 0.0472
vn 0.3461 0.9361 0.0629
vn 0.6611 0.7477 0.0630
vn 0.9984 0.0157 0.0550
vn 0.6622 -0.7490 -0.0237
vn 0.5651 -0.8241 -0.0392
vn 0.9959 0.0554 0.0712
vn 0.4877 -0.8729 -0.0157
vn 0.3931 -0.9119 -0.1179
vn 0.2195 -0.9407 -0.2587
vn 0.6726 0.7358 0.0791
vn 0.3556 0.9325 0.0632
vn 0.9487 -0.0079 -0.3162
vn 0.0786 -0.9741 -0.2121
vn 0.7174 0.6938 0.0631
vn 0.3625 0.9299 0.0630
vn 0.2437 0.9667 0.0786
vn 0.1258 0.9830 0.1337
vn 0.3625 0.9298 0.0630
vn 0.6994 0.6915 -0.1807
vn 0.4954 0.4010 -0.7706
vn 0.4713 -0.2672 -0.8405
vn 0.0392 -0.9903 -0.1336
vn 0.0710 -0.9943 -0.0789
vn 0.5566 0.1960 -0.8073
vn 0.6008 -0.3321 -0.7272
vn 0.1179 -0.9910 -0.0629
vn 0.5102 0.7692 -0.3846
vn 0.5882 -0.2745 -0.7607
vn 0.0472 -0.2200 -0.9744
vn 0.6833 0.1492 -0.7147
vn 0.6944 0.0474 -0.7180
vn 0.3298 0.9420 0.0628
vn 0.6010 0.7117 -0.3637
vn 0.2917 0.9539 0.0709
vn 0.2747 0.9576 0.0863
vn 0.2355 0.9578 0.1649
vn 0.2357 0.6129 -0.7542
vn -0.0550 0.0471 -0.9974
vn 0.0948 0.0394 -0.9947
vn -0.1181 -0.2204 -0.9682
vn 0.5063 -0.0158 0.8622
vn 0.9885 -0.0549 0.1412
vn 0.5121 -0.0157 0.8588
vn 0.6311 0.0631 0.7731
vn 0.9280 0.2595 0.2674
vn 0.9871 -0.0553 0.1500
vn 0.9128 0.3699 0.1731
vn 0.5283 0.0946 0.8438
vn 0.4337 0.8755 0.2130
vn 0.1103 0.9924 0.0551
vn 0.2913 0.9527 0.0866
vn 0.5222 0.1029 0.8466
vn 0.4499 0.0474 0.8918
vn 0.3950 0.9165 0.0633
vn 0.9819 -0.0157 0.1885
vn 0.9950 -0.0315 0.0947
vn 0.2682 0.9622 0.0473
vn 0.4567 0.8817 -0.1181
vn 0.3950 0.9165 0.0632
vn 0.5651 0.7299 -0.3846
vn 0.3790 0.9237 0.0553
vn 0.6160 0.7108 -0.3396
vn 0.5734 0.4399 -0.6912
vn 0.4955 0.4561 -0.7392
vn 0.7866 0.3461 -0.5113
vn 0.5262 0.3063 -0.7933
vn 0.8362 -0.4181 -0.3550
vn 0.9328 0.2213 -0.2846
vn 0.6784 -0.0394 -0.7336
vn 0.6879 0.6642 -0.2926
vn 0.7783 0.3538 -0.5188
vn 0.4809 0.8750 0.0552
vn 0.7446 -0.1097 -0.6584
vn 0.9667 0.1729 -0.1887
vn 0.9930 -0.0000 0.1181
vn 0.8353 -0.4886 0.2521
vn 0.8291 -0.4501 0.3316
vn 0.8215 -0.3871 0.4186
vn 0.8438 -0.5283 0.0946
vn 0.8481 -0.5261 0.0628
vn 0.9946 -0.0158 0.1026
vn 0.8801 -0.4636 -0.1022
vn 0.8906 -0.4098 -0.1970
vn 0.9944 -0.0237 0.1026
vn 0.8992 -0.3628 -0.2445
vn 0.9032 -0.2435 -0.3534
vn 0.9936 -0.0236 0.1104
vn 0.9006 -0.1975 -0.3871
vn 0.9030 -0.1335 -0.4083
vn 0.9153 -0.0158 -0.4024
vn 0.9927 -0.0236 0.1182
vn 0.9205 0.1652 -0.3540
vn 0.9918 -0.0237 0.1259
vn 0.9148 0.3154 -0.2524
vn 0.8928 0.4346 -0.1185
vn 0.8501 0.5195 0.0866
vn 0.9930 -0.0078 0.1182
vn 0.8376 0.5295 0.1343
vn 0.8360 0.5205 0.1735
vn 0.8308 0.4702 0.2978
vn 0.9930 0.0001 0.1182
vn 0.8310 0.3561 0.4274
vn 0.9920 -0.0000 0.1260
vn 0.9930 -0.0000 0.1182
vn 0.8265 0.1968 0.5274
vn 0.9930 -0.0000 0.1183
vn 0.8120 -0.0158 0.5834
vn 0.9939 -0.0000 0.1106
vn 0.7975 -0.1500 0.5843
vn 0.7938 -0.2594 0.5501
vn 0.7970 -0.2920 0.5287
vn 0.9396 -0.3238 -0.1105
vn 0.8013 -0.1414 -0.5813
vn 0.5049 -0.7415 -0.4418
vn 0.5049 -0.7416 -0.4418
vn 0.5339 -0.7223 -0.4396
vn 0.9895 -0.1413 0.0314
vn 0.1969 -0.6144 -0.7640
vn 0.1413 -0.5105 -0.8482
vn 0.9915 -0.1259 0.0315
vn 0.0394 -0.1732 -0.9841
vn 0.9950 -0.0948 0.0316
vn 0.9942 -0.1026 0.0316
vn 0.9992 0.0079 0.0393
vn -0.0158 0.2052 -0.9786
vn 0.9950 -0.0947 0.0316
vn 0.9841 0.1732 0.0393
vn -0.0393 0.4872 -0.8724
vn 0.6836 -0.7072 -0.1807
vn 0.9726 0.2275 0.0469
vn -0.0787 0.7394 -0.6686
vn 0.9622 0.2681 0.0473
vn -0.1419 0.9147 -0.3785
vn 0.9476 0.3159 0.0474
vn 0.9530 0.2993 0.0472
vn -0.2123 0.9669 -0.1416
vn -0.2756 0.9608 -0.0315
vn 0.9667 0.2515 0.0472
vn 0.9072 0.4181 0.0473
vn -0.2996 0.9539 0.0158
vn -0.2923 0.9558 0.0316
vn 0.9967 0.0706 0.0392
vn 0.9147 0.4022 0.0394
vn -0.2751 0.9593 0.0629
vn 0.9221 0.3862 0.0236
vn -0.2524 0.9622 0.1026
vn 0.8724 0.4872 0.0393
vn 0.9372 0.3465 0.0394
vn -0.2044 0.9590 0.1964
vn 0.9051 0.4250 0.0157
vn 0.8579 0.5116 0.0472
vn 0.9314 0.3552 0.0789
vn 0.9150 0.4023 0.0315
vn 0.9434 0.3223 0.0786
vn 0.9421 0.3140 0.1178
vn 0.8736 0.4722 0.1181
vn 0.8115 0.5830 0.0394
vn 0.8462 0.5327 -0.0157
vn 0.7525 0.6584 0.0157
vn 0.7810 0.6232 -0.0395
vn 0.9386 0.3392 -0.0631
vn 0.9123 0.4089 -0.0236
vn 0.6624 0.7491 0.0079
vn 0.9052 0.4250 -0.0000
vn 0.6408 0.7674 0.0237
vn 0.6665 0.7449 0.0314
vn 0.8971 0.4407 0.0315
vn 0.6230 0.7808 0.0473
vn 0.8915 0.4497 0.0552
vn 0.6146 0.7879 0.0394
vn 0.8901 0.4490 0.0788
vn 0.6143 0.7876 0.0473
vn 0.5966 0.8007 0.0550
vn 0.9316 0.3632 0.0158
vn 0.6051 0.7937 0.0629
vn 0.6607 0.7473 0.0708
vn 0.6633 0.7423 0.0948
vn 0.8952 0.4319 0.1099
vn 0.6854 0.7247 0.0709
vn 0.9302 0.3547 0.0946
vn 0.7267 0.6792 0.1027
vn 0.9658 0.2591 -0.0000
vn 0.8360 0.5205 -0.1735
vn 0.8519 0.3155 -0.4180
vn 0.9803 0.1581 -0.1186
vn 0.9818 0.0785 -0.1728
vn 0.9820 -0.0157 0.1885
vn 0.8463 0.1661 -0.5061
vn 0.9849 -0.0000 -0.1733
vn 0.9834 -0.0157 0.1809
vn 0.9847 -0.0158 0.1733
vn 0.9549 -0.0868 -0.2840
vn 0.9608 -0.1575 -0.2284
vn 0.8121 0.0158 -0.5834
vn 0.7624 -0.2672 -0.5894
vn 0.7965 -0.1262 -0.5914
vn 0.8120 0.0158 -0.5834
vn 0.9568 0.2902 0.0157
vn 0.9568 0.2902 0.0156
vn 0.9476 0.3158 0.0474
vn 0.9657 0.2591 -0.0157
vn 0.7416 -0.4418 -0.5049
vn 0.6931 -0.5512 -0.4646
vn 0.7556 -0.3542 -0.5510
vn 0.9362 -0.2281 -0.2675
vn 0.9277 -0.2830 -0.2437
vn 0.9888 -0.0078 0.1491
vn 0.9899 -0.0078 0.1414
vn 0.9442 -0.2754 -0.1809
vn 0.7173 -0.4966 -0.4887
vn 0.9360 -0.3067 -0.1730
vn 0.6930 -0.5513 -0.4646
vn 0.9230 -0.3392 -0.1815
vn 0.9910 -0.0079 0.1337
vn 0.9910 -0.0000 0.1337
vn 0.9325 -0.3319 -0.1422
vn 0.6556 -0.6003 -0.4581
vn 0.9005 -0.3950 -0.1817
vn 0.6124 -0.6517 -0.4475
vn 0.6125 -0.6517 -0.4475
vn 0.5339 -0.7223 -0.4395
vn 0.5745 -0.6846 -0.4486
vn 0.8891 -0.4170 -0.1888
vn 0.9176 -0.3686 -0.1490
vn 0.5282 -0.7253 -0.4415
vn 0.9437 -0.3146 -0.1022
vn 0.8001 -0.5334 -0.2745
vn 0.6941 -0.7178 -0.0552
vn 0.5137 -0.7350 -0.4426
vn 0.5195 -0.7320 -0.4408
vn 0.5444 -0.7179 -0.4339
vn 0.5688 -0.7032 -0.4266
vn 0.6427 -0.7603 -0.0941
vn 0.9954 -0.0866 0.0413
vn 0.9969 -0.0464 0.0629
vn 0.9969 -0.0471 0.0627
vn 0.9969 -0.0470 0.0628
vn -0.4182 0.7497 -0.5129
vn -0.3065 0.9038 -0.2986
vn 0.1104 -0.0158 -0.9938
vn -0.2831 0.9590 -0.0156
vn 0.9997 -0.0079 0.0237
vn 0.1653 0.4723 -0.8658
vn -0.1260 0.9530 -0.2757
vn 0.1646 0.4629 -0.8710
vn 0.1341 0.7890 -0.5996
vn 0.9997 -0.0079 0.0236
vn -0.1182 0.0314 0.9925
vn 0.1105 0.9312 -0.3473
vn 0.9997 -0.0079 0.0235
vn -0.1181 0.0315 0.9925
vn 0.0552 0.9924 -0.1103
vn -0.9984 0.0551 0.0157
vn -0.9984 0.0550 0.0157
vn -0.9984 0.0472 0.0314
vn -0.0709 -0.2364 0.9691
vn -0.9989 0.0237 0.0393
vn -0.0709 -0.2363 0.9691
vn -0.0710 -0.4649 0.8825
vn -0.9989 0.0001 0.0472
vn -0.0709 -0.4649 0.8825
vn -0.0709 -0.6607 0.7473
vn -0.9985 -0.0392 0.0393
vn -0.0708 -0.6607 0.7473
vn 0.9997 -0.0078 0.0236
vn -0.0785 -0.8319 0.5493
vn -0.0785 -0.8319 0.5494
vn -0.0788 -0.9457 0.3153
vn -0.9964 -0.0785 0.0314
vn -0.0316 -0.9882 0.1502
vn -0.9918 -0.1260 0.0236
vn 0.0157 -0.9998 -0.0157
vn -0.9847 -0.1733 0.0158
vn 0.0157 -0.9984 -0.0550
vn -0.9806 -0.1960 -0.0000
vn 0.0157 -0.9998 -0.0158
vn 0.0237 -0.9959 -0.0870
vn -0.9753 -0.2203 -0.0157
vn 0.0314 -0.9925 -0.1182
vn -0.9692 -0.2442 -0.0315
vn -0.9618 -0.2680 -0.0552
vn 0.0315 -0.9925 -0.1182
vn 0.0395 -0.9879 -0.1501
vn -0.9372 -0.3071 -0.1654
vn 0.0395 -0.9879 -0.1502
vn 0.0709 -0.9059 -0.4175
vn -0.9277 -0.2830 -0.2437
vn 0.0867 -0.7647 -0.6385
vn 0.0710 -0.9059 -0.4175
vn 0.1018 -0.6118 -0.7844
vn -0.9208 -0.2597 -0.2911
vn 0.1182 -0.5599 -0.8201
vn -0.9178 -0.2432 -0.3138
vn 0.1020 -0.6119 -0.7844
vn 0.1418 -0.5437 -0.8272
vn -0.9263 -0.2198 -0.3061
vn 0.1183 -0.5599 -0.8201
vn 0.1502 -0.5374 -0.8298
vn -0.9306 -0.2209 -0.2918
vn 0.1419 -0.5436 -0.8273
vn 0.1658 -0.5687 -0.8057
vn -0.9125 -0.2516 -0.3225
vn 0.1503 -0.5374 -0.8298
vn 0.1733 -0.5909 -0.7879
vn -0.8982 -0.2600 -0.3545
vn 0.0078 0.9154 -0.4024
vn 0.0393 0.9981 -0.0472
vn 0.1659 -0.5683 -0.8059
vn 0.1734 -0.5910 -0.7878
vn -0.1578 0.9706 0.1815
vn -0.4010 0.9120 0.0864
vn 0.2749 0.6518 0.7068
vn -0.5910 0.7802 0.2049
vn 0.9997 -0.0078 0.0235
vn 0.2748 0.6518 0.7068
vn -0.4500 0.8922 0.0394
vn 0.2603 0.6627 0.7022
vn -0.8151 0.2900 0.5015
vn -0.8299 0.3398 0.4426
vn -0.8393 0.3922 0.3765
vn 0.2363 0.7327 0.6382
vn -0.8436 0.4100 0.3469
vn -0.8440 0.4338 0.3154
vn 0.2363 0.7327 0.6383
vn 0.2365 0.7885 0.5677
vn -0.8449 0.4579 0.2763
vn 0.2288 0.8368 0.4974
vn -0.8427 0.5041 0.1890
vn 0.2289 0.8368 0.4973
vn 0.2361 0.9049 0.3541
vn 0.2435 0.9428 0.2279
vn 0.2360 0.9049 0.3541
vn -0.8424 0.5274 0.1102
vn 0.2434 0.9428 0.2278
vn -0.8364 0.5445 0.0632
vn 0.2512 0.9576 0.1413
vn -0.8341 0.5508 0.0315
vn 0.2605 0.9629 0.0711
vn 0.2603 0.9629 0.0710
vn 0.2678 0.9614 -0.0631
vn -0.8275 0.5594 -0.0473
vn 0.2679 0.9614 -0.0630
vn 0.2752 0.9279 -0.2516
vn -0.8228 0.5459 -0.1581
vn 0.2765 0.8611 -0.4266
vn -0.8189 0.5118 -0.2598
vn 0.2834 0.7557 -0.5904
vn -0.8199 0.4494 -0.3547
vn 0.2905 0.3769 -0.8795
vn -0.8269 0.3386 -0.4489
vn -0.8157 0.1569 -0.5568
vn 0.2906 0.3769 -0.8795
vn -0.7232 -0.1415 -0.6760
vn -0.4799 -0.4721 -0.7395
vn -0.2751 -0.6759 -0.6837
vn 0.2906 0.3768 -0.8795
vn -0.5040 -0.5907 -0.6301
vn -0.8654 -0.1888 -0.4641
vn 0.2905 0.3770 -0.8795
vn -0.9434 0.1966 -0.2672
vn -0.8580 0.4959 -0.1338
vn -0.6516 0.7536 -0.0864
vn -0.5359 0.7801 -0.3231
vn -0.0550 0.9276 -0.3696
vn 0.3138 0.8783 0.3608
vn -0.2603 0.5678 0.7809
vn 0.0474 -0.0790 0.9957
vn -0.4963 0.5120 0.7011
vn 0.0474 -0.0791 0.9957
vn -0.3698 0.6531 0.6609
vn 0.0868 0.4104 0.9077
vn 0.0863 0.4235 0.9018
vn 0.0790 0.7507 0.6559
vn 0.0785 0.7684 0.6351
vn 0.0630 0.9386 0.3392
vn 0.0630 0.9444 0.3227
vn 0.0472 0.9986 0.0236
vn 0.0944 0.9520 -0.2911
vn 0.0949 0.9491 -0.3004
vn 0.1413 0.7776 -0.6127
vn 0.9989 -0.0445 -0.0146
vn 0.0865 -0.4951 -0.8645
vn 0.0943 -0.4795 -0.8725
vn 0.0789 -0.5047 -0.8597
vn 0.0869 -0.5137 -0.8536
vn 0.0630 -0.5353 -0.8423
vn 0.5200 -0.6776 -0.5200
vn 0.1894 -0.4735 -0.8602
vn 0.6228 -0.5124 -0.5912
vn 0.8643 -0.5029 -0.0000
vn 0.1655 -0.6934 -0.7013
vn -0.0865 -0.4951 -0.8645
vn 0.7149 -0.6992 -0.0078
vn 0.8641 -0.5028 0.0236
vn 0.0863 -0.9961 -0.0158
vn 0.6991 -0.7148 0.0157
vn 0.0785 -0.9968 -0.0158
vn 0.1337 -0.9910 -0.0079
vn 0.0707 -0.9974 -0.0157
vn -0.0393 -0.7065 -0.7066
vn 0.0706 -0.9974 -0.0157
vn -0.3951 -0.7507 -0.5294
vn -0.5289 -0.5921 -0.6080
vn -0.7735 -0.6314 -0.0552
vn -0.7774 -0.6282 -0.0314
vn 0.0236 -0.9997 -0.0079
vn -0.5833 -0.8119 -0.0236
vn 0.1492 -0.9888 -0.0000
vn -0.0001 -1.0000 -0.0079
vn -0.5990 -0.7960 0.0867
vn -0.7667 -0.6324 0.1107
vn 0.0157 -0.9998 0.0079
vn 0.1337 -0.9910 0.0079
vn 0.7093 -0.6935 0.1261
vn 0.8496 -0.5035 0.1573
vn 0.1103 -0.9931 0.0394
vn 0.5115 -0.6846 0.5193
vn 0.6199 -0.5100 0.5963
vn 0.1728 -0.4870 0.8561
vn 0.1578 -0.6943 0.7022
vn 0.0868 -0.9947 0.0553
vn 0.0706 -0.9960 0.0549
vn -0.0549 -0.7138 0.6982
vn -0.1101 -0.5032 0.8571
vn 0.0471 -0.9981 0.0393
vn -0.4010 -0.7549 0.5190
vn -0.5346 -0.6054 0.5896
vn 0.9661 -0.0000 0.2582
vn 0.9667 -0.0000 0.2559
vn 0.9658 -0.0000 0.2591
vn -0.9659 -0.0000 -0.2588
vn -0.9660 -0.0000 -0.2587
vn -0.9661 -0.0000 -0.2582
vn -0.9659 -0.0000 -0.2590
vn -0.2518 -0.0000 0.9678
vn -0.2100 -0.0000 0.9777
vn 0.9975 0.0223 0.0673
vn 0.9976 0.0218 0.0656
vn 0.9977 0.0234 0.0637
vn 0.9977 0.0236 0.0628
vn 0.9873 0.1580 -0.0158
vn 0.9873 0.1581 -0.0157
vn 0.9873 0.1581 -0.0158
vn 0.4163 0.1022 -0.9035
vn 0.0237 0.1260 0.9917
vn 0.0236 0.1259 0.9918
vn 0.7254 0.1182 -0.6781
vn -0.2204 0.6534 0.7242
vn -0.2441 0.9686 0.0472
vn -0.2368 0.9708 0.0395
vn 0.9947 0.0947 0.0395
vn -0.1975 0.9795 0.0395
vn 0.5841 0.1026 0.8052
vn -0.1181 0.9922 0.0394
vn 0.0707 0.1257 0.9895
vn -0.0236 0.9989 0.0393
vn -0.1334 0.1335 0.9820
vn -0.0235 0.2051 -0.9784
vn -0.0237 0.2051 -0.9785
vn -0.0472 0.9988 0.0158
vn -0.1104 0.9939 0.0079
vn -0.0474 0.1578 -0.9863
vn -0.6313 0.7735 -0.0552
vn -0.0706 0.1256 -0.9896
vn -0.6314 0.7735 -0.0553
vn -0.0867 0.0552 -0.9947
vn -0.9550 0.2684 -0.1263
vn -0.0947 0.0395 -0.9947
vn -0.9783 0.1578 -0.1341
vn -0.8889 -0.4484 -0.0944
vn -0.0948 -0.0236 -0.9952
vn -0.8888 -0.4484 -0.0944
vn -0.0867 -0.0630 -0.9942
vn -0.5824 -0.8105 -0.0628
vn -0.0865 -0.1023 -0.9910
vn -0.4114 -0.9098 -0.0554
vn -0.0864 -0.1100 -0.9902
vn -0.1104 0.9939 -0.0000
vn -0.0079 0.2126 0.9771
vn -0.0550 0.9985 0.0079
vn -0.0315 0.2126 0.9766
vn -0.6304 0.7723 -0.0788
vn -0.1649 0.1965 0.9665
vn -0.6305 0.7722 -0.0789
vn -0.2284 0.1575 0.9607
vn -0.3063 0.0550 0.9503
vn -0.9507 0.2672 -0.1571
vn -0.3138 0.0235 0.9492
vn -0.9750 0.1571 -0.1573
vn -0.2837 -0.1024 0.9534
vn -0.8898 -0.4409 -0.1181
vn -0.8889 -0.4405 -0.1259
vn -0.2431 -0.1570 0.9572
vn -0.5817 -0.8096 -0.0786
vn -0.1264 -0.2368 0.9633
vn -0.1105 -0.2448 0.9633
vn -0.1105 -0.2447 0.9633
vn -0.5816 -0.8096 -0.0786
vn -0.4175 -0.9059 -0.0709
vn -0.0708 0.5350 0.8419
vn -0.0708 0.5351 0.8418
vn -0.0629 0.5112 0.8572
vn -0.0552 0.5114 0.8576
vn -0.0554 0.5056 0.8610
vn -0.0553 0.5056 0.8610
vn -0.0549 0.5021 0.8630
vn -0.0550 0.5021 0.8630
vn -0.0627 0.5019 0.8626
vn -0.0628 0.5019 0.8626
vn -0.0630 0.4961 0.8660
vn -0.0631 0.4960 0.8660
vn -0.0708 0.4958 0.8656
vn -0.0786 0.4954 0.8651
vn -0.0786 0.4955 0.8651
vn -0.3503 -0.9366 0.0003
vn -0.0631 -0.9233 -0.3788
vn -0.2128 -0.9221 -0.3231
vn -0.1734 -0.9303 -0.3232
vn -0.7494 -0.6153 -0.2446
vn -0.7494 -0.6153 -0.2445
vn -0.9975 -0.0314 -0.0627
vn -0.9985 -0.0078 -0.0550
vn -0.9980 0.0315 -0.0549
vn -0.9965 0.0550 -0.0628
vn -0.7342 0.6236 -0.2684
vn -0.7341 0.6237 -0.2684
vn -0.1894 0.9154 -0.3551
vn -0.1494 0.9202 -0.3619
vn -0.0629 0.9206 -0.3855
vn -0.0393 0.9118 -0.4087
vn 0.4408 0.5983 -0.6691
vn 0.4388 0.6033 -0.6660
vn 0.7563 0.0237 -0.6538
vn 0.7637 -0.0000 -0.6456
vn 0.7628 -0.0473 -0.6449
vn 0.7550 -0.0629 -0.6527
vn 0.4243 -0.6364 -0.6442
vn -0.0868 -0.9308 -0.3550
vn 0.4634 -0.8853 0.0379
vn 0.0627 -0.8627 0.5019
vn 0.2204 -0.8661 0.4487
vn 0.1025 -0.8751 0.4730
vn -0.3616 -0.5581 0.7469
vn -0.6829 -0.0235 0.7301
vn -0.6912 -0.0000 0.7227
vn -0.6907 0.0393 0.7221
vn -0.6857 0.0632 0.7251
vn -0.3476 0.5924 0.7268
vn 0.0862 0.8782 0.4704
vn 0.1258 0.8889 0.4405
vn 0.2039 0.8863 0.4157
vn 0.2444 0.8750 0.4178
vn 0.7400 0.5668 0.3621
vn 0.9857 0.0316 0.1655
vn 0.9874 0.0079 0.1580
vn 0.9870 -0.0316 0.1579
vn 0.9847 -0.0552 0.1655
vn 0.7251 -0.5754 0.3783
vn 0.7252 -0.5753 0.3783
vn 0.2205 -0.8660 0.4489
vn 0.1812 -0.8748 0.4492
vn 0.0320 0.9883 -0.1490
vn 0.0321 0.9882 -0.1495
vn 0.0321 0.9883 -0.1493
vn 0.2101 -0.0000 -0.9777
vn 0.0786 -0.9511 -0.2987
vn 0.2517 -0.0000 -0.9678
vn 0.2518 -0.0000 -0.9678
vn 0.0651 -0.9508 -0.3029
vn -0.2490 0.1009 0.9632
vn 0.0236 0.1261 0.9917
vn -0.3929 -0.9193 0.0236
vn -0.5511 -0.7085 0.4408
vn -0.7223 -0.6909 -0.0313
vn -0.8058 0.0947 0.5846
vn -0.7262 -0.6867 -0.0316
vn -0.7331 0.3863 0.5597
vn 0.0236 0.1260 0.9917
vn -0.9999 0.0079 -0.0079
vn 0.0236 0.1258 0.9918
vn -0.7260 -0.6866 -0.0393
vn -0.3556 0.8851 0.3003
vn -0.3699 0.9285 0.0315
vn -0.9195 0.3930 0.0079
vn -0.3630 0.9312 0.0316
vn -0.9125 0.4091 0.0079
vn -0.0315 0.9987 0.0393
vn -0.3631 0.9312 0.0316
vn -0.0314 0.9987 0.0393
vn -0.9998 0.0079 -0.0158
vn -0.7260 -0.6865 -0.0395
vn -0.9998 0.0079 -0.0157
vn -0.7297 -0.6826 -0.0392
vn -0.3630 0.9313 0.0316
vn -0.9696 0.2445 -0.0000
vn 0.2351 -0.7681 -0.5956
vn -0.9021 0.4315 0.0078
vn -0.9082 0.4185 0.0079
vn 0.1806 -0.5813 -0.7934
vn 0.1890 -0.2916 -0.9377
vn -0.8120 0.5834 0.0158
vn -0.3629 0.9310 0.0394
vn -0.4023 0.9150 0.0316
vn 0.3230 -0.0473 -0.9452
vn 0.4561 0.0393 -0.8890
vn -0.1490 0.9881 0.0392
vn -0.0314 0.9984 0.0472
vn -0.1025 0.9940 0.0394
vn -0.0236 0.9986 0.0472
vn -0.0236 0.9986 0.0471
vn -0.1259 0.9913 0.0393
vn 0.1338 0.8490 -0.5111
vn 0.1026 0.8523 -0.5129
vn 0.1104 0.7411 -0.6623
vn 0.1423 0.7117 -0.6879
vn 0.0710 -0.5678 -0.8201
vn 0.7017 0.6308 -0.3312
vn 0.0473 -0.6862 -0.7258
vn -0.0841 -0.9283 0.3621
vn 0.6911 0.4869 -0.5341
vn 0.8753 0.4416 -0.1971
vn -0.1337 -0.8491 0.5110
vn -0.1022 -0.8488 0.5187
vn 0.8646 0.3007 -0.4026
vn -0.1260 -0.9139 0.3859
vn -0.6983 -0.6355 0.3295
vn 0.9756 0.2124 -0.0551
vn -0.6693 -0.7244 0.1652
vn -0.8753 -0.4416 0.1971
vn -0.0000 -0.5745 -0.8185
vn -0.8437 -0.5362 0.0237
vn 0.0079 -0.5363 -0.8440
vn -0.9756 -0.2124 0.0551
vn -0.0237 -0.5213 -0.8530
vn -0.9429 -0.3143 -0.1100
vn -0.9629 -0.0947 -0.2526
vn -0.9969 0.0079 -0.0785
vn -0.0000 -0.5029 -0.8643
vn 0.9582 0.0785 -0.2750
vn 0.9830 -0.1337 -0.1259
vn 0.9968 -0.0157 0.0785
vn -0.0236 -0.4721 -0.8812
vn -0.9232 0.1263 -0.3630
vn -0.9519 0.2281 -0.2045
vn 0.9353 -0.3537 -0.0079
vn 0.9478 -0.2370 0.2133
vn -0.8039 0.3389 -0.4887
vn -0.8337 0.4482 -0.3225
vn 0.0159 -0.4660 -0.8846
vn 0.8165 -0.5653 0.1178
vn 0.8261 -0.4564 0.3305
vn -0.6159 0.5370 -0.5764
vn -0.6364 0.6442 -0.4243
vn -0.0868 0.8591 -0.5045
vn 0.0157 -0.4250 -0.9051
vn -0.0708 0.7865 -0.6135
vn -0.0474 0.8613 -0.5058
vn -0.0315 0.7633 -0.6453
vn 0.0629 -0.2990 -0.9522
vn 0.0784 -0.5255 -0.8472
vn 0.6246 -0.7512 0.2135
vn 0.6284 -0.6520 0.4242
vn 0.0711 -0.8605 0.5045
vn 0.0868 -0.9475 0.3079
vn 0.0573 -0.9301 0.3627
vn 0.0474 -0.8614 0.5058
vn 0.5854 -0.8097 0.0423
vn 0.1883 -0.9102 0.3688
vn 0.1500 -0.7975 0.5843
vn 0.0474 -0.9072 0.4180
vn -0.0708 -0.9201 -0.3853
vn -0.2532 -0.4827 0.8384
vn -0.5656 -0.8246 -0.0119
vn -0.2123 -0.9197 -0.3302
vn -0.2362 -0.8109 -0.5354
vn -0.7079 -0.5034 -0.4955
vn 0.6715 -0.6658 0.3254
vn -0.4166 -0.5897 0.6919
vn -0.6817 -0.6833 0.2616
vn -0.7488 -0.5990 -0.2837
vn 0.6479 -0.2604 0.7158
vn -0.7524 -0.0236 0.6583
vn -0.7524 -0.0235 0.6583
vn -0.2532 -0.4825 0.8385
vn -0.5834 0.0077 0.8121
vn -0.5830 0.0395 0.8115
vn -0.7054 -0.2778 0.6521
vn -0.9975 -0.0314 -0.0629
vn -0.9563 -0.0079 -0.2923
vn -0.7079 -0.5033 -0.4955
vn -0.9560 0.0237 -0.2923
vn -0.9965 0.0549 -0.0628
vn -0.6915 0.5028 -0.5186
vn 0.5369 0.0221 0.8434
vn -0.7516 0.0633 0.6566
vn -0.2441 0.5196 0.8188
vn -0.7515 0.0634 0.6566
vn -0.5830 0.0393 0.8115
vn -0.7121 0.2846 0.6418
vn -0.7329 0.6069 -0.3073
vn 0.6411 0.3021 0.7055
vn -0.4024 0.6232 0.6706
vn -0.2441 0.5197 0.8187
vn 0.0708 0.9200 0.3853
vn 0.1655 0.8120 0.5597
vn 0.2362 0.8109 0.5354
vn -0.6981 0.6759 0.2364
vn -0.1883 0.9102 -0.3688
vn -0.2127 0.7956 -0.5673
vn -0.6915 0.5029 -0.5187
vn -0.1500 0.7975 -0.5843
vn -0.0473 0.9072 -0.4181
vn 0.2531 0.4825 -0.8385
vn 0.5656 0.8246 0.0120
vn 0.2122 0.9198 0.3301
vn 0.2362 0.8109 0.5353
vn 0.7079 0.5034 0.4955
vn 0.2121 0.9198 0.3301
vn -0.6717 0.6656 -0.3252
vn 0.4167 0.5897 -0.6918
vn 0.6818 0.6832 -0.2616
vn 0.7486 0.5992 0.2838
vn -0.6484 0.2600 -0.7156
vn 0.7524 0.0235 -0.6583
vn 0.2531 0.4826 -0.8385
vn 0.5835 -0.0079 -0.8121
vn 0.5830 -0.0393 -0.8115
vn 0.7054 0.2776 -0.6522
vn 0.9975 0.0313 0.0628
vn 0.7079 0.5034 0.4954
vn 0.9563 0.0079 0.2924
vn 0.9560 -0.0237 0.2923
vn -0.5375 -0.0221 -0.8430
vn 0.6142 -0.0073 -0.7891
vn 0.9965 -0.0550 0.0627
vn 0.0474 -0.0180 -0.9987
vn 0.7122 -0.2847 -0.6416
vn 0.7123 -0.2845 -0.6416
vn -0.6417 -0.3019 -0.7051
vn 0.7122 -0.2848 -0.6416
vn 0.9965 -0.0549 0.0627
vn 0.7329 -0.6069 0.3074
vn 0.7515 -0.0633 -0.6567
vn 0.6915 -0.5029 0.5186
vn 0.2127 -0.7957 0.5672
vn -0.6551 -0.6932 -0.3005
vn 0.4024 -0.6232 -0.6706
vn 0.2441 -0.5196 -0.8188
vn 0.1501 -0.7975 0.5844
vn 0.1884 -0.9102 0.3688
vn 0.2127 -0.7956 0.5672
vn 0.0474 -0.9072 0.4181
vn -0.2532 -0.4826 0.8385
vn -0.1656 -0.8120 -0.5597
vn -0.4167 -0.5897 0.6918
vn -0.7487 -0.5991 -0.2836
vn -0.7523 -0.0236 0.6584
vn -0.5834 0.0078 0.8122
vn -0.5830 0.0394 0.8116
vn -0.9975 -0.0316 -0.0627
vn -0.6915 0.5029 -0.5186
vn -0.7515 0.0633 0.6567
vn -0.7329 0.6069 -0.3074
vn 0.0708 0.9201 0.3853
vn -0.1499 0.7975 -0.5843
vn -0.0474 0.9072 -0.4180
vn 0.2122 0.9197 0.3302
vn 0.4167 0.5896 -0.6919
vn 0.7487 0.5991 0.2838
vn 0.7524 0.0234 -0.6583
vn 0.5834 -0.0079 -0.8122
vn 0.5830 -0.0394 -0.8115
vn 0.9975 0.0312 0.0628
vn 0.9563 0.0079 0.2923
vn 0.9560 -0.0238 0.2923
vn 0.7515 -0.0632 -0.6567
vn 0.9960 -0.0548 0.0706
vn 0.2440 -0.5196 -0.8188
vn 0.7330 -0.6069 0.3074
vn 0.4023 -0.6233 -0.6706
vn 0.2126 -0.7957 0.5672
vn 0.0473 -0.9072 0.4181
vn -0.0709 -0.9201 -0.3853
vn -0.2531 -0.4826 0.8385
vn -0.1655 -0.8120 -0.5597
vn -0.2122 -0.9197 -0.3302
vn -0.7487 -0.5991 -0.2838
vn -0.7523 -0.0235 0.6584
vn -0.5834 0.0079 0.8122
vn -0.5830 0.0394 0.8115
vn -0.9975 -0.0316 -0.0629
vn -0.9563 -0.0079 -0.2924
vn -0.2440 0.5196 0.8188
vn -0.4024 0.6231 0.6706
vn 0.1656 0.8120 0.5597
vn -0.1500 0.7975 -0.5844
vn 0.2530 0.4826 -0.8385
vn 0.7487 0.5991 0.2837
vn 0.5834 -0.0080 -0.8122
vn 0.7516 -0.0633 -0.6566
vn 0.2440 -0.5197 -0.8188
vn 0.4024 -0.6233 -0.6705
vn 0.1501 -0.7975 0.5843
vn 0.2127 -0.7957 0.5671
vn -0.0707 -0.9201 -0.3853
vn -0.2530 -0.4826 0.8385
vn -0.5657 -0.8246 -0.0119
vn 0.6714 -0.6658 0.3254
vn -0.4167 -0.5896 0.6919
vn -0.5835 0.0078 0.8121
vn -0.9975 -0.0315 -0.0629
vn -0.7055 -0.2776 0.6521
vn -0.9560 0.0236 -0.2923
vn -0.6142 0.0073 0.7891
vn -0.7122 0.2847 0.6417
vn -0.4023 0.6232 0.6707
vn 0.0708 0.9201 0.3852
vn 0.2361 0.8109 0.5354
vn -0.1883 0.9102 -0.3689
vn -0.6981 0.6758 0.2365
vn -0.2127 0.7956 -0.5672
vn -0.5852 0.8098 -0.0423
vn -0.0474 0.9072 -0.4181
vn -0.6715 0.6655 -0.3258
vn 0.2362 0.8109 0.5355
vn -0.6487 0.2599 -0.7153
vn 0.5834 -0.0079 -0.8121
vn 0.7056 0.2787 -0.6515
vn 0.7516 -0.0632 -0.6566
vn 0.9960 -0.0547 0.0706
vn 0.6916 -0.5029 0.5185
vn -0.6421 -0.3017 -0.7048
vn 0.7124 -0.2857 -0.6410
vn 0.7330 -0.6069 0.3073
vn 0.7330 -0.6068 0.3074
vn -0.6552 -0.6931 -0.3005
vn 0.0483 -0.4005 -0.9150
vn 0.1500 -0.7975 0.5844
vn -0.0866 -0.8973 -0.4329
vn -0.2677 -0.6930 -0.6694
vn -0.2120 -0.6989 -0.6831
vn -0.2292 -0.8930 -0.3874
vn -0.6530 -0.4092 -0.6373
vn -0.7400 -0.5668 -0.3620
vn -0.7523 -0.0235 0.6583
vn -0.5834 0.0078 0.8121
vn -0.9925 -0.0315 -0.1182
vn -0.8896 -0.0080 -0.4566
vn -0.8895 0.0157 -0.4566
vn -0.9915 0.0551 -0.1180
vn -0.6394 0.4026 -0.6551
vn -0.7516 0.0634 0.6566
vn -0.7229 0.5737 -0.3851
vn -0.4024 0.6231 0.6707
vn -0.2053 0.8847 -0.4186
vn -0.2517 0.6764 -0.6922
vn 0.2122 0.9198 0.3302
vn -0.0631 0.8830 -0.4651
vn -0.1969 0.6773 -0.7088
vn 0.1261 0.3862 -0.9138
vn 0.3633 0.5527 -0.7500
vn 0.7148 0.0156 -0.6992
vn 0.4249 -0.0078 -0.9052
vn 0.4247 -0.0393 -0.9045
vn 0.9975 0.0312 0.0627
vn 0.7135 -0.0627 -0.6978
vn 0.1180 -0.4251 -0.8974
vn 0.3456 -0.5890 -0.7304
vn -0.2485 0.9433 0.2199
vn 0.1882 0.9801 0.0627
vn -0.2673 0.4088 0.8726
vn -0.2523 0.3155 0.9148
vn -0.2828 0.2749 0.9190
vn 0.1882 0.9801 0.0629
vn 0.1881 0.9801 0.0627
vn -0.1423 0.0632 -0.9878
vn 0.1882 0.9801 0.0626
vn -0.2508 0.2587 0.9328
vn -0.2832 0.2675 0.9210
vn -0.1413 0.0393 -0.9892
vn -0.1414 0.0157 -0.9898
vn -0.8896 0.4566 0.0079
vn -0.8928 0.4504 0.0079
vn -0.1491 0.0157 -0.9887
vn -0.1579 0.0237 -0.9872
vn -0.1581 0.0237 -0.9871
vn -0.1657 0.0158 -0.9861
vn -0.1657 0.0158 -0.9860
vn -0.2514 0.2513 0.9347
vn -0.2839 0.2603 0.9228
vn -0.9095 0.4156 0.0079
vn -0.2518 0.2440 0.9365
vn -0.2846 0.2530 0.9247
vn -0.9223 0.3863 0.0079
vn -0.9223 0.3863 0.0080
vn -0.2523 0.2366 0.9383
vn -0.2830 0.2437 0.9276
vn -0.1656 0.0158 -0.9861
vn -0.1656 0.0079 -0.9862
vn -0.2523 0.2365 0.9383
vn -0.2836 0.2363 0.9294
vn -0.1580 0.0079 -0.9874
vn -0.1580 -0.0000 -0.9874
vn -0.9327 0.3605 0.0077
vn -0.1580 -0.0079 -0.9874
vn -0.9438 0.3304 0.0078
vn -0.9353 0.3537 0.0078
vn -0.9438 0.3303 0.0080
vn -0.9518 0.3068 0.0078
vn -0.1581 -0.0081 -0.9874
vn -0.9540 0.2996 0.0079
vn -0.9517 0.3068 0.0079
vn -0.2514 0.2199 0.9426
vn -0.2913 0.2283 0.9290
vn -0.2518 0.2124 0.9442
vn -0.1968 0.1968 0.9605
vn -0.2918 0.2208 0.9306
vn -0.2362 -0.8109 -0.5355
vn -0.7078 -0.5034 -0.4955
vn 0.0631 -0.8830 0.4651
vn 0.2054 -0.8846 0.4186
vn 0.2517 -0.6764 0.6922
vn 0.1969 -0.6773 0.7089
vn -0.1259 -0.3860 0.9139
vn -0.3632 -0.5527 0.7501
vn -0.7488 -0.5991 -0.2837
vn -0.7148 -0.0157 0.6992
vn -0.4250 0.0079 0.9052
vn -0.4246 0.0392 0.9045
vn -0.9975 -0.0314 -0.0628
vn -0.7174 0.0631 0.6938
vn -0.1181 0.4252 0.8974
vn -0.3457 0.5891 0.7304
vn 0.0866 0.8973 0.4328
vn 0.2120 0.6988 0.6831
vn 0.2677 0.6930 0.6694
vn 0.2292 0.8930 0.3873
vn 0.6531 0.4091 0.6372
vn 0.4168 0.5896 -0.6919
vn 0.7400 0.5669 0.3620
vn 0.7523 0.0234 -0.6584
vn 0.9925 0.0315 0.1180
vn 0.8896 0.0080 0.4566
vn 0.8895 -0.0159 0.4566
vn 0.9915 -0.0551 0.1180
vn 0.6394 -0.4026 0.6550
vn 0.7230 -0.5736 0.3850
vn -0.4299 0.2012 0.8802
vn -0.2769 0.1503 0.9491
vn -0.2842 0.1500 0.9470
vn -0.9534 0.3018 -0.0001
vn -0.9518 0.3068 -0.0000
vn -0.9414 0.3373 -0.0000
vn -0.3000 0.1658 0.9394
vn -0.2992 0.0551 -0.9526
vn -0.3158 0.0553 -0.9472
vn -0.9405 0.3398 -0.0000
vn -0.3388 0.0788 -0.9376
vn -0.9317 0.3632 -0.0000
vn -0.3158 0.1815 0.9313
vn -0.3548 0.0946 -0.9302
vn -0.9195 0.3930 -0.0000
vn -0.3312 0.1972 0.9227
vn -0.3637 0.1107 -0.9249
vn -0.3465 0.2126 0.9136
vn -0.3767 0.1255 -0.9178
vn -0.9007 0.4345 -0.0000
vn -0.3704 0.2364 0.8983
vn -0.3764 0.2431 0.8940
vn -0.3947 0.1421 -0.9077
vn -0.4103 0.1499 -0.8995
vn -0.8928 0.4504 -0.0000
vn -0.7276 0.6407 -0.2452
vn -0.8928 0.4505 -0.0000
vn -0.7265 0.6871 0.0079
vn -0.1976 0.9802 0.0078
vn -0.4091 0.6608 -0.6293
vn -0.5029 0.8643 0.0078
vn -0.1961 0.9805 0.0155
vn -0.4898 -0.2133 -0.8453
vn -0.5029 0.8643 0.0079
vn -0.1957 0.9805 0.0160
vn -0.7708 0.6371 -0.0000
vn -0.4413 -0.4571 -0.7722
vn -0.5028 0.8643 0.0157
vn -0.1961 0.9805 0.0157
vn -0.9463 0.3233 -0.0079
vn -0.8340 -0.5508 -0.0315
vn -0.9487 0.3163 -0.0000
vn -0.8343 -0.5510 -0.0157
vn -0.8344 0.5510 0.0079
vn -0.8283 -0.5602 -0.0079
vn -0.8381 0.5455 0.0079
vn -0.8222 -0.5691 -0.0081
vn -0.8403 0.5420 0.0079
vn -0.9591 0.2830 0.0079
vn -0.8184 -0.5745 -0.0079
vn -0.8121 -0.5835 -0.0000
vn -0.8185 0.5745 0.0079
vn -0.4659 -0.2053 0.8607
vn -0.2286 -0.2601 0.9381
vn -0.5028 0.8642 0.0158
vn -0.2439 0.7240 0.6452
vn -0.4312 -0.0313 0.9017
vn -0.2355 -0.1098 0.9656
vn -0.0156 0.9994 0.0315
vn -0.9790 -0.1658 0.1183
vn -0.5599 -0.0237 0.8282
vn -0.9825 -0.1651 -0.0865
vn -0.0392 0.9987 0.0315
vn -0.5363 -0.0079 -0.8440
vn -0.8114 0.3545 0.4648
vn -0.7689 0.3138 -0.5571
vn -0.9810 0.1805 -0.0706
vn -0.0785 0.9964 0.0313
vn -0.0553 0.0711 0.9959
vn -0.0784 0.9962 0.0392
vn -0.8358 0.3154 0.4494
vn -0.9975 0.0707 -0.0079
vn -0.0392 0.0706 0.9967
vn -0.0868 0.9954 0.0395
vn -0.8535 0.3398 0.3951
vn -0.9985 0.0550 -0.0079
vn -0.0314 0.0707 0.9970
vn -0.1026 0.9939 0.0395
vn -0.8677 0.3707 0.3312
vn -0.9974 0.0706 -0.0157
vn -0.8800 0.3928 0.2671
vn -0.0393 0.0707 0.9967
vn -0.8788 0.4237 0.2196
vn -0.0474 0.0791 0.9957
vn -0.8821 0.4411 0.1654
vn -0.0787 0.0945 0.9924
vn -0.1021 0.1021 0.9895
vn -0.8720 0.4635 0.1571
vn -0.5741 0.0393 0.8178
vn -0.7808 0.6230 0.0473
vn -0.3854 0.7629 -0.5191
vn -0.6671 0.7299 -0.1491
vn -0.8204 -0.4418 0.3629
vn 0.1263 0.8841 -0.4499
vn -0.6376 0.7557 -0.1496
vn 0.0158 0.8763 -0.4815
vn -0.8323 -0.4397 0.3376
vn -0.7215 0.6744 -0.1569
vn -0.5754 0.8041 -0.1498
vn -0.8493 -0.4404 0.2910
vn -0.5110 0.8491 -0.1337
vn -0.8660 -0.4489 0.2204
vn -0.4786 0.8711 -0.1099
vn -0.8761 -0.4499 0.1736
vn -0.4636 0.8801 -0.1022
vn -0.8812 -0.4486 0.1495
vn -0.5500 0.8328 -0.0628
vn -0.9287 -0.3541 0.1102
vn -0.5355 0.8427 -0.0551
vn -0.9210 -0.3779 0.0945
vn -0.5358 0.8430 -0.0472
vn -0.9126 -0.4012 0.0786
vn -0.5452 0.8377 -0.0316
vn -0.8988 -0.4337 0.0631
vn -0.5743 0.8183 -0.0236
vn -0.8754 -0.4811 0.0473
vn -0.8374 -0.5452 0.0395
vn -0.6237 0.7815 -0.0158
vn -0.7845 -0.6197 0.0235
vn -0.6912 0.7226 -0.0078
vn -0.7149 -0.6992 0.0079
vn -0.7816 0.6238 -0.0000
vn -0.8404 0.5420 -0.0000
vn -0.6789 -0.7342 -0.0079
vn -0.6704 -0.7414 -0.0315
vn -0.8677 0.4970 -0.0079
vn -0.7830 -0.4113 -0.4666
vn -0.8730 0.4877 -0.0078
vn -0.8591 0.5045 -0.0866
vn -0.8892 0.4564 -0.0315
vn -0.2050 0.0473 -0.9776
vn -0.8926 0.4503 -0.0236
vn -0.2124 0.0629 -0.9752
vn -0.2603 0.0788 -0.9623
vn -0.2985 0.0864 -0.9505
vn -0.9064 0.4177 0.0631
vn -0.3081 0.0790 -0.9481
vn -0.9160 0.3948 0.0712
vn -0.2918 0.0631 -0.9544
vn -0.9290 0.3701 -0.0000
vn -0.2755 0.0472 -0.9601
vn -0.9391 0.3393 -0.0551
vn -0.2922 0.0395 -0.9556
vn -0.9492 0.3138 -0.0235
vn -0.3300 0.0471 -0.9428
vn -0.9165 0.3950 -0.0632
vn -0.7142 0.6592 -0.2354
vn -0.4955 0.8337 -0.2438
vn -0.8906 0.4020 -0.2128
vn -0.8750 -0.2917 0.3864
vn -0.1657 0.0079 -0.9862
vn -0.8751 -0.2917 0.3862
vn -0.8726 0.4088 -0.2673
vn -0.8589 -0.3073 0.4097
vn -0.1182 -0.0000 -0.9930
vn -0.7234 0.6684 -0.1730
vn -0.1026 -0.0079 -0.9947
vn -0.8474 -0.2982 0.4394
vn -0.8651 0.3775 -0.3303
vn -0.7393 0.6528 -0.1651
vn -0.8274 -0.3152 0.4649
vn -0.8561 0.3535 -0.3770
vn -0.7698 0.6206 -0.1493
vn -0.1026 -0.0158 -0.9946
vn -0.7876 -0.3544 0.5041
vn -0.8419 0.3226 -0.4327
vn -0.8172 0.5658 -0.1100
vn -0.7258 -0.4102 0.5522
vn -0.8219 0.2766 -0.4979
vn -0.8630 0.5022 -0.0549
vn -0.1026 -0.0237 -0.9944
vn -0.9052 0.4250 0.0078
vn -0.8016 0.2515 -0.5423
vn -0.6600 -0.4557 0.5972
vn -0.1104 -0.0158 -0.9938
vn -0.9339 0.3533 0.0550
vn -0.6134 -0.4876 0.6213
vn -0.1732 0.9841 0.0395
vn -0.9513 0.2909 0.1022
vn -0.5662 -0.5033 0.6527
vn -0.9835 0.1809 -0.0079
vn -0.9602 0.2361 0.1495
vn -0.1502 0.9879 0.0395
vn -0.5272 -0.5036 0.6845
vn -0.9829 0.1730 0.0629
vn -0.9583 0.1728 0.2278
vn -0.1885 0.9740 0.1257
vn -0.4808 -0.5044 0.7172
vn -0.1885 0.9740 0.1256
vn -0.7674 0.1424 0.6251
vn -0.9829 0.1729 0.0628
vn -0.9437 0.1022 0.3146
vn -0.3635 -0.1659 0.9167
vn -0.4247 -0.5112 0.7472
vn -0.7881 0.1025 0.6069
vn -0.9078 0.0316 0.4183
vn -0.8179 0.0393 0.5741
vn -0.3468 -0.5203 0.7804
vn -0.2750 -0.3692 0.8877
vn -0.8677 -0.0079 0.4970
vn -0.8403 -0.0157 0.5419
vn -0.2828 -0.5027 0.8169
vn -0.2591 -0.4476 0.8559
vn -0.9907 0.1337 -0.0236
vn -0.3545 -0.8586 -0.3702
vn -0.3708 -0.9230 -0.1026
vn -0.3154 -0.6387 -0.7018
vn -0.9909 0.1337 -0.0157
vn -0.9879 0.1501 -0.0395
vn -0.3690 -0.9267 -0.0707
vn -0.2596 -0.3775 -0.8889
vn -0.9829 0.1730 -0.0628
vn -0.9834 0.1731 0.0549
vn -0.1967 -0.0945 -0.9759
vn -0.4170 -0.9048 0.0865
vn -0.9763 0.2047 -0.0709
vn -0.9665 0.2279 0.1179
vn -0.1575 0.0709 -0.9850
vn -0.4811 -0.0474 0.8754
vn -0.9726 0.2213 -0.0712
vn -0.4271 0.1819 0.8857
vn -0.1254 0.2351 -0.9639
vn -0.9715 0.2054 0.1185
vn -0.9696 0.2365 -0.0630
vn 0.0158 0.9887 0.1491
vn -0.0551 0.5114 -0.8576
vn -0.9614 0.2679 0.0630
vn -0.9618 0.2681 -0.0552
vn 0.0707 0.9975 -0.0000
vn 0.0001 0.7565 -0.6540
vn -0.9517 0.3068 -0.0079
vn -0.9555 0.2922 -0.0395
vn -0.9518 0.3068 -0.0079
vn 0.0551 0.9503 -0.3063
vn 0.0784 0.9961 -0.0392
vn -0.9517 0.3067 -0.0157
vn -0.4804 -0.8742 0.0709
vn -0.9677 0.2517 -0.0157
vn -0.9670 0.2517 -0.0393
vn -0.9667 0.2515 -0.0472
vn -0.4811 -0.8675 0.1262
vn -0.4336 -0.8673 -0.2444
vn -0.9692 0.2443 -0.0315
vn -0.0393 -0.1181 -0.9922
vn -0.4570 -0.7327 0.5042
vn -0.9763 0.2126 0.0394
vn -0.3936 -0.4330 0.8109
vn -0.9805 0.1961 0.0157
vn -0.9726 0.2293 -0.0395
vn 0.0315 0.1732 -0.9844
vn -0.3161 -0.1263 0.9403
vn -0.9856 0.1498 -0.0788
vn -0.9747 0.2201 -0.0393
vn -0.0079 0.9802 -0.1976
vn -0.2756 0.0237 0.9610
vn -0.0632 0.9878 0.1421
vn -0.9763 0.2126 -0.0394
vn -0.9819 0.1885 -0.0157
vn -0.2440 0.1811 0.9527
vn -0.9833 0.1811 -0.0157
vn -0.9779 0.2051 -0.0394
vn -0.0631 0.9798 0.1897
vn -0.1814 0.5048 0.8440
vn -0.9818 0.1885 -0.0235
vn -0.9795 0.1975 -0.0395
vn -0.1183 0.8201 0.5599
vn 0.2834 -0.2048 -0.9369
vn 0.3545 -0.9217 0.1576
vn -0.4089 -0.9121 0.0314
vn 0.4012 -0.9126 0.0787
vn 0.4028 -0.3870 -0.8294
vn -0.4244 -0.9038 0.0550
vn 0.4190 -0.9012 0.1107
vn -0.5118 -0.8582 0.0393
vn -0.4632 -0.8794 0.1100
vn 0.5191 -0.7629 0.3854
vn -0.5344 -0.8408 0.0864
vn -0.0394 -0.8433 0.5359
vn 0.6243 -0.4899 0.6085
vn -0.4978 -0.8612 0.1027
vn -0.4791 -0.8718 0.1021
vn 0.0944 -0.5667 0.8185
vn 0.6788 -0.2604 0.6866
vn -0.3077 -0.7574 0.5759
vn -0.8299 -0.5217 0.1976
vn -0.8298 -0.5218 0.1976
vn -0.8336 -0.5191 0.1887
vn -0.8336 -0.5191 0.1888
vn -0.8265 -0.5274 0.1969
vn -0.2436 -0.6286 0.7386
vn 0.1103 -0.1813 0.9772
vn -0.1101 -0.0787 0.9908
vn 0.1025 -0.0552 0.9932
vn 0.7027 -0.1105 0.7028
vn 0.7178 -0.0552 0.6941
vn -0.0948 -0.0158 0.9954
vn -0.9526 0.1102 0.2834
vn -0.9566 0.1176 0.2666
vn -0.9434 0.1730 0.2830
vn -0.9294 0.2363 0.2835
vn -0.9401 0.2370 0.2449
vn -0.0869 0.0474 0.9951
vn -0.5756 0.7804 0.2445
vn 0.1576 0.0631 0.9855
vn 0.7555 0.1810 0.6296
vn -0.0001 0.6237 0.7816
vn 0.2828 0.4321 0.8563
vn 0.7632 0.4798 0.4327
vn -0.5755 0.7804 0.2444
vn -0.0079 0.7778 0.6285
vn 0.2689 0.7590 0.5930
vn -0.1180 0.9829 0.1416
vn 0.7244 0.6692 0.1654
vn -0.1257 0.9819 0.1415
vn -0.0863 0.9893 0.1178
vn 0.7163 0.6848 0.1338
vn -0.1257 0.9819 0.1414
vn -0.5754 0.7805 0.2444
vn -0.5829 0.7798 0.2284
vn -0.5817 0.7784 0.2359
vn -0.1258 0.9830 0.1337
vn -0.5937 0.7838 0.1821
vn -0.9499 0.2433 0.1963
vn -0.1261 0.9849 0.1182
vn -0.5960 0.7842 0.1725
vn -0.6008 0.7905 0.1186
vn -0.1185 0.9876 0.1027
vn -0.1265 0.9874 0.0948
vn -0.0709 0.9922 0.1023
vn 0.6709 0.7102 0.2131
vn 0.3549 0.1499 -0.9228
vn 0.5266 0.2594 -0.8096
vn 0.8278 -0.5282 -0.1892
vn -0.1255 0.9883 0.0863
vn 0.9665 0.1966 -0.1650
vn 0.8779 -0.4783 -0.0235
vn -0.1257 0.9901 0.0628
vn -0.1258 0.9905 0.0550
vn 0.9930 0.1182 -0.0000
vn 0.9961 0.0870 0.0158
vn 0.8896 -0.4567 0.0008
vn 0.9960 0.0863 0.0235
vn 0.8927 -0.4505 0.0101
vn -0.1257 0.9909 0.0472
vn 0.9935 0.0946 0.0631
vn 0.8887 -0.4561 0.0472
vn -0.1258 0.9913 0.0393
vn 0.9565 0.1489 0.2509
vn 0.8278 -0.5124 0.2286
vn -0.1259 0.9909 0.0472
vn -0.1181 0.9925 0.0315
vn 0.5582 0.1415 0.8175
vn 0.4562 -0.4011 0.7943
vn 0.3709 -0.2842 0.8841
vn 0.4400 0.0630 0.8958
vn -0.0550 0.9980 0.0314
vn 0.6787 0.7340 -0.0237
vn -0.1180 0.9925 0.0315
vn -0.0784 0.9969 -0.0078
vn 0.6952 0.7188 0.0079
vn -0.1259 0.9918 0.0236
vn -0.1259 0.9913 0.0394
vn -0.1260 0.9920 0.0079
vn -0.6323 0.7747 0.0079
vn -0.6236 0.7814 0.0237
vn -0.6455 0.7637 -0.0079
vn -0.6324 0.7746 0.0079
vn -0.6145 0.7879 0.0394
vn -0.6053 0.7941 0.0550
vn -0.6054 0.7940 0.0550
vn -0.6014 0.7912 0.1108
vn -0.9657 0.2591 0.0157
vn -0.9673 0.2516 0.0315
vn -0.9624 0.2446 0.1183
vn -0.9915 0.1259 0.0315
vn -0.9858 0.1262 0.1104
vn -0.9735 0.1177 0.1963
vn -0.8491 -0.5110 0.1337
vn -0.8567 -0.5109 0.0708
vn -0.8469 -0.5145 0.1346
vn -0.8546 -0.5144 0.0712
vn -0.5678 -0.8201 0.0710
vn -0.5653 -0.8243 0.0314
vn -0.8588 -0.5122 0.0079
vn -0.8589 -0.5120 0.0079
vn -0.5362 -0.8438 0.0237
vn -0.5656 -0.8247 -0.0000
vn -0.5363 -0.8440 -0.0079
vn -0.8643 -0.5029 -0.0079
vn -0.5656 -0.8247 -0.0079
vn -0.5654 -0.8245 -0.0236
vn -0.5361 -0.8438 -0.0237
vn -0.5361 -0.8436 -0.0315
vn -0.5269 -0.8494 -0.0315
vn -0.5653 -0.8243 -0.0314
vn -0.5061 -0.8619 -0.0316
vn -0.5686 -0.8212 -0.0474
vn -0.3860 -0.9219 -0.0314
vn 0.3552 -0.9315 -0.0789
vn -0.8759 -0.4814 -0.0316
vn -0.4102 -0.9071 -0.0947
vn 0.3762 -0.9249 -0.0549
vn -0.5678 -0.8201 -0.0710
vn -0.8802 -0.4715 -0.0550
vn -0.5564 -0.8226 -0.1175
vn -0.8675 -0.4969 -0.0237
vn -0.8826 -0.4570 -0.1103
vn -0.5121 -0.8508 -0.1182
vn -0.8722 -0.4479 -0.1965
vn -0.4562 -0.8810 -0.1258
vn 0.3711 -0.9237 -0.0947
vn -0.8593 -0.4493 -0.2444
vn -0.4562 -0.8809 -0.1259
vn 0.3687 -0.8631 -0.3453
vn -0.4969 -0.8597 -0.1183
vn 0.5041 -0.6301 -0.5907
vn -0.4723 -0.8735 -0.1181
vn -0.8430 -0.4570 -0.2836
vn -0.1104 -0.7106 -0.6948
vn -0.3386 -0.6614 -0.6692
vn 0.1098 -0.4787 -0.8711
vn 0.6373 -0.4091 -0.6531
vn 0.7112 -0.2529 -0.6559
vn -0.8430 -0.4571 -0.2836
vn 0.1415 -0.1729 -0.9747
vn 0.7402 -0.1575 -0.6537
vn -0.2367 -0.5443 -0.8048
vn 0.1810 -0.0000 -0.9835
vn 0.7636 0.0157 -0.6455
vn -0.0868 -0.0631 -0.9942
vn 0.2128 0.1734 -0.9616
vn 0.7555 0.1810 -0.6296
vn -0.0629 0.0471 -0.9969
vn -0.8430 -0.4571 -0.2837
vn -0.9320 0.1264 -0.3398
vn -0.9470 0.1341 -0.2920
vn -0.8705 -0.4548 -0.1882
vn -0.9630 0.1421 -0.2289
vn -0.9217 0.1891 -0.3387
vn -0.9226 0.2524 -0.2918
vn -0.9064 0.2522 -0.3389
vn -0.0394 0.1579 -0.9867
vn -0.6079 0.7578 -0.2370
vn -0.0000 0.6456 -0.7637
vn 0.2928 0.4590 -0.8388
vn 0.7148 0.4320 -0.5499
vn -0.6117 0.7528 -0.2431
vn 0.1650 0.7466 -0.6445
vn 0.6686 0.6843 -0.2910
vn -0.0629 0.7869 -0.6138
vn -0.1182 0.9925 -0.0315
vn 0.6909 0.7223 -0.0314
vn -0.1181 0.9925 -0.0315
vn -0.1259 0.9915 -0.0314
vn -0.1259 0.9915 -0.0315
vn -0.1259 0.9918 -0.0236
vn -0.6220 0.7558 -0.2047
vn -0.6439 0.7618 -0.0707
vn -0.6376 0.7557 -0.1495
vn -0.9444 0.2440 -0.2204
vn -0.6440 0.7617 -0.0707
vn -0.9565 0.2509 -0.1490
vn -0.9773 0.1418 -0.1576
vn -0.6456 0.7636 -0.0079
vn -0.9878 0.1342 -0.0790
vn -0.9648 0.2510 -0.0784
vn -0.9915 0.1259 -0.0315
vn -0.8675 -0.4968 -0.0237
vn -0.9673 0.2517 -0.0315
vn -0.9929 0.1181 -0.0158
vn -0.9658 0.2592 -0.0078
vn 0.0315 -0.0157 -0.9994
vn 0.2924 -0.0158 -0.9562
vn 0.5599 -0.0315 -0.8280
vn 0.7339 -0.0237 -0.6788
vn 0.4022 -0.0394 -0.9147
vn 0.3862 -0.0236 -0.9221
vn 0.9996 -0.0236 -0.0157
vn 0.9940 -0.0552 -0.0946
vn 0.9726 -0.0395 0.2293
vn 0.9623 -0.1341 0.2366
vn 0.9520 -0.1337 -0.2754
vn 0.3396 0.1264 -0.9320
vn -0.0866 0.1574 -0.9837
vn 0.9673 -0.2202 0.1258
vn 0.8643 -0.2436 -0.4400
vn 0.3937 0.2598 -0.8818
vn -0.0631 0.2918 -0.9544
vn 0.9484 -0.3161 -0.0237
vn 0.7584 -0.3318 -0.5609
vn 0.3945 0.4969 -0.7730
vn -0.0315 0.5361 -0.8436
vn 0.6940 -0.3470 -0.6309
vn 0.7393 -0.1652 0.6528
vn 0.6156 -0.1026 0.7813
vn 0.8013 -0.2357 0.5499
vn 0.5757 -0.0946 0.8122
vn 0.3862 -0.0236 0.9221
vn 0.2610 -0.0158 0.9652
vn 0.6063 -0.0000 0.7952
vn 0.2441 -0.0473 0.9686
vn -0.2437 0.1887 0.9513
vn -0.0158 0.1104 0.9938
vn 0.2127 -0.0315 0.9766
vn 0.1809 0.0157 0.9834
vn 0.5129 -0.1026 0.8523
vn 0.2052 0.0237 0.9784
vn 0.5511 -0.0000 0.8344
vn 0.1104 0.0158 0.9938
vn 0.4876 -0.0079 0.8730
vn 0.0550 0.0157 0.9984
vn 0.9625 -0.0394 0.2683
vn 0.4566 -0.0157 0.8895
vn 0.0393 0.0079 0.9992
vn 0.9533 -0.0788 0.2915
vn 0.4876 -0.1652 0.8573
vn 0.0472 -0.1731 0.9838
vn 0.9421 -0.1178 0.3140
vn 0.4794 -0.2986 0.8252
vn 0.0471 -0.3300 0.9428
vn 0.9294 -0.2048 0.3072
vn 0.4647 -0.5199 0.7168
vn 0.0393 -0.5741 0.8179
vn 0.3780 0.7321 -0.5668
vn -0.0236 0.7883 -0.6149
vn -0.0079 0.9317 -0.3632
vn 0.9153 -0.3314 0.2288
vn 0.4319 -0.7381 0.5183
vn 0.0157 -0.8147 0.5797
vn 0.4105 0.8525 -0.3237
vn -0.0157 0.9994 -0.0315
vn 0.8910 -0.4337 0.1340
vn 0.3633 -0.8846 0.2922
vn -0.0079 -0.9463 0.3233
vn 0.9431 -0.3301 -0.0393
vn 0.4342 0.8996 -0.0473
vn -0.0158 0.9999 -0.0000
vn 0.3632 -0.9317 0.0079
vn 0.4564 0.8892 -0.0315
vn 0.9449 -0.3227 -0.0551
vn 0.5498 0.8245 0.1335
vn -0.0395 0.9708 0.2368
vn 0.9629 -0.2131 -0.1657
vn 0.6126 0.6989 0.3691
vn -0.0236 0.7950 0.6061
vn 0.4003 -0.8790 -0.2590
vn 0.0316 -0.9710 -0.2369
vn 0.9395 -0.1500 -0.3079
vn 0.4573 -0.6780 -0.5755
vn 0.0474 -0.7981 -0.6006
vn 0.5053 -0.4658 -0.7264
vn 0.0787 -0.5905 -0.8032
vn 0.9386 -0.0631 -0.3392
vn 0.5122 -0.3230 -0.7958
vn 0.1025 -0.4098 -0.9064
vn 0.6605 0.5426 0.5190
vn -0.0470 0.5880 0.8075
vn 0.9397 -0.0395 -0.3396
vn 0.5262 -0.3063 -0.7933
vn 0.1102 -0.4095 -0.9056
vn 0.6941 0.3865 0.6073
vn -0.0868 0.4104 0.9077
vn 0.9555 -0.0395 -0.2922
vn 0.5264 -0.3771 -0.7621
vn 0.1180 -0.4723 -0.8735
vn 0.6305 0.3783 0.6778
vn -0.0866 0.4173 0.9046
vn 0.6062 0.4173 0.6771
vn -0.0943 0.4795 0.8725
vn 0.9588 -0.0707 -0.2751
vn 0.5293 -0.4504 -0.7190
vn 0.1260 -0.5356 -0.8350
vn 0.1332 -0.6267 -0.7678
vn 0.9633 -0.1263 -0.2369
vn 0.5828 0.4489 0.6773
vn -0.1022 0.5427 0.8337
vn 0.5409 -0.5330 -0.6506
vn 0.1416 -0.6921 -0.7078
vn 0.9665 -0.1650 -0.1965
vn 0.5669 0.5117 0.6456
vn -0.1099 0.6286 0.7699
vn 0.5532 0.5690 0.6085
vn -0.1176 0.6903 0.7139
vn 0.9634 -0.1974 -0.1816
vn 0.6386 0.5282 0.5597
vn 0.0944 0.7000 0.7079
vn 0.4177 0.6305 0.6542
vn 0.5346 -0.5897 -0.6054
vn 0.9636 -0.2212 -0.1501
vn 0.7776 0.4163 0.4713
vn 0.6224 0.5042 0.5987
vn 0.5341 -0.6284 -0.5655
vn 0.1415 -0.7232 -0.6760
vn 0.9613 -0.2364 -0.1418
vn 0.7862 0.3695 0.4953
vn 0.6563 0.4112 0.6326
vn 0.5362 -0.6387 -0.5519
vn 0.1338 -0.7240 -0.6767
vn 0.9586 -0.2515 -0.1336
vn 0.7922 0.2823 0.5411
vn 0.6843 0.2910 0.6686
vn 0.5263 -0.6206 -0.5813
vn 0.1261 -0.6855 -0.7170
vn 0.1419 -0.6383 -0.7566
vn 0.9496 -0.2904 -0.1177
vn 0.5208 -0.5997 -0.6076
vn 0.1500 -0.6157 -0.7736
vn 0.9276 -0.3616 -0.0942
vn 0.5125 -0.6072 -0.6072
vn 0.1180 -0.5742 -0.8102
vn 0.7970 0.1815 0.5761
vn 0.8471 -0.5255 -0.0785
vn 0.4814 -0.6392 -0.5998
vn 0.0944 -0.5191 -0.8495
vn 0.7417 0.0079 0.6707
vn 0.6206 0.1493 0.7698
vn 0.7706 -0.6291 -0.1022
vn 0.6530 -0.0551 0.7553
vn 0.5057 0.1264 0.8534
vn 0.4178 -0.6464 -0.6385
vn 0.7397 -0.6610 -0.1259
vn 0.0550 -0.4243 -0.9038
vn -0.2606 -0.1343 -0.9561
vn -0.3793 0.1738 -0.9088
vn 0.4391 -0.6194 -0.6508
vn 0.1022 -0.2598 -0.9602
vn -0.4577 0.3945 -0.7968
vn 0.8013 -0.5813 -0.1414
vn 0.1808 -0.0314 -0.9830
vn -0.4486 0.5745 -0.6846
vn 0.5349 -0.4956 -0.6843
vn 0.2442 0.3232 -0.9143
vn -0.4330 0.6374 -0.6374
vn 0.6611 -0.3069 -0.6847
vn 0.8642 -0.4871 -0.1257
vn 0.5613 -0.0949 0.8222
vn 0.3864 0.1183 0.9147
vn 0.2829 0.0314 0.9586
vn 0.4713 -0.1335 0.8718
vn 0.1974 -0.1341 0.9711
vn 0.3850 -0.2515 0.8880
vn 0.0315 -0.4089 0.9121
vn 0.9196 -0.3772 -0.1100
vn 0.2366 -0.4812 0.8441
vn 0.0078 -0.5419 0.8404
vn 0.7628 -0.0472 -0.6449
vn 0.1964 -0.5971 0.7778
vn 0.0628 -0.6358 0.7693
vn 0.9379 -0.3231 -0.1260
vn 0.7712 0.0944 -0.6296
vn 0.9462 -0.2681 -0.1813
vn 0.2751 -0.6680 0.6915
vn 0.2131 -0.7103 0.6709
vn 0.1974 0.5053 -0.8400
vn 0.4178 -0.7095 0.5676
vn 0.2593 -0.7464 0.6129
vn 0.6585 0.2822 -0.6977
vn 0.1339 0.5908 -0.7956
vn -0.4109 0.6717 -0.6164
vn 0.9503 -0.2121 -0.2278
vn 0.5595 0.4019 -0.7249
vn 0.9508 -0.1807 -0.2515
vn 0.5016 -0.7210 0.4781
vn 0.2510 -0.7687 0.5883
vn 0.5650 0.4393 -0.6984
vn 0.5213 -0.7345 0.4344
vn 0.2054 -0.7904 0.5771
vn 0.9527 -0.1575 -0.2598
vn 0.6209 -0.6996 0.3538
vn 0.7789 -0.5980 0.1888
vn 0.9566 -0.1176 -0.2666
vn 0.9605 -0.1338 -0.2440
vn 0.5911 0.4492 -0.6699
vn 0.6857 0.4019 -0.6069
vn 0.2443 0.6778 -0.6935
vn -0.3851 0.7229 -0.5737
vn -0.3851 0.7229 -0.5736
vn -0.3397 0.7664 -0.5452
vn 0.7343 0.3711 -0.5685
vn 0.3315 0.6788 -0.6552
vn -0.2746 0.8001 -0.5334
vn -0.2119 0.8239 -0.5257
vn 0.9625 -0.1578 -0.2209
vn 0.7628 -0.6134 0.2045
vn 0.7309 0.3929 -0.5580
vn 0.3937 0.6694 -0.6300
vn -0.1647 0.8395 -0.5178
vn 0.9595 -0.2281 -0.1652
vn 0.6976 -0.6740 0.2430
vn 0.7587 0.3794 -0.5295
vn 0.4389 0.6584 -0.6114
vn -0.1338 0.8580 -0.4959
vn 0.9380 -0.3311 -0.1025
vn 0.5926 -0.7506 0.2923
vn 0.8039 0.3389 -0.4887
vn 0.4809 0.6545 -0.5834
vn -0.1099 0.8794 -0.4632
vn 0.9047 -0.4248 -0.0315
vn 0.4717 -0.8176 0.3302
vn 0.8451 0.3002 -0.4423
vn 0.5190 0.6605 -0.5425
vn -0.0943 0.9041 -0.4167
vn 0.8586 -0.5120 0.0236
vn 0.3379 -0.8722 0.3536
vn 0.8808 0.2753 -0.3853
vn 0.5510 0.6769 -0.4880
vn 0.0158 0.9223 -0.3862
vn 0.7978 -0.6003 0.0553
vn 0.2047 -0.9213 0.3307
vn 0.9148 0.2524 -0.3154
vn 0.6293 0.6608 -0.4091
vn 0.3079 0.8918 -0.3315
vn 0.7399 -0.6690 0.0708
vn 0.1101 -0.9594 0.2595
vn 0.9487 0.2195 -0.2274
vn 0.7471 0.5898 -0.3067
vn 0.9736 0.1727 -0.1492
vn 0.7065 -0.7066 0.0393
vn 0.0787 -0.9844 0.1575
vn 0.8252 0.5267 -0.2043
vn 0.8571 0.4954 -0.1415
vn 0.5036 0.8579 -0.1023
vn 0.9874 0.1264 -0.0948
vn 0.8678 0.4892 -0.0868
vn 0.5109 0.8567 -0.0707
vn 0.6949 -0.7187 0.0237
vn 0.0787 -0.9916 0.1023
vn 0.9919 0.1102 -0.0630
vn 0.6988 -0.7146 0.0314
vn 0.0867 -0.9931 0.0788
vn 0.9928 0.1103 -0.0473
vn 0.0947 -0.9940 0.0552
vn 0.8359 0.5443 -0.0710
vn 0.7149 -0.6992 0.0079
vn 0.1026 -0.9942 0.0316
vn 0.9913 0.1259 -0.0393
vn 0.7149 -0.6992 -0.0000
vn 0.1026 -0.9944 0.0237
vn 0.7409 0.6700 -0.0473
vn 0.9897 0.1414 -0.0236
vn 0.7071 -0.7071 -0.0000
vn 0.1026 -0.9947 0.0079
vn 0.6748 0.7376 -0.0235
vn 0.9861 0.1657 -0.0079
vn 0.6623 0.7490 -0.0158
vn 0.6150 0.7885 -0.0000
vn 0.7110 -0.7032 -0.0000
vn 0.1104 -0.9939 -0.0000
vn 0.1104 -0.9936 -0.0236
vn 0.9862 0.1657 -0.0000
vn 0.7707 -0.6371 -0.0157
vn 0.1967 -0.9363 -0.2911
vn 0.6789 0.7343 -0.0000
vn 0.9735 0.2277 0.0235
vn 0.7820 -0.6161 -0.0948
vn 0.2591 -0.7774 -0.5732
vn 0.7024 0.7102 0.0473
vn 0.6700 0.7408 0.0473
vn 0.9294 0.2048 0.3071
vn 0.6786 0.5681 0.4656
vn 0.6224 0.5987 0.5042
vn 0.5666 0.3935 0.7240
vn 0.5112 0.4247 0.7472
vn 0.4473 0.1648 0.8791
vn 0.8366 0.1105 0.5366
vn 0.4083 0.1335 0.9030
vn 0.4334 -0.0709 0.8984
vn 0.7010 -0.0788 0.7088
vn 0.7856 -0.5813 -0.2121
vn 0.2756 -0.5512 -0.7875
vn 0.6449 -0.3067 0.7000
vn 0.4102 -0.0946 0.9071
vn 0.7868 -0.5901 -0.1809
vn 0.3618 -0.4011 -0.8416
vn 0.4942 -0.1569 0.8551
vn 0.3788 -0.0631 0.9233
vn 0.3302 -0.0314 0.9434
vn 0.6959 -0.3400 0.6326
vn 0.7955 -0.5435 -0.2678
vn 0.4316 -0.3845 -0.8160
vn 0.5663 -0.1888 0.8023
vn 0.3301 -0.0393 0.9431
vn 0.7502 -0.3238 0.5765
vn 0.8476 -0.4866 -0.2119
vn 0.5207 -0.3787 -0.7652
vn 0.5841 -0.1894 0.7893
vn 0.3163 -0.0237 0.9484
vn 0.7703 -0.3223 0.5502
vn 0.8809 -0.4562 -0.1258
vn 0.6123 -0.3846 -0.6908
vn 0.5989 -0.1812 0.7801
vn 0.7951 -0.2992 0.5275
vn 0.8990 -0.4258 -0.1025
vn 0.6305 -0.3783 -0.6778
vn 0.5843 -0.1500 0.7975
vn 0.8095 -0.2751 0.5187
vn 0.9119 -0.3931 -0.1180
vn 0.6517 -0.3455 -0.6752
vt 0.009666 0.016113
vt 0.009392 0.016113
vt 0.009727 0.016113
vt 0.014633 0.012695
vt 0.014595 0.013184
vt 0.014633 0.013184
vt 0.014595 0.012695
vt 0.014893 0.013184
vt 0.015022 0.013184
vt 0.014626 0.012695
vt 0.014359 0.013184
vt 0.014488 0.013184
vt 0.015038 0.016602
vt 0.015289 0.016602
vt 0.015198 0.016113
vt 0.014900 0.016602
vt 0.015121 0.016113
vt 0.014809 0.016113
vt 0.015091 0.016113
vt 0.014740 0.016113
vt 0.015076 0.015625
vt 0.014694 0.015625
vt 0.015068 0.015137
vt 0.014595 0.015137
vt 0.014526 0.014648
vt 0.015083 0.014160
vt 0.014481 0.014648
vt 0.014458 0.014160
vt 0.014496 0.014160
vt 0.015083 0.013184
vt 0.014481 0.013184
vt 0.014488 0.012207
vt 0.015167 0.011230
vt 0.014557 0.011230
vt 0.014641 0.010742
vt 0.015152 0.009766
vt 0.014771 0.010254
vt 0.014816 0.009766
vt 0.015068 0.009766
vt 0.014961 0.009766
vt 0.014793 0.009766
vt 0.015106 0.009766
vt 0.015213 0.009766
vt 0.015251 0.009766
vt 0.015282 0.009766
vt 0.014557 0.016602
vt 0.014565 0.016602
vt 0.014534 0.016113
vt 0.014458 0.016113
vt 0.014381 0.015625
vt 0.014313 0.015625
vt 0.014252 0.015137
vt 0.014198 0.015137
vt 0.014168 0.014648
vt 0.014183 0.014648
vt 0.014175 0.014648
vt 0.014160 0.014648
vt 0.014153 0.014160
vt 0.014137 0.014160
vt 0.014122 0.014160
vt 0.014084 0.014160
vt 0.014107 0.013672
vt 0.014091 0.013184
vt 0.014107 0.012207
vt 0.014153 0.011719
vt 0.014183 0.011719
vt 0.014229 0.011230
vt 0.014297 0.010742
vt 0.014374 0.010742
vt 0.014465 0.010254
vt 0.014565 0.010254
vt 0.014610 0.009766
vt 0.014671 0.009766
vt 0.014717 0.009766
vt 0.007587 0.009277
vt 0.007469 0.009277
vt 0.007572 0.009766
vt 0.007717 0.009766
vt 0.007664 0.009766
vt 0.008026 0.011230
vt 0.007957 0.011230
vt 0.008430 0.012695
vt 0.008339 0.012695
vt 0.008728 0.013672
vt 0.008644 0.013672
vt 0.009033 0.015137
vt 0.008965 0.015137
vt 0.009178 0.015137
vt 0.009117 0.015137
vt 0.009270 0.015625
vt 0.009209 0.015625
vt 0.009384 0.015625
vt 0.009323 0.015625
vt 0.009529 0.016113
vt 0.009491 0.016113
vt 0.009697 0.016113
vt 0.009888 0.016113
vt 0.010063 0.016113
vt 0.010696 0.016113
vt 0.015327 0.016113
vt 0.012115 0.016113
vt 0.013535 0.016602
vt 0.014954 0.016602
vt 0.015961 0.016602
vt 0.016205 0.016113
vt 0.016052 0.016602
vt 0.016129 0.016602
vt 0.016220 0.016602
vt 0.016327 0.016113
vt 0.016388 0.016113
vt 0.016464 0.016113
vt 0.016510 0.016113
vt 0.016556 0.016113
vt 0.016617 0.015625
vt 0.016724 0.015625
vt 0.016830 0.015137
vt 0.016815 0.014648
vt 0.016968 0.014648
vt 0.017120 0.014160
vt 0.017090 0.014160
vt 0.017197 0.014160
vt 0.017319 0.013672
vt 0.017441 0.013672
vt 0.017456 0.013672
vt 0.017624 0.013184
vt 0.017792 0.013184
vt 0.017853 0.013184
vt 0.017960 0.013184
vt 0.018341 0.012695
vt 0.018158 0.012695
vt 0.018372 0.012695
vt 0.018600 0.012207
vt 0.018860 0.012207
vt 0.018906 0.012207
vt 0.020096 0.010742
vt 0.019302 0.011719
vt 0.019730 0.011230
vt 0.020126 0.011230
vt 0.020355 0.010742
vt 0.020752 0.010254
vt 0.020584 0.010742
vt 0.020798 0.010254
vt 0.021057 0.010254
vt 0.021118 0.010254
vt 0.021255 0.010254
vt 0.021362 0.009766
vt 0.021378 0.009766
vt 0.021500 0.009766
vt 0.021652 0.009766
vt 0.021606 0.009766
vt 0.021713 0.009766
vt 0.021805 0.009277
vt 0.021835 0.009277
vt 0.021912 0.009277
vt 0.014641 0.013184
vt 0.014679 0.013184
vt 0.014786 0.013184
vt 0.014771 0.013184
vt 0.014633 0.013672
vt 0.014687 0.013672
vt 0.014740 0.013672
vt 0.014587 0.013672
vt 0.014786 0.013672
vt 0.014557 0.013672
vt 0.014816 0.013672
vt 0.014549 0.013672
vt 0.014832 0.013672
vt 0.014832 0.012695
vt 0.014549 0.012695
vt 0.014557 0.012695
vt 0.014816 0.012695
vt 0.014587 0.012695
vt 0.014786 0.012695
vt 0.014740 0.012695
vt 0.014687 0.012695
vt 0.009384 0.016602
vt 0.009354 0.016602
vt 0.009209 0.016602
vt 0.009399 0.016602
vt 0.009178 0.016602
vt 0.009102 0.016602
vt 0.009079 0.016602
vt 0.009010 0.016602
vt 0.014641 0.013672
vt 0.014595 0.013672
vt 0.014565 0.013672
vt 0.014824 0.012695
vt 0.014542 0.012695
vt 0.014809 0.012695
vt 0.014778 0.012695
vt 0.014732 0.012695
vt 0.014709 0.012695
vt 0.014709 0.013184
vt 0.014671 0.013184
vt 0.014542 0.013184
vt 0.014572 0.013184
vt 0.014694 0.013184
vt 0.014839 0.013184
vt 0.014801 0.013184
vt 0.014587 0.013184
vt 0.014687 0.013184
vt 0.014793 0.013184
vt 0.471191 0.832520
vt 0.471191 0.831299
vt 0.472656 0.831055
vt 0.472656 0.833252
vt 0.473389 0.830933
vt 0.471191 0.834229
vt 0.473633 0.833374
vt 0.472656 0.834961
vt 0.471191 0.835815
vt 0.474365 0.831177
vt 0.472656 0.836426
vt 0.470947 0.837769
vt 0.473389 0.835205
vt 0.474121 0.833496
vt 0.472412 0.838379
vt 0.470703 0.839844
vt 0.473389 0.836670
vt 0.471924 0.840576
vt 0.469971 0.845215
vt 0.472900 0.838623
vt 0.471191 0.845703
vt 0.469238 0.850342
vt 0.472656 0.840820
vt 0.470459 0.850830
vt 0.468506 0.855591
vt 0.471924 0.845947
vt 0.469727 0.855957
vt 0.467773 0.860840
vt 0.471191 0.850952
vt 0.469238 0.861206
vt 0.467285 0.865234
vt 0.470459 0.856079
vt 0.468750 0.865601
vt 0.466797 0.869751
vt 0.469971 0.861206
vt 0.468262 0.869995
vt 0.466309 0.878540
vt 0.469482 0.865601
vt 0.467773 0.878662
vt 0.465820 0.890381
vt 0.468994 0.869995
vt 0.469971 0.865601
vt 0.469482 0.869995
vt 0.470459 0.861328
vt 0.501465 0.869995
vt 0.470947 0.856079
vt 0.504395 0.861206
vt 0.471680 0.850952
vt 0.472412 0.845947
vt 0.507324 0.850952
vt 0.473145 0.840942
vt 0.508789 0.845825
vt 0.473633 0.838623
vt 0.509766 0.840820
vt 0.542969 0.851196
vt 0.473877 0.836670
vt 0.545410 0.845947
vt 0.510254 0.838135
vt 0.546875 0.840820
vt 0.474121 0.835205
vt 0.510742 0.836060
vt 0.511230 0.834229
vt 0.547363 0.837891
vt 0.547852 0.835449
vt 0.511230 0.832397
vt 0.511230 0.830200
vt 0.548340 0.833374
vt 0.548340 0.831421
vt 0.548340 0.829346
vt 0.583008 0.834839
vt 0.583496 0.830566
vt 0.583496 0.828735
vt 0.583496 0.832520
vt 0.623047 0.828491
vt 0.623047 0.826660
vt 0.623047 0.830444
vt 0.647949 0.827026
vt 0.647949 0.825317
vt 0.622559 0.832886
vt 0.650391 0.825928
vt 0.649902 0.825073
vt 0.652344 0.828857
vt 0.651367 0.825195
vt 0.650879 0.824585
vt 0.650879 0.826782
vt 0.651855 0.825684
vt 0.651367 0.824097
vt 0.650879 0.823853
vt 0.652344 0.824219
vt 0.658203 0.826660
vt 0.657715 0.824829
vt 0.651367 0.822998
vt 0.650879 0.822876
vt 0.651855 0.822998
vt 0.650391 0.819946
vt 0.649414 0.820068
vt 0.657227 0.822388
vt 0.655762 0.819214
vt 0.648926 0.817505
vt 0.648438 0.817627
vt 0.653320 0.815918
vt 0.647461 0.814941
vt 0.646973 0.815186
vt 0.651367 0.812988
vt 0.645508 0.812134
vt 0.645020 0.812256
vt 0.648926 0.809692
vt 0.643066 0.808472
vt 0.642090 0.808716
vt 0.645996 0.805908
vt 0.638184 0.802612
vt 0.637695 0.802979
vt 0.641113 0.800171
vt 0.634766 0.798218
vt 0.634277 0.798706
vt 0.637207 0.796021
vt 0.630859 0.794189
vt 0.630371 0.794678
vt 0.633301 0.791992
vt 0.626465 0.790283
vt 0.626465 0.790771
vt 0.629395 0.788086
vt 0.622070 0.785767
vt 0.621582 0.786255
vt 0.624512 0.783569
vt 0.617188 0.781494
vt 0.616699 0.781982
vt 0.619141 0.779419
vt 0.611328 0.777344
vt 0.610840 0.777832
vt 0.613770 0.775024
vt 0.605957 0.773193
vt 0.605469 0.773560
vt 0.608398 0.770874
vt 0.601074 0.769043
vt 0.600586 0.769409
vt 0.603027 0.766846
vt 0.596191 0.765503
vt 0.595703 0.765869
vt 0.598145 0.763184
vt 0.591309 0.762207
vt 0.590820 0.762573
vt 0.587891 0.760620
vt 0.592773 0.759888
vt 0.585938 0.758911
vt 0.585938 0.759277
vt 0.584473 0.758301
vt 0.587402 0.756348
vt 0.581055 0.756104
vt 0.581055 0.756348
vt 0.582520 0.753662
vt 0.576172 0.753662
vt 0.576172 0.754028
vt 0.577637 0.751221
vt 0.571777 0.751709
vt 0.571289 0.752075
vt 0.572754 0.749268
vt 0.566895 0.750122
vt 0.566895 0.750488
vt 0.561523 0.749268
vt 0.567871 0.747559
vt 0.561523 0.748779
vt 0.556152 0.748047
vt 0.562012 0.746094
vt 0.556152 0.747559
vt 0.550781 0.747070
vt 0.556641 0.744873
vt 0.550781 0.746582
vt 0.544922 0.746338
vt 0.551270 0.743896
vt 0.556641 0.742676
vt 0.551270 0.741699
vt 0.545410 0.743164
vt 0.562500 0.744141
vt 0.545410 0.745850
vt 0.568359 0.745605
vt 0.539551 0.745361
vt 0.539551 0.745605
vt 0.573730 0.747314
vt 0.532715 0.744629
vt 0.532715 0.745117
vt 0.540039 0.742432
vt 0.532715 0.741943
vt 0.524902 0.744141
vt 0.524902 0.744629
vt 0.515625 0.744141
vt 0.524902 0.741455
vt 0.515625 0.743896
vt 0.505859 0.743896
vt 0.515625 0.740967
vt 0.506348 0.743652
vt 0.495117 0.743896
vt 0.495117 0.743408
vt 0.487793 0.744141
vt 0.506348 0.740723
vt 0.487305 0.743652
vt 0.487305 0.744141
vt 0.481201 0.743896
vt 0.495117 0.740723
vt 0.506348 0.738525
vt 0.481201 0.743408
vt 0.480713 0.743896
vt 0.481445 0.740723
vt 0.480225 0.743408
vt 0.479980 0.743652
vt 0.480713 0.743408
vt 0.480957 0.740479
vt 0.480469 0.739990
vt 0.481201 0.738281
vt 0.480713 0.738281
vt 0.481689 0.738525
vt 0.495117 0.738525
vt 0.481934 0.738037
vt 0.481445 0.737793
vt 0.480957 0.736328
vt 0.481201 0.736084
vt 0.482178 0.737549
vt 0.495117 0.736084
vt 0.495117 0.738037
vt 0.495117 0.737549
vt 0.506348 0.736084
vt 0.506348 0.738037
vt 0.506348 0.737549
vt 0.515625 0.736328
vt 0.515625 0.738770
vt 0.515625 0.738281
vt 0.515625 0.737793
vt 0.525391 0.736816
vt 0.525391 0.739258
vt 0.525391 0.738770
vt 0.525391 0.738281
vt 0.533203 0.737305
vt 0.533203 0.739746
vt 0.533203 0.739258
vt 0.533203 0.738770
vt 0.540527 0.737793
vt 0.540039 0.740234
vt 0.540039 0.739746
vt 0.540527 0.739258
vt 0.546387 0.738525
vt 0.545898 0.740967
vt 0.545898 0.740479
vt 0.545898 0.739990
vt 0.551758 0.739258
vt 0.551758 0.741211
vt 0.551758 0.740967
vt 0.557617 0.740234
vt 0.557129 0.742432
vt 0.557129 0.741943
vt 0.563477 0.741699
vt 0.562988 0.743652
vt 0.562988 0.743164
vt 0.569336 0.743164
vt 0.568359 0.745117
vt 0.568848 0.744629
vt 0.574219 0.744873
vt 0.573730 0.746826
vt 0.574219 0.746338
vt 0.579590 0.746826
vt 0.578613 0.749268
vt 0.578613 0.748779
vt 0.579102 0.748291
vt 0.584961 0.749268
vt 0.583496 0.751709
vt 0.583984 0.751221
vt 0.583984 0.750732
vt 0.589844 0.752197
vt 0.588379 0.754395
vt 0.588867 0.753906
vt 0.589355 0.753540
vt 0.595703 0.755493
vt 0.594238 0.757812
vt 0.594727 0.757324
vt 0.594727 0.756836
vt 0.601074 0.759155
vt 0.599609 0.761353
vt 0.599609 0.760864
vt 0.600098 0.760376
vt 0.606445 0.762939
vt 0.604980 0.765015
vt 0.604980 0.764526
vt 0.605469 0.764038
vt 0.611816 0.767090
vt 0.610352 0.769043
vt 0.610840 0.768677
vt 0.610840 0.768188
vt 0.617188 0.771362
vt 0.615723 0.773315
vt 0.616211 0.772949
vt 0.616211 0.772461
vt 0.623047 0.775879
vt 0.621094 0.777588
vt 0.621582 0.777222
vt 0.626465 0.781982
vt 0.622070 0.776855
vt 0.626953 0.781616
vt 0.631348 0.786377
vt 0.626953 0.781128
vt 0.627930 0.780273
vt 0.632812 0.784546
vt 0.631836 0.786011
vt 0.635742 0.790161
vt 0.632324 0.785522
vt 0.637207 0.788452
vt 0.636230 0.789917
vt 0.640137 0.794189
vt 0.636719 0.789429
vt 0.641602 0.792480
vt 0.640137 0.793823
vt 0.644043 0.798218
vt 0.640625 0.793457
vt 0.645508 0.796631
vt 0.644531 0.797852
vt 0.648926 0.803589
vt 0.645020 0.797607
vt 0.650391 0.801880
vt 0.649414 0.803223
vt 0.652344 0.807495
vt 0.649902 0.802856
vt 0.653809 0.806030
vt 0.652832 0.807251
vt 0.654785 0.810669
vt 0.653320 0.806885
vt 0.656738 0.809326
vt 0.655273 0.810425
vt 0.655762 0.810181
vt 0.659180 0.812744
vt 0.657227 0.813965
vt 0.657715 0.813843
vt 0.658203 0.813599
vt 0.660156 0.814819
vt 0.658691 0.816284
vt 0.659180 0.816040
vt 0.659668 0.815796
vt 0.661621 0.816772
vt 0.659668 0.817993
vt 0.660156 0.817871
vt 0.660645 0.817627
vt 0.662109 0.818848
vt 0.660645 0.819824
vt 0.661133 0.819824
vt 0.661621 0.819580
vt 0.663086 0.820435
vt 0.661133 0.821533
vt 0.661621 0.821411
vt 0.662109 0.821167
vt 0.663574 0.822021
vt 0.661621 0.823120
vt 0.662109 0.822998
vt 0.662598 0.822754
vt 0.663574 0.823486
vt 0.661621 0.824585
vt 0.663086 0.824219
vt 0.664062 0.825317
vt 0.662109 0.824585
vt 0.663086 0.826172
vt 0.664062 0.827271
vt 0.662109 0.826538
vt 0.662598 0.826416
vt 0.663086 0.828003
vt 0.663574 0.829468
vt 0.662109 0.828247
vt 0.661621 0.828369
vt 0.662598 0.830078
vt 0.663574 0.831665
vt 0.662109 0.830322
vt 0.662109 0.832153
vt 0.663086 0.834106
vt 0.661621 0.830322
vt 0.661621 0.832275
vt 0.661621 0.834351
vt 0.662109 0.836792
vt 0.651367 0.831055
vt 0.660645 0.836792
vt 0.661133 0.839233
vt 0.661133 0.834473
vt 0.661133 0.832397
vt 0.659668 0.839233
vt 0.659668 0.841675
vt 0.660156 0.836914
vt 0.660645 0.834595
vt 0.649414 0.835083
vt 0.659668 0.837036
vt 0.659180 0.839355
vt 0.658691 0.841553
vt 0.658203 0.844604
vt 0.658691 0.839355
vt 0.656738 0.844360
vt 0.656250 0.847412
vt 0.657715 0.841675
vt 0.654785 0.847046
vt 0.653809 0.850220
vt 0.656250 0.844482
vt 0.657227 0.841675
vt 0.646484 0.839722
vt 0.655762 0.844604
vt 0.622070 0.835938
vt 0.643066 0.845215
vt 0.582520 0.837646
vt 0.581543 0.841064
vt 0.604004 0.840454
vt 0.579590 0.846191
vt 0.597168 0.845337
vt 0.576660 0.851440
vt 0.591309 0.851318
vt 0.570801 0.861694
vt 0.584473 0.861938
vt 0.538086 0.861450
vt 0.565918 0.870605
vt 0.533203 0.870239
vt 0.560547 0.879639
vt 0.529297 0.879089
vt 0.499268 0.878784
vt 0.554199 0.890930
vt 0.468994 0.878723
vt 0.525391 0.890686
vt 0.496826 0.890503
vt 0.468506 0.878723
vt 0.468506 0.890442
vt 0.467285 0.890442
vt 0.468018 0.890442
vt 0.467285 0.902222
vt 0.465820 0.902283
vt 0.467773 0.902161
vt 0.468262 0.902100
vt 0.467041 0.903015
vt 0.465576 0.904053
vt 0.467285 0.903931
vt 0.467773 0.902832
vt 0.468018 0.903870
vt 0.468262 0.902771
vt 0.495605 0.904114
vt 0.495605 0.902954
vt 0.521973 0.904419
vt 0.495361 0.902283
vt 0.521973 0.903259
vt 0.548828 0.904724
vt 0.521973 0.902527
vt 0.548828 0.903564
vt 0.575684 0.905029
vt 0.549316 0.902832
vt 0.575684 0.903870
vt 0.592773 0.905334
vt 0.576172 0.903137
vt 0.594238 0.904358
vt 0.594238 0.905457
vt 0.595215 0.905823
vt 0.583008 0.891418
vt 0.594727 0.903687
vt 0.595703 0.904846
vt 0.595703 0.906372
vt 0.596680 0.905518
vt 0.596191 0.906982
vt 0.596191 0.904175
vt 0.597168 0.906372
vt 0.597168 0.904907
vt 0.604004 0.904175
vt 0.598145 0.905945
vt 0.597656 0.907471
vt 0.596680 0.907837
vt 0.598633 0.907166
vt 0.597656 0.908630
vt 0.596680 0.908691
vt 0.595215 0.912720
vt 0.598633 0.908508
vt 0.596680 0.912964
vt 0.593750 0.915955
vt 0.597168 0.913025
vt 0.601562 0.908264
vt 0.594727 0.916504
vt 0.592285 0.918274
vt 0.595703 0.916809
vt 0.593262 0.919128
vt 0.591309 0.919128
vt 0.600098 0.912659
vt 0.598145 0.917053
vt 0.593750 0.919739
vt 0.600586 0.912598
vt 0.596680 0.921326
vt 0.592285 0.920105
vt 0.592773 0.920715
vt 0.590820 0.920776
vt 0.590332 0.919739
vt 0.591309 0.921448
vt 0.589355 0.921326
vt 0.588867 0.920227
vt 0.589355 0.921997
vt 0.594727 0.926575
vt 0.587891 0.922241
vt 0.587891 0.921570
vt 0.587402 0.920410
vt 0.572266 0.920471
vt 0.571777 0.921570
vt 0.546387 0.920166
vt 0.545898 0.921265
vt 0.520508 0.919922
vt 0.571777 0.922241
vt 0.520508 0.921082
vt 0.494873 0.919617
vt 0.545898 0.921997
vt 0.583496 0.930786
vt 0.569824 0.930542
vt 0.520508 0.921814
vt 0.494873 0.920776
vt 0.468994 0.920044
vt 0.468750 0.918945
vt 0.494873 0.921448
vt 0.544922 0.930359
vt 0.468506 0.920044
vt 0.468018 0.918945
vt 0.468994 0.920715
vt 0.467773 0.919922
vt 0.466553 0.918884
vt 0.466553 0.920715
vt 0.468018 0.920654
vt 0.468506 0.920715
vt 0.468750 0.924744
vt 0.468018 0.924805
vt 0.466797 0.925049
vt 0.469238 0.924744
vt 0.469238 0.928772
vt 0.468506 0.928833
vt 0.467285 0.929199
vt 0.469727 0.928711
vt 0.469238 0.932861
vt 0.468018 0.933289
vt 0.469727 0.932800
vt 0.470215 0.937317
vt 0.468994 0.937714
vt 0.470703 0.937195
vt 0.470459 0.932739
vt 0.495361 0.929688
vt 0.471191 0.937195
vt 0.520020 0.930115
vt 0.495850 0.938385
vt 0.471680 0.941681
vt 0.472412 0.941650
vt 0.471191 0.941833
vt 0.469971 0.942291
vt 0.470947 0.946411
vt 0.472900 0.946228
vt 0.472168 0.946472
vt 0.472412 0.947296
vt 0.470947 0.947571
vt 0.472900 0.947021
vt 0.473389 0.946167
vt 0.472168 0.948578
vt 0.471191 0.948975
vt 0.472656 0.948273
vt 0.472412 0.949219
vt 0.471436 0.949432
vt 0.471436 0.950897
vt 0.472900 0.948853
vt 0.472656 0.950653
vt 0.473145 0.950348
vt 0.473389 0.948730
vt 0.472900 0.951202
vt 0.471680 0.951630
vt 0.473389 0.950897
vt 0.472656 0.951965
vt 0.471680 0.955505
vt 0.472168 0.955139
vt 0.472656 0.954926
vt 0.473145 0.951660
vt 0.473145 0.954834
vt 0.473633 0.951599
vt 0.473633 0.950256
vt 0.473877 0.950806
vt 0.496338 0.953278
vt 0.496338 0.956665
vt 0.496338 0.952454
vt 0.496338 0.951904
vt 0.519043 0.953766
vt 0.519043 0.957123
vt 0.541504 0.957367
vt 0.519043 0.952942
vt 0.541504 0.954010
vt 0.563965 0.957092
vt 0.519043 0.952362
vt 0.541504 0.953186
vt 0.563965 0.953918
vt 0.579102 0.953461
vt 0.579590 0.956299
vt 0.563965 0.953125
vt 0.580566 0.953491
vt 0.580566 0.956177
vt 0.579102 0.952728
vt 0.580078 0.952820
vt 0.581543 0.953461
vt 0.582031 0.956024
vt 0.581543 0.952850
vt 0.580078 0.952301
vt 0.583008 0.953278
vt 0.583008 0.955719
vt 0.584961 0.955109
vt 0.581055 0.952332
vt 0.579102 0.952209
vt 0.577637 0.950775
vt 0.582520 0.952209
vt 0.582520 0.952698
vt 0.584473 0.952301
vt 0.585449 0.951721
vt 0.584473 0.952942
vt 0.587402 0.953827
vt 0.585938 0.952118
vt 0.587402 0.952667
vt 0.588379 0.953430
vt 0.585938 0.951294
vt 0.588379 0.951050
vt 0.589844 0.951080
vt 0.586914 0.951782
vt 0.588867 0.950104
vt 0.591309 0.946045
vt 0.587891 0.950470
vt 0.587402 0.950287
vt 0.589844 0.945496
vt 0.592773 0.940002
vt 0.588379 0.949768
vt 0.591797 0.939545
vt 0.594727 0.933716
vt 0.589355 0.945312
vt 0.591309 0.939392
vt 0.593750 0.933228
vt 0.597168 0.927124
vt 0.593262 0.933105
vt 0.595703 0.926636
vt 0.598633 0.921814
vt 0.595215 0.926575
vt 0.597656 0.921326
vt 0.600586 0.917480
vt 0.597168 0.921265
vt 0.592773 0.933044
vt 0.590820 0.939331
vt 0.598633 0.916992
vt 0.599609 0.917053
vt 0.602051 0.913147
vt 0.601074 0.912598
vt 0.604004 0.908875
vt 0.602539 0.908264
vt 0.603027 0.908325
vt 0.606445 0.904846
vt 0.605469 0.904236
vt 0.608887 0.900940
vt 0.604492 0.904175
vt 0.607910 0.900269
vt 0.611816 0.896973
vt 0.607422 0.900146
vt 0.606934 0.900146
vt 0.610840 0.896301
vt 0.614746 0.893066
vt 0.610352 0.896179
vt 0.609375 0.896057
vt 0.598145 0.899170
vt 0.603027 0.892090
vt 0.612793 0.892090
vt 0.613281 0.892212
vt 0.613770 0.892395
vt 0.618164 0.889099
vt 0.616211 0.888000
vt 0.617188 0.888367
vt 0.616699 0.888123
vt 0.620605 0.884399
vt 0.621582 0.885132
vt 0.620117 0.884155
vt 0.619629 0.883972
vt 0.606934 0.886169
vt 0.624512 0.879028
vt 0.591309 0.880371
vt 0.610840 0.879944
vt 0.598633 0.871094
vt 0.616699 0.871216
vt 0.625000 0.879211
vt 0.630371 0.873169
vt 0.625488 0.879456
vt 0.626465 0.880188
vt 0.630859 0.873169
vt 0.631348 0.873291
vt 0.632324 0.874023
vt 0.636719 0.866577
vt 0.637207 0.866577
vt 0.637695 0.866699
vt 0.638672 0.867310
vt 0.642090 0.860596
vt 0.643555 0.860474
vt 0.644531 0.861084
vt 0.643066 0.860474
vt 0.646973 0.856934
vt 0.647949 0.857422
vt 0.645996 0.856934
vt 0.649902 0.853271
vt 0.650879 0.853760
vt 0.649414 0.853394
vt 0.645508 0.856934
vt 0.648438 0.853394
vt 0.652344 0.849854
vt 0.651367 0.849854
vt 0.652832 0.849854
vt 0.654297 0.847168
vt 0.653809 0.847290
vt 0.638672 0.850464
vt 0.635254 0.854614
vt 0.625977 0.846191
vt 0.632324 0.857910
vt 0.626953 0.851196
vt 0.625000 0.855591
vt 0.621094 0.864136
vt 0.624512 0.851440
vt 0.624512 0.847778
vt 0.624023 0.855103
vt 0.624023 0.848145
vt 0.623535 0.846680
vt 0.623047 0.847290
vt 0.624023 0.856934
vt 0.623535 0.856323
vt 0.623047 0.858154
vt 0.622559 0.857666
vt 0.622070 0.859497
vt 0.621582 0.858887
vt 0.620117 0.854858
vt 0.621094 0.859741
vt 0.619141 0.856812
vt 0.621094 0.860474
vt 0.619629 0.860718
vt 0.619629 0.861450
vt 0.618164 0.862183
vt 0.618164 0.861328
vt 0.617188 0.858032
vt 0.616699 0.861816
vt 0.616699 0.862671
vt 0.617676 0.855225
vt 0.614258 0.858643
vt 0.616211 0.855957
vt 0.618164 0.853882
vt 0.614258 0.862183
vt 0.618652 0.852051
vt 0.614258 0.863037
vt 0.620605 0.851929
vt 0.612305 0.862305
vt 0.611816 0.864746
vt 0.611816 0.863159
vt 0.604980 0.864624
vt 0.609863 0.863037
vt 0.609863 0.862305
vt 0.611328 0.858765
vt 0.613770 0.856323
vt 0.607910 0.861816
vt 0.615234 0.852295
vt 0.607422 0.862671
vt 0.608398 0.858398
vt 0.606445 0.861328
vt 0.605957 0.862183
vt 0.604980 0.860596
vt 0.604004 0.861328
vt 0.605957 0.857300
vt 0.603516 0.859619
vt 0.603027 0.860229
vt 0.596680 0.862061
vt 0.602539 0.858521
vt 0.600098 0.856445
vt 0.601562 0.859009
vt 0.601562 0.856934
vt 0.604492 0.855225
vt 0.600098 0.849365
vt 0.601074 0.848877
vt 0.604492 0.852661
vt 0.601562 0.846802
vt 0.602539 0.845581
vt 0.602051 0.847290
vt 0.603516 0.844604
vt 0.603027 0.846191
vt 0.604492 0.850098
vt 0.605957 0.848022
vt 0.604492 0.845215
vt 0.604980 0.843628
vt 0.605469 0.844360
vt 0.606934 0.843018
vt 0.607910 0.846802
vt 0.606934 0.843750
vt 0.608887 0.842407
vt 0.609375 0.843140
vt 0.610840 0.842163
vt 0.614746 0.840088
vt 0.611328 0.842896
vt 0.621582 0.840210
vt 0.613281 0.842041
vt 0.615723 0.842163
vt 0.613281 0.842773
vt 0.617188 0.842529
vt 0.615723 0.842896
vt 0.613770 0.845947
vt 0.610840 0.846191
vt 0.617188 0.843262
vt 0.610840 0.848389
vt 0.619141 0.842896
vt 0.616699 0.846313
vt 0.618652 0.843628
vt 0.620605 0.843628
vt 0.621582 0.844482
vt 0.620117 0.844360
vt 0.622559 0.845581
vt 0.621094 0.845093
vt 0.618652 0.847168
vt 0.622070 0.846069
vt 0.620117 0.849121
vt 0.616211 0.848389
vt 0.617188 0.848999
vt 0.618164 0.850220
vt 0.613770 0.848267
vt 0.609375 0.852539
vt 0.608398 0.848877
vt 0.606934 0.849731
vt 0.606445 0.851074
vt 0.605957 0.852661
vt 0.606445 0.854126
vt 0.607422 0.855591
vt 0.608887 0.856323
vt 0.611328 0.856567
vt 0.020859 0.011230
vt 0.021194 0.011230
vt 0.021118 0.011230
vt 0.020905 0.011230
vt 0.021408 0.011230
vt 0.020782 0.011230
vt 0.021667 0.011719
vt 0.021515 0.011230
vt 0.020844 0.011719
vt 0.020676 0.011230
vt 0.021378 0.012207
vt 0.020737 0.011719
vt 0.020599 0.011719
vt 0.020660 0.011719
vt 0.019974 0.011719
vt 0.021194 0.012207
vt 0.020035 0.012207
vt 0.019440 0.012207
vt 0.019379 0.012207
vt 0.018784 0.012695
vt 0.020538 0.012695
vt 0.018845 0.012695
vt 0.018188 0.013184
vt 0.019958 0.013184
vt 0.018250 0.013184
vt 0.017609 0.013672
vt 0.019348 0.013672
vt 0.020615 0.012695
vt 0.020020 0.013184
vt 0.018799 0.014160
vt 0.017670 0.013672
vt 0.017044 0.014160
vt 0.019424 0.013672
vt 0.017105 0.014160
vt 0.016739 0.014160
vt 0.018265 0.014160
vt 0.016785 0.014160
vt 0.016449 0.014160
vt 0.017654 0.014648
vt 0.016464 0.014648
vt 0.016251 0.014648
vt 0.018860 0.014160
vt 0.018341 0.014648
vt 0.019516 0.014160
vt 0.018951 0.014160
vt 0.017715 0.015137
vt 0.020111 0.013672
vt 0.019547 0.014160
vt 0.020142 0.013672
vt 0.018982 0.014648
vt 0.020752 0.013184
vt 0.018448 0.014648
vt 0.018494 0.014648
vt 0.017853 0.015137
vt 0.017899 0.015137
vt 0.020721 0.013184
vt 0.022079 0.012207
vt 0.022125 0.012207
vt 0.021286 0.012207
vt 0.021469 0.012207
vt 0.021759 0.011719
vt 0.022797 0.011719
vt 0.022842 0.011719
vt 0.023148 0.011230
vt 0.022263 0.011230
vt 0.022141 0.011230
vt 0.021561 0.011230
vt 0.023102 0.011230
vt 0.023392 0.011230
vt 0.022598 0.011230
vt 0.022522 0.010742
vt 0.021698 0.010742
vt 0.021561 0.010742
vt 0.021393 0.011230
vt 0.021347 0.010742
vt 0.021500 0.010742
vt 0.021637 0.010742
vt 0.022293 0.010254
vt 0.022217 0.010254
vt 0.022385 0.010742
vt 0.022476 0.010254
vt 0.022400 0.010254
vt 0.022583 0.010254
vt 0.022491 0.009766
vt 0.022644 0.010254
vt 0.022415 0.010254
vt 0.022522 0.010254
vt 0.022720 0.010254
vt 0.022476 0.010742
vt 0.022690 0.010254
vt 0.022583 0.010742
vt 0.022659 0.010742
vt 0.022705 0.010742
vt 0.022797 0.010742
vt 0.022736 0.010254
vt 0.022827 0.010254
vt 0.022934 0.010254
vt 0.022873 0.010254
vt 0.023026 0.010254
vt 0.022858 0.010742
vt 0.022980 0.010742
vt 0.023285 0.010254
vt 0.022949 0.010742
vt 0.023148 0.010742
vt 0.023331 0.011230
vt 0.023560 0.010742
vt 0.023514 0.010742
vt 0.023529 0.010254
vt 0.023605 0.010742
vt 0.006065 0.010742
vt 0.005859 0.010254
vt 0.005775 0.010254
vt 0.006111 0.010254
vt 0.006237 0.010254
vt 0.006809 0.011719
vt 0.006264 0.010254
vt 0.006298 0.010254
vt 0.006855 0.011230
vt 0.007904 0.012695
vt 0.007858 0.012695
vt 0.008072 0.012695
vt 0.008636 0.013672
vt 0.008591 0.013672
vt 0.008774 0.013672
vt 0.009377 0.014648
vt 0.009331 0.014648
vt 0.009483 0.014648
vt 0.009651 0.014648
vt 0.009613 0.015137
vt 0.009697 0.014648
vt 0.009804 0.015137
vt 0.009766 0.015137
vt 0.009834 0.014648
vt 0.009956 0.015137
vt 0.009918 0.015137
vt 0.009987 0.015137
vt 0.010132 0.015137
vt 0.010101 0.015137
vt 0.010277 0.015625
vt 0.010155 0.015137
vt 0.010300 0.015137
vt 0.010468 0.015625
vt 0.010345 0.015137
vt 0.010483 0.015625
vt 0.010643 0.015625
vt 0.010193 0.015137
vt 0.010658 0.015625
vt 0.015915 0.016113
vt 0.010513 0.015137
vt 0.010376 0.015137
vt 0.010025 0.014648
vt 0.010239 0.015137
vt 0.009888 0.014648
vt 0.010086 0.014648
vt 0.009750 0.014648
vt 0.009949 0.014648
vt 0.009552 0.014160
vt 0.009819 0.014648
vt 0.008842 0.013672
vt 0.009621 0.014160
vt 0.008148 0.012695
vt 0.009682 0.014160
vt 0.006336 0.010254
vt 0.009117 0.013184
vt 0.006615 0.010254
vt 0.006607 0.009766
vt 0.006641 0.010254
vt 0.007225 0.010742
vt 0.007256 0.010742
vt 0.007866 0.011719
vt 0.007889 0.011719
vt 0.008430 0.012207
vt 0.008408 0.012207
vt 0.009140 0.013184
vt 0.009850 0.014160
vt 0.009819 0.014160
vt 0.010033 0.014160
vt 0.010010 0.014160
vt 0.010132 0.014648
vt 0.010117 0.014648
vt 0.010246 0.014648
vt 0.009865 0.014648
vt 0.010002 0.014648
vt 0.010223 0.014648
vt 0.010124 0.014648
vt 0.010353 0.014648
vt 0.010368 0.014648
vt 0.010269 0.014648
vt 0.010262 0.014648
vt 0.010277 0.014648
vt 0.010429 0.014648
vt 0.010422 0.014648
vt 0.010414 0.015137
vt 0.010445 0.015137
vt 0.010551 0.015137
vt 0.010582 0.015137
vt 0.010696 0.015137
vt 0.010735 0.015137
vt 0.015114 0.015625
vt 0.010597 0.015137
vt 0.010750 0.015137
vt 0.015144 0.015625
vt 0.010590 0.014648
vt 0.010765 0.015137
vt 0.010597 0.014648
vt 0.010765 0.014648
vt 0.010498 0.014648
vt 0.010506 0.014648
vt 0.010651 0.014648
vt 0.010658 0.014648
vt 0.010773 0.014648
vt 0.010811 0.014648
vt 0.010818 0.014648
vt 0.015167 0.015137
vt 0.015167 0.014648
vt 0.015411 0.014648
vt 0.015656 0.014648
vt 0.015442 0.015137
vt 0.015854 0.014648
vt 0.015869 0.014648
vt 0.015152 0.015137
vt 0.015717 0.015137
vt 0.015457 0.015137
vt 0.015732 0.015137
vt 0.015472 0.015625
vt 0.015762 0.015137
vt 0.015961 0.015137
vt 0.015945 0.015137
vt 0.016174 0.015137
vt 0.016068 0.014648
vt 0.016266 0.014648
vt 0.016373 0.015137
vt 0.016388 0.015137
vt 0.016403 0.015137
vt 0.016571 0.015137
vt 0.016663 0.014648
vt 0.016464 0.015137
vt 0.016724 0.015137
vt 0.017227 0.015137
vt 0.017288 0.015137
vt 0.016846 0.015137
vt 0.017426 0.015625
vt 0.017456 0.015625
vt 0.016907 0.015625
vt 0.016586 0.015137
vt 0.017044 0.016113
vt 0.016678 0.015625
vt 0.016937 0.016113
vt 0.016769 0.016113
vt 0.016754 0.016113
vt 0.016418 0.015625
vt 0.016312 0.015625
vt 0.016144 0.015625
vt 0.015945 0.016113
vt 0.015488 0.015625
vt 0.015854 0.015625
vt 0.015793 0.015625
vt 0.016052 0.015625
vt 0.015991 0.015137
vt 0.016220 0.015137
vt 0.468018 0.917786
vt 0.466553 0.917908
vt 0.466797 0.914917
vt 0.468994 0.914795
vt 0.466797 0.912720
vt 0.468750 0.917603
vt 0.469238 0.912537
vt 0.466797 0.910522
vt 0.469482 0.914734
vt 0.469238 0.917603
vt 0.468994 0.910400
vt 0.494873 0.918213
vt 0.466553 0.908325
vt 0.469971 0.914734
vt 0.469727 0.912537
vt 0.520508 0.918518
vt 0.495117 0.915222
vt 0.470215 0.912537
vt 0.546387 0.918701
vt 0.520996 0.915527
vt 0.495117 0.913025
vt 0.470215 0.910461
vt 0.469727 0.910461
vt 0.495117 0.910950
vt 0.469238 0.908386
vt 0.469727 0.908447
vt 0.495117 0.908875
vt 0.520996 0.913330
vt 0.521484 0.911255
vt 0.546875 0.915771
vt 0.547363 0.913574
vt 0.572266 0.919006
vt 0.573242 0.916077
vt 0.587402 0.919006
vt 0.573730 0.913879
vt 0.588379 0.918884
vt 0.588379 0.916138
vt 0.589844 0.918457
vt 0.590332 0.916321
vt 0.590820 0.917969
vt 0.591309 0.917236
vt 0.589844 0.913940
vt 0.591309 0.914246
vt 0.592773 0.914978
vt 0.590820 0.911865
vt 0.594238 0.912170
vt 0.592285 0.911926
vt 0.595215 0.908752
vt 0.595215 0.908264
vt 0.593750 0.908936
vt 0.595215 0.907776
vt 0.594727 0.907349
vt 0.594238 0.907043
vt 0.591797 0.909851
vt 0.592285 0.908752
vt 0.593750 0.906860
vt 0.593262 0.906250
vt 0.593262 0.906799
vt 0.592773 0.906006
vt 0.592285 0.906433
vt 0.592285 0.906860
vt 0.592285 0.906311
vt 0.591797 0.907837
vt 0.575684 0.905762
vt 0.575684 0.906128
vt 0.548828 0.905396
vt 0.548828 0.905823
vt 0.521973 0.905090
vt 0.522461 0.905518
vt 0.495605 0.904785
vt 0.495605 0.905151
vt 0.468506 0.904846
vt 0.468262 0.904541
vt 0.468262 0.904968
vt 0.467773 0.904602
vt 0.467773 0.905334
vt 0.467285 0.904968
vt 0.466309 0.906616
vt 0.467773 0.906555
vt 0.468506 0.906372
vt 0.468994 0.907166
vt 0.469482 0.907166
vt 0.468750 0.908264
vt 0.469482 0.907532
vt 0.495117 0.907532
vt 0.495117 0.907898
vt 0.521484 0.908203
vt 0.521484 0.907837
vt 0.521484 0.909180
vt 0.548340 0.908508
vt 0.548340 0.908081
vt 0.548340 0.909424
vt 0.547852 0.911499
vt 0.574219 0.911804
vt 0.574707 0.909729
vt 0.575195 0.908752
vt 0.575195 0.908386
vt 0.590820 0.908508
vt 0.590820 0.908936
vt 0.591797 0.908447
vt 0.014755 0.013184
vt 0.014748 0.013184
vt 0.014626 0.013184
vt 0.014526 0.012695
vt 0.014465 0.012695
vt 0.014420 0.012695
vt 0.014679 0.012207
vt 0.014420 0.013672
vt 0.014763 0.012695
vt 0.014465 0.013672
vt 0.014839 0.012695
vt 0.014900 0.012695
vt 0.014526 0.013672
vt 0.014603 0.013672
vt 0.014946 0.012695
vt 0.014694 0.013672
vt 0.014961 0.013672
vt 0.014915 0.013672
vt 0.014778 0.013672
vt 0.014854 0.013672
vt 0.014565 0.012695
vt 0.014519 0.012695
vt 0.014618 0.012695
vt 0.014503 0.012695
vt 0.014503 0.013672
vt 0.014755 0.012695
vt 0.014854 0.012695
vt 0.014618 0.013672
vt 0.014870 0.012695
vt 0.014870 0.013672
vt 0.014755 0.013672
vt 0.014702 0.012695
vt 0.014603 0.013184
vt 0.587891 0.949554
vt 0.588867 0.945190
vt 0.578125 0.948334
vt 0.580566 0.939453
vt 0.567383 0.939209
vt 0.577637 0.949097
vt 0.564941 0.948364
vt 0.543457 0.939087
vt 0.577637 0.950256
vt 0.564941 0.949188
vt 0.541992 0.948334
vt 0.519531 0.938873
vt 0.564453 0.950470
vt 0.541992 0.949158
vt 0.519043 0.948059
vt 0.496338 0.947571
vt 0.473389 0.946960
vt 0.496338 0.948425
vt 0.473389 0.948212
vt 0.519043 0.948883
vt 0.496338 0.949707
vt 0.496338 0.950287
vt 0.519043 0.950195
vt 0.541992 0.950439
vt 0.519043 0.950745
vt 0.541992 0.950989
vt 0.564453 0.951019
vt 0.541504 0.952637
vt 0.564453 0.952576
vt 0.640490 2.490055
vt 0.259349 2.343830
vt 0.603042 2.402668
vt 0.270654 2.281196
vt 0.564926 2.326284
vt 0.278509 2.237675
vt 0.534709 2.203243
vt 0.292666 2.147943
vt 0.518403 2.068561
vt 0.296282 2.044104
vt 0.558276 0.722587
vt 0.304118 0.676057
vt 0.540585 0.638847
vt 0.316385 0.616386
vt 0.676018 0.131062
vt 0.604604 0.184295
vt 0.591734 0.125104
vt 0.533027 0.149063
vt 0.705838 0.242096
vt 0.536562 0.210244
vt 0.465724 0.165006
vt 0.626607 0.237887
vt 0.648426 0.337339
vt 0.724965 0.342318
vt 0.552730 0.268143
vt 0.465025 0.231081
vt 0.388958 0.193722
vt 0.580206 0.379714
vt 0.399417 0.259548
vt 0.484411 0.299708
vt 0.313978 0.297283
vt 0.297565 0.238063
vt 0.142146 0.344203
vt 0.423174 0.334744
vt 0.518068 0.423091
vt 0.176843 0.401237
vt 0.007122 0.458626
vt 0.352848 0.382295
vt 0.056286 0.509034
vt -0.102530 0.570221
vt 0.223236 0.482923
vt 0.459423 0.463591
vt 0.399753 0.506982
vt 0.106228 0.586904
vt 0.283517 0.603581
vt -0.077234 0.616190
vt -0.213561 0.702412
vt 0.449462 0.635861
vt -0.175909 0.738165
vt -0.238492 0.828713
vt -0.128442 0.775605
vt -0.157070 0.883741
vt -0.261570 0.956192
vt -0.031545 0.688665
vt -0.068399 0.814293
vt -0.200445 1.000126
vt -0.362698 1.117836
vt -0.297755 1.148852
vt -0.252458 1.167778
vt -0.104729 0.920429
vt -0.162252 1.025506
vt -0.113499 1.058382
vt -0.169069 1.212506
vt -0.049859 0.962824
vt -0.000622 0.873559
vt 0.021039 0.800165
vt 0.065391 0.933797
vt 0.168085 0.706167
vt 0.344291 0.724922
vt 0.226944 0.825062
vt 0.408194 0.844123
vt 0.299179 0.952572
vt 0.504342 0.760941
vt 0.002376 1.006420
vt 0.124765 0.995597
vt -0.066867 1.094159
vt 0.059408 1.060620
vt -0.014968 1.138433
vt -0.086516 1.269973
vt 0.180593 1.056663
vt 0.034250 1.186788
vt 0.879383 2.505639
vt 0.113750 1.118878
vt 1.031653 2.503031
vt 0.921596 2.564119
vt 1.070342 2.563324
vt 1.146729 2.506288
vt 1.194713 2.564907
vt 1.253219 2.509988
vt 1.279091 2.547532
vt 1.318647 2.474699
vt 1.334971 2.521790
vt 1.448580 2.426283
vt 1.424607 2.368851
vt 1.530691 2.304344
vt 1.499238 2.248652
vt 1.587099 2.184679
vt 1.553627 2.133813
vt 1.631503 2.102679
vt 0.610477 0.696049
vt 1.596762 2.024734
vt 1.668226 2.036168
vt 1.628589 1.938649
vt 0.736590 0.635192
vt 0.812659 0.621276
vt 0.756510 0.485157
vt 0.556242 0.562382
vt 0.685025 0.490865
vt 4.655145 1.045641
vt 4.167945 1.063466
vt 4.557320 1.005992
vt 4.664536 1.016627
vt 4.167355 1.018793
vt 4.565372 0.979227
vt 4.507610 0.890480
vt 2.770411 1.104829
vt 4.487981 0.920366
vt 4.389198 0.869220
vt 4.400321 0.835587
vt 4.184684 0.924831
vt 4.284800 0.843512
vt 4.287401 0.806597
vt 3.508502 0.801515
vt 3.507514 0.837655
vt 2.728800 0.785672
vt 3.506333 0.931812
vt 2.769894 1.060358
vt 1.374058 1.142196
vt 2.749547 0.938884
vt 1.373474 1.098381
vt -0.022512 1.176972
vt 2.728810 0.820974
vt 1.366029 0.939236
vt 1.358460 0.782032
vt 1.357992 0.745657
vt 0.619318 0.749949
vt 0.618314 0.713053
vt 0.594466 0.939887
vt -0.122507 0.677654
vt -0.124224 0.640071
vt -0.023382 1.134472
vt -1.420213 1.211392
vt -0.135563 0.903208
vt -0.951577 0.558637
vt -0.965097 0.522318
vt -0.976908 0.858062
vt -1.421289 1.170011
vt -2.817110 1.242057
vt -1.581047 0.820733
vt -1.782416 0.380882
vt -1.807837 0.345531
vt -1.823262 0.369321
vt -2.109529 0.792889
vt -2.129478 0.758060
vt -2.187404 0.816312
vt -2.168037 0.851125
vt -2.253701 0.863667
vt -2.235252 0.898092
vt -2.323781 0.902900
vt -2.306613 0.936660
vt -2.384385 0.955905
vt -2.400175 0.922772
vt -2.818438 1.201446
vt -2.842878 0.982045
vt -2.843560 0.947099
vt -3.710098 0.977896
vt -4.209427 1.237915
vt -4.211637 1.278018
vt -3.712206 1.019931
vt -4.382218 1.232763
vt -4.393133 1.271380
vt -4.534692 1.181391
vt -4.555190 1.217267
vt -4.619385 1.106561
vt -4.668197 1.129671
vt -4.624614 1.044446
vt -4.721457 0.993033
vt -4.639313 1.070897
vt -4.738955 1.020469
vt 0.013847 0.008789
vt 0.013817 0.008789
vt 0.014038 0.008789
vt 0.014046 0.009766
vt 0.014175 0.008789
vt 0.014252 0.009277
vt 0.014656 0.010742
vt 0.014061 0.009766
vt 0.014076 0.009766
vt 0.014259 0.010742
vt 0.014717 0.011719
vt 0.014351 0.011719
vt 0.014763 0.012207
vt 0.014511 0.013184
vt 0.014824 0.012207
vt 0.014923 0.012207
vt 0.014984 0.012207
vt 0.015015 0.012695
vt 0.015198 0.014160
vt 0.014435 0.014648
vt 0.015450 0.015137
vt 0.014473 0.014648
vt 0.015564 0.015625
vt 0.014488 0.015137
vt 0.014496 0.015137
vt 0.014450 0.015625
vt 0.014961 0.016113
vt 0.014282 0.016113
vt 0.014725 0.016602
vt 0.014023 0.016602
vt 0.014389 0.017090
vt 0.013824 0.017090
vt 0.014275 0.017090
vt 0.013809 0.017090
vt 0.014130 0.017090
vt 0.984375 0.015625
vt 0.984375 0.016113
vt 0.984375 0.016602
vt 0.984375 0.017090
vt 0.984375 0.018066
vt 0.984375 0.018555
vt 0.984375 0.019043
vt 0.984375 0.019531
vt 0.022018 0.015137
vt 0.021927 0.015137
vt 0.022003 0.015625
vt 0.021957 0.015137
vt 0.021851 0.015137
vt 0.021835 0.015137
vt 0.021729 0.015137
vt 0.021759 0.015137
vt 0.021683 0.015137
vt 0.021576 0.014648
vt 0.021500 0.014648
vt 0.021469 0.014648
vt 0.021347 0.014648
vt 0.021240 0.014648
vt 0.021133 0.014648
vt 0.020859 0.014160
vt 0.020920 0.014160
vt 0.020645 0.014160
vt 0.020340 0.014160
vt 0.020264 0.014160
vt 0.019943 0.013672
vt 0.019775 0.013672
vt 0.019623 0.013672
vt 0.019211 0.013672
vt 0.019318 0.013672
vt 0.018951 0.013184
vt 0.018646 0.013184
vt 0.018616 0.013184
vt 0.018234 0.012695
vt 0.018082 0.012695
vt 0.017868 0.012695
vt 0.017502 0.012695
vt 0.017151 0.012207
vt 0.016937 0.012207
vt 0.016800 0.012207
vt 0.016357 0.012207
vt 0.016449 0.012207
vt 0.016113 0.012207
vt 0.015778 0.011719
vt 0.015762 0.011719
vt 0.015167 0.011719
vt 0.015480 0.011719
vt 0.015160 0.011719
vt 0.014557 0.011719
vt 0.014809 0.011719
vt 0.014458 0.011719
vt 0.014137 0.011230
vt 0.013954 0.011230
vt 0.013794 0.011230
vt 0.013313 0.011230
vt 0.013458 0.011230
vt 0.013031 0.011230
vt 0.012711 0.011230
vt 0.012558 0.011230
vt 0.012093 0.011230
vt 0.011993 0.011230
vt 0.011467 0.010742
vt 0.011421 0.010742
vt 0.010841 0.010742
vt 0.010757 0.010742
vt 0.010208 0.010742
vt 0.009933 0.010742
vt 0.009964 0.010742
vt 0.009949 0.010742
vt 0.009911 0.010742
vt 0.009735 0.010742
vt 0.009758 0.010742
vt 0.009819 0.010742
vt 0.009674 0.010742
vt 0.009697 0.010742
vt 0.009491 0.011230
vt 0.009613 0.010742
vt 0.009277 0.011719
vt 0.009193 0.011719
vt 0.008949 0.012207
vt 0.008934 0.012207
vt 0.008644 0.012695
vt 0.008659 0.012695
vt 0.008362 0.013184
vt 0.008377 0.013184
vt 0.008125 0.013672
vt 0.008080 0.013672
vt 0.007874 0.014160
vt 0.007835 0.014160
vt 0.007580 0.014648
vt 0.007637 0.014648
vt 0.007355 0.015137
vt 0.007450 0.015625
vt 0.021927 0.015625
vt 0.021881 0.015137
vt 0.021820 0.015137
vt 0.021698 0.015137
vt 0.021194 0.014648
vt 0.020828 0.014648
vt 0.020309 0.014160
vt 0.019745 0.013672
vt 0.019180 0.013672
vt 0.018631 0.013184
vt 0.018051 0.012695
vt 0.017487 0.012695
vt 0.016922 0.012207
vt 0.016342 0.012207
vt 0.015747 0.011719
vt 0.015152 0.011719
vt 0.014549 0.011719
vt 0.013939 0.011230
vt 0.013306 0.011230
vt 0.012703 0.011230
vt 0.012077 0.011230
vt 0.011459 0.010742
vt 0.010834 0.010742
vt 0.010101 0.010742
vt 0.009987 0.010742
vt 0.009895 0.010742
vt 0.009781 0.011230
vt 0.009537 0.011230
vt 0.009254 0.011719
vt 0.008980 0.012207
vt 0.008690 0.012695
vt 0.008423 0.013184
vt 0.008171 0.013672
vt 0.007942 0.014160
vt 0.007721 0.014648
vt 0.007542 0.015625
vt 0.363525 0.018066
vt 0.364990 0.017578
vt 0.363525 0.017578
vt 0.364746 0.018066
vt 0.363525 0.019531
vt 0.364014 0.020020
vt 0.364502 0.019531
vt 0.014320 0.013184
vt 0.014244 0.013184
vt 0.014275 0.013184
vt 0.014229 0.013184
vt 0.014381 0.013184
vt 0.014236 0.013184
vt 0.014259 0.013184
vt 0.014328 0.012695
vt 0.014366 0.012695
vt 0.014404 0.012695
vt 0.014458 0.012695
vt 0.014511 0.012695
vt 0.014862 0.012695
vt 0.014908 0.012695
vt 0.014977 0.012695
vt 0.015099 0.013184
vt 0.015129 0.013184
vt 0.014999 0.013184
vt 0.015152 0.013184
vt 0.015068 0.013184
vt 0.015114 0.013184
vt 0.015144 0.013184
vt 0.014664 0.013184
vt 0.014717 0.013184
vt 0.014771 0.012695
vt 0.014801 0.012695
vt 0.014717 0.012695
vt 0.014664 0.012695
vt 0.014671 0.012695
vt 0.014603 0.012695
vt 0.014580 0.012695
vt 0.014580 0.013184
vt 0.014473 0.013184
vt 0.014908 0.013184
vt 0.014526 0.013184
vt 0.014900 0.013184
vt 0.014832 0.013184
vt 0.014984 0.012695
vt 0.015305 0.012207
vt 0.014900 0.012207
vt 0.014847 0.012695
vt 0.014641 0.012695
vt 0.014450 0.012695
vt 0.014297 0.012695
vt 0.014168 0.012695
vt 0.014084 0.012695
vt 0.014648 0.012695
vt 0.014069 0.012695
vt 0.014618 0.013184
vt 0.014648 0.013184
vt 0.015305 0.013672
vt 0.977539 0.019531
vt 0.977051 0.019043
vt 0.977539 0.019043
vt 0.976562 0.018555
vt 0.976562 0.019043
vt 0.977051 0.018555
vt 0.977539 0.018066
vt 0.977539 0.017578
vt 0.977539 0.018555
vt 0.978027 0.018066
vt 0.978027 0.017090
vt 0.978027 0.018555
vt 0.978516 0.018066
vt 0.978516 0.017578
vt 0.979004 0.017578
vt 0.978516 0.017090
vt 0.979004 0.017090
vt 0.979004 0.016602
vt 0.979492 0.016113
vt 0.979492 0.015625
vt 0.979492 0.016602
vt 0.979980 0.016113
vt 0.979980 0.015625
vt 0.980469 0.016113
vt 0.980469 0.015625
vt 0.980957 0.015625
vt 0.981445 0.015625
vt 0.981934 0.016113
vt 0.981934 0.015625
vt 0.982910 0.015625
vt 0.982422 0.016113
vt 0.982910 0.016113
vt 0.983398 0.015625
vt 0.983398 0.016113
vt 0.983887 0.015625
vt 0.983887 0.016113
vt 0.984863 0.015625
vt 0.985352 0.015625
vt 0.985352 0.016113
vt 0.984863 0.016113
vt 0.985840 0.016113
vt 0.985840 0.016602
vt 0.986328 0.016113
vt 0.986328 0.016602
vt 0.986816 0.016602
vt 0.987305 0.016602
vt 0.987305 0.017090
vt 0.987793 0.017090
vt 0.988281 0.017578
vt 0.988770 0.017090
vt 0.988770 0.017578
vt 0.986816 0.016113
vt 0.987793 0.016602
vt 0.988281 0.017090
vt 0.988281 0.016602
vt 0.989258 0.017578
vt 0.989258 0.018066
vt 0.989746 0.018066
vt 0.990234 0.018066
vt 0.989746 0.018555
vt 0.990234 0.018555
vt 0.989746 0.017578
vt 0.990723 0.018555
vt 0.990234 0.019043
vt 0.990723 0.019043
vt 0.991211 0.018555
vt 0.991211 0.019043
vt 0.990723 0.018066
vt 0.991211 0.018066
vt 0.991699 0.018555
vt 0.990723 0.019531
vt 0.991699 0.019043
vt 0.992188 0.018555
vt 0.992188 0.019043
vt 0.013924 0.013672
vt 0.013947 0.013672
vt 0.013855 0.013672
vt 0.014000 0.013672
vt 0.013969 0.013672
vt 0.014015 0.013672
vt 0.014069 0.013672
vt 0.015350 0.013672
vt 0.014038 0.013672
vt 0.015320 0.013672
vt 0.015442 0.013672
vt 0.014046 0.013672
vt 0.015381 0.013672
vt 0.015511 0.013672
vt 0.014061 0.013672
vt 0.014076 0.013672
vt 0.015434 0.013672
vt 0.015572 0.013672
vt 0.014091 0.013672
vt 0.014099 0.013672
vt 0.015472 0.013672
vt 0.015617 0.013672
vt 0.015419 0.013672
vt 0.015503 0.013184
vt 0.015511 0.012207
vt 0.015450 0.013672
vt 0.015373 0.013672
vt 0.015388 0.013672
vt 0.015312 0.013672
vt 0.015343 0.013672
vt 0.015297 0.013672
vt 0.014084 0.013672
vt 0.015289 0.013672
vt 0.015282 0.013672
vt 0.015282 0.013184
vt 0.015305 0.013184
vt 0.015320 0.013184
vt 0.015327 0.013672
vt 0.015335 0.013184
vt 0.015366 0.013672
vt 0.015343 0.013184
vt 0.015274 0.012695
vt 0.015297 0.012695
vt 0.015259 0.012695
vt 0.015388 0.013184
vt 0.015411 0.013672
vt 0.015266 0.012695
vt 0.014114 0.012695
vt 0.015472 0.013184
vt 0.015427 0.013184
vt 0.015335 0.012695
vt 0.015358 0.012695
vt 0.015388 0.012695
vt 0.015411 0.012695
vt 0.015381 0.012695
vt 0.015442 0.012207
vt 0.015366 0.012695
vt 0.015343 0.012695
vt 0.015327 0.012695
vt 0.014030 0.012695
vt 0.014000 0.012695
vt 0.013985 0.012695
vt 0.013916 0.012207
vt 0.013954 0.012695
vt 0.013855 0.012207
vt 0.013977 0.012695
vt 0.013878 0.013672
vt 0.013763 0.013672
vt 0.013802 0.013672
vt 0.014015 0.012695
vt 0.013908 0.013672
vt 0.013931 0.013672
vt 0.013954 0.013672
vt 0.014038 0.012695
vt 0.013985 0.013672
vt 0.014061 0.013184
vt 0.014099 0.012695
vt 0.014107 0.012695
vt 0.014046 0.012695
vt 0.361572 0.020508
vt 0.362061 0.019531
vt 0.361572 0.019531
vt 0.361816 0.020996
vt 0.361816 0.021484
vt 0.363525 0.021484
vt 0.364014 0.021484
vt 0.364746 0.021484
vt 0.366211 0.019531
vt 0.366211 0.021484
vt 0.366211 0.020996
vt 0.366455 0.020996
vt 0.366455 0.020508
vt 0.366699 0.019531
vt 0.391602 0.016113
vt 0.392578 0.012695
vt 0.391602 0.012695
vt 0.392578 0.016113
vt 0.392578 0.020508
vt 0.391357 0.020020
vt 0.392334 0.020996
vt 0.391113 0.016113
vt 0.391357 0.020508
vt 0.390869 0.022461
vt 0.391113 0.020020
vt 0.390625 0.007812
vt 0.390869 0.007812
vt 0.390869 0.016113
vt 0.390381 0.007324
vt 0.390625 0.007324
vt 0.390137 0.008301
vt 0.390137 0.007812
vt 0.390137 0.007324
vt 0.390137 0.006836
vt 0.389893 0.007812
vt 0.389404 0.016113
vt 0.389648 0.007324
vt 0.389648 0.006836
vt 0.389160 0.006836
vt 0.389160 0.007324
vt 0.387695 0.007812
vt 0.389160 0.007812
vt 0.387939 0.007812
vt 0.387451 0.008301
vt 0.388184 0.008301
vt 0.387695 0.008301
vt 0.387207 0.008789
vt 0.387939 0.008789
vt 0.387451 0.008789
vt 0.386963 0.009277
vt 0.387695 0.008789
vt 0.387451 0.009277
vt 0.387207 0.016113
vt 0.387695 0.009277
vt 0.387695 0.016113
vt 0.385986 0.016602
vt 0.386230 0.016113
vt 0.387939 0.016113
vt 0.387451 0.016602
vt 0.387207 0.017578
vt 0.385986 0.017578
vt 0.387695 0.017090
vt 0.389648 0.018066
vt 0.390869 0.020508
vt 0.388916 0.019043
vt 0.387451 0.017578
vt 0.390137 0.020996
vt 0.390381 0.021484
vt 0.388428 0.019531
vt 0.389893 0.021973
vt 0.390137 0.022949
vt 0.389893 0.021484
vt 0.389648 0.021973
vt 0.389648 0.022949
vt 0.388184 0.020020
vt 0.389160 0.022949
vt 0.389648 0.021484
vt 0.389404 0.021973
vt 0.387939 0.020508
vt 0.387207 0.020996
vt 0.386963 0.018555
vt 0.386230 0.019043
vt 0.387207 0.018066
vt 0.386719 0.018066
vt 0.385986 0.018555
vt 0.385986 0.018066
vt 0.386963 0.018066
vt 0.014206 0.013184
vt 0.014221 0.013184
vt 0.014282 0.013184
vt 0.014267 0.013184
vt 0.014214 0.013184
vt 0.014290 0.013184
vt 0.014252 0.012695
vt 0.014244 0.012695
vt 0.014343 0.012695
vt 0.014435 0.012695
vt 0.014442 0.012695
vt 0.015045 0.012695
vt 0.015083 0.012695
vt 0.015144 0.012695
vt 0.015137 0.012695
vt 0.015160 0.013184
vt 0.015121 0.013184
vt 0.015175 0.013184
vt 0.015167 0.013184
vt 0.015038 0.013184
vt 0.014435 0.013184
vt 0.014336 0.013184
vt 0.014297 0.013184
vt 0.984375 0.017578
vt 0.014290 0.012695
vt 0.014282 0.012695
vt 0.014168 0.013184
vt 0.014320 0.012695
vt 0.014145 0.013184
vt 0.014359 0.012695
vt 0.014381 0.012695
vt 0.014565 0.013184
vt 0.014397 0.012695
vt 0.014191 0.013184
vt 0.014153 0.013184
vt 0.014969 0.012695
vt 0.015022 0.012695
vt 0.014442 0.013184
vt 0.014999 0.012695
vt 0.015060 0.012695
vt 0.015030 0.012695
vt 0.015091 0.012695
vt 0.015053 0.012695
vt 0.015076 0.012695
vt 0.015121 0.012695
vt 0.014938 0.013184
vt 0.015213 0.013184
vt 0.014870 0.013184
vt 0.015007 0.013184
vt 0.015045 0.013184
vt 0.015030 0.013184
vt 0.014420 0.013184
vt 0.014450 0.013184
vt 0.014404 0.013184
vt 0.014389 0.013184
vt 0.015076 0.013184
vt 0.015182 0.013184
vt 0.015236 0.013184
vt 0.015221 0.013184
vt 0.014778 0.013184
vt 0.014725 0.013184
vt 0.014809 0.013184
vt 0.014656 0.013184
vt 0.014549 0.013184
vt 0.014725 0.012695
vt 0.014252 0.013672
vt 0.014229 0.013672
vt 0.014214 0.013672
vt 0.014275 0.013672
vt 0.014709 0.013672
vt 0.014244 0.013672
vt 0.014297 0.013672
vt 0.014336 0.013672
vt 0.014763 0.013672
vt 0.014671 0.013672
vt 0.014847 0.013672
vt 0.014801 0.013672
vt 0.014885 0.013672
vt 0.014908 0.013672
vt 0.014931 0.013672
vt 0.015198 0.013184
vt 0.014824 0.013672
vt 0.014900 0.013672
vt 0.015373 0.012207
vt 0.015404 0.012207
vt 0.015366 0.012207
vt 0.015236 0.012695
vt 0.015091 0.013184
vt 0.015259 0.012207
vt 0.014198 0.012207
vt 0.015198 0.012695
vt 0.015182 0.012695
vt 0.015167 0.012695
vt 0.015152 0.012695
vt 0.015190 0.012207
vt 0.015137 0.012207
vt 0.015114 0.012695
vt 0.015106 0.012207
vt 0.015053 0.012207
vt 0.015045 0.012207
vt 0.015083 0.012207
vt 0.015038 0.012207
vt 0.014511 0.012207
vt 0.014206 0.012207
vt 0.014153 0.012207
vt 0.014526 0.012207
vt 0.014465 0.012207
vt 0.014481 0.012207
vt 0.014435 0.012207
vt 0.014420 0.012207
vt 0.014381 0.012207
vt 0.014122 0.012207
vt 0.014046 0.012207
vt 0.014015 0.012207
vt 0.014496 0.012695
vt 0.013969 0.012695
vt 0.014053 0.012695
vt 0.014076 0.013184
vt 0.014183 0.013184
vt 0.014351 0.013184
vt 0.014168 0.013672
vt 0.014198 0.013672
vt 0.014183 0.013672
vt 0.014366 0.013184
vt 0.014282 0.013672
vt 0.014359 0.013672
vt 0.014397 0.013672
vt 0.014534 0.013184
vt 0.014412 0.013672
vt 0.014442 0.013672
vt 0.014496 0.013672
vt 0.014740 0.013184
vt 0.014534 0.012695
vt 0.014763 0.013184
vt 0.014893 0.012695
vt 0.014877 0.012695
vt 0.014915 0.012695
vt 0.014938 0.012695
vt 0.014961 0.012695
vt 0.014862 0.013184
vt 0.014877 0.013184
vt 0.014839 0.013672
vt 0.014854 0.013184
vt 0.014793 0.013672
vt 0.014732 0.013672
vt 0.014717 0.013672
vt 0.014664 0.013672
vt 0.014610 0.013672
vt 0.014626 0.013672
vt 0.014771 0.013672
vt 0.014648 0.013672
vt 0.014458 0.013672
vt 0.014389 0.013672
vt 0.333740 0.009277
vt 0.334229 0.008789
vt 0.332520 0.007812
vt 0.335205 0.010742
vt 0.332275 0.008301
vt 0.330566 0.007812
vt 0.334717 0.010742
vt 0.330811 0.008301
vt 0.328857 0.008789
vt 0.333008 0.010254
vt 0.331055 0.009766
vt 0.334717 0.019531
vt 0.335205 0.019531
vt 0.333496 0.011230
vt 0.332031 0.009766
vt 0.333496 0.019043
vt 0.333740 0.020996
vt 0.334229 0.021484
vt 0.333008 0.020020
vt 0.332275 0.021484
vt 0.332520 0.022461
vt 0.332031 0.020508
vt 0.330811 0.021484
vt 0.330566 0.022461
vt 0.331055 0.020508
vt 0.329590 0.011230
vt 0.329346 0.020996
vt 0.328857 0.021484
vt 0.330078 0.020020
vt 0.328369 0.019531
vt 0.327881 0.019531
vt 0.329590 0.019043
vt 0.327881 0.010742
vt 0.328369 0.010742
vt 0.330078 0.010254
vt 0.329346 0.009277
vt 0.330811 0.022461
vt 0.014732 0.013184
vt 0.014847 0.013184
vt -13.562500 0.451172
vt -13.437500 0.173828
vt -13.937500 0.451172
vt -12.992188 0.173828
vt -12.976562 0.451172
vt -12.437500 0.173828
vt -7.890625 0.451172
vt -7.617188 0.173828
vt -3.195312 0.451172
vt -3.060547 0.173828
vt -0.261230 0.451172
vt -0.081421 0.173828
vt 2.697266 0.451172
vt 2.947266 0.173828
vt 6.203125 0.451172
vt 6.507812 0.173828
vt 9.570312 0.451172
vt 9.828125 0.173828
vt 12.937500 0.451172
vt 12.921875 0.173828
vt 14.164062 0.451172
vt 14.148438 0.173828
vt 14.617188 0.173828
vt 14.632812 0.451172
vt 15.023438 0.451172
vt 15.031250 0.173828
vt 0.017227 0.013184
vt 0.017288 0.013184
vt 0.017181 0.013184
vt 0.016876 0.013672
vt 0.016830 0.013672
vt 0.017059 0.013184
vt 0.016479 0.013672
vt 0.016510 0.013672
vt 0.016739 0.013184
vt 0.015930 0.013184
vt 0.016159 0.013672
vt 0.016190 0.014160
vt 0.016373 0.013672
vt 0.015686 0.013672
vt 0.016129 0.013672
vt 0.015991 0.014160
vt 0.016006 0.014160
vt 0.015823 0.014160
vt 0.015961 0.013672
vt 0.015808 0.014160
vt 0.015640 0.014160
vt 0.015793 0.013672
vt 0.015625 0.014160
vt 0.015450 0.014160
vt 0.014992 0.014160
vt 0.015022 0.013672
vt 0.014999 0.014160
vt 0.014549 0.014160
vt 0.014534 0.014160
vt 0.014572 0.013672
vt 0.013550 0.013184
vt 0.013382 0.013184
vt 0.012787 0.013184
vt 0.012085 0.013184
vt 0.013222 0.013672
vt 0.011948 0.013184
vt 0.011421 0.013184
vt 0.013191 0.013672
vt 0.013168 0.013672
vt 0.011826 0.013672
vt 0.011795 0.013672
vt 0.011780 0.013672
vt 0.011475 0.013672
vt 0.011452 0.013672
vt 0.011414 0.013672
vt 0.011307 0.013184
vt 0.011246 0.013672
vt 0.011185 0.013672
vt 0.011208 0.013184
vt 0.011154 0.013184
vt 0.011124 0.013184
vt 0.011040 0.013184
vt 0.011047 0.013184
vt 0.010941 0.013184
vt 0.016617 0.013184
vt 0.016266 0.013184
vt 0.016510 0.013184
vt 0.015274 0.013184
vt 0.015762 0.013184
vt 0.015259 0.013184
vt 0.015266 0.013672
vt 0.016403 0.013672
vt 0.013817 0.013184
vt 0.013824 0.012695
vt 0.013107 0.013184
vt 0.015236 0.013672
vt 0.016022 0.014160
vt 0.012383 0.013184
vt 0.012390 0.013184
vt 0.011337 0.013184
vt 0.015091 0.014160
vt 0.015747 0.014648
vt 0.011330 0.013184
vt 0.009979 0.013184
vt 0.015007 0.014160
vt 0.015564 0.014648
vt 0.013817 0.013672
vt 0.013809 0.014160
vt 0.014954 0.014648
vt 0.014786 0.015137
vt 0.013802 0.014160
vt 0.013802 0.014648
vt 0.013794 0.015137
vt 0.012398 0.014648
vt 0.012375 0.015137
vt 0.012383 0.014160
vt 0.012131 0.014648
vt 0.012108 0.014648
vt 0.012047 0.015137
vt 0.011955 0.015137
vt 0.012039 0.014648
vt 0.012032 0.014648
vt 0.011887 0.015137
vt 0.011932 0.014648
vt 0.011803 0.015137
vt 0.011856 0.014160
vt 0.011955 0.014160
vt 0.011337 0.013672
vt 0.011307 0.015137
vt 0.010338 0.015137
vt 0.012383 0.013672
vt 0.010025 0.013672
vt 0.009789 0.013672
vt 0.009995 0.013672
vt 0.009735 0.013672
vt 0.009674 0.013672
vt 0.009590 0.013184
vt 0.019958 0.011230
vt 0.019821 0.011719
vt 0.019836 0.011719
vt 0.019928 0.011230
vt 0.019745 0.011719
vt 0.020004 0.011230
vt 0.020065 0.011230
vt 0.019852 0.011230
vt 0.019577 0.011230
vt 0.020523 0.010742
vt 0.019913 0.011230
vt 0.019974 0.011230
vt 0.020493 0.010742
vt 0.020660 0.010742
vt 0.020401 0.010742
vt 0.020645 0.010742
vt 0.020569 0.010254
vt 0.020264 0.010254
vt 0.020020 0.010742
vt 0.020142 0.010254
vt 0.020157 0.010254
vt 0.019653 0.010742
vt 0.019913 0.010742
vt 0.019867 0.010254
vt 0.019852 0.010254
vt 0.019653 0.010254
vt 0.019791 0.010254
vt 0.019730 0.010254
vt 0.019699 0.010254
vt 0.019577 0.010254
vt 0.019485 0.010742
vt 0.019516 0.010254
vt 0.019592 0.011230
vt 0.019119 0.010742
vt 0.019531 0.011230
vt 0.019348 0.011719
vt 0.019028 0.011230
vt 0.019119 0.011719
vt 0.019318 0.012207
vt 0.019547 0.011719
vt 0.018753 0.011719
vt 0.019623 0.011719
vt 0.019638 0.011719
vt 0.019394 0.012207
vt 0.018906 0.011719
vt 0.019257 0.012207
vt 0.019333 0.012207
vt 0.019348 0.012207
vt 0.018845 0.011719
vt 0.019196 0.012207
vt 0.019272 0.012207
vt 0.019241 0.012207
vt 0.019226 0.012207
vt 0.019165 0.012207
vt 0.018784 0.011719
vt 0.019150 0.012207
vt 0.019135 0.012207
vt 0.018555 0.012695
vt 0.018723 0.011719
vt 0.018539 0.012695
vt 0.019043 0.012207
vt 0.017975 0.013184
vt 0.018463 0.012695
vt 0.018387 0.012207
vt 0.018646 0.011719
vt 0.017990 0.012695
vt 0.018280 0.012207
vt 0.017868 0.013184
vt 0.017380 0.013672
vt 0.017395 0.013672
vt 0.017517 0.013184
vt 0.016861 0.014160
vt 0.016876 0.014160
vt 0.017303 0.013672
vt 0.016434 0.014648
vt 0.016037 0.015137
vt 0.016068 0.015137
vt 0.016357 0.014648
vt 0.017105 0.013184
vt 0.016449 0.013672
vt 0.015991 0.014648
vt 0.016968 0.013672
vt 0.016968 0.013184
vt 0.015594 0.015137
vt 0.015335 0.015137
vt 0.017120 0.013184
vt 0.016693 0.013184
vt 0.015762 0.015625
vt 0.015175 0.015625
vt 0.015839 0.015625
vt 0.015869 0.015625
vt 0.015625 0.016113
vt 0.015656 0.016113
vt 0.015495 0.016113
vt 0.015411 0.016113
vt 0.014923 0.015625
vt 0.015472 0.016113
vt 0.015305 0.016113
vt 0.015289 0.016113
vt 0.015106 0.016113
vt 0.015236 0.016113
vt 0.014885 0.016602
vt 0.015045 0.016113
vt 0.014603 0.016113
vt 0.014877 0.016113
vt 0.014626 0.016602
vt 0.014832 0.016113
vt 0.014618 0.016602
vt 0.014359 0.016602
vt 0.014587 0.016113
vt 0.014221 0.016113
vt 0.014351 0.016602
vt 0.014328 0.016113
vt 0.013199 0.016113
vt 0.010002 0.016602
vt 0.009995 0.016602
vt 0.010025 0.016113
vt 0.012161 0.016113
vt 0.011131 0.016113
vt 0.010170 0.016113
vt 0.009872 0.016113
vt 0.009842 0.016602
vt 0.009827 0.016602
vt 0.009766 0.016113
vt 0.009682 0.016113
vt 0.009674 0.016602
vt 0.009598 0.016113
vt 0.009552 0.016113
vt 0.009537 0.016113
vt 0.009422 0.016113
vt 0.009499 0.016113
vt 0.009445 0.016113
vt 0.009338 0.016113
vt 0.009369 0.016113
vt 0.009285 0.016113
vt 0.009605 0.015625
vt 0.009308 0.016113
vt 0.009224 0.015625
vt 0.009377 0.016113
vt 0.009575 0.015625
vt 0.009254 0.015625
vt 0.009041 0.013184
vt 0.009537 0.015625
vt 0.009071 0.013184
vt 0.008926 0.012207
vt 0.008957 0.012207
vt 0.009209 0.013184
vt 0.009323 0.013184
vt 0.009026 0.012207
vt 0.009308 0.013184
vt 0.009346 0.013184
vt 0.009125 0.012207
vt 0.009476 0.013184
vt 0.009010 0.011230
vt 0.009445 0.013184
vt 0.009232 0.012207
vt 0.009415 0.012695
vt 0.009140 0.011230
vt 0.009377 0.012207
vt 0.009575 0.012695
vt 0.009979 0.012695
vt 0.011330 0.012695
vt 0.012390 0.012695
vt 0.011314 0.012695
vt 0.013107 0.012695
vt 0.009995 0.012695
vt 0.012375 0.012695
vt 0.011322 0.012695
vt 0.013092 0.012695
vt 0.010025 0.012695
vt 0.011330 0.012207
vt 0.009888 0.012695
vt 0.012383 0.012207
vt 0.013802 0.012695
vt 0.013092 0.012207
vt 0.013802 0.012207
vt 0.015251 0.012695
vt 0.015228 0.012695
vt 0.015762 0.012695
vt 0.016281 0.012695
vt 0.016617 0.012695
vt 0.016296 0.012695
vt 0.016602 0.012695
vt 0.016800 0.012695
vt 0.017029 0.012207
vt 0.017441 0.012695
vt 0.017151 0.012695
vt 0.017914 0.012695
vt 0.017593 0.012207
vt 0.017960 0.011719
vt 0.017502 0.012207
vt 0.018341 0.011230
vt 0.017868 0.011719
vt 0.016968 0.012207
vt 0.017471 0.011719
vt 0.018234 0.011230
vt 0.016586 0.012695
vt 0.017838 0.011719
vt 0.016312 0.012695
vt 0.017426 0.011719
vt 0.015778 0.012207
vt 0.017105 0.012207
vt 0.015228 0.012207
vt 0.016312 0.012207
vt 0.016586 0.012207
vt 0.016876 0.012207
vt 0.016815 0.012207
vt 0.016571 0.012207
vt 0.016556 0.012207
vt 0.016769 0.012207
vt 0.017075 0.011719
vt 0.016891 0.012207
vt 0.017044 0.011719
vt 0.017365 0.011719
vt 0.016724 0.012207
vt 0.016876 0.011719
vt 0.016510 0.012207
vt 0.016708 0.012207
vt 0.017014 0.011719
vt 0.016815 0.011719
vt 0.016998 0.011719
vt 0.017349 0.011719
vt 0.017792 0.011230
vt 0.017746 0.011230
vt 0.016983 0.011719
vt 0.016800 0.011719
vt 0.017334 0.011719
vt 0.016617 0.011719
vt 0.017731 0.011230
vt 0.017715 0.011230
vt 0.016602 0.011719
vt 0.018112 0.011230
vt 0.018097 0.011230
vt 0.018143 0.011230
vt 0.018478 0.010742
vt 0.018463 0.010742
vt 0.018829 0.010742
vt 0.018188 0.011230
vt 0.018555 0.010742
vt 0.018845 0.010742
vt 0.019394 0.010254
vt 0.018616 0.011230
vt 0.018936 0.010742
vt 0.019440 0.010254
vt 0.019409 0.010254
vt 0.018723 0.011230
vt 0.018982 0.010742
vt 0.019485 0.010254
vt 0.019592 0.010254
vt 0.019455 0.010254
vt 0.019424 0.010254
vt 0.019363 0.010254
vt 0.012352 0.012207
vt 0.012337 0.012207
vt 0.012321 0.012207
vt 0.012215 0.012207
vt 0.013115 0.012207
vt 0.011841 0.012207
vt 0.011795 0.012207
vt 0.012367 0.012207
vt 0.013847 0.012207
vt 0.013870 0.012207
vt 0.014534 0.012207
vt 0.013824 0.012207
vt 0.015175 0.012207
vt 0.016388 0.012207
vt 0.016403 0.012207
vt 0.017075 0.012207
vt 0.017792 0.012207
vt 0.017120 0.012207
vt 0.017883 0.012207
vt 0.016190 0.012695
vt 0.017914 0.012207
vt 0.017990 0.012207
vt 0.017807 0.012207
vt 0.018021 0.012207
vt 0.017944 0.012207
vt 0.018143 0.012207
vt 0.017776 0.012695
vt 0.018051 0.012207
vt 0.018173 0.012207
vt 0.018204 0.012207
vt 0.018234 0.012207
vt 0.018311 0.012207
vt 0.018433 0.012207
vt 0.018265 0.012207
vt 0.018356 0.012207
vt 0.018478 0.012207
vt 0.018463 0.012207
vt 0.017929 0.012695
vt 0.017883 0.012695
vt 0.017578 0.013184
vt 0.017563 0.012695
vt 0.017426 0.013184
vt 0.017334 0.013184
vt 0.017456 0.012695
vt 0.017197 0.013184
vt 0.015991 0.013184
vt 0.015038 0.012695
vt 0.013725 0.012695
vt 0.013603 0.012695
vt 0.012978 0.012695
vt 0.012840 0.012695
vt 0.012390 0.012207
vt 0.012253 0.012695
vt 0.012123 0.012695
vt 0.011368 0.012695
vt 0.011879 0.012695
vt 0.011398 0.013184
vt 0.011345 0.012695
vt 0.011292 0.012695
vt 0.011192 0.012695
vt 0.011261 0.012695
vt 0.011169 0.012695
vt 0.011078 0.012695
vt 0.010979 0.012695
vt 0.011124 0.012695
vt 0.011017 0.012695
vt 0.010925 0.012695
vt 0.010902 0.013184
vt 0.011009 0.013184
vt 0.010918 0.013184
vt 0.010361 0.013672
vt 0.010406 0.013672
vt 0.010391 0.013672
vt 0.010345 0.013672
vt 0.010201 0.013672
vt 0.010452 0.013672
vt 0.010475 0.013672
vt 0.010590 0.013672
vt 0.010231 0.013672
vt 0.010567 0.013184
vt 0.010124 0.013672
vt 0.010078 0.013672
vt 0.010406 0.013184
vt 0.010178 0.013184
vt 0.010048 0.013672
vt 0.010117 0.013184
vt 0.010201 0.013184
vt 0.010132 0.013184
vt 0.010521 0.013184
vt 0.010147 0.013184
vt 0.010208 0.013184
vt 0.010704 0.013184
vt 0.010727 0.013184
vt 0.010735 0.013184
vt 0.010887 0.013184
vt 0.010895 0.013184
vt 0.012138 0.013184
vt 0.010246 0.013184
vt 0.010170 0.013184
vt 0.010864 0.012695
vt 0.010071 0.013184
vt 0.010193 0.012695
vt 0.010025 0.013184
vt 0.010101 0.013184
vt 0.009956 0.013672
vt 0.009941 0.013672
vt 0.009888 0.013672
vt 0.009903 0.013672
vt 0.009613 0.013184
vt 0.009796 0.013184
vt 0.009628 0.013184
vt 0.009727 0.013184
vt 0.009583 0.013184
vt 0.009552 0.013184
vt 0.009682 0.013184
vt 0.009293 0.013184
vt 0.009262 0.013184
vt 0.009613 0.012695
vt 0.009773 0.013184
vt 0.009789 0.013184
vt 0.009689 0.012695
vt 0.009827 0.013184
vt 0.010010 0.012695
vt 0.010185 0.012695
vt 0.010040 0.013184
vt 0.011711 0.012695
vt 0.012131 0.012695
vt 0.013405 0.012695
vt 0.013390 0.013184
vt 0.016098 0.012695
vt 0.015869 0.013184
vt 0.015884 0.013184
vt 0.018356 0.013184
vt 0.015930 0.012695
vt 0.016357 0.012695
vt 0.017136 0.013184
vt 0.017197 0.012695
vt 0.018738 0.012695
vt 0.018829 0.013184
vt 0.018845 0.013184
vt 0.019073 0.013184
vt 0.019119 0.013184
vt 0.019440 0.013672
vt 0.019455 0.013184
vt 0.019516 0.013184
vt 0.019135 0.013184
vt 0.019501 0.013184
vt 0.019577 0.013184
vt 0.019440 0.013184
vt 0.019409 0.013184
vt 0.019318 0.012695
vt 0.019485 0.013184
vt 0.019562 0.013184
vt 0.019547 0.013184
vt 0.019775 0.013184
vt 0.019791 0.013184
vt 0.019897 0.013184
vt 0.019699 0.013184
vt 0.019867 0.013184
vt 0.019653 0.013184
vt 0.019943 0.013184
vt 0.020004 0.013184
vt 0.019852 0.013184
vt 0.019608 0.013184
vt 0.019775 0.012695
vt 0.019714 0.012695
vt 0.019852 0.012695
vt 0.019836 0.012695
vt 0.019958 0.012695
vt 0.019913 0.012695
vt 0.020111 0.012695
vt 0.008812 0.011230
vt 0.008781 0.011230
vt 0.008713 0.010254
vt 0.008881 0.011230
vt 0.008743 0.010254
vt 0.008728 0.010254
vt 0.008789 0.010254
vt 0.008812 0.010254
vt 0.008965 0.010254
vt 0.009056 0.010254
vt 0.009109 0.010254
vt 0.009117 0.010254
vt 0.009552 0.009766
vt 0.009209 0.010254
vt 0.009239 0.010254
vt 0.009270 0.011230
vt 0.009293 0.010254
vt 0.009537 0.012207
vt 0.009392 0.010254
vt 0.009560 0.009766
vt 0.010338 0.009766
vt 0.010452 0.009766
vt 0.009567 0.009766
vt 0.010506 0.009766
vt 0.010269 0.009766
vt 0.010368 0.009766
vt 0.010536 0.009766
vt 0.011246 0.010254
vt 0.010445 0.009766
vt 0.011200 0.010742
vt 0.011261 0.010742
vt 0.011360 0.010742
vt 0.010361 0.009766
vt 0.011192 0.010742
vt 0.010284 0.009766
vt 0.011009 0.010742
vt 0.010193 0.009766
vt 0.011024 0.010742
vt 0.010864 0.010742
vt 0.009407 0.010254
vt 0.010132 0.010254
vt 0.010193 0.010254
vt 0.010239 0.010254
vt 0.010178 0.010254
vt 0.010681 0.010742
vt 0.010231 0.010254
vt 0.010117 0.010254
vt 0.010162 0.010254
vt 0.010201 0.010254
vt 0.010078 0.010254
vt 0.010071 0.010254
vt 0.009781 0.010254
vt 0.009758 0.010254
vt 0.009735 0.010254
vt 0.009705 0.010254
vt 0.009697 0.010254
vt 0.009651 0.010254
vt 0.009666 0.010254
vt 0.009613 0.010254
vt 0.009636 0.010254
vt 0.009583 0.010254
vt 0.009544 0.010742
vt 0.009598 0.010742
vt 0.009590 0.010742
vt 0.009537 0.010742
vt 0.009621 0.010742
vt 0.009438 0.011230
vt 0.009567 0.010742
vt 0.009659 0.010742
vt 0.009682 0.010742
vt 0.009712 0.010742
vt 0.009758 0.011230
vt 0.009773 0.010742
vt 0.010086 0.010742
vt 0.010071 0.010742
vt 0.010391 0.010742
vt 0.010361 0.010742
vt 0.010414 0.010742
vt 0.010468 0.010742
vt 0.010452 0.010742
vt 0.010376 0.010742
vt 0.010513 0.010742
vt 0.010445 0.010742
vt 0.010529 0.010742
vt 0.010551 0.010742
vt 0.010460 0.010742
vt 0.010490 0.010742
vt 0.010429 0.010742
vt 0.010437 0.010254
vt 0.010384 0.010254
vt 0.010269 0.010254
vt 0.010689 0.010742
vt 0.010780 0.010742
vt 0.010887 0.010742
vt 0.010826 0.010742
vt 0.010948 0.010742
vt 0.011147 0.010742
vt 0.010811 0.011230
vt 0.010727 0.010742
vt 0.011215 0.010742
vt 0.011292 0.010742
vt 0.011246 0.010742
vt 0.011177 0.010742
vt 0.011230 0.011230
vt 0.010971 0.011230
vt 0.011154 0.011230
vt 0.011215 0.011230
vt 0.011292 0.011230
vt 0.011322 0.011719
vt 0.011398 0.011230
vt 0.010757 0.011230
vt 0.011490 0.011719
vt 0.011543 0.011719
vt 0.011673 0.011719
vt 0.011726 0.011719
vt 0.011345 0.011719
vt 0.011955 0.011719
vt 0.011978 0.011719
vt 0.012375 0.011719
vt 0.010239 0.011719
vt 0.013832 0.011719
vt 0.015251 0.011719
vt 0.010506 0.011719
vt 0.015732 0.011719
vt 0.010696 0.011230
vt 0.016205 0.011719
vt 0.016220 0.011719
vt 0.016403 0.011719
vt 0.013817 0.011719
vt 0.016418 0.011719
vt 0.016251 0.012207
vt 0.016647 0.011719
vt 0.016495 0.012207
vt 0.016281 0.012207
vt 0.016296 0.012207
vt 0.015762 0.012207
vt 0.015244 0.012207
vt 0.013809 0.011719
vt 0.013084 0.012207
vt 0.012367 0.011719
vt 0.011337 0.011719
vt 0.012375 0.012207
vt 0.011322 0.012207
vt 0.010101 0.012207
vt 0.010056 0.012695
vt 0.010078 0.012207
vt 0.009933 0.012207
vt 0.009979 0.012207
vt 0.010002 0.012207
vt 0.009888 0.012207
vt 0.009842 0.012207
vt 0.009773 0.012695
vt 0.009697 0.012207
vt 0.009766 0.012207
vt 0.009636 0.012207
vt 0.009834 0.012207
vt 0.009735 0.012207
vt 0.009613 0.012207
vt 0.009605 0.012207
vt 0.009712 0.012207
vt 0.009621 0.011719
vt 0.009796 0.012207
vt 0.009773 0.012207
vt 0.009781 0.012207
vt 0.009895 0.012207
vt 0.010048 0.012207
vt 0.010033 0.012207
vt 0.010086 0.012207
vt 0.010132 0.012207
vt 0.010147 0.012207
vt 0.010124 0.011719
vt 0.009979 0.011719
vt 0.010109 0.011719
vt 0.009720 0.011719
vt 0.009819 0.011719
vt 0.009651 0.011719
vt 0.009750 0.011719
vt 0.009811 0.011719
vt 0.009895 0.011719
vt 0.009903 0.011719
vt 0.009972 0.011719
vt 0.010002 0.011230
vt 0.009926 0.011230
vt 0.010056 0.011230
vt 0.010147 0.011230
vt 0.010071 0.011230
vt 0.010201 0.011230
vt 0.010284 0.011230
vt 0.010208 0.011230
vt 0.010391 0.011230
vt 0.010597 0.011230
vt 0.010353 0.011230
vt 0.010483 0.011230
vt 0.010506 0.010742
vt 0.010567 0.011230
vt 0.010612 0.010742
vt 0.010559 0.010742
vt 0.010635 0.010742
vt 0.010674 0.010742
vt 0.010666 0.010742
vt 0.010689 0.011230
vt 0.010612 0.011230
vt 0.010643 0.011230
vt 0.011024 0.011719
vt 0.010895 0.011719
vt 0.011017 0.011719
vt 0.010880 0.011719
vt 0.010834 0.011719
vt 0.011116 0.012695
vt 0.011230 0.012695
vt 0.010811 0.011719
vt 0.011253 0.012695
vt 0.010643 0.011719
vt 0.011147 0.012695
vt 0.011284 0.012695
vt 0.011047 0.012695
vt 0.010735 0.011719
vt 0.010559 0.011719
vt 0.011070 0.012695
vt 0.010361 0.011719
vt 0.010345 0.011719
vt 0.010300 0.011719
vt 0.010803 0.014160
vt 0.011078 0.013672
vt 0.010857 0.014160
vt 0.010925 0.014160
vt 0.011253 0.013672
vt 0.010979 0.014160
vt 0.011017 0.014160
vt 0.011154 0.014160
vt 0.011063 0.014160
vt 0.011124 0.014648
vt 0.011215 0.014160
vt 0.011299 0.014160
vt 0.011330 0.014160
vt 0.011162 0.014648
vt 0.011261 0.014648
vt 0.011292 0.014160
vt 0.011383 0.014160
vt 0.013481 0.012695
vt 0.011467 0.014160
vt 0.011391 0.014160
vt 0.011284 0.014648
vt 0.011513 0.014160
vt 0.011429 0.014648
vt 0.011414 0.014648
vt 0.011581 0.014648
vt 0.011574 0.014648
vt 0.011749 0.014648
vt 0.011650 0.014160
vt 0.012733 0.014648
vt 0.012741 0.014648
vt 0.011795 0.014160
vt 0.011574 0.014160
vt 0.011696 0.014160
vt 0.013611 0.012695
vt 0.013756 0.012695
vt 0.011818 0.014160
vt 0.012733 0.014160
vt 0.013748 0.014648
vt 0.013756 0.014648
vt 0.012741 0.014160
vt 0.014771 0.014648
vt 0.014778 0.014648
vt 0.015823 0.014648
vt 0.013741 0.014160
vt 0.014740 0.014160
vt 0.015808 0.014648
vt 0.015732 0.014160
vt 0.016220 0.014648
vt 0.016617 0.014648
vt 0.015701 0.014160
vt 0.016586 0.014160
vt 0.016083 0.014160
vt 0.016418 0.014160
vt 0.016907 0.014160
vt 0.016953 0.014160
vt 0.016052 0.014160
vt 0.017151 0.014160
vt 0.017181 0.014160
vt 0.016708 0.013672
vt 0.017487 0.013672
vt 0.016937 0.013672
vt 0.018021 0.013184
vt 0.018524 0.012695
vt 0.018570 0.013184
vt 0.017654 0.012695
vt 0.019028 0.012207
vt 0.019073 0.012695
vt 0.019058 0.012207
vt 0.018738 0.012207
vt 0.018188 0.012695
vt 0.018692 0.012207
vt 0.018677 0.012207
vt 0.018524 0.012207
vt 0.018341 0.011719
vt 0.018326 0.012207
vt 0.018250 0.011719
vt 0.018280 0.011719
vt 0.017868 0.012207
vt 0.017548 0.012695
vt 0.018173 0.011719
vt 0.018219 0.011719
vt 0.017776 0.012207
vt 0.017761 0.012207
vt 0.017212 0.012207
vt 0.017197 0.012207
vt 0.016907 0.012695
vt 0.017288 0.012695
vt 0.017242 0.012695
vt 0.016998 0.012695
vt 0.016922 0.012695
vt 0.016953 0.012695
vt 0.016632 0.012695
vt 0.016678 0.012695
vt 0.016830 0.013184
vt 0.016373 0.012695
vt 0.016617 0.013672
vt 0.016327 0.012695
vt 0.016113 0.012695
vt 0.015900 0.012695
vt 0.016083 0.012695
vt 0.015884 0.012695
vt 0.015686 0.012695
vt 0.013947 0.012695
vt 0.013939 0.012695
vt 0.013817 0.012695
vt 0.013924 0.012695
vt 0.013695 0.012695
vt 0.013710 0.012695
vt 0.013794 0.012695
vt 0.013588 0.012695
vt 0.013664 0.012695
vt 0.013542 0.012695
vt 0.013733 0.014160
vt 0.014725 0.014160
vt 0.013496 0.012695
vt 0.013527 0.012695
vt 0.013336 0.012207
vt 0.013428 0.012695
vt 0.013290 0.012207
vt 0.013329 0.012207
vt 0.013374 0.012695
vt 0.013283 0.012207
vt 0.013306 0.012207
vt 0.013344 0.012207
vt 0.013153 0.012207
vt 0.013390 0.012207
vt 0.013527 0.011719
vt 0.013557 0.011719
vt 0.013573 0.011719
vt 0.013535 0.011719
vt 0.013565 0.011719
vt 0.013474 0.011719
vt 0.013451 0.011719
vt 0.013344 0.011719
vt 0.013329 0.011719
vt 0.013039 0.011719
vt 0.012970 0.011230
vt 0.012939 0.011230
vt 0.012901 0.011230
vt 0.012840 0.011230
vt 0.012871 0.011230
vt 0.012794 0.011230
vt 0.012856 0.012695
vt 0.012741 0.011230
vt 0.012764 0.012207
vt 0.012749 0.011719
vt 0.012650 0.011719
vt 0.012627 0.012207
vt 0.012741 0.012695
vt 0.012619 0.012207
vt 0.012848 0.012695
vt 0.012703 0.012695
vt 0.012596 0.012207
vt 0.012810 0.012695
vt 0.012756 0.012695
vt 0.012650 0.012695
vt 0.012558 0.012207
vt 0.012695 0.012695
vt 0.012581 0.012695
vt 0.012527 0.012695
vt 0.011276 0.012695
vt 0.011208 0.012695
vt 0.619629 0.945618
vt 0.567871 0.946259
vt 0.568359 0.997826
vt 0.620117 0.997190
vt 0.620117 0.997185
vt 0.568359 0.997822
vt 0.057037 0.085449
vt 0.002979 0.037598
vt 0.057037 0.037598
vt 0.002979 0.085449
vt 0.359619 0.066895
vt 0.305420 0.039062
vt 0.359619 0.039062
vt 0.305420 0.066895
vt 0.359619 0.155273
vt 0.305420 0.129883
vt 0.359619 0.129883
vt 0.305420 0.155273
vt 0.359619 0.125488
vt 0.305420 0.071289
vt 0.359619 0.071289
vt 0.305420 0.125488
vt 0.057037 0.133789
vt 0.002979 0.086914
vt 0.057037 0.086914
vt 0.002979 0.133789
vt 0.453857 0.151367
vt 0.453857 0.135254
vt 0.436279 0.151367
vt 0.436279 0.135254
vt 0.263672 0.920471
vt 0.255859 0.910339
vt 0.260742 0.924744
vt 0.270752 0.931274
vt 0.259766 0.909180
vt 0.256104 0.890869
vt 0.271484 0.925598
vt 0.370850 0.930359
vt 0.267822 0.915161
vt 0.370850 0.924561
vt 0.265625 0.907715
vt 0.272705 0.918396
vt 0.265625 0.893799
vt 0.260010 0.892151
vt 0.268066 0.886597
vt 0.263916 0.881165
vt 0.261230 0.876892
vt 0.271484 0.870361
vt 0.272217 0.875977
vt 0.371338 0.869385
vt 0.273438 0.883179
vt 0.371338 0.875061
vt 0.370605 0.917297
vt 0.371094 0.882324
vt 0.386719 0.875793
vt 0.387695 0.870361
vt 0.385254 0.882812
vt 0.384277 0.916687
vt 0.385742 0.923645
vt 0.386719 0.929138
vt 0.389893 0.913208
vt 0.393799 0.918579
vt 0.396729 0.922852
vt 0.401611 0.909302
vt 0.397705 0.907898
vt 0.392090 0.906250
vt 0.392334 0.893494
vt 0.397949 0.892151
vt 0.402100 0.891052
vt 0.390137 0.886108
vt 0.394531 0.880920
vt 0.397461 0.876831
vt 0.658691 0.801880
vt 0.656250 0.802124
vt 0.658691 0.802124
vt 0.656250 0.801880
vt 0.658691 0.807739
vt 0.656738 0.807373
vt 0.656250 0.807739
vt 0.658691 0.807373
vt 0.653809 0.802124
vt 0.653809 0.807373
vt 0.656250 0.807373
vt 0.656738 0.909485
vt 0.657227 0.909485
vt 0.656738 0.909180
vt 0.657715 0.909302
vt 0.657227 0.909180
vt 0.656738 0.905884
vt 0.657227 0.905762
vt 0.656738 0.905579
vt 0.657715 0.905579
vt 0.657227 0.905457
vt 0.480713 0.661133
vt 0.480713 0.661377
vt 0.480469 0.661133
vt 0.481201 0.661133
vt 0.481445 0.661133
vt 0.550781 0.656982
vt 0.550781 0.658203
vt 0.550293 0.658203
vt 0.550781 0.658447
vt 0.550293 0.658447
vt 0.550781 0.658691
vt 0.550293 0.658691
vt 0.550781 0.659912
vt 0.550293 0.659912
vt 0.550293 0.660156
vt 0.550781 0.660156
vt 0.550293 0.660400
vt 0.550781 0.660400
vt 0.550781 0.661621
vt 0.550781 0.661377
vt 0.651367 0.908813
vt 0.650879 0.909119
vt 0.650879 0.908569
vt 0.650879 0.908875
vt 0.650879 0.908264
vt 0.650391 0.908447
vt 0.650391 0.907898
vt 0.650391 0.908020
vt 0.650391 0.907532
vt 0.650391 0.907043
vt 0.650391 0.907166
vt 0.650391 0.906616
vt 0.650879 0.906799
vt 0.650879 0.906189
vt 0.650879 0.906433
vt 0.651367 0.905945
vt 0.651367 0.906250
vt 0.016006 0.012695
vt 0.015656 0.012695
vt 0.015961 0.012695
vt 0.015640 0.012695
vt 0.015579 0.012695
vt 0.015518 0.012695
vt 0.015495 0.012695
vt 0.014748 0.012695
vt 0.014336 0.012695
vt 0.014275 0.012695
vt 0.014221 0.012695
vt 0.014198 0.012695
vt 0.013504 0.012695
vt 0.013451 0.012695
vt 0.013443 0.012695
vt 0.013382 0.012695
vt 0.015656 0.013672
vt 0.015991 0.013672
vt 0.015640 0.013672
vt 0.015579 0.013672
vt 0.015518 0.013672
vt 0.015495 0.013672
vt 0.014809 0.013672
vt 0.014748 0.013672
vt 0.014221 0.013672
vt 0.013535 0.013672
vt 0.013512 0.013672
vt 0.013451 0.013672
vt 0.013390 0.013672
vt 0.013382 0.013672
vt 0.479980 0.740967
vt 0.480225 0.740967
vt 0.480225 0.741211
vt 0.480225 0.740723
vt 0.480225 0.737549
vt 0.479980 0.740723
vt 0.480225 0.734375
vt 0.480225 0.731445
vt 0.479736 0.740967
vt 0.479736 0.740723
vt 0.479736 0.739746
vt 0.479980 0.737549
vt 0.479736 0.737549
vt 0.479980 0.734375
vt 0.479736 0.734375
vt 0.479736 0.731445
vt 0.480225 0.728027
vt 0.479980 0.731445
vt 0.480225 0.725830
vt 0.480225 0.725586
vt 0.479980 0.728027
vt 0.479980 0.725586
vt 0.479736 0.725586
vt 0.479736 0.725830
vt 0.479736 0.728027
vt 0.479736 0.731201
vt 0.652344 0.907349
vt 0.647461 0.905457
vt 0.646973 0.906189
vt 0.652344 0.908081
vt 0.646973 0.906372
vt 0.652832 0.907410
vt 0.652344 0.908325
vt 0.646973 0.906555
vt 0.652344 0.908203
vt 0.653320 0.907471
vt 0.651855 0.909302
vt 0.646484 0.907288
vt 0.652832 0.908203
vt 0.651855 0.908508
vt 0.652344 0.909424
vt 0.652344 0.908630
vt 0.652832 0.909485
vt 0.652344 0.908386
vt 0.652832 0.908691
vt 0.652832 0.908447
vt 0.653320 0.909485
vt 0.653320 0.908508
vt 0.653320 0.908752
vt 0.653809 0.908691
vt 0.653809 0.909485
vt 0.653809 0.908508
vt 0.653320 0.908264
vt 0.653809 0.908264
vt 0.653809 0.907471
vt 0.654297 0.908447
vt 0.654297 0.908691
vt 0.654297 0.909485
vt 0.654297 0.908264
vt 0.654297 0.907471
vt 0.654785 0.908630
vt 0.654785 0.909424
vt 0.654785 0.908447
vt 0.654785 0.908203
vt 0.654785 0.907410
vt 0.655273 0.908569
vt 0.655273 0.909363
vt 0.655762 0.909241
vt 0.655273 0.908386
vt 0.655762 0.908447
vt 0.661133 0.907288
vt 0.660645 0.906555
vt 0.655762 0.908264
vt 0.660645 0.906372
vt 0.655273 0.908142
vt 0.655273 0.907349
vt 0.655273 0.907288
vt 0.655762 0.908020
vt 0.660645 0.906189
vt 0.660156 0.905457
vt 0.015991 0.012695
vt 0.015625 0.012695
vt 0.015526 0.012695
vt 0.014694 0.012695
vt 0.015625 0.013184
vt 0.015656 0.013184
vt 0.015961 0.013184
vt 0.015579 0.013184
vt 0.015526 0.013184
vt 0.015495 0.013184
vt 0.014198 0.013184
vt 0.013527 0.013184
vt 0.013496 0.013184
vt 0.013451 0.013184
vt 0.013443 0.013184
vt 0.013374 0.013184
vt 0.013504 0.013184
vt 0.013535 0.013184
vt 0.015625 0.013672
vt 0.015526 0.013672
vt 0.013504 0.013672
vt 0.013443 0.013672
vt 0.480469 0.652344
vt 0.480469 0.652588
vt 0.480713 0.652588
vt 0.480713 0.652344
vt 0.480225 0.654541
vt 0.481689 0.652588
vt 0.481689 0.652344
vt 0.480469 0.654541
vt 0.480225 0.656250
vt 0.481934 0.654297
vt 0.481689 0.654541
vt 0.481934 0.656250
vt 0.481689 0.656250
vt 0.481934 0.657959
vt 0.480469 0.656494
vt 0.481689 0.657959
vt 0.482178 0.659668
vt 0.480225 0.658203
vt 0.480469 0.658203
vt 0.480225 0.659912
vt 0.481934 0.659668
vt 0.479980 0.661377
vt 0.482178 0.661133
vt 0.480225 0.661621
vt 0.479980 0.663086
vt 0.481934 0.661377
vt 0.482178 0.662842
vt 0.482422 0.664551
vt 0.481934 0.662842
vt 0.480225 0.663086
vt 0.482178 0.664551
vt 0.482422 0.666016
vt 0.482178 0.666016
vt 0.482178 0.666260
vt 0.480225 0.664795
vt 0.480225 0.666504
vt 0.479980 0.664795
vt 0.479980 0.666504
vt 0.479980 0.666260
vt 0.014229 0.012695
vt 0.013390 0.012695
vt 0.481201 0.664551
vt 0.481445 0.663086
vt 0.481445 0.664551
vt 0.481201 0.663086
vt 0.481689 0.664551
vt 0.481445 0.661621
vt 0.481689 0.663086
vt 0.481689 0.664307
vt 0.481689 0.661621
vt 0.481934 0.661621
vt 0.481445 0.660156
vt 0.481934 0.660156
vt 0.481445 0.658691
vt 0.481934 0.658691
vt 0.481445 0.656982
vt 0.481934 0.656982
vt 0.481689 0.655518
vt 0.481445 0.655518
vt 0.481689 0.653809
vt 0.481934 0.655518
vt 0.482178 0.654053
vt 0.481934 0.653809
vt 0.481689 0.653564
vt 0.630859 0.662109
vt 0.627930 0.662109
vt 0.624023 0.662109
vt 0.630859 0.662354
vt 0.619629 0.662109
vt 0.630371 0.662354
vt 0.627930 0.662354
vt 0.615234 0.662109
vt 0.624023 0.662354
vt 0.623535 0.662354
vt 0.619629 0.662354
vt 0.615234 0.662354
vt 0.610840 0.662354
vt 0.610840 0.662109
vt 0.025970 0.947174
vt 0.025955 0.947205
vt 0.025925 0.947205
vt 0.026230 0.947235
vt 0.026230 0.947174
vt 0.026276 0.947205
vt 0.025925 0.947144
vt 0.026276 0.947144
vt 0.025711 0.947083
vt 0.026505 0.947113
vt 0.025696 0.946960
vt 0.025711 0.946930
vt 0.021225 0.946960
vt 0.026031 0.946075
vt 0.021225 0.947083
vt 0.025818 0.945984
vt 0.016190 0.946991
vt 0.026169 0.944885
vt 0.016174 0.947083
vt 0.025970 0.944794
vt 0.012939 0.946991
vt 0.026260 0.943695
vt 0.012863 0.947083
vt 0.026077 0.943634
vt 0.026321 0.942627
vt 0.026199 0.942566
vt 0.026443 0.941376
vt 0.026291 0.941315
vt 0.026550 0.940216
vt 0.026382 0.940125
vt 0.026443 0.938965
vt 0.026642 0.938904
vt 0.026413 0.938873
vt 0.026703 0.938843
vt 0.012856 0.946960
vt 0.026505 0.938721
vt 0.026352 0.938812
vt 0.026825 0.938751
vt 0.026016 0.938477
vt 0.026978 0.938965
vt 0.025925 0.938599
vt 0.027115 0.938965
vt 0.025375 0.938171
vt 0.025314 0.938293
vt 0.024750 0.937958
vt 0.024704 0.938049
vt 0.024124 0.937775
vt 0.024094 0.937897
vt 0.023422 0.937592
vt 0.023392 0.937714
vt 0.022705 0.937439
vt 0.022675 0.937561
vt 0.022018 0.937317
vt 0.022003 0.937439
vt 0.021301 0.937195
vt 0.021286 0.937317
vt 0.020584 0.937134
vt 0.020569 0.937256
vt 0.019699 0.937012
vt 0.019684 0.937134
vt 0.018723 0.937012
vt 0.018723 0.936890
vt 0.017532 0.936890
vt 0.017548 0.936829
vt 0.016342 0.936829
vt 0.016357 0.936707
vt 0.014938 0.936646
vt 0.014931 0.936768
vt 0.014229 0.936707
vt 0.014030 0.936584
vt 0.014114 0.936768
vt 0.014000 0.936646
vt 0.013962 0.936584
vt 0.013977 0.936646
vt 0.014061 0.936829
vt 0.013733 0.938049
vt 0.013863 0.938019
vt 0.013634 0.939423
vt 0.013496 0.939453
vt 0.013420 0.940765
vt 0.013290 0.940796
vt 0.013245 0.942108
vt 0.013123 0.942139
vt 0.013130 0.943359
vt 0.012993 0.943390
vt 0.013039 0.944641
vt 0.012901 0.944641
vt 0.012909 0.945923
vt 0.012772 0.945953
vt 0.012840 0.946899
vt 0.012703 0.947052
vt 0.012749 0.947083
vt 0.012657 0.947266
vt 0.027008 0.939087
vt 0.027206 0.939240
vt 0.027557 0.939178
vt 0.027145 0.939301
vt 0.027451 0.939362
vt 0.026886 0.940277
vt 0.028030 0.939728
vt 0.027069 0.940216
vt 0.028183 0.939575
vt 0.026978 0.941406
vt 0.028641 0.940155
vt 0.026779 0.941498
vt 0.028809 0.940002
vt 0.026871 0.942749
vt 0.029327 0.940643
vt 0.026703 0.942780
vt 0.029480 0.940521
vt 0.026779 0.943817
vt 0.030014 0.941162
vt 0.026627 0.943848
vt 0.030151 0.941010
vt 0.026703 0.944885
vt 0.030670 0.941711
vt 0.026505 0.944946
vt 0.030807 0.941559
vt 0.026642 0.946045
vt 0.031464 0.942139
vt 0.026367 0.946075
vt 0.031342 0.942291
vt 0.026520 0.946960
vt 0.032135 0.942719
vt 0.031982 0.942902
vt 0.026550 0.946991
vt 0.032654 0.943237
vt 0.032501 0.943420
vt 0.031647 0.947052
vt 0.033203 0.943787
vt 0.031677 0.946960
vt 0.033020 0.943939
vt 0.035004 0.947052
vt 0.033691 0.944336
vt 0.035034 0.946930
vt 0.033508 0.944489
vt 0.035522 0.947235
vt 0.034332 0.945068
vt 0.035065 0.946808
vt 0.034088 0.945221
vt 0.035522 0.947052
vt 0.034729 0.945526
vt 0.035400 0.946625
vt 0.034424 0.945679
vt 0.035004 0.946625
vt 0.035004 0.945892
vt 0.035217 0.946259
vt 0.034668 0.946014
vt 0.034851 0.946350
vt 0.552734 0.660645
vt 0.553223 0.660889
vt 0.552734 0.661133
vt 0.552734 0.660889
vt 0.553223 0.660645
vt 0.550293 0.661133
vt 0.553711 0.660645
vt 0.550293 0.660889
vt 0.553223 0.660400
vt 0.548340 0.660889
vt 0.553711 0.660156
vt 0.548340 0.661133
vt 0.553223 0.660156
vt 0.547852 0.660645
vt 0.553711 0.659424
vt 0.547363 0.660889
vt 0.553223 0.659424
vt 0.547363 0.657715
vt 0.553711 0.658691
vt 0.547852 0.657959
vt 0.553223 0.658691
vt 0.548340 0.657471
vt 0.553711 0.658203
vt 0.548340 0.657715
vt 0.553223 0.658447
vt 0.550293 0.657471
vt 0.553223 0.657959
vt 0.550293 0.657715
vt 0.553223 0.658203
vt 0.552734 0.657959
vt 0.553223 0.657715
vt 0.552734 0.657715
vt 0.551758 0.660889
vt 0.549316 0.660400
vt 0.551758 0.660645
vt 0.552246 0.660645
vt 0.549316 0.660645
vt 0.552246 0.660889
vt 0.548828 0.660156
vt 0.548828 0.660400
vt 0.552734 0.660400
vt 0.552734 0.658203
vt 0.548828 0.659912
vt 0.548340 0.659912
vt 0.552246 0.657959
vt 0.552246 0.657715
vt 0.548340 0.659424
vt 0.551758 0.657715
vt 0.548828 0.659424
vt 0.551758 0.657959
vt 0.548340 0.658691
vt 0.549316 0.658447
vt 0.548828 0.658936
vt 0.549316 0.658203
vt 0.548828 0.658447
vt 0.548828 0.658691
vt 0.548828 0.658203
vt 0.544922 0.662598
vt 0.544922 0.662354
vt 0.544922 0.662109
vt 0.544434 0.662354
vt 0.545410 0.662109
vt 0.544434 0.662109
vt 0.542480 0.661377
vt 0.545410 0.661621
vt 0.541992 0.661133
vt 0.544434 0.661133
vt 0.542969 0.661133
vt 0.542480 0.661133
vt 0.541992 0.660889
vt 0.541992 0.660645
vt 0.542480 0.660889
vt 0.542969 0.660889
vt 0.542480 0.660645
vt 0.544434 0.660889
vt 0.544434 0.660645
vt 0.541992 0.660156
vt 0.541504 0.660156
vt 0.541992 0.659668
vt 0.542480 0.660156
vt 0.544434 0.660400
vt 0.542480 0.659668
vt 0.544434 0.659668
vt 0.541992 0.659424
vt 0.541992 0.659180
vt 0.542480 0.659424
vt 0.542480 0.658936
vt 0.542480 0.659180
vt 0.544434 0.657959
vt 0.542969 0.659180
vt 0.542969 0.659424
vt 0.544434 0.659424
vt 0.544434 0.659180
vt 0.544922 0.659180
vt 0.544922 0.659424
vt 0.544922 0.658936
vt 0.545898 0.658936
vt 0.545410 0.658447
vt 0.544922 0.657959
vt 0.544922 0.657715
vt 0.544922 0.657471
vt 0.545410 0.657959
vt 0.545410 0.655762
vt 0.545898 0.656006
vt 0.546387 0.656250
vt 0.545898 0.658447
vt 0.545898 0.657959
vt 0.547363 0.656250
vt 0.546875 0.658936
vt 0.547363 0.658691
vt 0.547363 0.658203
vt 0.549316 0.656494
vt 0.549316 0.658691
vt 0.549316 0.658936
vt 0.551270 0.658447
vt 0.551270 0.656494
vt 0.551270 0.658691
vt 0.552734 0.656250
vt 0.553223 0.658936
vt 0.553711 0.658447
vt 0.553223 0.656250
vt 0.551270 0.659180
vt 0.554199 0.658936
vt 0.554199 0.658203
vt 0.553711 0.656006
vt 0.554688 0.655762
vt 0.555176 0.657959
vt 0.555176 0.658203
vt 0.554199 0.658691
vt 0.556641 0.658936
vt 0.557129 0.658691
vt 0.554688 0.659424
vt 0.553711 0.659180
vt 0.555664 0.659668
vt 0.551270 0.659424
vt 0.554688 0.659668
vt 0.553223 0.659668
vt 0.549316 0.659180
vt 0.551270 0.659668
vt 0.546875 0.659180
vt 0.549316 0.659424
vt 0.546875 0.659424
vt 0.545898 0.659424
vt 0.549316 0.659668
vt 0.548828 0.660645
vt 0.546875 0.660400
vt 0.545898 0.660400
vt 0.544922 0.660400
vt 0.544922 0.660645
vt 0.545898 0.660645
vt 0.544922 0.660889
vt 0.545898 0.660889
vt 0.544922 0.661133
vt 0.545898 0.661133
vt 0.546387 0.660889
vt 0.546875 0.660645
vt 0.545898 0.661377
vt 0.545898 0.661865
vt 0.546387 0.661133
vt 0.547363 0.661377
vt 0.546875 0.661865
vt 0.548828 0.662109
vt 0.548828 0.661133
vt 0.548828 0.661377
vt 0.548828 0.661621
vt 0.550781 0.662109
vt 0.551270 0.661377
vt 0.550781 0.661865
vt 0.552734 0.662109
vt 0.552734 0.662354
vt 0.553223 0.662598
vt 0.553711 0.662354
vt 0.553711 0.662842
vt 0.553223 0.661621
vt 0.554199 0.661865
vt 0.554199 0.663330
vt 0.554199 0.663818
vt 0.554199 0.663574
vt 0.556152 0.663330
vt 0.556152 0.663574
vt 0.555176 0.662109
vt 0.556152 0.662354
vt 0.555176 0.661865
vt 0.557129 0.662598
vt 0.556152 0.662109
vt 0.558105 0.663086
vt 0.558105 0.663330
vt 0.557129 0.662354
vt 0.558594 0.663086
vt 0.557617 0.662598
vt 0.558105 0.662842
vt 0.558105 0.662598
vt 0.558594 0.662842
vt 0.558594 0.662598
vt 0.559082 0.662842
vt 0.559082 0.662598
vt 0.558105 0.662354
vt 0.559082 0.662354
vt 0.559570 0.661865
vt 0.558594 0.662354
vt 0.559570 0.661133
vt 0.559570 0.660645
vt 0.559082 0.661621
vt 0.558594 0.662109
vt 0.557129 0.662109
vt 0.557129 0.661865
vt 0.556152 0.661865
vt 0.556152 0.661621
vt 0.558594 0.661621
vt 0.557617 0.660645
vt 0.558594 0.661133
vt 0.559082 0.661133
vt 0.558594 0.660889
vt 0.559082 0.660889
vt 0.559082 0.660645
vt 0.559082 0.660400
vt 0.559082 0.660156
vt 0.559082 0.659912
vt 0.558594 0.660400
vt 0.558594 0.659912
vt 0.558105 0.660400
vt 0.557617 0.660156
vt 0.556152 0.659912
vt 0.557617 0.660400
vt 0.555664 0.659912
vt 0.556152 0.660156
vt 0.556152 0.660400
vt 0.555664 0.660156
vt 0.555176 0.660400
vt 0.555176 0.661377
vt 0.554688 0.659912
vt 0.555176 0.661621
vt 0.554199 0.661377
vt 0.554199 0.661621
vt 0.554688 0.660156
vt 0.553223 0.661377
vt 0.553223 0.661133
vt 0.551270 0.661133
vt 0.553223 0.659912
vt 0.548828 0.660889
vt 0.551270 0.660889
vt 0.051605 0.946503
vt 0.051453 0.944763
vt 0.051361 0.944794
vt 0.051361 0.943420
vt 0.051483 0.946533
vt 0.051819 0.948792
vt 0.051331 0.944794
vt 0.051666 0.948822
vt 0.051300 0.943481
vt 0.051331 0.943420
vt 0.051392 0.946564
vt 0.051239 0.943054
vt 0.051300 0.943024
vt 0.051758 0.949127
vt 0.051910 0.949097
vt 0.051239 0.942505
vt 0.051300 0.942474
vt 0.051849 0.949463
vt 0.052002 0.949371
vt 0.051208 0.941925
vt 0.051270 0.941925
vt 0.051971 0.949615
vt 0.052063 0.949493
vt 0.051239 0.941376
vt 0.051270 0.941376
vt 0.051086 0.941956
vt 0.051086 0.942535
vt 0.051147 0.941345
vt 0.051117 0.943085
vt 0.050995 0.941956
vt 0.050995 0.942535
vt 0.051178 0.943512
vt 0.051025 0.943115
vt 0.051025 0.941345
vt 0.050964 0.943146
vt 0.051056 0.943542
vt 0.051056 0.941345
vt 0.051056 0.940735
vt 0.051178 0.944824
vt 0.051025 0.944855
vt 0.051300 0.946564
vt 0.051117 0.946594
vt 0.051605 0.948853
vt 0.051483 0.948914
vt 0.051331 0.948944
vt 0.051666 0.949188
vt 0.051575 0.949310
vt 0.051453 0.949371
vt 0.051819 0.949493
vt 0.051727 0.949646
vt 0.051605 0.949707
vt 0.051910 0.949677
vt 0.051849 0.949829
vt 0.051758 0.949921
vt 0.052094 0.949738
vt 0.052155 0.949615
vt 0.052338 0.949677
vt 0.052063 0.949799
vt 0.052002 0.949951
vt 0.051941 0.950073
vt 0.052307 0.949829
vt 0.052551 0.949707
vt 0.052277 0.949921
vt 0.052246 0.950073
vt 0.052216 0.950256
vt 0.052521 0.949951
vt 0.052551 0.949890
vt 0.056854 0.949402
vt 0.052551 0.950134
vt 0.052521 0.950378
vt 0.056946 0.950012
vt 0.056854 0.949524
vt 0.056854 0.949615
vt 0.057587 0.949341
vt 0.057556 0.949249
vt 0.056885 0.949738
vt 0.057617 0.949432
vt 0.057892 0.949127
vt 0.057861 0.949036
vt 0.057678 0.949554
vt 0.057739 0.949707
vt 0.057953 0.949188
vt 0.058044 0.949310
vt 0.058167 0.949402
vt 0.058289 0.949036
vt 0.058411 0.949097
vt 0.058197 0.948914
vt 0.058502 0.948730
vt 0.058624 0.948792
vt 0.058136 0.948853
vt 0.058075 0.948822
vt 0.058380 0.948639
vt 0.058807 0.948029
vt 0.058960 0.948090
vt 0.058319 0.948578
vt 0.058258 0.948517
vt 0.058685 0.947968
vt 0.059143 0.947418
vt 0.059265 0.947510
vt 0.058624 0.947906
vt 0.058563 0.947876
vt 0.058929 0.947296
vt 0.058868 0.947266
vt 0.058990 0.947357
vt 0.059509 0.946838
vt 0.059631 0.946930
vt 0.060028 0.946381
vt 0.059387 0.946747
vt 0.059326 0.946716
vt 0.059265 0.946655
vt 0.059906 0.946289
vt 0.060516 0.945862
vt 0.059784 0.946198
vt 0.059723 0.946136
vt 0.059662 0.946075
vt 0.060211 0.945618
vt 0.060150 0.945557
vt 0.060272 0.945679
vt 0.060699 0.945099
vt 0.060638 0.945038
vt 0.061127 0.944427
vt 0.060394 0.945770
vt 0.060760 0.945129
vt 0.061218 0.944458
vt 0.061676 0.943848
vt 0.060883 0.945221
vt 0.061005 0.945312
vt 0.061279 0.944489
vt 0.061798 0.943909
vt 0.062103 0.943237
vt 0.061401 0.944580
vt 0.061523 0.944702
vt 0.061859 0.943939
vt 0.062256 0.943268
vt 0.062469 0.942566
vt 0.061951 0.944031
vt 0.062073 0.944092
vt 0.062500 0.943390
vt 0.062317 0.943298
vt 0.062408 0.943359
vt 0.062866 0.942657
vt 0.062622 0.942627
vt 0.062744 0.942627
vt 0.062927 0.942444
vt 0.062561 0.942596
vt 0.062683 0.942383
vt 0.062805 0.942413
vt 0.062988 0.942230
vt 0.062622 0.942383
vt 0.062561 0.942352
vt 0.062744 0.942169
vt 0.062683 0.942139
vt 0.062561 0.942139
vt 0.062866 0.942200
vt 0.062744 0.941956
vt 0.063049 0.942017
vt 0.063049 0.941833
vt 0.062927 0.941986
vt 0.063049 0.941681
vt 0.062805 0.941833
vt 0.062988 0.941711
vt 0.062988 0.941528
vt 0.062927 0.941833
vt 0.062805 0.941254
vt 0.062927 0.941681
vt 0.062805 0.941742
vt 0.062622 0.941956
vt 0.062622 0.941864
vt 0.062744 0.941864
vt 0.062622 0.941772
vt 0.062744 0.941742
vt 0.062622 0.941681
vt 0.062744 0.941620
vt 0.062744 0.941650
vt 0.062500 0.941528
vt 0.062866 0.941559
vt 0.062622 0.941406
vt 0.062317 0.941284
vt 0.062622 0.941376
vt 0.062744 0.941315
vt 0.062439 0.941132
vt 0.062378 0.941162
vt 0.062164 0.941101
vt 0.062225 0.941040
vt 0.062012 0.940948
vt 0.062500 0.941071
vt 0.062561 0.941010
vt 0.062561 0.940979
vt 0.062256 0.941010
vt 0.062347 0.940918
vt 0.062073 0.940857
vt 0.062042 0.940887
vt 0.061798 0.940735
vt 0.062164 0.940765
vt 0.061829 0.940704
vt 0.061584 0.940582
vt 0.061859 0.940674
vt 0.061584 0.940521
vt 0.061066 0.940186
vt 0.061615 0.940521
vt 0.061127 0.940155
vt 0.061951 0.940582
vt 0.061707 0.940399
vt 0.061798 0.940338
vt 0.062256 0.940704
vt 0.061188 0.940063
vt 0.061249 0.939972
vt 0.061279 0.939972
vt 0.060730 0.939606
vt 0.060608 0.939789
vt 0.060577 0.939850
vt 0.060669 0.939728
vt 0.060730 0.939636
vt 0.060211 0.939301
vt 0.060089 0.939453
vt 0.060059 0.939514
vt 0.060120 0.939392
vt 0.060181 0.939301
vt 0.059631 0.938965
vt 0.059540 0.939148
vt 0.059509 0.939178
vt 0.059570 0.939056
vt 0.059631 0.938995
vt 0.059082 0.938690
vt 0.059021 0.938843
vt 0.058990 0.938904
vt 0.059052 0.938782
vt 0.059082 0.938721
vt 0.058533 0.938416
vt 0.058472 0.938568
vt 0.058441 0.938629
vt 0.058472 0.938507
vt 0.058502 0.938446
vt 0.057953 0.938141
vt 0.057892 0.938324
vt 0.057892 0.938354
vt 0.057922 0.938263
vt 0.057953 0.938171
vt 0.057373 0.937958
vt 0.057312 0.938110
vt 0.057281 0.938171
vt 0.057343 0.938049
vt 0.057343 0.937958
vt 0.056763 0.937805
vt 0.056732 0.937897
vt 0.056732 0.937958
vt 0.056702 0.938019
vt 0.056763 0.937836
vt 0.056122 0.937714
vt 0.056122 0.937744
vt 0.055511 0.937653
vt 0.056122 0.937836
vt 0.055511 0.937683
vt 0.054871 0.937653
vt 0.056091 0.937897
vt 0.056091 0.937988
vt 0.055511 0.937775
vt 0.055481 0.937866
vt 0.055481 0.937927
vt 0.054871 0.937744
vt 0.054871 0.937836
vt 0.054840 0.937897
vt 0.054260 0.937622
vt 0.054260 0.937836
vt 0.054260 0.937897
vt 0.054260 0.937744
vt 0.053650 0.937836
vt 0.053650 0.937927
vt 0.054260 0.937653
vt 0.053619 0.937622
vt 0.053650 0.937744
vt 0.053040 0.937836
vt 0.053009 0.937927
vt 0.053619 0.937653
vt 0.053009 0.937622
vt 0.053009 0.937744
vt 0.053009 0.937653
vt 0.052399 0.937653
vt 0.052429 0.937866
vt 0.052399 0.937958
vt 0.051849 0.937958
vt 0.052399 0.937775
vt 0.051819 0.937866
vt 0.051788 0.937988
vt 0.052399 0.937683
vt 0.051788 0.937805
vt 0.051758 0.937897
vt 0.051727 0.938019
vt 0.051758 0.937714
vt 0.051697 0.937836
vt 0.051666 0.937744
vt 0.051636 0.937744
vt 0.051544 0.937805
vt 0.051453 0.937866
vt 0.051697 0.937927
vt 0.051636 0.937866
vt 0.051483 0.937897
vt 0.051392 0.938049
vt 0.051575 0.937958
vt 0.051636 0.937988
vt 0.051697 0.938080
vt 0.051514 0.938049
vt 0.051422 0.938049
vt 0.051605 0.938080
vt 0.051666 0.938141
vt 0.051361 0.938477
vt 0.051331 0.938477
vt 0.051270 0.938995
vt 0.051453 0.938507
vt 0.051514 0.938538
vt 0.051605 0.938568
vt 0.051178 0.939545
vt 0.051361 0.939056
vt 0.051453 0.939117
vt 0.051483 0.939148
vt 0.051208 0.939545
vt 0.051117 0.940155
vt 0.051300 0.939606
vt 0.051392 0.939667
vt 0.051422 0.939697
vt 0.051147 0.940155
vt 0.051239 0.940186
vt 0.051331 0.940247
vt 0.051361 0.940247
vt 0.051178 0.940765
vt 0.051239 0.940796
vt 0.051300 0.940826
s 1
usemtl e50:MI_1241010001_002
f 1/1/1 2/2/1 3/3/1
f 4/4/2 5/5/3 6/6/3
f 5/5/3 4/4/2 7/7/3
f 8/4/4 9/7/5 10/7/4
f 9/7/5 8/4/4 11/4/5
f 12/6/6 13/5/7 14/6/7
f 13/5/7 12/6/6 15/5/7
f 16/6/8 17/5/8 18/5/9
f 17/5/8 16/6/8 19/6/8
f 20/6/10 21/5/10 22/5/11
f 21/5/10 20/6/10 23/6/11
f 24/6/12 25/5/12 26/5/12
f 25/5/12 24/6/12 27/6/12
f 28/8/13 29/9/14 30/9/14
f 29/9/14 28/8/13 31/8/15
f 32/6/3 33/7/16 34/5/2
f 33/7/16 32/6/3 35/4/17
f 36/4/5 37/7/5 38/7/5
f 37/7/5 36/4/5 39/10/5
f 40/6/7 41/5/7 42/5/7
f 41/5/7 40/6/7 43/6/7
f 44/6/18 45/5/8 46/6/8
f 45/5/8 44/6/18 47/5/18
f 48/6/10 49/5/10 50/5/10
f 49/5/10 48/6/10 51/6/10
f 52/6/12 53/5/12 54/6/12
f 53/5/12 52/6/12 55/5/12
f 56/11/14 57/12/14 58/12/14
f 56/11/14 58/12/14 59/11/14
f 60/13/19 61/14/20 62/15/21
f 62/15/21 63/16/22 60/13/19
f 64/17/23 63/16/22 62/15/21
f 63/16/22 64/17/23 65/18/24
f 66/19/25 65/18/24 64/17/23
f 65/18/24 66/19/25 67/20/26
f 68/21/27 67/20/26 66/19/25
f 67/20/26 68/21/27 69/22/28
f 70/23/29 69/22/28 68/21/27
f 70/23/29 71/24/30 69/22/28
f 70/23/29 72/25/31 71/24/30
f 70/23/29 73/26/32 72/25/31
f 72/25/31 73/26/32 74/27/33
f 74/27/33 73/26/32 75/28/34
f 75/28/34 73/26/32 76/28/35
f 76/28/35 73/26/32 77/29/36
f 78/30/37 77/29/36 73/26/32
f 78/30/37 79/31/38 77/29/36
f 79/31/38 78/30/37 80/32/39
f 81/33/39 80/32/39 78/30/37
f 80/32/39 81/33/39 82/34/39
f 82/34/39 81/33/39 83/35/40
f 81/33/39 84/36/39 83/35/40
f 83/35/40 84/36/39 85/37/39
f 84/36/39 86/38/41 85/37/39
f 86/38/41 84/36/39 87/39/42
f 86/38/41 88/40/43 89/41/44
f 86/38/41 87/39/42 88/40/43
f 90/39/45 88/40/43 87/39/42
f 90/39/45 87/39/42 91/42/45
f 87/39/42 92/43/46 91/42/45
f 87/39/42 93/44/47 92/43/46
f 87/39/42 94/45/48 93/44/47
f 95/46/49 96/13/50 97/16/51
f 95/46/49 97/16/51 98/47/52
f 99/18/53 98/47/52 97/16/51
f 98/47/52 99/18/53 100/48/54
f 100/48/54 99/18/53 101/20/55
f 100/48/54 101/20/55 102/49/56
f 102/49/56 101/20/55 103/22/57
f 102/49/56 103/22/57 104/50/56
f 105/24/58 104/50/56 103/22/57
f 104/50/56 105/24/58 106/51/59
f 107/52/60 106/51/59 105/24/58
f 105/24/58 108/25/61 107/52/60
f 108/25/61 109/53/61 107/52/60
f 109/53/61 108/25/61 110/54/61
f 110/54/61 108/25/61 111/55/61
f 112/56/62 111/55/61 108/25/61
f 113/27/63 112/56/62 108/25/61
f 112/56/62 113/27/63 114/57/64
f 115/28/65 114/57/64 113/27/63
f 114/57/64 115/28/65 116/58/65
f 117/28/66 116/58/65 115/28/65
f 117/28/66 118/59/67 116/58/65
f 118/59/67 117/28/66 119/60/68
f 119/60/68 117/28/66 120/61/69
f 121/29/70 120/61/69 117/28/66
f 122/62/71 120/61/69 121/29/70
f 123/31/72 122/62/71 121/29/70
f 124/63/73 122/62/71 123/31/72
f 123/31/72 125/64/74 124/63/73
f 125/64/74 123/31/72 126/32/74
f 125/64/74 126/32/74 127/65/75
f 126/32/74 128/34/76 127/65/75
f 127/65/75 128/34/76 129/66/75
f 129/66/75 128/34/76 130/67/77
f 130/67/77 128/34/76 131/68/78
f 132/35/79 131/68/78 128/34/76
f 131/68/78 132/35/79 133/69/80
f 134/70/81 133/69/80 132/35/79
f 132/35/79 135/37/82 134/70/81
f 134/70/81 135/37/82 136/71/83
f 136/71/83 135/37/82 137/72/84
f 135/37/82 138/38/85 137/72/84
f 137/72/84 138/38/85 139/73/86
f 139/73/86 138/38/85 140/74/87
f 141/41/88 140/74/87 138/38/85
f 142/75/89 143/76/90 144/77/91
f 145/78/92 142/75/89 144/77/91
f 145/78/92 144/77/91 146/79/92
f 147/80/93 145/78/92 146/79/92
f 146/79/92 148/81/93 147/80/93
f 149/82/94 147/80/93 148/81/93
f 148/81/93 150/83/95 149/82/94
f 150/83/95 151/84/96 149/82/94
f 151/84/96 150/83/95 152/85/97
f 153/86/98 151/84/96 152/85/97
f 152/85/97 154/87/99 153/86/98
f 155/88/100 153/86/98 154/87/99
f 154/87/99 156/89/101 155/88/100
f 156/89/101 157/90/102 155/88/100
f 157/90/102 156/89/101 158/91/103
f 158/91/103 159/92/104 157/90/102
f 158/91/103 160/93/105 159/92/104
f 160/93/105 161/94/106 159/92/104
f 161/94/106 160/93/105 162/95/107
f 163/1/108 161/94/106 162/95/107
f 161/94/106 163/1/108 164/96/109
f 163/1/108 165/97/110 164/96/109
f 166/3/110 165/97/110 163/1/108
f 166/3/110 167/98/111 165/97/110
f 166/3/110 168/99/112 167/98/111
f 167/98/111 168/99/112 169/100/113
f 168/99/112 170/101/114 169/100/113
f 170/101/114 171/102/114 169/100/113
f 169/100/113 171/102/114 172/103/115
f 172/103/115 173/104/116 169/100/113
f 169/100/113 173/104/116 174/105/117
f 175/106/116 174/105/117 173/104/116
f 176/107/116 174/105/117 175/106/116
f 177/108/118 174/105/117 176/107/116
f 178/109/119 174/105/117 177/108/118
f 174/105/117 178/109/119 179/110/120
f 178/109/119 180/111/121 179/110/120
f 180/111/121 181/112/122 179/110/120
f 179/110/120 181/112/122 182/111/123
f 182/111/123 181/112/122 183/113/124
f 184/114/125 182/111/123 183/113/124
f 184/114/125 185/114/126 182/111/123
f 185/114/126 184/114/125 186/115/127
f 186/115/127 187/116/128 185/114/126
f 188/117/129 185/114/126 187/116/128
f 187/116/128 189/118/130 188/117/129
f 188/117/129 189/118/130 190/119/131
f 189/118/130 191/120/132 190/119/131
f 190/119/131 191/120/132 192/121/133
f 190/119/131 192/121/133 193/122/134
f 194/123/135 190/119/131 193/122/134
f 195/124/136 194/123/135 193/122/134
f 194/123/135 195/124/136 196/125/137
f 197/126/137 194/123/135 196/125/137
f 198/127/138 194/123/135 197/126/137
f 199/128/139 198/127/138 197/126/137
f 198/127/138 199/128/139 200/129/140
f 199/128/139 201/130/141 200/129/140
f 200/129/140 201/130/141 202/131/142
f 200/129/140 202/131/142 203/132/143
f 204/133/144 200/129/140 203/132/143
f 205/134/145 204/133/144 203/132/143
f 204/133/144 205/134/145 206/135/146
f 205/134/145 207/136/147 206/135/146
f 207/136/147 208/137/148 206/135/146
f 206/135/146 208/137/148 209/138/149
f 206/135/146 209/138/149 210/139/150
f 210/139/150 211/140/151 206/135/146
f 211/140/151 210/139/150 212/141/152
f 212/141/152 213/142/153 211/140/151
f 213/142/153 214/143/154 211/140/151
f 214/143/154 213/142/153 215/144/155
f 215/144/155 216/145/156 214/143/154
f 217/146/157 214/143/154 216/145/156
f 216/145/156 218/147/158 217/146/157
f 218/147/158 219/148/159 217/146/157
f 220/149/160 217/146/157 219/148/159
f 220/149/160 219/148/159 221/150/161
f 221/150/161 222/151/162 220/149/160
f 223/152/163 220/149/160 222/151/162
f 220/149/160 223/152/163 224/153/164
f 223/152/163 225/154/165 224/153/164
f 226/5/166 227/155/167 228/156/166
f 227/155/167 229/157/167 228/156/166
f 228/156/166 229/157/167 230/158/167
f 231/159/168 232/160/168 233/161/168
f 233/161/168 234/162/169 231/159/168
f 235/163/168 234/162/169 233/161/168
f 235/163/168 236/164/169 234/162/169
f 237/165/170 236/164/169 235/163/168
f 236/164/169 237/165/170 238/166/170
f 239/167/170 238/166/170 237/165/170
f 240/168/171 238/166/170 239/167/170
f 241/169/171 238/166/170 240/168/171
f 240/168/171 242/170/170 241/169/171
f 242/170/170 240/168/171 243/171/170
f 243/171/170 244/172/170 242/170/170
f 244/172/170 243/171/170 245/173/171
f 244/172/170 245/173/171 246/4/170
f 246/4/170 245/173/171 247/174/170
f 247/174/170 248/175/168 246/4/170
f 249/5/166 250/155/166 251/156/166
f 252/157/166 251/156/166 250/155/166
f 251/156/166 252/157/166 253/158/166
f 254/176/172 255/176/173 256/177/173
f 256/177/173 255/176/173 257/178/173
f 255/176/173 258/179/173 257/178/173
f 259/2/173 257/178/173 258/179/173
f 260/3/173 259/2/173 258/179/173
f 261/180/173 257/178/173 259/2/173
f 262/181/174 261/180/173 259/2/173
f 263/182/173 262/181/174 259/2/173
f 264/183/173 263/182/173 259/2/173
f 265/184/168 266/160/168 267/161/168
f 268/163/168 265/184/168 267/161/168
f 265/184/168 268/163/168 269/185/168
f 270/165/168 269/185/168 268/163/168
f 269/185/168 270/165/168 271/186/168
f 272/167/168 271/186/168 270/165/168
f 271/186/168 272/167/168 273/166/168
f 274/187/168 273/166/168 272/167/168
f 273/166/168 274/187/168 275/188/168
f 276/189/168 275/188/168 274/187/168
f 275/188/168 276/189/168 277/170/168
f 278/190/168 277/170/168 276/189/168
f 277/170/168 278/190/168 279/172/168
f 280/191/168 279/172/168 278/190/168
f 279/172/168 280/191/168 281/4/168
f 280/191/168 282/175/168 281/4/168
f 283/173/175 284/173/176 285/192/176
f 286/4/177 283/173/175 285/192/176
f 287/193/177 283/173/175 286/4/177
f 287/193/177 286/4/177 288/4/175
f 289/194/175 290/195/177 291/196/176
f 289/194/175 291/196/176 292/197/176
f 293/158/177 289/194/175 292/197/176
f 292/197/176 294/198/176 293/158/177
f 294/198/176 292/197/176 295/199/177
f 296/31/178 297/11/179 298/11/179
f 297/11/179 296/31/178 299/31/180
f 299/31/180 296/31/178 300/200/181
f 301/200/182 299/31/180 300/200/181
f 302/201/183 301/200/182 300/200/181
f 301/200/182 302/201/183 303/201/184
f 303/201/184 302/201/183 304/202/185
f 304/202/185 302/201/183 305/202/186
f 304/202/185 305/202/186 306/8/187
f 306/8/187 307/8/188 304/202/185
f 308/173/189 309/173/176 310/192/176
f 311/10/176 308/173/189 310/192/176
f 312/193/176 308/173/189 311/10/176
f 312/193/176 311/10/176 313/4/176
f 314/12/188 315/200/190 316/12/188
f 315/200/190 317/200/186 316/12/188
f 318/201/191 317/200/186 315/200/190
f 317/200/186 318/201/191 319/197/183
f 318/201/191 320/202/192 319/197/183
f 320/202/192 318/201/191 321/202/193
f 320/202/192 321/202/193 322/8/180
f 322/8/180 323/8/178 320/202/192
f 324/9/179 323/8/178 322/8/180
f 323/8/178 324/9/179 325/9/179
f 326/194/176 327/195/176 328/196/176
f 326/194/176 328/196/176 329/197/176
f 330/198/176 326/194/176 329/197/176
f 326/194/176 330/198/176 331/158/176
f 330/198/176 329/197/176 332/199/176
f 333/203/194 334/204/194 335/205/194
f 335/205/194 336/206/194 333/203/194
f 336/206/194 335/205/194 337/207/195
f 338/208/194 333/203/194 336/206/194
f 337/207/195 339/209/196 336/206/194
f 336/206/194 340/210/194 338/208/194
f 339/209/196 340/210/194 336/206/194
f 340/210/194 341/211/194 338/208/194
f 339/209/196 337/207/195 342/212/197
f 341/211/194 340/210/194 343/213/194
f 343/213/194 344/214/194 341/211/194
f 339/209/196 345/215/198 340/210/194
f 345/215/198 343/213/194 340/210/194
f 339/209/196 342/212/197 346/216/199
f 346/216/199 345/215/198 339/209/196
f 344/214/194 343/213/194 347/217/194
f 347/217/194 348/218/194 344/214/194
f 343/213/194 345/215/198 349/219/200
f 349/219/200 347/217/194 343/213/194
f 348/218/194 347/217/194 350/220/194
f 351/221/201 348/218/194 350/220/194
f 347/217/194 349/219/200 352/222/202
f 352/222/202 350/220/194 347/217/194
f 350/220/194 353/223/194 351/221/201
f 353/223/194 354/224/203 351/221/201
f 350/220/194 352/222/202 355/225/204
f 353/223/194 350/220/194 355/225/204
f 354/224/203 353/223/194 356/226/203
f 357/227/205 354/224/203 356/226/203
f 355/225/204 358/228/206 353/223/194
f 358/228/206 356/226/203 353/223/194
f 356/226/203 359/229/205 357/227/205
f 359/229/205 360/230/207 357/227/205
f 356/226/203 358/228/206 361/231/208
f 359/229/205 356/226/203 361/231/208
f 360/230/207 359/229/205 362/232/209
f 363/233/210 360/230/207 362/232/209
f 361/231/208 364/234/211 359/229/205
f 364/234/211 362/232/209 359/229/205
f 362/232/209 365/235/212 363/233/210
f 366/236/213 363/233/210 365/235/212
f 362/232/209 364/234/211 367/237/214
f 365/235/212 362/232/209 367/237/214
f 365/235/212 368/238/215 366/236/213
f 368/238/215 369/239/216 366/236/213
f 367/237/214 370/240/217 365/235/212
f 368/238/215 365/235/212 370/240/217
f 369/239/216 368/238/215 371/241/218
f 371/241/218 372/242/219 369/239/216
f 370/240/217 373/243/220 368/238/215
f 373/243/220 371/241/218 368/238/215
f 374/244/221 370/240/217 367/237/214
f 375/245/222 373/243/220 370/240/217
f 374/244/221 375/245/222 370/240/217
f 376/246/223 374/244/221 367/237/214
f 364/234/211 376/246/223 367/237/214
f 374/244/221 377/247/224 375/245/222
f 376/246/223 377/247/224 374/244/221
f 376/246/223 364/234/211 378/248/225
f 364/234/211 361/231/208 378/248/225
f 378/248/225 379/249/226 376/246/223
f 376/246/223 379/249/226 377/247/224
f 380/250/227 378/248/225 361/231/208
f 380/250/227 379/249/226 378/248/225
f 358/228/206 380/250/227 361/231/208
f 380/250/227 358/228/206 381/251/228
f 358/228/206 355/225/204 381/251/228
f 380/250/227 382/252/229 379/249/226
f 381/251/228 382/252/229 380/250/227
f 383/253/230 381/251/228 355/225/204
f 352/222/202 383/253/230 355/225/204
f 381/251/228 384/254/231 382/252/229
f 383/253/230 384/254/231 381/251/228
f 383/253/230 352/222/202 385/255/232
f 385/255/232 352/222/202 349/219/200
f 383/253/230 386/256/233 384/254/231
f 385/255/232 386/256/233 383/253/230
f 384/254/231 387/257/234 382/252/229
f 388/258/235 385/255/232 349/219/200
f 386/256/233 389/259/231 384/254/231
f 387/257/234 384/254/231 389/259/231
f 386/256/233 385/255/232 390/260/236
f 388/258/235 390/260/236 385/255/232
f 389/259/231 386/256/233 391/261/237
f 390/260/236 391/261/237 386/256/233
f 349/219/200 392/262/238 388/258/235
f 392/262/238 349/219/200 345/215/198
f 345/215/198 346/216/199 392/262/238
f 388/258/235 393/263/239 390/260/236
f 392/262/238 393/263/239 388/258/235
f 346/216/199 394/264/240 392/262/238
f 393/263/239 392/262/238 394/264/240
f 393/263/239 395/265/241 390/260/236
f 390/260/236 395/265/241 391/261/237
f 394/264/240 396/266/242 393/263/239
f 393/263/239 396/266/242 395/265/241
f 346/216/199 397/267/243 394/264/240
f 342/212/197 397/267/243 346/216/199
f 397/267/243 342/212/197 398/268/244
f 397/267/243 399/269/245 394/264/240
f 396/266/242 394/264/240 399/269/245
f 398/268/244 400/270/246 397/267/243
f 399/269/245 397/267/243 400/270/246
f 400/270/246 398/268/244 401/271/247
f 399/269/245 402/272/248 396/266/242
f 401/271/247 403/273/249 400/270/246
f 403/273/249 401/271/247 404/274/250
f 400/270/246 405/275/251 399/269/245
f 405/275/251 400/270/246 403/273/249
f 402/272/248 399/269/245 405/275/251
f 404/274/250 406/276/252 403/273/249
f 406/276/252 404/274/250 407/277/253
f 403/273/249 408/278/254 405/275/251
f 408/278/254 403/273/249 406/276/252
f 407/277/253 409/279/255 406/276/252
f 409/279/255 408/278/254 406/276/252
f 407/277/253 410/280/256 409/279/255
f 405/275/251 408/278/254 411/281/257
f 405/275/251 411/281/257 402/272/248
f 412/282/258 409/279/255 410/280/256
f 413/283/259 412/282/258 410/280/256
f 414/284/260 408/278/254 409/279/255
f 413/283/259 415/285/261 412/282/258
f 415/285/261 413/283/259 416/286/262
f 409/279/255 412/282/258 417/287/263
f 414/284/260 409/279/255 417/287/263
f 418/288/264 412/282/258 415/285/261
f 412/282/258 418/288/264 417/287/263
f 416/286/262 419/289/265 415/285/261
f 419/289/265 416/286/262 420/290/266
f 415/285/261 421/291/267 418/288/264
f 421/291/267 415/285/261 419/289/265
f 422/292/268 417/287/263 418/288/264
f 417/287/263 422/292/268 414/284/260
f 423/293/269 418/288/264 421/291/267
f 422/292/268 418/288/264 423/293/269
f 420/290/266 424/294/270 419/289/265
f 424/294/270 420/290/266 425/295/271
f 419/289/265 426/296/272 421/291/267
f 426/296/272 419/289/265 424/294/270
f 425/295/271 427/297/273 424/294/270
f 427/297/273 426/296/272 424/294/270
f 427/297/273 425/295/271 428/298/274
f 426/296/272 429/299/275 421/291/267
f 423/293/269 421/291/267 429/299/275
f 430/300/276 426/296/272 427/297/273
f 426/296/272 430/300/276 429/299/275
f 428/298/274 431/301/277 427/297/273
f 431/301/277 428/298/274 432/302/278
f 427/297/273 433/303/279 430/300/276
f 433/303/279 427/297/273 431/301/277
f 432/302/278 434/304/280 431/301/277
f 434/304/280 432/302/278 435/305/281
f 431/301/277 436/306/277 433/303/279
f 436/306/277 431/301/277 434/304/280
f 435/305/281 437/307/282 434/304/280
f 437/307/282 435/305/281 438/308/283
f 434/304/280 439/309/284 436/306/277
f 434/304/280 437/307/282 439/309/284
f 438/308/283 440/310/285 437/307/282
f 440/310/285 438/308/283 441/311/286
f 437/307/282 442/312/287 439/309/284
f 442/312/287 437/307/282 440/310/285
f 441/311/286 443/313/288 440/310/285
f 443/313/288 441/311/286 444/314/289
f 440/310/285 445/315/290 442/312/287
f 440/310/285 443/313/288 445/315/290
f 444/314/289 446/316/291 443/313/288
f 446/316/291 444/314/289 447/317/292
f 443/313/288 448/318/293 445/315/290
f 448/318/293 443/313/288 446/316/291
f 449/319/294 446/316/291 447/317/292
f 449/319/294 447/317/292 450/320/295
f 446/316/291 451/321/296 448/318/293
f 446/316/291 449/319/294 451/321/296
f 450/320/295 452/322/297 449/319/294
f 452/322/297 450/320/295 453/323/298
f 449/319/294 454/324/299 451/321/296
f 454/324/299 449/319/294 452/322/297
f 453/323/298 455/325/300 452/322/297
f 455/325/300 453/323/298 456/326/301
f 452/322/297 457/327/302 454/324/299
f 457/327/302 452/322/297 455/325/300
f 456/326/301 458/328/303 455/325/300
f 458/328/303 456/326/301 459/329/304
f 455/325/300 460/330/305 457/327/302
f 460/330/305 455/325/300 458/328/303
f 459/329/304 461/331/306 458/328/303
f 461/331/306 459/329/304 462/332/307
f 458/328/303 463/333/308 460/330/305
f 463/333/308 458/328/303 461/331/306
f 462/332/307 464/334/309 461/331/306
f 464/334/309 462/332/307 465/335/310
f 461/331/306 466/336/311 463/333/308
f 466/336/311 461/331/306 464/334/309
f 465/335/310 467/337/312 464/334/309
f 467/337/312 465/335/310 468/338/313
f 464/334/309 469/339/314 466/336/311
f 469/339/314 464/334/309 467/337/312
f 468/338/313 470/340/315 467/337/312
f 470/340/315 468/338/313 471/341/316
f 467/337/312 472/342/317 469/339/314
f 472/342/317 467/337/312 470/340/315
f 473/343/318 470/340/315 471/341/316
f 473/343/318 471/341/316 474/344/319
f 473/343/318 474/344/319 475/345/320
f 476/346/321 472/342/317 470/340/315
f 470/340/315 473/343/318 476/346/321
f 473/343/318 475/345/320 477/347/318
f 475/345/320 478/348/322 477/347/318
f 477/347/318 478/348/322 479/349/323
f 473/343/318 480/350/321 476/346/321
f 480/350/321 473/343/318 477/347/318
f 477/347/318 479/349/323 481/351/324
f 479/349/323 482/352/325 481/351/324
f 477/347/318 483/353/326 480/350/321
f 483/353/326 477/347/318 481/351/324
f 482/352/325 484/354/327 481/351/324
f 484/354/327 482/352/325 485/355/328
f 481/351/324 486/356/326 483/353/326
f 486/356/326 481/351/324 484/354/327
f 485/355/328 487/357/329 484/354/327
f 487/357/329 485/355/328 488/358/330
f 484/354/327 489/359/331 486/356/326
f 489/359/331 484/354/327 487/357/329
f 488/358/330 490/360/332 487/357/329
f 490/360/332 488/358/330 491/361/333
f 492/362/334 490/360/332 491/361/333
f 487/357/329 493/363/335 489/359/331
f 493/363/335 487/357/329 490/360/332
f 490/360/332 492/362/334 494/364/336
f 492/362/334 495/365/337 494/364/336
f 496/366/338 493/363/335 490/360/332
f 496/366/338 490/360/332 494/364/336
f 497/367/339 494/364/336 495/365/337
f 498/368/340 497/367/339 495/365/337
f 494/364/336 499/369/341 496/366/338
f 499/369/341 494/364/336 497/367/339
f 497/367/339 498/368/340 500/370/339
f 498/368/340 501/371/342 500/370/339
f 502/372/343 499/369/341 497/367/339
f 502/372/343 497/367/339 500/370/339
f 503/373/344 496/366/338 499/369/341
f 504/374/345 499/369/341 502/372/343
f 499/369/341 504/374/345 503/373/344
f 500/370/339 505/375/343 502/372/343
f 496/366/338 503/373/344 506/376/346
f 506/376/346 493/363/335 496/366/338
f 505/375/343 500/370/339 507/377/347
f 507/377/347 500/370/339 501/371/342
f 493/363/335 506/376/346 508/378/348
f 508/378/348 489/359/331 493/363/335
f 509/379/349 507/377/347 501/371/342
f 509/379/349 501/371/342 510/380/350
f 489/359/331 508/378/348 511/381/351
f 511/381/351 486/356/326 489/359/331
f 510/380/350 512/382/352 509/379/349
f 512/382/352 510/380/350 513/383/353
f 514/384/354 507/377/347 509/379/349
f 507/377/347 514/384/354 505/375/343
f 515/385/355 509/379/349 512/382/352
f 515/385/355 514/384/354 509/379/349
f 513/383/353 516/386/356 512/382/352
f 516/386/356 513/383/353 517/387/357
f 518/388/358 516/386/356 517/387/357
f 512/382/352 519/389/359 515/385/355
f 519/389/359 512/382/352 516/386/356
f 516/386/356 518/388/358 520/390/360
f 518/388/358 521/391/361 520/390/360
f 516/386/356 522/392/359 519/389/359
f 522/392/359 516/386/356 520/390/360
f 523/393/362 520/390/360 521/391/361
f 520/390/360 523/393/362 522/392/359
f 521/391/361 524/394/363 523/393/362
f 525/395/362 523/393/362 524/394/363
f 524/394/363 526/396/364 525/395/362
f 527/397/359 522/392/359 523/393/362
f 523/393/362 525/395/362 527/397/359
f 528/398/365 525/395/362 526/396/364
f 526/396/364 529/399/366 528/398/365
f 529/399/366 530/400/367 528/398/365
f 531/401/368 527/397/359 525/395/362
f 525/395/362 528/398/365 531/401/368
f 532/402/369 522/392/359 527/397/359
f 531/401/368 532/402/369 527/397/359
f 533/403/370 528/398/365 530/400/367
f 534/404/371 533/403/370 530/400/367
f 535/405/372 531/401/368 528/398/365
f 535/405/372 528/398/365 533/403/370
f 536/406/373 534/404/371 537/407/373
f 538/408/374 533/403/370 534/404/371
f 534/404/371 536/406/373 538/408/374
f 539/409/375 533/403/370 538/408/374
f 536/406/373 539/409/375 538/408/374
f 533/403/370 539/409/375 535/405/372
f 539/409/375 536/406/373 540/410/373
f 540/410/373 541/411/376 539/409/375
f 541/411/376 535/405/372 539/409/375
f 541/411/376 540/410/373 542/412/373
f 543/413/377 531/401/368 535/405/372
f 543/413/377 535/405/372 541/411/376
f 543/413/377 544/414/378 531/401/368
f 532/402/369 531/401/368 544/414/378
f 543/413/377 541/411/376 545/415/379
f 545/415/379 544/414/378 543/413/377
f 541/411/376 542/412/373 546/416/380
f 541/411/376 546/416/380 545/415/379
f 547/417/381 546/416/380 542/412/373
f 548/418/382 546/416/380 547/417/381
f 546/416/380 548/418/382 549/419/383
f 545/415/379 546/416/380 549/419/383
f 548/418/382 550/420/384 549/419/383
f 545/415/379 551/421/385 544/414/378
f 549/419/383 551/421/385 545/415/379
f 549/419/383 550/420/384 552/422/384
f 549/419/383 552/422/384 551/421/385
f 553/423/386 552/422/384 550/420/384
f 554/424/387 544/414/378 551/421/385
f 552/422/384 554/424/387 551/421/385
f 544/414/378 554/424/387 532/402/369
f 552/422/384 553/423/386 555/425/388
f 552/422/384 555/425/388 554/424/387
f 556/426/389 555/425/388 553/423/386
f 554/424/387 557/427/369 532/402/369
f 522/392/359 532/402/369 557/427/369
f 557/427/369 519/389/359 522/392/359
f 555/425/388 558/428/387 554/424/387
f 557/427/369 554/424/387 558/428/387
f 555/425/388 556/426/389 559/429/390
f 558/428/387 555/425/388 559/429/390
f 560/430/391 559/429/390 556/426/389
f 519/389/359 557/427/369 561/431/369
f 558/428/387 561/431/369 557/427/369
f 561/431/369 515/385/355 519/389/359
f 559/429/390 562/432/392 558/428/387
f 561/431/369 558/428/387 562/432/392
f 559/429/390 560/430/391 563/433/391
f 562/432/392 559/429/390 563/433/391
f 564/434/393 563/433/391 560/430/391
f 515/385/355 561/431/369 565/435/394
f 562/432/392 565/435/394 561/431/369
f 565/435/394 514/384/354 515/385/355
f 563/433/391 566/436/395 562/432/392
f 565/435/394 562/432/392 566/436/395
f 563/433/391 564/434/393 567/437/396
f 566/436/395 563/433/391 567/437/396
f 568/438/397 567/437/396 564/434/393
f 514/384/354 565/435/394 569/439/398
f 566/436/395 569/439/398 565/435/394
f 569/439/398 505/375/343 514/384/354
f 567/437/396 570/440/399 566/436/395
f 569/439/398 566/436/395 570/440/399
f 567/437/396 568/438/397 571/441/400
f 567/437/396 571/441/400 570/440/399
f 572/442/401 571/441/400 568/438/397
f 505/375/343 569/439/398 573/443/402
f 570/440/399 573/443/402 569/439/398
f 573/443/402 502/372/343 505/375/343
f 502/372/343 573/443/402 504/374/345
f 570/440/399 574/444/403 573/443/402
f 574/444/403 504/374/345 573/443/402
f 571/441/400 574/444/403 570/440/399
f 571/441/400 572/442/401 575/445/401
f 571/441/400 575/445/401 574/444/403
f 576/446/404 575/445/401 572/442/401
f 504/374/345 574/444/403 577/447/405
f 575/445/401 577/447/405 574/444/403
f 577/447/405 503/373/344 504/374/345
f 575/445/401 576/446/404 578/448/404
f 577/447/405 575/445/401 578/448/404
f 579/449/406 578/448/404 576/446/404
f 577/447/405 580/450/407 503/373/344
f 578/448/404 580/450/407 577/447/405
f 580/450/407 506/376/346 503/373/344
f 578/448/404 579/449/406 581/451/408
f 578/448/404 581/451/408 580/450/407
f 582/452/409 581/451/408 579/449/406
f 506/376/346 580/450/407 583/453/410
f 581/451/408 583/453/410 580/450/407
f 583/453/410 508/378/348 506/376/346
f 581/451/408 582/452/409 584/454/409
f 583/453/410 581/451/408 584/454/409
f 585/455/411 584/454/409 582/452/409
f 583/453/410 586/456/412 508/378/348
f 584/454/409 586/456/412 583/453/410
f 586/456/412 511/381/351 508/378/348
f 584/454/409 585/455/411 587/457/411
f 584/454/409 587/457/411 586/456/412
f 588/458/413 587/457/411 585/455/411
f 511/381/351 586/456/412 589/459/414
f 587/457/411 589/459/414 586/456/412
f 587/457/411 588/458/413 590/460/413
f 589/459/414 587/457/411 590/460/413
f 591/461/415 590/460/413 588/458/413
f 589/459/414 592/462/416 511/381/351
f 486/356/326 511/381/351 592/462/416
f 592/462/416 483/353/326 486/356/326
f 593/463/417 589/459/414 590/460/413
f 592/462/416 589/459/414 593/463/417
f 590/460/413 591/461/415 594/464/415
f 590/460/413 594/464/415 593/463/417
f 595/465/418 594/464/415 591/461/415
f 483/353/326 592/462/416 596/466/419
f 593/463/417 596/466/419 592/462/416
f 596/466/419 480/350/321 483/353/326
f 597/467/420 593/463/417 594/464/415
f 596/466/419 593/463/417 597/467/420
f 594/464/415 595/465/418 598/468/418
f 594/464/415 598/468/418 597/467/420
f 599/469/421 598/468/418 595/465/418
f 480/350/321 596/466/419 600/470/422
f 597/467/420 600/470/422 596/466/419
f 600/470/422 476/346/321 480/350/321
f 601/471/423 597/467/420 598/468/418
f 600/470/422 597/467/420 601/471/423
f 598/468/418 599/469/421 602/472/421
f 598/468/418 602/472/421 601/471/423
f 603/473/424 602/472/421 599/469/421
f 476/346/321 600/470/422 604/474/425
f 601/471/423 604/474/425 600/470/422
f 472/342/317 476/346/321 604/474/425
f 602/472/421 605/475/426 601/471/423
f 604/474/425 601/471/423 605/475/426
f 606/476/424 602/472/421 603/473/424
f 605/475/426 602/472/421 606/476/424
f 607/477/427 606/476/424 603/473/424
f 604/474/425 608/478/428 472/342/317
f 605/475/426 608/478/428 604/474/425
f 608/478/428 469/339/314 472/342/317
f 606/476/424 609/479/429 605/475/426
f 608/478/428 605/475/426 609/479/429
f 610/480/430 606/476/424 607/477/427
f 609/479/429 606/476/424 610/480/430
f 611/481/431 610/480/430 607/477/427
f 469/339/314 608/478/428 612/482/432
f 609/479/429 612/482/432 608/478/428
f 612/482/432 466/336/311 469/339/314
f 610/480/430 613/483/433 609/479/429
f 612/482/432 609/479/429 613/483/433
f 614/484/434 610/480/430 611/481/431
f 613/483/433 610/480/430 614/484/434
f 615/485/435 614/484/434 611/481/431
f 466/336/311 612/482/432 616/486/436
f 613/483/433 616/486/436 612/482/432
f 616/486/436 463/333/308 466/336/311
f 617/487/437 613/483/433 614/484/434
f 616/486/436 613/483/433 617/487/437
f 618/488/435 614/484/434 615/485/435
f 614/484/434 618/488/435 617/487/437
f 619/489/438 618/488/435 615/485/435
f 463/333/308 616/486/436 620/490/341
f 617/487/437 620/490/341 616/486/436
f 620/490/341 460/330/305 463/333/308
f 621/491/439 617/487/437 618/488/435
f 620/490/341 617/487/437 621/491/439
f 622/492/438 618/488/435 619/489/438
f 618/488/435 622/492/438 621/491/439
f 623/493/440 622/492/438 619/489/438
f 460/330/305 620/490/341 624/494/441
f 624/494/441 620/490/341 621/491/439
f 457/327/302 460/330/305 624/494/441
f 625/495/442 621/491/439 622/492/438
f 621/491/439 625/495/442 624/494/441
f 457/327/302 624/494/441 626/496/443
f 626/496/443 624/494/441 625/495/442
f 626/496/443 454/324/299 457/327/302
f 622/492/438 627/497/444 625/495/442
f 627/497/444 622/492/438 623/493/440
f 626/496/443 625/495/442 628/498/445
f 627/497/444 628/498/445 625/495/442
f 454/324/299 626/496/443 629/499/446
f 629/499/446 626/496/443 628/498/445
f 629/499/446 451/321/296 454/324/299
f 623/493/440 630/500/447 627/497/444
f 628/498/445 627/497/444 630/500/447
f 630/500/447 623/493/440 631/501/448
f 632/502/449 630/500/447 631/501/448
f 628/498/445 633/503/450 629/499/446
f 633/503/450 628/498/445 630/500/447
f 451/321/296 629/499/446 634/504/451
f 634/504/451 629/499/446 633/503/450
f 634/504/451 448/318/293 451/321/296
f 635/505/452 630/500/447 632/502/449
f 630/500/447 635/505/452 633/503/450
f 636/506/453 635/505/452 632/502/449
f 634/504/451 633/503/450 637/507/454
f 635/505/452 637/507/454 633/503/450
f 448/318/293 634/504/451 638/508/455
f 638/508/455 634/504/451 637/507/454
f 638/508/455 445/315/290 448/318/293
f 639/509/456 635/505/452 636/506/453
f 637/507/454 635/505/452 639/509/456
f 640/510/457 639/509/456 636/506/453
f 638/508/455 637/507/454 641/511/458
f 639/509/456 641/511/458 637/507/454
f 445/315/290 638/508/455 642/512/459
f 642/512/459 638/508/455 641/511/458
f 642/512/459 442/312/287 445/315/290
f 643/513/457 639/509/456 640/510/457
f 641/511/458 639/509/456 643/513/457
f 644/514/460 643/513/457 640/510/457
f 642/512/459 641/511/458 645/515/461
f 643/513/457 645/515/461 641/511/458
f 442/312/287 642/512/459 646/516/462
f 646/516/462 642/512/459 645/515/461
f 646/516/462 439/309/284 442/312/287
f 647/517/463 643/513/457 644/514/460
f 645/515/461 643/513/457 647/517/463
f 648/518/464 647/517/463 644/514/460
f 646/516/462 645/515/461 649/519/465
f 647/517/463 649/519/465 645/515/461
f 439/309/284 646/516/462 650/520/466
f 649/519/465 650/520/466 646/516/462
f 650/520/466 436/306/277 439/309/284
f 651/521/464 647/517/463 648/518/464
f 649/519/465 647/517/463 651/521/464
f 652/522/467 651/521/464 648/518/464
f 650/520/466 649/519/465 653/523/468
f 651/521/464 653/523/468 649/519/465
f 436/306/277 650/520/466 654/524/469
f 654/524/469 650/520/466 653/523/468
f 654/524/469 433/303/279 436/306/277
f 655/525/470 651/521/464 652/522/467
f 653/523/468 651/521/464 655/525/470
f 656/526/471 655/525/470 652/522/467
f 654/524/469 653/523/468 657/527/472
f 655/525/470 657/527/472 653/523/468
f 655/525/470 656/526/471 658/528/473
f 657/527/472 655/525/470 658/528/473
f 656/526/471 659/529/474 658/528/473
f 660/530/475 654/524/469 657/527/472
f 433/303/279 654/524/469 660/530/475
f 658/528/473 661/531/476 657/527/472
f 657/527/472 661/531/476 660/530/475
f 658/528/473 659/529/474 662/532/474
f 661/531/476 658/528/473 662/532/474
f 659/529/474 663/533/477 662/532/474
f 664/534/478 433/303/279 660/530/475
f 664/534/478 660/530/475 661/531/476
f 433/303/279 664/534/478 430/300/276
f 662/532/474 665/535/479 661/531/476
f 661/531/476 665/535/479 664/534/478
f 662/532/474 663/533/477 666/536/477
f 665/535/479 662/532/474 666/536/477
f 663/533/477 667/537/480 666/536/477
f 668/538/481 664/534/478 665/535/479
f 430/300/276 664/534/478 668/538/481
f 666/536/477 669/539/482 665/535/479
f 665/535/479 669/539/482 668/538/481
f 666/536/477 667/537/480 670/540/483
f 669/539/482 666/536/477 670/540/483
f 667/537/480 671/541/484 670/540/483
f 430/300/276 668/538/481 672/542/485
f 672/542/485 668/538/481 669/539/482
f 672/542/485 429/299/275 430/300/276
f 673/543/486 669/539/482 670/540/483
f 669/539/482 673/543/486 672/542/485
f 670/540/483 671/541/484 674/544/487
f 670/540/483 674/544/487 673/543/486
f 671/541/484 675/545/488 674/544/487
f 676/546/489 672/542/485 673/543/486
f 429/299/275 672/542/485 676/546/489
f 677/547/490 673/543/486 674/544/487
f 673/543/486 677/547/490 676/546/489
f 674/544/487 675/545/488 678/548/491
f 674/544/487 678/548/491 677/547/490
f 675/545/488 679/549/492 678/548/491
f 429/299/275 676/546/489 680/550/493
f 680/550/493 676/546/489 677/547/490
f 680/550/493 423/293/269 429/299/275
f 681/551/494 677/547/490 678/548/491
f 677/547/490 681/551/494 680/550/493
f 678/548/491 679/549/492 682/552/492
f 678/548/491 682/552/492 681/551/494
f 683/553/495 682/552/492 679/549/492
f 423/293/269 680/550/493 684/554/496
f 684/554/496 680/550/493 681/551/494
f 684/554/496 422/292/268 423/293/269
f 682/552/492 683/553/495 685/555/495
f 686/556/497 685/555/495 683/553/495
f 687/557/498 681/551/494 682/552/492
f 682/552/492 685/555/495 687/557/498
f 681/551/494 687/557/498 684/554/496
f 685/555/495 686/556/497 688/558/499
f 688/558/499 687/557/498 685/555/495
f 689/559/500 688/558/499 686/556/497
f 690/560/501 684/554/496 687/557/498
f 422/292/268 684/554/496 690/560/501
f 687/557/498 688/558/499 691/561/502
f 687/557/498 691/561/502 690/560/501
f 688/558/499 689/559/500 692/562/503
f 692/562/503 691/561/502 688/558/499
f 693/563/504 692/562/503 689/559/500
f 694/564/505 690/560/501 691/561/502
f 691/561/502 692/562/503 694/564/505
f 695/565/506 422/292/268 690/560/501
f 690/560/501 694/564/505 695/565/506
f 414/284/260 422/292/268 695/565/506
f 692/562/503 693/563/504 696/566/507
f 696/566/507 694/564/505 692/562/503
f 697/567/508 696/566/507 693/563/504
f 698/568/509 695/565/506 694/564/505
f 694/564/505 696/566/507 698/568/509
f 696/566/507 697/567/508 699/569/510
f 699/569/510 698/568/509 696/566/507
f 700/570/511 699/569/510 697/567/508
f 695/565/506 698/568/509 701/571/512
f 414/284/260 695/565/506 701/571/512
f 698/568/509 699/569/510 702/572/513
f 702/572/513 701/571/512 698/568/509
f 699/569/510 700/570/511 703/573/514
f 703/573/514 702/572/513 699/569/510
f 704/574/515 703/573/514 700/570/511
f 414/284/260 701/571/512 705/575/516
f 705/575/516 408/278/254 414/284/260
f 408/278/254 705/575/516 411/281/257
f 703/573/514 704/574/515 706/576/517
f 707/577/518 706/576/517 704/574/515
f 702/572/513 703/573/514 708/578/519
f 706/576/517 708/578/519 703/573/514
f 701/571/512 702/572/513 709/579/520
f 708/578/519 709/579/520 702/572/513
f 705/575/516 701/571/512 709/579/520
f 706/576/517 707/577/518 710/580/521
f 711/581/522 710/580/521 707/577/518
f 708/578/519 706/576/517 712/582/523
f 710/580/521 712/582/523 706/576/517
f 709/579/520 708/578/519 713/583/524
f 712/582/523 713/583/524 708/578/519
f 709/579/520 714/584/525 705/575/516
f 713/583/524 714/584/525 709/579/520
f 411/281/257 705/575/516 714/584/525
f 713/583/524 712/582/523 715/585/526
f 715/585/526 714/584/525 713/583/524
f 712/582/523 710/580/521 716/586/527
f 716/586/527 715/585/526 712/582/523
f 710/580/521 711/581/522 717/587/528
f 717/587/528 716/586/527 710/580/521
f 718/588/529 717/587/528 711/581/522
f 715/585/526 716/586/527 719/589/530
f 717/587/528 718/588/529 720/590/531
f 721/591/532 720/590/531 718/588/529
f 716/586/527 717/587/528 722/592/533
f 720/590/531 722/592/533 717/587/528
f 722/592/533 719/589/530 716/586/527
f 720/590/531 721/591/532 723/593/534
f 724/594/535 723/593/534 721/591/532
f 722/592/533 720/590/531 725/595/536
f 723/593/534 725/595/536 720/590/531
f 719/589/530 722/592/533 726/596/537
f 725/595/536 726/596/537 722/592/533
f 715/585/526 719/589/530 727/597/530
f 726/596/537 727/597/530 719/589/530
f 714/584/525 715/585/526 727/597/530
f 726/596/537 725/595/536 728/598/538
f 727/597/530 729/599/539 714/584/525
f 411/281/257 714/584/525 729/599/539
f 402/272/248 411/281/257 729/599/539
f 727/597/530 726/596/537 730/600/540
f 730/600/540 726/596/537 728/598/538
f 402/272/248 729/599/539 731/601/541
f 396/266/242 402/272/248 731/601/541
f 731/601/541 395/265/241 396/266/242
f 732/602/237 395/265/241 731/601/541
f 395/265/241 732/602/237 391/261/237
f 731/601/541 729/599/539 733/603/237
f 733/603/237 732/602/237 731/601/541
f 734/604/542 391/261/237 732/602/237
f 391/261/237 734/604/542 389/259/231
f 732/602/237 735/605/231 734/604/542
f 735/605/231 732/602/237 733/603/237
f 736/606/543 389/259/231 734/604/542
f 389/259/231 736/606/543 387/257/234
f 734/604/542 735/605/231 737/607/543
f 734/604/542 737/607/543 736/606/543
f 738/608/226 387/257/234 736/606/543
f 737/607/543 739/609/226 736/606/543
f 736/606/543 739/609/226 738/608/226
f 387/257/234 738/608/226 740/610/226
f 740/610/226 382/252/229 387/257/234
f 382/252/229 740/610/226 379/249/226
f 741/611/544 740/610/226 738/608/226
f 739/609/226 741/611/544 738/608/226
f 742/612/224 379/249/226 740/610/226
f 740/610/226 741/611/544 742/612/224
f 379/249/226 742/612/224 377/247/224
f 743/613/545 742/612/224 741/611/544
f 744/614/545 377/247/224 742/612/224
f 742/612/224 743/613/545 744/614/545
f 377/247/224 744/614/545 745/615/545
f 375/245/222 377/247/224 745/615/545
f 746/616/546 744/614/545 743/613/545
f 375/245/222 745/615/545 747/617/547
f 747/617/547 373/243/220 375/245/222
f 748/618/546 745/615/545 744/614/545
f 744/614/545 746/616/546 748/618/546
f 749/619/548 747/617/547 745/615/545
f 745/615/545 748/618/546 749/619/548
f 373/243/220 747/617/547 750/620/549
f 371/241/218 373/243/220 750/620/549
f 747/617/547 749/619/548 751/621/550
f 751/621/550 750/620/549 747/617/547
f 750/620/549 752/622/551 371/241/218
f 372/242/219 371/241/218 752/622/551
f 750/620/549 751/621/550 753/623/552
f 752/622/551 750/620/549 753/623/552
f 754/624/553 372/242/219 752/622/551
f 372/242/219 754/624/553 755/625/553
f 756/626/554 752/622/551 753/623/552
f 752/622/551 756/626/554 754/624/553
f 757/627/555 753/623/552 751/621/550
f 753/623/552 757/627/555 756/626/554
f 755/625/553 754/624/553 758/628/556
f 759/629/557 755/625/553 758/628/556
f 759/629/557 758/628/556 760/630/558
f 761/631/559 754/624/553 756/626/554
f 754/624/553 761/631/559 758/628/556
f 761/631/559 760/630/558 758/628/556
f 756/626/554 757/627/555 761/631/559
f 761/631/559 762/632/560 760/630/558
f 762/632/560 761/631/559 763/633/561
f 757/627/555 763/633/561 761/631/559
f 763/633/561 764/634/560 762/632/560
f 763/633/561 765/635/562 764/634/560
f 757/627/555 765/635/562 763/633/561
f 765/635/562 766/636/563 764/634/560
f 757/627/555 767/637/564 765/635/562
f 751/621/550 767/637/564 757/627/555
f 767/637/564 751/621/550 749/619/548
f 766/636/563 765/635/562 768/638/565
f 767/637/564 768/638/565 765/635/562
f 768/638/565 769/639/566 766/636/563
f 749/619/548 770/640/567 767/637/564
f 768/638/565 767/637/564 770/640/567
f 770/640/567 749/619/548 748/618/546
f 769/639/566 768/638/565 771/641/568
f 770/640/567 771/641/568 768/638/565
f 771/641/568 772/642/563 769/639/566
f 748/618/546 773/643/567 770/640/567
f 771/641/568 770/640/567 773/643/567
f 773/643/567 748/618/546 746/616/546
f 772/642/563 771/641/568 774/644/569
f 773/643/567 774/644/569 771/641/568
f 774/644/569 775/645/560 772/642/563
f 746/616/546 776/646/570 773/643/567
f 774/644/569 773/643/567 776/646/570
f 775/645/560 774/644/569 777/647/571
f 777/647/571 774/644/569 776/646/570
f 778/648/572 775/645/560 777/647/571
f 777/647/571 779/649/573 778/648/572
f 776/646/570 746/616/546 780/650/574
f 743/613/545 780/650/574 746/616/546
f 776/646/570 781/651/575 777/647/571
f 780/650/574 781/651/575 776/646/570
f 779/649/573 777/647/571 782/652/576
f 781/651/575 782/652/576 777/647/571
f 782/652/576 783/653/577 779/649/573
f 783/653/577 782/652/576 784/654/578
f 784/654/578 785/655/579 783/653/577
f 782/652/576 781/651/575 786/656/570
f 786/656/570 784/654/578 782/652/576
f 785/655/579 784/654/578 787/657/580
f 784/654/578 786/656/570 788/658/570
f 788/658/570 787/657/580 784/654/578
f 789/659/570 786/656/570 781/651/575
f 789/659/570 788/658/570 786/656/570
f 787/657/580 788/658/570 790/660/581
f 789/659/570 790/660/581 788/658/570
f 791/661/582 785/655/579 787/657/580
f 785/655/579 791/661/582 792/662/583
f 793/663/584 787/657/580 790/660/581
f 787/657/580 793/663/584 791/661/582
f 789/659/570 793/663/584 790/660/581
f 791/661/582 794/664/585 792/662/583
f 792/662/583 794/664/585 795/665/586
f 794/664/585 796/666/587 795/665/586
f 791/661/582 793/663/584 797/667/584
f 791/661/582 797/667/584 794/664/585
f 796/666/587 794/664/585 798/668/588
f 798/668/588 799/669/589 796/666/587
f 797/667/584 800/670/590 794/664/585
f 798/668/588 794/664/585 800/670/590
f 801/671/584 797/667/584 793/663/584
f 801/671/584 793/663/584 789/659/570
f 799/669/589 798/668/588 802/672/591
f 802/672/591 803/673/592 799/669/589
f 798/668/588 804/674/593 802/672/591
f 804/674/593 798/668/588 800/670/590
f 802/672/591 805/675/594 803/673/592
f 804/674/593 805/675/594 802/672/591
f 805/675/594 806/676/595 803/673/592
f 807/677/596 800/670/590 797/667/584
f 801/671/584 807/677/596 797/667/584
f 808/678/597 804/674/593 800/670/590
f 807/677/596 808/678/597 800/670/590
f 804/674/593 809/679/598 805/675/594
f 801/671/584 810/680/599 807/677/596
f 804/674/593 811/681/600 809/679/598
f 811/681/600 804/674/593 808/678/597
f 809/679/598 812/682/601 805/675/594
f 806/676/595 805/675/594 812/682/601
f 811/681/600 813/683/602 809/679/598
f 812/682/601 809/679/598 813/683/602
f 806/676/595 812/682/601 814/684/603
f 815/685/604 806/676/595 814/684/603
f 816/686/605 812/682/601 813/683/602
f 812/682/601 816/686/605 814/684/603
f 815/685/604 814/684/603 817/687/606
f 818/688/607 815/685/604 817/687/606
f 819/689/605 814/684/603 816/686/605
f 814/684/603 819/689/605 817/687/606
f 813/683/602 820/690/608 816/686/605
f 816/686/605 820/690/608 819/689/605
f 813/683/602 811/681/600 820/690/608
f 821/691/609 817/687/606 819/689/605
f 819/689/605 820/690/608 821/691/609
f 818/688/607 817/687/606 822/692/610
f 817/687/606 821/691/609 822/692/610
f 823/693/611 818/688/607 822/692/610
f 822/692/610 824/694/612 823/693/611
f 824/694/612 822/692/610 825/695/613
f 821/691/609 825/695/613 822/692/610
f 825/695/613 826/696/614 824/694/612
f 826/696/614 825/695/613 827/697/615
f 827/697/615 828/698/612 826/696/614
f 825/695/613 821/691/609 829/699/600
f 829/699/600 827/697/615 825/695/613
f 828/698/612 827/697/615 830/700/616
f 830/700/616 831/701/612 828/698/612
f 827/697/615 829/699/600 832/702/600
f 832/702/600 830/700/616 827/697/615
f 821/691/609 833/703/617 829/699/600
f 821/691/609 820/690/608 833/703/617
f 834/704/618 832/702/600 829/699/600
f 829/699/600 833/703/617 834/704/618
f 830/700/616 832/702/600 835/705/619
f 831/701/612 830/700/616 836/706/620
f 835/705/619 836/706/620 830/700/616
f 837/707/620 831/701/612 836/706/620
f 831/701/612 837/707/620 838/708/612
f 836/706/620 835/705/619 839/709/619
f 837/707/620 836/706/620 839/709/619
f 840/710/618 835/705/619 832/702/600
f 832/702/600 834/704/618 840/710/618
f 838/708/612 837/707/620 841/711/621
f 842/712/622 838/708/612 841/711/621
f 837/707/620 839/709/619 843/713/623
f 843/713/623 841/711/621 837/707/620
f 842/712/622 841/711/621 844/714/624
f 845/715/625 842/712/622 844/714/624
f 844/714/624 846/716/626 845/715/625
f 841/711/621 847/717/626 844/714/624
f 846/716/626 844/714/624 847/717/626
f 841/711/621 843/713/623 848/718/627
f 847/717/626 841/711/621 848/718/627
f 843/713/623 849/719/628 848/718/627
f 849/719/628 847/717/626 848/718/627
f 850/720/629 846/716/626 847/717/626
f 847/717/626 849/719/628 850/720/629
f 846/716/626 850/720/629 851/721/629
f 849/719/628 843/713/623 852/722/630
f 843/713/623 839/709/619 852/722/630
f 853/723/631 850/720/629 849/719/628
f 852/722/630 853/723/631 849/719/628
f 850/720/629 854/724/632 851/721/629
f 850/720/629 853/723/631 854/724/632
f 851/721/629 854/724/632 855/725/632
f 853/723/631 852/722/630 856/726/633
f 854/724/632 857/727/634 855/725/632
f 855/725/632 857/727/634 858/728/634
f 859/729/635 854/724/632 853/723/631
f 854/724/632 859/729/635 857/727/634
f 856/726/633 859/729/635 853/723/631
f 860/730/636 858/728/634 857/727/634
f 858/728/634 860/730/636 861/731/636
f 862/732/637 857/727/634 859/729/635
f 857/727/634 862/732/637 860/730/636
f 859/729/635 856/726/633 863/733/638
f 863/733/638 862/732/637 859/729/635
f 852/722/630 864/734/639 856/726/633
f 856/726/633 864/734/639 863/733/638
f 864/734/639 852/722/630 839/709/619
f 835/705/619 864/734/639 839/709/619
f 862/732/637 863/733/638 865/735/640
f 864/734/639 835/705/619 866/736/639
f 835/705/619 840/710/618 866/736/639
f 867/737/641 863/733/638 864/734/639
f 864/734/639 866/736/639 867/737/641
f 867/737/641 865/735/640 863/733/638
f 865/735/640 868/738/642 862/732/637
f 868/738/642 860/730/636 862/732/637
f 867/737/641 869/739/643 865/735/640
f 868/738/642 865/735/640 869/739/643
f 860/730/636 868/738/642 870/740/644
f 860/730/636 870/740/644 861/731/636
f 861/731/636 870/740/644 871/741/645
f 870/740/644 872/742/646 871/741/645
f 873/743/647 870/740/644 868/738/642
f 869/739/643 873/743/647 868/738/642
f 872/742/646 870/740/644 874/744/648
f 870/740/644 873/743/647 874/744/648
f 875/745/649 872/742/646 874/744/648
f 872/742/646 875/745/649 876/746/646
f 877/747/650 874/744/648 873/743/647
f 874/744/648 877/747/650 875/745/649
f 873/743/647 869/739/643 878/748/651
f 873/743/647 878/748/651 877/747/650
f 879/749/652 876/746/646 875/745/649
f 880/750/652 876/746/646 879/749/652
f 877/747/650 881/751/653 875/745/649
f 879/749/652 875/745/649 881/751/653
f 882/752/652 880/750/652 879/749/652
f 880/750/652 882/752/652 883/753/652
f 882/752/652 884/754/654 883/753/652
f 885/755/655 879/749/652 881/751/653
f 879/749/652 885/755/655 882/752/652
f 884/754/654 882/752/652 886/756/656
f 885/755/655 887/757/657 882/752/652
f 882/752/652 887/757/657 886/756/656
f 881/751/653 888/758/658 885/755/655
f 888/758/658 887/757/657 885/755/655
f 889/759/656 884/754/654 886/756/656
f 884/754/654 889/759/656 890/760/656
f 891/761/659 886/756/656 887/757/657
f 886/756/656 891/761/659 889/759/656
f 889/759/656 892/762/656 890/760/656
f 892/762/656 893/763/656 890/760/656
f 893/763/656 892/762/656 894/764/660
f 892/762/656 895/765/661 894/764/660
f 889/759/656 896/766/662 892/762/656
f 895/765/661 892/762/656 896/766/662
f 896/766/662 889/759/656 891/761/659
f 896/766/662 897/767/663 895/765/661
f 891/761/659 898/768/664 896/766/662
f 898/768/664 897/767/663 896/766/662
f 887/757/657 899/769/665 891/761/659
f 887/757/657 888/758/658 899/769/665
f 891/761/659 900/770/666 898/768/664
f 899/769/665 900/770/666 891/761/659
f 901/771/667 897/767/663 898/768/664
f 897/767/663 901/771/667 902/772/668
f 900/770/666 903/773/669 898/768/664
f 901/771/667 898/768/664 903/773/669
f 899/769/665 904/774/670 900/770/666
f 903/773/669 900/770/666 904/774/670
f 905/775/671 902/772/668 901/771/667
f 902/772/668 905/775/671 906/776/668
f 905/775/671 907/777/668 906/776/668
f 903/773/669 908/778/672 901/771/667
f 905/775/671 901/771/667 908/778/672
f 907/777/668 905/775/671 909/779/667
f 908/778/672 909/779/667 905/775/671
f 909/779/667 910/780/673 907/777/668
f 903/773/669 911/781/670 908/778/672
f 911/781/670 903/773/669 904/774/670
f 908/778/672 912/782/669 909/779/667
f 911/781/670 912/782/669 908/778/672
f 910/780/673 909/779/667 913/783/674
f 912/782/669 913/783/674 909/779/667
f 913/783/674 914/784/674 910/780/673
f 915/785/675 910/780/673 914/784/674
f 913/783/674 912/782/669 916/786/666
f 917/787/676 915/785/675 914/784/674
f 915/785/675 917/787/676 918/788/677
f 913/783/674 919/789/678 914/784/674
f 919/789/678 913/783/674 916/786/666
f 920/790/679 917/787/676 914/784/674
f 919/789/678 920/790/679 914/784/674
f 921/791/680 918/788/677 917/787/676
f 918/788/677 921/791/680 922/792/681
f 923/793/682 917/787/676 920/790/679
f 917/787/676 923/793/682 921/791/680
f 924/794/683 920/790/679 919/789/678
f 922/792/681 921/791/680 925/795/684
f 925/795/684 926/796/685 922/792/681
f 925/795/684 927/797/686 926/796/685
f 924/794/683 928/798/683 920/790/679
f 920/790/679 928/798/683 923/793/682
f 929/799/687 924/794/683 919/789/678
f 919/789/678 916/786/666 929/799/687
f 924/794/683 930/800/688 928/798/683
f 929/799/687 930/800/688 924/794/683
f 928/798/683 931/801/689 923/793/682
f 928/798/683 930/800/688 931/801/689
f 932/802/690 921/791/680 923/793/682
f 923/793/682 931/801/689 932/802/690
f 921/791/680 932/802/690 925/795/684
f 931/801/689 933/803/691 932/802/690
f 932/802/690 933/803/691 925/795/684
f 933/803/691 931/801/689 934/804/692
f 930/800/688 934/804/692 931/801/689
f 925/795/684 933/803/691 935/805/693
f 927/797/686 925/795/684 935/805/693
f 935/805/693 936/806/694 927/797/686
f 937/807/695 935/805/693 933/803/691
f 934/804/692 937/807/695 933/803/691
f 936/806/694 935/805/693 938/808/696
f 935/805/693 937/807/695 938/808/696
f 938/808/696 939/809/697 936/806/694
f 934/804/692 940/810/698 937/807/695
f 939/809/697 938/808/696 941/811/699
f 941/811/699 942/812/700 939/809/697
f 937/807/695 943/813/701 938/808/696
f 938/808/696 943/813/701 941/811/699
f 943/813/701 937/807/695 940/810/698
f 942/812/700 941/811/699 944/814/702
f 944/814/702 945/815/703 942/812/700
f 941/811/699 943/813/701 946/816/704
f 946/816/704 944/814/702 941/811/699
f 947/817/705 943/813/701 940/810/698
f 943/813/701 947/817/705 946/816/704
f 945/815/703 944/814/702 948/818/706
f 949/819/707 945/815/703 948/818/706
f 944/814/702 946/816/704 950/820/708
f 948/818/706 951/821/709 949/819/707
f 951/821/709 952/822/710 949/819/707
f 944/814/702 953/823/711 948/818/706
f 953/823/711 944/814/702 950/820/708
f 948/818/706 954/824/712 951/821/709
f 954/824/712 948/818/706 953/823/711
f 952/822/710 951/821/709 955/825/713
f 956/826/714 952/822/710 955/825/713
f 957/827/715 951/821/709 954/824/712
f 951/821/709 957/827/715 955/825/713
f 955/825/713 958/828/716 956/826/714
f 959/829/717 956/826/714 958/828/716
f 960/830/718 955/825/713 957/827/715
f 955/825/713 960/830/718 958/828/716
f 958/828/716 961/831/719 959/829/717
f 962/832/720 959/829/717 961/831/719
f 963/833/721 958/828/716 960/830/718
f 958/828/716 963/833/721 961/831/719
f 957/827/715 820/690/608 960/830/718
f 960/830/718 811/681/600 963/833/721
f 811/681/600 960/830/718 820/690/608
f 808/678/597 963/833/721 811/681/600
f 820/690/608 957/827/715 964/834/722
f 954/824/712 964/834/722 957/827/715
f 964/834/722 833/703/617 820/690/608
f 964/834/722 954/824/712 965/835/723
f 833/703/617 964/834/722 965/835/723
f 953/823/711 965/835/723 954/824/712
f 963/833/721 808/678/597 966/836/724
f 966/836/724 961/831/719 963/833/721
f 807/677/596 966/836/724 808/678/597
f 966/836/724 807/677/596 810/680/599
f 961/831/719 966/836/724 967/837/720
f 810/680/599 967/837/720 966/836/724
f 961/831/719 967/837/720 962/832/720
f 968/838/725 962/832/720 967/837/720
f 967/837/720 969/839/726 968/838/725
f 967/837/720 810/680/599 969/839/726
f 970/840/727 968/838/725 969/839/726
f 971/841/728 969/839/726 810/680/599
f 810/680/599 801/671/584 971/841/728
f 969/839/726 972/842/727 970/840/727
f 969/839/726 971/841/728 972/842/727
f 973/843/729 970/840/727 972/842/727
f 789/659/570 971/841/728 801/671/584
f 972/842/727 974/844/730 973/843/729
f 974/844/730 975/845/731 973/843/729
f 976/846/732 972/842/727 971/841/728
f 972/842/727 976/846/732 974/844/730
f 971/841/728 789/659/570 976/846/732
f 975/845/731 974/844/730 977/847/733
f 977/847/733 978/848/734 975/845/731
f 979/849/735 974/844/730 976/846/732
f 974/844/730 979/849/735 977/847/733
f 980/850/736 976/846/732 789/659/570
f 976/846/732 980/850/736 979/849/735
f 978/848/734 977/847/733 981/851/737
f 982/852/738 978/848/734 981/851/737
f 983/853/739 977/847/733 979/849/735
f 977/847/733 983/853/739 981/851/737
f 984/854/740 979/849/735 980/850/736
f 979/849/735 984/854/740 983/853/739
f 789/659/570 985/855/736 980/850/736
f 985/855/736 789/659/570 781/651/575
f 781/651/575 780/650/574 985/855/736
f 980/850/736 985/855/736 986/856/574
f 986/856/574 985/855/736 780/650/574
f 984/854/740 980/850/736 986/856/574
f 987/857/574 983/853/739 984/854/740
f 984/854/740 986/856/574 987/857/574
f 988/858/741 981/851/737 983/853/739
f 983/853/739 987/857/574 988/858/741
f 981/851/737 989/859/738 982/852/738
f 981/851/737 988/858/741 989/859/738
f 989/859/738 990/860/742 982/852/738
f 991/861/743 988/858/741 987/857/574
f 990/860/742 989/859/738 992/862/742
f 993/863/744 989/859/738 988/858/741
f 989/859/738 993/863/744 992/862/742
f 988/858/741 991/861/743 993/863/744
f 994/864/745 990/860/742 992/862/742
f 990/860/742 994/864/745 995/865/746
f 996/866/747 992/862/742 993/863/744
f 992/862/742 996/866/747 994/864/745
f 997/867/748 993/863/744 991/861/743
f 993/863/744 997/867/748 996/866/747
f 998/868/749 991/861/743 987/857/574
f 991/861/743 998/868/749 997/867/748
f 987/857/574 986/856/574 998/868/749
f 999/869/750 996/866/747 997/867/748
f 986/856/574 1000/870/545 998/868/749
f 1000/870/545 986/856/574 780/650/574
f 780/650/574 743/613/545 1000/870/545
f 741/611/544 1000/870/545 743/613/545
f 997/867/748 998/868/749 1001/871/751
f 1001/871/751 998/868/749 1000/870/545
f 1001/871/751 999/869/750 997/867/748
f 741/611/544 1002/872/544 1000/870/545
f 1002/872/544 1001/871/751 1000/870/545
f 1002/872/544 741/611/544 739/609/226
f 999/869/750 1001/871/751 1003/873/544
f 1003/873/544 1001/871/751 1002/872/544
f 996/866/747 999/869/750 1004/874/752
f 1004/874/752 994/864/745 996/866/747
f 1003/873/544 1005/875/224 999/869/750
f 1005/875/224 1004/874/752 999/869/750
f 994/864/745 1004/874/752 1006/876/753
f 1006/876/753 995/865/746 994/864/745
f 995/865/746 1006/876/753 1007/877/754
f 1004/874/752 1005/875/224 1008/878/755
f 1008/878/755 1006/876/753 1004/874/752
f 1009/879/756 1007/877/754 1006/876/753
f 1006/876/753 1008/878/755 1009/879/756
f 1007/877/754 1009/879/756 1010/880/756
f 1011/881/757 1008/878/755 1005/875/224
f 1005/875/224 1003/873/544 1011/881/757
f 1012/882/758 1009/879/756 1008/878/755
f 1008/878/755 1011/881/757 1012/882/758
f 1013/883/759 1010/880/756 1009/879/756
f 1009/879/756 1012/882/758 1013/883/759
f 1010/880/756 1013/883/759 1014/884/760
f 1015/885/761 1012/882/758 1011/881/757
f 1016/886/762 1014/884/760 1013/883/759
f 1014/884/760 1016/886/762 1017/887/762
f 1018/888/763 1013/883/759 1012/882/758
f 1013/883/759 1018/888/763 1016/886/762
f 1012/882/758 1015/885/761 1018/888/763
f 1019/889/764 1017/887/762 1016/886/762
f 1017/887/762 1019/889/764 1020/890/765
f 1021/891/766 1016/886/762 1018/888/763
f 1016/886/762 1021/891/766 1019/889/764
f 1022/892/767 1020/890/765 1019/889/764
f 1020/890/765 1022/892/767 1023/893/768
f 1024/894/769 1019/889/764 1021/891/766
f 1019/889/764 1024/894/769 1022/892/767
f 1018/888/763 1025/895/770 1021/891/766
f 1025/895/770 1018/888/763 1015/885/761
f 1021/891/766 1026/896/771 1024/894/769
f 1026/896/771 1021/891/766 1025/895/770
f 1027/897/772 1022/892/767 1024/894/769
f 1028/898/773 1024/894/769 1026/896/771
f 1024/894/769 1028/898/773 1027/897/772
f 1029/899/535 1023/893/768 1022/892/767
f 1022/892/767 1027/897/772 1029/899/535
f 1023/893/768 1029/899/535 724/594/535
f 723/593/534 724/594/535 1029/899/535
f 1029/899/535 1030/900/774 723/593/534
f 1030/900/774 1029/899/535 1027/897/772
f 725/595/536 723/593/534 1030/900/774
f 1030/900/774 728/598/538 725/595/536
f 1027/897/772 1031/901/775 1030/900/774
f 728/598/538 1030/900/774 1031/901/775
f 1031/901/775 1027/897/772 1028/898/773
f 730/600/540 728/598/538 1031/901/775
f 1028/898/773 1032/902/543 1031/901/775
f 1031/901/775 1032/902/543 730/600/540
f 1026/896/771 1032/902/543 1028/898/773
f 1032/902/543 1026/896/771 1033/903/776
f 1025/895/770 1033/903/776 1026/896/771
f 1034/904/777 730/600/540 1032/902/543
f 1033/903/776 1025/895/770 1035/905/778
f 1035/905/778 1025/895/770 1015/885/761
f 1036/906/779 1032/902/543 1033/903/776
f 1034/904/777 1032/902/543 1036/906/779
f 1037/907/776 1033/903/776 1035/905/778
f 1036/906/779 1033/903/776 1037/907/776
f 1015/885/761 1038/908/780 1035/905/778
f 1011/881/757 1038/908/780 1015/885/761
f 1011/881/757 1003/873/544 1038/908/780
f 1036/906/779 1037/907/776 1039/909/779
f 1040/910/781 1036/906/779 1039/909/779
f 1036/906/779 1040/910/781 1034/904/777
f 1039/909/779 1037/907/776 1041/911/782
f 1039/909/779 1042/912/783 1040/910/781
f 1041/911/782 1042/912/783 1039/909/779
f 1042/912/783 1043/913/777 1040/910/781
f 1034/904/777 1040/910/781 1043/913/777
f 1041/911/782 1044/914/784 1042/912/783
f 1043/913/777 1042/912/783 1044/914/784
f 1045/915/785 1041/911/782 1037/907/776
f 1035/905/778 1045/915/785 1037/907/776
f 1041/911/782 1045/915/785 1046/916/786
f 1046/916/786 1044/914/784 1041/911/782
f 1035/905/778 1047/917/778 1045/915/785
f 1045/915/785 1048/918/787 1046/916/786
f 1048/918/787 1045/915/785 1047/917/778
f 1049/919/788 1047/917/778 1035/905/778
f 1035/905/778 1038/908/780 1049/919/788
f 1047/917/778 1050/920/789 1048/918/787
f 1050/920/789 1047/917/778 1049/919/788
f 1048/918/787 1051/921/790 1046/916/786
f 1049/919/788 1052/922/791 1050/920/789
f 1050/920/789 1053/923/792 1048/918/787
f 1050/920/789 1052/922/791 1053/923/792
f 1051/921/790 1048/918/787 1053/923/792
f 1052/922/791 1049/919/788 1054/924/788
f 1049/919/788 1038/908/780 1054/924/788
f 1054/924/788 1055/925/793 1052/922/791
f 1055/925/793 1053/923/792 1052/922/791
f 1056/926/226 1054/924/788 1038/908/780
f 1055/925/793 1054/924/788 1056/926/226
f 1056/926/226 1038/908/780 1057/927/226
f 1056/926/226 1058/928/794 1055/925/793
f 1058/928/794 1056/926/226 1057/927/226
f 1053/923/792 1055/925/793 1059/929/795
f 1055/925/793 1058/928/794 1059/929/795
f 1060/930/796 1058/928/794 1057/927/226
f 1060/930/796 1059/929/795 1058/928/794
f 1057/927/226 1038/908/780 1061/931/226
f 1060/930/796 1057/927/226 1061/931/226
f 1059/929/795 1062/932/797 1053/923/792
f 1062/932/797 1051/921/790 1053/923/792
f 1059/929/795 1060/930/796 1063/933/798
f 1062/932/797 1059/929/795 1064/934/799
f 1063/933/798 1064/934/799 1059/929/795
f 1051/921/790 1062/932/797 1065/935/800
f 1060/930/796 1066/936/801 1063/933/798
f 1066/936/801 1060/930/796 1061/931/226
f 1051/921/790 1065/935/800 1067/937/802
f 1066/936/801 1061/931/226 1068/938/803
f 1069/939/804 1051/921/790 1067/937/802
f 1069/939/804 1046/916/786 1051/921/790
f 1044/914/784 1046/916/786 1069/939/804
f 1070/940/805 1066/936/801 1068/938/803
f 1070/940/805 1063/933/798 1066/936/801
f 1061/931/226 1071/941/780 1068/938/803
f 1071/941/780 1061/931/226 1038/908/780
f 1071/941/780 1038/908/780 1003/873/544
f 1070/940/805 1068/938/803 1072/942/226
f 1068/938/803 1071/941/780 1072/942/226
f 1003/873/544 1073/943/780 1071/941/780
f 1073/943/780 1003/873/544 1002/872/544
f 1074/944/226 1072/942/226 1071/941/780
f 1071/941/780 1073/943/780 1074/944/226
f 1075/945/806 1070/940/805 1072/942/226
f 1072/942/226 1074/944/226 1075/945/806
f 1063/933/798 1070/940/805 1076/946/807
f 1070/940/805 1075/945/806 1076/946/807
f 1076/946/807 1077/947/808 1063/933/798
f 1064/934/799 1063/933/798 1077/947/808
f 1078/948/809 1075/945/806 1074/944/226
f 1077/947/808 1079/949/810 1064/934/799
f 1064/934/799 1079/949/810 1062/932/797
f 1062/932/797 1079/949/810 1065/935/800
f 1065/935/800 1079/949/810 1067/937/802
f 1074/944/226 1080/950/226 1078/948/809
f 1074/944/226 1073/943/780 1080/950/226
f 1081/951/811 1075/945/806 1078/948/809
f 1076/946/807 1075/945/806 1081/951/811
f 1082/952/812 1078/948/809 1080/950/226
f 1078/948/809 1082/952/812 1081/951/811
f 1080/950/226 1083/953/226 1082/952/812
f 1083/953/226 1080/950/226 1073/943/780
f 1084/954/813 1082/952/812 1083/953/226
f 1083/953/226 1073/943/780 1085/955/788
f 1083/953/226 1085/955/788 1084/954/813
f 1082/952/812 1084/954/813 1086/956/814
f 1081/951/811 1082/952/812 1086/956/814
f 1084/954/813 1085/955/788 1087/957/815
f 1084/954/813 1087/957/815 1086/956/814
f 1073/943/780 1088/958/788 1085/955/788
f 1085/955/788 1088/958/788 1087/957/815
f 1088/958/788 1073/943/780 1089/959/226
f 1073/943/780 1002/872/544 1089/959/226
f 739/609/226 1089/959/226 1002/872/544
f 1088/958/788 1090/960/816 1087/957/815
f 1091/961/785 1089/959/226 739/609/226
f 1089/959/226 1092/962/778 1088/958/788
f 1088/958/788 1092/962/778 1090/960/816
f 1091/961/785 1092/962/778 1089/959/226
f 1091/961/785 739/609/226 737/607/543
f 1092/962/778 1093/963/817 1090/960/816
f 1092/962/778 1091/961/785 1093/963/817
f 1087/957/815 1090/960/816 1094/964/818
f 1090/960/816 1093/963/817 1094/964/818
f 1086/956/814 1087/957/815 1094/964/818
f 737/607/543 1095/965/819 1091/961/785
f 1095/965/819 737/607/543 735/605/231
f 1091/961/785 1096/966/820 1093/963/817
f 1096/966/820 1091/961/785 1095/965/819
f 1093/963/817 1097/967/821 1094/964/818
f 1096/966/820 1097/967/821 1093/963/817
f 735/605/231 1098/968/777 1095/965/819
f 1098/968/777 1096/966/820 1095/965/819
f 735/605/231 1099/969/542 1098/968/777
f 1096/966/820 1098/968/777 1100/970/822
f 1099/969/542 1100/970/822 1098/968/777
f 1101/971/823 1099/969/542 735/605/231
f 735/605/231 733/603/237 1101/971/823
f 1100/970/822 1099/969/542 1102/972/824
f 1101/971/823 1102/972/824 1099/969/542
f 1100/970/822 1103/973/825 1096/966/820
f 1096/966/820 1103/973/825 1097/967/821
f 1104/974/826 1100/970/822 1102/972/824
f 1100/970/822 1104/974/826 1103/973/825
f 1102/972/824 1101/971/823 1105/975/827
f 1105/975/827 1104/974/826 1102/972/824
f 1105/975/827 1101/971/823 1106/976/828
f 1106/976/828 1101/971/823 733/603/237
f 1105/975/827 1106/976/828 1107/977/829
f 1106/976/828 733/603/237 1108/978/830
f 1106/976/828 1108/978/830 1107/977/829
f 1109/979/831 1105/975/827 1107/977/829
f 1105/975/827 1109/979/831 1104/974/826
f 1108/978/830 1110/980/832 1107/977/829
f 1110/980/832 1109/979/831 1107/977/829
f 1108/978/830 1111/981/833 1110/980/832
f 1111/981/833 1108/978/830 733/603/237
f 1111/981/833 1112/982/834 1110/980/832
f 1110/980/832 1112/982/834 1109/979/831
f 733/603/237 1113/983/835 1111/981/833
f 1111/981/833 1113/983/835 1112/982/834
f 1113/983/835 733/603/237 1114/984/836
f 729/599/539 1114/984/836 733/603/237
f 1113/983/835 1115/985/837 1112/982/834
f 1116/986/836 1114/984/836 729/599/539
f 729/599/539 727/597/530 1116/986/836
f 1116/986/836 727/597/530 730/600/540
f 1116/986/836 730/600/540 1034/904/777
f 1114/984/836 1117/987/835 1113/983/835
f 1113/983/835 1117/987/835 1115/985/837
f 1114/984/836 1118/988/838 1117/987/835
f 1119/989/839 1115/985/837 1117/987/835
f 1117/987/835 1118/988/838 1119/989/839
f 1114/984/836 1120/990/833 1118/988/838
f 1114/984/836 1116/986/836 1120/990/833
f 1121/991/840 1119/989/839 1118/988/838
f 1118/988/838 1120/990/833 1121/991/840
f 1122/992/841 1115/985/837 1119/989/839
f 1121/991/840 1122/992/841 1119/989/839
f 1115/985/837 1123/993/842 1112/982/834
f 1115/985/837 1122/992/841 1123/993/842
f 1112/982/834 1123/993/842 1109/979/831
f 1124/994/843 1121/991/840 1120/990/833
f 1123/993/842 1125/995/844 1109/979/831
f 1120/990/833 1126/996/833 1124/994/843
f 1120/990/833 1116/986/836 1126/996/833
f 1127/997/845 1121/991/840 1124/994/843
f 1121/991/840 1127/997/845 1122/992/841
f 1128/998/846 1124/994/843 1126/996/833
f 1128/998/846 1127/997/845 1124/994/843
f 1126/996/833 1116/986/836 1129/999/828
f 1126/996/833 1129/999/828 1128/998/846
f 1129/999/828 1116/986/836 1130/1000/231
f 1034/904/777 1130/1000/231 1116/986/836
f 1131/1001/847 1128/998/846 1129/999/828
f 1130/1000/231 1131/1001/847 1129/999/828
f 1132/1002/542 1130/1000/231 1034/904/777
f 1132/1002/542 1034/904/777 1043/913/777
f 1131/1001/847 1130/1000/231 1133/1003/848
f 1132/1002/542 1133/1003/848 1130/1000/231
f 1134/1004/849 1128/998/846 1131/1001/847
f 1133/1003/848 1134/1004/849 1131/1001/847
f 1128/998/846 1134/1004/849 1127/997/845
f 1133/1003/848 1132/1002/542 1135/1005/850
f 1043/913/777 1135/1005/850 1132/1002/542
f 1135/1005/850 1134/1004/849 1133/1003/848
f 1135/1005/850 1043/913/777 1044/914/784
f 1044/914/784 1136/1006/851 1135/1005/850
f 1136/1006/851 1134/1004/849 1135/1005/850
f 1044/914/784 1069/939/804 1136/1006/851
f 1134/1004/849 1137/1007/852 1127/997/845
f 1137/1007/852 1122/992/841 1127/997/845
f 1136/1006/851 1138/1008/853 1134/1004/849
f 1137/1007/852 1134/1004/849 1138/1008/853
f 1069/939/804 1139/1009/854 1136/1006/851
f 1138/1008/853 1136/1006/851 1139/1009/854
f 1139/1009/854 1069/939/804 1067/937/802
f 1139/1009/854 1067/937/802 1079/949/810
f 1138/1008/853 1139/1009/854 1079/949/810
f 1137/1007/852 1138/1008/853 1079/949/810
f 1122/992/841 1137/1007/852 1140/1010/618
f 1140/1010/618 1137/1007/852 1079/949/810
f 1122/992/841 1140/1010/618 1123/993/842
f 1123/993/842 1140/1010/618 1125/995/844
f 1140/1010/618 1079/949/810 1125/995/844
f 1125/995/844 1079/949/810 1141/1011/855
f 1109/979/831 1125/995/844 1142/1012/856
f 1142/1012/856 1125/995/844 1141/1011/855
f 1104/974/826 1109/979/831 1142/1012/856
f 1143/1013/857 1104/974/826 1142/1012/856
f 1143/1013/857 1142/1012/856 1141/1011/855
f 1103/973/825 1104/974/826 1143/1013/857
f 1143/1013/857 1144/1014/858 1103/973/825
f 1144/1014/858 1143/1013/857 1141/1011/855
f 1144/1014/858 1097/967/821 1103/973/825
f 1097/967/821 1144/1014/858 1145/1015/859
f 1145/1015/859 1144/1014/858 1141/1011/855
f 1145/1015/859 1094/964/818 1097/967/821
f 1094/964/818 1145/1015/859 1146/1016/860
f 1145/1015/859 1141/1011/855 1146/1016/860
f 1146/1016/860 1086/956/814 1094/964/818
f 1086/956/814 1146/1016/860 1147/1017/861
f 1146/1016/860 1141/1011/855 1147/1017/861
f 1147/1017/861 1081/951/811 1086/956/814
f 1081/951/811 1147/1017/861 1148/1018/862
f 1147/1017/861 1141/1011/855 1148/1018/862
f 1148/1018/862 1076/946/807 1081/951/811
f 1148/1018/862 1141/1011/855 1149/1019/863
f 1076/946/807 1148/1018/862 1149/1019/863
f 1141/1011/855 1079/949/810 1149/1019/863
f 1077/947/808 1076/946/807 1149/1019/863
f 1149/1019/863 1079/949/810 1077/947/808
f 1150/1020/864 1151/1021/865 1152/1022/866
f 1151/1021/865 1150/1020/864 1153/1023/865
f 1153/1023/865 1154/1024/867 1151/1021/865
f 1155/1025/868 1153/1023/865 1150/1020/864
f 1156/1026/869 1154/1024/867 1153/1023/865
f 1154/1024/867 1156/1026/869 1157/1027/870
f 1153/1023/865 1155/1025/868 1158/1028/871
f 1159/1029/872 1158/1028/871 1155/1025/868
f 1153/1023/865 1158/1028/871 1160/1030/865
f 1160/1030/865 1156/1026/869 1153/1023/865
f 1158/1028/871 1159/1029/872 1161/1031/873
f 1161/1031/873 1160/1030/865 1158/1028/871
f 1162/1032/874 1161/1031/873 1159/1029/872
f 1161/1031/873 1162/1032/874 1163/1033/875
f 1164/1034/876 1163/1033/875 1162/1032/874
f 1165/1035/877 1161/1031/873 1163/1033/875
f 1165/1035/877 1160/1030/865 1161/1031/873
f 1163/1033/875 1164/1034/876 1166/1036/878
f 1166/1036/878 1165/1035/877 1163/1033/875
f 1164/1034/876 1167/1037/879 1166/1036/878
f 1167/1037/879 1164/1034/876 1168/1038/880
f 1169/1039/881 1167/1037/879 1168/1038/880
f 1165/1035/877 1166/1036/878 1170/1040/882
f 1170/1040/882 1166/1036/878 1167/1037/879
f 1167/1037/879 1169/1039/881 1171/1041/883
f 1172/1042/884 1171/1041/883 1169/1039/881
f 1170/1040/882 1167/1037/879 1173/1043/885
f 1173/1043/885 1167/1037/879 1171/1041/883
f 1171/1041/883 1172/1042/884 1174/1044/886
f 1175/1045/887 1174/1044/886 1172/1042/884
f 1173/1043/885 1171/1041/883 1176/1046/888
f 1176/1046/888 1171/1041/883 1174/1044/886
f 1173/1043/885 1177/1047/889 1170/1040/882
f 1165/1035/877 1170/1040/882 1177/1047/889
f 1176/1046/888 1178/1048/890 1173/1043/885
f 1177/1047/889 1173/1043/885 1178/1048/890
f 1176/1046/888 1174/1044/886 1179/1049/891
f 1174/1044/886 1175/1045/887 1180/1050/892
f 1174/1044/886 1180/1050/892 1179/1049/891
f 1181/1051/893 1180/1050/892 1175/1045/887
f 1179/1049/891 1182/1052/894 1176/1046/888
f 1178/1048/890 1176/1046/888 1182/1052/894
f 1180/1050/892 1181/1051/893 1183/1053/895
f 1184/1054/896 1183/1053/895 1181/1051/893
f 1179/1049/891 1180/1050/892 1185/1055/892
f 1183/1053/895 1184/1054/896 1186/1056/897
f 1187/1057/898 1186/1056/897 1184/1054/896
f 1188/1058/899 1180/1050/892 1183/1053/895
f 1188/1058/899 1183/1053/895 1186/1056/897
f 1180/1050/892 1188/1058/899 1185/1055/892
f 1186/1056/897 1187/1057/898 1189/1059/900
f 1190/1060/901 1189/1059/900 1187/1057/898
f 1185/1055/892 1191/1061/902 1179/1049/891
f 1182/1052/894 1179/1049/891 1191/1061/902
f 1191/1061/902 1185/1055/892 1192/1062/903
f 1188/1058/899 1192/1062/903 1185/1055/892
f 1191/1061/902 1193/1063/904 1182/1052/894
f 1192/1062/903 1194/1064/905 1191/1061/902
f 1193/1063/904 1191/1061/902 1194/1064/905
f 1192/1062/903 1188/1058/899 1195/1065/906
f 1196/1066/890 1182/1052/894 1193/1063/904
f 1182/1052/894 1196/1066/890 1178/1048/890
f 1194/1064/905 1197/1067/907 1193/1063/904
f 1198/1068/908 1193/1063/904 1197/1067/907
f 1193/1063/904 1198/1068/908 1196/1066/890
f 1197/1067/907 1194/1064/905 1199/1069/909
f 1200/1070/910 1196/1066/890 1198/1068/908
f 1201/1071/903 1199/1069/909 1194/1064/905
f 1194/1064/905 1192/1062/903 1201/1071/903
f 1195/1065/906 1201/1071/903 1192/1062/903
f 1199/1069/909 1201/1071/903 1202/1072/911
f 1203/1073/912 1202/1072/911 1201/1071/903
f 1201/1071/903 1195/1065/906 1203/1073/912
f 1202/1072/911 1203/1073/912 1204/1074/913
f 1196/1066/890 1200/1070/910 1205/1075/914
f 1205/1075/914 1178/1048/890 1196/1066/890
f 1178/1048/890 1205/1075/914 1177/1047/889
f 1200/1070/910 1206/1076/915 1205/1075/914
f 1205/1075/914 1206/1076/915 1177/1047/889
f 1200/1070/910 1207/1077/916 1206/1076/915
f 1177/1047/889 1206/1076/915 1208/1078/917
f 1177/1047/889 1208/1078/917 1165/1035/877
f 1209/1079/918 1165/1035/877 1208/1078/917
f 1208/1078/917 1206/1076/915 1209/1079/918
f 1165/1035/877 1209/1079/918 1160/1030/865
f 1210/1080/919 1160/1030/865 1209/1079/918
f 1206/1076/915 1210/1080/919 1209/1079/918
f 1160/1030/865 1210/1080/919 1156/1026/869
f 1211/1081/920 1206/1076/915 1207/1077/916
f 1207/1077/916 1212/1082/921 1211/1081/920
f 1213/1083/922 1211/1081/920 1212/1082/921
f 1206/1076/915 1214/1084/923 1210/1080/919
f 1214/1084/923 1206/1076/915 1211/1081/920
f 1210/1080/919 1215/1085/924 1156/1026/869
f 1210/1080/919 1214/1084/923 1215/1085/924
f 1156/1026/869 1215/1085/924 1157/1027/870
f 1157/1027/870 1215/1085/924 1216/1086/925
f 1211/1081/920 1213/1083/922 1217/1087/920
f 1218/1088/926 1217/1087/920 1213/1083/922
f 1219/1089/923 1214/1084/923 1211/1081/920
f 1211/1081/920 1217/1087/920 1219/1089/923
f 1214/1084/923 1220/1090/927 1215/1085/924
f 1214/1084/923 1219/1089/923 1220/1090/927
f 1215/1085/924 1221/1091/869 1216/1086/925
f 1221/1091/869 1215/1085/924 1220/1090/927
f 1221/1091/869 1222/1092/925 1216/1086/925
f 1216/1086/925 1222/1092/925 1223/1093/925
f 1222/1092/925 1224/1094/928 1223/1093/925
f 1224/1094/928 1222/1092/925 1225/1095/929
f 1221/1091/869 1225/1095/929 1222/1092/925
f 1221/1091/869 1226/1096/930 1225/1095/929
f 1227/1097/931 1226/1096/930 1221/1091/869
f 1226/1096/930 1227/1097/931 1228/1098/932
f 1221/1091/869 1229/1099/933 1227/1097/931
f 1221/1091/869 1220/1090/927 1229/1099/933
f 1230/1100/934 1228/1098/932 1227/1097/931
f 1228/1098/932 1230/1100/934 1231/1101/935
f 1231/1101/935 1232/1102/936 1233/1103/937
f 1232/1102/936 1231/1101/935 1230/1100/934
f 1232/1102/936 1230/1100/934 1234/1104/938
f 1235/1105/939 1230/1100/934 1227/1097/931
f 1235/1105/939 1234/1104/938 1230/1100/934
f 1227/1097/931 1229/1099/933 1235/1105/939
f 1234/1104/938 1235/1105/939 1236/1106/940
f 1236/1106/940 1237/1107/941 1234/1104/938
f 1238/1108/942 1235/1105/939 1229/1099/933
f 1235/1105/939 1238/1108/942 1236/1106/940
f 1220/1090/927 1238/1108/942 1229/1099/933
f 1237/1107/941 1236/1106/940 1239/1109/943
f 1238/1108/942 1220/1090/927 1240/1110/944
f 1219/1089/923 1240/1110/944 1220/1090/927
f 1238/1108/942 1241/1102/945 1236/1106/940
f 1239/1109/943 1236/1106/940 1241/1102/945
f 1240/1110/944 1219/1089/923 1242/1111/920
f 1219/1089/923 1217/1087/920 1242/1111/920
f 1243/1112/946 1238/1108/942 1240/1110/944
f 1242/1111/920 1243/1112/946 1240/1110/944
f 1238/1108/942 1243/1112/946 1241/1102/945
f 1217/1087/920 1244/1113/947 1242/1111/920
f 1243/1112/946 1242/1111/920 1244/1113/947
f 1241/1102/945 1245/1114/948 1239/1109/943
f 1245/1114/948 1241/1102/945 1243/1112/946
f 1246/1115/949 1237/1107/941 1239/1109/943
f 1246/1115/949 1239/1109/943 1245/1114/948
f 1246/1115/949 1247/1116/950 1237/1107/941
f 1248/1117/951 1247/1116/950 1246/1115/949
f 1245/1114/948 1248/1117/951 1246/1115/949
f 1247/1116/950 1248/1117/951 1249/1118/952
f 1250/1119/953 1245/1114/948 1243/1112/946
f 1250/1119/953 1243/1112/946 1244/1113/947
f 1251/1120/954 1248/1117/951 1245/1114/948
f 1249/1118/952 1248/1117/951 1251/1120/954
f 1251/1120/954 1245/1114/948 1250/1119/953
f 1252/1121/955 1249/1118/952 1251/1120/954
f 1253/1122/956 1250/1119/953 1244/1113/947
f 1253/1122/956 1251/1120/954 1250/1119/953
f 1251/1120/954 1254/1123/957 1252/1121/955
f 1253/1122/956 1254/1123/957 1251/1120/954
f 1253/1122/956 1244/1113/947 1255/1124/920
f 1255/1124/920 1254/1123/957 1253/1122/956
f 1255/1124/920 1244/1113/947 1217/1087/920
f 1217/1087/920 1218/1088/926 1255/1124/920
f 1256/1125/958 1255/1124/920 1218/1088/926
f 1257/1126/959 1252/1121/955 1254/1123/957
f 1254/1123/957 1255/1124/920 1257/1126/959
f 1255/1124/920 1256/1125/958 1257/1126/959
f 1252/1121/955 1257/1126/959 1258/1127/960
f 1259/1128/961 1257/1126/959 1256/1125/958
f 1257/1126/959 1259/1128/961 1258/1127/960
f 1260/1129/962 1261/1130/963 1262/1131/964
f 1261/1130/963 1260/1129/962 1263/1132/965
f 1264/1133/966 1261/1130/963 1263/1132/965
f 1265/1134/967 1263/1132/965 1260/1129/962
f 1264/1133/966 1263/1132/965 1266/1135/968
f 1264/1133/966 1266/1135/968 1267/1136/969
f 1263/1132/965 1265/1134/967 1268/1137/970
f 1268/1137/970 1266/1135/968 1263/1132/965
f 1265/1134/967 1269/1138/971 1268/1137/970
f 1269/1138/971 1265/1134/967 1270/1139/972
f 1271/1140/973 1266/1135/968 1268/1137/970
f 1269/1138/971 1271/1140/973 1268/1137/970
f 1270/1139/972 1272/1141/974 1269/1138/971
f 1272/1141/974 1270/1139/972 1273/1142/975
f 1269/1138/971 1274/1143/976 1271/1140/973
f 1274/1143/976 1269/1138/971 1272/1141/974
f 1275/1144/977 1272/1141/974 1273/1142/975
f 1273/1142/975 1276/1145/978 1275/1144/977
f 1272/1141/974 1277/1146/979 1274/1143/976
f 1277/1146/979 1272/1141/974 1275/1144/977
f 1276/1145/978 1278/1147/980 1275/1144/977
f 1278/1147/980 1276/1145/978 1279/1148/981
f 1275/1144/977 1280/1149/980 1277/1146/979
f 1280/1149/980 1275/1144/977 1278/1147/980
f 1279/1148/981 1281/1150/982 1278/1147/980
f 1281/1150/982 1279/1148/981 1282/1151/983
f 1283/1152/982 1280/1149/980 1278/1147/980
f 1278/1147/980 1281/1150/982 1283/1152/982
f 1282/1151/983 1284/1153/984 1281/1150/982
f 1282/1151/983 1285/1154/985 1284/1153/984
f 1281/1150/982 1286/1155/986 1283/1152/982
f 1286/1155/986 1281/1150/982 1284/1153/984
f 1285/1154/985 1287/1156/987 1284/1153/984
f 1285/1154/985 1288/1157/988 1287/1156/987
f 1289/1158/989 1287/1156/987 1288/1157/988
f 1284/1153/984 1290/1159/987 1286/1155/986
f 1290/1159/987 1284/1153/984 1287/1156/987
f 1287/1156/987 1289/1158/989 1291/1160/990
f 1292/1161/991 1291/1160/990 1289/1158/989
f 1287/1156/987 1293/1162/990 1290/1159/987
f 1293/1162/990 1287/1156/987 1291/1160/990
f 1291/1160/990 1292/1161/991 1294/1163/992
f 1294/1163/992 1293/1162/990 1291/1160/990
f 1295/1164/993 1294/1163/992 1292/1161/991
f 1293/1162/990 1296/1165/994 1290/1159/987
f 1286/1155/986 1290/1159/987 1296/1165/994
f 1294/1163/992 1295/1164/993 1297/1166/995
f 1298/1167/996 1297/1166/995 1295/1164/993
f 1293/1162/990 1294/1163/992 1299/1168/997
f 1297/1166/995 1299/1168/997 1294/1163/992
f 1296/1165/994 1293/1162/990 1300/1169/998
f 1299/1168/997 1300/1169/998 1293/1162/990
f 1301/1170/999 1286/1155/986 1296/1165/994
f 1283/1152/982 1286/1155/986 1301/1170/999
f 1300/1169/998 1302/1171/1000 1296/1165/994
f 1301/1170/999 1296/1165/994 1302/1171/1000
f 1283/1152/982 1301/1170/999 1303/1172/1001
f 1280/1149/980 1283/1152/982 1303/1172/1001
f 1302/1171/1000 1304/1173/1002 1301/1170/999
f 1303/1172/1001 1301/1170/999 1304/1173/1002
f 1280/1149/980 1303/1172/1001 1305/1174/1003
f 1277/1146/979 1280/1149/980 1305/1174/1003
f 1304/1173/1002 1306/1175/1004 1303/1172/1001
f 1305/1174/1003 1303/1172/1001 1306/1175/1004
f 1305/1174/1003 1307/1176/36 1277/1146/979
f 1307/1176/36 1274/1143/976 1277/1146/979
f 1306/1175/1004 1308/1177/1005 1305/1174/1003
f 1307/1176/36 1305/1174/1003 1308/1177/1005
f 1274/1143/976 1307/1176/36 1309/1178/1006
f 1309/1178/1006 1271/1140/973 1274/1143/976
f 1308/1177/1005 1310/1179/1007 1307/1176/36
f 1309/1178/1006 1307/1176/36 1310/1179/1007
f 1271/1140/973 1309/1178/1006 1311/1180/1008
f 1311/1180/1008 1266/1135/968 1271/1140/973
f 1309/1178/1006 1310/1179/1007 1312/1181/1009
f 1266/1135/968 1311/1180/1008 1313/1182/1010
f 1267/1136/969 1266/1135/968 1313/1182/1010
f 1311/1180/1008 1309/1178/1006 1314/1183/1006
f 1312/1181/1009 1314/1183/1006 1309/1178/1006
f 1313/1182/1010 1315/1184/1010 1267/1136/969
f 1316/1185/1011 1267/1136/969 1315/1184/1010
f 1316/1185/1011 1315/1184/1010 1317/1186/1012
f 1318/1187/1010 1317/1186/1012 1315/1184/1010
f 1315/1184/1010 1313/1182/1010 1318/1187/1010
f 1317/1186/1012 1318/1187/1010 1319/1188/1013
f 1320/1189/1010 1319/1188/1013 1318/1187/1010
f 1320/1189/1010 1318/1187/1010 1313/1182/1010
f 1319/1188/1013 1320/1189/1010 1321/1190/1014
f 1320/1189/1010 1322/1191/1014 1321/1190/1014
f 1323/1192/1015 1320/1189/1010 1313/1182/1010
f 1322/1191/1014 1320/1189/1010 1323/1192/1015
f 1311/1180/1008 1323/1192/1015 1313/1182/1010
f 1314/1183/1006 1323/1192/1015 1311/1180/1008
f 1323/1192/1015 1324/1193/1016 1322/1191/1014
f 1324/1193/1016 1323/1192/1015 1314/1183/1006
f 1314/1183/1006 1325/1194/1017 1324/1193/1016
f 1325/1194/1017 1314/1183/1006 1326/1195/1018
f 1312/1181/1009 1326/1195/1018 1314/1183/1006
f 1326/1195/1018 1327/1196/1019 1325/1194/1017
f 1326/1195/1018 1328/1197/1020 1327/1196/1019
f 1312/1181/1009 1328/1197/1020 1326/1195/1018
f 1328/1197/1020 1329/1198/1021 1327/1196/1019
f 1328/1197/1020 1312/1181/1009 1330/1172/1022
f 1328/1197/1020 1331/1199/1023 1329/1198/1021
f 1330/1172/1022 1331/1199/1023 1328/1197/1020
f 1331/1199/1023 1332/1200/1024 1329/1198/1021
f 1333/1201/1025 1330/1172/1022 1312/1181/1009
f 1310/1179/1007 1333/1201/1025 1312/1181/1009
f 1333/1201/1025 1310/1179/1007 1308/1177/1005
f 1331/1199/1023 1330/1172/1022 1334/1202/1026
f 1333/1201/1025 1334/1202/1026 1330/1172/1022
f 1331/1199/1023 1335/1203/1027 1332/1200/1024
f 1334/1202/1026 1335/1203/1027 1331/1199/1023
f 1308/1177/1005 1336/1202/1028 1333/1201/1025
f 1333/1201/1025 1336/1202/1028 1334/1202/1026
f 1336/1202/1028 1308/1177/1005 1306/1175/1004
f 1335/1203/1027 1334/1202/1026 1337/1204/1027
f 1337/1204/1027 1334/1202/1026 1336/1202/1028
f 1338/1205/1029 1332/1200/1024 1335/1203/1027
f 1337/1204/1027 1338/1205/1029 1335/1203/1027
f 1332/1200/1024 1338/1205/1029 1339/1206/1030
f 1336/1202/1028 1340/1199/1031 1337/1204/1027
f 1306/1175/1004 1341/1198/1032 1336/1202/1028
f 1341/1198/1032 1340/1199/1031 1336/1202/1028
f 1341/1198/1032 1306/1175/1004 1304/1173/1002
f 1342/1207/1029 1337/1204/1027 1340/1199/1031
f 1338/1205/1029 1337/1204/1027 1342/1207/1029
f 1341/1198/1032 1343/1208/1033 1340/1199/1031
f 1340/1199/1031 1343/1208/1033 1342/1207/1029
f 1304/1173/1002 1344/1209/1033 1341/1198/1032
f 1344/1209/1033 1343/1208/1033 1341/1198/1032
f 1344/1209/1033 1304/1173/1002 1302/1171/1000
f 1345/1210/1034 1342/1207/1029 1343/1208/1033
f 1342/1207/1029 1345/1210/1034 1338/1205/1029
f 1346/1211/1035 1343/1208/1033 1344/1209/1033
f 1343/1208/1033 1346/1211/1035 1345/1210/1034
f 1347/1212/1036 1344/1209/1033 1302/1171/1000
f 1302/1171/1000 1300/1169/998 1347/1212/1036
f 1346/1211/1035 1344/1209/1033 1348/1213/1035
f 1344/1209/1033 1347/1212/1036 1348/1213/1035
f 1349/1214/1037 1347/1212/1036 1300/1169/998
f 1300/1169/998 1299/1168/997 1349/1214/1037
f 1350/1215/1038 1348/1213/1035 1347/1212/1036
f 1347/1212/1036 1349/1214/1037 1350/1215/1038
f 1351/1216/1039 1349/1214/1037 1299/1168/997
f 1299/1168/997 1297/1166/995 1351/1216/1039
f 1349/1214/1037 1351/1216/1039 1352/1217/1040
f 1352/1217/1040 1350/1215/1038 1349/1214/1037
f 1297/1166/995 1353/1218/1041 1351/1216/1039
f 1353/1218/1041 1352/1217/1040 1351/1216/1039
f 1348/1213/1035 1350/1215/1038 1354/1219/1042
f 1350/1215/1038 1352/1217/1040 1355/1220/1040
f 1355/1220/1040 1354/1219/1042 1350/1215/1038
f 1352/1217/1040 1353/1218/1041 1356/1221/1043
f 1356/1221/1043 1355/1220/1040 1352/1217/1040
f 1357/1222/1042 1348/1213/1035 1354/1219/1042
f 1357/1222/1042 1346/1211/1035 1348/1213/1035
f 1354/1219/1042 1355/1220/1040 1358/1223/1033
f 1346/1211/1035 1357/1222/1042 1359/1224/1044
f 1359/1224/1044 1345/1210/1034 1346/1211/1035
f 1360/1225/1033 1357/1222/1042 1354/1219/1042
f 1360/1225/1033 1359/1224/1044 1357/1222/1042
f 1360/1225/1033 1354/1219/1042 1358/1223/1033
f 1359/1224/1044 1361/1226/1045 1345/1210/1034
f 1345/1210/1034 1361/1226/1045 1338/1205/1029
f 1361/1226/1045 1339/1206/1030 1338/1205/1029
f 1339/1206/1030 1361/1226/1045 1362/1227/1046
f 1363/1228/1047 1362/1227/1046 1361/1226/1045
f 1361/1226/1045 1359/1224/1044 1363/1228/1047
f 1362/1227/1046 1363/1228/1047 1364/1229/1048
f 1359/1224/1044 1360/1225/1033 1365/1230/1049
f 1359/1224/1044 1365/1230/1049 1363/1228/1047
f 1366/1231/1049 1364/1229/1048 1363/1228/1047
f 1365/1230/1049 1366/1231/1049 1363/1228/1047
f 1364/1229/1048 1366/1231/1049 1367/1232/1050
f 1368/1233/1051 1365/1230/1049 1360/1225/1033
f 1368/1233/1051 1360/1225/1033 1358/1223/1033
f 1369/1233/1052 1366/1231/1049 1365/1230/1049
f 1365/1230/1049 1368/1233/1051 1369/1233/1052
f 1370/1234/1053 1367/1232/1050 1366/1231/1049
f 1366/1231/1049 1369/1233/1052 1370/1234/1053
f 1367/1232/1050 1370/1234/1053 1371/1234/1054
f 1372/1235/1055 1371/1234/1054 1370/1234/1053
f 1372/1235/1055 1370/1234/1053 1373/1235/1056
f 1369/1233/1052 1373/1235/1056 1370/1234/1053
f 1374/1236/1057 1372/1235/1055 1373/1235/1056
f 1369/1233/1052 1375/1237/1056 1373/1235/1056
f 1375/1237/1056 1369/1233/1052 1368/1233/1051
f 1373/1235/1056 1376/1236/1058 1374/1236/1057
f 1375/1237/1056 1376/1236/1058 1373/1235/1056
f 1377/1238/1059 1374/1236/1057 1376/1236/1058
f 1375/1237/1056 1368/1233/1051 1378/1237/1060
f 1376/1236/1058 1379/1239/1061 1377/1238/1059
f 1380/1240/1062 1378/1237/1060 1368/1233/1051
f 1368/1233/1051 1358/1223/1033 1380/1240/1062
f 1376/1236/1058 1375/1237/1056 1381/1241/1063
f 1381/1241/1063 1379/1239/1061 1376/1236/1058
f 1358/1223/1033 1382/1240/1043 1380/1240/1062
f 1382/1240/1043 1358/1223/1033 1355/1220/1040
f 1355/1220/1040 1356/1221/1043 1382/1240/1043
f 1382/1240/1043 1383/1242/1064 1380/1240/1062
f 1378/1237/1060 1380/1240/1062 1383/1242/1064
f 1356/1221/1043 1384/1242/1065 1382/1240/1043
f 1382/1240/1043 1384/1242/1065 1383/1242/1064
f 1385/1241/1066 1375/1237/1056 1378/1237/1060
f 1383/1242/1064 1385/1241/1066 1378/1237/1060
f 1375/1237/1056 1385/1241/1066 1381/1241/1063
f 1384/1242/1065 1386/1243/1066 1383/1242/1064
f 1385/1241/1066 1383/1242/1064 1386/1243/1066
f 1356/1221/1043 1387/1244/1065 1384/1242/1065
f 1353/1218/1041 1387/1244/1065 1356/1221/1043
f 1384/1242/1065 1388/1245/1067 1386/1243/1066
f 1387/1244/1065 1388/1245/1067 1384/1242/1065
f 1386/1243/1066 1389/1246/1068 1385/1241/1066
f 1388/1245/1067 1389/1246/1068 1386/1243/1066
f 1390/1247/1069 1381/1241/1063 1385/1241/1066
f 1385/1241/1066 1389/1246/1068 1390/1247/1069
f 1381/1241/1063 1390/1247/1069 1391/1247/1070
f 1381/1241/1063 1391/1247/1070 1379/1239/1061
f 1392/1248/1071 1390/1247/1069 1389/1246/1068
f 1391/1247/1070 1393/1249/1072 1379/1239/1061
f 1393/1249/1072 1377/1238/1059 1379/1239/1061
f 1377/1238/1059 1393/1249/1072 1394/1249/1073
f 1393/1249/1072 1190/1060/901 1394/1249/1073
f 1395/1248/1074 1391/1247/1070 1390/1247/1069
f 1390/1247/1069 1392/1248/1071 1395/1248/1074
f 1393/1249/1072 1391/1247/1070 1396/1248/1075
f 1391/1247/1070 1395/1248/1074 1396/1248/1075
f 1190/1060/901 1393/1249/1072 1397/1250/1076
f 1396/1248/1075 1397/1250/1076 1393/1249/1072
f 1189/1059/900 1190/1060/901 1397/1250/1076
f 1398/1251/1077 1397/1250/1076 1396/1248/1075
f 1398/1251/1077 1189/1059/900 1397/1250/1076
f 1399/1252/1078 1396/1248/1075 1395/1248/1074
f 1396/1248/1075 1399/1252/1078 1398/1251/1077
f 1395/1248/1074 1400/1253/1078 1399/1252/1078
f 1392/1248/1071 1400/1253/1078 1395/1248/1074
f 1401/1254/1079 1398/1251/1077 1399/1252/1078
f 1400/1253/1078 1401/1254/1079 1399/1252/1078
f 1189/1059/900 1398/1251/1077 1402/1255/1080
f 1402/1255/1080 1398/1251/1077 1401/1254/1079
f 1186/1056/897 1189/1059/900 1402/1255/1080
f 1401/1254/1079 1400/1253/1078 1403/1256/1081
f 1392/1248/1071 1403/1256/1081 1400/1253/1078
f 1404/1257/1080 1402/1255/1080 1401/1254/1079
f 1403/1256/1081 1404/1257/1080 1401/1254/1079
f 1186/1056/897 1402/1255/1080 1405/1258/897
f 1405/1258/897 1402/1255/1080 1404/1257/1080
f 1188/1058/899 1186/1056/897 1405/1258/897
f 1405/1258/897 1195/1065/906 1188/1058/899
f 1195/1065/906 1405/1258/897 1406/1259/1082
f 1406/1259/1082 1203/1073/912 1195/1065/906
f 1407/1260/1083 1405/1258/897 1404/1257/1080
f 1407/1260/1083 1406/1259/1082 1405/1258/897
f 1203/1073/912 1406/1259/1082 1408/1261/1084
f 1408/1261/1084 1204/1074/913 1203/1073/912
f 1204/1074/913 1408/1261/1084 1409/1262/1085
f 1406/1259/1082 1407/1260/1083 1410/1263/1086
f 1410/1263/1086 1408/1261/1084 1406/1259/1082
f 1404/1257/1080 1411/1264/1087 1407/1260/1083
f 1411/1264/1087 1410/1263/1086 1407/1260/1083
f 1411/1264/1087 1404/1257/1080 1403/1256/1081
f 1412/1265/1088 1409/1262/1085 1408/1261/1084
f 1408/1261/1084 1410/1263/1086 1412/1265/1088
f 1413/1265/1089 1409/1262/1085 1412/1265/1088
f 1414/1266/1090 1412/1265/1088 1410/1263/1086
f 1410/1263/1086 1411/1264/1087 1414/1266/1090
f 1415/1267/1091 1413/1265/1089 1412/1265/1088
f 1412/1265/1088 1414/1266/1090 1415/1267/1091
f 1416/1267/1092 1413/1265/1089 1415/1267/1091
f 1417/1268/1093 1416/1267/1092 1415/1267/1091
f 1414/1266/1090 1417/1268/1093 1415/1267/1091
f 1416/1267/1092 1417/1268/1093 1418/1269/1094
f 1411/1264/1087 1419/1270/1095 1414/1266/1090
f 1417/1268/1093 1414/1266/1090 1419/1270/1095
f 1419/1270/1095 1411/1264/1087 1420/1271/1096
f 1411/1264/1087 1403/1256/1081 1420/1271/1096
f 1419/1270/1095 1421/1272/1097 1417/1268/1093
f 1421/1272/1097 1419/1270/1095 1420/1271/1096
f 1422/1273/1098 1418/1269/1094 1417/1268/1093
f 1417/1268/1093 1421/1272/1097 1422/1273/1098
f 1418/1269/1094 1422/1273/1098 1298/1167/996
f 1297/1166/995 1298/1167/996 1422/1273/1098
f 1297/1166/995 1422/1273/1098 1353/1218/1041
f 1353/1218/1041 1422/1273/1098 1423/1274/1099
f 1353/1218/1041 1423/1274/1099 1387/1244/1065
f 1424/1275/1100 1422/1273/1098 1421/1272/1097
f 1422/1273/1098 1424/1275/1100 1423/1274/1099
f 1423/1274/1099 1425/1276/1067 1387/1244/1065
f 1423/1274/1099 1424/1275/1100 1425/1276/1067
f 1387/1244/1065 1425/1276/1067 1388/1245/1067
f 1424/1275/1100 1421/1272/1097 1426/1277/1101
f 1426/1277/1101 1425/1276/1067 1424/1275/1100
f 1421/1272/1097 1420/1271/1096 1426/1277/1101
f 1425/1276/1067 1427/1278/1102 1388/1245/1067
f 1426/1277/1101 1427/1278/1102 1425/1276/1067
f 1388/1245/1067 1427/1278/1102 1389/1246/1068
f 1427/1278/1102 1392/1248/1071 1389/1246/1068
f 1420/1271/1096 1428/1279/1103 1426/1277/1101
f 1426/1277/1101 1428/1279/1103 1427/1278/1102
f 1427/1278/1102 1428/1279/1103 1392/1248/1071
f 1420/1271/1096 1403/1256/1081 1428/1279/1103
f 1403/1256/1081 1392/1248/1071 1428/1279/1103
f 1429/1280/1104 1430/715/1105 1431/1281/1106
f 1432/1282/1107 1429/1280/1104 1431/1281/1106
f 1429/1280/1104 1433/712/1108 1430/715/1105
f 1429/1280/1104 1432/1282/1107 1434/1283/1109
f 1435/1284/1110 1434/1283/1109 1432/1282/1107
f 1433/712/1108 1429/1280/1104 1436/1285/1111
f 1434/1283/1109 1436/1285/1111 1429/1280/1104
f 1436/1285/1111 1437/708/1112 1433/712/1108
f 1438/1286/1110 1434/1283/1109 1435/1284/1110
f 1439/1287/1113 1438/1286/1110 1435/1284/1110
f 1436/1285/1111 1434/1283/1109 1440/1288/1114
f 1438/1286/1110 1440/1288/1114 1434/1283/1109
f 1437/708/1112 1436/1285/1111 1441/1289/1115
f 1440/1288/1114 1441/1289/1115 1436/1285/1111
f 1441/1289/1115 1442/701/1116 1437/708/1112
f 1443/1290/1113 1438/1286/1110 1439/1287/1113
f 1441/1289/1115 1444/1291/1115 1442/701/1116
f 1445/1292/1117 1443/1290/1113 1439/1287/1113
f 1444/1291/1115 1446/698/1118 1442/701/1116
f 1441/1289/1115 1440/1288/1114 1447/1293/1119
f 1447/1293/1119 1444/1291/1115 1441/1289/1115
f 1440/1288/1114 1438/1286/1110 1448/1294/1120
f 1448/1294/1120 1447/1293/1119 1440/1288/1114
f 1443/1290/1113 1448/1294/1120 1438/1286/1110
f 1446/698/1118 1444/1291/1115 1449/1295/1115
f 1449/1295/1115 1450/696/1121 1446/698/1118
f 1447/1293/1119 1451/1296/651 1444/1291/1115
f 1451/1296/651 1449/1295/1115 1444/1291/1115
f 1447/1293/1119 1448/1294/1120 1452/1297/1122
f 1452/1297/1122 1451/1296/651 1447/1293/1119
f 1450/696/1121 1449/1295/1115 1453/1298/1123
f 1453/1298/1123 1454/694/1124 1450/696/1121
f 1449/1295/1115 1451/1296/651 1455/1299/1125
f 1455/1299/1125 1453/1298/1123 1449/1295/1115
f 1452/1297/1122 1456/1300/1126 1451/1296/651
f 1456/1300/1126 1455/1299/1125 1451/1296/651
f 1448/1294/1120 1457/1301/550 1452/1297/1122
f 1457/1301/550 1456/1300/1126 1452/1297/1122
f 1457/1301/550 1448/1294/1120 1458/1302/1127
f 1448/1294/1120 1443/1290/1113 1458/1302/1127
f 1457/1301/550 1459/1303/1128 1456/1300/1126
f 1460/1304/1129 1458/1302/1127 1443/1290/1113
f 1461/1305/1130 1457/1301/550 1458/1302/1127
f 1458/1302/1127 1460/1304/1129 1461/1305/1130
f 1457/1301/550 1462/1306/221 1459/1303/1128
f 1462/1306/221 1457/1301/550 1461/1305/1130
f 1459/1303/1128 1463/1307/1126 1456/1300/1126
f 1455/1299/1125 1456/1300/1126 1463/1307/1126
f 1462/1306/221 1464/1308/743 1459/1303/1128
f 1463/1307/1126 1459/1303/1128 1464/1308/743
f 1463/1307/1126 1465/1309/643 1455/1299/1125
f 1453/1298/1123 1455/1299/1125 1465/1309/643
f 1464/1308/743 1466/1310/1131 1463/1307/1126
f 1465/1309/643 1463/1307/1126 1466/1310/1131
f 1465/1309/643 1467/1311/1132 1453/1298/1123
f 1454/694/1124 1453/1298/1123 1467/1311/1132
f 1467/1311/1132 1465/1309/643 1468/1312/1133
f 1466/1310/1131 1468/1312/1133 1465/1309/643
f 1469/1313/1134 1454/694/1124 1467/1311/1132
f 1468/1312/1133 1469/1313/1134 1467/1311/1132
f 1454/694/1124 1469/1313/1134 1470/693/1135
f 1468/1312/1133 1466/1310/1131 1471/1314/1136
f 1472/1315/1137 1470/693/1135 1469/1313/1134
f 1470/693/1135 1472/1315/1137 1473/688/1138
f 1468/1312/1133 1474/1316/1139 1469/1313/1134
f 1472/1315/1137 1469/1313/1134 1474/1316/1139
f 1471/1314/1136 1474/1316/1139 1468/1312/1133
f 1475/1317/1140 1473/688/1138 1472/1315/1137
f 1473/688/1138 1475/1317/1140 1476/685/1141
f 1477/1318/1142 1472/1315/1137 1474/1316/1139
f 1477/1318/1142 1475/1317/1140 1472/1315/1137
f 1478/1319/1143 1476/685/1141 1475/1317/1140
f 1478/1319/1143 1475/1317/1140 1477/1318/1142
f 1476/685/1141 1478/1319/1143 1479/676/1144
f 1480/1320/1145 1479/676/1144 1478/1319/1143
f 1478/1319/1143 1477/1318/1142 1480/1320/1145
f 1479/676/1144 1480/1320/1145 1481/673/1146
f 1480/1320/1145 1482/669/1147 1481/673/1146
f 1483/1321/1148 1477/1318/1142 1474/1316/1139
f 1474/1316/1139 1471/1314/1136 1483/1321/1148
f 1484/1322/1149 1480/1320/1145 1477/1318/1142
f 1477/1318/1142 1483/1321/1148 1484/1322/1149
f 1482/669/1147 1480/1320/1145 1485/1323/1150
f 1480/1320/1145 1484/1322/1149 1485/1323/1150
f 1485/1323/1150 1486/666/1151 1482/669/1147
f 1487/1324/1152 1484/1322/1149 1483/1321/1148
f 1486/666/1151 1485/1323/1150 1488/1325/1153
f 1488/1325/1153 1489/665/1154 1486/666/1151
f 1485/1323/1150 1484/1322/1149 1490/1326/1155
f 1488/1325/1153 1485/1323/1150 1490/1326/1155
f 1484/1322/1149 1487/1324/1152 1490/1326/1155
f 1489/665/1154 1488/1325/1153 1491/1327/1156
f 1492/1328/1157 1489/665/1154 1491/1327/1156
f 1492/1328/1157 1493/662/1158 1489/665/1154
f 1488/1325/1153 1494/1329/1159 1491/1327/1156
f 1491/1327/1156 1494/1329/1159 1492/1328/1157
f 1494/1329/1159 1488/1325/1153 1490/1326/1155
f 1495/1330/1160 1493/662/1158 1492/1328/1157
f 1492/1328/1157 1494/1329/1159 1495/1330/1160
f 1495/1330/1160 1496/655/1161 1493/662/1158
f 1497/1331/1162 1496/655/1161 1495/1330/1160
f 1495/1330/1160 1494/1329/1159 1497/1331/1162
f 1497/1331/1162 1498/653/1163 1496/655/1161
f 1497/1331/1162 1499/649/1164 1498/653/1163
f 1499/649/1164 1497/1331/1162 1500/1332/1165
f 1497/1331/1162 1494/1329/1159 1500/1332/1165
f 1500/1332/1165 1501/648/1166 1499/649/1164
f 1490/1326/1155 1502/1333/770 1494/1329/1159
f 1502/1333/770 1490/1326/1155 1487/1324/1152
f 1503/1334/1167 1500/1332/1165 1494/1329/1159
f 1494/1329/1159 1502/1333/770 1503/1334/1167
f 1501/648/1166 1500/1332/1165 1504/1335/1168
f 1500/1332/1165 1503/1334/1167 1504/1335/1168
f 1505/1336/1169 1501/648/1166 1504/1335/1168
f 1501/648/1166 1505/1336/1169 1506/645/1170
f 1503/1334/1167 1507/1337/1171 1504/1335/1168
f 1505/1336/1169 1504/1335/1168 1507/1337/1171
f 1506/645/1170 1505/1336/1169 1508/1338/1172
f 1508/1338/1172 1509/642/1173 1506/645/1170
f 1510/1339/1174 1505/1336/1169 1507/1337/1171
f 1505/1336/1169 1510/1339/1174 1508/1338/1172
f 1511/1340/1175 1510/1339/1174 1507/1337/1171
f 1512/1341/1176 1508/1338/1172 1510/1339/1174
f 1507/1337/1171 1513/1342/1177 1511/1340/1175
f 1514/1343/1178 1508/1338/1172 1512/1341/1176
f 1509/642/1173 1508/1338/1172 1514/1343/1178
f 1514/1343/1178 1512/1341/1176 1515/1344/1176
f 1514/1343/1178 1516/639/1179 1509/642/1173
f 1515/1344/1176 1517/1345/1180 1514/1343/1178
f 1516/639/1179 1514/1343/1178 1517/1345/1180
f 1517/1345/1180 1515/1344/1176 1518/1346/1181
f 1517/1345/1180 1519/636/1182 1516/639/1179
f 1518/1346/1181 1520/1347/1183 1517/1345/1180
f 1519/636/1182 1517/1345/1180 1520/1347/1183
f 1520/1347/1183 1518/1346/1181 1521/1348/1184
f 1520/1347/1183 1522/634/1185 1519/636/1182
f 1521/1348/1184 1523/1349/1183 1520/1347/1183
f 1522/634/1185 1520/1347/1183 1523/1349/1183
f 1523/1349/1183 1521/1348/1184 1524/1350/1186
f 1524/1350/1186 1525/1351/1187 1523/1349/1183
f 1523/1349/1183 1526/1352/1188 1522/634/1185
f 1526/1352/1188 1523/1349/1183 1525/1351/1187
f 1527/632/1189 1522/634/1185 1526/1352/1188
f 1528/1353/1190 1526/1352/1188 1525/1351/1187
f 1529/1354/1191 1527/632/1189 1526/1352/1188
f 1526/1352/1188 1528/1353/1190 1529/1354/1191
f 1527/632/1189 1529/1354/1191 1530/630/1192
f 1528/1353/1190 1531/1355/1193 1529/1354/1191
f 1532/629/1194 1530/630/1192 1529/1354/1191
f 1533/1356/1195 1532/629/1194 1529/1354/1191
f 1531/1355/1193 1533/1356/1195 1529/1354/1191
f 1533/1356/1195 1534/1357/1196 1532/629/1194
f 1531/1355/1193 1535/1358/1197 1533/1356/1195
f 1534/1357/1196 1533/1356/1195 1535/1358/1197
f 1535/1358/1197 1531/1355/1193 1536/1359/1198
f 1534/1357/1196 1535/1358/1197 1445/1292/1117
f 1535/1358/1197 1536/1359/1198 1537/1360/1199
f 1538/1361/1186 1537/1360/1199 1536/1359/1198
f 1535/1358/1197 1539/1362/1200 1445/1292/1117
f 1539/1362/1200 1535/1358/1197 1537/1360/1199
f 1443/1290/1113 1445/1292/1117 1539/1362/1200
f 1443/1290/1113 1539/1362/1200 1460/1304/1129
f 1539/1362/1200 1537/1360/1199 1460/1304/1129
f 1537/1360/1199 1538/1361/1186 1540/1363/1201
f 1540/1363/1201 1460/1304/1129 1537/1360/1199
f 1541/1364/1202 1540/1363/1201 1538/1361/1186
f 1461/1305/1130 1460/1304/1129 1540/1363/1201
f 1542/1365/1201 1461/1305/1130 1540/1363/1201
f 1540/1363/1201 1541/1364/1202 1542/1365/1201
f 1461/1305/1130 1542/1365/1201 1462/1306/221
f 1541/1364/1202 1543/1366/1203 1542/1365/1201
f 1543/1366/1203 1541/1364/1202 1544/1367/1202
f 1542/1365/1201 1545/1368/1204 1462/1306/221
f 1545/1368/1204 1542/1365/1201 1543/1366/1203
f 1464/1308/743 1462/1306/221 1545/1368/1204
f 1544/1367/1202 1546/1369/1205 1543/1366/1203
f 1544/1367/1202 1547/1370/1206 1546/1369/1205
f 1543/1366/1203 1548/1371/780 1545/1368/1204
f 1548/1371/780 1543/1366/1203 1546/1369/1205
f 1545/1368/1204 1549/1372/1207 1464/1308/743
f 1549/1372/1207 1545/1368/1204 1548/1371/780
f 1466/1310/1131 1464/1308/743 1549/1372/1207
f 1549/1372/1207 1471/1314/1136 1466/1310/1131
f 1471/1314/1136 1549/1372/1207 1550/1373/1208
f 1548/1371/780 1550/1373/1208 1549/1372/1207
f 1483/1321/1148 1471/1314/1136 1550/1373/1208
f 1550/1373/1208 1487/1324/1152 1483/1321/1148
f 1548/1371/780 1551/1374/226 1550/1373/1208
f 1551/1374/226 1487/1324/1152 1550/1373/1208
f 1546/1369/1205 1551/1374/226 1548/1371/780
f 1487/1324/1152 1551/1374/226 1502/1333/770
f 1551/1374/226 1546/1369/1205 1552/1375/835
f 1547/1370/1206 1552/1375/835 1546/1369/1205
f 1552/1375/835 1547/1370/1206 1553/1376/1206
f 1553/1376/1206 1554/1377/1209 1552/1375/835
f 1502/1333/770 1551/1374/226 1555/1378/1210
f 1555/1378/1210 1551/1374/226 1552/1375/835
f 1555/1378/1210 1552/1375/835 1554/1377/1209
f 1502/1333/770 1555/1378/1210 1503/1334/1167
f 1513/1342/1177 1555/1378/1210 1554/1377/1209
f 1556/1379/1211 1503/1334/1167 1555/1378/1210
f 1555/1378/1210 1513/1342/1177 1556/1379/1211
f 1507/1337/1171 1503/1334/1167 1556/1379/1211
f 1513/1342/1177 1507/1337/1171 1556/1379/1211
f 1557/1380/1212 1558/197/166 1559/201/1212
f 1560/1381/166 1557/1380/1212 1559/201/1212
f 1559/201/1212 1558/197/166 1561/6/1212
f 1562/156/167 1560/1381/166 1559/201/1212
f 1559/201/1212 1561/6/1212 1563/1382/1212
f 1562/156/167 1559/201/1212 1563/1382/1212
f 1564/1380/166 1565/197/166 1566/201/166
f 1567/1381/166 1564/1380/166 1566/201/166
f 1566/201/166 1565/197/166 1568/6/166
f 1569/156/166 1567/1381/166 1566/201/166
f 1566/201/166 1568/6/166 1570/1382/166
f 1569/156/166 1566/201/166 1570/1382/166
f 1571/172/1213 1572/1383/1213 1573/1384/1214
f 1571/172/1213 1574/7/1215 1572/1383/1213
f 1571/172/1213 1573/1384/1214 1575/170/1216
f 1574/7/1215 1571/172/1213 1576/4/1217
f 1575/170/1216 1573/1384/1214 1577/1385/1218
f 1576/4/1217 1578/1386/1219 1574/7/1215
f 1575/170/1216 1577/1385/1218 1579/188/1220
f 1578/1386/1219 1576/4/1217 1580/175/1219
f 1577/1385/1218 1581/166/1221 1579/188/1220
f 1582/191/1222 1578/1386/1219 1580/175/1219
f 1581/166/1221 1577/1385/1218 1583/1387/1221
f 1582/191/1222 1584/1388/1223 1578/1386/1219
f 1583/1387/1221 1585/186/1224 1581/166/1221
f 1586/190/1225 1584/1388/1223 1582/191/1222
f 1585/186/1224 1583/1387/1221 1587/1389/1224
f 1586/190/1225 1588/1390/1226 1584/1388/1223
f 1587/1389/1224 1589/185/1227 1585/186/1224
f 1586/190/1225 1590/1391/1228 1588/1390/1226
f 1589/185/1227 1587/1389/1224 1591/1392/1229
f 1590/1391/1228 1586/190/1225 1592/189/1228
f 1589/185/1227 1591/1392/1229 1593/1393/1230
f 1592/189/1228 1594/1394/1231 1590/1391/1228
f 1589/185/1227 1593/1393/1230 1595/184/1232
f 1594/1394/1231 1592/189/1228 1596/187/1231
f 1595/184/1232 1593/1393/1230 1597/1395/1233
f 1598/1396/1234 1594/1394/1231 1596/187/1231
f 1595/184/1232 1597/1395/1233 1599/160/1233
f 1596/187/1231 1600/167/1235 1598/1396/1234
f 1597/1395/1233 1601/161/1236 1599/160/1233
f 1600/167/1235 1602/1397/1237 1598/1396/1234
f 1601/161/1236 1597/1395/1233 1603/1398/1238
f 1602/1397/1237 1600/167/1235 1604/165/1237
f 1603/1398/1238 1605/163/1239 1601/161/1236
f 1605/163/1239 1602/1397/1237 1604/165/1237
f 1605/163/1239 1603/1398/1238 1606/1399/1240
f 1602/1397/1237 1605/163/1239 1606/1399/1240
f 1607/172/1241 1608/1400/1241 1609/1401/1214
f 1607/172/1241 1610/1402/1215 1608/1400/1241
f 1607/172/1241 1609/1401/1214 1611/170/1214
f 1610/1402/1215 1607/172/1241 1612/4/1217
f 1611/170/1214 1609/1401/1214 1613/1403/1242
f 1612/4/1217 1614/175/1219 1610/1402/1215
f 1611/170/1214 1613/1403/1242 1615/169/1218
f 1614/175/1219 1612/4/1217 1616/175/1219
f 1617/1404/1221 1615/169/1218 1613/1403/1242
f 1618/174/1222 1614/175/1219 1616/175/1219
f 1615/169/1218 1617/1404/1221 1619/166/1221
f 1618/174/1222 1620/1405/1223 1614/175/1219
f 1617/1404/1221 1621/164/1243 1619/166/1221
f 1622/173/1244 1620/1405/1223 1618/174/1222
f 1621/164/1243 1617/1404/1221 1623/1392/1224
f 1622/173/1244 1624/171/1245 1620/1405/1223
f 1623/1392/1224 1625/162/1229 1621/164/1243
f 1622/173/1244 1626/1406/1228 1624/171/1245
f 1625/162/1229 1623/1392/1224 1627/186/1227
f 1626/1406/1228 1622/173/1244 1628/171/1246
f 1625/162/1229 1627/186/1227 1629/1407/1247
f 1628/171/1246 1630/1408/1231 1626/1406/1228
f 1625/162/1229 1629/1407/1247 1631/159/1230
f 1630/1408/1231 1628/171/1246 1632/168/1231
f 1631/159/1230 1629/1407/1247 1633/160/1233
f 1634/1409/1248 1630/1408/1231 1632/168/1231
f 1631/159/1230 1633/160/1233 1635/160/1249
f 1632/168/1231 1636/167/1234 1634/1409/1248
f 1633/160/1233 1637/161/1238 1635/160/1249
f 1636/167/1234 1638/165/1250 1634/1409/1248
f 1637/161/1238 1633/160/1233 1639/1410/1238
f 1634/1409/1248 1638/165/1250 1640/1399/1250
f 1639/1410/1238 1641/163/1239 1637/161/1238
f 1638/165/1250 1641/163/1239 1640/1399/1250
f 1641/163/1239 1639/1410/1238 1642/165/1239
f 1640/1399/1250 1641/163/1239 1642/165/1239
f 1643/1411/1251 1644/1380/1252 1645/157/1253
f 1646/158/1254 1645/157/1253 1644/1380/1252
f 1644/1380/1252 1643/1411/1251 1647/197/1255
f 1646/158/1254 1644/1380/1252 1648/1381/1254
f 1649/1412/1256 1647/197/1255 1643/1411/1251
f 1648/1381/1254 1650/156/1257 1646/158/1254
f 1647/197/1255 1649/1412/1256 1651/6/1256
f 1650/156/1257 1648/1381/1254 1652/156/1258
f 1653/5/1259 1651/6/1256 1649/1412/1256
f 1654/1382/1260 1650/156/1257 1652/156/1258
f 1651/6/1256 1653/5/1259 1654/1382/1260
f 1650/156/1257 1654/1382/1260 1653/5/1259
f 1655/156/1261 1656/1382/1260 1657/5/1262
f 1656/1382/1260 1655/156/1261 1658/156/1258
f 1659/6/1256 1657/5/1262 1656/1382/1260
f 1660/158/1254 1658/156/1258 1655/156/1261
f 1657/5/1262 1659/6/1256 1661/1412/1263
f 1658/156/1258 1660/158/1254 1662/1381/1254
f 1663/197/1264 1661/1412/1263 1659/6/1256
f 1664/157/1253 1662/1381/1254 1660/158/1254
f 1661/1412/1263 1663/197/1264 1665/1411/1251
f 1662/1381/1254 1664/157/1253 1666/1380/1265
f 1666/1380/1265 1665/1411/1251 1663/197/1264
f 1665/1411/1251 1666/1380/1265 1664/157/1253
f 946/816/704 1667/1413/643 950/820/708
f 1667/1413/643 946/816/704 947/817/705
f 1668/1414/1266 950/820/708 1667/1413/643
f 950/820/708 1668/1414/1266 953/823/711
f 965/835/723 953/823/711 1668/1414/1266
f 947/817/705 1669/1415/1267 1667/1413/643
f 1667/1413/643 1669/1415/1267 1668/1414/1266
f 1668/1414/1266 1670/1416/1268 965/835/723
f 1668/1414/1266 1669/1415/1267 1670/1416/1268
f 965/835/723 1670/1416/1268 833/703/617
f 1670/1416/1268 834/704/618 833/703/617
f 834/704/618 1670/1416/1268 1671/1417/1268
f 1669/1415/1267 1671/1417/1268 1670/1416/1268
f 1671/1417/1268 840/710/618 834/704/618
f 1669/1415/1267 947/817/705 1672/1418/1269
f 1672/1418/1269 947/817/705 940/810/698
f 1671/1417/1268 1669/1415/1267 1673/1419/1270
f 1672/1418/1269 1673/1419/1270 1669/1415/1267
f 840/710/618 1671/1417/1268 1674/1420/640
f 1673/1419/1270 1674/1420/640 1671/1417/1268
f 866/736/639 840/710/618 1674/1420/640
f 1672/1418/1269 940/810/698 1675/1421/1271
f 934/804/692 1675/1421/1271 940/810/698
f 1675/1421/1271 934/804/692 930/800/688
f 1673/1419/1270 1672/1418/1269 1676/1422/1272
f 1675/1421/1271 1676/1422/1272 1672/1418/1269
f 1674/1420/640 1673/1419/1270 1677/1423/1273
f 1676/1422/1272 1677/1423/1273 1673/1419/1270
f 866/736/639 1674/1420/640 1678/1424/640
f 1677/1423/1273 1678/1424/640 1674/1420/640
f 1678/1424/640 867/737/641 866/736/639
f 1676/1422/1272 1675/1421/1271 1679/1425/1274
f 1679/1425/1274 1675/1421/1271 930/800/688
f 1677/1423/1273 1676/1422/1272 1680/1426/1275
f 1680/1426/1275 1676/1422/1272 1679/1425/1274
f 1678/1424/640 1677/1423/1273 1681/1427/1276
f 1680/1426/1275 1681/1427/1276 1677/1423/1273
f 1678/1424/640 1682/1428/651 867/737/641
f 1682/1428/651 1678/1424/640 1681/1427/1276
f 869/739/643 867/737/641 1682/1428/651
f 869/739/643 1682/1428/651 878/748/651
f 878/748/651 1682/1428/651 1683/1429/1275
f 878/748/651 1683/1429/1275 877/747/650
f 1682/1428/651 1681/1427/1276 1684/1430/1277
f 1684/1430/1277 1683/1429/1275 1682/1428/651
f 1683/1429/1275 1685/1431/1278 877/747/650
f 1684/1430/1277 1685/1431/1278 1683/1429/1275
f 877/747/650 1685/1431/1278 881/751/653
f 888/758/658 881/751/653 1685/1431/1278
f 1686/1432/1279 1684/1430/1277 1681/1427/1276
f 1681/1427/1276 1680/1426/1275 1686/1432/1279
f 1685/1431/1278 1684/1430/1277 1687/1433/1280
f 1687/1433/1280 888/758/658 1685/1431/1278
f 1686/1432/1279 1687/1433/1280 1684/1430/1277
f 888/758/658 1687/1433/1280 1688/1434/670
f 1688/1434/670 899/769/665 888/758/658
f 899/769/665 1688/1434/670 904/774/670
f 1687/1433/1280 1686/1432/1279 1689/1435/1281
f 1689/1435/1281 1688/1434/670 1687/1433/1280
f 1686/1432/1279 1680/1426/1275 1690/1436/1282
f 1686/1432/1279 1690/1436/1282 1689/1435/1281
f 1680/1426/1275 1679/1425/1274 1690/1436/1282
f 1691/1437/1283 904/774/670 1688/1434/670
f 1688/1434/670 1689/1435/1281 1691/1437/1283
f 904/774/670 1691/1437/1283 911/781/670
f 1692/1438/1284 1689/1435/1281 1690/1436/1282
f 1689/1435/1281 1692/1438/1284 1691/1437/1283
f 1693/1439/688 1690/1436/1282 1679/1425/1274
f 1690/1436/1282 1693/1439/688 1692/1438/1284
f 1679/1425/1274 930/800/688 1693/1439/688
f 1691/1437/1283 1694/1440/688 911/781/670
f 1691/1437/1283 1692/1438/1284 1694/1440/688
f 912/782/669 911/781/670 1694/1440/688
f 1694/1440/688 916/786/666 912/782/669
f 1692/1438/1284 1693/1439/688 1695/1441/688
f 1692/1438/1284 1695/1441/688 1694/1440/688
f 1693/1439/688 930/800/688 1695/1441/688
f 916/786/666 1694/1440/688 1695/1441/688
f 929/799/687 1695/1441/688 930/800/688
f 1695/1441/688 929/799/687 916/786/666
usemtl e50:MI_Cabin_Wood_A1
f 1696/1442/1285 1697/1443/1285 1698/1444/1285
f 1698/1444/1286 1697/1443/1287 1699/1445/1288
f 1699/1445/1288 1700/1446/1289 1698/1444/1286
f 1700/1446/1289 1699/1445/1288 1701/1447/1290
f 1701/1447/1290 1702/1448/1291 1700/1446/1289
f 1702/1448/1291 1701/1447/1290 1703/1449/1292
f 1702/1448/1291 1703/1449/1292 1704/1450/1293
f 1703/1449/1292 1705/1451/1294 1704/1450/1293
f 1705/1451/1294 1706/1452/1295 1704/1450/1293
f 1706/1452/1295 1705/1451/1294 1707/1453/1296
f 1707/1453/1296 1708/1454/1297 1706/1452/1295
f 1708/1454/1297 1707/1453/1296 1709/1455/1298
f 1710/1456/1299 1711/1457/1300 1712/1458/1301
f 1711/1457/1300 1713/1459/1302 1712/1458/1301
f 1711/1457/1300 1710/1456/1299 1714/1460/1303
f 1713/1459/1302 1711/1457/1300 1715/1461/1304
f 1715/1461/1304 1716/1462/1305 1713/1459/1302
f 1714/1460/1303 1717/1463/1306 1711/1457/1300
f 1717/1463/1306 1715/1461/1304 1711/1457/1300
f 1714/1460/1303 1718/1464/1307 1717/1463/1306
f 1718/1464/1307 1714/1460/1303 1719/1465/1308
f 1715/1461/1304 1717/1463/1306 1720/1466/1309
f 1717/1463/1306 1718/1464/1307 1720/1466/1309
f 1716/1462/1305 1715/1461/1304 1721/1467/1310
f 1720/1466/1309 1721/1467/1310 1715/1461/1304
f 1721/1467/1310 1722/1468/1311 1716/1462/1305
f 1718/1464/1307 1723/1469/1312 1720/1466/1309
f 1722/1468/1311 1721/1467/1310 1724/1470/1313
f 1721/1467/1310 1720/1466/1309 1725/1471/1314
f 1725/1471/1314 1724/1470/1313 1721/1467/1310
f 1723/1469/1312 1725/1471/1314 1720/1466/1309
f 1726/1472/1315 1722/1468/1311 1724/1470/1313
f 1722/1468/1311 1726/1472/1315 1727/1473/1316
f 1726/1472/1315 1728/1474/1317 1727/1473/1316
f 1724/1470/1313 1725/1471/1314 1729/1475/1318
f 1729/1475/1318 1726/1472/1315 1724/1470/1313
f 1730/1476/1319 1725/1471/1314 1723/1469/1312
f 1730/1476/1319 1729/1475/1318 1725/1471/1314
f 1728/1474/1317 1726/1472/1315 1731/1477/1320
f 1731/1477/1320 1732/1478/1321 1728/1474/1317
f 1729/1475/1318 1733/1479/1322 1726/1472/1315
f 1733/1479/1322 1731/1477/1320 1726/1472/1315
f 1732/1478/1321 1731/1477/1320 1734/1480/1323
f 1734/1480/1323 1735/1481/1324 1732/1478/1321
f 1731/1477/1320 1733/1479/1322 1736/1482/1325
f 1736/1482/1325 1734/1480/1323 1731/1477/1320
f 1729/1475/1318 1737/1483/1326 1733/1479/1322
f 1729/1475/1318 1730/1476/1319 1737/1483/1326
f 1733/1479/1322 1738/1484/1327 1736/1482/1325
f 1738/1484/1327 1733/1479/1322 1737/1483/1326
f 1734/1480/1323 1736/1482/1325 1739/1485/1328
f 1738/1484/1327 1740/1486/1329 1736/1482/1325
f 1740/1486/1329 1739/1485/1328 1736/1482/1325
f 1735/1481/1324 1734/1480/1323 1741/1487/1330
f 1739/1485/1328 1741/1487/1330 1734/1480/1323
f 1741/1487/1330 1742/1488/1331 1735/1481/1324
f 1743/1489/1332 1740/1486/1329 1738/1484/1327
f 1738/1484/1327 1737/1483/1326 1743/1489/1332
f 1742/1488/1331 1741/1487/1330 1744/1490/1333
f 1744/1490/1333 1745/1491/1334 1742/1488/1331
f 1741/1487/1330 1746/1492/1335 1744/1490/1333
f 1745/1491/1334 1744/1490/1333 1747/1493/1336
f 1744/1490/1333 1746/1492/1335 1747/1493/1336
f 1748/1494/1337 1745/1491/1334 1747/1493/1336
f 1746/1492/1335 1741/1487/1330 1749/1495/1338
f 1741/1487/1330 1739/1485/1328 1749/1495/1338
f 1750/1496/1339 1747/1493/1336 1746/1492/1335
f 1749/1495/1338 1750/1496/1339 1746/1492/1335
f 1748/1494/1337 1747/1493/1336 1751/1497/1340
f 1751/1497/1340 1752/1498/1341 1748/1494/1337
f 1752/1498/1341 1751/1497/1340 1753/1499/1342
f 1753/1499/1342 1751/1497/1340 1754/1500/1343
f 1751/1497/1340 1747/1493/1336 1755/1501/1344
f 1747/1493/1336 1750/1496/1339 1755/1501/1344
f 1756/1502/1345 1754/1500/1343 1751/1497/1340
f 1751/1497/1340 1755/1501/1344 1756/1502/1345
f 1756/1502/1345 1757/1503/1346 1754/1500/1343
f 1754/1500/1343 1757/1503/1346 1758/1504/1292
f 1756/1502/1345 1755/1501/1344 1759/1505/1347
f 1759/1505/1347 1757/1503/1346 1756/1502/1345
f 1760/1506/1348 1755/1501/1344 1750/1496/1339
f 1755/1501/1344 1760/1506/1348 1759/1505/1347
f 1750/1496/1339 1761/1507/1349 1760/1506/1348
f 1761/1507/1349 1750/1496/1339 1749/1495/1338
f 1762/1508/1350 1759/1505/1347 1760/1506/1348
f 1761/1507/1349 1762/1508/1350 1760/1506/1348
f 1749/1495/1338 1763/1509/1351 1761/1507/1349
f 1763/1509/1351 1762/1508/1350 1761/1507/1349
f 1763/1509/1351 1749/1495/1338 1739/1485/1328
f 1739/1485/1328 1740/1486/1329 1763/1509/1351
f 1764/1510/1352 1763/1509/1351 1740/1486/1329
f 1740/1486/1329 1743/1489/1332 1764/1510/1352
f 1763/1509/1351 1764/1510/1352 1765/1511/1353
f 1762/1508/1350 1763/1509/1351 1765/1511/1353
f 1766/1512/1354 1765/1511/1353 1764/1510/1352
f 1765/1511/1353 1767/1513/1355 1762/1508/1350
f 1765/1511/1353 1766/1512/1354 1767/1513/1355
f 1743/1489/1332 1768/1514/1356 1764/1510/1352
f 1768/1514/1356 1766/1512/1354 1764/1510/1352
f 1759/1505/1347 1762/1508/1350 1769/1515/1357
f 1769/1515/1357 1757/1503/1346 1759/1505/1347
f 1770/1516/1358 1769/1515/1357 1762/1508/1350
f 1762/1508/1350 1767/1513/1355 1770/1516/1358
f 1757/1503/1346 1769/1515/1357 1771/1517/1359
f 1758/1504/1292 1757/1503/1346 1771/1517/1359
f 1769/1515/1357 1770/1516/1358 1772/1518/1360
f 1772/1518/1360 1771/1517/1359 1769/1515/1357
f 1773/1519/1361 1758/1504/1292 1771/1517/1359
f 1771/1517/1359 1772/1518/1360 1773/1519/1361
f 1774/1520/1362 1758/1504/1292 1773/1519/1361
f 1775/1521/1363 1772/1518/1360 1770/1516/1358
f 1767/1513/1355 1775/1521/1363 1770/1516/1358
f 1776/1522/1364 1774/1520/1362 1773/1519/1361
f 1776/1522/1364 1777/1523/1296 1774/1520/1362
f 1778/1524/1365 1773/1519/1361 1772/1518/1360
f 1773/1519/1361 1778/1524/1365 1776/1522/1364
f 1772/1518/1360 1775/1521/1363 1778/1524/1365
f 1777/1523/1296 1776/1522/1364 1779/1525/1366
f 1779/1525/1366 1776/1522/1364 1778/1524/1365
f 1779/1525/1366 1780/1526/1367 1777/1523/1296
f 1780/1526/1367 1779/1525/1366 1781/1527/1368
f 1778/1524/1365 1782/1528/1369 1779/1525/1366
f 1782/1528/1369 1781/1527/1368 1779/1525/1366
f 1775/1521/1363 1782/1528/1369 1778/1524/1365
f 1781/1527/1368 1782/1528/1369 1783/1529/1370
f 1775/1521/1363 1784/1530/1371 1782/1528/1369
f 1784/1530/1371 1783/1529/1370 1782/1528/1369
f 1784/1530/1371 1775/1521/1363 1767/1513/1355
f 1783/1529/1370 1784/1530/1371 1785/1531/1372
f 1786/1532/1373 1785/1531/1372 1784/1530/1371
f 1767/1513/1355 1786/1532/1373 1784/1530/1371
f 1785/1531/1372 1786/1532/1373 1787/1533/1374
f 1786/1532/1373 1788/1534/1375 1787/1533/1374
f 1767/1513/1355 1789/1535/1376 1786/1532/1373
f 1788/1534/1375 1786/1532/1373 1789/1535/1376
f 1789/1535/1376 1767/1513/1355 1766/1512/1354
f 1789/1535/1376 1790/1536/1377 1788/1534/1375
f 1789/1535/1376 1766/1512/1354 1791/1537/1378
f 1790/1536/1377 1789/1535/1376 1791/1537/1378
f 1768/1514/1356 1791/1537/1378 1766/1512/1354
f 1791/1537/1378 1792/1538/1379 1790/1536/1377
f 1791/1537/1378 1793/1539/1380 1792/1538/1379
f 1768/1514/1356 1793/1539/1380 1791/1537/1378
f 1793/1539/1380 1794/1540/1381 1792/1538/1379
f 1793/1539/1380 1768/1514/1356 1795/1541/1382
f 1743/1489/1332 1795/1541/1382 1768/1514/1356
f 1793/1539/1380 1796/1542/1383 1794/1540/1381
f 1793/1539/1380 1795/1541/1382 1796/1542/1383
f 1797/1543/1384 1794/1540/1381 1796/1542/1383
f 1798/1544/1385 1797/1543/1384 1796/1542/1383
f 1799/1545/1386 1798/1544/1385 1796/1542/1383
f 1799/1545/1386 1796/1542/1383 1795/1541/1382
f 1798/1544/1385 1799/1545/1386 1800/1546/1293
f 1801/1547/1387 1800/1546/1293 1799/1545/1386
f 1795/1541/1382 1743/1489/1332 1802/1548/1388
f 1802/1548/1388 1743/1489/1332 1737/1483/1326
f 1802/1548/1388 1737/1483/1326 1730/1476/1319
f 1795/1541/1382 1803/1549/1389 1799/1545/1386
f 1803/1549/1389 1795/1541/1382 1802/1548/1388
f 1803/1549/1389 1801/1547/1387 1799/1545/1386
f 1730/1476/1319 1803/1549/1389 1802/1548/1388
f 1803/1549/1389 1719/1465/1308 1801/1547/1387
f 1723/1469/1312 1803/1549/1389 1730/1476/1319
f 1719/1465/1308 1803/1549/1389 1718/1464/1307
f 1723/1469/1312 1718/1464/1307 1803/1549/1389
f 1804/1550/1390 1805/1551/1391 1806/1552/1392
f 1806/1552/1392 1807/1553/1393 1804/1550/1390
f 1808/1554/1394 1806/1552/1392 1805/1551/1391
f 1807/1553/1393 1806/1552/1392 1809/1555/1395
f 1806/1552/1392 1808/1554/1394 1809/1555/1395
f 1810/1556/1396 1807/1553/1393 1809/1555/1395
f 1805/1551/1391 1811/1557/1397 1808/1554/1394
f 1810/1556/1396 1809/1555/1395 1812/1558/1398
f 1809/1555/1395 1808/1554/1394 1812/1558/1398
f 1813/1559/1399 1810/1556/1396 1812/1558/1398
f 1810/1556/1396 1813/1559/1399 1814/1560/1400
f 1815/1561/1401 1813/1559/1399 1812/1558/1398
f 1815/1561/1401 1812/1558/1398 1808/1554/1394
f 1816/1562/1402 1814/1560/1400 1813/1559/1399
f 1816/1562/1402 1813/1559/1399 1815/1561/1401
f 1817/1563/1403 1814/1560/1400 1816/1562/1402
f 1816/1562/1402 1818/1564/1404 1817/1563/1403
f 1816/1562/1402 1819/1565/1405 1818/1564/1404
f 1819/1565/1405 1816/1562/1402 1815/1561/1401
f 1819/1565/1405 1820/1566/1406 1818/1564/1404
f 1808/1554/1394 1821/1567/1407 1815/1561/1401
f 1815/1561/1401 1821/1567/1407 1819/1565/1405
f 1808/1554/1394 1822/1568/1408 1821/1567/1407
f 1822/1568/1408 1808/1554/1394 1811/1557/1397
f 1811/1557/1397 1823/1569/1409 1822/1568/1408
f 1824/1570/1410 1819/1565/1405 1821/1567/1407
f 1821/1567/1407 1822/1568/1408 1824/1570/1410
f 1825/1571/1411 1822/1568/1408 1823/1569/1409
f 1822/1568/1408 1825/1571/1411 1824/1570/1410
f 1823/1569/1409 1826/1572/1412 1825/1571/1411
f 1819/1565/1405 1824/1570/1410 1827/1573/1413
f 1820/1566/1406 1819/1565/1405 1827/1573/1413
f 1824/1570/1410 1828/1574/1414 1827/1573/1413
f 1828/1574/1414 1824/1570/1410 1825/1571/1411
f 1827/1573/1413 1829/1575/1415 1820/1566/1406
f 1829/1575/1415 1827/1573/1413 1828/1574/1414
f 1830/1576/1416 1820/1566/1406 1829/1575/1415
f 1831/1577/1417 1830/1576/1416 1829/1575/1415
f 1828/1574/1414 1831/1577/1417 1829/1575/1415
f 1830/1576/1416 1831/1577/1417 1832/1578/1418
f 1825/1571/1411 1833/1579/1419 1828/1574/1414
f 1828/1574/1414 1833/1579/1419 1831/1577/1417
f 1831/1577/1417 1834/1580/1420 1832/1578/1418
f 1833/1579/1419 1834/1580/1420 1831/1577/1417
f 1835/1581/1421 1832/1578/1418 1834/1580/1420
f 1825/1571/1411 1836/1582/1422 1833/1579/1419
f 1836/1582/1422 1825/1571/1411 1826/1572/1412
f 1826/1572/1412 1837/1583/1423 1836/1582/1422
f 1833/1579/1419 1838/1584/1424 1834/1580/1420
f 1833/1579/1419 1836/1582/1422 1838/1584/1424
f 1839/1585/1425 1835/1581/1421 1834/1580/1420
f 1835/1581/1421 1839/1585/1425 1840/1586/1426
f 1841/1587/1427 1834/1580/1420 1838/1584/1424
f 1836/1582/1422 1841/1587/1427 1838/1584/1424
f 1834/1580/1420 1841/1587/1427 1839/1585/1425
f 1842/1588/1428 1836/1582/1422 1837/1583/1423
f 1841/1587/1427 1836/1582/1422 1842/1588/1428
f 1837/1583/1423 1843/1589/1429 1842/1588/1428
f 1844/1590/1430 1839/1585/1425 1841/1587/1427
f 1841/1587/1427 1842/1588/1428 1844/1590/1430
f 1845/1591/1431 1840/1586/1426 1839/1585/1425
f 1839/1585/1425 1844/1590/1430 1845/1591/1431
f 1840/1586/1426 1845/1591/1431 1846/1592/1432
f 1846/1592/1432 1845/1591/1431 1847/1593/1433
f 1848/1594/1425 1845/1591/1431 1844/1590/1430
f 1848/1594/1425 1847/1593/1433 1845/1591/1431
f 1848/1594/1425 1844/1590/1430 1842/1588/1428
f 1847/1593/1433 1848/1594/1425 1849/1595/1434
f 1848/1594/1425 1850/1596/1435 1849/1595/1434
f 1850/1596/1435 1848/1594/1425 1851/1597/1436
f 1842/1588/1428 1851/1597/1436 1848/1594/1425
f 1851/1597/1436 1852/1598/1437 1850/1596/1435
f 1852/1598/1437 1851/1597/1436 1853/1599/1438
f 1842/1588/1428 1853/1599/1438 1851/1597/1436
f 1853/1599/1438 1854/1600/1439 1852/1598/1437
f 1842/1588/1428 1855/1601/1440 1853/1599/1438
f 1854/1600/1439 1853/1599/1438 1855/1601/1440
f 1855/1601/1440 1856/1602/1441 1854/1600/1439
f 1842/1588/1428 1856/1602/1441 1855/1601/1440
f 1856/1602/1441 1857/1603/1442 1854/1600/1439
f 1842/1588/1428 1858/1604/1443 1856/1602/1441
f 1858/1604/1443 1842/1588/1428 1843/1589/1429
f 1856/1602/1441 1859/1605/1444 1857/1603/1442
f 1856/1602/1441 1858/1604/1443 1859/1605/1444
f 1857/1603/1442 1859/1605/1444 1860/1606/1445
f 1861/1607/1446 1860/1606/1445 1859/1605/1444
f 1843/1589/1429 1862/1608/1447 1858/1604/1443
f 1862/1608/1447 1843/1589/1429 1863/1609/1448
f 1858/1604/1443 1864/1610/1449 1859/1605/1444
f 1858/1604/1443 1862/1608/1447 1864/1610/1449
f 1861/1607/1446 1859/1605/1444 1864/1610/1449
f 1863/1609/1448 1865/1611/1450 1862/1608/1447
f 1864/1610/1449 1862/1608/1447 1865/1611/1450
f 1863/1609/1448 1866/1612/1451 1865/1611/1450
f 1866/1612/1451 1867/1613/1452 1865/1611/1450
f 1867/1613/1452 1864/1610/1449 1865/1611/1450
f 1867/1613/1452 1866/1612/1451 1868/1614/1453
f 1869/1615/1454 1867/1613/1452 1868/1614/1453
f 1869/1615/1454 1864/1610/1449 1867/1613/1452
f 1869/1615/1454 1868/1614/1453 1870/1616/1455
f 1864/1610/1449 1871/1617/1454 1861/1607/1446
f 1872/1618/1456 1861/1607/1446 1871/1617/1454
f 1873/1619/1457 1864/1610/1449 1869/1615/1454
f 1871/1617/1454 1864/1610/1449 1873/1619/1457
f 1869/1615/1454 1870/1616/1455 1873/1619/1457
f 1873/1619/1457 1872/1618/1456 1871/1617/1454
f 1873/1619/1457 1870/1616/1455 1874/1620/1458
f 1872/1618/1456 1873/1619/1457 1874/1620/1458
usemtl e50:MI_Cabin1
f 1875/1621/1459 1876/1622/1459 1877/1623/1459
f 1876/1622/1460 1878/1624/1461 1877/1623/1461
f 1877/1623/1462 1878/1624/1461 1879/1625/1461
f 1879/1625/1461 1878/1624/1461 1880/1626/1463
f 1880/1626/1463 1878/1624/1461 1881/1627/1464
f 1878/1624/1461 1882/1628/1465 1881/1627/1464
f 1882/1628/1465 1883/1629/1461 1881/1627/1464
f 1881/1627/1464 1883/1629/1461 1884/1630/1466
f 1884/1630/1466 1885/1631/1467 1881/1627/1464
f 1885/1631/1467 1884/1630/1466 1886/1632/1468
f 1886/1632/1468 1887/1633/1469 1885/1631/1467
f 1887/1633/1469 1886/1632/1468 1888/1634/1470
f 1887/1633/1469 1888/1634/1470 1889/1635/1471
f 1889/1635/1471 1888/1634/1470 1890/1636/1472
f 1890/1636/1472 1888/1634/1470 1891/1637/1473
f 1891/1637/1473 1888/1634/1470 1892/1638/1474
f 1888/1634/1470 1893/1639/1474 1892/1638/1474
f 1894/1640/1475 1893/1639/1474 1888/1634/1470
f 1895/1641/1476 1893/1639/1474 1894/1640/1475
f 1895/1641/1476 1894/1640/1475 1896/1642/1477
f 1896/1642/1477 1897/1643/1478 1895/1641/1476
f 1896/1642/1477 1898/1644/1479 1897/1643/1478
f 1897/1643/1478 1898/1644/1479 1899/1645/1480
f 1899/1645/1480 1900/17/1481 1897/1643/1478
f 1899/1645/1480 1901/1646/1482 1900/17/1481
f 1900/17/1481 1901/1646/1482 1902/50/1483
f 1902/50/1483 1903/1647/1484 1900/17/1481
f 1903/1647/1484 1902/50/1483 1904/1648/1485
f 1904/1648/1485 1905/1649/1486 1903/1647/1484
f 1905/1649/1486 1904/1648/1485 1906/1650/1487
f 1907/1651/1488 1905/1649/1486 1906/1650/1487
f 1906/1650/1487 1908/1652/1489 1907/1651/1488
f 1907/1651/1488 1908/1652/1489 1909/1653/1490
f 1908/1652/1489 1910/1654/1491 1909/1653/1490
f 1909/1653/1490 1910/1654/1491 1911/1655/1492
f 1912/1656/1493 1913/1656/1494 1914/1656/1495
f 1912/1656/1493 1914/1656/1495 1915/1656/1496
f 1915/1656/1496 1914/1656/1495 1916/1656/1497
f 1917/1657/1498 1915/1656/1496 1916/1656/1497
f 1915/1656/1496 1917/1657/1498 1918/1657/1499
f 1919/1658/1500 1918/1657/1499 1917/1657/1498
f 1918/1657/1499 1919/1658/1500 1920/1658/1501
f 1921/1659/1502 1920/1658/1501 1919/1658/1500
f 1920/1658/1501 1921/1659/1502 1922/1659/1502
f 1923/1660/1503 1922/1659/1502 1921/1659/1502
f 1922/1659/1502 1923/1660/1503 1924/1660/1503
f 1923/1660/1503 1925/1661/1504 1924/1660/1503
f 1925/1661/1504 1923/1660/1503 1926/1661/1505
f 1926/1661/1505 1927/1662/1506 1925/1661/1504
f 1927/1662/1506 1926/1661/1505 1928/1662/1507
f 1928/1662/1507 1929/1663/1508 1927/1662/1506
f 1929/1663/1508 1928/1662/1507 1930/1663/1509
f 1931/1663/1507 1929/1663/1508 1930/1663/1509
f 1929/1663/1508 1931/1663/1507 1932/1663/1508
f 1933/1664/1510 1934/1665/1511 1935/1666/1510
f 1934/1665/1511 1933/1664/1510 1936/1667/1512
f 1936/1667/1512 1937/1668/1513 1934/1665/1511
f 1936/1667/1512 1938/1669/1514 1937/1668/1513
f 1938/1669/1514 1939/1670/1515 1937/1668/1513
f 1939/1670/1515 1938/1669/1514 1940/1671/1516
f 1941/1672/1517 1939/1670/1515 1940/1671/1516
f 1942/1673/1518 1939/1670/1515 1941/1672/1517
f 1943/1674/1519 1939/1670/1515 1942/1673/1518
f 1943/1674/1519 1942/1673/1518 1944/1675/1520
f 1945/1676/1521 1943/1674/1519 1944/1675/1520
f 1946/1677/1522 1943/1674/1519 1945/1676/1521
f 1946/1677/1522 1945/1676/1521 1947/1678/1523
f 1947/1678/1523 1948/1679/1524 1946/1677/1522
f 1948/1679/1524 1947/1678/1523 1949/1680/1525
f 1948/1679/1524 1949/1680/1525 1950/1681/1526
f 1950/1681/1526 1951/1682/1527 1948/1679/1524
f 1951/1682/1527 1950/1681/1526 1952/1683/1528
f 1953/1684/1529 1951/1682/1527 1952/1683/1528
f 1954/1685/1530 1951/1682/1527 1953/1684/1529
f 1954/1685/1530 1953/1684/1529 1955/1686/1531
f 1955/1686/1531 1956/1687/1532 1954/1685/1530
f 1956/1687/1532 1955/1686/1531 1957/1688/1533
f 1956/1687/1532 1957/1688/1533 1958/1689/1534
f 1959/1690/1535 1956/1687/1532 1958/1689/1534
f 1959/1690/1535 1958/1689/1534 1960/1691/1536
f 1961/1692/1537 1959/1690/1535 1960/1691/1536
f 1962/1693/1538 1959/1690/1535 1961/1692/1537
f 1962/1693/1538 1961/1692/1537 1963/1694/1539
f 1964/1695/1540 1962/1693/1538 1963/1694/1539
f 1964/1695/1540 1963/1694/1539 1965/1695/1541
f 1966/1696/1542 1964/1695/1540 1965/1695/1541
f 1967/1697/1543 1964/1695/1540 1966/1696/1542
f 1968/1698/1544 1967/1697/1543 1966/1696/1542
f 1969/1699/1545 1967/1697/1543 1968/1698/1544
f 1969/1699/1545 1968/1698/1544 1970/1700/1546
f 1971/1701/1547 1969/1699/1545 1970/1700/1546
f 1972/1702/1548 1969/1699/1545 1971/1701/1547
f 1973/1703/1549 1969/1699/1545 1972/1702/1548
f 1973/1703/1549 1972/1702/1548 1974/1704/1550
f 1972/1702/1548 1975/1705/1551 1974/1704/1550
f 1976/1706/1552 1974/1704/1550 1975/1705/1551
f 1974/1704/1550 1976/1706/1552 1977/1707/1553
f 1976/1706/1552 1978/1708/1554 1977/1707/1553
f 1979/1709/1555 1977/1707/1553 1978/1708/1554
f 1980/1710/1556 1977/1707/1553 1979/1709/1555
f 1977/1707/1553 1980/1710/1556 1981/1711/1557
f 1982/1712/1558 1981/1711/1557 1980/1710/1556
f 1982/1712/1558 1983/1713/1559 1981/1711/1557
f 1983/1713/1559 1982/1712/1558 1984/1714/1560
f 1984/1714/1560 1985/1715/1561 1983/1713/1559
f 1985/1715/1561 1986/1716/1562 1983/1713/1559
f 1987/1717/1563 1986/1716/1562 1985/1715/1561
f 1988/1718/1564 1986/1716/1562 1987/1717/1563
f 1987/1717/1563 1989/1719/1565 1988/1718/1564
f 1990/1720/1566 1988/1718/1564 1989/1719/1565
f 1989/1719/1565 1991/1721/1567 1990/1720/1566
f 1992/1722/1568 1990/1720/1566 1991/1721/1567
f 1991/1721/1567 1993/1723/1569 1992/1722/1568
f 1994/1724/1570 1992/1722/1568 1993/1723/1569
f 1993/1723/1569 1995/1725/1571 1994/1724/1570
f 1995/1725/1571 1996/1726/1572 1994/1724/1570
f 1996/1726/1572 1995/1725/1571 1997/1727/1573
f 1998/1728/1574 1997/1727/1573 1995/1725/1571
f 1997/1727/1573 1998/1728/1574 1999/1729/1575
f 2000/1730/964 1998/1728/1574 2001/1731/964
f 2002/1732/1576 1998/1728/1574 2000/1730/964
f 1999/1729/1575 1998/1728/1574 2002/1732/1576
f 1999/1729/1575 2002/1732/1576 2003/1733/1577
f 1999/1729/1575 2003/1733/1577 2004/1734/1578
f 2004/1734/1578 2003/1733/1577 2005/1735/1579
f 2006/1736/1578 2004/1734/1578 2005/1735/1579
f 2006/1736/1578 2007/1737/1580 2004/1734/1578
f 2006/1736/1578 2008/1738/1581 2007/1737/1580
f 2009/1739/1582 2007/1737/1580 2008/1738/1581
f 2008/1738/1581 2010/1740/1583 2009/1739/1582
f 2011/1741/1584 2009/1739/1582 2010/1740/1583
f 2010/1740/1583 2012/1742/1585 2011/1741/1584
f 2011/1741/1584 2012/1742/1585 2013/1743/1586
f 2012/1742/1585 2014/1744/1587 2013/1743/1586
f 2014/1744/1587 2012/1742/1585 2015/1745/1588
f 2015/1745/1588 2016/1746/1589 2014/1744/1587
f 2016/1746/1589 2015/1745/1588 2017/1747/1590
f 2017/1747/1590 2018/1748/1591 2016/1746/1589
f 2016/1746/1589 2018/1748/1591 2019/1749/1591
f 2018/1748/1591 2020/1750/1592 2019/1749/1591
f 2021/1751/1593 2019/1749/1591 2020/1750/1592
f 2022/1665/1594 2023/1752/1595 2024/1666/1595
f 2023/1752/1595 2022/1665/1594 2025/1753/1596
f 2022/1665/1594 2026/1668/1597 2025/1753/1596
f 2027/1754/1597 2025/1753/1596 2026/1668/1597
f 2026/1668/1597 2028/1755/1598 2027/1754/1597
f 2028/1755/1598 2026/1668/1597 2029/1670/1599
f 2029/1670/1599 2030/1675/1600 2028/1755/1598
f 2030/1675/1600 2029/1670/1599 2031/1674/1600
f 2031/1674/1600 2032/1756/1601 2030/1675/1600
f 2032/1756/1601 2031/1674/1600 2033/1677/1601
f 2034/1757/1602 2032/1756/1601 2033/1677/1601
f 2034/1757/1602 2033/1677/1601 2035/1679/1602
f 2036/1758/1603 2034/1757/1602 2035/1679/1602
f 2036/1758/1603 2035/1679/1602 2037/1682/1604
f 2037/1682/1604 2038/1759/1605 2036/1758/1603
f 2038/1759/1605 2037/1682/1604 2039/1685/1606
f 2039/1685/1606 2040/1760/1607 2038/1759/1605
f 2040/1760/1607 2039/1685/1606 2041/1687/1607
f 2042/1761/1608 2040/1760/1607 2041/1687/1607
f 2042/1761/1608 2041/1687/1607 2043/1690/1608
f 2043/1690/1608 2044/1762/1609 2042/1761/1608
f 2044/1762/1609 2043/1690/1608 2045/1693/1609
f 2046/1763/1610 2044/1762/1609 2045/1693/1609
f 2045/1693/1609 2047/1695/1611 2046/1763/1610
f 2047/1695/1611 2048/1764/1612 2046/1763/1610
f 2048/1764/1612 2047/1695/1611 2049/1697/1612
f 2049/1697/1612 2050/1765/1613 2048/1764/1612
f 2050/1765/1613 2049/1697/1612 2051/1699/1614
f 2052/1703/1615 2050/1765/1613 2051/1699/1614
f 2050/1765/1613 2052/1703/1615 2053/1766/1616
f 2052/1703/1615 2054/1704/1617 2053/1766/1616
f 2055/1767/1618 2053/1766/1616 2054/1704/1617
f 2056/1707/1619 2055/1767/1618 2054/1704/1617
f 2055/1767/1618 2056/1707/1619 2057/1768/1619
f 2056/1707/1619 2058/1711/1620 2057/1768/1619
f 2059/1769/1621 2057/1768/1619 2058/1711/1620
f 2058/1711/1620 2060/1713/1622 2059/1769/1621
f 2061/1770/1622 2059/1769/1621 2060/1713/1622
f 2062/1716/1623 2061/1770/1622 2060/1713/1622
f 2061/1770/1622 2062/1716/1623 2063/1771/1623
f 2062/1716/1623 2064/1718/1624 2063/1771/1623
f 2065/1772/1625 2063/1771/1623 2064/1718/1624
f 2066/1720/1626 2065/1772/1625 2064/1718/1624
f 2065/1772/1625 2066/1720/1626 2067/1773/1626
f 2066/1720/1626 2068/1722/1627 2067/1773/1626
f 2069/1774/1627 2067/1773/1626 2068/1722/1627
f 2070/1724/1628 2069/1774/1627 2068/1722/1627
f 2070/1724/1628 2068/1722/1627 2071/1724/1629
f 2071/1724/1629 2072/1775/1630 2070/1724/1628
f 2071/1724/1629 2073/1726/1631 2072/1775/1630
f 2073/1726/1631 2074/1776/1632 2072/1775/1630
f 2075/1727/1633 2074/1776/1632 2073/1726/1631
f 2074/1776/1632 2075/1727/1633 2076/1777/1634
f 2075/1727/1633 2077/1729/1635 2076/1777/1634
f 2078/1778/1636 2076/1777/1634 2077/1729/1635
f 2077/1729/1635 2079/1779/1637 2078/1778/1636
f 2079/1779/1637 2077/1729/1635 2080/1734/1638
f 2081/1780/1639 2079/1779/1637 2080/1734/1638
f 2080/1734/1638 2082/1737/1640 2081/1780/1639
f 2082/1737/1640 2083/1781/1641 2081/1780/1639
f 2083/1781/1641 2082/1737/1640 2084/1739/1641
f 2084/1739/1641 2085/1741/1642 2083/1781/1641
f 2086/1782/1643 2083/1781/1641 2085/1741/1642
f 2087/1743/1644 2086/1782/1643 2085/1741/1642
f 2086/1782/1643 2087/1743/1644 2088/1783/1645
f 2087/1743/1644 2089/1744/1646 2088/1783/1645
f 2090/1784/1646 2088/1783/1645 2089/1744/1646
f 2091/1785/1647 2090/1784/1646 2089/1744/1646
f 2089/1744/1646 2092/1746/1648 2091/1785/1647
f 2092/1746/1648 2093/1786/1649 2091/1785/1647
f 2093/1786/1649 2092/1746/1648 2094/1749/1650
f 2095/1787/1651 2093/1786/1649 2094/1749/1650
f 2094/1749/1650 2096/1751/1651 2095/1787/1651
f 2097/1788/1652 2098/1789/1653 2099/1790/1654
f 2098/1789/1653 2097/1788/1652 2100/1791/730
f 2097/1788/1652 2101/1792/1655 2100/1791/730
f 2101/1792/1655 2102/1793/1656 2100/1791/730
f 2100/1791/730 2102/1793/1656 2103/1794/1656
f 2104/1795/1657 2105/1796/1657 2106/1797/1657
f 2107/1798/1658 2105/1796/1657 2104/1795/1657
f 2108/1799/1657 2107/1798/1658 2104/1795/1657
f 2109/1800/1657 2107/1798/1658 2108/1799/1657
f 2110/1801/1657 2109/1800/1657 2108/1799/1657
f 2111/1802/1657 2110/1801/1657 2108/1799/1657
f 2112/1803/1657 2111/1802/1657 2108/1799/1657
f 2113/1804/1657 2112/1803/1657 2108/1799/1657
f 2114/1805/1657 2113/1804/1657 2108/1799/1657
f 2115/1806/1657 2114/1805/1657 2108/1799/1657
f 2116/197/1657 2115/1806/1657 2108/1799/1657
f 2117/171/1657 2115/1806/1657 2116/197/1657
f 2118/1807/1657 2117/171/1657 2116/197/1657
f 2119/1808/1657 2118/1807/1657 2116/197/1657
f 2120/1394/1658 2119/1808/1657 2116/197/1657
f 2121/1809/1657 2120/1394/1658 2116/197/1657
f 2122/1810/1657 2121/1809/1657 2116/197/1657
f 2123/1811/1657 2122/1810/1657 2116/197/1657
f 2124/1812/1657 2123/1811/1657 2116/197/1657
f 2125/1813/1657 2123/1811/1657 2124/1812/1657
f 2126/1814/1657 2125/1813/1657 2124/1812/1657
f 2127/1815/1657 2125/1813/1657 2126/1814/1657
f 2128/1816/1659 2125/1813/1657 2127/1815/1657
f 2129/1382/1660 2130/1412/1658 2131/1817/1657
f 2132/194/1661 2129/1382/1660 2131/1817/1657
f 2131/1817/1657 2133/193/1662 2132/194/1661
f 2133/193/1662 2131/1817/1657 2134/1818/1657
f 2134/1818/1657 2135/1380/1663 2133/193/1662
f 2135/1380/1663 2134/1818/1657 2136/158/1657
f 2137/199/1658 2135/1380/1663 2136/158/1657
f 2135/1380/1663 2137/199/1658 2138/158/1664
f 2137/199/1658 2139/1819/1665 2138/158/1664
f 2139/1819/1665 2137/199/1658 2140/1820/1658
f 2140/1820/1658 2141/1405/1666 2139/1819/1665
f 2141/1405/1666 2140/1820/1658 2142/1819/1657
f 2142/1819/1657 2143/1821/1658 2141/1405/1666
f 2141/1405/1666 2143/1821/1658 2144/192/1667
f 2145/1822/1657 2144/192/1667 2143/1821/1658
f 2144/192/1667 2145/1822/1657 2146/1823/1668
f 2145/1822/1657 2147/10/1669 2146/1823/1668
f 2147/10/1669 2145/1822/1657 2148/1824/1658
f 2148/1824/1658 2149/1825/1658 2147/10/1669
f 2147/10/1669 2149/1825/1658 2150/1824/1670
f 2149/1825/1658 2151/1826/1657 2150/1824/1670
f 2150/1824/1670 2151/1826/1657 2152/1412/1671
f 2151/1826/1657 2153/1382/1672 2152/1412/1671
f 2153/1382/1672 2151/1826/1657 2154/1412/1673
f 2155/1827/1674 2156/1828/1674 2157/1828/1675
f 2155/1827/1674 2157/1828/1675 2158/1827/1676
f 2158/1827/1676 2157/1828/1675 2159/1829/1677
f 2157/1828/1675 2160/1828/1677 2159/1829/1677
f 2160/1828/1677 2161/1830/1677 2159/1829/1677
f 2162/1831/1677 2159/1829/1677 2161/1830/1677
f 2163/1382/1672 2164/1412/1657 2165/1817/1657
f 2166/194/1678 2163/1382/1672 2165/1817/1657
f 2165/1817/1657 2167/193/1679 2166/194/1678
f 2167/193/1679 2165/1817/1657 2168/1818/1657
f 2168/1818/1657 2169/1380/1680 2167/193/1679
f 2169/1380/1680 2168/1818/1657 2170/158/1657
f 2171/199/1658 2169/1380/1680 2170/158/1657
f 2169/1380/1680 2171/199/1658 2172/158/1664
f 2173/1820/1657 2172/158/1664 2171/199/1658
f 2174/1819/1681 2172/158/1664 2173/1820/1657
f 2173/1820/1657 2175/1405/1682 2174/1819/1681
f 2175/1405/1682 2173/1820/1657 2176/1819/1657
f 2176/1819/1657 2177/1821/1673 2175/1405/1682
f 2175/1405/1682 2177/1821/1673 2178/192/1667
f 2177/1821/1673 2179/1823/1668 2178/192/1667
f 2179/1823/1668 2177/1821/1673 2180/1822/1657
f 2180/1822/1657 2181/10/1683 2179/1823/1668
f 2181/10/1683 2180/1822/1657 2182/1824/1657
f 2182/1824/1657 2183/1825/1658 2181/10/1683
f 2181/10/1683 2183/1825/1658 2184/1824/1670
f 2183/1825/1658 2185/1826/1657 2184/1824/1670
f 2184/1824/1670 2185/1826/1657 2186/1412/1671
f 2185/1826/1657 2187/1382/1672 2186/1412/1671
f 2187/1382/1672 2185/1826/1657 2188/1412/1658
f 2189/1832/1684 2190/1833/1684 2191/1834/1684
f 2191/1834/1684 2192/1835/1685 2189/1832/1684
f 2192/1835/1685 2191/1834/1684 2193/1821/1684
f 2193/1821/1684 2191/1834/1684 2194/1836/1684
f 2195/191/1684 2192/1835/1685 2193/1821/1684
f 2193/1821/1684 2194/1836/1684 2196/1837/1684
f 2197/1383/1684 2195/191/1684 2193/1821/1684
f 2196/1837/1684 2197/1383/1684 2193/1821/1684
f 2197/1383/1684 2196/1837/1684 2198/1838/1684
f 2197/1383/1684 2198/1838/1684 2199/1839/1684
f 2200/1840/1684 2197/1383/1684 2199/1839/1684
f 2195/191/1684 2197/1383/1684 2201/1841/1684
f 2202/1842/1686 2197/1383/1684 2200/1840/1684
f 2197/1383/1684 2203/12/1684 2201/1841/1684
f 2203/12/1684 2197/1383/1684 2202/1842/1686
f 2203/12/1684 2204/1843/1684 2201/1841/1684
f 2203/12/1684 2205/1844/1684 2204/1843/1684
f 2203/12/1684 2206/8/1684 2205/1844/1684
f 2202/1842/1686 2206/8/1684 2203/12/1684
f 2202/1842/1686 2207/1845/1684 2206/8/1684
f 2208/1846/1687 2209/1847/1688 2210/1846/1689
f 2209/1847/1688 2208/1846/1687 2211/1847/1690
f 2211/1847/1690 2212/1847/1691 2209/1847/1688
f 2211/1847/1690 2208/1846/1687 2213/1846/1692
f 2212/1847/1691 2211/1847/1690 2214/1847/1693
f 2215/1847/1694 2211/1847/1690 2213/1846/1692
f 2215/1847/1694 2214/1847/1693 2211/1847/1690
f 2214/1847/1693 2216/1847/1695 2212/1847/1691
f 2217/1847/1696 2212/1847/1691 2216/1847/1695
f 2218/1847/1697 2215/1847/1694 2213/1846/1692
f 2219/1848/1698 2218/1847/1697 2213/1846/1692
f 2216/1847/1695 2220/1847/1699 2217/1847/1696
f 2220/1847/1699 2221/1847/1700 2217/1847/1696
f 2221/1847/1700 2222/1849/1701 2223/1850/1702
f 2222/1849/1701 2221/1847/1700 2220/1847/1699
f 2224/1847/1695 2220/1847/1699 2216/1847/1695
f 2216/1847/1695 2214/1847/1693 2224/1847/1695
f 2225/1847/1703 2222/1849/1701 2220/1847/1699
f 2224/1847/1695 2225/1847/1703 2220/1847/1699
f 2225/1847/1703 2226/1851/1704 2222/1849/1701
f 2227/1847/1693 2224/1847/1695 2214/1847/1693
f 2214/1847/1693 2215/1847/1694 2227/1847/1693
f 2224/1847/1695 2228/1847/1705 2225/1847/1703
f 2227/1847/1693 2228/1847/1705 2224/1847/1695
f 2226/1851/1704 2225/1847/1703 2229/1851/1706
f 2229/1851/1706 2225/1847/1703 2228/1847/1705
f 2229/1851/1706 2230/1852/1707 2226/1851/1704
f 2215/1847/1694 2231/1847/1708 2227/1847/1693
f 2228/1847/1705 2227/1847/1693 2231/1847/1708
f 2231/1847/1708 2215/1847/1694 2218/1847/1697
f 2228/1847/1705 2232/1851/1709 2229/1851/1706
f 2231/1847/1708 2232/1851/1709 2228/1847/1705
f 2230/1852/1707 2229/1851/1706 2233/1852/1710
f 2232/1851/1709 2233/1852/1710 2229/1851/1706
f 2233/1852/1710 2234/1853/1711 2230/1852/1707
f 2232/1851/1709 2231/1847/1708 2235/1854/1712
f 2235/1854/1712 2231/1847/1708 2218/1847/1697
f 2233/1852/1710 2232/1851/1709 2236/1852/1713
f 2235/1854/1712 2236/1852/1713 2232/1851/1709
f 2234/1853/1711 2233/1852/1710 2237/1855/1714
f 2237/1855/1714 2238/1856/1715 2234/1853/1711
f 2239/1855/1716 2233/1852/1710 2236/1852/1713
f 2233/1852/1710 2239/1855/1716 2237/1855/1714
f 2236/1852/1713 2235/1854/1712 2240/1854/1717
f 2240/1854/1717 2239/1855/1716 2236/1852/1713
f 2218/1847/1697 2241/1854/1718 2235/1854/1712
f 2240/1854/1717 2235/1854/1712 2241/1854/1718
f 2218/1847/1697 2219/1848/1698 2241/1854/1718
f 2241/1854/1718 2219/1848/1698 2242/1857/1719
f 2241/1854/1718 2243/1854/1720 2240/1854/1717
f 2243/1854/1720 2241/1854/1718 2242/1857/1719
f 2239/1855/1716 2240/1854/1717 2244/1855/1721
f 2244/1855/1721 2240/1854/1717 2243/1854/1720
f 2242/1857/1719 2245/1855/1722 2243/1854/1720
f 2243/1854/1720 2245/1855/1722 2244/1855/1721
f 2245/1855/1722 2242/1857/1719 2246/1858/1723
f 2244/1855/1721 2247/1859/1724 2239/1855/1716
f 2247/1859/1724 2237/1855/1714 2239/1855/1716
f 2248/1859/1725 2244/1855/1721 2245/1855/1722
f 2247/1859/1724 2244/1855/1721 2248/1859/1725
f 2246/1858/1723 2249/1859/1726 2245/1855/1722
f 2245/1855/1722 2249/1859/1726 2248/1859/1725
f 2249/1859/1726 2246/1858/1723 2250/1860/1727
f 2237/1855/1714 2247/1859/1724 2251/1859/1715
f 2238/1856/1715 2237/1855/1714 2251/1859/1715
f 2251/1859/1715 2252/1861/1728 2238/1856/1715
f 2250/1860/1727 2253/1862/1729 2249/1859/1726
f 2253/1862/1729 2250/1860/1727 2254/1862/1730
f 2252/1861/1728 2251/1859/1715 2255/1861/1731
f 2255/1861/1731 2256/1863/1732 2252/1861/1728
f 2257/1861/1733 2251/1859/1715 2247/1859/1724
f 2251/1859/1715 2257/1861/1733 2255/1861/1731
f 2248/1859/1725 2257/1861/1733 2247/1859/1724
f 2256/1863/1732 2255/1861/1731 2258/1863/1734
f 2258/1863/1734 2259/1864/1735 2256/1863/1732
f 2260/1863/1736 2255/1861/1731 2257/1861/1733
f 2255/1861/1731 2260/1863/1736 2258/1863/1734
f 2257/1861/1733 2248/1859/1725 2261/1862/1737
f 2261/1862/1737 2260/1863/1736 2257/1861/1733
f 2249/1859/1726 2261/1862/1737 2248/1859/1725
f 2261/1862/1737 2249/1859/1726 2253/1862/1729
f 2260/1863/1736 2261/1862/1737 2262/1863/1738
f 2262/1863/1738 2261/1862/1737 2253/1862/1729
f 2263/1864/1739 2258/1863/1734 2260/1863/1736
f 2262/1863/1738 2263/1864/1739 2260/1863/1736
f 2259/1864/1735 2258/1863/1734 2264/1864/1740
f 2258/1863/1734 2263/1864/1739 2264/1864/1740
f 2264/1864/1740 2265/1865/1741 2259/1864/1735
f 2253/1862/1729 2266/1866/1742 2262/1863/1738
f 2254/1862/1730 2266/1866/1742 2253/1862/1729
f 2266/1866/1742 2254/1862/1730 2267/1866/1743
f 2265/1865/1741 2264/1864/1740 2268/1867/1744
f 2268/1867/1744 2269/1868/1745 2265/1865/1741
f 2267/1866/1743 2270/1866/1746 2266/1866/1742
f 2270/1866/1746 2267/1866/1743 2271/1867/1747
f 2266/1866/1742 2272/1866/1739 2262/1863/1738
f 2272/1866/1739 2266/1866/1742 2270/1866/1746
f 2263/1864/1739 2262/1863/1738 2272/1866/1739
f 2270/1866/1746 2271/1867/1747 2273/1867/1748
f 2274/1869/1749 2273/1867/1748 2271/1867/1747
f 2270/1866/1746 2275/1867/1750 2272/1866/1739
f 2275/1867/1750 2270/1866/1746 2273/1867/1748
f 2272/1866/1739 2276/1867/1751 2263/1864/1739
f 2276/1867/1751 2272/1866/1739 2275/1867/1750
f 2276/1867/1751 2264/1864/1740 2263/1864/1739
f 2264/1864/1740 2276/1867/1751 2268/1867/1744
f 2273/1867/1748 2277/1868/1752 2275/1867/1750
f 2277/1868/1752 2276/1867/1751 2275/1867/1750
f 2273/1867/1748 2274/1869/1749 2278/1868/1753
f 2277/1868/1752 2273/1867/1748 2278/1868/1753
f 2274/1869/1749 2279/1870/1754 2278/1868/1753
f 2280/1870/1755 2279/1870/1754 2274/1869/1749
f 2281/1870/1756 2277/1868/1752 2278/1868/1753
f 2281/1870/1756 2278/1868/1753 2279/1870/1754
f 2282/1868/1757 2276/1867/1751 2277/1868/1752
f 2277/1868/1752 2281/1870/1756 2282/1868/1757
f 2282/1868/1757 2268/1867/1744 2276/1867/1751
f 2280/1870/1755 2283/1870/1758 2279/1870/1754
f 2268/1867/1744 2282/1868/1757 2284/1868/1759
f 2269/1868/1745 2268/1867/1744 2284/1868/1759
f 2283/1870/1758 2280/1870/1755 2285/1870/1760
f 2286/1868/1761 2269/1868/1745 2284/1868/1759
f 2269/1868/1745 2286/1868/1761 2287/1868/1762
f 2288/1868/1763 2284/1868/1759 2282/1868/1757
f 2284/1868/1759 2288/1868/1763 2286/1868/1761
f 2281/1870/1756 2288/1868/1763 2282/1868/1757
f 2289/1868/1764 2287/1868/1762 2286/1868/1761
f 2287/1868/1762 2289/1868/1764 2290/1868/1765
f 2289/1868/1764 2291/1870/1766 2290/1868/1765
f 2292/1868/1767 2286/1868/1761 2288/1868/1763
f 2286/1868/1761 2292/1868/1767 2289/1868/1764
f 2281/1870/1756 2292/1868/1767 2288/1868/1763
f 2293/1870/1768 2291/1870/1766 2289/1868/1764
f 2289/1868/1764 2292/1868/1767 2293/1870/1768
f 2293/1870/1768 2294/1870/1769 2291/1870/1766
f 2292/1868/1767 2281/1870/1756 2295/1870/1770
f 2295/1870/1770 2281/1870/1756 2279/1870/1754
f 2283/1870/1758 2295/1870/1770 2279/1870/1754
f 2292/1868/1767 2296/1870/1771 2293/1870/1768
f 2295/1870/1770 2296/1870/1771 2292/1868/1767
f 2297/1870/1772 2294/1870/1769 2293/1870/1768
f 2297/1870/1772 2293/1870/1768 2296/1870/1771
f 2297/1870/1772 2298/1871/1773 2294/1870/1769
f 2296/1870/1771 2295/1870/1770 2299/1870/1771
f 2299/1870/1771 2295/1870/1770 2283/1870/1758
f 2296/1870/1771 2300/1870/1774 2297/1870/1772
f 2299/1870/1771 2300/1870/1774 2296/1870/1771
f 2297/1870/1772 2301/1871/1775 2298/1871/1773
f 2301/1871/1775 2297/1870/1772 2300/1870/1774
f 2301/1871/1775 2302/1872/1776 2298/1871/1773
f 2283/1870/1758 2303/1870/1777 2299/1870/1771
f 2285/1870/1760 2303/1870/1777 2283/1870/1758
f 2300/1870/1774 2299/1870/1771 2304/1870/1778
f 2304/1870/1778 2299/1870/1771 2303/1870/1777
f 2285/1870/1760 2305/1870/1760 2303/1870/1777
f 2303/1870/1777 2305/1870/1760 2304/1870/1778
f 2306/1871/1779 2305/1870/1760 2285/1870/1760
f 2307/1871/1780 2300/1870/1774 2304/1870/1778
f 2301/1871/1775 2300/1870/1774 2307/1871/1780
f 2305/1870/1760 2308/1871/1781 2304/1870/1778
f 2307/1871/1780 2304/1870/1778 2308/1871/1781
f 2305/1870/1760 2306/1871/1779 2309/1871/1782
f 2305/1870/1760 2309/1871/1782 2308/1871/1781
f 2310/1872/1783 2309/1871/1782 2306/1871/1779
f 2311/1872/1776 2301/1871/1775 2307/1871/1780
f 2302/1872/1776 2301/1871/1775 2311/1872/1776
f 2309/1871/1782 2310/1872/1783 2312/1872/1784
f 2313/1873/1785 2312/1872/1784 2310/1872/1783
f 2314/1874/1786 2302/1872/1776 2311/1872/1776
f 2302/1872/1776 2314/1874/1786 2315/1874/1565
f 2311/1872/1776 2307/1871/1780 2316/1872/1787
f 2314/1874/1786 2311/1872/1776 2316/1872/1787
f 2308/1871/1781 2316/1872/1787 2307/1871/1780
f 2317/1875/1788 2315/1874/1565 2314/1874/1786
f 2315/1874/1565 2317/1875/1788 2318/1875/1789
f 2309/1871/1782 2319/1872/1790 2308/1871/1781
f 2316/1872/1787 2308/1871/1781 2319/1872/1790
f 2309/1871/1782 2312/1872/1784 2319/1872/1790
f 2314/1874/1786 2316/1872/1787 2320/1874/1791
f 2317/1875/1788 2314/1874/1786 2320/1874/1791
f 2319/1872/1790 2321/1874/1792 2316/1872/1787
f 2312/1872/1784 2321/1874/1792 2319/1872/1790
f 2320/1874/1791 2316/1872/1787 2321/1874/1792
f 2312/1872/1784 2322/1874/1793 2321/1874/1792
f 2312/1872/1784 2313/1873/1785 2322/1874/1793
f 2323/1876/1794 2322/1874/1793 2313/1873/1785
f 2321/1874/1792 2324/1875/1795 2320/1874/1791
f 2322/1874/1793 2324/1875/1795 2321/1874/1792
f 2322/1874/1793 2323/1876/1794 2325/1875/1796
f 2322/1874/1793 2325/1875/1796 2324/1875/1795
f 2326/1877/1797 2325/1875/1796 2323/1876/1794
f 2327/1875/1795 2320/1874/1791 2324/1875/1795
f 2317/1875/1788 2320/1874/1791 2327/1875/1795
f 2325/1875/1796 2328/1878/1798 2324/1875/1795
f 2324/1875/1795 2328/1878/1798 2327/1875/1795
f 2325/1875/1796 2326/1877/1797 2329/1878/1799
f 2325/1875/1796 2329/1878/1799 2328/1878/1798
f 2326/1877/1797 2330/1879/1800 2329/1878/1799
f 2331/1878/1798 2327/1875/1795 2328/1878/1798
f 2331/1878/1798 2317/1875/1788 2327/1875/1795
f 2329/1878/1799 2332/1880/1801 2328/1878/1798
f 2328/1878/1798 2332/1880/1801 2331/1878/1798
f 2330/1879/1800 2333/1880/1802 2329/1878/1799
f 2329/1878/1799 2333/1880/1802 2332/1880/1801
f 2330/1879/1800 2334/1881/1803 2333/1880/1802
f 2334/1881/1803 2335/1657/1804 2333/1880/1802
f 2317/1875/1788 2331/1878/1798 2336/1878/1805
f 2336/1878/1805 2318/1875/1789 2317/1875/1788
f 2318/1875/1789 2336/1878/1805 2337/1878/1806
f 2338/1880/1807 2336/1878/1805 2331/1878/1798
f 2338/1880/1807 2331/1878/1798 2332/1880/1801
f 2339/1880/1808 2337/1878/1806 2336/1878/1805
f 2336/1878/1805 2338/1880/1807 2339/1880/1808
f 2337/1878/1806 2339/1880/1808 2340/1880/1809
f 2341/1656/1810 2340/1880/1809 2339/1880/1808
f 2341/1656/1810 2339/1880/1808 2338/1880/1807
f 2340/1880/1809 2341/1656/1810 2342/1882/1810
f 2332/1880/1801 2343/1656/1811 2338/1880/1807
f 2333/1880/1802 2343/1656/1811 2332/1880/1801
f 2341/1656/1810 2338/1880/1807 2344/1656/1812
f 2344/1656/1812 2338/1880/1807 2343/1656/1811
f 2345/1883/1813 2342/1882/1810 2341/1656/1810
f 2342/1882/1810 2345/1883/1813 2346/1883/1814
f 2347/1883/1815 2341/1656/1810 2344/1656/1812
f 2341/1656/1810 2347/1883/1815 2345/1883/1813
f 2348/1884/1815 2344/1656/1812 2343/1656/1811
f 2347/1883/1815 2344/1656/1812 2348/1884/1815
f 2333/1880/1802 2349/1657/1816 2343/1656/1811
f 2348/1884/1815 2343/1656/1811 2349/1657/1816
f 2335/1657/1804 2349/1657/1816 2333/1880/1802
f 2335/1657/1804 2350/1657/1817 2349/1657/1816
f 2350/1657/1817 2351/1885/1818 2349/1657/1816
f 2351/1885/1818 2352/1884/1819 2349/1657/1816
f 2349/1657/1816 2352/1884/1819 2348/1884/1815
f 2351/1885/1818 2353/1884/1820 2352/1884/1819
f 2353/1884/1820 2354/1884/1821 2352/1884/1819
f 2355/1886/1822 2348/1884/1815 2352/1884/1819
f 2355/1886/1822 2347/1883/1815 2348/1884/1815
f 2354/1884/1821 2356/1886/1823 2352/1884/1819
f 2352/1884/1819 2356/1886/1823 2355/1886/1822
f 2354/1884/1821 2357/1886/1824 2356/1886/1823
f 2357/1886/1824 2358/1887/1825 2356/1886/1823
f 2359/1886/1822 2347/1883/1815 2355/1886/1822
f 2359/1886/1822 2345/1883/1813 2347/1883/1815
f 2360/1888/1826 2355/1886/1822 2356/1886/1823
f 2360/1888/1826 2359/1886/1822 2355/1886/1822
f 2358/1887/1825 2361/1888/1827 2356/1886/1823
f 2356/1886/1823 2361/1888/1827 2360/1888/1826
f 2358/1887/1825 2362/1889/1828 2361/1888/1827
f 2362/1889/1828 2363/1889/1829 2361/1888/1827
f 2363/1889/1829 2364/1890/1830 2361/1888/1827
f 2364/1890/1830 2360/1888/1826 2361/1888/1827
f 2363/1889/1829 2365/1890/1831 2364/1890/1830
f 2365/1890/1831 2366/1890/1832 2364/1890/1830
f 2366/1890/1832 2367/1891/1833 2364/1890/1830
f 2366/1890/1832 2368/1892/1833 2367/1891/1833
f 2369/1893/1834 2367/1891/1833 2368/1892/1833
f 2360/1888/1826 2364/1890/1830 2370/1890/1835
f 2367/1891/1833 2370/1890/1835 2364/1890/1830
f 2367/1891/1833 2369/1893/1834 2371/1893/1836
f 2369/1893/1834 2372/1893/1836 2371/1893/1836
f 2373/1894/1837 2371/1893/1836 2372/1893/1836
f 2370/1890/1835 2367/1891/1833 2374/1891/1838
f 2371/1893/1836 2374/1891/1838 2367/1891/1833
f 2370/1890/1835 2375/1888/1826 2360/1888/1826
f 2375/1888/1826 2359/1886/1822 2360/1888/1826
f 2371/1893/1836 2373/1894/1837 2376/1895/1839
f 2377/1896/1840 2376/1895/1839 2373/1894/1837
f 2375/1888/1826 2378/1886/1841 2359/1886/1822
f 2345/1883/1813 2359/1886/1822 2378/1886/1841
f 2378/1886/1841 2346/1883/1814 2345/1883/1813
f 2346/1883/1814 2378/1886/1841 2379/1886/1842
f 2380/1888/1843 2379/1886/1842 2378/1886/1841
f 2378/1886/1841 2375/1888/1826 2380/1888/1843
f 2379/1886/1842 2380/1888/1843 2381/1888/1844
f 2382/1890/1845 2375/1888/1826 2370/1890/1835
f 2382/1890/1845 2380/1888/1843 2375/1888/1826
f 2370/1890/1835 2374/1891/1838 2382/1890/1845
f 2383/1897/1846 2381/1888/1844 2380/1888/1843
f 2380/1888/1843 2382/1890/1845 2383/1897/1846
f 2381/1888/1844 2383/1897/1846 2384/1897/1847
f 2385/1891/1848 2382/1890/1845 2374/1891/1838
f 2385/1891/1848 2383/1897/1846 2382/1890/1845
f 2386/1898/1849 2384/1897/1847 2383/1897/1846
f 2383/1897/1846 2385/1891/1848 2386/1898/1849
f 2384/1897/1847 2386/1898/1849 2387/1898/1850
f 2388/1893/1851 2385/1891/1848 2374/1891/1838
f 2374/1891/1838 2371/1893/1836 2388/1893/1851
f 2376/1895/1839 2388/1893/1851 2371/1893/1836
f 2389/1899/1852 2386/1898/1849 2385/1891/1848
f 2389/1899/1852 2385/1891/1848 2388/1893/1851
f 2390/1900/1853 2387/1898/1850 2386/1898/1849
f 2386/1898/1849 2389/1899/1852 2390/1900/1853
f 2387/1898/1850 2390/1900/1853 2391/1900/1853
f 2392/1895/1854 2391/1900/1853 2390/1900/1853
f 2389/1899/1852 2392/1895/1854 2390/1900/1853
f 2391/1900/1853 2392/1895/1854 2393/1895/1854
f 2394/1895/1855 2389/1899/1852 2388/1893/1851
f 2388/1893/1851 2376/1895/1839 2394/1895/1855
f 2392/1895/1854 2389/1899/1852 2395/1895/1855
f 2395/1895/1855 2389/1899/1852 2394/1895/1855
f 2396/1901/1856 2394/1895/1855 2376/1895/1839
f 2376/1895/1839 2377/1896/1840 2396/1901/1856
f 2377/1896/1840 2397/1902/1857 2396/1901/1856
f 2398/1902/1858 2396/1901/1856 2397/1902/1857
f 2399/1901/1859 2395/1895/1855 2394/1895/1855
f 2394/1895/1855 2396/1901/1856 2399/1901/1859
f 2396/1901/1856 2398/1902/1858 2400/1903/1860
f 2400/1903/1860 2399/1901/1859 2396/1901/1856
f 2398/1902/1858 2401/1903/1861 2400/1903/1860
f 2402/1901/1859 2395/1895/1855 2399/1901/1859
f 2402/1901/1859 2392/1895/1854 2395/1895/1855
f 2399/1901/1859 2400/1903/1860 2403/1903/1862
f 2403/1903/1862 2402/1901/1859 2399/1901/1859
f 2401/1903/1861 2404/1904/1863 2400/1903/1860
f 2404/1904/1863 2403/1903/1862 2400/1903/1860
f 2401/1903/1861 2405/1905/1864 2404/1904/1863
f 2405/1905/1864 2406/1906/1865 2404/1904/1863
f 2407/1907/1866 2402/1901/1859 2403/1903/1862
f 2404/1904/1863 2406/1906/1865 2408/1906/1867
f 2403/1903/1862 2404/1904/1863 2409/1904/1868
f 2408/1906/1867 2409/1904/1868 2404/1904/1863
f 2403/1903/1862 2409/1904/1868 2407/1907/1866
f 2408/1906/1867 2406/1906/1865 2410/1908/1869
f 2406/1906/1865 2411/1906/1870 2410/1908/1869
f 2409/1904/1868 2408/1906/1867 2412/1904/1871
f 2410/1908/1869 2412/1904/1871 2408/1906/1867
f 2411/1906/1870 2413/1908/1872 2410/1908/1869
f 2413/1908/1872 2411/1906/1870 2414/1906/1873
f 2412/1904/1871 2410/1908/1869 2415/1908/1874
f 2413/1908/1872 2415/1908/1874 2410/1908/1869
f 2412/1904/1871 2416/1904/1868 2409/1904/1868
f 2416/1904/1868 2407/1907/1866 2409/1904/1868
f 2413/1908/1872 2414/1906/1873 2417/1908/1875
f 2414/1906/1873 2418/1909/1876 2417/1908/1875
f 2417/1908/1875 2419/1908/1877 2413/1908/1872
f 2415/1908/1874 2413/1908/1872 2419/1908/1877
f 2418/1909/1876 2420/1910/1878 2417/1908/1875
f 2420/1910/1878 2418/1909/1876 2421/1910/1879
f 2419/1908/1877 2417/1908/1875 2422/1908/1880
f 2420/1910/1878 2422/1908/1880 2417/1908/1875
f 2421/1910/1879 2423/1910/1881 2420/1910/1878
f 2423/1910/1881 2421/1910/1879 2424/1910/1882
f 2422/1908/1880 2420/1910/1878 2425/1910/1883
f 2423/1910/1881 2425/1910/1883 2420/1910/1878
f 2422/1908/1880 2426/1908/1880 2419/1908/1877
f 2427/1911/1884 2422/1908/1880 2425/1910/1883
f 2422/1908/1880 2427/1911/1884 2426/1908/1880
f 2425/1910/1883 2423/1910/1881 2428/1910/1885
f 2427/1911/1884 2425/1910/1883 2429/1912/1886
f 2425/1910/1883 2428/1910/1885 2429/1912/1886
f 2426/1908/1880 2427/1911/1884 2430/1911/1887
f 2429/1912/1886 2430/1911/1887 2427/1911/1884
f 2419/1908/1877 2426/1908/1880 2431/1908/1888
f 2431/1908/1888 2415/1908/1874 2419/1908/1877
f 2430/1911/1887 2432/1908/1889 2426/1908/1880
f 2431/1908/1888 2426/1908/1880 2432/1908/1889
f 2415/1908/1874 2431/1908/1888 2433/1908/1890
f 2432/1908/1889 2434/1908/1891 2431/1908/1888
f 2433/1908/1890 2431/1908/1888 2434/1908/1891
f 2415/1908/1874 2433/1908/1890 2435/1913/1892
f 2412/1904/1871 2415/1908/1874 2435/1913/1892
f 2416/1904/1868 2412/1904/1871 2435/1913/1892
f 2433/1908/1890 2434/1908/1891 2436/1913/1893
f 2435/1913/1892 2433/1908/1890 2436/1913/1893
f 2432/1908/1889 2437/1908/1891 2434/1908/1891
f 2436/1913/1893 2434/1908/1891 2437/1908/1891
f 2438/1913/1894 2416/1904/1868 2435/1913/1892
f 2435/1913/1892 2436/1913/1893 2438/1913/1894
f 2437/1908/1891 2432/1908/1889 2439/1911/1895
f 2432/1908/1889 2430/1911/1887 2439/1911/1895
f 2437/1908/1891 2440/1913/1896 2436/1913/1893
f 2436/1913/1893 2441/1913/1897 2438/1913/1894
f 2441/1913/1897 2436/1913/1893 2440/1913/1896
f 2439/1911/1895 2442/1908/1898 2437/1908/1891
f 2440/1913/1896 2437/1908/1891 2442/1908/1898
f 2443/1904/1899 2438/1913/1894 2441/1913/1897
f 2416/1904/1868 2438/1913/1894 2443/1904/1899
f 2440/1913/1896 2444/1913/1900 2441/1913/1897
f 2444/1913/1900 2443/1904/1899 2441/1913/1897
f 2440/1913/1896 2442/1908/1898 2445/1911/1901
f 2444/1913/1900 2440/1913/1896 2446/1913/1902
f 2445/1911/1901 2446/1913/1902 2440/1913/1896
f 2443/1904/1899 2444/1913/1900 2447/1913/1903
f 2446/1913/1902 2447/1913/1903 2444/1913/1900
f 2443/1904/1899 2447/1913/1903 2448/1904/1904
f 2447/1913/1903 2446/1913/1902 2449/1913/1905
f 2448/1904/1904 2450/1907/1906 2443/1904/1899
f 2450/1907/1906 2448/1904/1904 2451/1907/1907
f 2452/1914/1908 2449/1913/1905 2446/1913/1902
f 2446/1913/1902 2445/1911/1901 2452/1914/1908
f 2449/1913/1905 2452/1914/1908 2453/1914/1908
f 2443/1904/1899 2450/1907/1906 2454/1907/1909
f 2416/1904/1868 2443/1904/1899 2454/1907/1909
f 2416/1904/1868 2454/1907/1909 2407/1907/1866
f 2451/1907/1907 2455/1901/1910 2450/1907/1906
f 2450/1907/1906 2455/1901/1910 2454/1907/1909
f 2455/1901/1910 2451/1907/1907 2456/1901/1911
f 2393/1895/1854 2455/1901/1910 2456/1901/1911
f 2455/1901/1910 2393/1895/1854 2392/1895/1854
f 2457/1901/1912 2407/1907/1866 2454/1907/1909
f 2457/1901/1912 2454/1907/1909 2455/1901/1910
f 2392/1895/1854 2457/1901/1912 2455/1901/1910
f 2407/1907/1866 2457/1901/1912 2402/1901/1859
f 2392/1895/1854 2402/1901/1859 2457/1901/1912
f 2458/1911/1913 2453/1914/1908 2452/1914/1908
f 2453/1914/1908 2458/1911/1913 2459/1914/1914
f 2452/1914/1908 2460/1911/1915 2458/1911/1913
f 2460/1911/1915 2452/1914/1908 2445/1911/1901
f 2461/1911/1916 2459/1914/1914 2458/1911/1913
f 2459/1914/1914 2461/1911/1916 2462/1915/1917
f 2463/1911/1918 2458/1911/1913 2460/1911/1915
f 2458/1911/1913 2463/1911/1918 2461/1911/1916
f 2445/1911/1901 2464/1911/1919 2460/1911/1915
f 2464/1911/1919 2445/1911/1901 2442/1908/1898
f 2442/1908/1898 2439/1911/1895 2464/1911/1919
f 2465/1911/1920 2460/1911/1915 2464/1911/1919
f 2460/1911/1915 2465/1911/1920 2463/1911/1918
f 2466/1911/1921 2464/1911/1919 2439/1911/1895
f 2464/1911/1919 2466/1911/1921 2465/1911/1920
f 2439/1911/1895 2430/1911/1887 2466/1911/1921
f 2467/1912/1922 2463/1911/1918 2465/1911/1920
f 2468/1912/1923 2466/1911/1921 2430/1911/1887
f 2430/1911/1887 2429/1912/1886 2468/1912/1923
f 2469/1912/1924 2465/1911/1920 2466/1911/1921
f 2466/1911/1921 2468/1912/1923 2469/1912/1924
f 2465/1911/1920 2469/1912/1924 2467/1912/1922
f 2429/1912/1886 2470/1912/1925 2468/1912/1923
f 2428/1910/1885 2470/1912/1925 2429/1912/1886
f 2471/1912/1926 2469/1912/1924 2468/1912/1923
f 2468/1912/1923 2470/1912/1925 2471/1912/1926
f 2470/1912/1925 2428/1910/1885 2472/1910/1927
f 2473/1912/1925 2471/1912/1926 2470/1912/1925
f 2470/1912/1925 2472/1910/1927 2473/1912/1925
f 2428/1910/1885 2474/1910/1928 2472/1910/1927
f 2474/1910/1928 2428/1910/1885 2423/1910/1881
f 2474/1910/1928 2423/1910/1881 2424/1910/1882
f 2474/1910/1928 2475/1916/1927 2472/1910/1927
f 2472/1910/1927 2475/1916/1927 2473/1912/1925
f 2474/1910/1928 2424/1910/1882 2476/1916/1929
f 2424/1910/1882 2477/1916/1929 2476/1916/1929
f 2475/1916/1927 2474/1910/1928 2476/1916/1929
f 2476/1916/1929 2478/1916/1930 2479/1916/1931
f 2476/1916/1929 2479/1916/1931 2480/1916/1931
f 2476/1916/1929 2480/1916/1931 2475/1916/1927
f 2479/1916/1931 2481/1912/1932 2480/1916/1931
f 2480/1916/1931 2482/1912/1932 2475/1916/1927
f 2482/1912/1932 2480/1916/1931 2481/1912/1932
f 2473/1912/1925 2475/1916/1927 2482/1912/1932
f 2481/1912/1932 2483/1912/1933 2482/1912/1932
f 2484/1912/1934 2482/1912/1932 2483/1912/1933
f 2482/1912/1932 2485/1912/1935 2473/1912/1925
f 2471/1912/1926 2473/1912/1925 2485/1912/1935
f 2485/1912/1935 2482/1912/1932 2486/1912/1936
f 2485/1912/1935 2469/1912/1924 2471/1912/1926
f 2486/1912/1936 2487/1912/1937 2485/1912/1935
f 2469/1912/1924 2485/1912/1935 2487/1912/1937
f 2487/1912/1937 2486/1912/1936 2488/1912/1938
f 2488/1912/1938 2489/1917/1939 2487/1912/1937
f 2469/1912/1924 2487/1912/1937 2490/1917/1940
f 2490/1917/1940 2487/1912/1937 2489/1917/1939
f 2490/1917/1940 2467/1912/1922 2469/1912/1924
f 2489/1917/1939 2491/1917/1941 2490/1917/1940
f 2490/1917/1940 2491/1917/1941 2492/1917/1942
f 2492/1917/1942 2467/1912/1922 2490/1917/1940
f 2493/1917/1943 2492/1917/1942 2491/1917/1941
f 2467/1912/1922 2492/1917/1942 2494/1915/1944
f 2463/1911/1918 2467/1912/1922 2494/1915/1944
f 2494/1915/1944 2461/1911/1916 2463/1911/1918
f 2495/1918/1945 2493/1917/1943 2496/1919/1946
f 2461/1911/1916 2494/1915/1944 2497/1915/1947
f 2461/1911/1916 2497/1915/1947 2462/1915/1917
f 2462/1915/1917 2497/1915/1947 2498/1915/1948
f 2493/1917/1943 2495/1918/1945 2499/1917/1945
f 2492/1917/1942 2493/1917/1943 2499/1917/1945
f 2494/1915/1944 2492/1917/1942 2499/1917/1945
f 2497/1915/1947 2494/1915/1944 2499/1917/1945
f 2497/1915/1947 2499/1917/1945 2498/1915/1948
f 2495/1918/1945 2500/1918/1945 2499/1917/1945
f 2498/1915/1948 2499/1917/1945 2501/1918/1949
f 2501/1918/1949 2499/1917/1945 2500/1918/1945
f 2502/1920/1950 2503/1921/1951 2504/1922/1952
f 2503/1921/1951 2502/1920/1950 2505/1923/1953
f 2505/1923/1953 2506/1924/1954 2503/1921/1951
f 2507/1925/1955 2505/1923/1953 2502/1920/1950
f 2506/1924/1954 2505/1923/1953 2508/1925/1956
f 2508/1925/1956 2509/1923/1957 2506/1924/1954
f 2505/1923/1953 2507/1925/1955 2510/1926/1955
f 2510/1926/1955 2508/1925/1956 2505/1923/1953
f 2511/1927/1955 2510/1926/1955 2507/1925/1955
f 2509/1923/1957 2508/1925/1956 2512/1928/1958
f 2512/1928/1958 2513/1925/1959 2509/1923/1957
f 2508/1925/1956 2510/1926/1955 2514/1926/1960
f 2508/1925/1956 2514/1926/1960 2512/1928/1958
f 2510/1926/1955 2511/1927/1955 2515/1929/1955
f 2515/1929/1955 2514/1926/1960 2510/1926/1955
f 2516/1930/1961 2515/1929/1955 2511/1927/1955
f 2513/1925/1959 2512/1928/1958 2517/1931/1962
f 2517/1931/1962 2518/1931/1963 2513/1925/1959
f 2515/1929/1955 2516/1930/1961 2519/1932/1964
f 2520/1933/1965 2519/1932/1964 2516/1930/1961
f 2518/1931/1963 2517/1931/1962 2521/1926/1962
f 2521/1926/1962 2522/1934/1966 2518/1931/1963
f 2522/1934/1966 2521/1926/1962 2523/1935/1967
f 2519/1932/1964 2520/1933/1965 2524/1936/1968
f 2525/1937/1969 2524/1936/1968 2520/1933/1965
f 2526/1938/1970 2523/1935/1967 2521/1926/1962
f 2523/1935/1967 2526/1938/1970 2527/1939/1971
f 2525/1937/1969 2528/1940/1972 2524/1936/1968
f 2529/1941/1973 2528/1940/1972 2525/1937/1969
f 2519/1932/1964 2524/1936/1968 2530/1942/1974
f 2528/1940/1972 2530/1942/1974 2524/1936/1968
f 2529/1941/1973 2531/1943/1973 2528/1940/1972
f 2531/1943/1973 2529/1941/1973 2532/1944/1973
f 2530/1942/1974 2528/1940/1972 2533/1945/1975
f 2531/1943/1973 2533/1945/1975 2528/1940/1972
f 2519/1932/1964 2530/1942/1974 2534/1946/1976
f 2534/1946/1976 2515/1929/1955 2519/1932/1964
f 2533/1945/1975 2535/1947/1974 2530/1942/1974
f 2535/1947/1974 2534/1946/1976 2530/1942/1974
f 2515/1929/1955 2534/1946/1976 2536/1948/1960
f 2514/1926/1960 2515/1929/1955 2536/1948/1960
f 2537/1949/1977 2536/1948/1960 2534/1946/1976
f 2534/1946/1976 2535/1947/1974 2537/1949/1977
f 2514/1926/1960 2536/1948/1960 2538/1950/1960
f 2536/1948/1960 2537/1949/1977 2538/1950/1960
f 2514/1926/1960 2538/1950/1960 2539/1951/1960
f 2514/1926/1960 2539/1951/1960 2512/1928/1958
f 2539/1951/1960 2517/1931/1962 2512/1928/1958
f 2517/1931/1962 2539/1951/1960 2540/1951/1978
f 2540/1951/1978 2521/1926/1962 2517/1931/1962
f 2521/1926/1962 2540/1951/1978 2526/1938/1970
f 2539/1951/1960 2541/1952/1979 2540/1951/1978
f 2541/1952/1979 2526/1938/1970 2540/1951/1978
f 2541/1952/1979 2539/1951/1960 2538/1950/1960
f 2526/1938/1970 2541/1952/1979 2542/1953/1980
f 2526/1938/1970 2542/1953/1980 2527/1939/1971
f 2527/1939/1971 2542/1953/1980 2543/1954/1981
f 2542/1953/1980 2544/1955/1982 2543/1954/1981
f 2544/1955/1982 2542/1953/1980 2545/1948/1983
f 2541/1952/1979 2545/1948/1983 2542/1953/1980
f 2545/1948/1983 2546/1956/1984 2544/1955/1982
f 2547/1957/1970 2541/1952/1979 2538/1950/1960
f 2545/1948/1983 2541/1952/1979 2547/1957/1970
f 2538/1950/1960 2537/1949/1977 2547/1957/1970
f 2546/1956/1984 2545/1948/1983 2548/1958/1985
f 2547/1957/1970 2548/1958/1985 2545/1948/1983
f 2549/1959/1986 2547/1957/1970 2537/1949/1977
f 2548/1958/1985 2547/1957/1970 2549/1959/1986
f 2537/1949/1977 2535/1947/1974 2549/1959/1986
f 2548/1958/1985 2550/1960/1987 2546/1956/1984
f 2550/1960/1987 2551/1956/1988 2546/1956/1984
f 2550/1960/1987 2552/1961/1989 2551/1956/1988
f 2553/1932/1987 2548/1958/1985 2549/1959/1986
f 2553/1932/1987 2550/1960/1987 2548/1958/1985
f 2535/1947/1974 2553/1932/1987 2549/1959/1986
f 2552/1961/1989 2550/1960/1987 2554/1962/1987
f 2554/1962/1987 2555/1963/1990 2552/1961/1989
f 2550/1960/1987 2553/1932/1987 2556/1964/1987
f 2556/1964/1987 2554/1962/1987 2550/1960/1987
f 2535/1947/1974 2557/1965/1991 2553/1932/1987
f 2556/1964/1987 2553/1932/1987 2557/1965/1991
f 2533/1945/1975 2557/1965/1991 2535/1947/1974
f 2555/1963/1990 2554/1962/1987 2558/1966/1992
f 2558/1966/1992 2559/1967/1993 2555/1963/1990
f 2560/1968/1994 2557/1965/1991 2533/1945/1975
f 2533/1945/1975 2531/1943/1973 2560/1968/1994
f 2557/1965/1991 2561/1969/1994 2556/1964/1987
f 2557/1965/1991 2560/1968/1994 2561/1969/1994
f 2554/1962/1987 2556/1964/1987 2562/1970/1995
f 2561/1969/1994 2562/1970/1995 2556/1964/1987
f 2562/1970/1995 2558/1966/1992 2554/1962/1987
f 2563/1971/1994 2561/1969/1994 2560/1968/1994
f 2562/1970/1995 2561/1969/1994 2563/1971/1994
f 2531/1943/1973 2564/1972/1996 2560/1968/1994
f 2560/1968/1994 2564/1972/1996 2563/1971/1994
f 2564/1972/1996 2531/1943/1973 2565/1973/1973
f 2565/1973/1973 2531/1943/1973 2532/1944/1973
f 2532/1944/1973 2566/1974/1997 2565/1973/1973
f 2566/1974/1997 2564/1972/1996 2565/1973/1973
f 2566/1974/1997 2532/1944/1973 2567/1975/1997
f 2563/1971/1994 2564/1972/1996 2568/1976/1998
f 2564/1972/1996 2566/1974/1997 2568/1976/1998
f 2569/1977/1999 2562/1970/1995 2563/1971/1994
f 2568/1976/1998 2569/1977/1999 2563/1971/1994
f 2562/1970/1995 2569/1977/1999 2570/1978/2000
f 2558/1966/1992 2562/1970/1995 2570/1978/2000
f 2571/1979/2001 2569/1977/1999 2568/1976/1998
f 2571/1979/2001 2570/1978/2000 2569/1977/1999
f 2572/1980/1998 2568/1976/1998 2566/1974/1997
f 2568/1976/1998 2572/1980/1998 2571/1979/2001
f 2567/1975/1997 2573/1981/1997 2566/1974/1997
f 2566/1974/1997 2573/1981/1997 2572/1980/1998
f 2573/1981/1997 2567/1975/1997 2574/1982/1997
f 2574/1982/1997 2575/1983/2002 2573/1981/1997
f 2575/1983/2002 2574/1982/1997 2576/1984/2003
f 2572/1980/1998 2573/1981/1997 2577/1985/2004
f 2577/1985/2004 2573/1981/1997 2575/1983/2002
f 2576/1984/2003 2578/1986/2002 2575/1983/2002
f 2578/1986/2002 2577/1985/2004 2575/1983/2002
f 2578/1986/2002 2576/1984/2003 2579/1987/2002
f 2578/1986/2002 2579/1987/2002 2580/1988/2005
f 2581/1989/2006 2572/1980/1998 2577/1985/2004
f 2572/1980/1998 2581/1989/2006 2571/1979/2001
f 2577/1985/2004 2578/1986/2002 2582/1990/2006
f 2582/1990/2006 2581/1989/2006 2577/1985/2004
f 2578/1986/2002 2580/1988/2005 2583/1990/2007
f 2583/1990/2007 2580/1988/2005 2584/1922/1951
f 2583/1990/2007 2584/1922/1951 2585/1921/2008
f 2586/1924/2009 2583/1990/2007 2585/1921/2008
f 2578/1986/2002 2583/1990/2007 2587/1991/2010
f 2583/1990/2007 2586/1924/2009 2587/1991/2010
f 2587/1991/2010 2582/1990/2006 2578/1986/2002
f 2586/1924/2009 2588/1923/1954 2587/1991/2010
f 2589/1924/2011 2582/1990/2006 2587/1991/2010
f 2589/1924/2011 2587/1991/2010 2588/1923/1954
f 2581/1989/2006 2582/1990/2006 2590/1992/2012
f 2582/1990/2006 2589/1924/2011 2590/1992/2012
f 2590/1992/2012 2591/1993/2013 2581/1989/2006
f 2591/1993/2013 2571/1979/2001 2581/1989/2006
f 2589/1924/2011 2592/1994/2014 2590/1992/2012
f 2591/1993/2013 2590/1992/2012 2592/1994/2014
f 2588/1923/1954 2593/1923/2015 2589/1924/2011
f 2592/1994/2014 2589/1924/2011 2593/1923/2015
f 2593/1923/2015 2588/1923/1954 2594/1925/1959
f 2594/1925/1959 2595/1931/2016 2593/1923/2015
f 2596/1928/2013 2592/1994/2014 2593/1923/2015
f 2593/1923/2015 2595/1931/2016 2596/1928/2013
f 2595/1931/2016 2597/1934/2017 2598/1995/2018
f 2596/1928/2013 2595/1931/2016 2598/1995/2018
f 2599/1996/2019 2596/1928/2013 2598/1995/2018
f 2600/1840/2013 2592/1994/2014 2596/1928/2013
f 2600/1840/2013 2596/1928/2013 2599/1996/2019
f 2591/1993/2013 2592/1994/2014 2600/1840/2013
f 2559/1967/1993 2600/1840/2013 2599/1996/2019
f 2600/1840/2013 2559/1967/1993 2601/1997/1962
f 2601/1997/1962 2591/1993/2013 2600/1840/2013
f 2559/1967/1993 2558/1966/1992 2601/1997/1962
f 2570/1978/2000 2601/1997/1962 2558/1966/1992
f 2591/1993/2013 2601/1997/1962 2602/1998/2020
f 2601/1997/1962 2570/1978/2000 2602/1998/2020
f 2591/1993/2013 2602/1998/2020 2571/1979/2001
f 2570/1978/2000 2571/1979/2001 2602/1998/2020
f 2603/1999/2021 2604/2000/2022 2605/2001/2023
f 2606/2002/2024 2604/2000/2022 2603/1999/2021
f 2607/2002/2025 2604/2000/2022 2606/2002/2024
f 2608/2003/2026 2604/2000/2022 2607/2002/2025
f 2608/2003/2026 2609/1792/2027 2604/2000/2022
f 2609/1792/2027 2608/2003/2026 2610/2004/2027
f 2610/2004/2027 2611/1793/2028 2609/1792/2027
f 2612/2005/2029 2611/1793/2028 2610/2004/2027
f 2611/1793/2028 2612/2005/2029 2613/2006/2030
f 2613/2006/2030 2614/1794/2031 2611/1793/2028
f 2613/2006/2030 2615/2007/2032 2614/1794/2031
f 2615/2007/2032 2613/2006/2030 2616/2008/2033
f 2616/2008/2033 2617/2009/2034 2615/2007/2032
f 2617/2009/2034 2618/2010/2035 2615/2007/2032
f 2619/2011/2036 2615/2007/2032 2618/2010/2035
f 2620/2012/2037 2615/2007/2032 2619/2011/2036
f 2621/2013/2038 2622/2014/2039 2623/2015/2007
f 2622/2014/2039 2621/2013/2038 2624/2016/2040
f 2621/2013/2038 2625/2017/2041 2624/2016/2040
f 2621/2013/2038 2626/2018/2042 2625/2017/2041
f 2626/2018/2042 2627/2019/2043 2625/2017/2041
f 2628/2020/2044 2626/2018/2042 2621/2013/2038
f 2629/2021/2045 2627/2019/2043 2626/2018/2042
f 2629/2021/2045 2630/2022/2046 2627/2019/2043
f 2628/2020/2044 2631/2023/2047 2626/2018/2042
f 2629/2021/2045 2626/2018/2042 2631/2023/2047
f 2632/2024/2048 2628/2020/2044 2621/2013/2038
f 2632/2024/2048 2621/2013/2038 2633/2025/2049
f 2631/2023/2047 2628/2020/2044 2634/2026/2050
f 2632/2024/2048 2633/2025/2049 2635/2027/2051
f 2635/2027/2051 2633/2025/2049 2636/2028/2052
f 2637/2029/2053 2628/2020/2044 2632/2024/2048
f 2628/2020/2044 2637/2029/2053 2634/2026/2050
f 2632/2024/2048 2635/2027/2051 2638/2030/2054
f 2638/2030/2054 2637/2029/2053 2632/2024/2048
f 2635/2027/2051 2636/2028/2052 2639/2031/2055
f 2639/2031/2055 2636/2028/2052 2640/2032/2056
f 2641/2033/2054 2638/2030/2054 2635/2027/2051
f 2641/2033/2054 2635/2027/2051 2639/2031/2055
f 2637/2029/2053 2638/2030/2054 2642/2034/2057
f 2641/2033/2054 2642/2034/2057 2638/2030/2054
f 2634/2026/2050 2637/2029/2053 2642/2034/2057
f 2639/2031/2055 2643/2035/2058 2641/2033/2054
f 2643/2035/2058 2642/2034/2057 2641/2033/2054
f 2640/2032/2056 2644/2035/2059 2639/2031/2055
f 2643/2035/2058 2639/2031/2055 2644/2035/2059
f 2644/2035/2059 2640/2032/2056 2645/2036/2060
f 2644/2035/2059 2645/2036/2060 2646/2037/2061
f 2644/2035/2059 2646/2037/2061 2647/2038/2062
f 2647/2038/2062 2643/2035/2058 2644/2035/2059
f 2648/2039/2063 2647/2038/2062 2646/2037/2061
f 2643/2035/2058 2647/2038/2062 2649/2040/2064
f 2649/2040/2064 2642/2034/2057 2643/2035/2058
f 2647/2038/2062 2648/2039/2063 2650/2041/2065
f 2650/2041/2065 2649/2040/2064 2647/2038/2062
f 2648/2039/2063 2651/2042/2066 2650/2041/2065
f 2649/2040/2064 2650/2041/2065 2652/2043/2067
f 2649/2040/2064 2652/2043/2067 2642/2034/2057
f 2650/2041/2065 2651/2042/2066 2653/2044/2068
f 2654/2045/2069 2653/2044/2068 2651/2042/2066
f 2650/2041/2065 2655/2046/2070 2652/2043/2067
f 2655/2046/2070 2650/2041/2065 2653/2044/2068
f 2652/2043/2067 2655/2046/2070 2642/2034/2057
f 2653/2044/2068 2654/2045/2069 2656/2047/2071
f 2656/2047/2071 2655/2046/2070 2653/2044/2068
f 2657/2048/2072 2656/2047/2071 2654/2045/2069
f 2655/2046/2070 2656/2047/2071 2658/2049/2073
f 2655/2046/2070 2658/2049/2073 2642/2034/2057
f 2656/2047/2071 2657/2048/2072 2659/2050/2074
f 2659/2050/2074 2658/2049/2073 2656/2047/2071
f 2660/2051/2075 2659/2050/2074 2657/2048/2072
f 2658/2049/2073 2659/2050/2074 2661/2052/2076
f 2658/2049/2073 2661/2052/2076 2642/2034/2057
f 2659/2050/2074 2660/2051/2075 2662/2053/2077
f 2662/2053/2077 2661/2052/2076 2659/2050/2074
f 2663/2054/2078 2660/2051/2075 2664/2055/2079
f 2661/2052/2076 2662/2053/2077 2665/2056/2080
f 2642/2034/2057 2661/2052/2076 2665/2056/2080
f 2666/2057/2081 2662/2053/2077 2660/2051/2075
f 2663/2054/2078 2666/2057/2081 2660/2051/2075
f 2666/2057/2081 2665/2056/2080 2662/2053/2077
f 2663/2054/2078 2667/2058/2082 2666/2057/2081
f 2667/2058/2082 2663/2054/2078 2668/2059/2083
f 2665/2056/2080 2666/2057/2081 2669/2060/2084
f 2667/2058/2082 2669/2060/2084 2666/2057/2081
f 2665/2056/2080 2670/2061/110 2642/2034/2057
f 2669/2060/2084 2670/2061/110 2665/2056/2080
f 2670/2061/110 2634/2026/2050 2642/2034/2057
f 2631/2023/2047 2634/2026/2050 2670/2061/110
f 2670/2061/110 2671/2062/2085 2631/2023/2047
f 2629/2021/2045 2631/2023/2047 2671/2062/2085
f 2670/2061/110 2669/2060/2084 2672/2063/1443
f 2671/2062/2085 2670/2061/110 2672/2063/1443
f 2669/2060/2084 2667/2058/2082 2673/2064/2086
f 2673/2064/2086 2672/2063/1443 2669/2060/2084
f 2674/2065/2087 2629/2021/2045 2671/2062/2085
f 2672/2063/1443 2674/2065/2087 2671/2062/2085
f 2629/2021/2045 2674/2065/2087 2675/2066/2088
f 2630/2022/2046 2629/2021/2045 2675/2066/2088
f 2676/2067/2089 2674/2065/2087 2672/2063/1443
f 2672/2063/1443 2673/2064/2086 2676/2067/2089
f 2677/2068/2090 2630/2022/2046 2675/2066/2088
f 2630/2022/2046 2677/2068/2090 2678/2069/2091
f 2679/2070/2092 2675/2066/2088 2674/2065/2087
f 2675/2066/2088 2679/2070/2092 2677/2068/2090
f 2674/2065/2087 2676/2067/2089 2679/2070/2092
f 2678/2069/2091 2677/2068/2090 2680/2071/2093
f 2679/2070/2092 2680/2071/2093 2677/2068/2090
f 2678/2069/2091 2680/2071/2093 2681/2072/2093
f 2679/2070/2092 2676/2067/2089 2682/2073/2094
f 2681/2072/2093 2680/2071/2093 2683/2071/2095
f 2683/2071/2095 2684/2074/2096 2681/2072/2093
f 2680/2071/2093 2679/2070/2092 2685/2075/2097
f 2685/2075/2097 2683/2071/2095 2680/2071/2093
f 2682/2073/2094 2685/2075/2097 2679/2070/2092
f 2684/2074/2096 2683/2071/2095 2686/2076/2098
f 2683/2071/2095 2685/2075/2097 2686/2076/2098
f 2687/2077/2099 2684/2074/2096 2686/2076/2098
f 2685/2075/2097 2687/2077/2099 2686/2076/2098
f 2687/2077/2099 2685/2075/2097 2682/2073/2094
f 2684/2074/2096 2687/2077/2099 2688/2078/2100
f 2689/2079/2101 2688/2078/2100 2687/2077/2099
f 2689/2079/2101 2687/2077/2099 2682/2073/2094
f 2688/2078/2100 2689/2079/2101 2690/2080/2102
f 2676/2067/2089 2691/2081/2103 2682/2073/2094
f 2682/2073/2094 2691/2081/2103 2689/2079/2101
f 2691/2081/2103 2676/2067/2089 2673/2064/2086
f 2690/2080/2102 2689/2079/2101 2692/2082/2104
f 2691/2081/2103 2692/2082/2104 2689/2079/2101
f 2690/2080/2102 2692/2082/2104 2693/2083/2105
f 2692/2082/2104 2694/2084/2106 2693/2083/2105
f 2673/2064/2086 2695/2085/2107 2691/2081/2103
f 2692/2082/2104 2691/2081/2103 2695/2085/2107
f 2695/2085/2107 2694/2084/2106 2692/2082/2104
f 2695/2085/2107 2673/2064/2086 2667/2058/2082
f 2695/2085/2107 2668/2059/2083 2694/2084/2106
f 2667/2058/2082 2668/2059/2083 2695/2085/2107
f 2696/1796/2108 2697/2086/2109 2698/1798/2110
f 2697/2086/2109 2696/1796/2108 2699/2087/2111
f 2700/2088/2108 2699/2087/2111 2696/1796/2108
f 2699/2087/2111 2700/2088/2108 2701/1801/2111
f 2702/1798/2111 2697/2086/2109 2699/2087/2111
f 2702/1798/2111 2699/2087/2111 2701/1801/2111
f 2702/1798/2111 2701/1801/2111 2703/2089/2111
f 2697/2086/2109 2702/1798/2111 2704/2090/2112
f 2702/1798/2111 2703/2089/2111 2705/2091/2111
f 2702/1798/2111 2706/2092/2111 2704/2090/2112
f 2706/2092/2111 2702/1798/2111 2705/2091/2111
f 2707/2093/2113 2704/2090/2112 2706/2092/2111
f 2705/2091/2111 2708/1838/2114 2706/2092/2111
f 2706/2092/2111 2708/1838/2114 2707/2093/2113
f 2709/1838/2115 2707/2093/2113 2708/1838/2114
f 2708/1838/2114 2705/2091/2111 2710/2094/2108
f 2711/2095/2116 2709/1838/2115 2708/1838/2114
f 2710/2094/2108 2712/2095/2108 2708/1838/2114
f 2711/2095/2116 2708/1838/2114 2712/2095/2108
f 2712/2095/2108 2710/2094/2108 2713/2096/2117
f 2714/2097/2118 2712/2095/2108 2713/2096/2117
f 2712/2095/2108 2715/2098/2118 2711/2095/2116
f 2712/2095/2108 2714/2097/2118 2715/2098/2118
f 2716/2098/2119 2711/2095/2116 2715/2098/2118
f 2714/2097/2118 2717/1810/2120 2715/2098/2118
f 2715/2098/2118 2718/2099/2121 2716/2098/2119
f 2715/2098/2118 2717/1810/2120 2719/2100/2120
f 2718/2099/2121 2715/2098/2118 2719/2100/2120
f 2717/1810/2120 2720/2101/2122 2719/2100/2120
f 2719/2100/2120 2720/2101/2122 2718/2099/2121
f 2720/2101/2122 2717/1810/2120 2721/2102/2123
f 2722/2103/2124 2718/2099/2121 2720/2101/2122
f 2723/1813/2120 2720/2101/2122 2721/2102/2123
f 2723/1813/2120 2722/2103/2124 2720/2101/2122
f 2723/1813/2120 2721/2102/2123 2724/2102/2120
f 2722/2103/2124 2723/1813/2120 2725/2104/2125
f 2726/1810/2126 2723/1813/2120 2724/2102/2120
f 2723/1813/2120 2727/1811/2117 2725/2104/2125
f 2723/1813/2120 2726/1810/2126 2727/1811/2117
f 2728/1816/2127 2725/2104/2125 2727/1811/2117
f 2727/1811/2117 2729/30/2128 2728/1816/2127
f 2726/1810/2126 2730/30/2117 2727/1811/2117
f 2729/30/2128 2727/1811/2117 2730/30/2117
f 2730/30/2117 2726/1810/2126 2731/2105/2117
f 2732/2106/2129 2729/30/2128 2730/30/2117
f 2731/2105/2117 2733/2106/2130 2730/30/2117
f 2732/2106/2129 2730/30/2117 2733/2106/2130
f 2733/2106/2130 2731/2105/2117 2734/2106/2117
f 2733/2106/2130 2735/2091/2131 2732/2106/2129
f 2736/2107/2111 2733/2106/2130 2734/2106/2117
f 2737/1798/2110 2735/2091/2131 2738/1796/2132
f 2733/2106/2130 2736/2107/2111 2739/2108/2108
f 2735/2091/2131 2733/2106/2130 2739/2108/2108
f 2739/2108/2108 2738/1796/2132 2735/2091/2131
f 2739/2108/2108 2736/2107/2111 2740/2088/2111
f 2740/2088/2111 2738/1796/2132 2739/2108/2108
f 2741/1660/2133 2742/1660/2134 2743/1660/2135
f 2744/1660/2136 2741/1660/2133 2743/1660/2135
f 2744/1660/2136 2745/1660/2137 2741/1660/2133
f 2744/1660/2136 2743/1660/2135 2746/1660/2138
f 2745/1660/2137 2744/1660/2136 2747/1660/2139
f 2746/1660/2138 2747/1660/2139 2744/1660/2136
f 2743/1660/2135 2748/2109/2140 2746/1660/2138
f 2746/1660/2138 2748/2109/2140 2747/1660/2139
f 2748/2109/2140 2743/1660/2135 2749/2109/2141
f 2747/1660/2139 2750/1660/2142 2745/1660/2137
f 2751/1660/2143 2745/1660/2137 2750/1660/2142
f 2750/1660/2142 2752/2109/2144 2751/1660/2143
f 2752/2109/2144 2750/1660/2142 2753/2109/2145
f 2747/1660/2139 2753/2109/2145 2750/1660/2142
f 2753/2109/2145 2754/2109/2146 2752/2109/2144
f 2747/1660/2139 2755/2109/2147 2753/2109/2145
f 2754/2109/2146 2753/2109/2145 2755/2109/2147
f 2755/2109/2147 2747/1660/2139 2748/2109/2140
f 2756/2109/2148 2754/2109/2146 2755/2109/2147
f 2757/2109/2149 2754/2109/2146 2756/2109/2148
f 2756/2109/2148 2758/2109/2150 2757/2109/2149
f 2759/2109/2151 2755/2109/2147 2748/2109/2140
f 2759/2109/2151 2756/2109/2148 2755/2109/2147
f 2749/2109/2141 2759/2109/2151 2748/2109/2140
f 2759/2109/2151 2749/2109/2141 2760/2109/2152
f 2758/2109/2150 2756/2109/2148 2761/2109/2153
f 2760/2109/2152 2762/2109/2148 2759/2109/2151
f 2762/2109/2148 2756/2109/2148 2759/2109/2151
f 2756/2109/2148 2762/2109/2148 2761/2109/2153
f 2762/2109/2148 2760/2109/2152 2763/2109/2154
f 2761/2109/2153 2764/1659/2155 2758/2109/2150
f 2763/2109/2154 2765/1659/2153 2762/2109/2148
f 2761/2109/2153 2762/2109/2148 2765/1659/2153
f 2765/1659/2153 2763/2109/2154 2766/1659/2156
f 2764/1659/2155 2761/2109/2153 2767/1659/2157
f 2761/2109/2153 2765/1659/2153 2767/1659/2157
f 2766/1659/2156 2768/1659/2158 2765/1659/2153
f 2765/1659/2153 2768/1659/2158 2767/1659/2157
f 2768/1659/2158 2766/1659/2156 2769/1659/2159
f 2770/1659/2160 2764/1659/2155 2767/1659/2157
f 2770/1659/2160 2767/1659/2157 2768/1659/2158
f 2769/1659/2159 2770/1659/2160 2768/1659/2158
f 2771/1658/2161 2764/1659/2155 2770/1659/2160
f 2769/1659/2159 2771/1658/2161 2770/1659/2160
f 2772/2110/2162 2773/2111/2163 2774/2093/2164
f 2774/2093/2164 2775/2112/1238 2772/2110/2162
f 2773/2111/2163 2772/2110/2162 2776/2113/2165
f 2776/2113/2165 2777/1802/2166 2773/2111/2163
f 2778/2086/2167 2772/2110/2162 2775/2112/1238
f 2779/2114/2168 2778/2086/2167 2775/2112/1238
f 2777/1802/2166 2776/2113/2165 2780/2115/2167
f 2780/2115/2167 2781/2116/2169 2777/1802/2166
f 2772/2110/2162 2782/2117/2167 2776/2113/2165
f 2776/2113/2165 2782/2117/2167 2780/2115/2167
f 2778/2086/2167 2782/2117/2167 2772/2110/2162
f 2781/2116/2169 2780/2115/2167 2783/2118/2167
f 2780/2115/2167 2782/2117/2167 2783/2118/2167
f 2784/1837/2167 2781/2116/2169 2783/2118/2167
f 2783/2118/2167 2782/2117/2167 2784/1837/2167
f 2781/2116/2169 2784/1837/2167 2785/2095/2170
f 2778/2086/2167 2779/2114/2168 2786/2119/2171
f 2786/2119/2171 2779/2114/2168 2787/2120/2172
f 2788/2121/2167 2785/2095/2170 2784/1837/2167
f 2785/2095/2170 2788/2121/2167 2789/1832/2173
f 2788/2121/2167 2790/2122/2174 2789/1832/2173
f 2778/2086/2167 2786/2119/2171 2791/2123/2175
f 2778/2086/2167 2791/2123/2175 2782/2117/2167
f 2790/2122/2174 2788/2121/2167 2792/2124/2167
f 2792/2124/2167 2793/2125/2176 2790/2122/2174
f 2794/1412/2167 2788/2121/2167 2784/1837/2167
f 2784/1837/2167 2782/2117/2167 2794/1412/2167
f 2795/2126/2167 2793/2125/2176 2792/2124/2167
f 2795/2126/2167 2796/2127/2177 2793/2125/2176
f 2788/2121/2167 2797/8/2165 2792/2124/2167
f 2792/2124/2167 2797/8/2165 2795/2126/2167
f 2794/1412/2167 2797/8/2165 2788/2121/2167
f 2798/2128/2165 2796/2127/2177 2795/2126/2167
f 2795/2126/2167 2797/8/2165 2798/2128/2165
f 2799/2129/2167 2796/2127/2177 2798/2128/2165
f 2796/2127/2177 2799/2129/2167 2800/2130/2178
f 2801/2131/2167 2798/2128/2165 2797/8/2165
f 2798/2128/2165 2801/2131/2167 2799/2129/2167
f 2802/2103/2167 2800/2130/2178 2799/2129/2167
f 2802/2103/2167 2799/2129/2167 2801/2131/2167
f 2800/2130/2178 2802/2103/2167 2803/2132/2179
f 2804/2133/2180 2801/2131/2167 2797/8/2165
f 2794/1412/2167 2804/2133/2180 2797/8/2165
f 2801/2131/2167 2804/2133/2180 2805/1830/2181
f 2804/2133/2180 2794/1412/2167 2806/1382/2182
f 2805/1830/2181 2807/2134/2183 2801/2131/2167
f 2794/1412/2167 2808/5/2184 2806/1382/2182
f 2808/5/2184 2794/1412/2167 2782/2117/2167
f 2791/2123/2175 2808/5/2184 2782/2117/2167
f 2808/5/2184 2791/2123/2175 2809/31/2185
f 2810/2135/2167 2801/2131/2167 2807/2134/2183
f 2802/2103/2167 2801/2131/2167 2810/2135/2167
f 2811/2136/2186 2810/2135/2167 2807/2134/2183
f 2812/2137/2187 2809/31/2185 2791/2123/2175
f 2809/31/2185 2812/2137/2187 2813/2138/2188
f 2791/2123/2175 2786/2119/2171 2812/2137/2187
f 2812/2137/2187 2814/2139/2189 2813/2138/2188
f 2786/2119/2171 2815/2086/2171 2812/2137/2187
f 2787/2120/2172 2815/2086/2171 2786/2119/2171
f 2814/2139/2189 2812/2137/2187 2816/2140/2190
f 2787/2120/2172 2814/2139/2189 2816/2140/2190
f 2812/2137/2187 2815/2086/2171 2816/2140/2190
f 2816/2140/2190 2815/2086/2171 2787/2120/2172
f 2810/2135/2167 2811/2136/2186 2817/1814/2191
f 2817/1814/2191 2811/2136/2186 2818/2141/2192
f 2802/2103/2167 2810/2135/2167 2819/2142/2193
f 2810/2135/2167 2817/1814/2191 2819/2142/2193
f 2819/2142/2193 2803/2132/2179 2802/2103/2167
f 2819/2142/2193 2820/2143/2194 2803/2132/2179
f 2819/2142/2193 2821/2144/2195 2820/2143/2194
f 2821/2144/2195 2819/2142/2193 2822/2104/2191
f 2819/2142/2193 2817/1814/2191 2822/2104/2191
f 2818/2141/2192 2821/2144/2195 2822/2104/2191
f 2818/2141/2192 2823/1810/2196 2817/1814/2191
f 2822/2104/2191 2823/1810/2196 2818/2141/2192
f 2822/2104/2191 2817/1814/2191 2823/1810/2196
f 2824/2145/2197 2825/2146/2198 2826/202/2199
f 2826/202/2199 2827/1831/2200 2824/2145/2197
f 2825/2146/2198 2824/2145/2197 2828/2146/2201
f 2828/2146/2201 2829/1844/2202 2825/2146/2198
f 2830/2147/2203 2824/2145/2197 2827/1831/2200
f 2829/1844/2202 2828/2146/2201 2831/2148/2204
f 2831/2148/2204 2832/200/2205 2829/1844/2202
f 2824/2145/2197 2833/201/2206 2828/2146/2201
f 2828/2146/2201 2833/201/2206 2831/2148/2204
f 2830/2147/2203 2833/201/2206 2824/2145/2197
f 2832/200/2205 2831/2148/2204 2834/1412/2207
f 2831/2148/2204 2833/201/2206 2834/1412/2207
f 2835/2117/2208 2832/200/2205 2834/1412/2207
f 2834/1412/2207 2833/201/2206 2835/2117/2208
f 2836/2149/2209 2832/200/2205 2835/2117/2208
f 2827/1831/2200 2837/2147/2210 2830/2147/2203
f 2837/2147/2210 2833/201/2206 2830/2147/2203
f 2837/2147/2210 2827/1831/2200 2838/1831/2211
f 2839/2117/2212 2836/2149/2209 2835/2117/2208
f 2835/2117/2208 2833/201/2206 2839/2117/2212
f 2840/2149/2213 2836/2149/2209 2839/2117/2212
f 2839/2117/2212 2841/200/2214 2840/2149/2213
f 2838/1831/2211 2842/2145/2215 2837/2147/2210
f 2842/2145/2215 2833/201/2206 2837/2147/2210
f 2842/2145/2215 2838/1831/2211 2843/202/2216
f 2844/2150/2217 2842/2145/2215 2843/202/2216
f 2845/2146/2218 2842/2145/2215 2844/2150/2217
f 2845/2146/2218 2833/201/2206 2842/2145/2215
f 2846/1841/2219 2845/2146/2218 2844/2150/2217
f 2839/2117/2212 2833/201/2206 2847/5/2220
f 2841/200/2214 2839/2117/2212 2847/5/2220
f 2848/2148/2221 2833/201/2206 2845/2146/2218
f 2847/5/2220 2833/201/2206 2848/2148/2221
f 2848/2148/2221 2845/2146/2218 2846/1841/2219
f 2847/5/2220 2848/2148/2221 2841/200/2214
f 2846/1841/2219 2841/200/2214 2848/2148/2221
f 2849/2151/2222 2850/2151/2223 2851/2152/2224
f 2852/2153/2225 2851/2152/2224 2850/2151/2223
f 2849/2151/2222 2853/2154/2226 2850/2151/2223
f 2849/2151/2222 2854/2155/2227 2853/2154/2226
f 2852/2153/2225 2850/2151/2223 2855/2156/2228
f 2850/2151/2223 2856/2157/2229 2855/2156/2228
f 2853/2154/2226 2856/2157/2229 2850/2151/2223
f 2857/2158/2228 2852/2153/2225 2855/2156/2228
f 2856/2157/2229 2857/2158/2228 2855/2156/2228
f 2853/2154/2226 2858/2158/2226 2856/2157/2229
f 2858/2158/2226 2857/2158/2228 2856/2157/2229
f 2853/2154/2226 2854/2155/2227 2859/1395/2230
f 2853/2154/2226 2859/1395/2230 2858/2158/2226
f 2854/2155/2227 2860/2159/2231 2859/1395/2230
f 2860/2159/2231 2854/2155/2227 2861/1398/2232
f 2858/2158/2226 2859/1395/2230 2862/2160/2233
f 2861/1398/2232 2863/167/2234 2860/2159/2231
f 2863/167/2234 2861/1398/2232 2864/2161/2235
f 2865/161/2231 2859/1395/2230 2860/2159/2231
f 2859/1395/2230 2865/161/2231 2862/2160/2233
f 2866/2162/2236 2860/2159/2231 2863/167/2234
f 2860/2159/2231 2866/2162/2236 2865/161/2231
f 2864/2161/2235 2867/2163/2237 2863/167/2234
f 2867/2163/2237 2864/2161/2235 2868/2164/2238
f 2868/2164/2238 2869/1396/2239 2867/2163/2237
f 2870/1399/2237 2863/167/2234 2867/2163/2237
f 2863/167/2234 2870/1399/2237 2866/2162/2236
f 2871/2165/2240 2867/2163/2237 2869/1396/2239
f 2867/2163/2237 2871/2165/2240 2870/1399/2237
f 2872/2166/2241 2871/2165/2240 2869/1396/2239
f 2873/2167/2242 2866/2162/2236 2870/1399/2237
f 2871/2165/2240 2872/2166/2241 2874/2104/2243
f 2871/2165/2240 2875/2168/1320 2870/1399/2237
f 2874/2104/2243 2875/2168/1320 2871/2165/2240
f 2870/1399/2237 2875/2168/1320 2873/2167/2242
f 2872/2166/2241 2876/2169/2244 2874/2104/2243
f 2876/2169/2244 2872/2166/2241 2877/2170/2245
f 2878/2171/2246 2876/2169/2244 2877/2170/2245
f 2875/2168/1320 2874/2104/2243 2879/1811/2247
f 2874/2104/2243 2876/2169/2244 2879/1811/2247
f 2876/2169/2244 2878/2171/2246 2880/1833/2248
f 2879/1811/2247 2881/1409/2249 2875/2168/1320
f 2875/2168/1320 2881/1409/2249 2873/2167/2242
f 2879/1811/2247 2876/2169/2244 2882/2172/2250
f 2876/2169/2244 2880/1833/2248 2882/2172/2250
f 2881/1409/2249 2879/1811/2247 2883/2173/2251
f 2884/2174/2252 2880/1833/2248 2878/2171/2246
f 2878/2171/2246 2885/2175/2253 2884/2174/2252
f 2886/2172/2254 2882/2172/2250 2880/1833/2248
f 2880/1833/2248 2884/2174/2252 2886/2172/2254
f 2879/1811/2247 2882/2172/2250 2887/2176/2255
f 2886/2172/2254 2887/2176/2255 2882/2172/2250
f 2879/1811/2247 2887/2176/2255 2883/2173/2251
f 2886/2172/2254 2888/2177/2256 2887/2176/2255
f 2889/2178/2257 2883/2173/2251 2887/2176/2255
f 2886/2172/2254 2890/2179/2258 2888/2177/2256
f 2891/2099/2259 2887/2176/2255 2888/2177/2256
f 2887/2176/2255 2891/2099/2259 2889/2178/2257
f 2890/2179/2258 2891/2099/2259 2888/2177/2256
f 2890/2179/2258 2886/2172/2254 2892/2180/2260
f 2884/2174/2252 2892/2180/2260 2886/2172/2254
f 2893/2181/2261 2890/2179/2258 2892/2180/2260
f 2893/2181/2261 2892/2180/2260 2884/2174/2252
f 2891/2099/2259 2890/2179/2258 2894/2182/2262
f 2890/2179/2258 2893/2181/2261 2895/2183/2263
f 2895/2183/2263 2894/2182/2262 2890/2179/2258
f 2896/2184/2264 2893/2181/2261 2884/2174/2252
f 2897/2185/2265 2895/2183/2263 2893/2181/2261
f 2897/2185/2265 2893/2181/2261 2896/2184/2264
f 2894/2182/2262 2895/2183/2263 2898/2186/2266
f 2899/2187/2267 2895/2183/2263 2897/2185/2265
f 2895/2183/2263 2899/2187/2267 2898/2186/2266
f 2896/2184/2264 2900/2188/2268 2897/2185/2265
f 2901/2189/2268 2896/2184/2264 2884/2174/2252
f 2896/2184/2264 2901/2189/2268 2900/2188/2268
f 2884/2174/2252 2885/2175/2253 2901/2189/2268
f 2902/2190/2269 2901/2189/2268 2885/2175/2253
f 2897/2185/2265 2900/2188/2268 2903/2191/2267
f 2897/2185/2265 2903/2191/2267 2899/2187/2267
f 2900/2188/2268 2901/2189/2268 2904/2192/2270
f 2900/2188/2268 2905/2193/2271 2903/2191/2267
f 2905/2193/2271 2900/2188/2268 2904/2192/2270
f 2906/1825/2267 2899/2187/2267 2903/2191/2267
f 2907/169/2271 2903/2191/2267 2905/2193/2271
f 2903/2191/2267 2907/169/2271 2906/1825/2267
f 2904/2192/2270 2908/2194/2272 2905/2193/2271
f 2905/2193/2271 2909/1401/2272 2907/169/2271
f 2909/1401/2272 2905/2193/2271 2908/2194/2272
f 2908/2194/2272 2904/2192/2270 2910/2195/2270
f 2901/2189/2268 2910/2195/2270 2904/2192/2270
f 2911/2196/2268 2908/2194/2272 2910/2195/2270
f 2911/2196/2268 2910/2195/2270 2901/2189/2268
f 2909/1401/2272 2912/1400/2273 2907/169/2271
f 2912/1400/2273 2906/1825/2267 2907/169/2271
f 2913/1996/2268 2911/2196/2268 2901/2189/2268
f 2912/1400/2273 2909/1401/2272 2914/169/2274
f 2913/1996/2268 2901/2189/2268 2915/2197/2275
f 2915/2197/2275 2901/2189/2268 2902/2190/2269
f 2913/1996/2268 2916/2118/2276 2911/2196/2268
f 2908/2194/2272 2911/2196/2268 2916/2118/2276
f 2902/2190/2269 2917/2198/2275 2915/2197/2275
f 2917/2198/2275 2902/2190/2269 2918/2199/2277
f 2908/2194/2272 2919/2200/2278 2909/1401/2272
f 2919/2200/2278 2908/2194/2272 2916/2118/2276
f 2919/2200/2278 2914/169/2274 2909/1401/2272
f 2918/2199/2277 2920/1980/2279 2917/2198/2275
f 2918/2199/2277 2921/2201/2280 2920/1980/2279
f 2917/2198/2275 2922/1998/2279 2915/2197/2275
f 2922/1998/2279 2917/2198/2275 2920/1980/2279
f 2915/2197/2275 2922/1998/2279 2913/1996/2268
f 2921/2201/2280 2923/2202/2280 2920/1980/2279
f 2920/1980/2279 2923/2202/2280 2922/1998/2279
f 2922/1998/2279 2924/1967/2278 2913/1996/2268
f 2923/2202/2280 2924/1967/2278 2922/1998/2279
f 2924/1967/2278 2916/2118/2276 2913/1996/2268
f 2925/2120/2280 2923/2202/2280 2921/2201/2280
f 2921/2201/2280 2926/2203/2280 2925/2120/2280
f 2927/1798/2278 2924/1967/2278 2923/2202/2280
f 2927/1798/2278 2916/2118/2276 2924/1967/2278
f 2923/2202/2280 2925/2120/2280 2927/1798/2278
f 2916/2118/2276 2927/1798/2278 2919/2200/2278
f 2926/2203/2280 2928/2204/2281 2925/2120/2280
f 2925/2120/2280 2928/2204/2281 2927/1798/2278
f 2928/2204/2281 2926/2203/2280 2929/2203/2282
f 2928/2204/2281 2929/2203/2282 2930/1928/2283
f 2928/2204/2281 2931/2108/2284 2927/1798/2278
f 2928/2204/2281 2930/1928/2283 2932/1801/2285
f 2928/2204/2281 2932/1801/2285 2931/2108/2284
f 2930/1928/2283 2933/2108/2286 2932/1801/2285
f 2933/2108/2286 2930/1928/2283 2934/1934/2287
f 2932/1801/2285 2935/1795/2288 2931/2108/2284
f 2933/2108/2286 2934/1934/2287 2936/2205/2289
f 2937/2206/2287 2936/2205/2289 2934/1934/2287
f 2938/2107/2290 2932/1801/2285 2933/2108/2286
f 2932/1801/2285 2938/2107/2290 2935/1795/2288
f 2936/2205/2289 2937/2206/2287 2939/2207/2270
f 2937/2206/2287 2940/2208/2291 2939/2207/2270
f 2941/1799/2292 2933/2108/2286 2936/2205/2289
f 2941/1799/2292 2938/2107/2290 2933/2108/2286
f 2936/2205/2289 2939/2207/2270 2942/2209/2268
f 2941/1799/2292 2936/2205/2289 2942/2209/2268
f 2943/2210/2293 2939/2207/2270 2940/2208/2291
f 2852/2153/2225 2943/2210/2293 2940/2208/2291
f 2942/2209/2268 2939/2207/2270 2944/2154/2294
f 2939/2207/2270 2943/2210/2293 2944/2154/2294
f 2941/1799/2292 2942/2209/2268 2945/1799/2268
f 2944/2154/2294 2945/1799/2268 2942/2209/2268
f 2943/2210/2293 2852/2153/2225 2946/2211/2293
f 2946/2211/2293 2852/2153/2225 2857/2158/2228
f 2947/2212/2295 2944/2154/2294 2943/2210/2293
f 2943/2210/2293 2946/2211/2293 2947/2212/2295
f 2948/2212/2268 2945/1799/2268 2944/2154/2294
f 2944/2154/2294 2947/2212/2295 2948/2212/2268
f 2949/2213/2294 2941/1799/2292 2945/1799/2268
f 2945/1799/2268 2948/2212/2268 2949/2213/2294
f 2941/1799/2292 2949/2213/2294 2950/2149/2296
f 2950/2149/2296 2938/2107/2290 2941/1799/2292
f 2948/2212/2268 2951/2149/2297 2949/2213/2294
f 2950/2149/2296 2949/2213/2294 2951/2149/2297
f 2947/2212/2295 2952/2214/2298 2948/2212/2268
f 2951/2149/2297 2948/2212/2268 2952/2214/2298
f 2953/2215/2299 2952/2214/2298 2947/2212/2295
f 2946/2211/2293 2953/2215/2299 2947/2212/2295
f 2954/2215/2300 2951/2149/2297 2952/2214/2298
f 2952/2214/2298 2953/2215/2299 2954/2215/2300
f 2951/2149/2297 2954/2215/2300 2955/196/2301
f 2954/2215/2300 2953/2215/2299 2956/2216/2268
f 2955/196/2301 2954/2215/2300 2956/2216/2268
f 2951/2149/2297 2955/196/2301 2957/200/2296
f 2950/2149/2296 2951/2149/2297 2957/200/2296
f 2957/200/2296 2955/196/2301 2958/5/2302
f 2959/199/2296 2950/2149/2296 2957/200/2296
f 2955/196/2301 2960/5/2268 2958/5/2302
f 2955/196/2301 2956/2216/2268 2960/5/2268
f 2961/2147/2303 2957/200/2296 2958/5/2302
f 2957/200/2296 2961/2147/2303 2959/199/2296
f 2960/5/2268 2961/2147/2303 2958/5/2302
f 2962/2213/2296 2950/2149/2296 2959/199/2296
f 2950/2149/2296 2962/2213/2296 2938/2107/2290
f 2938/2107/2290 2962/2213/2296 2963/1829/2304
f 2963/1829/2304 2935/1795/2288 2938/2107/2290
f 2964/2217/2305 2962/2213/2296 2959/199/2296
f 2965/194/2306 2963/1829/2304 2962/2213/2296
f 2962/2213/2296 2964/2217/2305 2965/194/2306
f 2966/1384/2307 2935/1795/2288 2963/1829/2304
f 2931/2108/2284 2935/1795/2288 2966/1384/2307
f 2966/1384/2307 2927/1798/2278 2931/2108/2284
f 2927/1798/2278 2966/1384/2307 2919/2200/2278
f 2963/1829/2304 2965/194/2306 2967/197/2308
f 2967/197/2308 2966/1384/2307 2963/1829/2304
f 2964/2217/2305 2967/197/2308 2965/194/2306
f 2966/1384/2307 2968/2218/2309 2919/2200/2278
f 2914/169/2274 2919/2200/2278 2968/2218/2309
f 2968/2218/2309 2966/1384/2307 2969/199/2310
f 2968/2218/2309 2969/199/2310 2914/169/2274
f 2969/199/2310 2966/1384/2307 2967/197/2308
f 2914/169/2274 2969/199/2310 2912/1400/2273
f 2967/197/2308 2964/2217/2305 2970/2219/2257
f 2959/199/2296 2970/2219/2257 2964/2217/2305
f 2967/197/2308 2971/8/2257 2969/199/2310
f 2971/8/2257 2967/197/2308 2970/2219/2257
f 2912/1400/2273 2969/199/2310 2972/172/2311
f 2906/1825/2267 2912/1400/2273 2972/172/2311
f 2972/172/2311 2969/199/2310 2973/2220/2312
f 2971/8/2257 2973/2220/2312 2969/199/2310
f 2974/2221/2313 2906/1825/2267 2972/172/2311
f 2974/2221/2313 2972/172/2311 2973/2220/2312
f 2906/1825/2267 2974/2221/2313 2975/2222/2267
f 2899/2187/2267 2906/1825/2267 2975/2222/2267
f 2975/2222/2267 2898/2186/2266 2899/2187/2267
f 2976/2220/2313 2974/2221/2313 2973/2220/2312
f 2976/2220/2313 2975/2222/2267 2974/2221/2313
f 2898/2186/2266 2975/2222/2267 2977/2223/2314
f 2975/2222/2267 2976/2220/2313 2977/2223/2314
f 2977/2223/2314 2894/2182/2262 2898/2186/2266
f 2894/2182/2262 2977/2223/2314 2978/2224/2262
f 2976/2220/2313 2978/2224/2262 2977/2223/2314
f 2978/2224/2262 2891/2099/2259 2894/2182/2262
f 2976/2220/2313 2979/2121/2315 2978/2224/2262
f 2891/2099/2259 2978/2224/2262 2979/2121/2315
f 2976/2220/2313 2980/2121/2316 2979/2121/2315
f 2980/2121/2316 2891/2099/2259 2979/2121/2315
f 2980/2121/2316 2976/2220/2313 2973/2220/2312
f 2973/2220/2312 2971/8/2257 2980/2121/2316
f 2891/2099/2259 2980/2121/2316 2889/2178/2257
f 2971/8/2257 2889/2178/2257 2980/2121/2316
f 2889/2178/2257 2971/8/2257 2981/1814/2317
f 2970/2219/2257 2981/1814/2317 2971/8/2257
f 2889/2178/2257 2981/1814/2317 2883/2173/2251
f 2981/1814/2317 2970/2219/2257 2982/2225/2257
f 2970/2219/2257 2959/199/2296 2982/2225/2257
f 2981/1814/2317 2983/2226/2318 2883/2173/2251
f 2982/2225/2257 2983/2226/2318 2981/1814/2317
f 2881/1409/2249 2883/2173/2251 2983/2226/2318
f 2959/199/2296 2961/2147/2303 2982/2225/2257
f 2983/2226/2318 2984/2227/2319 2881/1409/2249
f 2984/2227/2319 2873/2167/2242 2881/1409/2249
f 2983/2226/2318 2982/2225/2257 2985/2228/2320
f 2961/2147/2303 2985/2228/2320 2982/2225/2257
f 2985/2228/2320 2984/2227/2319 2983/2226/2318
f 2961/2147/2303 2986/199/2268 2985/2228/2320
f 2961/2147/2303 2960/5/2268 2986/199/2268
f 2984/2227/2319 2985/2228/2320 2987/1831/2321
f 2987/1831/2321 2985/2228/2320 2986/199/2268
f 2988/163/2322 2984/2227/2319 2987/1831/2321
f 2988/163/2322 2987/1831/2321 2986/199/2268
f 2873/2167/2242 2984/2227/2319 2989/2229/2323
f 2984/2227/2319 2988/163/2322 2989/2229/2323
f 2988/163/2322 2986/199/2268 2990/2159/2268
f 2986/199/2268 2960/5/2268 2990/2159/2268
f 2990/2159/2268 2991/2230/2324 2988/163/2322
f 2991/2230/2324 2989/2229/2323 2988/163/2322
f 2990/2159/2268 2960/5/2268 2992/2231/2268
f 2991/2230/2324 2990/2159/2268 2992/2231/2268
f 2960/5/2268 2993/2232/2325 2992/2231/2268
f 2993/2232/2325 2991/2230/2324 2992/2231/2268
f 2994/2233/2268 2993/2232/2325 2960/5/2268
f 2956/2216/2268 2994/2233/2268 2960/5/2268
f 2956/2216/2268 2995/2234/2326 2994/2233/2268
f 2995/2234/2326 2993/2232/2325 2994/2233/2268
f 2995/2234/2326 2956/2216/2268 2953/2215/2299
f 2991/2230/2324 2993/2232/2325 2996/160/2327
f 2993/2232/2325 2995/2234/2326 2996/160/2327
f 2989/2229/2323 2991/2230/2324 2997/161/2328
f 2996/160/2327 2997/161/2328 2991/2230/2324
f 2989/2229/2323 2998/2235/2329 2873/2167/2242
f 2998/2235/2329 2989/2229/2323 2997/161/2328
f 2866/2162/2236 2873/2167/2242 2998/2235/2329
f 2998/2235/2329 2865/161/2231 2866/2162/2236
f 2865/161/2231 2998/2235/2329 2999/2155/2330
f 2997/161/2328 2999/2155/2330 2998/2235/2329
f 2999/2155/2330 2862/2160/2233 2865/161/2231
f 2997/161/2328 2996/160/2327 3000/160/2331
f 2999/2155/2330 2997/161/2328 3000/160/2331
f 3001/159/2332 2996/160/2327 2995/2234/2326
f 2996/160/2327 3001/159/2332 3000/160/2331
f 2995/2234/2326 2953/2215/2299 3001/159/2332
f 3000/160/2331 3002/2236/2333 2999/2155/2330
f 3002/2236/2333 3000/160/2331 3001/159/2332
f 2862/2160/2233 2999/2155/2330 3002/2236/2333
f 3001/159/2332 2953/2215/2299 3003/2215/2334
f 3003/2215/2334 2953/2215/2299 2946/2211/2293
f 3001/159/2332 3004/2237/2335 3002/2236/2333
f 3004/2237/2335 3001/159/2332 3003/2215/2334
f 2862/2160/2233 3002/2236/2333 3004/2237/2335
f 3005/2238/2336 3003/2215/2334 2946/2211/2293
f 3003/2215/2334 3005/2238/2336 3004/2237/2335
f 3005/2238/2336 2862/2160/2233 3004/2237/2335
f 3005/2238/2336 2946/2211/2293 2857/2158/2228
f 2858/2158/2226 2862/2160/2233 3005/2238/2336
f 2858/2158/2226 3005/2238/2336 2857/2158/2228
f 3006/2239/2337 3007/2240/2338 3008/2241/2339
f 3006/2239/2337 3009/2242/2340 3007/2240/2338
f 3010/2243/2341 3006/2239/2337 3008/2241/2339
f 3011/2244/2342 3010/2243/2341 3008/2241/2339
f 3009/2242/2340 3006/2239/2337 3012/2245/2343
f 3010/2243/2341 3011/2244/2342 3013/2246/2344
f 3013/2246/2344 3011/2244/2342 3014/2247/2345
f 3010/2243/2341 3015/2248/1657 3006/2239/2337
f 3012/2245/2343 3006/2239/2337 3015/2248/1657
f 3016/2249/2346 3010/2243/2341 3013/2246/2344
f 3017/2250/2347 3009/2242/2340 3012/2245/2343
f 3009/2242/2340 3017/2250/2347 3018/2251/2348
f 3012/2245/2343 3015/2248/1657 3019/2252/2346
f 3017/2250/2347 3012/2245/2343 3019/2252/2346
f 3015/2248/1657 3010/2243/2341 3020/2253/2346
f 3016/2249/2346 3020/2253/2346 3010/2243/2341
f 3015/2248/1657 3021/2254/1657 3019/2252/2346
f 3020/2253/2346 3021/2254/1657 3015/2248/1657
f 3019/2252/2346 3021/2254/1657 3017/2250/2347
f 3016/2249/2346 3021/2254/1657 3020/2253/2346
f 3017/2250/2347 3022/2255/2349 3018/2251/2348
f 3018/2251/2348 3022/2255/2349 3023/2256/2350
f 3017/2250/2347 3024/2257/1657 3022/2255/2349
f 3024/2257/1657 3017/2250/2347 3021/2254/1657
f 3025/2258/2351 3023/2256/2350 3022/2255/2349
f 3025/2258/2351 3022/2255/2349 3024/2257/1657
f 3023/2256/2350 3025/2258/2351 3026/2259/2352
f 3027/2260/1657 3025/2258/2351 3024/2257/1657
f 3028/2261/2353 3026/2259/2352 3025/2258/2351
f 3026/2259/2352 3028/2261/2353 3029/2262/2354
f 3030/2263/1657 3025/2258/2351 3027/2260/1657
f 3025/2258/2351 3030/2263/1657 3028/2261/2353
f 3027/2260/1657 3024/2257/1657 3031/2264/1657
f 3030/2263/1657 3027/2260/1657 3031/2264/1657
f 3024/2257/1657 3021/2254/1657 3031/2264/1657
f 3032/2265/2355 3029/2262/2354 3028/2261/2353
f 3030/2263/1657 3032/2265/2355 3028/2261/2353
f 3029/2262/2354 3032/2265/2355 3033/2266/2355
f 3030/2263/1657 3034/2267/1657 3032/2265/2355
f 3035/2268/2356 3033/2266/2355 3032/2265/2355
f 3035/2268/2356 3032/2265/2355 3034/2267/1657
f 3036/2269/2357 3033/2266/2355 3035/2268/2356
f 3034/2267/1657 3030/2263/1657 3037/2270/1657
f 3037/2270/1657 3035/2268/2356 3034/2267/1657
f 3037/2270/1657 3030/2263/1657 3031/2264/1657
f 3031/2264/1657 3035/2268/2356 3037/2270/1657
f 3038/2271/2358 3036/2269/2357 3035/2268/2356
f 3035/2268/2356 3039/2272/2359 3038/2271/2358
f 3035/2268/2356 3031/2264/1657 3039/2272/2359
f 3039/2272/2359 3014/2247/2345 3038/2271/2358
f 3040/2273/1657 3039/2272/2359 3031/2264/1657
f 3031/2264/1657 3021/2254/1657 3040/2273/1657
f 3040/2273/1657 3021/2254/1657 3016/2249/2346
f 3014/2247/2345 3039/2272/2359 3041/2274/2360
f 3039/2272/2359 3040/2273/1657 3041/2274/2360
f 3016/2249/2346 3041/2274/2360 3040/2273/1657
f 3041/2274/2360 3013/2246/2344 3014/2247/2345
f 3041/2274/2360 3016/2249/2346 3013/2246/2344
f 3042/2271/2358 3043/2269/2361 3044/2268/2362
f 3043/2269/2361 3045/2266/2363 3044/2268/2362
f 3044/2268/2362 3046/2272/2364 3042/2271/2358
f 3046/2272/2364 3047/2247/2365 3042/2271/2358
f 3044/2268/2362 3045/2266/2363 3048/2265/2363
f 3047/2247/2365 3046/2272/2364 3049/2274/2366
f 3045/2266/2363 3050/2261/2353 3048/2265/2363
f 3050/2261/2353 3045/2266/2363 3051/2275/2367
f 3044/2268/2362 3048/2265/2363 3052/2267/1658
f 3051/2275/2367 3053/2258/2368 3050/2261/2353
f 3053/2258/2368 3051/2275/2367 3054/2259/2369
f 3055/2263/1657 3048/2265/2363 3050/2261/2353
f 3055/2263/1657 3052/2267/1658 3048/2265/2363
f 3053/2258/2368 3055/2263/1657 3050/2261/2353
f 3056/2256/2349 3053/2258/2368 3054/2259/2369
f 3057/2270/1657 3044/2268/2362 3052/2267/1658
f 3052/2267/1658 3055/2263/1657 3057/2270/1657
f 3046/2272/2364 3044/2268/2362 3057/2270/1657
f 3053/2258/2368 3056/2256/2349 3058/2255/2349
f 3059/2251/2370 3058/2255/2349 3056/2256/2349
f 3057/2270/1657 3060/2264/1657 3046/2272/2364
f 3057/2270/1657 3055/2263/1657 3060/2264/1657
f 3061/2250/2371 3058/2255/2349 3059/2251/2370
f 3062/2242/2372 3061/2250/2371 3059/2251/2370
f 3055/2263/1657 3053/2258/2368 3063/2260/1657
f 3055/2263/1657 3063/2260/1657 3060/2264/1657
f 3053/2258/2368 3058/2255/2349 3064/2257/1657
f 3063/2260/1657 3053/2258/2368 3064/2257/1657
f 3061/2250/2371 3064/2257/1657 3058/2255/2349
f 3063/2260/1657 3064/2257/1657 3060/2264/1657
f 3065/2273/1657 3046/2272/2364 3060/2264/1657
f 3046/2272/2364 3065/2273/1657 3049/2274/2366
f 3064/2257/1657 3066/2254/1657 3060/2264/1657
f 3060/2264/1657 3066/2254/1657 3065/2273/1657
f 3064/2257/1657 3061/2250/2371 3066/2254/1657
f 3067/2249/2373 3049/2274/2366 3065/2273/1657
f 3065/2273/1657 3066/2254/1657 3067/2249/2373
f 3049/2274/2366 3067/2249/2373 3068/2246/2374
f 3049/2274/2366 3068/2246/2374 3047/2247/2365
f 3068/2246/2374 3069/2244/2375 3047/2247/2365
f 3068/2246/2374 3070/2241/2376 3069/2244/2375
f 3071/2253/1658 3068/2246/2374 3067/2249/2373
f 3067/2249/2373 3066/2254/1657 3071/2253/1658
f 3068/2246/2374 3072/2243/2377 3070/2241/2376
f 3068/2246/2374 3071/2253/1658 3072/2243/2377
f 3072/2243/2377 3073/2240/2338 3070/2241/2376
f 3071/2253/1658 3066/2254/1657 3074/2248/1657
f 3074/2248/1657 3072/2243/2377 3071/2253/1658
f 3073/2240/2338 3072/2243/2377 3075/2239/2378
f 3072/2243/2377 3074/2248/1657 3075/2239/2378
f 3075/2239/2378 3062/2242/2372 3073/2240/2338
f 3074/2248/1657 3066/2254/1657 3076/2252/1657
f 3076/2252/1657 3066/2254/1657 3061/2250/2371
f 3077/2245/2379 3075/2239/2378 3074/2248/1657
f 3077/2245/2379 3074/2248/1657 3076/2252/1657
f 3062/2242/2372 3075/2239/2378 3077/2245/2379
f 3061/2250/2371 3077/2245/2379 3076/2252/1657
f 3061/2250/2371 3062/2242/2372 3077/2245/2379
usemtl e50:MI_Cabin_Leather_D1
f 3078/196/2380 3079/2117/2380 3080/1412/2380
f 3079/2117/2381 3078/196/2382 3081/2213/2383
f 3081/2213/2383 3082/2117/2384 3079/2117/2385
f 3082/2117/2384 3081/2213/2383 3083/2213/2383
f 3084/1412/2386 3082/2117/2384 3083/2213/2383
f 3083/2213/2383 3085/196/2387 3084/1412/2386
f 3086/1844/2387 3084/1412/2386 3085/196/2387
f 3084/1412/2386 3086/1844/2387 3087/2148/2388
f 3088/2276/2387 3087/2148/2388 3086/1844/2387
f 3087/2148/2388 3088/2276/2387 3089/2146/2389
f 3090/199/2383 3089/2146/2389 3088/2276/2387
f 3089/2146/2389 3090/199/2383 3091/2145/2390
f 3092/2147/2391 3091/2145/2390 3090/199/2383
f 3090/199/2383 3093/2277/2387 3092/2147/2391
f 3093/2277/2387 3094/2147/2392 3092/2147/2391
f 3093/2277/2387 3095/2277/2383 3094/2147/2392
f 3095/2277/2383 3096/2145/2393 3094/2147/2392
f 3096/2145/2393 3095/2277/2383 3097/199/2387
f 3098/191/2383 3096/2145/2393 3097/199/2387
f 3096/2145/2393 3098/191/2383 3099/2146/2394
f 3100/1841/2383 3099/2146/2394 3098/191/2383
f 3099/2146/2394 3100/1841/2383 3101/2148/2395
f 3102/196/2396 3101/2148/2395 3100/1841/2383
f 3101/2148/2395 3102/196/2396 3103/1412/2397
f 3130/2304/2422 3131/2305/2399 3132/2306/2423
f 3132/2306/2423 3133/2307/2424 3130/2304/2422
f 3133/2307/2424 3132/2306/2423 3134/2308/2425
f 3134/2308/2425 3132/2306/2423 3135/2309/2402
f 3136/2310/2426 3133/2307/2424 3134/2308/2425
f 3133/2307/2424 3136/2310/2426 3137/2311/2427
f 3134/2308/2425 3135/2309/2402 3138/2312/2428
f 3138/2312/2428 3136/2310/2426 3134/2308/2425
f 3135/2309/2402 3139/2313/2429 3138/2312/2428
f 3140/2314/2430 3137/2311/2427 3136/2310/2426
f 3141/2315/2431 3137/2311/2427 3140/2314/2430
f 3136/2310/2426 3138/2312/2428 3142/2316/2432
f 3142/2316/2432 3140/2314/2430 3136/2310/2426
f 3143/2317/2433 3138/2312/2428 3139/2313/2429
f 3143/2317/2433 3142/2316/2432 3138/2312/2428
f 3144/2133/1427 3143/2317/2433 3139/2313/2429
f 3140/2314/2430 3142/2316/2432 3145/2318/2434
f 3142/2316/2432 3143/2317/2433 3145/2318/2434
f 3146/2319/2435 3141/2315/2431 3140/2314/2430
f 3147/2320/2436 3141/2315/2431 3146/2319/2435
f 3146/2319/2435 3148/2321/2437 3147/2320/2436
f 3149/2322/2438 3140/2314/2430 3145/2318/2434
f 3149/2322/2438 3146/2319/2435 3140/2314/2430
f 3145/2318/2434 3143/2317/2433 3149/2322/2438
f 3148/2321/2437 3146/2319/2435 3150/2323/2439
f 3149/2322/2438 3150/2323/2439 3146/2319/2435
f 3150/2323/2439 3151/2324/2440 3148/2321/2437
f 3150/2323/2439 3149/2322/2438 3152/2325/2441
f 3149/2322/2438 3143/2317/2433 3152/2325/2441
f 3151/2324/2440 3150/2323/2439 3153/2326/2442
f 3152/2325/2441 3153/2326/2442 3150/2323/2439
f 3153/2326/2442 3154/2327/2443 3151/2324/2440
f 3153/2326/2442 3152/2325/2441 3155/1941/2444
f 3143/2317/2433 3155/1941/2444 3152/2325/2441
f 3154/2327/2443 3153/2326/2442 3156/2327/2445
f 3157/1940/2446 3153/2326/2442 3155/1941/2444
f 3157/1940/2446 3155/1941/2444 3143/2317/2433
f 3153/2326/2442 3157/1940/2446 3156/2327/2445
f 3156/2327/2445 3158/2328/2447 3154/2327/2443
f 3159/2329/2448 3157/1940/2446 3143/2317/2433
f 3159/2329/2448 3156/2327/2445 3157/1940/2446
f 3156/2327/2445 3160/2330/2449 3158/2328/2447
f 3156/2327/2445 3159/2329/2448 3160/2330/2449
f 3160/2330/2449 3161/2331/2450 3158/2328/2447
f 3162/2332/2451 3158/2328/2447 3161/2331/2450
f 3163/2333/2452 3160/2330/2449 3159/2329/2448
f 3160/2330/2449 3163/2333/2452 3161/2331/2450
f 3164/1818/2453 3159/2329/2448 3143/2317/2433
f 3159/2329/2448 3164/1818/2453 3163/2333/2452
f 3143/2317/2433 3144/2133/1427 3164/1818/2453
f 3164/1818/2453 3144/2133/1427 3165/2090/2407
f 3166/2334/2409 3164/1818/2453 3165/2090/2407
f 3167/2335/2454 3164/1818/2453 3166/2334/2409
f 3167/2335/2454 3163/2333/2452 3164/1818/2453
f 3167/2335/2454 3166/2334/2409 3168/2336/2411
f 3169/2337/2413 3167/2335/2454 3168/2336/2411
f 3163/2333/2452 3167/2335/2454 3170/2338/2455
f 3170/2338/2455 3161/2331/2450 3163/2333/2452
f 3171/2339/2456 3167/2335/2454 3169/2337/2413
f 3171/2339/2456 3170/2338/2455 3167/2335/2454
f 3171/2339/2456 3169/2337/2413 3172/2340/2415
f 3161/2331/2450 3170/2338/2455 3173/2341/2457
f 3161/2331/2450 3173/2341/2457 3162/2332/2451
f 3174/2342/2458 3162/2332/2451 3173/2341/2457
f 3170/2338/2455 3171/2339/2456 3175/2343/2459
f 3175/2343/2459 3173/2341/2457 3170/2338/2455
f 3173/2341/2457 3176/2344/2460 3174/2342/2458
f 3173/2341/2457 3175/2343/2459 3176/2344/2460
f 3177/2345/2461 3174/2342/2458 3176/2344/2460
f 3171/2339/2456 3178/2346/2462 3175/2343/2459
f 3178/2346/2462 3176/2344/2460 3175/2343/2459
f 3171/2339/2456 3172/2340/2415 3178/2346/2462
f 3176/2344/2460 3179/2347/2463 3177/2345/2461
f 3176/2344/2460 3178/2346/2462 3179/2347/2463
f 3180/2348/2464 3177/2345/2461 3179/2347/2463
f 3178/2346/2462 3172/2340/2415 3181/2349/2465
f 3181/2349/2465 3179/2347/2463 3178/2346/2462
f 3179/2347/2463 3182/2350/2466 3180/2348/2464
f 3179/2347/2463 3181/2349/2465 3182/2350/2466
f 3182/2350/2466 3183/2351/2467 3180/2348/2464
f 3172/2340/2415 3184/2352/2468 3181/2349/2465
f 3184/2352/2468 3182/2350/2466 3181/2349/2465
f 3185/2353/2417 3184/2352/2468 3172/2340/2415
f 3183/2351/2467 3182/2350/2466 3186/2354/2469
f 3182/2350/2466 3184/2352/2468 3186/2354/2469
f 3185/2353/2417 3186/2354/2469 3184/2352/2468
f 3183/2351/2467 3186/2354/2469 3187/2355/2470
f 3186/2354/2469 3185/2353/2417 3188/2356/2418
f 3188/2356/2418 3187/2355/2470 3186/2354/2469
f 3187/2355/2470 3188/2356/2418 3189/2357/2421
f 3190/2358/2471 3191/2359/2471 3192/2360/2471
f 3192/2360/2471 3191/2359/2471 3193/2361/2472
f 3191/2359/2471 3194/2362/2471 3193/2361/2472
f 3192/2360/2471 3193/2361/2472 3195/2310/2473
f 3193/2361/2472 3194/2362/2471 3196/2363/2474
f 3195/2310/2473 3193/2361/2472 3197/2364/2475
f 3197/2364/2475 3198/2365/2476 3195/2310/2473
f 3193/2361/2472 3196/2363/2474 3199/2366/2477
f 3199/2366/2477 3197/2364/2475 3193/2361/2472
f 3196/2363/2474 3200/188/2478 3199/2366/2477
f 3201/2367/2477 3199/2366/2477 3200/188/2478
f 3201/2367/2477 3202/2368/2479 3199/2366/2477
f 3198/2365/2476 3197/2364/2475 3203/2369/2480
f 3198/2365/2476 3203/2369/2480 3204/2370/2481
f 3197/2364/2475 3199/2366/2477 3205/2366/2482
f 3205/2366/2482 3203/2369/2480 3197/2364/2475
f 3199/2366/2477 3202/2368/2479 3206/2371/2483
f 3206/2371/2483 3205/2366/2482 3199/2366/2477
f 3207/2372/2483 3206/2371/2483 3202/2368/2479
f 3208/2373/2484 3206/2371/2483 3207/2372/2483
f 3204/2370/2481 3203/2369/2480 3209/2374/2485
f 3209/2374/2485 3210/2375/2486 3204/2370/2481
f 3206/2371/2483 3208/2373/2484 3211/2376/2487
f 3212/2377/2488 3211/2376/2487 3208/2373/2484
f 3210/2375/2486 3209/2374/2485 3213/2378/2489
f 3213/2378/2489 3214/2379/2481 3210/2375/2486
f 3203/2369/2480 3215/2380/2490 3209/2374/2485
f 3203/2369/2480 3205/2366/2482 3215/2380/2490
f 3216/2381/2491 3213/2378/2489 3209/2374/2485
f 3216/2381/2491 3209/2374/2485 3215/2380/2490
f 3214/2379/2481 3213/2378/2489 3217/2382/2492
f 3217/2382/2492 3218/1240/2493 3214/2379/2481
f 3218/1240/2493 3217/2382/2492 3219/2383/2494
f 3220/2384/2495 3217/2382/2492 3213/2378/2489
f 3213/2378/2489 3216/2381/2491 3220/2384/2495
f 3217/2382/2492 3221/2385/2496 3219/2383/2494
f 3217/2382/2492 3220/2384/2495 3221/2385/2496
f 3221/2385/2496 3222/2386/2491 3219/2383/2494
f 3221/2385/2496 3223/2387/2497 3222/2386/2491
f 3224/2388/2498 3222/2386/2491 3223/2387/2497
f 3225/2387/2499 3221/2385/2496 3220/2384/2495
f 3221/2385/2496 3225/2387/2499 3223/2387/2497
f 3226/2389/2498 3220/2384/2495 3216/2381/2491
f 3220/2384/2495 3226/2389/2498 3225/2387/2499
f 3223/2387/2497 3227/2390/2500 3224/2388/2498
f 3225/2387/2499 3227/2390/2500 3223/2387/2497
f 3228/2391/2501 3224/2388/2498 3227/2390/2500
f 3229/2392/2500 3224/2388/2498 3228/2391/2501
f 3228/2391/2501 3230/2393/2502 3229/2392/2500
f 3227/2390/2500 3225/2387/2499 3231/2394/2503
f 3226/2389/2498 3231/2394/2503 3225/2387/2499
f 3227/2390/2500 3232/2395/2502 3228/2391/2501
f 3230/2393/2502 3228/2391/2501 3232/2395/2502
f 3232/2395/2502 3227/2390/2500 3231/2394/2503
f 3232/2395/2502 3233/2396/2504 3230/2393/2502
f 3234/2397/2502 3233/2396/2504 3232/2395/2502
f 3234/2397/2502 3232/2395/2502 3231/2394/2503
f 3233/2396/2504 3234/2397/2502 3235/2398/2501
f 3231/2394/2503 3236/2399/2500 3234/2397/2502
f 3236/2399/2500 3235/2398/2501 3234/2397/2502
f 3236/2399/2500 3231/2394/2503 3237/2400/2500
f 3231/2394/2503 3226/2389/2498 3237/2400/2500
f 3236/2399/2500 3238/2401/2505 3235/2398/2501
f 3237/2400/2500 3238/2401/2505 3236/2399/2500
f 3239/2402/2505 3235/2398/2501 3238/2401/2505
f 3238/2401/2505 3240/2403/2506 3239/2402/2505
f 3241/2404/2498 3237/2400/2500 3226/2389/2498
f 3237/2400/2500 3241/2404/2498 3238/2401/2505
f 3226/2389/2498 3216/2381/2491 3241/2404/2498
f 3215/2380/2490 3241/2404/2498 3216/2381/2491
f 3238/2401/2505 3242/2405/2507 3240/2403/2506
f 3243/2406/2508 3240/2403/2506 3242/2405/2507
f 3215/2380/2490 3244/2404/2509 3241/2404/2498
f 3244/2404/2509 3215/2380/2490 3205/2366/2482
f 3205/2366/2482 3206/2371/2483 3244/2404/2509
f 3211/2376/2487 3244/2404/2509 3206/2371/2483
f 3244/2404/2509 3245/2401/2510 3241/2404/2498
f 3244/2404/2509 3211/2376/2487 3245/2401/2510
f 3238/2401/2505 3241/2404/2498 3245/2401/2510
f 3245/2401/2510 3242/2405/2507 3238/2401/2505
f 3246/2407/2511 3243/2406/2508 3242/2405/2507
f 3242/2405/2507 3245/2401/2510 3246/2407/2511
f 3243/2406/2508 3246/2407/2511 3247/2408/2512
f 3248/2377/2488 3245/2401/2510 3211/2376/2487
f 3245/2401/2510 3248/2377/2488 3246/2407/2511
f 3248/2377/2488 3247/2408/2512 3246/2407/2511
f 3211/2376/2487 3212/2377/2488 3248/2377/2488
f 3247/2408/2512 3248/2377/2488 3249/2409/2513
f 3250/2410/2513 3248/2377/2488 3212/2377/2488
f 3248/2377/2488 3250/2410/2513 3249/2409/2513
f 3251/2411/2514 3252/2412/2515 3253/2413/2516
f 3252/2412/2515 3251/2411/2514 3254/2414/2517
f 3252/2412/2515 3254/2414/2517 3255/2415/1444
f 3251/2411/2514 3256/2416/2518 3254/2414/2517
f 3257/2417/522 3256/2416/2518 3251/2411/2514
f 3258/2418/1444 3255/2415/1444 3254/2414/2517
f 3258/2418/1444 3259/2419/1444 3255/2415/1444
f 3256/2416/2518 3257/2417/522 3260/2417/2519
f 3261/2420/2520 3260/2417/2519 3257/2417/522
f 3254/2414/2517 3256/2416/2518 3262/2421/2521
f 3254/2414/2517 3262/2421/2521 3258/2418/1444
f 3256/2416/2518 3260/2417/2519 3263/2422/2522
f 3256/2416/2518 3263/2422/2522 3262/2421/2521
f 3260/2417/2519 3261/2420/2520 3264/2423/2523
f 3265/2424/2524 3264/2423/2523 3261/2420/2520
f 3260/2417/2519 3266/2425/2525 3263/2422/2522
f 3266/2425/2525 3260/2417/2519 3264/2423/2523
f 3264/2423/2523 3265/2424/2524 3267/2426/2526
f 3267/2426/2526 3265/2424/2524 3268/2424/2527
f 3269/2427/2528 3264/2423/2523 3267/2426/2526
f 3268/2424/2527 3269/2427/2528 3267/2426/2526
f 3264/2423/2523 3269/2427/2528 3266/2425/2525
f 3269/2427/2528 3268/2424/2527 3270/2427/2529
f 3270/2427/2529 3271/2428/2530 3269/2427/2528
f 3271/2428/2530 3266/2425/2525 3269/2427/2528
f 3271/2428/2530 3270/2427/2529 3272/2428/2531
f 3266/2425/2525 3271/2428/2530 3273/2429/2532
f 3266/2425/2525 3273/2429/2532 3263/2422/2522
f 3272/2428/2531 3274/2430/2533 3271/2428/2530
f 3273/2429/2532 3271/2428/2530 3274/2430/2533
f 3274/2430/2533 3272/2428/2531 3275/2431/2534
f 3263/2422/2522 3273/2429/2532 3276/2432/2535
f 3263/2422/2522 3276/2432/2535 3262/2421/2521
f 3274/2430/2533 3277/2433/2536 3273/2429/2532
f 3276/2432/2535 3273/2429/2532 3277/2433/2536
f 3275/2431/2534 3278/2434/2537 3274/2430/2533
f 3278/2434/2537 3275/2431/2534 3279/2435/2538
f 3274/2430/2533 3280/2436/2539 3277/2433/2536
f 3274/2430/2533 3278/2434/2537 3280/2436/2539
f 3279/2435/2538 3281/2437/2540 3278/2434/2537
f 3280/2436/2539 3278/2434/2537 3281/2437/2540
f 3281/2437/2540 3279/2435/2538 3282/2437/2541
f 3283/2438/2542 3281/2437/2540 3282/2437/2541
f 3281/2437/2540 3283/2438/2542 3284/2439/2428
f 3280/2436/2539 3281/2437/2540 3284/2439/2428
f 3283/2438/2542 3285/2440/2543 3284/2439/2428
f 3280/2436/2539 3286/2441/2544 3277/2433/2536
f 3277/2433/2536 3286/2441/2544 3276/2432/2535
f 3284/2439/2428 3287/2442/2545 3280/2436/2539
f 3288/2443/2546 3276/2432/2535 3286/2441/2544
f 3262/2421/2521 3276/2432/2535 3288/2443/2546
f 3286/2441/2544 3280/2436/2539 3289/2444/2547
f 3289/2444/2547 3280/2436/2539 3287/2442/2545
f 3290/2445/1444 3262/2421/2521 3288/2443/2546
f 3290/2445/1444 3288/2443/2546 3286/2441/2544
f 3262/2421/2521 3290/2445/1444 3258/2418/1444
f 3290/2445/1444 3259/2419/1444 3258/2418/1444
f 3291/2446/2548 3259/2419/1444 3290/2445/1444
f 3292/2447/2549 3290/2445/1444 3286/2441/2544
f 3289/2444/2547 3292/2447/2549 3286/2441/2544
f 3293/2448/2548 3291/2446/2548 3290/2445/1444
f 3290/2445/1444 3292/2447/2549 3293/2448/2548
f 3293/2448/2548 3294/2449/2550 3291/2446/2548
f 3294/2449/2550 3295/2450/2067 3291/2446/2548
f 3296/2451/2551 3293/2448/2548 3292/2447/2549
f 3297/1038/2552 3295/2450/2067 3294/2449/2550
f 3297/1038/2552 3298/2452/2553 3295/2450/2067
f 3297/1038/2552 3299/2453/2554 3298/2452/2553
f 3299/2453/2554 3297/1038/2552 3300/2454/2555
f 3301/2455/2067 3294/2449/2550 3293/2448/2548
f 3293/2448/2548 3296/2451/2551 3301/2455/2067
f 3302/2456/2556 3297/1038/2552 3294/2449/2550
f 3294/2449/2550 3301/2455/2067 3302/2456/2556
f 3303/2457/2557 3300/2454/2555 3297/1038/2552
f 3297/1038/2552 3302/2456/2556 3303/2457/2557
f 3300/2454/2555 3303/2457/2557 3304/2458/2558
f 3302/2456/2556 3301/2455/2067 3305/2459/2559
f 3296/2451/2551 3305/2459/2559 3301/2455/2067
f 3306/2460/2560 3303/2457/2557 3302/2456/2556
f 3302/2456/2556 3305/2459/2559 3306/2460/2560
f 3303/2457/2557 3307/2461/2561 3304/2458/2558
f 3303/2457/2557 3306/2460/2560 3307/2461/2561
f 3308/2462/2562 3304/2458/2558 3307/2461/2561
f 3308/2462/2562 3307/2461/2561 3309/2463/2563
f 3307/2461/2561 3306/2460/2560 3309/2463/2563
f 3309/2463/2563 3310/2464/2564 3308/2462/2562
f 3306/2460/2560 3305/2459/2559 3311/2465/2565
f 3296/2451/2551 3311/2465/2565 3305/2459/2559
f 3309/2463/2563 3306/2460/2560 3312/2466/2566
f 3311/2465/2565 3312/2466/2566 3306/2460/2560
f 3310/2464/2564 3309/2463/2563 3313/2467/2567
f 3309/2463/2563 3312/2466/2566 3313/2467/2567
f 3313/2467/2567 3314/2468/2568 3310/2464/2564
f 3312/2466/2566 3311/2465/2565 3315/2469/2569
f 3314/2468/2568 3313/2467/2567 3316/2470/2570
f 3313/2467/2567 3312/2466/2566 3317/2471/2571
f 3316/2470/2570 3313/2467/2567 3317/2471/2571
f 3315/2469/2569 3317/2471/2571 3312/2466/2566
f 3318/128/2572 3314/2468/2568 3316/2470/2570
f 3314/2468/2568 3318/128/2572 3319/2472/2573
f 3317/2471/2571 3320/2473/2574 3316/2470/2570
f 3318/128/2572 3316/2470/2570 3320/2473/2574
f 3317/2471/2571 3315/2469/2569 3321/2474/2571
f 3321/2474/2571 3320/2473/2574 3317/2471/2571
f 3311/2465/2565 3322/2475/2575 3315/2469/2569
f 3321/2474/2571 3315/2469/2569 3322/2475/2575
f 3322/2475/2575 3311/2465/2565 3296/2451/2551
f 3320/2473/2574 3321/2474/2571 3323/2476/2574
f 3321/2474/2571 3322/2475/2575 3324/2477/2576
f 3323/2476/2574 3321/2474/2571 3324/2477/2576
f 3320/2473/2574 3325/2478/2577 3318/128/2572
f 3323/2476/2574 3325/2478/2577 3320/2473/2574
f 3326/2479/2578 3319/2472/2573 3318/128/2572
f 3326/2479/2578 3318/128/2572 3325/2478/2577
f 3319/2472/2573 3326/2479/2578 3327/2480/2579
f 3325/2478/2577 3323/2476/2574 3328/2481/2580
f 3329/2482/2581 3327/2480/2579 3326/2479/2578
f 3327/2480/2579 3329/2482/2581 3330/2483/2582
f 3326/2479/2578 3325/2478/2577 3331/2484/2583
f 3329/2482/2581 3326/2479/2578 3331/2484/2583
f 3328/2481/2580 3331/2484/2583 3325/2478/2577
f 3332/2485/2584 3330/2483/2582 3329/2482/2581
f 3330/2483/2582 3332/2485/2584 3333/1059/2585
f 3329/2482/2581 3331/2484/2583 3334/1056/2586
f 3332/2485/2584 3329/2482/2581 3334/1056/2586
f 3335/2486/2587 3333/1059/2585 3332/2485/2584
f 3333/1059/2585 3335/2486/2587 3336/2487/2588
f 3332/2485/2584 3334/1056/2586 3337/2488/2589
f 3337/2488/2589 3335/2486/2587 3332/2485/2584
f 3338/2489/2590 3334/1056/2586 3331/2484/2583
f 3331/2484/2583 3328/2481/2580 3338/2489/2590
f 3339/2490/2591 3337/2488/2589 3334/1056/2586
f 3334/1056/2586 3338/2489/2590 3339/2490/2591
f 3337/2488/2589 3339/2490/2591 3340/2491/2592
f 3338/2489/2590 3341/2492/2593 3339/2490/2591
f 3341/2492/2593 3338/2489/2590 3342/2493/2594
f 3340/2491/2592 3343/1246/2595 3337/2488/2589
f 3335/2486/2587 3337/2488/2589 3343/1246/2595
f 3343/1246/2595 3340/2491/2592 3344/2494/2596
f 3345/2495/2597 3343/1246/2595 3344/2494/2596
f 3338/2489/2590 3346/2496/2598 3342/2493/2594
f 3338/2489/2590 3328/2481/2580 3346/2496/2598
f 3346/2496/2598 3347/2497/2599 3342/2493/2594
f 3343/1246/2595 3345/2495/2597 3348/2498/2597
f 3348/2498/2597 3335/2486/2587 3343/1246/2595
f 3349/2499/2600 3348/2498/2597 3345/2495/2597
f 3335/2486/2587 3348/2498/2597 3350/2500/2601
f 3350/2500/2601 3336/2487/2588 3335/2486/2587
f 3336/2487/2588 3350/2500/2601 3351/2501/2602
f 3348/2498/2597 3349/2499/2600 3352/1643/2603
f 3352/1643/2603 3350/2500/2601 3348/2498/2597
f 3353/2502/2604 3351/2501/2602 3350/2500/2601
f 3350/2500/2601 3352/1643/2603 3353/2502/2604
f 3351/2501/2602 3353/2502/2604 3354/2503/2605
f 3355/2504/2606 3354/2503/2605 3353/2502/2604
f 3352/1643/2603 3349/2499/2600 3356/2505/2607
f 3356/2505/2607 3353/2502/2604 3352/1643/2603
f 3349/2499/2600 3357/2506/2608 3356/2505/2607
f 3355/2504/2606 3353/2502/2604 3358/2507/2609
f 3353/2502/2604 3356/2505/2607 3358/2507/2609
f 3359/2508/2610 3355/2504/2606 3358/2507/2609
f 3359/2508/2610 3358/2507/2609 3360/2509/2611
f 3360/2509/2611 3358/2507/2609 3356/2505/2607
f 3360/2509/2611 3361/2510/2612 3359/2508/2610
f 3362/2511/2608 3356/2505/2607 3357/2506/2608
f 3356/2505/2607 3362/2511/2608 3360/2509/2611
f 3361/2510/2612 3360/2509/2611 3363/19/2613
f 3363/19/2613 3360/2509/2611 3362/2511/2608
f 3363/19/2613 3364/2512/2614 3361/2510/2612
f 3362/2511/2608 3357/2506/2608 3365/2513/2615
f 3362/2511/2608 3365/2513/2615 3363/19/2613
f 3357/2506/2608 3366/2514/2408 3365/2513/2615
f 3364/2512/2614 3363/19/2613 3367/2515/2616
f 3367/2515/2616 3363/19/2613 3365/2513/2615
f 3367/2515/2616 3368/2516/2617 3364/2512/2614
f 3369/2517/2618 3365/2513/2615 3366/2514/2408
f 3365/2513/2615 3369/2517/2618 3367/2515/2616
f 3368/2516/2617 3367/2515/2616 3370/2518/2619
f 3370/2518/2619 3367/2515/2616 3369/2517/2618
f 3370/2518/2619 3371/2519/2620 3368/2516/2617
f 3369/2517/2618 3366/2514/2408 3372/2520/2621
f 3369/2517/2618 3372/2520/2621 3370/2518/2619
f 3366/2514/2408 3373/2521/2622 3372/2520/2621
f 3371/2519/2620 3370/2518/2619 3374/2522/2623
f 3374/2522/2623 3370/2518/2619 3372/2520/2621
f 3375/2523/2624 3372/2520/2621 3373/2521/2622
f 3372/2520/2621 3375/2523/2624 3374/2522/2623
f 3375/2523/2624 3373/2521/2622 3376/2524/2625
f 3377/2525/2626 3371/2519/2620 3374/2522/2623
f 3371/2519/2620 3377/2525/2626 3378/2526/2390
f 3379/2527/2627 3374/2522/2623 3375/2523/2624
f 3375/2523/2624 3376/2524/2625 3379/2527/2627
f 3374/2522/2623 3379/2527/2627 3377/2525/2626
f 3376/2524/2625 3380/2528/2625 3379/2527/2627
f 3379/2527/2627 3380/2528/2625 3381/2529/2625
f 3381/2529/2625 3382/2530/2625 3379/2527/2627
f 3383/2527/2628 3379/2527/2627 3382/2530/2625
f 3379/2527/2627 3383/2527/2628 3384/2531/2629
f 3384/2531/2629 3377/2525/2626 3379/2527/2627
f 3385/97/2630 3384/2531/2629 3383/2527/2628
f 3386/2532/2631 3378/2526/2390 3377/2525/2626
f 3377/2525/2626 3384/2531/2629 3386/2532/2631
f 3378/2526/2390 3386/2532/2631 3387/2533/2632
f 3384/2531/2629 3385/97/2630 3388/3/2633
f 3388/3/2633 3386/2532/2631 3384/2531/2629
f 3389/2534/2634 3388/3/2633 3385/97/2630
f 3390/2535/2635 3387/2533/2632 3386/2532/2631
f 3386/2532/2631 3388/3/2633 3390/2535/2635
f 3387/2533/2632 3390/2535/2635 3391/2536/2636
f 3388/3/2633 3389/2534/2634 3392/2537/2637
f 3392/2537/2637 3390/2535/2635 3388/3/2633
f 3393/2538/2638 3391/2536/2636 3390/2535/2635
f 3390/2535/2635 3392/2537/2637 3393/2538/2638
f 3391/2536/2636 3393/2538/2638 3394/2539/2639
f 3395/2540/2640 3394/2539/2639 3393/2538/2638
f 3389/2534/2634 3396/2541/2641 3392/2537/2637
f 3396/2541/2641 3393/2538/2638 3392/2537/2637
f 3396/2541/2641 3389/2534/2634 3397/1/2641
f 3393/2538/2638 3398/2542/2642 3395/2540/2640
f 3393/2538/2638 3396/2541/2641 3398/2542/2642
f 3398/2542/2642 3399/2543/2643 3395/2540/2640
f 3396/2541/2641 3397/1/2641 3400/2540/2644
f 3399/2543/2643 3398/2542/2642 3401/2544/2645
f 3396/2541/2641 3401/2544/2645 3398/2542/2642
f 3401/2544/2645 3396/2541/2641 3400/2540/2644
f 3401/2544/2645 3402/2545/2646 3399/2543/2643
f 3400/2540/2644 3397/1/2641 3403/2546/2644
f 3402/2545/2646 3401/2544/2645 3404/2547/2647
f 3404/2547/2647 3401/2544/2645 3400/2540/2644
f 3404/2547/2647 3405/2548/2648 3402/2545/2646
f 3400/2540/2644 3403/2546/2644 3406/2549/2649
f 3404/2547/2647 3400/2540/2644 3406/2549/2649
f 3406/2549/2649 3403/2546/2644 3407/2550/2650
f 3405/2548/2648 3404/2547/2647 3408/2551/2651
f 3408/2551/2651 3404/2547/2647 3406/2549/2649
f 3408/2551/2651 3409/2552/2652 3405/2548/2648
f 3406/2549/2649 3407/2550/2650 3410/93/2653
f 3406/2549/2649 3410/93/2653 3408/2551/2651
f 3411/2553/2653 3410/93/2653 3407/2550/2650
f 3409/2552/2652 3408/2551/2651 3412/2554/1703
f 3410/93/2653 3412/2554/1703 3408/2551/2651
f 3412/2554/1703 3413/2555/2654 3409/2552/2652
f 3410/93/2653 3411/2553/2653 3414/1193/2655
f 3412/2554/1703 3410/93/2653 3414/1193/2655
f 3413/2555/2654 3412/2554/1703 3415/2556/2656
f 3414/1193/2655 3415/2556/2656 3412/2554/1703
f 3414/1193/2655 3411/2553/2653 3416/2557/2655
f 3416/2557/2655 3411/2553/2653 3417/2558/1987
f 3415/2556/2656 3414/1193/2655 3418/2559/2657
f 3416/2557/2655 3417/2558/1987 3419/2560/2658
f 3417/2558/1987 3420/2561/2659 3419/2560/2658
f 3421/2562/2657 3414/1193/2655 3416/2557/2655
f 3418/2559/2657 3414/1193/2655 3421/2562/2657
f 3421/2562/2657 3416/2557/2655 3419/2560/2658
f 3422/2563/2660 3419/2560/2658 3420/2561/2659
f 3423/2564/2661 3418/2559/2657 3421/2562/2657
f 3419/2560/2658 3422/2563/2660 3424/2565/2662
f 3425/2410/2663 3424/2565/2662 3422/2563/2660
f 3421/2562/2657 3419/2560/2658 3426/2566/2664
f 3419/2560/2658 3424/2565/2662 3427/2567/2665
f 3427/2567/2665 3426/2566/2664 3419/2560/2658
f 3424/2565/2662 3425/2410/2663 3428/2410/69
f 3428/2410/69 3427/2567/2665 3424/2565/2662
f 3429/2568/2666 3421/2562/2657 3426/2566/2664
f 3421/2562/2657 3429/2568/2666 3423/2564/2661
f 3426/2566/2664 3427/2567/2665 3430/2569/2667
f 3430/2569/2667 3429/2568/2666 3426/2566/2664
f 3427/2567/2665 3428/2410/69 3431/2570/2668
f 3430/2569/2667 3427/2567/2665 3431/2570/2668
f 3425/2410/2663 3432/2571/2669 3428/2410/69
f 3432/2571/2669 3425/2410/2663 3433/2377/2670
f 3434/2373/2484 3432/2571/2669 3433/2377/2670
f 3428/2410/69 3432/2571/2669 3435/2571/2671
f 3428/2410/69 3435/2571/2671 3431/2570/2668
f 3432/2571/2669 3434/2373/2484 3436/2572/2672
f 3432/2571/2669 3436/2572/2672 3435/2571/2671
f 3434/2373/2484 3437/2573/2673 3436/2572/2672
f 3437/2573/2673 3434/2373/2484 3438/2372/2483
f 3439/2368/2479 3437/2573/2673 3438/2372/2483
f 3440/2574/2674 3435/2571/2671 3436/2572/2672
f 3437/2573/2673 3439/2368/2479 3441/2575/2675
f 3435/2571/2671 3440/2574/2674 3442/2576/2676
f 3442/2576/2676 3431/2570/2668 3435/2571/2671
f 3436/2572/2672 3443/2577/2677 3440/2574/2674
f 3443/2577/2677 3436/2572/2672 3437/2573/2673
f 3444/2578/2678 3442/2576/2676 3440/2574/2674
f 3440/2574/2674 3443/2577/2677 3444/2578/2678
f 3437/2573/2673 3445/2579/2679 3443/2577/2677
f 3445/2579/2679 3437/2573/2673 3441/2575/2675
f 3446/2577/2680 3444/2578/2678 3443/2577/2677
f 3443/2577/2677 3445/2579/2679 3446/2577/2680
f 3442/2576/2676 3444/2578/2678 3447/2580/2681
f 3444/2578/2678 3446/2577/2680 3448/2581/2682
f 3448/2581/2682 3447/2580/2681 3444/2578/2678
f 3449/2579/2683 3446/2577/2680 3445/2579/2679
f 3450/2582/2684 3442/2576/2676 3447/2580/2681
f 3442/2576/2676 3450/2582/2684 3431/2570/2668
f 3446/2577/2680 3449/2579/2683 3451/2583/2685
f 3451/2583/2685 3448/2581/2682 3446/2577/2680
f 3452/2584/2686 3449/2579/2683 3445/2579/2679
f 3452/2584/2686 3445/2579/2679 3441/2575/2675
f 3453/2585/2687 3451/2583/2685 3449/2579/2683
f 3452/2584/2686 3441/2575/2675 3454/2367/1050
f 3454/2367/1050 3441/2575/2675 3439/2368/2479
f 3454/2367/1050 3439/2368/2479 3455/2367/2477
f 3449/2579/2683 3452/2584/2686 3456/2586/2688
f 3456/2586/2688 3453/2585/2687 3449/2579/2683
f 3457/1401/2689 3454/2367/1050 3455/2367/2477
f 3457/1401/2689 3455/2367/2477 3458/188/2690
f 3454/2367/1050 3459/1401/2691 3452/2584/2686
f 3459/1401/2691 3454/2367/1050 3457/1401/2689
f 3452/2584/2686 3460/1806/2692 3456/2586/2688
f 3460/1806/2692 3452/2584/2686 3459/1401/2691
f 3461/2587/2693 3457/1401/2689 3458/188/2690
f 3461/2587/2693 3458/188/2690 3462/2363/2472
f 3463/2172/2694 3459/1401/2691 3457/1401/2689
f 3463/2172/2694 3457/1401/2689 3461/2587/2693
f 3464/2588/2695 3459/1401/2691 3463/2172/2694
f 3464/2588/2695 3460/1806/2692 3459/1401/2691
f 3463/2172/2694 3461/2587/2693 3465/2589/2696
f 3465/2589/2696 3464/2588/2695 3463/2172/2694
f 3462/2363/2472 3466/2589/2697 3461/2587/2693
f 3461/2587/2693 3466/2589/2697 3465/2589/2696
f 3462/2363/2472 3467/2362/2471 3466/2589/2697
f 3467/2362/2471 3468/2590/2698 3466/2589/2697
f 3468/2590/2698 3465/2589/2696 3466/2589/2697
f 3467/2362/2471 3469/2359/2471 3468/2590/2698
f 3464/2588/2695 3465/2589/2696 3470/2589/2699
f 3469/2359/2471 3471/2591/2700 3468/2590/2698
f 3469/2359/2471 3472/2358/2471 3471/2591/2700
f 3347/2497/2599 3471/2591/2700 3472/2358/2471
f 3465/2589/2696 3468/2590/2698 3473/2592/2701
f 3473/2592/2701 3470/2589/2699 3465/2589/2696
f 3468/2590/2698 3471/2591/2700 3474/2593/2702
f 3474/2593/2702 3473/2592/2701 3468/2590/2698
f 3471/2591/2700 3347/2497/2599 3475/2594/2703
f 3346/2496/2598 3475/2594/2703 3347/2497/2599
f 3471/2591/2700 3476/2595/2704 3474/2593/2702
f 3475/2594/2703 3476/2595/2704 3471/2591/2700
f 3477/2596/2705 3475/2594/2703 3346/2496/2598
f 3346/2496/2598 3328/2481/2580 3477/2596/2705
f 3478/2597/2706 3475/2594/2703 3477/2596/2705
f 3475/2594/2703 3478/2597/2706 3476/2595/2704
f 3328/2481/2580 3479/2598/2707 3477/2596/2705
f 3479/2598/2707 3478/2597/2706 3477/2596/2705
f 3328/2481/2580 3323/2476/2574 3479/2598/2707
f 3323/2476/2574 3324/2477/2576 3479/2598/2707
f 3480/2599/2708 3478/2597/2706 3479/2598/2707
f 3324/2477/2576 3480/2599/2708 3479/2598/2707
f 3480/2599/2708 3476/2595/2704 3478/2597/2706
f 3324/2477/2576 3481/2600/2709 3480/2599/2708
f 3322/2475/2575 3481/2600/2709 3324/2477/2576
f 3476/2595/2704 3480/2599/2708 3482/2601/2710
f 3481/2600/2709 3482/2601/2710 3480/2599/2708
f 3481/2600/2709 3322/2475/2575 3483/2602/2711
f 3483/2602/2711 3322/2475/2575 3296/2451/2551
f 3482/2601/2710 3481/2600/2709 3484/2603/2712
f 3483/2602/2711 3484/2603/2712 3481/2600/2709
f 3482/2601/2710 3485/2604/2713 3476/2595/2704
f 3485/2604/2713 3474/2593/2702 3476/2595/2704
f 3484/2603/2712 3486/2605/2714 3482/2601/2710
f 3485/2604/2713 3482/2601/2710 3486/2605/2714
f 3484/2603/2712 3483/2602/2711 3487/2606/2715
f 3485/2604/2713 3488/2607/2716 3474/2593/2702
f 3473/2592/2701 3474/2593/2702 3488/2607/2716
f 3487/2606/2715 3489/2608/2717 3484/2603/2712
f 3486/2605/2714 3484/2603/2712 3489/2608/2717
f 3473/2592/2701 3488/2607/2716 3490/2609/2718
f 3470/2589/2699 3473/2592/2701 3490/2609/2718
f 3486/2605/2714 3489/2608/2717 3491/2610/2719
f 3490/2609/2718 3492/2611/2720 3470/2589/2699
f 3493/2612/2721 3486/2605/2714 3491/2610/2719
f 3486/2605/2714 3493/2612/2721 3485/2604/2713
f 3492/2611/2720 3494/2613/2722 3470/2589/2699
f 3464/2588/2695 3470/2589/2699 3494/2613/2722
f 3494/2613/2722 3460/1806/2692 3464/2588/2695
f 3492/2611/2720 3490/2609/2718 3495/2614/2723
f 3494/2613/2722 3496/2188/2724 3460/1806/2692
f 3490/2609/2718 3497/2615/2725 3495/2614/2723
f 3497/2615/2725 3490/2609/2718 3488/2607/2716
f 3496/2188/2724 3498/2586/2726 3460/1806/2692
f 3456/2586/2688 3460/1806/2692 3498/2586/2726
f 3453/2585/2687 3456/2586/2688 3498/2586/2726
f 3488/2607/2716 3499/2616/2727 3497/2615/2725
f 3488/2607/2716 3485/2604/2713 3499/2616/2727
f 3485/2604/2713 3500/2604/2728 3499/2616/2727
f 3485/2604/2713 3493/2612/2721 3500/2604/2728
f 3501/2617/2729 3497/2615/2725 3499/2616/2727
f 3500/2604/2728 3501/2617/2729 3499/2616/2727
f 3502/2618/2730 3495/2614/2723 3497/2615/2725
f 3501/2617/2729 3502/2618/2730 3497/2615/2725
f 3502/2618/2730 3503/2614/2731 3495/2614/2723
f 3503/2614/2731 3492/2611/2720 3495/2614/2723
f 3501/2617/2729 3504/2619/2732 3502/2618/2730
f 3503/2614/2731 3502/2618/2730 3504/2619/2732
f 3505/1697/2733 3501/2617/2729 3500/2604/2728
f 3493/2612/2721 3505/1697/2733 3500/2604/2728
f 3504/2619/2732 3501/2617/2729 3506/2620/2734
f 3501/2617/2729 3505/1697/2733 3506/2620/2734
f 3505/1697/2733 3493/2612/2721 3507/2621/2735
f 3493/2612/2721 3491/2610/2719 3507/2621/2735
f 3506/2620/2734 3505/1697/2733 3508/2622/2736
f 3505/1697/2733 3507/2621/2735 3509/2623/2737
f 3505/1697/2733 3509/2623/2737 3508/2622/2736
f 3510/2624/2738 3507/2621/2735 3491/2610/2719
f 3509/2623/2737 3507/2621/2735 3510/2624/2738
f 3506/2620/2734 3508/2622/2736 3511/2625/2739
f 3511/2625/2739 3504/2619/2732 3506/2620/2734
f 3509/2623/2737 3512/2626/2740 3508/2622/2736
f 3512/2626/2740 3511/2625/2739 3508/2622/2736
f 3504/2619/2732 3511/2625/2739 3513/2627/2741
f 3513/2627/2741 3503/2614/2731 3504/2619/2732
f 3511/2625/2739 3512/2626/2740 3514/2628/2742
f 3514/2628/2742 3513/2627/2741 3511/2625/2739
f 3512/2626/2740 3509/2623/2737 3515/2629/2743
f 3510/2624/2738 3515/2629/2743 3509/2623/2737
f 3516/2630/2744 3514/2628/2742 3512/2626/2740
f 3517/2631/2745 3512/2626/2740 3515/2629/2743
f 3512/2626/2740 3517/2631/2745 3516/2630/2744
f 3515/2629/2743 3510/2624/2738 3518/2632/2746
f 3518/2632/2746 3517/2631/2745 3515/2629/2743
f 3519/2633/2264 3510/2624/2738 3491/2610/2719
f 3519/2633/2264 3491/2610/2719 3489/2608/2717
f 3520/2634/2747 3518/2632/2746 3510/2624/2738
f 3510/2624/2738 3519/2633/2264 3520/2634/2747
f 3517/2631/2745 3518/2632/2746 3521/2635/2748
f 3522/2636/2749 3517/2631/2745 3521/2635/2748
f 3516/2630/2744 3517/2631/2745 3522/2636/2749
f 3523/2637/2750 3521/2635/2748 3518/2632/2746
f 3522/2636/2749 3524/2638/2751 3516/2630/2744
f 3518/2632/2746 3525/2639/2752 3523/2637/2750
f 3518/2632/2746 3520/2634/2747 3525/2639/2752
f 3526/2640/2753 3523/2637/2750 3525/2639/2752
f 3524/2638/2751 3522/2636/2749 3527/2641/2754
f 3528/2642/2755 3526/2640/2753 3525/2639/2752
f 3528/2642/2755 3525/2639/2752 3520/2634/2747
f 3526/2640/2753 3528/2642/2755 3529/2643/2756
f 3520/2634/2747 3530/2644/2757 3528/2642/2755
f 3530/2644/2757 3520/2634/2747 3519/2633/2264
f 3528/2642/2755 3531/2645/2758 3529/2643/2756
f 3530/2644/2757 3531/2645/2758 3528/2642/2755
f 3532/2646/2759 3529/2643/2756 3531/2645/2758
f 3531/2645/2758 3533/2647/2760 3532/2646/2759
f 3519/2633/2264 3534/2648/2761 3530/2644/2757
f 3534/2648/2761 3519/2633/2264 3489/2608/2717
f 3489/2608/2717 3487/2606/2715 3534/2648/2761
f 3530/2644/2757 3535/2649/2762 3531/2645/2758
f 3535/2649/2762 3530/2644/2757 3534/2648/2761
f 3533/2647/2760 3531/2645/2758 3536/2650/2763
f 3535/2649/2762 3536/2650/2763 3531/2645/2758
f 3536/2650/2763 3537/2651/2764 3533/2647/2760
f 3538/2652/2765 3534/2648/2761 3487/2606/2715
f 3534/2648/2761 3538/2652/2765 3535/2649/2762
f 3483/2602/2711 3538/2652/2765 3487/2606/2715
f 3536/2650/2763 3535/2649/2762 3539/2653/2766
f 3538/2652/2765 3539/2653/2766 3535/2649/2762
f 3537/2651/2764 3536/2650/2763 3540/2654/2767
f 3539/2653/2766 3540/2654/2767 3536/2650/2763
f 3541/2655/2768 3537/2651/2764 3540/2654/2767
f 3483/2602/2711 3542/2656/2769 3538/2652/2765
f 3296/2451/2551 3542/2656/2769 3483/2602/2711
f 3542/2656/2769 3296/2451/2551 3292/2447/2549
f 3292/2447/2549 3289/2444/2547 3542/2656/2769
f 3542/2656/2769 3543/2657/2770 3538/2652/2765
f 3542/2656/2769 3289/2444/2547 3543/2657/2770
f 3539/2653/2766 3538/2652/2765 3543/2657/2770
f 3287/2442/2545 3543/2657/2770 3289/2444/2547
f 3543/2657/2770 3544/2658/2771 3539/2653/2766
f 3544/2658/2771 3543/2657/2770 3287/2442/2545
f 3540/2654/2767 3539/2653/2766 3544/2658/2771
f 3287/2442/2545 3545/2659/2772 3544/2658/2771
f 3544/2658/2771 3545/2659/2772 3540/2654/2767
f 3287/2442/2545 3284/2439/2428 3545/2659/2772
f 3284/2439/2428 3285/2440/2543 3545/2659/2772
f 3540/2654/2767 3545/2659/2772 3546/2660/2773
f 3285/2440/2543 3546/2660/2773 3545/2659/2772
f 3540/2654/2767 3546/2660/2773 3541/2655/2768
f 3285/2440/2543 3547/2661/2774 3546/2660/2773
f 3541/2655/2768 3546/2660/2773 3547/2661/2774
f 3548/2662/2775 3541/2655/2768 3547/2661/2774
f 3549/2663/2776 3550/2664/2777 3551/2665/2778
f 3552/2663/2779 3549/2663/2776 3551/2665/2778
f 3552/2663/2779 3551/2665/2778 3553/2666/2780
f 3549/2663/2776 3552/2663/2779 3554/2667/2781
f 3555/2667/2782 3549/2663/2776 3554/2667/2781
f 3552/2663/2779 3553/2666/2780 3556/2668/2783
f 3557/2669/2784 3556/2668/2783 3553/2666/2780
f 3554/2667/2781 3552/2663/2779 3558/2670/2785
f 3558/2670/2785 3552/2663/2779 3556/2668/2783
f 3554/2667/2781 3559/2671/2786 3555/2667/2782
f 3555/2667/2782 3559/2671/2786 3560/2672/2787
f 3554/2667/2781 3558/2670/2785 3561/2585/2788
f 3559/2671/2786 3562/2188/2789 3560/2672/2787
f 3560/2672/2787 3562/2188/2789 3563/2673/2790
f 3554/2667/2781 3564/2674/2791 3559/2671/2786
f 3564/2674/2791 3554/2667/2781 3561/2585/2788
f 3562/2188/2789 3559/2671/2786 3565/32/2792
f 3564/2674/2791 3565/32/2792 3559/2671/2786
f 3566/2675/2793 3563/2673/2790 3562/2188/2789
f 3563/2673/2790 3566/2675/2793 3567/2180/2794
f 3568/2181/2795 3562/2188/2789 3565/32/2792
f 3562/2188/2789 3568/2181/2795 3566/2675/2793
f 3566/2675/2793 3569/2676/2796 3567/2180/2794
f 3567/2180/2794 3569/2676/2796 3570/2677/2797
f 3568/2181/2795 3571/1765/2798 3566/2675/2793
f 3569/2676/2796 3566/2675/2793 3571/1765/2798
f 3572/2678/2799 3570/2677/2797 3569/2676/2796
f 3570/2677/2797 3572/2678/2799 3573/2612/2800
f 3572/2678/2799 3574/2679/2801 3573/2612/2800
f 3571/1765/2798 3575/2680/2802 3569/2676/2796
f 3569/2676/2796 3575/2680/2802 3572/2678/2799
f 3574/2679/2801 3572/2678/2799 3576/2679/2803
f 3576/2679/2803 3572/2678/2799 3575/2680/2802
f 3576/2679/2803 3577/2681/2804 3574/2679/2801
f 3575/2680/2802 3571/1765/2798 3578/2682/2805
f 3568/2181/2795 3578/2682/2805 3571/1765/2798
f 3577/2681/2804 3576/2679/2803 3579/2683/2806
f 3579/2683/2806 3580/2684/2807 3577/2681/2804
f 3576/2679/2803 3575/2680/2802 3581/2685/2050
f 3580/2684/2807 3579/2683/2806 3582/2686/2808
f 3576/2679/2803 3583/2687/1332 3579/2683/2806
f 3581/2685/2050 3583/2687/1332 3576/2679/2803
f 3579/2683/2806 3583/2687/1332 3582/2686/2808
f 3582/2686/2808 3584/2688/2809 3580/2684/2807
f 3585/2689/2810 3581/2685/2050 3575/2680/2802
f 3583/2687/1332 3581/2685/2050 3585/2689/2810
f 3578/2682/2805 3585/2689/2810 3575/2680/2802
f 3583/2687/1332 3586/2690/2260 3582/2686/2808
f 3586/2690/2260 3583/2687/1332 3585/2689/2810
f 3584/2688/2809 3582/2686/2808 3587/2691/2811
f 3586/2690/2260 3587/2691/2811 3582/2686/2808
f 3588/2692/2812 3589/2688/2813 3584/2688/2809
f 3587/2691/2811 3588/2692/2812 3584/2688/2809
f 3586/2690/2260 3590/2693/2814 3587/2691/2811
f 3588/2692/2812 3587/2691/2811 3591/2692/2815
f 3591/2692/2815 3587/2691/2811 3590/2693/2814
f 3592/2694/2816 3588/2692/2812 3591/2692/2815
f 3592/2694/2816 3591/2692/2815 3590/2693/2814
f 3593/2695/2817 3588/2692/2812 3592/2694/2816
f 3590/2693/2814 3586/2690/2260 3594/2696/2818
f 3594/2696/2818 3592/2694/2816 3590/2693/2814
f 3586/2690/2260 3585/2689/2810 3594/2696/2818
f 3592/2694/2816 3595/2697/2819 3593/2695/2817
f 3592/2694/2816 3594/2696/2818 3595/2697/2819
f 3595/2697/2819 3596/2698/2820 3593/2695/2817
f 3595/2697/2819 3597/2699/2821 3596/2698/2820
f 3597/2699/2821 3595/2697/2819 3598/2697/2822
f 3595/2697/2819 3594/2696/2818 3598/2697/2822
f 3598/2697/2822 3599/2700/2823 3597/2699/2821
f 3594/2696/2818 3600/2701/2824 3598/2697/2822
f 3599/2700/2823 3598/2697/2822 3600/2701/2824
f 3600/2701/2824 3594/2696/2818 3585/2689/2810
f 3600/2701/2824 3601/2702/2825 3599/2700/2823
f 3601/2702/2825 3600/2701/2824 3602/2703/2826
f 3585/2689/2810 3602/2703/2826 3600/2701/2824
f 3602/2703/2826 3603/2704/2400 3601/2702/2825
f 3603/2704/2400 3602/2703/2826 3604/2705/2827
f 3602/2703/2826 3585/2689/2810 3605/2706/1051
f 3605/2706/1051 3604/2705/2827 3602/2703/2826
f 3578/2682/2805 3605/2706/1051 3585/2689/2810
f 3604/2705/2827 3605/2706/1051 3606/2707/2402
f 3605/2706/1051 3578/2682/2805 3606/2707/2402
f 3607/2708/2403 3606/2707/2402 3578/2682/2805
f 3608/2709/2828 3607/2708/2403 3578/2682/2805
f 3578/2682/2805 3568/2181/2795 3608/2709/2828
f 3607/2708/2403 3608/2709/2828 3609/1808/2405
f 3565/32/2792 3608/2709/2828 3568/2181/2795
f 3610/2116/2829 3609/1808/2405 3608/2709/2828
f 3608/2709/2828 3565/32/2792 3610/2116/2829
f 3609/1808/2405 3610/2116/2829 3611/2092/2406
f 3564/2674/2791 3610/2116/2829 3565/32/2792
f 3610/2116/2829 3612/2710/2830 3611/2092/2406
f 3610/2116/2829 3564/2674/2791 3612/2710/2830
f 3613/2711/2408 3611/2092/2406 3612/2710/2830
f 3561/2585/2788 3612/2710/2830 3564/2674/2791
f 3614/2712/2831 3613/2711/2408 3612/2710/2830
f 3612/2710/2830 3561/2585/2788 3614/2712/2831
f 3613/2711/2408 3614/2712/2831 3615/2713/2410
f 3616/2714/2832 3614/2712/2831 3561/2585/2788
f 3616/2714/2832 3561/2585/2788 3558/2670/2785
f 3614/2712/2831 3617/2715/2833 3615/2713/2410
f 3614/2712/2831 3616/2714/2832 3617/2715/2833
f 3618/2716/2412 3615/2713/2410 3617/2715/2833
f 3556/2668/2783 3616/2714/2832 3558/2670/2785
f 3617/2715/2833 3619/2717/2834 3618/2716/2412
f 3617/2715/2833 3616/2714/2832 3620/2718/2835
f 3616/2714/2832 3556/2668/2783 3620/2718/2835
f 3619/2717/2834 3617/2715/2833 3620/2718/2835
f 3621/2719/2836 3618/2716/2412 3619/2717/2834
f 3556/2668/2783 3622/2720/2837 3620/2718/2835
f 3620/2718/2835 3622/2720/2837 3619/2717/2834
f 3622/2720/2837 3556/2668/2783 3623/2721/2838
f 3557/2669/2784 3623/2721/2838 3556/2668/2783
f 3623/2721/2838 3557/2669/2784 3624/2722/2839
f 3625/2723/2840 3622/2720/2837 3623/2721/2838
f 3619/2717/2834 3622/2720/2837 3625/2723/2840
f 3624/2722/2839 3626/2724/2841 3623/2721/2838
f 3626/2724/2841 3625/2723/2840 3623/2721/2838
f 3626/2724/2841 3624/2722/2839 3627/2725/2842
f 3628/2724/2843 3619/2717/2834 3625/2723/2840
f 3625/2723/2840 3626/2724/2841 3628/2724/2843
f 3627/2725/2842 3629/2725/2844 3626/2724/2841
f 3628/2724/2843 3626/2724/2841 3629/2725/2844
f 3629/2725/2844 3627/2725/2842 3630/2726/2845
f 3631/2727/2846 3619/2717/2834 3628/2724/2843
f 3629/2725/2844 3631/2727/2846 3628/2724/2843
f 3631/2727/2846 3621/2719/2836 3619/2717/2834
f 3621/2719/2836 3631/2727/2846 3632/2354/2416
f 3630/2726/2845 3633/2728/2847 3629/2725/2844
f 3631/2727/2846 3629/2725/2844 3633/2728/2847
f 3633/2728/2847 3630/2726/2845 3634/2729/2848
f 3634/2729/2848 3635/2730/2849 3633/2728/2847
f 3631/2727/2846 3636/2731/2850 3632/2354/2416
f 3633/2728/2847 3636/2731/2850 3631/2727/2846
f 3633/2728/2847 3635/2730/2849 3636/2731/2850
f 3632/2354/2416 3636/2731/2850 3637/2731/2419
f 3638/2732/2420 3636/2731/2850 3635/2730/2849
f 3636/2731/2850 3638/2732/2420 3637/2731/2419
f 3639/2733/2851 3640/2734/2852 3641/2735/2853
f 3642/2736/2854 3639/2733/2851 3641/2735/2853
f 3642/2736/2854 3643/2737/2855 3639/2733/2851
f 3641/2735/2853 3644/2738/2856 3642/2736/2854
f 3644/2738/2856 3641/2735/2853 3645/2739/2857
f 3646/2740/2858 3644/2738/2856 3645/2739/2857
f 3643/2737/2855 3642/2736/2854 3647/2741/2859
f 3644/2738/2856 3646/2740/2858 3648/2742/2860
f 3649/2743/2861 3643/2737/2855 3647/2741/2859
f 3643/2737/2855 3649/2743/2861 3650/2744/2862
f 3642/2736/2854 3651/2745/2863 3647/2741/2859
f 3651/2745/2863 3642/2736/2854 3644/2738/2856
f 3652/2746/2864 3649/2743/2861 3647/2741/2859
f 3651/2745/2863 3652/2746/2864 3647/2741/2859
f 3653/2747/2865 3650/2744/2862 3649/2743/2861
f 3650/2744/2862 3653/2747/2865 3654/2405/2866
f 3655/2748/2867 3649/2743/2861 3652/2746/2864
f 3649/2743/2861 3655/2748/2867 3653/2747/2865
f 3652/2746/2864 3651/2745/2863 3656/2749/2868
f 3652/2746/2864 3657/2750/2869 3655/2748/2867
f 3657/2750/2869 3652/2746/2864 3656/2749/2868
f 3644/2738/2856 3658/2751/2870 3651/2745/2863
f 3658/2751/2870 3656/2749/2868 3651/2745/2863
f 3644/2738/2856 3648/2742/2860 3658/2751/2870
f 3656/2749/2868 3659/2752/2871 3657/2750/2869
f 3658/2751/2870 3660/2753/2872 3656/2749/2868
f 3659/2752/2871 3656/2749/2868 3660/2753/2872
f 3661/2754/2873 3658/2751/2870 3648/2742/2860
f 3661/2754/2873 3660/2753/2872 3658/2751/2870
f 3646/2740/2858 3662/2755/2762 3648/2742/2860
f 3648/2742/2860 3662/2755/2762 3661/2754/2873
f 3662/2755/2762 3646/2740/2858 3663/2756/2874
f 3664/2757/2875 3662/2755/2762 3663/2756/2874
f 3664/2757/2875 3663/2756/2874 3665/2758/2876
f 3666/2757/2877 3661/2754/2873 3662/2755/2762
f 3666/2757/2877 3662/2755/2762 3664/2757/2875
f 3665/2758/2876 3667/2759/2878 3664/2757/2875
f 3667/2759/2878 3665/2758/2876 3668/2759/2879
f 3668/2759/2879 3669/2335/2880 3667/2759/2878
f 3664/2757/2875 3670/2759/2881 3666/2757/2877
f 3670/2759/2881 3664/2757/2875 3667/2759/2878
f 3661/2754/2873 3666/2757/2877 3671/2758/2882
f 3670/2759/2881 3671/2758/2882 3666/2757/2877
f 3661/2754/2873 3672/2760/2883 3660/2753/2872
f 3672/2760/2883 3661/2754/2873 3671/2758/2882
f 3673/2761/2884 3660/2753/2872 3672/2760/2883
f 3660/2753/2872 3673/2761/2884 3659/2752/2871
f 3672/2760/2883 3671/2758/2882 3674/2762/2885
f 3673/2761/2884 3675/2763/2886 3659/2752/2871
f 3675/2763/2886 3657/2750/2869 3659/2752/2871
f 3676/2764/2887 3673/2761/2884 3672/2760/2883
f 3672/2760/2883 3674/2762/2885 3676/2764/2887
f 3675/2763/2886 3677/2765/2888 3657/2750/2869
f 3677/2765/2888 3655/2748/2867 3657/2750/2869
f 3677/2765/2888 3653/2747/2865 3655/2748/2867
f 3675/2763/2886 3673/2761/2884 3678/2766/2889
f 3653/2747/2865 3677/2765/2888 3679/2767/2890
f 3679/2767/2890 3654/2405/2866 3653/2747/2865
f 3654/2405/2866 3679/2767/2890 3680/2768/2891
f 3679/2767/2890 3681/2769/2892 3680/2768/2891
f 3682/2765/2893 3677/2765/2888 3675/2763/2886
f 3678/2766/2889 3682/2765/2893 3675/2763/2886
f 3683/2377/2894 3679/2767/2890 3677/2765/2888
f 3677/2765/2888 3682/2765/2893 3683/2377/2894
f 3681/2769/2892 3679/2767/2890 3684/2770/2895
f 3679/2767/2890 3683/2377/2894 3684/2770/2895
f 3684/2770/2895 3685/2771/2896 3681/2769/2892
f 3682/2765/2893 3686/2772/2897 3683/2377/2894
f 3685/2771/2896 3684/2770/2895 3687/2773/2898
f 3683/2377/2894 3688/2774/2899 3684/2770/2895
f 3687/2773/2898 3684/2770/2895 3688/2774/2899
f 3688/2774/2899 3683/2377/2894 3686/2772/2897
f 3687/2773/2898 3689/2775/2900 3685/2771/2896
f 3689/2775/2900 3690/2776/2901 3685/2771/2896
f 3691/2777/2902 3687/2773/2898 3688/2774/2899
f 3687/2773/2898 3691/2777/2902 3689/2775/2900
f 3689/2775/2900 3692/2778/2903 3690/2776/2901
f 3693/2779/2904 3690/2776/2901 3692/2778/2903
f 3692/2778/2903 3689/2775/2900 3691/2777/2902
f 3692/2778/2903 3691/2777/2902 3694/2780/2905
f 3688/2774/2899 3695/2781/2906 3691/2777/2902
f 3691/2777/2902 3695/2781/2906 3694/2780/2905
f 3695/2781/2906 3688/2774/2899 3686/2772/2897
f 3694/2780/2905 3695/2781/2906 3696/2782/2907
f 3694/2780/2905 3696/2782/2907 3697/2783/2908
f 3698/2784/2909 3695/2781/2906 3686/2772/2897
f 3695/2781/2906 3698/2784/2909 3696/2782/2907
f 3682/2765/2893 3698/2784/2909 3686/2772/2897
f 3697/2783/2908 3696/2782/2907 3699/2785/2910
f 3698/2784/2909 3699/2785/2910 3696/2782/2907
f 3697/2783/2908 3699/2785/2910 3700/2786/2911
f 3698/2784/2909 3682/2765/2893 3701/2787/2912
f 3699/2785/2910 3698/2784/2909 3701/2787/2912
f 3682/2765/2893 3678/2766/2889 3701/2787/2912
f 3701/2787/2912 3678/2766/2889 3699/2785/2910
f 3678/2766/2889 3673/2761/2884 3699/2785/2910
f 3673/2761/2884 3676/2764/2887 3699/2785/2910
f 3700/2786/2911 3699/2785/2910 3676/2764/2887
f 3676/2764/2887 3674/2762/2885 3700/2786/2911
f 3702/2788/2913 3700/2786/2911 3674/2762/2885
f 3702/2788/2913 3674/2762/2885 3703/2789/2914
f 3671/2758/2882 3703/2789/2914 3674/2762/2885
f 3704/2790/2915 3702/2788/2913 3703/2789/2914
f 3705/1998/2916 3702/2788/2913 3704/2790/2915
f 3703/2789/2914 3671/2758/2882 3706/2759/2917
f 3671/2758/2882 3670/2759/2881 3706/2759/2917
f 3707/2791/2918 3703/2789/2914 3706/2759/2917
f 3703/2789/2914 3707/2791/2918 3704/2790/2915
f 3708/2335/2919 3706/2759/2917 3670/2759/2881
f 3706/2759/2917 3708/2335/2919 3707/2791/2918
f 3667/2759/2878 3708/2335/2919 3670/2759/2881
f 3705/1998/2916 3704/2790/2915 3709/1823/2920
f 3709/1823/2920 3710/2792/2921 3705/1998/2916
f 3708/2335/2919 3667/2759/2878 3711/2335/2922
f 3711/2335/2922 3667/2759/2878 3669/2335/2880
f 3711/2335/2922 3712/1382/2923 3708/2335/2919
f 3712/1382/2923 3707/2791/2918 3708/2335/2919
f 3669/2335/2880 3713/1382/1441 3711/2335/2922
f 3712/1382/2923 3711/2335/2922 3713/1382/1441
f 3713/1382/1441 3669/2335/2880 3714/1382/2924
f 3714/1382/2924 3715/2793/2925 3713/1382/1441
f 3707/2791/2918 3712/1382/2923 3716/6/2926
f 3716/6/2926 3704/2790/2915 3707/2791/2918
f 3704/2790/2915 3716/6/2926 3709/1823/2920
f 3713/1382/1441 3717/2793/2927 3712/1382/2923
f 3717/2793/2927 3716/6/2926 3712/1382/2923
f 3718/2793/1420 3713/1382/1441 3715/2793/2925
f 3717/2793/2927 3713/1382/1441 3718/2793/1420
f 3715/2793/2925 3719/2489/2928 3718/2793/1420
f 3716/6/2926 3717/2793/2927 3720/2794/2929
f 3720/2794/2929 3709/1823/2920 3716/6/2926
f 3718/2793/1420 3721/2489/2930 3717/2793/2927
f 3721/2489/2930 3720/2794/2929 3717/2793/2927
f 3722/2489/2931 3718/2793/1420 3719/2489/2928
f 3721/2489/2930 3718/2793/1420 3722/2489/2931
f 3719/2489/2928 3723/2795/2932 3722/2489/2931
f 3709/1823/2920 3720/2794/2929 3724/2796/2933
f 3710/2792/2921 3709/1823/2920 3724/2796/2933
f 3724/2796/2933 3725/2797/2934 3710/2792/2921
f 3720/2794/2929 3721/2489/2930 3726/2798/2935
f 3726/2798/2935 3724/2796/2933 3720/2794/2929
f 3725/2797/2934 3724/2796/2933 3727/2799/2936
f 3724/2796/2933 3726/2798/2935 3727/2799/2936
f 3727/2799/2936 3728/2800/2937 3725/2797/2934
f 3729/2795/2938 3726/2798/2935 3721/2489/2930
f 3722/2489/2931 3729/2795/2938 3721/2489/2930
f 3730/2795/2939 3727/2799/2936 3726/2798/2935
f 3726/2798/2935 3729/2795/2938 3730/2795/2939
f 3728/2800/2937 3727/2799/2936 3731/2473/2940
f 3727/2799/2936 3730/2795/2939 3731/2473/2940
f 3729/2795/2938 3722/2489/2931 3732/2795/2941
f 3732/2795/2941 3722/2489/2931 3723/2795/2932
f 3729/2795/2938 3733/2801/2942 3730/2795/2939
f 3731/2473/2940 3730/2795/2939 3733/2801/2942
f 3732/2795/2941 3734/2802/2943 3729/2795/2938
f 3733/2801/2942 3729/2795/2938 3734/2802/2943
f 3723/2795/2932 3735/2802/2944 3732/2795/2941
f 3734/2802/2943 3732/2795/2941 3735/2802/2944
f 3735/2802/2944 3723/2795/2932 3736/2802/2945
f 3737/2803/2946 3735/2802/2944 3736/2802/2945
f 3735/2802/2944 3737/2803/2946 3738/2804/2947
f 3735/2802/2944 3738/2804/2947 3734/2802/2943
f 3739/2804/2948 3738/2804/2947 3737/2803/2946
f 3740/2805/2949 3738/2804/2947 3739/2804/2948
f 3741/2806/2116 3738/2804/2947 3740/2805/2949
f 3740/2805/2949 3742/2807/2950 3741/2806/2116
f 3743/2804/2951 3734/2802/2943 3738/2804/2947
f 3741/2806/2116 3743/2804/2951 3738/2804/2947
f 3744/2808/2952 3734/2802/2943 3743/2804/2951
f 3734/2802/2943 3744/2808/2952 3733/2801/2942
f 3745/2809/2953 3741/2806/2116 3742/2807/2950
f 3742/2807/2950 3746/2810/2954 3745/2809/2953
f 3743/2804/2951 3741/2806/2116 3747/2811/2955
f 3747/2811/2955 3741/2806/2116 3745/2809/2953
f 3743/2804/2951 3748/2812/2956 3744/2808/2952
f 3748/2812/2956 3743/2804/2951 3747/2811/2955
f 3733/2801/2942 3744/2808/2952 3749/2813/2957
f 3744/2808/2952 3748/2812/2956 3749/2813/2957
f 3749/2813/2957 3731/2473/2940 3733/2801/2942
f 3731/2473/2940 3749/2813/2957 3728/2800/2937
f 3728/2800/2937 3749/2813/2957 3750/2813/2958
f 3747/2811/2955 3751/2806/2959 3748/2812/2956
f 3751/2806/2959 3747/2811/2955 3752/2814/2960
f 3752/2814/2960 3747/2811/2955 3745/2809/2953
f 3753/2809/2952 3748/2812/2956 3751/2806/2959
f 3752/2814/2960 3753/2809/2952 3751/2806/2959
f 3749/2813/2957 3748/2812/2956 3753/2809/2952
f 3754/2815/1085 3752/2814/2960 3745/2809/2953
f 3745/2809/2953 3746/2810/2954 3754/2815/1085
f 3752/2814/2960 3754/2815/1085 3755/2816/2961
f 3753/2809/2952 3752/2814/2960 3755/2816/2961
f 3746/2810/2954 3756/2817/2962 3754/2815/1085
f 3756/2817/2962 3755/2816/2961 3754/2815/1085
f 3756/2817/2962 3746/2810/2954 3757/2818/2963
f 3758/2819/2964 3756/2817/2962 3757/2818/2963
f 3755/2816/2961 3756/2817/2962 3759/2820/2965
f 3756/2817/2962 3758/2819/2964 3760/2821/2966
f 3760/2821/2966 3759/2820/2965 3756/2817/2962
f 3761/1043/2967 3760/2821/2966 3758/2819/2964
f 3759/2820/2965 3762/2822/2968 3755/2816/2961
f 3762/2822/2968 3753/2809/2952 3755/2816/2961
f 3760/2821/2966 3761/1043/2967 3763/2823/2969
f 3761/1043/2967 3764/2824/2970 3763/2823/2969
f 3759/2820/2965 3760/2821/2966 3765/2818/2971
f 3763/2823/2969 3765/2818/2971 3760/2821/2966
f 3759/2820/2965 3765/2818/2971 3762/2822/2968
f 3764/2824/2970 3766/2825/2972 3763/2823/2969
f 3765/2818/2971 3763/2823/2969 3766/2825/2972
f 3762/2822/2968 3767/2826/2973 3753/2809/2952
f 3749/2813/2957 3753/2809/2952 3767/2826/2973
f 3768/2827/2974 3762/2822/2968 3765/2818/2971
f 3766/2825/2972 3768/2827/2974 3765/2818/2971
f 3769/2828/2975 3767/2826/2973 3762/2822/2968
f 3769/2828/2975 3749/2813/2957 3767/2826/2973
f 3769/2828/2975 3762/2822/2968 3768/2827/2974
f 3749/2813/2957 3769/2828/2975 3750/2813/2958
f 3770/2827/2976 3750/2813/2958 3769/2828/2975
f 3770/2827/2976 3769/2828/2975 3768/2827/2974
f 3771/2828/2977 3750/2813/2958 3770/2827/2976
f 3772/2829/457 3771/2828/2977 3770/2827/2976
f 3770/2827/2976 3768/2827/2974 3773/2830/2978
f 3773/2830/2978 3772/2829/457 3770/2827/2976
f 3766/2825/2972 3773/2830/2978 3768/2827/2974
f 3773/2830/2978 3774/2831/2979 3772/2829/457
f 3773/2830/2978 3766/2825/2972 3775/2832/2980
f 3775/2832/2980 3774/2831/2979 3773/2830/2978
f 3766/2825/2972 3764/2824/2970 3775/2832/2980
f 3775/2832/2980 3776/2833/2981 3774/2831/2979
f 3776/2833/2981 3775/2832/2980 3764/2824/2970
f 3413/2555/2654 3777/2834/2982 3778/2835/2002
f 3777/2834/2982 3413/2555/2654 3415/2556/2656
f 3777/2834/2982 3779/2836/2002 3778/2835/2002
f 3415/2556/2656 3780/2837/2983 3777/2834/2982
f 3780/2837/2983 3415/2556/2656 3418/2559/2657
f 3418/2559/2657 3423/2564/2661 3780/2837/2983
f 3779/2836/2002 3777/2834/2982 3781/2838/2984
f 3782/2839/2985 3779/2836/2002 3781/2838/2984
f 3781/2838/2984 3783/2840/2986 3782/2839/2985
f 3781/2838/2984 3777/2834/2982 3784/2841/2987
f 3783/2840/2986 3781/2838/2984 3784/2841/2987
f 3784/2841/2987 3777/2834/2982 3780/2837/2983
f 3785/2842/2987 3783/2840/2986 3784/2841/2987
f 3780/2837/2983 3785/2842/2987 3784/2841/2987
f 3785/2842/2987 3780/2837/2983 3423/2564/2661
f 3783/2840/2986 3785/2842/2987 3786/2843/2988
f 3423/2564/2661 3787/2844/2989 3785/2842/2987
f 3785/2842/2987 3788/2845/2990 3786/2843/2988
f 3785/2842/2987 3787/2844/2989 3788/2845/2990
f 3786/2843/2988 3788/2845/2990 3789/2846/2991
f 3787/2844/2989 3423/2564/2661 3429/2568/2666
f 3787/2844/2989 3790/2847/2992 3788/2845/2990
f 3788/2845/2990 3790/2847/2992 3789/2846/2991
f 3787/2844/2989 3429/2568/2666 3791/2848/2993
f 3791/2848/2993 3790/2847/2992 3787/2844/2989
f 3791/2848/2993 3429/2568/2666 3792/2849/2994
f 3429/2568/2666 3430/2569/2667 3792/2849/2994
f 3790/2847/2992 3791/2848/2993 3793/2850/2995
f 3794/2851/2996 3792/2849/2994 3430/2569/2667
f 3430/2569/2667 3431/2570/2668 3794/2851/2996
f 3792/2849/2994 3795/2852/2997 3791/2848/2993
f 3795/2852/2997 3793/2850/2995 3791/2848/2993
f 3789/2846/2991 3790/2847/2992 3796/2853/2992
f 3796/2853/2992 3790/2847/2992 3793/2850/2995
f 3797/2854/2998 3789/2846/2991 3796/2853/2992
f 3789/2846/2991 3797/2854/2998 3798/2855/2999
f 3793/2850/2995 3799/2856/3000 3796/2853/2992
f 3798/2855/2999 3797/2854/2998 3800/2855/3001
f 3798/2855/2999 3800/2855/3001 3801/2857/1899
f 3796/2853/2992 3802/2858/3002 3797/2854/2998
f 3802/2858/3002 3796/2853/2992 3799/2856/3000
f 3803/2859/3003 3800/2855/3001 3797/2854/2998
f 3797/2854/2998 3802/2858/3002 3803/2859/3003
f 3804/2860/3004 3801/2857/1899 3800/2855/3001
f 3804/2860/3004 3805/2861/3005 3801/2857/1899
f 3806/2862/3006 3804/2860/3004 3800/2855/3001
f 3803/2859/3003 3806/2862/3006 3800/2855/3001
f 3805/2861/3005 3804/2860/3004 3807/2863/3004
f 3806/2862/3006 3807/2863/3004 3804/2860/3004
f 3807/2863/3004 3808/2864/3007 3805/2861/3005
f 3807/2863/3004 3809/2865/3008 3808/2864/3007
f 3810/2866/3009 3806/2862/3006 3803/2859/3003
f 3807/2863/3004 3811/2867/3010 3809/2865/3008
f 3812/2868/3011 3810/2866/3009 3803/2859/3003
f 3812/2868/3011 3803/2859/3003 3802/2858/3002
f 3807/2863/3004 3806/2862/3006 3813/2869/3012
f 3802/2858/3002 3814/2870/3013 3812/2868/3011
f 3799/2856/3000 3814/2870/3013 3802/2858/3002
f 3815/2871/3014 3807/2863/3004 3813/2869/3012
f 3807/2863/3004 3815/2871/3014 3811/2867/3010
f 3813/2869/3012 3806/2862/3006 3816/2872/3015
f 3816/2872/3015 3815/2871/3014 3813/2869/3012
f 3810/2866/3009 3816/2872/3015 3806/2862/3006
f 3817/2873/3013 3814/2870/3013 3799/2856/3000
f 3793/2850/2995 3817/2873/3013 3799/2856/3000
f 3793/2850/2995 3795/2852/2997 3817/2873/3013
f 3814/2870/3013 3817/2873/3013 3818/2874/188
f 3818/2874/188 3817/2873/3013 3795/2852/2997
f 3819/2875/10 3814/2870/3013 3818/2874/188
f 3819/2875/10 3812/2868/3011 3814/2870/3013
f 3820/2876/10 3810/2866/3009 3812/2868/3011
f 3820/2876/10 3812/2868/3011 3819/2875/10
f 3821/2874/10 3819/2875/10 3818/2874/188
f 3820/2876/10 3819/2875/10 3822/2877/10
f 3822/2877/10 3819/2875/10 3821/2874/10
f 3823/2878/3016 3810/2866/3009 3820/2876/10
f 3810/2866/3009 3823/2878/3016 3816/2872/3015
f 3824/2879/10 3820/2876/10 3822/2877/10
f 3825/2880/3017 3822/2877/10 3821/2874/10
f 3826/2881/3018 3824/2879/10 3822/2877/10
f 3822/2877/10 3825/2880/3017 3826/2881/3018
f 3824/2879/10 3826/2881/3018 3827/2882/3019
f 3828/2883/10 3825/2880/3017 3821/2874/10
f 3828/2883/10 3821/2874/10 3818/2874/188
f 3825/2880/3017 3828/2883/10 3829/2884/3020
f 3828/2883/10 3830/2885/3021 3829/2884/3020
f 3818/2874/188 3831/2886/3022 3828/2883/10
f 3830/2885/3021 3828/2883/10 3831/2886/3022
f 3818/2874/188 3795/2852/2997 3831/2886/3022
f 3831/2886/3022 3832/2887/3023 3830/2885/3021
f 3832/2887/3023 3831/2886/3022 3833/2888/3022
f 3831/2886/3022 3795/2852/2997 3833/2888/3022
f 3834/2889/3024 3832/2887/3023 3833/2888/3022
f 3835/2890/3025 3834/2889/3024 3833/2888/3022
f 3833/2888/3022 3795/2852/2997 3835/2890/3025
f 3835/2890/3025 3836/2891/3026 3834/2889/3024
f 3836/2891/3026 3835/2890/3025 3837/2892/3025
f 3835/2890/3025 3795/2852/2997 3837/2892/3025
f 3836/2891/3026 3837/2892/3025 3838/2893/3027
f 3838/2893/3027 3837/2892/3025 3839/2894/3025
f 3795/2852/2997 3839/2894/3025 3837/2892/3025
f 3840/2895/3028 3838/2893/3027 3839/2894/3025
f 3795/2852/2997 3840/2895/3028 3839/2894/3025
f 3838/2893/3027 3840/2895/3028 3841/2896/3029
f 3840/2895/3028 3842/2897/3030 3841/2896/3029
f 3842/2897/3030 3840/2895/3028 3843/2898/3028
f 3843/2898/3028 3840/2895/3028 3795/2852/2997
f 3843/2898/3028 3844/2896/3031 3842/2897/3030
f 3844/2896/3031 3843/2898/3028 3845/2898/3032
f 3845/2898/3032 3843/2898/3028 3795/2852/2997
f 3845/2898/3032 3846/2899/3033 3844/2896/3031
f 3847/2900/3034 3845/2898/3032 3795/2852/2997
f 3795/2852/2997 3792/2849/2994 3847/2900/3034
f 3846/2899/3033 3845/2898/3032 3848/2901/3032
f 3845/2898/3032 3847/2900/3034 3848/2901/3032
f 3849/1735/3032 3846/2899/3033 3848/2901/3032
f 3848/2901/3032 3847/2900/3034 3849/1735/3032
f 3846/2899/3033 3849/1735/3032 3850/2902/3035
f 3792/2849/2994 3794/2851/2996 3847/2900/3034
f 3849/1735/3032 3851/2903/3032 3850/2902/3035
f 3847/2900/3034 3851/2903/3032 3849/1735/3032
f 3852/2904/3036 3850/2902/3035 3851/2903/3032
f 3853/2905/3032 3852/2904/3036 3851/2903/3032
f 3853/2905/3032 3851/2903/3032 3847/2900/3034
f 3852/2904/3036 3853/2905/3032 3854/2906/3037
f 3855/2907/3038 3854/2906/3037 3853/2905/3032
f 3854/2906/3037 3855/2907/3038 3856/2908/3039
f 3857/2909/2508 3856/2908/3039 3855/2907/3038
f 3856/2908/3039 3857/2909/2508 3858/2910/3040
f 3857/2909/2508 3859/2911/3041 3858/2910/3040
f 3859/2911/3041 3857/2909/2508 3860/2912/3042
f 3860/2912/3042 3861/2913/3043 3859/2911/3041
f 3857/2909/2508 3855/2907/3038 3862/2914/3044
f 3861/2913/3043 3860/2912/3042 3863/2915/3045
f 3857/2909/2508 3864/2916/3045 3860/2912/3042
f 3862/2914/3044 3864/2916/3045 3857/2909/2508
f 3863/2915/3045 3865/2917/3045 3861/2913/3043
f 3865/2917/3045 3866/2912/3046 3861/2913/3043
f 3867/2918/3045 3863/2915/3045 3860/2912/3042
f 3867/2918/3045 3860/2912/3042 3864/2916/3045
f 3868/2917/3047 3866/2912/3046 3865/2917/3045
f 3866/2912/3046 3868/2917/3047 3869/2919/3048
f 3863/2915/3045 3823/2878/3016 3865/2917/3045
f 3868/2917/3047 3865/2917/3045 3823/2878/3016
f 3867/2918/3045 3823/2878/3016 3863/2915/3045
f 3870/2920/3049 3869/2919/3048 3868/2917/3047
f 3823/2878/3016 3870/2920/3049 3868/2917/3047
f 3871/2921/3050 3869/2919/3048 3870/2920/3049
f 3872/2922/3049 3871/2921/3050 3870/2920/3049
f 3872/2922/3049 3870/2920/3049 3823/2878/3016
f 3871/2921/3050 3872/2922/3049 3873/2923/3051
f 3874/2924/10 3873/2923/3051 3872/2922/3049
f 3874/2924/10 3872/2922/3049 3823/2878/3016
f 3873/2923/3051 3874/2924/10 3875/2876/3052
f 3874/2924/10 3827/2882/3019 3875/2876/3052
f 3827/2882/3019 3874/2924/10 3824/2879/10
f 3874/2924/10 3820/2876/10 3824/2879/10
f 3820/2876/10 3874/2924/10 3823/2878/3016
f 3867/2918/3045 3876/2925/3053 3823/2878/3016
f 3823/2878/3016 3876/2925/3053 3877/2926/3027
f 3877/2926/3027 3816/2872/3015 3823/2878/3016
f 3816/2872/3015 3877/2926/3027 3878/2927/3054
f 3815/2871/3014 3816/2872/3015 3878/2927/3054
f 3876/2925/3053 3879/2928/3055 3877/2926/3027
f 3878/2927/3054 3877/2926/3027 3879/2928/3055
f 3878/2927/3054 3880/2871/3055 3815/2871/3014
f 3879/2928/3055 3881/2929/3055 3878/2927/3054
f 3880/2871/3055 3878/2927/3054 3881/2929/3055
f 3882/2930/3056 3815/2871/3014 3880/2871/3055
f 3815/2871/3014 3882/2930/3056 3811/2867/3010
f 3880/2871/3055 3881/2929/3055 3883/2931/3057
f 3881/2929/3055 3879/2928/3055 3883/2931/3057
f 3882/2930/3056 3880/2871/3055 3883/2931/3057
f 3884/2932/3056 3879/2928/3055 3876/2925/3053
f 3879/2928/3055 3884/2932/3056 3883/2931/3057
f 3811/2867/3010 3882/2930/3056 3885/2933/3058
f 3811/2867/3010 3885/2933/3058 3809/2865/3008
f 3886/2934/3059 3809/2865/3008 3885/2933/3058
f 3887/2935/3060 3886/2934/3059 3885/2933/3058
f 3887/2935/3060 3885/2933/3058 3888/2936/3061
f 3888/2936/3061 3889/2937/3062 3887/2935/3060
f 3882/2930/3056 3890/2938/3063 3885/2933/3058
f 3885/2933/3058 3890/2938/3063 3888/2936/3061
f 3890/2938/3063 3882/2930/3056 3883/2931/3057
f 3889/2937/3062 3888/2936/3061 3891/2939/3064
f 3888/2936/3061 3890/2938/3063 3891/2939/3064
f 3892/2940/3065 3889/2937/3062 3891/2939/3064
f 3891/2939/3064 3890/2938/3063 3892/2940/3065
f 3889/2937/3062 3892/2940/3065 3893/2941/3066
f 3894/2931/3067 3892/2940/3065 3890/2938/3063
f 3892/2940/3065 3895/2942/3068 3893/2941/3066
f 3894/2931/3067 3895/2942/3068 3892/2940/3065
f 3895/2942/3068 3896/2943/3069 3893/2941/3066
f 3897/2944/3070 3894/2931/3067 3890/2938/3063
f 3883/2931/3057 3897/2944/3070 3890/2938/3063
f 3898/2945/3071 3896/2943/3069 3895/2942/3068
f 3896/2943/3069 3898/2945/3071 3899/2946/3072
f 3900/2947/3073 3899/2946/3072 3898/2945/3071
f 3899/2946/3072 3900/2947/3073 3901/2948/3074
f 3902/2949/3075 3900/2947/3073 3898/2945/3071
f 3902/2949/3075 3898/2945/3071 3895/2942/3068
f 3900/2947/3073 3903/2950/3076 3901/2948/3074
f 3902/2949/3075 3903/2950/3076 3900/2947/3073
f 3904/2951/3077 3901/2948/3074 3903/2950/3076
f 3905/2952/3075 3904/2951/3077 3903/2950/3076
f 3902/2949/3075 3905/2952/3075 3903/2950/3076
f 3904/2951/3077 3905/2952/3075 3906/2952/3078
f 3895/2942/3068 3907/2953/3079 3902/2949/3075
f 3905/2952/3075 3908/2954/3080 3906/2952/3078
f 3909/2954/3081 3906/2952/3078 3908/2954/3080
f 3908/2954/3080 3910/2955/3082 3909/2954/3081
f 3895/2942/3068 3911/2956/3083 3907/2953/3079
f 3911/2956/3083 3895/2942/3068 3894/2931/3067
f 3910/2955/3082 3908/2954/3080 3912/2955/3084
f 3912/2955/3084 3913/2957/3085 3910/2955/3082
f 3914/2958/3057 3911/2956/3083 3894/2931/3067
f 3897/2944/3070 3914/2958/3057 3894/2931/3067
f 3913/2957/3085 3912/2955/3084 3915/1766/3086
f 3915/1766/3086 3916/2959/3087 3913/2957/3085
f 3908/2954/3080 3917/2955/3088 3912/2955/3084
f 3915/1766/3086 3912/2955/3084 3917/2955/3088
f 3916/2959/3087 3915/1766/3086 3918/2960/3089
f 3918/2960/3089 3919/2961/3090 3916/2959/3087
f 3917/2955/3088 3920/1703/3091 3915/1766/3086
f 3918/2960/3089 3915/1766/3086 3920/1703/3091
f 3917/2955/3088 3908/2954/3080 3921/2962/3092
f 3905/2952/3075 3921/2962/3092 3908/2954/3080
f 3919/2961/3090 3918/2960/3089 3922/2963/3093
f 3922/2963/3093 3527/2641/2754 3919/2961/3090
f 3527/2641/2754 3922/2963/3093 3524/2638/2751
f 3922/2963/3093 3918/2960/3089 3923/2964/3094
f 3920/1703/3091 3923/2964/3094 3918/2960/3089
f 3524/2638/2751 3922/2963/3093 3924/1700/3095
f 3923/2964/3094 3924/1700/3095 3922/2963/3093
f 3924/1700/3095 3925/2965/3096 3524/2638/2751
f 3516/2630/2744 3524/2638/2751 3925/2965/3096
f 3514/2628/2742 3516/2630/2744 3925/2965/3096
f 3926/2966/3097 3514/2628/2742 3925/2965/3096
f 3925/2965/3096 3924/1700/3095 3926/2966/3097
f 3513/2627/2741 3514/2628/2742 3926/2966/3097
f 3924/1700/3095 3923/2964/3094 3927/2967/3098
f 3927/2967/3098 3926/2966/3097 3924/1700/3095
f 3926/2966/3097 3928/2968/3099 3513/2627/2741
f 3928/2968/3099 3926/2966/3097 3927/2967/3098
f 3503/2614/2731 3513/2627/2741 3928/2968/3099
f 3923/2964/3094 3929/2969/3100 3927/2967/3098
f 3929/2969/3100 3923/2964/3094 3920/1703/3091
f 3927/2967/3098 3930/2611/3101 3928/2968/3099
f 3930/2611/3101 3927/2967/3098 3929/2969/3100
f 3928/2968/3099 3931/2611/3102 3503/2614/2731
f 3931/2611/3102 3928/2968/3099 3930/2611/3101
f 3492/2611/2720 3503/2614/2731 3931/2611/3102
f 3931/2611/3102 3494/2613/2722 3492/2611/2720
f 3494/2613/2722 3931/2611/3102 3932/2613/3103
f 3930/2611/3101 3932/2613/3103 3931/2611/3102
f 3932/2613/3103 3496/2188/2724 3494/2613/2722
f 3929/2969/3100 3933/2613/3104 3930/2611/3101
f 3932/2613/3103 3930/2611/3101 3933/2613/3104
f 3932/2613/3103 3934/2188/3105 3496/2188/2724
f 3934/2188/3105 3498/2586/2726 3496/2188/2724
f 3935/2188/3106 3932/2613/3103 3933/2613/3104
f 3932/2613/3103 3935/2188/3106 3934/2188/3105
f 3933/2613/3104 3929/2969/3100 3936/2970/3107
f 3933/2613/3104 3936/2970/3107 3935/2188/3106
f 3920/1703/3091 3936/2970/3107 3929/2969/3100
f 3936/2970/3107 3920/1703/3091 3917/2955/3088
f 3921/2962/3092 3936/2970/3107 3917/2955/3088
f 3498/2586/2726 3934/2188/3105 3937/2586/3108
f 3937/2586/3108 3934/2188/3105 3935/2188/3106
f 3936/2970/3107 3921/2962/3092 3938/2971/3109
f 3938/2971/3109 3935/2188/3106 3936/2970/3107
f 3939/2585/3110 3498/2586/2726 3937/2586/3108
f 3498/2586/2726 3939/2585/3110 3453/2585/2687
f 3937/2586/3108 3935/2188/3106 3940/2586/3111
f 3939/2585/3110 3937/2586/3108 3940/2586/3111
f 3940/2586/3111 3935/2188/3106 3938/2971/3109
f 3939/2585/3110 3941/2583/3112 3453/2585/2687
f 3451/2583/2685 3453/2585/2687 3941/2583/3112
f 3939/2585/3110 3940/2586/3111 3942/2972/3113
f 3940/2586/3111 3938/2971/3109 3942/2972/3113
f 3941/2583/3112 3939/2585/3110 3942/2972/3113
f 3943/2973/3092 3938/2971/3109 3921/2962/3092
f 3921/2962/3092 3905/2952/3075 3943/2973/3092
f 3944/2670/3114 3942/2972/3113 3938/2971/3109
f 3938/2971/3109 3943/2973/3092 3944/2670/3114
f 3945/2974/3115 3943/2973/3092 3905/2952/3075
f 3945/2974/3115 3944/2670/3114 3943/2973/3092
f 3945/2974/3115 3905/2952/3075 3902/2949/3075
f 3946/2975/3116 3942/2972/3113 3944/2670/3114
f 3941/2583/3112 3942/2972/3113 3946/2975/3116
f 3944/2670/3114 3945/2974/3115 3947/2976/3117
f 3944/2670/3114 3947/2976/3117 3946/2975/3116
f 3948/2581/3118 3941/2583/3112 3946/2975/3116
f 3948/2581/3118 3946/2975/3116 3947/2976/3117
f 3949/2581/3119 3451/2583/2685 3941/2583/3112
f 3941/2583/3112 3948/2581/3118 3949/2581/3119
f 3451/2583/2685 3949/2581/3119 3448/2581/2682
f 3950/2977/3120 3948/2581/3118 3947/2976/3117
f 3949/2581/3119 3951/2978/3121 3448/2581/2682
f 3447/2580/2681 3448/2581/2682 3951/2978/3121
f 3952/2979/3122 3949/2581/3119 3948/2581/3118
f 3949/2581/3119 3952/2979/3122 3951/2978/3121
f 3948/2581/3118 3950/2977/3120 3952/2979/3122
f 3447/2580/2681 3951/2978/3121 3953/2980/3123
f 3953/2980/3123 3450/2582/2684 3447/2580/2681
f 3954/2981/3124 3951/2978/3121 3952/2979/3122
f 3951/2978/3121 3954/2981/3124 3953/2980/3123
f 3952/2979/3122 3955/2982/3124 3954/2981/3124
f 3950/2977/3120 3955/2982/3124 3952/2979/3122
f 3956/2983/3125 3953/2980/3123 3954/2981/3124
f 3954/2981/3124 3955/2982/3124 3956/2983/3125
f 3450/2582/2684 3953/2980/3123 3957/2984/3126
f 3953/2980/3123 3956/2983/3125 3957/2984/3126
f 3450/2582/2684 3957/2984/3126 3958/2985/2996
f 3958/2985/2996 3431/2570/2668 3450/2582/2684
f 3957/2984/3126 3959/2986/2996 3958/2985/2996
f 3958/2985/2996 3959/2986/2996 3431/2570/2668
f 3959/2986/2996 3957/2984/3126 3960/2987/3127
f 3959/2986/2996 3961/2988/3128 3431/2570/2668
f 3959/2986/2996 3960/2987/3127 3961/2988/3128
f 3961/2988/3128 3794/2851/2996 3431/2570/2668
f 3960/2987/3127 3957/2984/3126 3962/2989/3129
f 3957/2984/3126 3956/2983/3125 3962/2989/3129
f 3961/2988/3128 3960/2987/3127 3963/2990/3130
f 3962/2989/3129 3963/2990/3130 3960/2987/3127
f 3961/2988/3128 3964/2991/3131 3794/2851/2996
f 3964/2991/3131 3961/2988/3128 3963/2990/3130
f 3964/2991/3131 3965/2992/3132 3794/2851/2996
f 3794/2851/2996 3965/2992/3132 3847/2900/3034
f 3966/2993/3133 3964/2991/3131 3963/2990/3130
f 3964/2991/3131 3967/2986/3134 3965/2992/3132
f 3967/2986/3134 3964/2991/3131 3966/2993/3133
f 3965/2992/3132 3968/2994/2284 3847/2900/3034
f 3967/2986/3134 3968/2994/2284 3965/2992/3132
f 3969/2995/3135 3966/2993/3133 3963/2990/3130
f 3963/2990/3130 3962/2989/3129 3969/2995/3135
f 3970/2996/3136 3967/2986/3134 3966/2993/3133
f 3966/2993/3133 3969/2995/3135 3971/2997/3137
f 3970/2996/3136 3966/2993/3133 3971/2997/3137
f 3962/2989/3129 3972/2998/3138 3969/2995/3135
f 3972/2998/3138 3971/2997/3137 3969/2995/3135
f 3956/2983/3125 3973/2980/3125 3962/2989/3129
f 3972/2998/3138 3962/2989/3129 3973/2980/3125
f 3955/2982/3124 3973/2980/3125 3956/2983/3125
f 3974/2983/3136 3971/2997/3137 3972/2998/3138
f 3971/2997/3137 3974/2983/3136 3970/2996/3136
f 3972/2998/3138 3973/2980/3125 3975/2999/3139
f 3955/2982/3124 3975/2999/3139 3973/2980/3125
f 3972/2998/3138 3976/3000/3075 3974/2983/3136
f 3976/3000/3075 3972/2998/3138 3975/2999/3139
f 3975/2999/3139 3955/2982/3124 3977/3001/3140
f 3950/2977/3120 3977/3001/3140 3955/2982/3124
f 3976/3000/3075 3975/2999/3139 3978/3002/3141
f 3978/3002/3141 3975/2999/3139 3977/3001/3140
f 3977/3001/3140 3950/2977/3120 3979/3003/3142
f 3979/3003/3142 3978/3002/3141 3977/3001/3140
f 3947/2976/3117 3979/3003/3142 3950/2977/3120
f 3979/3003/3142 3947/2976/3117 3945/2974/3115
f 3945/2974/3115 3978/3002/3141 3979/3003/3142
f 3978/3002/3141 3945/2974/3115 3902/2949/3075
f 3978/3002/3141 3902/2949/3075 3980/3004/3076
f 3980/3004/3076 3976/3000/3075 3978/3002/3141
f 3980/3004/3076 3902/2949/3075 3907/2953/3079
f 3980/3004/3076 3981/3005/3143 3976/3000/3075
f 3976/3000/3075 3981/3005/3143 3974/2983/3136
f 3980/3004/3076 3907/2953/3079 3982/3006/3144
f 3980/3004/3076 3982/3006/3144 3981/3005/3143
f 3981/3005/3143 3983/2997/3145 3974/2983/3136
f 3983/2997/3145 3970/2996/3136 3974/2983/3136
f 3983/2997/3145 3967/2986/3134 3970/2996/3136
f 3967/2986/3134 3983/2997/3145 3984/3007/3146
f 3968/2994/2284 3967/2986/3134 3984/3007/3146
f 3983/2997/3145 3981/3005/3143 3985/3008/3143
f 3984/3007/3146 3986/3009/73 3968/2994/2284
f 3968/2994/2284 3986/3009/73 3847/2900/3034
f 3983/2997/3145 3987/3010/3147 3984/3007/3146
f 3986/3009/73 3984/3007/3146 3987/3010/3147
f 3983/2997/3145 3985/3008/3143 3987/3010/3147
f 3986/3009/73 3988/3007/3148 3847/2900/3034
f 3987/3010/3147 3988/3007/3148 3986/3009/73
f 3847/2900/3034 3988/3007/3148 3989/3011/3149
f 3988/3007/3148 3987/3010/3147 3990/3008/3150
f 3985/3008/3143 3990/3008/3150 3987/3010/3147
f 3990/3008/3150 3989/3011/3149 3988/3007/3148
f 3847/2900/3034 3989/3011/3149 3853/2905/3032
f 3985/3008/3143 3991/3012/3151 3990/3008/3150
f 3981/3005/3143 3991/3012/3151 3985/3008/3143
f 3982/3006/3144 3991/3012/3151 3981/3005/3143
f 3991/3012/3151 3992/3013/3152 3990/3008/3150
f 3989/3011/3149 3990/3008/3150 3992/3013/3152
f 3993/3014/3153 3991/3012/3151 3982/3006/3144
f 3991/3012/3151 3993/3014/3153 3992/3013/3152
f 3994/3015/3154 3989/3011/3149 3992/3013/3152
f 3993/3014/3153 3994/3015/3154 3992/3013/3152
f 3989/3011/3149 3995/3016/3155 3853/2905/3032
f 3989/3011/3149 3994/3015/3154 3995/3016/3155
f 3853/2905/3032 3995/3016/3155 3996/3017/3156
f 3996/3017/3156 3855/2907/3038 3853/2905/3032
f 3997/3018/3157 3995/3016/3155 3994/3015/3154
f 3995/3016/3155 3997/3018/3157 3996/3017/3156
f 3994/3015/3154 3993/3014/3153 3998/3019/3158
f 3998/3019/3158 3997/3018/3157 3994/3015/3154
f 3982/3006/3144 3998/3019/3158 3993/3014/3153
f 3996/3017/3156 3999/3020/3044 3855/2907/3038
f 3997/3018/3157 3999/3020/3044 3996/3017/3156
f 3855/2907/3038 3999/3020/3044 3862/2914/3044
f 3999/3020/3044 3997/3018/3157 4000/3021/3159
f 4000/3021/3159 3862/2914/3044 3999/3020/3044
f 3997/3018/3157 3998/3019/3158 4001/3022/3160
f 4001/3022/3160 4000/3021/3159 3997/3018/3157
f 4002/3023/3161 3998/3019/3158 3982/3006/3144
f 4001/3022/3160 3998/3019/3158 4002/3023/3161
f 3907/2953/3079 4002/3023/3161 3982/3006/3144
f 4002/3023/3161 3907/2953/3079 3911/2956/3083
f 3911/2956/3083 3914/2958/3057 4002/3023/3161
f 4002/3023/3161 4003/3024/3162 4001/3022/3160
f 4002/3023/3161 3914/2958/3057 4003/3024/3162
f 4000/3021/3159 4001/3022/3160 4004/3025/3163
f 4001/3022/3160 4003/3024/3162 4004/3025/3163
f 3862/2914/3044 4000/3021/3159 4005/2921/3164
f 4005/2921/3164 4000/3021/3159 4004/3025/3163
f 4005/2921/3164 3864/2916/3045 3862/2914/3044
f 4004/3025/3163 4006/3026/3057 4005/2921/3164
f 4004/3025/3163 4003/3024/3162 4006/3026/3057
f 3864/2916/3045 4005/2921/3164 4007/3027/3165
f 4006/3026/3057 4007/3027/3165 4005/2921/3164
f 3867/2918/3045 3864/2916/3045 4007/3027/3165
f 4003/3024/3162 4008/3028/3166 4006/3026/3057
f 4007/3027/3165 4009/3029/3167 3867/2918/3045
f 3867/2918/3045 4009/3029/3167 3876/2925/3053
f 4007/3027/3165 4006/3026/3057 4010/3030/3166
f 4007/3027/3165 4010/3030/3166 4009/3029/3167
f 4006/3026/3057 4008/3028/3166 4010/3030/3166
f 4009/3029/3167 4011/3031/3168 3876/2925/3053
f 4011/3031/3168 3884/2932/3056 3876/2925/3053
f 4009/3029/3167 4010/3030/3166 4012/3029/3169
f 4012/3029/3169 4011/3031/3168 4009/3029/3167
f 3884/2932/3056 4011/3031/3168 4013/2925/3170
f 3884/2932/3056 4013/2925/3170 3883/2931/3057
f 4011/3031/3168 4014/3032/3171 4013/2925/3170
f 4013/2925/3170 4014/3032/3171 3883/2931/3057
f 4014/3032/3171 4011/3031/3168 4012/3029/3169
f 4014/3032/3171 4015/3033/3172 3883/2931/3057
f 4012/3029/3169 4015/3033/3172 4014/3032/3171
f 3883/2931/3057 4015/3033/3172 4016/3034/3173
f 3883/2931/3057 4016/3034/3173 3897/2944/3070
f 4015/3033/3172 4012/3029/3169 4017/3035/3169
f 4017/3035/3169 4016/3034/3173 4015/3033/3172
f 4010/3030/3166 4017/3035/3169 4012/3029/3169
f 4017/3035/3169 4010/3030/3166 4008/3028/3166
f 3897/2944/3070 4016/3034/3173 4018/3036/3174
f 4016/3034/3173 4017/3035/3169 4018/3036/3174
f 4008/3028/3166 4018/3036/3174 4017/3035/3169
f 4018/3036/3174 4008/3028/3166 4003/3024/3162
f 4018/3036/3174 3914/2958/3057 3897/2944/3070
f 3914/2958/3057 4018/3036/3174 4003/3024/3162
usemtl e50:MI_Cabin_Leather_A_006
f 3104/2278/2398 3105/2279/2399 3106/2280/2400
f 3105/2279/2399 3104/2278/2398 3107/2281/2401
f 3107/2281/2401 3104/2278/2398 3108/2282/2402
f 3108/2282/2402 3109/2283/2402 3107/2281/2401
f 3110/2284/2403 3109/2283/2402 3108/2282/2402
f 3109/2283/2402 3110/2284/2403 3111/2285/2404
f 3112/2286/2405 3111/2285/2404 3110/2284/2403
f 3111/2285/2404 3112/2286/2405 3113/2287/1427
f 3114/2288/2406 3113/2287/1427 3112/2286/2405
f 3113/2287/1427 3114/2288/2406 3115/2289/2407
f 3116/2290/2408 3115/2289/2407 3114/2288/2406
f 3115/2289/2407 3116/2290/2408 3117/2291/2409
f 3118/2292/2410 3117/2291/2409 3116/2290/2408
f 3117/2291/2409 3118/2292/2410 3119/2293/2411
f 3120/2294/2412 3119/2293/2411 3118/2292/2410
f 3119/2293/2411 3120/2294/2412 3121/2295/2413
f 3122/2296/2414 3121/2295/2413 3120/2294/2412
f 3121/2295/2413 3122/2296/2414 3123/2297/2415
f 3124/2298/2416 3123/2297/2415 3122/2296/2414
f 3123/2297/2415 3124/2298/2416 3125/2299/2417
f 3124/2298/2416 3126/2300/2418 3125/2299/2417
f 3126/2300/2418 3124/2298/2416 3127/2301/2419
f 3128/2302/2420 3126/2300/2418 3127/2301/2419
f 3126/2300/2418 3128/2302/2420 3129/2303/2421
usemtl e50:MI_Cabin_Suede_A1
f 4019/1956/3175 4020/1956/3175 4021/1955/3175
f 4022/1954/3176 4021/1955/3176 4023/1939/3176
f 4024/1961/1985 4025/1955/1985 4026/1956/3177
f 4027/1939/1985 4025/1955/1985 4024/1961/1985
f 4028/1963/1986 4027/1939/1985 4024/1961/1985
f 4029/1935/3178 4027/1939/1985 4028/1963/1986
f 4030/1934/1985 4029/1935/3178 4028/1963/1986
f 4031/1995/1985 4030/1934/1985 4028/1963/1986
f 4032/1996/1985 4031/1995/1985 4028/1963/1986
f 4033/1967/1985 4032/1996/1985 4028/1963/1986
f 4034/3037/3179 4035/3038/3180 4036/3039/3181
f 4037/3040/3181 4036/3039/3181 4035/3038/3180
f 4038/3041/3182 4037/3040/3181 4035/3038/3180
f 4037/3040/3181 4039/3042/3181 4036/3039/3181
f 4036/3039/3181 4039/3042/3181 4040/3043/3181
f 4037/3040/3181 4038/3041/3182 4041/3044/3183
f 4041/3044/3183 4039/3042/3181 4037/3040/3181
f 4039/3042/3181 4042/3045/3184 4040/3043/3181
f 4041/3044/3183 4038/3041/3182 4043/3046/3185
f 4042/3045/3184 4039/3042/3181 4044/3047/3186
f 4044/3047/3186 4045/3048/3187 4042/3045/3184
f 4039/3042/3181 4041/3044/3183 4046/3049/3188
f 4046/3049/3188 4044/3047/3186 4039/3042/3181
f 4047/3050/3188 4041/3044/3183 4043/3046/3185
f 4046/3049/3188 4041/3044/3183 4047/3050/3188
f 4043/3046/3185 4048/3051/3189 4047/3050/3188
f 4048/3051/3189 4043/3046/3185 4049/2956/3190
f 4044/3047/3186 4046/3049/3188 4050/3052/3191
f 4049/2956/3190 4051/3053/3192 4048/3051/3189
f 4051/3053/3192 4049/2956/3190 4052/3054/3193
f 4052/3054/3193 4053/3055/3194 4051/3053/3192
f 4053/3055/3194 4054/3056/3195 4051/3053/3192
f 4051/3053/3192 4055/3057/3192 4048/3051/3189
f 4055/3057/3192 4047/3050/3188 4048/3051/3189
f 4051/3053/3192 4054/3056/3195 4056/3058/3192
f 4055/3057/3192 4051/3053/3192 4056/3058/3192
f 4054/3056/3195 4057/3059/3196 4056/3058/3192
f 4047/3050/3188 4058/3060/3183 4046/3049/3188
f 4047/3050/3188 4055/3057/3192 4058/3060/3183
f 4058/3060/3183 4050/3052/3191 4046/3049/3188
f 4059/3061/3197 4056/3058/3192 4057/3059/3196
f 4060/3062/3198 4059/3061/3197 4057/3059/3196
f 4056/3058/3192 4061/3063/3199 4055/3057/3192
f 4061/3063/3199 4056/3058/3192 4059/3061/3197
f 4059/3061/3197 4060/3062/3198 4062/3064/3200
f 4063/3065/3201 4062/3064/3200 4060/3062/3198
f 4059/3061/3197 4064/3066/3202 4061/3063/3199
f 4064/3066/3202 4059/3061/3197 4062/3064/3200
f 4065/3067/3188 4055/3057/3192 4061/3063/3199
f 4055/3057/3192 4065/3067/3188 4058/3060/3183
f 4061/3063/3199 4064/3066/3202 4066/3068/3188
f 4061/3063/3199 4066/3068/3188 4065/3067/3188
f 4062/3064/3200 4063/3065/3201 4067/3069/3203
f 4067/3069/3203 4063/3065/3201 4068/3070/3204
f 4062/3064/3200 4069/3071/3205 4064/3066/3202
f 4069/3071/3205 4062/3064/3200 4067/3069/3203
f 4064/3066/3202 4070/3072/3188 4066/3068/3188
f 4064/3066/3202 4069/3071/3205 4070/3072/3188
f 4066/3068/3188 4071/3073/3188 4065/3067/3188
f 4070/3072/3188 4071/3073/3188 4066/3068/3188
f 4065/3067/3188 4071/3073/3188 4058/3060/3183
f 4072/3074/3206 4070/3072/3188 4069/3071/3205
f 4067/3069/3203 4073/3075/3207 4069/3071/3205
f 4073/3075/3207 4072/3074/3206 4069/3071/3205
f 4074/3076/3208 4073/3075/3207 4067/3069/3203
f 4074/3076/3208 4067/3069/3203 4068/3070/3204
f 4075/3077/3209 4072/3074/3206 4073/3075/3207
f 4074/3076/3208 4075/3077/3209 4073/3075/3207
f 4068/3070/3204 4076/3078/3209 4074/3076/3208
f 4076/3078/3209 4075/3077/3209 4074/3076/3208
f 4068/3070/3204 4077/3079/3210 4076/3078/3209
f 4077/3079/3210 4078/3080/3211 4076/3078/3209
f 4078/3080/3211 4075/3077/3209 4076/3078/3209
f 4077/3079/3210 4079/3081/3212 4078/3080/3211
f 4079/3081/3212 4080/3082/3213 4078/3080/3211
f 4079/3081/3212 4081/3082/3214 4080/3082/3213
f 4075/3077/3209 4078/3080/3211 4082/3083/3211
f 4080/3082/3213 4082/3083/3211 4078/3080/3211
f 4081/3082/3214 4083/3084/3215 4080/3082/3213
f 4081/3082/3214 4084/3085/3216 4083/3084/3215
f 4082/3083/3211 4080/3082/3213 4085/3086/3217
f 4083/3084/3215 4085/3086/3217 4080/3082/3213
f 4082/3083/3211 4086/3087/3188 4075/3077/3209
f 4072/3074/3206 4075/3077/3209 4086/3087/3188
f 4085/3086/3217 4087/3088/3188 4082/3083/3211
f 4086/3087/3188 4082/3083/3211 4087/3088/3188
f 4086/3087/3188 4088/3089/3188 4072/3074/3206
f 4070/3072/3188 4072/3074/3206 4088/3089/3188
f 4088/3089/3188 4071/3073/3188 4070/3072/3188
f 4086/3087/3188 4087/3088/3188 4089/3090/3188
f 4089/3090/3188 4088/3089/3188 4086/3087/3188
f 4087/3088/3188 4085/3086/3217 4090/3091/3188
f 4090/3091/3188 4089/3090/3188 4087/3088/3188
f 4085/3086/3217 4083/3084/3215 4091/3092/3215
f 4091/3092/3215 4090/3091/3188 4085/3086/3217
f 4084/3085/3216 4092/3093/3218 4083/3084/3215
f 4092/3093/3218 4091/3092/3215 4083/3084/3215
f 4084/3085/3216 4093/3094/3219 4092/3093/3218
f 4090/3091/3188 4091/3092/3215 4094/3095/3188
f 4093/3094/3219 4095/3096/3220 4092/3093/3218
f 4093/3094/3219 4096/3097/3221 4095/3096/3220
f 4096/3097/3221 4097/3098/3222 4095/3096/3220
f 4091/3092/3215 4092/3093/3218 4098/3099/3218
f 4098/3099/3218 4094/3095/3188 4091/3092/3215
f 4092/3093/3218 4095/3096/3220 4099/3100/3223
f 4092/3093/3218 4099/3100/3223 4098/3099/3218
f 4100/3101/3224 4095/3096/3220 4097/3098/3222
f 4097/3098/3222 4101/1060/3225 4100/3101/3224
f 4102/3102/3226 4095/3096/3220 4100/3101/3224
f 4095/3096/3220 4102/3102/3226 4099/3100/3223
f 4103/3103/3227 4100/3101/3224 4101/1060/3225
f 4100/3101/3224 4103/3103/3227 4102/3102/3226
f 4101/1060/3225 4104/3104/3228 4103/3103/3227
f 4105/3105/3188 4099/3100/3223 4102/3102/3226
f 4106/3106/3229 4103/3103/3227 4104/3104/3228
f 4103/3103/3227 4107/3107/3230 4102/3102/3226
f 4107/3107/3230 4105/3105/3188 4102/3102/3226
f 4108/3108/3229 4103/3103/3227 4106/3106/3229
f 4103/3103/3227 4108/3108/3229 4107/3107/3230
f 4104/3104/3228 4109/3109/3231 4106/3106/3229
f 4109/3109/3231 4108/3108/3229 4106/3106/3229
f 4109/3109/3231 4104/3104/3228 4110/3110/3232
f 4108/3108/3229 4111/3111/3188 4107/3107/3230
f 4105/3105/3188 4107/3107/3230 4111/3111/3188
f 4110/3110/3232 4112/3112/3233 4109/3109/3231
f 4112/3112/3233 4110/3110/3232 4113/3113/3234
f 4109/3109/3231 4114/3114/3235 4108/3108/3229
f 4112/3112/3233 4114/3114/3235 4109/3109/3231
f 4113/3113/3234 4115/124/3236 4112/3112/3233
f 4115/124/3236 4113/3113/3234 4116/3115/3237
f 4114/3114/3235 4112/3112/3233 4117/3116/3238
f 4115/124/3236 4117/3116/3238 4112/3112/3233
f 4114/3114/3235 4118/2316/3188 4108/3108/3229
f 4111/3111/3188 4108/3108/3229 4118/2316/3188
f 4116/3115/3237 4119/2472/3239 4115/124/3236
f 4119/2472/3239 4116/3115/3237 4120/3117/3240
f 4119/2472/3239 4121/2707/3241 4115/124/3236
f 4115/124/3236 4121/2707/3241 4117/3116/3238
f 4120/3117/3240 4122/3118/3242 4119/2472/3239
f 4122/3118/3242 4120/3117/3240 4123/3119/3243
f 4121/2707/3241 4119/2472/3239 4124/3120/3244
f 4122/3118/3242 4124/3120/3244 4119/2472/3239
f 4123/3119/3243 4125/3121/3245 4122/3118/3242
f 4125/3121/3245 4123/3119/3243 4126/3122/3246
f 4127/3123/3247 4125/3121/3245 4126/3122/3246
f 4128/3124/3248 4125/3121/3245 4127/3123/3247
f 4125/3121/3245 4129/3125/3249 4122/3118/3242
f 4124/3120/3244 4122/3118/3242 4129/3125/3249
f 4125/3121/3245 4128/3124/3248 4130/3126/3250
f 4129/3125/3249 4125/3121/3245 4130/3126/3250
f 4128/3124/3248 4131/3127/3251 4130/3126/3250
f 4132/3128/3188 4130/3126/3250 4131/3127/3251
f 4129/3125/3249 4130/3126/3250 4132/3128/3188
f 4133/3129/3252 4132/3128/3188 4131/3127/3251
f 4129/3125/3249 4132/3128/3188 4134/2690/3188
f 4124/3120/3244 4129/3125/3249 4134/2690/3188
f 4132/3128/3188 4133/3129/3252 4135/3130/3188
f 4134/2690/3188 4132/3128/3188 4135/3130/3188
f 4133/3129/3252 4136/3131/3253 4135/3130/3188
f 4136/3131/3253 4133/3129/3252 4137/3132/3254
f 4135/3130/3188 4138/3133/3188 4134/2690/3188
f 4138/3133/3188 4135/3130/3188 4136/3131/3253
f 4124/3120/3244 4134/2690/3188 4139/3134/3255
f 4139/3134/3255 4134/2690/3188 4138/3133/3188
f 4137/3132/3254 4140/3135/3256 4136/3131/3253
f 4140/3135/3256 4137/3132/3254 4141/3136/3257
f 4138/3133/3188 4136/3131/3253 4142/2685/3258
f 4142/2685/3258 4136/3131/3253 4140/3135/3256
f 4141/3136/3257 4143/3136/3259 4144/3135/3260
f 4140/3135/3256 4141/3136/3257 4144/3135/3260
f 4144/3135/3260 4145/3137/3258 4140/3135/3256
f 4140/3135/3256 4145/3137/3258 4142/2685/3258
f 4145/3137/3258 4144/3135/3260 4146/3138/3261
f 4146/3138/3261 4147/3139/3262 4145/3137/3258
f 4145/3137/3258 4147/3139/3262 4142/2685/3258
f 4147/3139/3262 4146/3138/3261 4148/3140/3263
f 4148/3140/3263 4149/3141/3264 4147/3139/3262
f 4150/3142/3188 4138/3133/3188 4142/2685/3258
f 4139/3134/3255 4138/3133/3188 4150/3142/3188
f 4142/2685/3258 4151/3143/3265 4150/3142/3188
f 4142/2685/3258 4147/3139/3262 4151/3143/3265
f 4152/3144/3188 4139/3134/3255 4150/3142/3188
f 4152/3144/3188 4150/3142/3188 4151/3143/3265
f 4153/3145/3266 4147/3139/3262 4149/3141/3264
f 4154/2593/3267 4153/3145/3266 4149/3141/3264
f 4147/3139/3262 4155/3146/3266 4151/3143/3265
f 4155/3146/3266 4147/3139/3262 4153/3145/3266
f 4151/3143/3265 4155/3146/3266 4152/3144/3188
f 4153/3145/3266 4154/2593/3267 4156/2593/3268
f 4154/2593/3267 4157/2609/3269 4156/2593/3268
f 4158/3147/3270 4155/3146/3266 4153/3145/3266
f 4158/3147/3270 4153/3145/3266 4156/2593/3268
f 4159/3148/3188 4152/3144/3188 4155/3146/3266
f 4155/3146/3266 4158/3147/3270 4159/3148/3188
f 4139/3134/3255 4152/3144/3188 4160/2309/3188
f 4160/2309/3188 4152/3144/3188 4159/3148/3188
f 4160/2309/3188 4124/3120/3244 4139/3134/3255
f 4124/3120/3244 4160/2309/3188 4121/2707/3241
f 4117/3116/3238 4121/2707/3241 4160/2309/3188
f 4160/2309/3188 4159/3148/3188 4161/3149/3188
f 4117/3116/3238 4160/2309/3188 4161/3149/3188
f 4162/3150/3188 4161/3149/3188 4159/3148/3188
f 4162/3150/3188 4159/3148/3188 4158/3147/3270
f 4163/3151/3188 4117/3116/3238 4161/3149/3188
f 4161/3149/3188 4162/3150/3188 4163/3151/3188
f 4117/3116/3238 4163/3151/3188 4114/3114/3235
f 4118/2316/3188 4114/3114/3235 4163/3151/3188
f 4158/3147/3270 4164/3152/3271 4162/3150/3188
f 4156/2593/3268 4164/3152/3271 4158/3147/3270
f 4165/3153/3206 4163/3151/3188 4162/3150/3188
f 4118/2316/3188 4163/3151/3188 4165/3153/3206
f 4165/3153/3206 4162/3150/3188 4164/3152/3271
f 4166/3154/3188 4118/2316/3188 4165/3153/3206
f 4118/2316/3188 4166/3154/3188 4111/3111/3188
f 4164/3152/3271 4167/2792/3272 4165/3153/3206
f 4166/3154/3188 4165/3153/3206 4167/2792/3272
f 4164/3152/3271 4156/2593/3268 4168/2609/3273
f 4168/2609/3273 4167/2792/3272 4164/3152/3271
f 4168/2609/3273 4156/2593/3268 4157/2609/3269
f 4157/2609/3269 4169/3155/3274 4168/2609/3273
f 4170/3155/3275 4168/2609/3273 4169/3155/3274
f 4167/2792/3272 4168/2609/3273 4170/3155/3275
f 4169/3155/3274 4171/3156/3276 4170/3155/3275
f 4167/2792/3272 4172/3154/3277 4166/3154/3188
f 4170/3155/3275 4172/3154/3277 4167/2792/3272
f 4173/3156/3277 4170/3155/3275 4171/3156/3276
f 4172/3154/3277 4170/3155/3275 4173/3156/3277
f 4174/3157/3278 4173/3156/3277 4171/3156/3276
f 4175/3157/3188 4166/3154/3188 4172/3154/3277
f 4175/3157/3188 4111/3111/3188 4166/3154/3188
f 4111/3111/3188 4175/3157/3188 4105/3105/3188
f 4176/3157/3279 4172/3154/3277 4173/3156/3277
f 4172/3154/3277 4176/3157/3279 4175/3157/3188
f 4173/3156/3277 4174/3157/3278 4177/3157/3280
f 4176/3157/3279 4173/3156/3277 4177/3157/3280
f 4174/3157/3278 4178/3158/3281 4177/3157/3280
f 4178/3158/3281 4176/3157/3279 4177/3157/3280
f 4178/3158/3281 4174/3157/3278 4179/1983/3282
f 4176/3157/3279 4178/3158/3281 4180/3159/3283
f 4180/3159/3283 4175/3157/3188 4176/3157/3279
f 4179/1983/3282 4181/3160/3284 4178/3158/3281
f 4181/3160/3284 4180/3159/3283 4178/3158/3281
f 4181/3160/3284 4179/1983/3282 4182/2367/3285
f 4175/3157/3188 4180/3159/3283 4183/3161/3188
f 4184/3162/3286 4181/3160/3284 4182/2367/3285
f 4184/3162/3286 4182/2367/3285 4185/3163/3287
f 4180/3159/3283 4181/3160/3284 4186/3164/3284
f 4184/3162/3286 4186/3164/3284 4181/3160/3284
f 4186/3164/3284 4183/3161/3188 4180/3159/3283
f 4185/3163/3287 4187/3165/3288 4184/3162/3286
f 4187/3165/3288 4185/3163/3287 4188/3089/3289
f 4186/3164/3284 4184/3162/3286 4189/3166/3286
f 4187/3165/3288 4189/3166/3286 4184/3162/3286
f 4189/3166/3286 4089/3090/3188 4186/3164/3284
f 4183/3161/3188 4186/3164/3284 4089/3090/3188
f 4089/3090/3188 4189/3166/3286 4088/3089/3188
f 4183/3161/3188 4089/3090/3188 4090/3091/3188
f 4090/3091/3188 4094/3095/3188 4183/3161/3188
f 4190/3167/3288 4088/3089/3188 4189/3166/3286
f 4189/3166/3286 4187/3165/3288 4190/3167/3288
f 4088/3089/3188 4190/3167/3288 4071/3073/3188
f 4094/3095/3188 4191/3168/3188 4183/3161/3188
f 4094/3095/3188 4098/3099/3218 4191/3168/3188
f 4191/3168/3188 4192/3169/3188 4183/3161/3188
f 4192/3169/3188 4191/3168/3188 4098/3099/3218
f 4183/3161/3188 4192/3169/3188 4175/3157/3188
f 4192/3169/3188 4098/3099/3218 4099/3100/3223
f 4105/3105/3188 4175/3157/3188 4192/3169/3188
f 4105/3105/3188 4192/3169/3188 4099/3100/3223
f 4193/3170/3290 4190/3167/3288 4187/3165/3288
f 4193/3170/3290 4187/3165/3288 4188/3089/3289
f 4188/3089/3289 4194/3171/3291 4193/3170/3290
f 4195/3172/3292 4193/3170/3290 4194/3171/3291
f 4190/3167/3288 4193/3170/3290 4196/3173/3290
f 4196/3173/3290 4071/3073/3188 4190/3167/3288
f 4197/3174/3293 4193/3170/3290 4195/3172/3292
f 4197/3174/3293 4196/3173/3290 4193/3170/3290
f 4198/3175/3294 4197/3174/3293 4195/3172/3292
f 4071/3073/3188 4196/3173/3290 4199/3176/3188
f 4197/3174/3293 4198/3175/3294 4200/3177/3290
f 4058/3060/3183 4071/3073/3188 4199/3176/3188
f 4198/3175/3294 4201/3178/3293 4200/3177/3290
f 4201/3178/3293 4198/3175/3294 4202/3179/3295
f 4197/3174/3293 4200/3177/3290 4203/3180/3290
f 4200/3177/3290 4201/3178/3293 4203/3180/3290
f 4196/3173/3290 4197/3174/3293 4203/3180/3290
f 4202/3179/3295 4204/3179/3290 4201/3178/3293
f 4201/3178/3293 4204/3179/3290 4203/3180/3290
f 4204/3179/3290 4202/3179/3295 4205/3181/3296
f 4203/3180/3290 4199/3176/3188 4196/3173/3290
f 4206/3182/3297 4204/3179/3290 4205/3181/3296
f 4206/3182/3297 4203/3180/3290 4204/3179/3290
f 4205/3181/3296 4207/3183/3298 4206/3182/3297
f 4207/3183/3298 4208/3184/3299 4206/3182/3297
f 4208/3184/3299 4209/3185/3300 4206/3182/3297
f 4209/3185/3300 4203/3180/3290 4206/3182/3297
f 4208/3184/3299 4210/3186/3301 4209/3185/3300
f 4211/3185/3293 4209/3185/3300 4210/3186/3301
f 4211/3185/3293 4203/3180/3290 4209/3185/3300
f 4210/3186/3301 4212/3187/3302 4211/3185/3293
f 4213/3188/3300 4211/3185/3293 4212/3187/3302
f 4213/3188/3300 4203/3180/3290 4211/3185/3293
f 4214/3189/3303 4213/3188/3300 4212/3187/3302
f 4213/3188/3300 4214/3189/3303 4215/3190/3293
f 4215/3190/3293 4203/3180/3290 4213/3188/3300
f 4216/1715/3304 4215/3190/3293 4214/3189/3303
f 4215/3190/3293 4217/3191/3290 4203/3180/3290
f 4217/3191/3290 4215/3190/3293 4216/1715/3304
f 4218/3192/3293 4217/3191/3290 4216/1715/3304
f 4218/3192/3293 4203/3180/3290 4217/3191/3290
f 4216/1715/3304 4219/3193/3305 4218/3192/3293
f 4218/3192/3293 4220/2585/3188 4203/3180/3290
f 4199/3176/3188 4203/3180/3290 4220/2585/3188
f 4221/3194/3188 4218/3192/3293 4219/3193/3305
f 4220/2585/3188 4218/3192/3293 4221/3194/3188
f 4222/3195/3306 4221/3194/3188 4219/3193/3305
f 4221/3194/3188 4222/3195/3306 4223/3196/3188
f 4223/3196/3188 4220/2585/3188 4221/3194/3188
f 4224/3197/3307 4223/3196/3188 4222/3195/3306
f 4223/3196/3188 4225/3198/3188 4220/2585/3188
f 4199/3176/3188 4220/2585/3188 4225/3198/3188
f 4223/3196/3188 4224/3197/3307 4226/3197/3308
f 4226/3197/3308 4224/3197/3307 4227/3199/3309
f 4228/3200/3310 4223/3196/3188 4226/3197/3308
f 4223/3196/3188 4228/3200/3310 4225/3198/3188
f 4229/3201/3308 4226/3197/3308 4227/3199/3309
f 4226/3197/3308 4229/3201/3308 4228/3200/3310
f 4230/3202/3311 4229/3201/3308 4227/3199/3309
f 4229/3201/3308 4230/3202/3311 4231/3202/3308
f 4229/3201/3308 4231/3202/3308 4228/3200/3310
f 4228/3200/3310 4231/3202/3308 4232/3203/3308
f 4232/3203/3308 4233/3204/3312 4228/3200/3310
f 4233/3204/3312 4225/3198/3188 4228/3200/3310
f 4233/3204/3312 4232/3203/3308 4234/3205/3313
f 4225/3198/3188 4233/3204/3312 4235/3206/3188
f 4199/3176/3188 4225/3198/3188 4235/3206/3188
f 4234/3205/3313 4236/3207/3314 4233/3204/3312
f 4236/3207/3314 4235/3206/3188 4233/3204/3312
f 4236/3207/3314 4234/3205/3313 4237/3208/3315
f 4199/3176/3188 4235/3206/3188 4238/3209/3188
f 4235/3206/3188 4236/3207/3314 4238/3209/3188
f 4199/3176/3188 4238/3209/3188 4239/3210/3206
f 4236/3207/3314 4239/3210/3206 4238/3209/3188
f 4237/3208/3315 4240/3211/3316 4236/3207/3314
f 4239/3210/3206 4236/3207/3314 4240/3211/3316
f 4240/3211/3316 4237/3208/3315 4241/3212/3317
f 4199/3176/3188 4239/3210/3206 4242/3213/3188
f 4240/3211/3316 4242/3213/3188 4239/3210/3206
f 4058/3060/3183 4199/3176/3188 4242/3213/3188
f 4241/3212/3317 4243/3214/3318 4240/3211/3316
f 4242/3213/3188 4240/3211/3316 4243/3214/3318
f 4243/3214/3318 4241/3212/3317 4244/3215/3318
f 4244/3215/3318 4245/2720/3318 4243/3214/3318
f 4245/2720/3318 4242/3213/3188 4243/3214/3318
f 4245/2720/3318 4244/3215/3318 4246/2717/3318
f 4245/2720/3318 4246/2717/3318 4247/2572/3319
f 4248/2723/3188 4242/3213/3188 4245/2720/3318
f 4058/3060/3183 4242/3213/3188 4248/2723/3188
f 4247/2572/3319 4249/3216/3320 4245/2720/3318
f 4248/2723/3188 4245/2720/3318 4249/3216/3320
f 4249/3216/3320 4247/2572/3319 4045/3048/3187
f 4058/3060/3183 4248/2723/3188 4250/2722/3206
f 4249/3216/3320 4250/2722/3206 4248/2723/3188
f 4058/3060/3183 4250/2722/3206 4251/2727/3188
f 4058/3060/3183 4251/2727/3188 4050/3052/3191
f 4250/2722/3206 4249/3216/3320 4252/3217/3321
f 4250/2722/3206 4252/3217/3321 4251/2727/3188
f 4045/3048/3187 4252/3217/3321 4249/3216/3320
f 4252/3217/3321 4050/3052/3191 4251/2727/3188
f 4045/3048/3187 4044/3047/3186 4252/3217/3321
f 4050/3052/3191 4252/3217/3321 4044/3047/3186
usemtl e50:MI_Cabin_A1
f 4253/3218/3322 4254/3219/3322 4255/3220/3322
f 4253/3218/2167 4255/3220/2167 4256/3221/2167
f 4257/3222/3323 4258/3218/3324 4259/3223/3325
f 4259/3223/3325 4258/3218/3324 4260/3219/865
f 4261/3221/869 4262/3218/925 4263/3220/3326
f 4263/3220/3326 4262/3218/925 4264/3219/3327
f 4265/3224/1657 4266/3225/1657 4267/3226/1657
f 4266/3225/1657 4265/3224/1657 4268/3227/1657
f 4269/3228/1657 4270/3229/1657 4271/3230/1657
f 4270/3229/1657 4269/3228/1657 4272/3231/1657
f 4273/3232/1658 4274/3233/1658 4275/3234/1658
f 4274/3233/1658 4273/3232/1658 4276/3235/1658
f 4277/3236/1658 4278/3237/1657 4279/3238/1657
f 4278/3237/1657 4277/3236/1658 4280/3239/1658
f 4281/3240/1657 4282/3241/1657 4283/3242/1657
f 4282/3241/1657 4281/3240/1657 4284/3243/1657
f 4285/3244/1658 4286/3245/1658 4287/3246/1658
f 4287/3246/1658 4286/3245/1658 4288/3247/3049
f 4289/3244/1657 4290/3245/1657 4291/3246/1657
f 4291/3246/1657 4290/3245/1657 4292/3247/1657
f 4293/3248/3328 4294/3249/3329 4295/3250/3330
f 4295/3250/3330 4296/3251/3331 4293/3248/3328
f 4294/3249/3329 4293/3248/3328 4297/3252/3332
f 4298/3253/3333 4294/3249/3329 4297/3252/3332
f 4299/3254/3334 4293/3248/3328 4296/3251/3331
f 4296/3251/3331 4300/3255/3335 4299/3254/3334
f 4299/3254/3334 4301/3256/3336 4293/3248/3328
f 4297/3252/3332 4293/3248/3328 4301/3256/3336
f 4302/3257/3337 4299/3254/3334 4300/3255/3335
f 4297/3252/3332 4301/3256/3336 4303/3258/3338
f 4301/3256/3336 4299/3254/3334 4304/3259/3339
f 4304/3259/3339 4303/3258/3338 4301/3256/3336
f 4302/3257/3337 4304/3259/3339 4299/3254/3334
f 4305/3260/3340 4297/3252/3332 4303/3258/3338
f 4305/3260/3340 4303/3258/3338 4304/3259/3339
f 4297/3252/3332 4305/3260/3340 4306/3261/3341
f 4298/3253/3333 4297/3252/3332 4306/3261/3341
f 4307/3262/3342 4306/3261/3341 4305/3260/3340
f 4307/3262/3342 4305/3260/3340 4304/3259/3339
f 4306/3261/3341 4308/3263/3343 4298/3253/3333
f 4306/3261/3341 4307/3262/3342 4308/3263/3343
f 4309/3264/3344 4298/3253/3333 4308/3263/3343
f 4308/3263/3343 4310/3265/3345 4309/3264/3344
f 4310/3265/3345 4308/3263/3343 4311/3266/679
f 4307/3262/3342 4311/3266/679 4308/3263/3343
f 4311/3266/679 4312/3267/3346 4310/3265/3345
f 4311/3266/679 4307/3262/3342 4313/3268/3347
f 4313/3268/3347 4307/3262/3342 4304/3259/3339
f 4312/3267/3346 4311/3266/679 4314/3269/3348
f 4314/3269/3348 4311/3266/679 4313/3268/3347
f 4315/3270/3349 4313/3268/3347 4304/3259/3339
f 4304/3259/3339 4302/3257/3337 4315/3270/3349
f 4314/3269/3348 4313/3268/3347 4316/3271/3350
f 4316/3271/3350 4313/3268/3347 4315/3270/3349
f 4314/3269/3348 4317/3272/3351 4312/3267/3346
f 4318/3273/3352 4312/3267/3346 4317/3272/3351
f 4319/3274/3353 4314/3269/3348 4316/3271/3350
f 4314/3269/3348 4319/3274/3353 4317/3272/3351
f 4315/3270/3349 4320/3275/3354 4316/3271/3350
f 4320/3275/3354 4315/3270/3349 4302/3257/3337
f 4316/3271/3350 4320/3275/3354 4319/3274/3353
f 4302/3257/3337 4321/3276/3355 4320/3275/3354
f 4300/3255/3335 4321/3276/3355 4302/3257/3337
f 4321/3276/3355 4300/3255/3335 4322/3277/3356
f 4320/3275/3354 4321/3276/3355 4323/3278/3357
f 4320/3275/3354 4323/3278/3357 4319/3274/3353
f 4322/3277/3356 4324/3279/3358 4321/3276/3355
f 4321/3276/3355 4324/3279/3358 4323/3278/3357
f 4324/3279/3358 4322/3277/3356 4325/3280/3359
f 4325/3280/3359 4326/3281/3360 4324/3279/3358
f 4327/3282/3361 4323/3278/3357 4324/3279/3358
f 4327/3282/3361 4324/3279/3358 4326/3281/3360
f 4323/3278/3357 4328/3283/3362 4319/3274/3353
f 4323/3278/3357 4327/3282/3361 4328/3283/3362
f 4328/3283/3362 4329/3284/3363 4319/3274/3353
f 4329/3284/3363 4328/3283/3362 4327/3282/3361
f 4326/3281/3360 4330/3285/3364 4327/3282/3361
f 4327/3282/3361 4330/3285/3364 4329/3284/3363
f 4330/3285/3364 4326/3281/3360 4331/3286/3365
f 4319/3274/3353 4329/3284/3363 4332/3287/3366
f 4332/3287/3366 4329/3284/3363 4330/3285/3364
f 4332/3287/3366 4317/3272/3351 4319/3274/3353
f 4331/3286/3365 4333/3288/3367 4330/3285/3364
f 4332/3287/3366 4330/3285/3364 4333/3288/3367
f 4317/3272/3351 4332/3287/3366 4333/3288/3367
f 4317/3272/3351 4333/3288/3367 4318/3273/3352
f 4333/3288/3367 4331/3286/3365 4334/3289/3368
f 4334/3289/3368 4318/3273/3352 4333/3288/3367
usemtl e50:MI_Exhaust1
f 4335/3290/3369 4336/3291/3369 4337/3292/3370
f 4335/3290/3369 4338/3293/3371 4336/3291/3369
f 4339/3294/3372 4340/3295/3373 4341/3296/3374
f 4340/3295/3373 4339/3294/3372 4342/3297/3375
f 4335/3298/3376 4339/3299/3376 4341/3300/3376
f 4335/3298/3377 4341/3300/3377 4338/3291/3377
f 4343/3301/3378 4344/3302/3379 4345/3303/3380
f 4344/3302/3379 4346/3304/3381 4345/3303/3380
f 4345/3303/3380 4346/3304/3381 4347/3305/3381
f 4348/3306/3382 4349/3307/3382 4350/3308/3382
f 4349/3307/3382 4351/3309/3383 4350/3308/3382
f 4350/3308/3382 4351/3309/3383 4352/3310/3384
f 4353/3311/3385 4354/3312/3386 4355/3313/3387
f 4354/3312/3386 4353/3311/3385 4356/3312/3388
f 4356/3312/3388 4357/3312/3389 4354/3312/3386
f 4358/3312/2260 4357/3312/3389 4356/3312/3388
f 4357/3312/3389 4358/3312/2260 4359/3312/3390
f 4358/3312/2260 4360/3314/3391 4359/3312/3390
f 4360/3314/3391 4358/3312/2260 4361/3315/3392
f 4361/3315/3392 4362/3315/3393 4360/3314/3391
f 4362/3315/3393 4361/3315/3392 4363/3315/3394
f 4363/3315/3394 4364/3315/3395 4362/3315/3393
f 4364/3315/3395 4363/3315/3394 4365/3315/3396
f 4365/3315/3396 4366/3315/3397 4364/3315/3395
f 4366/3315/3397 4365/3315/3396 4367/3315/3398
f 4368/3316/3399 4369/3317/3400 4370/3316/3401
f 4370/3316/3401 4369/3317/3400 4371/3318/3402
f 4371/3318/3402 4369/3317/3400 4372/3319/3403
f 4371/3318/3402 4372/3319/3403 4373/3320/3404
f 4373/3320/3404 4372/3319/3403 4374/3321/3405
f 4373/3320/3404 4374/3321/3405 4375/3322/3406
f 4375/3322/3406 4374/3321/3405 4376/3321/3407
f 4375/3322/3406 4376/3321/3407 4377/3322/3408
f 4376/3321/3407 4378/3323/3409 4377/3322/3408
f 4377/3322/3408 4378/3323/3409 4379/3324/3410
f 4378/3323/3409 4380/3324/3411 4379/3324/3410
f 4380/3324/3411 4378/3323/3409 4381/3323/3412
f 4381/3323/3412 4382/3325/3413 4380/3324/3411
f 4382/3325/3413 4381/3323/3412 4383/3326/3414
f 4383/3326/3414 4384/3327/3415 4382/3325/3413
f 4384/3327/3415 4383/3326/3414 4385/3328/3416
f 4385/3328/3416 4386/3329/3417 4384/3327/3415
f 4386/3329/3417 4385/3328/3416 4387/3329/3418
f 4388/3317/3419 4368/3316/3420 4389/3316/3421
f 4368/3316/3420 4388/3317/3419 4369/3317/3422
f 4388/3317/3419 4390/3319/3423 4369/3317/3422
f 4369/3317/3422 4390/3319/3423 4372/3319/3424
f 4390/3319/3423 4391/3321/3425 4372/3319/3424
f 4372/3319/3424 4391/3321/3425 4374/3321/3426
f 4391/3321/3425 4376/3321/3427 4374/3321/3426
f 4376/3321/3427 4391/3321/3425 4392/3321/3428
f 4392/3321/3428 4378/3323/3429 4376/3321/3427
f 4378/3323/3429 4392/3321/3428 4393/3323/3430
f 4393/3323/3430 4381/3323/3431 4378/3323/3429
f 4381/3323/3431 4393/3323/3430 4394/3323/3432
f 4394/3323/3432 4395/3326/3433 4381/3323/3431
f 4381/3323/3431 4395/3326/3433 4383/3326/3434
f 4395/3326/3433 4396/3328/3435 4383/3326/3434
f 4383/3326/3434 4396/3328/3435 4385/3328/3436
f 4396/3328/3435 4387/3329/3437 4385/3328/3436
f 4387/3329/3438 4396/3328/3439 4397/3330/3440
f 4398/3331/3441 4343/3301/3442 4345/3303/3442
f 4343/3301/3442 4398/3331/3441 4399/3332/3441
f 4400/3333/3443 4399/3332/3441 4398/3331/3441
f 4399/3332/3441 4400/3333/3443 4401/3334/3443
f 4402/3335/3444 4401/3334/3443 4400/3333/3443
f 4401/3334/3443 4402/3335/3444 4403/3336/3444
f 4404/3337/3445 4403/3336/3444 4402/3335/3444
f 4403/3336/3444 4404/3337/3445 4405/3338/3446
f 4404/3337/3445 4406/3339/3447 4405/3338/3446
f 4406/3339/3447 4404/3337/3445 4407/3339/3448
f 4408/3340/3449 4406/3339/3447 4407/3339/3448
f 4409/3341/3450 4408/3340/3449 4407/3339/3448
f 4410/3342/3451 4408/3340/3449 4409/3341/3450
f 4409/3341/3450 4411/3343/3452 4410/3342/3451
f 4412/3344/3453 4410/3342/3451 4411/3343/3452
f 4411/3343/3452 4413/3345/3453 4412/3344/3453
f 4413/3345/3453 4414/3346/3454 4412/3344/3453
f 4414/3346/3454 4413/3345/3453 4415/3347/3454
f 4415/3347/3454 4350/3308/3455 4414/3346/3454
f 4350/3308/3455 4415/3347/3454 4348/3306/3455
f 4416/3348/3456 4417/3349/3456 4418/3350/3456
f 4416/3348/3457 4419/3351/3458 4417/3349/3459
f 4419/3351/3458 4420/3352/3460 4417/3349/3459
f 4420/3352/3460 4419/3351/3458 4421/3352/3461
f 4422/3353/3462 4420/3352/3460 4421/3352/3461
f 4422/3353/3462 4423/3354/3463 4420/3352/3460
f 4422/3353/3462 4424/168/3464 4423/3354/3463
f 4424/168/3464 4422/3353/3462 4425/1820/3465
f 4425/1820/3465 4426/3355/3466 4424/168/3464
f 4426/3355/3466 4425/1820/3465 4427/3355/3467
f 4426/3355/3466 4427/3355/3467 4428/175/3468
f 4428/175/3468 4429/1822/3469 4426/3355/3466
f 4428/175/3468 4430/2115/3470 4429/1822/3469
f 4428/175/3468 4431/3356/3471 4430/2115/3470
f 4431/3356/3471 4432/3357/3472 4430/2115/3470
f 4432/3357/3472 4431/3356/3471 4433/3357/3473
f 4432/3357/3472 4433/3357/3473 4434/3358/3474
f 4432/3357/3472 4434/3358/3474 4435/3359/3475
f 4436/3171/3476 4435/3359/3475 4434/3358/3474
f 4434/3358/3474 4437/3360/3477 4436/3171/3476
f 4437/3360/3477 4438/3361/3478 4436/3171/3476
f 4438/3361/3478 4437/3360/3477 4439/3362/3478
f 4416/3363/3457 4438/3361/3478 4439/3362/3478
f 4438/3361/3478 4416/3363/3457 4418/3176/3479
f 4440/3364/3480 4441/3365/3480 4442/2322/3480
f 4443/3366/3481 4441/3365/3482 4440/3364/3483
f 4443/3366/3481 4440/3364/3483 4444/3367/3484
f 4445/3367/3484 4443/3366/3481 4444/3367/3484
f 4444/3367/3484 4446/3368/3485 4445/3367/3484
f 4446/3368/3485 4444/3367/3484 4447/3369/3486
f 4448/167/3487 4446/3368/3485 4447/3369/3486
f 4449/3370/3488 4446/3368/3485 4448/167/3487
f 4450/3371/3489 4449/3370/3488 4448/167/3487
f 4450/3371/3489 4451/3371/3489 4449/3370/3488
f 4450/3371/3489 4452/160/3490 4451/3371/3489
f 4452/160/3490 4450/3371/3489 4453/2232/3491
f 4454/2211/3492 4452/160/3490 4453/2232/3491
f 4455/2158/3493 4452/160/3490 4454/2211/3492
f 4454/2211/3492 4456/2210/3494 4455/2158/3493
f 4455/2158/3493 4456/2210/3494 4457/2210/3494
f 4456/2210/3494 4458/3372/3495 4457/2210/3494
f 4458/3372/3495 4456/2210/3494 4459/2207/3496
f 4459/2207/3496 4460/3373/3497 4458/3372/3495
f 4458/3372/3495 4460/3373/3497 4461/3374/3498
f 4461/3374/3498 4460/3373/3497 4462/3375/3499
f 4463/3375/3500 4461/3374/3498 4462/3375/3499
f 4462/3375/3499 4441/3376/3501 4463/3375/3500
f 4441/3376/3501 4462/3375/3499 4442/3377/3502
f 4335/3292/3503 4342/3297/3504 4339/3297/3503
f 4337/3292/3505 4342/3297/3504 4335/3292/3503
f 4342/3297/3506 4337/3292/3506 4340/3295/3506
f 4336/3291/3506 4340/3295/3506 4337/3292/3506
f 4338/3291/3507 4340/3295/3508 4336/3291/3509
f 4340/3295/3510 4338/3291/3510 4341/3300/3510
f 4464/3378/3511 4465/3379/3511 4466/3380/3511
f 4464/3378/3387 4467/3379/3512 4465/3379/3387
f 4465/3379/3387 4467/3379/3512 4468/3379/3513
f 4469/3378/3387 4467/3379/3512 4464/3378/3387
f 4470/3379/3514 4468/3379/3513 4467/3379/3512
f 4470/3379/3514 4471/3379/3515 4468/3379/3513
f 4467/3379/3512 4469/3378/3387 4472/3379/3387
f 4472/3379/3387 4470/3379/3514 4467/3379/3512
f 4473/3379/3516 4471/3379/3515 4470/3379/3514
f 4470/3379/3514 4472/3379/3387 4473/3379/3516
f 4471/3379/3515 4473/3379/3516 4474/3381/590
f 4474/3381/590 4475/3382/3517 4471/3379/3515
f 4476/3383/3518 4473/3379/3516 4472/3379/3387
f 4476/3383/3518 4474/3381/590 4473/3379/3516
f 4477/3378/3519 4472/3379/3387 4469/3378/3387
f 4472/3379/3387 4477/3378/3519 4476/3383/3518
f 4478/3378/3387 4477/3378/3519 4469/3378/3387
f 4475/3382/3517 4474/3381/590 4479/3382/3520
f 4479/3382/3520 4480/3384/3517 4475/3382/3517
f 4478/3378/3387 4481/3378/3521 4477/3378/3519
f 4480/3384/3517 4479/3382/3520 4482/3384/3520
f 4482/3384/3520 4483/3385/3522 4480/3384/3517
f 4484/3386/3387 4481/3378/3521 4478/3378/3387
f 4484/3386/3387 4478/3378/3387 4485/3386/3521
f 4477/3378/3519 4481/3378/3521 4486/3383/3523
f 4486/3383/3523 4481/3378/3521 4484/3386/3387
f 4486/3383/3523 4476/3383/3518 4477/3378/3519
f 4484/3386/3387 4487/3383/3524 4486/3383/3523
f 4486/3383/3523 4487/3383/3524 4476/3383/3518
f 4487/3383/3524 4484/3386/3387 4488/3387/3397
f 4487/3383/3524 4488/3387/3397 4489/3388/3397
f 4474/3381/590 4476/3383/3518 4490/3383/3525
f 4490/3383/3525 4476/3383/3518 4487/3383/3524
f 4490/3383/3525 4479/3382/3520 4474/3381/590
f 4491/3389/3526 4487/3383/3524 4489/3388/3397
f 4479/3382/3520 4490/3383/3525 4492/3389/3527
f 4487/3383/3524 4492/3389/3527 4490/3383/3525
f 4492/3389/3527 4487/3383/3524 4491/3389/3526
f 4492/3389/3527 4482/3384/3520 4479/3382/3520
f 4493/3390/3528 4491/3389/3526 4489/3388/3397
f 4482/3384/3520 4492/3389/3527 4494/3391/275
f 4491/3389/3526 4494/3391/275 4492/3389/3527
f 4493/3390/3528 4495/3391/3529 4491/3389/3526
f 4494/3391/275 4491/3389/3526 4495/3391/3529
f 4495/3391/3529 4493/3390/3528 4496/3392/3530
f 4496/3392/3530 4497/3393/3528 4495/3391/3529
f 4494/3391/275 4498/3385/3531 4482/3384/3520
f 4483/3385/3522 4482/3384/3520 4498/3385/3531
f 4498/3385/3531 4499/3394/3532 4483/3385/3522
f 4498/3385/3531 4494/3391/275 4500/3395/275
f 4495/3391/3529 4500/3395/275 4494/3391/275
f 4499/3394/3532 4498/3385/3531 4501/3394/3533
f 4500/3395/275 4501/3394/3533 4498/3385/3531
f 4501/3394/3533 4502/3396/3534 4499/3394/3532
f 4500/3395/275 4495/3391/3529 4503/3395/3535
f 4501/3394/3533 4504/3397/3536 4502/3396/3534
f 4504/3397/3536 4505/3397/3537 4502/3396/3534
f 4501/3394/3533 4500/3395/275 4506/3398/3538
f 4506/3398/3538 4504/3397/3536 4501/3394/3533
f 4503/3395/3535 4506/3398/3538 4500/3395/275
f 4507/3399/3539 4505/3397/3537 4504/3397/3536
f 4506/3398/3538 4507/3399/3539 4504/3397/3536
f 4508/3399/3540 4505/3397/3537 4507/3399/3539
f 4507/3399/3539 4509/3399/3541 4508/3399/3540
f 4507/3399/3539 4506/3398/3538 4510/3399/3542
f 4509/3399/3541 4507/3399/3539 4510/3399/3542
f 4506/3398/3538 4503/3395/3535 4511/3398/3543
f 4511/3398/3543 4510/3399/3542 4506/3398/3538
f 4512/3399/3544 4509/3399/3541 4510/3399/3542
f 4510/3399/3542 4511/3398/3543 4512/3399/3544
f 4509/3399/3541 4512/3399/3544 4513/3399/3545
f 4512/3399/3544 4514/3400/3546 4513/3399/3545
f 4514/3400/3546 4512/3399/3544 4515/3400/3547
f 4511/3398/3543 4515/3400/3547 4512/3399/3544
f 4514/3400/3546 4515/3400/3547 4516/3401/3548
f 4515/3400/3547 4517/3402/3549 4516/3401/3548
f 4515/3400/3547 4511/3398/3543 4517/3402/3549
f 4518/3402/3550 4516/3401/3548 4517/3402/3549
f 4517/3402/3549 4519/3403/3551 4518/3402/3550
f 4511/3398/3543 4520/3393/3552 4517/3402/3549
f 4519/3403/3551 4517/3402/3549 4520/3393/3552
f 4520/3393/3552 4511/3398/3543 4503/3395/3535
f 4520/3393/3552 4497/3393/3528 4519/3403/3551
f 4503/3395/3535 4495/3391/3529 4520/3393/3552
f 4520/3393/3552 4495/3391/3529 4497/3393/3528
f 4398/3404/3553 4345/3405/3554 4347/3406/3555
f 4347/3406/3555 4521/3407/3556 4398/3404/3553
f 4346/3408/3557 4521/3407/3556 4347/3406/3555
f 4398/3404/3553 4521/3407/3556 4400/3409/3558
f 4521/3407/3556 4346/3408/3557 4522/3410/3559
f 4344/3411/3560 4522/3410/3559 4346/3408/3557
f 4521/3407/3556 4523/3412/3561 4400/3409/3558
f 4522/3410/3559 4523/3412/3561 4521/3407/3556
f 4523/3412/3561 4402/3413/3562 4400/3409/3558
f 4399/3414/3563 4344/3411/3560 4343/3415/3564
f 4524/3416/3565 4402/3413/3562 4523/3412/3561
f 4344/3411/3560 4399/3414/3563 4525/3417/3566
f 4522/3410/3559 4344/3411/3560 4525/3417/3566
f 4401/3418/3567 4525/3417/3566 4399/3414/3563
f 4524/3416/3565 4404/3413/3568 4402/3413/3562
f 4525/3417/3566 4401/3418/3567 4526/3419/3569
f 4403/3420/3570 4526/3419/3569 4401/3418/3567
f 4525/3417/3566 4527/3421/3571 4522/3410/3559
f 4527/3421/3571 4525/3417/3566 4526/3419/3569
f 4523/3412/3561 4522/3410/3559 4527/3421/3571
f 4526/3419/3569 4403/3420/3570 4528/3422/3572
f 4529/3423/3573 4523/3412/3561 4527/3421/3571
f 4529/3423/3573 4527/3421/3571 4526/3419/3569
f 4523/3412/3561 4529/3423/3573 4524/3416/3565
f 4526/3419/3569 4528/3422/3572 4529/3423/3573
f 4405/3424/3574 4528/3422/3572 4403/3420/3570
f 4530/3425/3575 4524/3416/3565 4529/3423/3573
f 4528/3422/3572 4530/3425/3575 4529/3423/3573
f 4528/3422/3572 4405/3424/3574 4531/3426/3576
f 4530/3425/3575 4528/3422/3572 4531/3426/3576
f 4405/3424/3574 4532/3427/3577 4531/3426/3576
f 4532/3427/3577 4405/3424/3574 4406/3428/3578
f 4531/3426/3576 4533/3429/3579 4530/3425/3575
f 4533/3429/3579 4531/3426/3576 4532/3427/3577
f 4524/3416/3565 4530/3425/3575 4534/3430/3580
f 4530/3425/3575 4533/3429/3579 4534/3430/3580
f 4534/3430/3580 4404/3413/3568 4524/3416/3565
f 4535/3431/3581 4404/3413/3568 4534/3430/3580
f 4535/3431/3581 4534/3430/3580 4533/3429/3579
f 4404/3413/3568 4535/3431/3581 4407/3432/3582
f 4532/3427/3577 4536/3433/3583 4533/3429/3579
f 4536/3433/3583 4535/3431/3581 4533/3429/3579
f 4532/3427/3577 4406/3428/3578 4537/3434/3584
f 4536/3433/3583 4532/3427/3577 4537/3434/3584
f 4537/3434/3584 4406/3428/3578 4408/3435/3585
f 4538/3436/3586 4407/3432/3582 4535/3431/3581
f 4535/3431/3581 4536/3433/3583 4538/3436/3586
f 4407/3432/3582 4538/3436/3586 4409/3437/3587
f 4537/3434/3584 4408/3435/3585 4539/3438/3588
f 4539/3438/3588 4536/3433/3583 4537/3434/3584
f 4539/3438/3588 4408/3435/3585 4410/3439/3589
f 4540/3440/3590 4538/3436/3586 4536/3433/3583
f 4536/3433/3583 4539/3438/3588 4540/3440/3590
f 4541/3441/3591 4409/3437/3587 4538/3436/3586
f 4538/3436/3586 4540/3440/3590 4541/3441/3591
f 4409/3437/3587 4541/3441/3591 4411/3442/3592
f 4539/3438/3588 4410/3439/3589 4542/3443/3593
f 4542/3443/3593 4540/3440/3590 4539/3438/3588
f 4542/3443/3593 4410/3439/3589 4412/3444/3594
f 4414/3445/3595 4542/3443/3593 4412/3444/3594
f 4543/3446/3596 4541/3441/3591 4540/3440/3590
f 4540/3440/3590 4542/3443/3593 4543/3446/3596
f 4542/3443/3593 4414/3445/3595 4544/3447/3597
f 4542/3443/3593 4544/3447/3597 4543/3446/3596
f 4350/3448/3598 4544/3447/3597 4414/3445/3595
f 4544/3447/3597 4350/3448/3598 4352/3449/3599
f 4544/3447/3597 4352/3449/3599 4545/3450/3600
f 4543/3446/3596 4544/3447/3597 4545/3450/3600
f 4351/3451/3601 4545/3450/3600 4352/3449/3599
f 4541/3441/3591 4543/3446/3596 4546/3452/3602
f 4545/3450/3600 4546/3452/3602 4543/3446/3596
f 4546/3452/3602 4411/3442/3592 4541/3441/3591
f 4411/3442/3592 4546/3452/3602 4413/3453/3603
f 4413/3453/3603 4546/3452/3602 4415/3454/3604
f 4545/3450/3600 4351/3451/3601 4547/3455/3605
f 4546/3452/3602 4545/3450/3600 4547/3455/3605
f 4547/3455/3605 4415/3454/3604 4546/3452/3602
f 4349/3456/3606 4547/3455/3605 4351/3451/3601
f 4348/3457/3607 4415/3454/3604 4547/3455/3605
f 4547/3455/3605 4349/3456/3606 4348/3457/3607
f 4548/3349/3608 4549/3458/3608 4550/3350/3608
f 4549/3458/3609 4548/3349/3610 4551/3459/3611
f 4551/3459/3611 4552/3458/3612 4549/3458/3609
f 4548/3349/3610 4553/3352/3613 4551/3459/3611
f 4552/3458/3614 4554/3349/3614 4555/3350/3614
f 4552/3458/3612 4556/3459/3615 4554/3349/3616
f 4552/3458/3612 4551/3459/3611 4556/3459/3615
f 4556/3459/3615 4557/3352/3617 4554/3349/3616
f 4551/3459/3618 4553/3352/3618 4558/3352/3618
f 4558/3352/3619 4556/3459/3615 4551/3459/3611
f 4557/3352/3620 4556/3459/3620 4559/3352/3620
f 4556/3459/3615 4558/3352/3619 4559/3352/3621
f 4553/3352/3622 4560/3460/3622 4558/3352/3622
f 4560/3460/3623 4559/3352/3621 4558/3352/3619
f 4560/3460/3624 4553/3352/3625 4561/3354/3626
f 4562/168/3627 4560/3460/3624 4561/3354/3626
f 4559/3352/3628 4563/3460/3628 4557/3352/3628
f 4559/3352/3621 4560/3460/3623 4563/3460/3629
f 4563/3460/3629 4564/3354/3630 4557/3352/3631
f 4563/3460/3629 4565/168/3632 4564/3354/3630
f 4563/3460/3629 4566/1820/3633 4565/168/3632
f 4566/1820/3633 4563/3460/3629 4560/3460/3623
f 4566/1820/3633 4567/3355/3634 4565/168/3632
f 4560/3460/3635 4562/168/3635 4568/1820/3635
f 4560/3460/3623 4568/1820/3636 4566/1820/3633
f 4569/3355/3637 4568/1820/3638 4562/168/3639
f 4567/3355/3640 4566/1820/3640 4570/3355/3640
f 4568/1820/3636 4570/3355/3641 4566/1820/3633
f 4569/3355/3642 4571/3355/3642 4568/1820/3642
f 4570/3355/3641 4568/1820/3636 4571/3355/3643
f 4569/3355/3644 4572/3461/3645 4571/3355/3643
f 4572/3461/3645 4570/3355/3641 4571/3355/3643
f 4572/3461/3645 4569/3355/3644 4573/1822/3646
f 4574/2115/3647 4572/3461/3645 4573/1822/3646
f 4567/3355/3648 4570/3355/3648 4575/3461/3648
f 4570/3355/3641 4572/3461/3645 4575/3461/3649
f 4575/3461/3649 4576/1822/3650 4567/3355/3651
f 4575/3461/3649 4577/2115/3652 4576/1822/3650
f 4575/3461/3649 4578/3356/3653 4577/2115/3652
f 4572/3461/3645 4578/3356/3653 4575/3461/3649
f 4578/3356/3653 4579/2111/3654 4577/2115/3652
f 4572/3461/3655 4574/2115/3655 4580/3356/3655
f 4572/3461/3645 4580/3356/3656 4578/3356/3653
f 4574/2115/3657 4581/2111/3658 4580/3356/3659
f 4579/2111/3660 4578/3356/3660 4582/2111/3660
f 4580/3356/3656 4582/2111/3661 4578/3356/3653
f 4580/3356/3662 4581/2111/3662 4583/2111/3662
f 4582/2111/3661 4580/3356/3656 4583/2111/3663
f 4579/2111/3664 4582/2111/3664 4584/3358/3664
f 4583/2111/3663 4584/3358/3665 4582/2111/3661
f 4579/2111/3666 4584/3358/3665 4585/3359/3667
f 4586/3171/3668 4585/3359/3667 4584/3358/3665
f 4581/2111/3669 4587/3358/3669 4583/2111/3669
f 4584/3358/3665 4583/2111/3663 4587/3358/3670
f 4587/3358/3670 4581/2111/3671 4588/3359/3672
f 4589/3171/3673 4587/3358/3670 4588/3359/3672
f 4584/3358/3674 4590/3170/3674 4586/3171/3674
f 4587/3358/3675 4589/3171/3675 4591/3170/3675
f 4591/3170/3676 4584/3358/3665 4587/3358/3670
f 4584/3358/3677 4591/3170/3677 4590/3170/3677
f 4591/3170/3678 4589/3171/3679 4592/3361/3678
f 4590/3170/3680 4593/3362/3680 4586/3171/3680
f 4594/3362/3681 4591/3170/3678 4592/3361/3678
f 4591/3170/3682 4594/3362/3683 4590/3170/3684
f 4549/3363/3609 4592/3361/3685 4550/3176/3686
f 4592/3361/3685 4549/3363/3609 4594/3362/3683
f 4552/3363/3612 4594/3362/3683 4549/3363/3609
f 4555/3176/3687 4593/3362/3687 4552/3363/3687
f 4590/3170/3684 4594/3362/3683 4595/3362/3688
f 4593/3362/3689 4590/3170/3684 4595/3362/3688
f 4594/3362/3683 4552/3363/3612 4595/3362/3688
f 4552/3363/3612 4593/3362/3689 4595/3362/3688
f 4554/3349/3690 4596/2708/3691 4555/3350/3692
f 4596/2708/3691 4554/3349/3690 4597/3462/3693
f 4597/3462/3693 4598/2708/3612 4596/2708/3691
f 4554/3349/3690 4557/3352/3694 4597/3462/3693
f 4598/2708/3612 4599/3463/3616 4600/3464/3695
f 4598/2708/3612 4601/3462/3615 4599/3463/3616
f 4598/2708/3612 4597/3462/3693 4601/3462/3615
f 4601/3462/3615 4602/3465/3617 4599/3463/3616
f 4597/3462/3693 4557/3352/3694 4603/3465/3696
f 4603/3465/3696 4601/3462/3615 4597/3462/3693
f 4602/3465/3617 4601/3462/3615 4604/3465/3697
f 4601/3462/3615 4603/3465/3696 4604/3465/3697
f 4557/3352/3694 4605/3466/3698 4603/3465/3696
f 4605/3466/3698 4604/3465/3697 4603/3465/3696
f 4605/3466/3698 4557/3352/3694 4564/3354/3699
f 4565/168/3700 4605/3466/3698 4564/3354/3699
f 4604/3465/3697 4606/3466/3701 4602/3465/3617
f 4604/3465/3697 4605/3466/3698 4606/3466/3701
f 4606/3466/3701 4607/3467/3630 4602/3465/3617
f 4606/3466/3701 4608/1831/3632 4607/3467/3630
f 4606/3466/3701 4609/199/3633 4608/1831/3632
f 4609/199/3633 4606/3466/3701 4605/3466/3698
f 4609/199/3633 4610/1381/3702 4608/1831/3632
f 4605/3466/3698 4565/168/3700 4611/199/3703
f 4605/3466/3698 4611/199/3703 4609/199/3633
f 4567/3355/3637 4611/199/3703 4565/168/3700
f 4610/1381/3702 4609/199/3633 4612/1381/3704
f 4611/199/3703 4612/1381/3704 4609/199/3633
f 4567/3355/3637 4613/1381/3643 4611/199/3703
f 4612/1381/3704 4611/199/3703 4613/1381/3643
f 4567/3355/3637 4614/197/3705 4613/1381/3643
f 4614/197/3705 4612/1381/3704 4613/1381/3643
f 4614/197/3705 4567/3355/3637 4576/1822/3646
f 4577/2115/3647 4614/197/3705 4576/1822/3646
f 4610/1381/3702 4612/1381/3704 4615/197/3649
f 4612/1381/3704 4614/197/3705 4615/197/3649
f 4615/197/3649 4616/1817/3650 4610/1381/3702
f 4615/197/3649 4617/11/3706 4616/1817/3650
f 4615/197/3649 4618/2107/3707 4617/11/3706
f 4614/197/3705 4618/2107/3707 4615/197/3649
f 4618/2107/3707 4619/2088/3666 4617/11/3706
f 4614/197/3705 4577/2115/3647 4620/2107/3708
f 4614/197/3705 4620/2107/3708 4618/2107/3707
f 4577/2115/3647 4579/2111/3658 4620/2107/3708
f 4619/2088/3666 4618/2107/3707 4621/2088/3709
f 4620/2107/3708 4621/2088/3709 4618/2107/3707
f 4620/2107/3708 4579/2111/3658 4622/2088/3710
f 4621/2088/3709 4620/2107/3708 4622/2088/3710
f 4619/2088/3666 4621/2088/3709 4623/2087/3711
f 4622/2088/3710 4623/2087/3711 4621/2088/3709
f 4619/2088/3666 4623/2087/3711 4624/3468/3712
f 4625/3469/3713 4624/3468/3712 4623/2087/3711
f 4579/2111/3658 4626/2087/3714 4622/2088/3710
f 4623/2087/3711 4622/2088/3710 4626/2087/3714
f 4626/2087/3714 4579/2111/3658 4585/3359/3715
f 4586/3171/3716 4626/2087/3714 4585/3359/3715
f 4623/2087/3711 4627/3470/3717 4625/3469/3713
f 4626/2087/3714 4586/3171/3716 4628/3470/3718
f 4628/3470/3718 4623/2087/3711 4626/2087/3714
f 4623/2087/3711 4628/3470/3718 4627/3470/3717
f 4628/3470/3718 4586/3171/3716 4593/3362/3685
f 4627/3470/3717 4629/3471/3719 4625/3469/3713
f 4630/3472/3720 4628/3470/3718 4593/3362/3685
f 4628/3470/3718 4630/3472/3720 4627/3470/3717
f 4596/2335/3691 4593/3362/3685 4555/3176/3692
f 4593/3362/3685 4596/2335/3691 4630/3472/3720
f 4598/2335/3612 4630/3472/3720 4596/2335/3691
f 4600/3473/3695 4629/3471/3719 4598/2335/3612
f 4627/3470/3717 4630/3472/3720 4631/3472/3721
f 4629/3471/3719 4627/3470/3717 4631/3472/3721
f 4630/3472/3720 4598/2335/3612 4631/3472/3721
f 4598/2335/3612 4629/3471/3719 4631/3472/3721
f 4599/3463/3610 4632/2708/3609 4600/3464/3722
f 4632/2708/3609 4599/3463/3610 4633/3462/3723
f 4633/3462/3723 4634/2708/3724 4632/2708/3609
f 4599/3463/3610 4602/3465/3725 4633/3462/3723
f 4634/2708/3724 4635/3463/3616 4636/3464/3726
f 4634/2708/3724 4637/3462/3727 4635/3463/3616
f 4634/2708/3724 4633/3462/3723 4637/3462/3727
f 4637/3462/3727 4638/3465/3617 4635/3463/3616
f 4633/3462/3723 4602/3465/3725 4639/3465/3696
f 4639/3465/3696 4637/3462/3727 4633/3462/3723
f 4638/3465/3617 4637/3462/3727 4640/3465/3728
f 4637/3462/3727 4639/3465/3696 4640/3465/3728
f 4602/3465/3725 4641/3466/3729 4639/3465/3696
f 4641/3466/3729 4640/3465/3728 4639/3465/3696
f 4641/3466/3729 4602/3465/3725 4607/3467/3730
f 4608/1831/3731 4641/3466/3729 4607/3467/3730
f 4640/3465/3728 4642/3466/3732 4638/3465/3617
f 4640/3465/3728 4641/3466/3729 4642/3466/3732
f 4642/3466/3732 4643/3467/3733 4638/3465/3617
f 4642/3466/3732 4644/1831/3632 4643/3467/3733
f 4642/3466/3732 4645/199/3633 4644/1831/3632
f 4645/199/3633 4642/3466/3732 4641/3466/3729
f 4645/199/3633 4646/1381/3702 4644/1831/3632
f 4641/3466/3729 4608/1831/3731 4647/199/3638
f 4641/3466/3729 4647/199/3638 4645/199/3633
f 4610/1381/3734 4647/199/3638 4608/1831/3731
f 4646/1381/3702 4645/199/3633 4648/1381/3704
f 4647/199/3638 4648/1381/3704 4645/199/3633
f 4610/1381/3734 4649/1381/3735 4647/199/3638
f 4648/1381/3704 4647/199/3638 4649/1381/3735
f 4610/1381/3734 4650/197/3705 4649/1381/3735
f 4650/197/3705 4648/1381/3704 4649/1381/3735
f 4650/197/3705 4610/1381/3734 4616/1817/3736
f 4617/11/3647 4650/197/3705 4616/1817/3736
f 4646/1381/3702 4648/1381/3704 4651/197/3649
f 4648/1381/3704 4650/197/3705 4651/197/3649
f 4651/197/3649 4652/1817/3650 4646/1381/3702
f 4651/197/3649 4653/11/3737 4652/1817/3650
f 4651/197/3649 4654/2107/3653 4653/11/3737
f 4650/197/3705 4654/2107/3653 4651/197/3649
f 4654/2107/3653 4655/2088/3738 4653/11/3737
f 4650/197/3705 4617/11/3647 4656/2107/3656
f 4650/197/3705 4656/2107/3656 4654/2107/3653
f 4617/11/3647 4619/2088/3658 4656/2107/3656
f 4655/2088/3738 4654/2107/3653 4657/2088/3661
f 4656/2107/3656 4657/2088/3661 4654/2107/3653
f 4656/2107/3656 4619/2088/3658 4658/2088/3739
f 4657/2088/3661 4656/2107/3656 4658/2088/3739
f 4655/2088/3738 4657/2088/3661 4659/2087/3665
f 4658/2088/3739 4659/2087/3665 4657/2088/3661
f 4655/2088/3738 4659/2087/3665 4660/3468/3740
f 4661/3469/3713 4660/3468/3740 4659/2087/3665
f 4619/2088/3658 4662/1798/3714 4658/2088/3739
f 4659/2087/3665 4658/2088/3739 4662/1798/3714
f 4662/1798/3714 4619/2088/3658 4624/3468/3672
f 4625/3469/3673 4662/1798/3714 4624/3468/3672
f 4659/2087/3665 4663/3474/3741 4661/3469/3713
f 4662/1798/3714 4625/3469/3673 4664/3474/3718
f 4664/3474/3718 4659/2087/3665 4662/1798/3714
f 4659/2087/3665 4664/3474/3718 4663/3474/3741
f 4664/3474/3718 4625/3469/3673 4629/3471/3685
f 4663/3474/3741 4665/3471/3742 4661/3469/3713
f 4666/3472/3720 4664/3474/3718 4629/3471/3685
f 4664/3474/3718 4666/3472/3720 4663/3474/3741
f 4632/2335/3609 4629/3471/3685 4600/3473/3722
f 4629/3471/3685 4632/2335/3609 4666/3472/3720
f 4634/2335/3724 4666/3472/3720 4632/2335/3609
f 4636/3473/3726 4665/3471/3742 4634/2335/3724
f 4663/3474/3741 4666/3472/3720 4667/3472/3743
f 4665/3471/3742 4663/3474/3741 4667/3472/3743
f 4666/3472/3720 4634/2335/3724 4667/3472/3743
f 4634/2335/3724 4665/3471/3742 4667/3472/3743
f 4635/3463/3744 4668/2708/3691 4636/3464/3745
f 4668/2708/3691 4635/3463/3744 4669/3462/3611
f 4669/3462/3611 4670/2708/3746 4668/2708/3691
f 4635/3463/3744 4638/3465/3747 4669/3462/3611
f 4670/2708/3614 4671/3463/3614 4672/3464/3748
f 4670/2708/3614 4673/3462/3614 4671/3463/3614
f 4670/2708/3746 4669/3462/3611 4673/3462/3727
f 4673/3462/3620 4674/3465/3620 4671/3463/3620
f 4669/3462/3749 4638/3465/3749 4675/3465/3749
f 4675/3465/3750 4673/3462/3727 4669/3462/3611
f 4674/3465/3631 4673/3462/3727 4676/3465/3728
f 4673/3462/3727 4675/3465/3750 4676/3465/3728
f 4638/3465/3725 4677/3466/3623 4675/3465/3750
f 4677/3466/3623 4676/3465/3728 4675/3465/3750
f 4677/3466/3623 4638/3465/3725 4643/3467/3751
f 4644/1831/3627 4677/3466/3623 4643/3467/3751
f 4676/3465/3728 4678/3466/3752 4674/3465/3631
f 4676/3465/3728 4677/3466/3623 4678/3466/3752
f 4678/3466/3753 4679/3467/3753 4674/3465/3753
f 4678/3466/3752 4680/1831/3754 4679/3467/3630
f 4678/3466/3755 4681/199/3755 4680/1831/3755
f 4681/199/3633 4678/3466/3752 4677/3466/3623
f 4681/199/3756 4682/1381/3756 4680/1831/3756
f 4677/3466/3635 4644/1831/3635 4683/199/3635
f 4677/3466/3623 4683/199/3636 4681/199/3633
f 4646/1381/3734 4683/199/3636 4644/1831/3639
f 4682/1381/3702 4681/199/3633 4684/1381/3704
f 4683/199/3636 4684/1381/3704 4681/199/3633
f 4646/1381/3734 4685/1381/3757 4683/199/3636
f 4684/1381/3704 4683/199/3636 4685/1381/3757
f 4646/1381/3734 4686/197/3758 4685/1381/3757
f 4686/197/3758 4684/1381/3704 4685/1381/3757
f 4686/197/3758 4646/1381/3734 4652/1817/3736
f 4653/11/3759 4686/197/3758 4652/1817/3736
f 4682/1381/3702 4684/1381/3704 4687/197/3760
f 4684/1381/3704 4686/197/3758 4687/197/3760
f 4687/197/3761 4688/1817/3761 4682/1381/3761
f 4687/197/3649 4689/11/3706 4688/1817/3762
f 4687/197/3763 4690/2107/3763 4689/11/3763
f 4686/197/3758 4690/2107/3764 4687/197/3760
f 4690/2107/3765 4691/2088/3765 4689/11/3765
f 4686/197/3655 4653/11/3655 4692/2107/3655
f 4686/197/3758 4692/2107/3708 4690/2107/3764
f 4653/11/3766 4655/2088/3658 4692/2107/3708
f 4691/2088/3666 4690/2107/3764 4693/2088/3709
f 4692/2107/3708 4693/2088/3709 4690/2107/3764
f 4692/2107/3708 4655/2088/3658 4694/2088/3739
f 4693/2088/3709 4692/2107/3708 4694/2088/3739
f 4691/2088/3666 4693/2088/3709 4695/1798/3711
f 4694/2088/3739 4695/1798/3711 4693/2088/3709
f 4691/2088/3767 4695/1798/3767 4696/3468/3767
f 4697/3475/3713 4696/3468/3768 4695/1798/3711
f 4655/2088/3769 4698/1798/3769 4694/2088/3769
f 4695/1798/3711 4694/2088/3739 4698/1798/3670
f 4698/1798/3670 4655/2088/3658 4660/3468/3715
f 4661/3469/3673 4698/1798/3670 4660/3468/3715
f 4695/1798/3711 4699/3474/3770 4697/3475/3713
f 4698/1798/3670 4661/3469/3673 4700/3474/3771
f 4700/3474/3771 4695/1798/3711 4698/1798/3670
f 4695/1798/3711 4700/3474/3771 4699/3474/3770
f 4700/3474/3771 4661/3469/3673 4665/3471/3772
f 4699/3474/3773 4701/3471/3773 4697/3475/3773
f 4702/3472/3774 4700/3474/3774 4665/3471/3774
f 4700/3474/3771 4702/3472/3775 4699/3474/3770
f 4668/2335/3691 4665/3471/3685 4636/3473/3745
f 4665/3471/3685 4668/2335/3691 4702/3472/3776
f 4670/2335/3746 4702/3472/3776 4668/2335/3691
f 4672/3473/3777 4701/3471/3777 4670/2335/3777
f 4699/3474/3778 4702/3472/3778 4703/3472/3778
f 4701/3471/3719 4699/3474/3741 4703/3472/3743
f 4702/3472/3776 4670/2335/3746 4703/3472/3743
f 4670/2335/3746 4701/3471/3719 4703/3472/3743
f 4671/3463/3608 4704/3365/3608 4672/3464/3608
f 4704/3365/3609 4671/3463/3779 4705/3476/3693
f 4705/3476/3693 4706/3365/3780 4704/3365/3609
f 4671/3463/3779 4674/3465/3694 4705/3476/3693
f 4706/3365/3780 4440/3364/3781 4442/2322/3782
f 4706/3365/3780 4707/3476/3783 4440/3364/3781
f 4706/3365/3780 4705/3476/3693 4707/3476/3783
f 4707/3476/3783 4444/3367/3784 4440/3364/3781
f 4705/3476/3693 4674/3465/3694 4708/3367/3696
f 4708/3367/3696 4707/3476/3783 4705/3476/3693
f 4444/3367/3784 4707/3476/3783 4709/3367/3785
f 4707/3476/3783 4708/3367/3696 4709/3367/3785
f 4674/3465/3694 4710/3477/3786 4708/3367/3696
f 4710/3477/3786 4709/3367/3785 4708/3367/3696
f 4710/3477/3786 4674/3465/3694 4679/3467/3787
f 4680/1831/3731 4710/3477/3786 4679/3467/3787
f 4711/3477/3788 4444/3367/3784 4709/3367/3785
f 4709/3367/3785 4710/3477/3786 4711/3477/3788
f 4444/3367/3784 4711/3477/3788 4447/3369/3789
f 4711/3477/3788 4448/167/3790 4447/3369/3789
f 4711/3477/3788 4712/2162/3791 4448/167/3790
f 4712/2162/3791 4711/3477/3788 4710/3477/3786
f 4712/2162/3791 4450/3371/3792 4448/167/3790
f 4710/3477/3786 4680/1831/3731 4713/2162/3793
f 4710/3477/3786 4713/2162/3793 4712/2162/3791
f 4682/1381/3637 4713/2162/3793 4680/1831/3731
f 4450/3371/3792 4712/2162/3791 4714/3371/3794
f 4713/2162/3793 4714/3371/3794 4712/2162/3791
f 4682/1381/3637 4715/3371/3795 4713/2162/3793
f 4714/3371/3794 4713/2162/3793 4715/3371/3795
f 4682/1381/3637 4716/1395/3705 4715/3371/3795
f 4716/1395/3705 4714/3371/3794 4715/3371/3795
f 4716/1395/3705 4682/1381/3637 4688/1817/3646
f 4689/11/3647 4716/1395/3705 4688/1817/3646
f 4714/3371/3794 4717/1395/3796 4450/3371/3792
f 4714/3371/3794 4716/1395/3705 4717/1395/3796
f 4450/3371/3792 4717/1395/3796 4453/2232/3797
f 4716/1395/3705 4689/11/3647 4718/2158/3798
f 4719/2158/3799 4453/2232/3797 4717/1395/3796
f 4716/1395/3705 4719/2158/3799 4717/1395/3796
f 4716/1395/3705 4718/2158/3798 4719/2158/3799
f 4453/2232/3797 4719/2158/3799 4454/2211/3800
f 4689/11/3647 4691/2088/3658 4718/2158/3798
f 4719/2158/3799 4456/2210/3801 4454/2211/3800
f 4718/2158/3798 4720/2210/3802 4719/2158/3799
f 4456/2210/3801 4719/2158/3799 4720/2210/3802
f 4718/2158/3798 4691/2088/3658 4721/2210/3739
f 4720/2210/3802 4718/2158/3798 4721/2210/3739
f 4456/2210/3801 4720/2210/3802 4722/2152/3803
f 4721/2210/3739 4722/2152/3803 4720/2210/3802
f 4459/2207/3804 4456/2210/3801 4722/2152/3803
f 4722/2152/3803 4460/3373/3805 4459/2207/3804
f 4691/2088/3658 4723/2152/3806 4721/2210/3739
f 4722/2152/3803 4721/2210/3739 4723/2152/3806
f 4723/2152/3806 4691/2088/3658 4696/3468/3672
f 4697/3475/3673 4723/2152/3806 4696/3468/3672
f 4722/2152/3803 4724/3478/3807 4460/3373/3805
f 4723/2152/3806 4697/3475/3673 4725/3478/3718
f 4725/3478/3718 4722/2152/3803 4723/2152/3806
f 4722/2152/3803 4725/3478/3718 4724/3478/3807
f 4725/3478/3718 4697/3475/3673 4701/3471/3685
f 4724/3478/3807 4462/3375/3808 4460/3373/3805
f 4726/3479/3775 4725/3478/3718 4701/3471/3685
f 4725/3478/3718 4726/3479/3775 4724/3478/3807
f 4704/3376/3609 4701/3471/3685 4672/3473/3692
f 4701/3471/3685 4704/3376/3609 4726/3479/3775
f 4706/3376/3780 4726/3479/3775 4704/3376/3609
f 4706/3376/3780 4442/3377/3782 4462/3375/3808
f 4724/3478/3807 4726/3479/3775 4727/3375/3809
f 4726/3479/3775 4706/3376/3780 4727/3375/3809
f 4462/3375/3808 4724/3478/3807 4727/3375/3809
f 4462/3375/3808 4727/3375/3809 4706/3376/3780
f 4728/3480/3810 4729/3481/3810 4730/3480/3810
f 4731/3482/3811 4729/3481/3812 4728/3480/3811
f 4731/3482/3811 4728/3480/3811 4732/3483/3811
f 4729/3481/3812 4731/3482/3811 4733/3481/3813
f 4734/3484/3814 4729/3481/3812 4733/3481/3813
f 4735/3485/3815 4731/3482/3811 4732/3483/3811
f 4732/3483/3811 4736/3486/3816 4735/3485/3815
f 4737/3485/3817 4735/3485/3815 4736/3486/3818
f 4733/3481/3813 4738/3487/3819 4734/3484/3814
f 4738/3487/3819 4739/3488/3820 4734/3484/3814
f 4735/3485/3815 4737/3485/3817 4740/3485/3821
f 4737/3485/3817 4741/3489/3822 4740/3485/3821
f 4742/3485/3823 4731/3482/3811 4735/3485/3815
f 4735/3485/3815 4740/3485/3821 4742/3485/3823
f 4731/3482/3811 4742/3485/3823 4743/3482/3823
f 4743/3482/3823 4733/3481/3813 4731/3482/3811
f 4740/3485/3821 4744/3490/3824 4742/3485/3823
f 4742/3485/3823 4744/3490/3824 4743/3482/3823
f 4745/3490/3825 4740/3485/3821 4741/3489/3822
f 4744/3490/3824 4740/3485/3821 4745/3490/3825
f 4746/3491/3826 4745/3490/3825 4741/3489/3822
f 4743/3482/3823 4747/3487/3824 4733/3481/3813
f 4744/3490/3824 4747/3487/3824 4743/3482/3823
f 4733/3481/3813 4747/3487/3824 4738/3487/3819
f 4745/3490/3825 4748/3492/236 4744/3490/3824
f 4747/3487/3824 4744/3490/3824 4748/3492/236
f 4745/3490/3825 4746/3491/3826 4749/3492/3827
f 4748/3492/236 4745/3490/3825 4749/3492/3827
f 4750/3493/3828 4749/3492/3827 4746/3491/3826
f 4748/3492/236 4751/3494/236 4747/3487/3824
f 4747/3487/3824 4751/3494/236 4738/3487/3819
f 4749/3492/3827 4752/3495/3539 4748/3492/236
f 4751/3494/236 4748/3492/236 4752/3495/3539
f 4749/3492/3827 4750/3493/3828 4753/3493/3828
f 4752/3495/3539 4749/3492/3827 4753/3493/3828
f 4750/3493/3828 4754/3496/3829 4753/3493/3828
f 4738/3487/3819 4751/3494/236 4755/3494/3830
f 4739/3488/3820 4738/3487/3819 4755/3494/3830
f 4756/3497/3831 4739/3488/3820 4755/3494/3830
f 4751/3494/236 4752/3495/3539 4757/3498/3832
f 4751/3494/236 4757/3498/3832 4755/3494/3830
f 4755/3494/3830 4758/3497/3833 4756/3497/3831
f 4755/3494/3830 4757/3498/3832 4758/3497/3833
f 4758/3497/3833 4759/3499/3834 4756/3497/3831
f 4757/3498/3832 4752/3495/3539 4760/3500/3835
f 4760/3500/3835 4752/3495/3539 4753/3493/3828
f 4757/3498/3832 4761/3499/3836 4758/3497/3833
f 4757/3498/3832 4760/3500/3835 4761/3499/3836
f 4759/3499/3834 4758/3497/3833 4762/3499/3837
f 4758/3497/3833 4761/3499/3836 4762/3499/3837
f 4763/3501/3838 4759/3499/3834 4762/3499/3837
f 4753/3493/3828 4764/3500/3839 4760/3500/3835
f 4753/3493/3828 4754/3496/3829 4764/3500/3839
f 4765/3502/3840 4764/3500/3839 4754/3496/3829
f 4762/3499/3837 4766/3503/3841 4763/3501/3838
f 4766/3503/3841 4767/3504/3842 4763/3501/3838
f 4764/3500/3839 4765/3502/3840 4768/3505/3843
f 4765/3502/3840 4769/3506/3844 4768/3505/3843
f 4764/3500/3839 4770/3505/3845 4760/3500/3835
f 4770/3505/3845 4764/3500/3839 4768/3505/3843
f 4761/3499/3836 4760/3500/3835 4770/3505/3845
f 4768/3505/3843 4769/3506/3844 4771/3506/3844
f 4769/3506/3844 4772/3507/3846 4771/3506/3844
f 4773/3508/3847 4770/3505/3845 4768/3505/3843
f 4768/3505/3843 4771/3506/3844 4773/3508/3847
f 4761/3499/3836 4770/3505/3845 4774/3503/3848
f 4761/3499/3836 4774/3503/3848 4762/3499/3837
f 4774/3503/3848 4770/3505/3845 4773/3508/3847
f 4762/3499/3837 4774/3503/3848 4766/3503/3841
f 4774/3503/3848 4773/3508/3847 4775/3509/3849
f 4774/3503/3848 4775/3509/3849 4766/3503/3841
f 4771/3506/3844 4776/3510/3850 4773/3508/3847
f 4775/3509/3849 4773/3508/3847 4776/3510/3850
f 4771/3506/3844 4772/3507/3846 4777/3510/3846
f 4776/3510/3850 4771/3506/3844 4777/3510/3846
f 4772/3507/3846 4778/3511/3851 4777/3510/3846
f 4779/3512/3846 4777/3510/3846 4778/3511/3851
f 4779/3512/3846 4776/3510/3850 4777/3510/3846
f 4776/3510/3850 4779/3512/3846 4780/3513/3852
f 4780/3513/3852 4781/3514/3853 4776/3510/3850
f 4775/3509/3849 4776/3510/3850 4781/3514/3853
f 4781/3514/3853 4780/3513/3852 4782/3515/3852
f 4766/3503/3841 4775/3509/3849 4783/3509/3854
f 4775/3509/3849 4781/3514/3853 4783/3509/3854
f 4767/3504/3842 4766/3503/3841 4783/3509/3854
f 4784/3516/3855 4767/3504/3842 4783/3509/3854
f 4781/3514/3853 4782/3515/3852 4785/3514/3856
f 4783/3509/3854 4781/3514/3853 4785/3514/3856
f 4783/3509/3854 4785/3514/3856 4784/3516/3855
f 4785/3514/3856 4782/3515/3852 4786/3517/3857
f 4785/3514/3856 4484/3518/3858 4784/3516/3855
f 4484/3518/3858 4785/3514/3856 4786/3517/3857
f 4787/3458/3614 4548/3349/3614 4550/3350/3614
f 4787/3458/3612 4788/3459/3615 4548/3349/3859
f 4788/3459/3615 4553/3352/3860 4548/3349/3859
f 4787/3458/3612 4789/3459/3861 4788/3459/3615
f 4789/3459/3861 4787/3458/3612 4790/3348/3862
f 4418/3350/3863 4789/3459/3861 4790/3348/3862
f 4418/3350/3863 4417/3349/3864 4789/3459/3861
f 4789/3459/3861 4417/3349/3864 4420/3352/3865
f 4791/3352/3866 4788/3459/3615 4789/3459/3861
f 4420/3352/3865 4791/3352/3866 4789/3459/3861
f 4553/3352/3860 4788/3459/3615 4792/3352/3867
f 4788/3459/3615 4791/3352/3866 4792/3352/3867
f 4420/3352/3865 4793/3460/3868 4791/3352/3866
f 4793/3460/3868 4792/3352/3867 4791/3352/3866
f 4793/3460/3868 4420/3352/3865 4423/3354/3869
f 4424/168/3870 4793/3460/3868 4423/3354/3869
f 4792/3352/3867 4794/3460/3871 4553/3352/3860
f 4792/3352/3867 4793/3460/3868 4794/3460/3871
f 4794/3460/3871 4561/3354/3733 4553/3352/3860
f 4794/3460/3871 4562/168/3632 4561/3354/3733
f 4794/3460/3871 4795/1820/3633 4562/168/3632
f 4795/1820/3633 4794/3460/3871 4793/3460/3868
f 4795/1820/3633 4569/3355/3702 4562/168/3632
f 4793/3460/3868 4424/168/3870 4796/1820/3872
f 4793/3460/3868 4796/1820/3872 4795/1820/3633
f 4424/168/3870 4426/3355/3873 4796/1820/3872
f 4569/3355/3702 4795/1820/3633 4797/3355/3704
f 4796/1820/3872 4797/3355/3704 4795/1820/3633
f 4426/3355/3873 4798/3355/3874 4796/1820/3872
f 4797/3355/3704 4796/1820/3872 4798/3355/3874
f 4426/3355/3873 4799/3461/3875 4798/3355/3874
f 4799/3461/3875 4797/3355/3704 4798/3355/3874
f 4799/3461/3875 4426/3355/3873 4429/1822/3876
f 4430/2115/3877 4799/3461/3875 4429/1822/3876
f 4569/3355/3702 4797/3355/3704 4800/3461/3649
f 4797/3355/3704 4799/3461/3875 4800/3461/3649
f 4800/3461/3649 4573/1822/3650 4569/3355/3702
f 4800/3461/3649 4574/2115/3652 4573/1822/3650
f 4800/3461/3649 4801/3356/3653 4574/2115/3652
f 4799/3461/3875 4801/3356/3653 4800/3461/3649
f 4801/3356/3653 4581/2111/3666 4574/2115/3652
f 4799/3461/3875 4430/2115/3877 4802/3356/3878
f 4799/3461/3875 4802/3356/3878 4801/3356/3653
f 4432/3357/3879 4802/3356/3878 4430/2115/3877
f 4581/2111/3666 4801/3356/3653 4803/2111/3880
f 4802/3356/3878 4803/2111/3880 4801/3356/3653
f 4804/3357/3881 4802/3356/3878 4432/3357/3879
f 4803/2111/3880 4802/3356/3878 4804/3357/3881
f 4581/2111/3666 4803/2111/3880 4805/3519/3882
f 4804/3357/3881 4805/3519/3882 4803/2111/3880
f 4581/2111/3666 4805/3519/3882 4588/3359/3712
f 4589/3171/3713 4588/3359/3712 4805/3519/3882
f 4432/3357/3879 4806/3519/3883 4804/3357/3881
f 4805/3519/3882 4804/3357/3881 4806/3519/3883
f 4806/3519/3883 4432/3357/3879 4435/3359/3884
f 4436/3171/3885 4806/3519/3883 4435/3359/3884
f 4805/3519/3882 4807/3170/3684 4589/3171/3713
f 4806/3519/3883 4436/3171/3885 4808/3170/3886
f 4808/3170/3886 4805/3519/3882 4806/3519/3883
f 4805/3519/3882 4808/3170/3886 4807/3170/3684
f 4438/3361/3887 4808/3170/3886 4436/3171/3885
f 4807/3170/3684 4592/3361/3719 4589/3171/3713
f 4808/3170/3886 4438/3361/3887 4809/3362/3888
f 4808/3170/3886 4809/3362/3888 4807/3170/3684
f 4790/3520/3862 4438/3361/3887 4418/3176/3863
f 4438/3361/3887 4790/3520/3862 4809/3362/3888
f 4787/3363/3612 4809/3362/3888 4790/3520/3862
f 4550/3176/3726 4592/3361/3719 4787/3363/3612
f 4807/3170/3684 4809/3362/3888 4810/3362/3743
f 4592/3361/3719 4807/3170/3684 4810/3362/3743
f 4809/3362/3888 4787/3363/3612 4810/3362/3743
f 4787/3363/3612 4592/3361/3719 4810/3362/3743
f 4811/3521/3889 4812/3522/3889 4813/3523/3889
f 4812/3522/237 4811/3521/3890 4814/3524/3891
f 4812/3522/237 4815/3525/3892 4813/3523/3893
f 4814/3524/3891 4816/3526/3894 4812/3522/237
f 4816/3526/3894 4814/3524/3891 4817/3526/3895
f 4818/3527/237 4815/3525/3892 4812/3522/237
f 4816/3526/3894 4818/3527/237 4812/3522/237
f 4818/3527/237 4819/3528/3896 4815/3525/3892
f 4819/3528/3896 4818/3527/237 4820/3527/3897
f 4818/3527/237 4821/3529/3898 4820/3527/3897
f 4821/3529/3898 4818/3527/237 4816/3526/3894
f 4822/3530/3899 4820/3527/3897 4821/3529/3898
f 4817/3526/3895 4823/3531/3900 4816/3526/3894
f 4823/3531/3900 4821/3529/3898 4816/3526/3894
f 4823/3531/3900 4817/3526/3895 4824/3531/3901
f 4821/3529/3898 4825/3532/3900 4822/3530/3899
f 4825/3532/3900 4821/3529/3898 4823/3531/3900
f 4826/3532/3902 4822/3530/3899 4825/3532/3900
f 4824/3531/3901 4827/3533/3903 4823/3531/3900
f 4827/3533/3903 4825/3532/3900 4823/3531/3900
f 4827/3533/3903 4824/3531/3901 4828/3533/3904
f 4825/3532/3900 4829/3534/3903 4826/3532/3902
f 4825/3532/3900 4827/3533/3903 4829/3534/3903
f 4830/3534/3905 4826/3532/3902 4829/3534/3903
f 4828/3533/3904 4831/3535/541 4827/3533/3903
f 4829/3534/3903 4827/3533/3903 4831/3535/541
f 4831/3535/541 4828/3533/3904 4832/3535/3906
f 4829/3534/3903 4833/3536/524 4830/3534/3905
f 4833/3536/524 4829/3534/3903 4831/3535/541
f 4834/3536/3907 4830/3534/3905 4833/3536/524
f 4832/3535/3906 4835/3537/3908 4831/3535/541
f 4835/3537/3908 4832/3535/3906 4836/3538/3909
f 4837/3539/3910 4835/3537/3908 4836/3538/3909
f 4831/3535/541 4838/3540/3908 4833/3536/524
f 4833/3536/524 4838/3540/3908 4834/3536/3907
f 4838/3540/3908 4831/3535/541 4835/3537/3908
f 4839/3540/3911 4834/3536/3907 4838/3540/3908
f 4838/3540/3908 4840/3541/3912 4839/3540/3911
f 4840/3541/3912 4838/3540/3908 4841/3542/3913
f 4841/3542/3913 4838/3540/3908 4835/3537/3908
f 4840/3541/3912 4841/3542/3913 4842/3542/3914
f 4835/3537/3908 4843/3539/3915 4841/3542/3913
f 4843/3539/3915 4842/3542/3914 4841/3542/3913
f 4843/3539/3915 4835/3537/3908 4837/3539/3910
f 4844/3543/3916 4842/3542/3914 4843/3539/3915
f 4844/3543/3916 4843/3539/3915 4837/3539/3910
f 4845/3544/3917 4846/3544/3918 4847/3544/3919
f 4847/3544/3919 4848/3545/3920 4845/3544/3917
f 4846/3544/3918 4849/3544/3921 4847/3544/3919
f 4848/3545/3920 4847/3544/3919 4850/3545/3922
f 4851/3546/3923 4848/3545/3920 4850/3545/3922
f 4849/3544/3921 4852/3544/3924 4847/3544/3919
f 4852/3544/3924 4850/3545/3922 4847/3544/3919
f 4853/3547/3925 4852/3544/3924 4849/3544/3921
f 4851/3546/3923 4850/3545/3922 4854/3546/3926
f 4855/3548/3927 4851/3546/3923 4854/3546/3926
f 4852/3544/3924 4853/3547/3925 4856/3547/3928
f 4857/3549/3929 4856/3547/3928 4853/3547/3925
f 4850/3545/3922 4852/3544/3924 4858/3545/369
f 4856/3547/3928 4858/3545/369 4852/3544/3924
f 4854/3546/3926 4850/3545/3922 4858/3545/369
f 4857/3549/3929 4859/3550/3930 4856/3547/3928
f 4858/3545/369 4856/3547/3928 4859/3550/3930
f 4859/3550/3930 4857/3549/3929 4860/3550/3931
f 4854/3546/3926 4858/3545/369 4861/3546/3932
f 4859/3550/3930 4861/3546/3932 4858/3545/369
f 4855/3548/3927 4854/3546/3926 4862/3548/3926
f 4862/3548/3926 4854/3546/3926 4861/3546/3932
f 4862/3548/3926 4863/3551/3927 4855/3548/3927
f 4860/3550/3931 4864/3552/3893 4859/3550/3930
f 4861/3546/3932 4859/3550/3930 4864/3552/3893
f 4864/3552/3893 4860/3550/3931 4865/3553/3933
f 4862/3548/3926 4861/3546/3932 4866/3548/3934
f 4864/3552/3893 4866/3548/3934 4861/3546/3932
f 4865/3553/3933 4867/3554/3852 4864/3552/3893
f 4866/3548/3934 4864/3552/3893 4867/3554/3852
f 4867/3554/3852 4865/3553/3933 4868/3554/3935
f 4866/3548/3934 4869/3551/3926 4862/3548/3926
f 4863/3551/3927 4862/3548/3926 4869/3551/3926
f 4867/3554/3852 4870/3551/3936 4866/3548/3934
f 4869/3551/3926 4866/3548/3934 4870/3551/3936
f 4868/3554/3935 4871/3555/3937 4867/3554/3852
f 4870/3551/3936 4867/3554/3852 4871/3555/3937
f 4871/3555/3937 4868/3554/3935 4872/3555/3938
f 4873/3556/3939 4871/3555/3937 4872/3555/3938
f 4874/3556/1203 4870/3551/3936 4871/3555/3937
f 4871/3555/3937 4873/3556/3939 4874/3556/1203
f 4875/3557/3940 4869/3551/3926 4870/3551/3936
f 4870/3551/3936 4874/3556/1203 4875/3557/3940
f 4873/3556/3939 4876/3556/3941 4874/3556/1203
f 4876/3556/3941 4875/3557/3940 4874/3556/1203
f 4873/3556/3939 4877/3556/3942 4876/3556/3941
f 4869/3551/3926 4875/3557/3940 4878/3557/3943
f 4878/3557/3943 4863/3551/3927 4869/3551/3926
f 4863/3551/3927 4878/3557/3943 4879/3557/3927
f 4879/3557/3927 4878/3557/3943 4880/3557/3944
f 4875/3557/3940 4876/3556/3941 4881/3557/3945
f 4878/3557/3943 4875/3557/3940 4881/3557/3945
f 4881/3557/3945 4876/3556/3941 4877/3556/3942
f 4878/3557/3943 4881/3557/3945 4880/3557/3944
f 4877/3556/3942 4882/3557/3946 4881/3557/3945
f 4880/3557/3944 4881/3557/3945 4882/3557/3946
f 4813/3558/3947 4883/3559/3948 4884/3560/3949
f 4813/3558/3947 4885/3561/3950 4883/3559/3948
f 4885/3561/3950 4813/3558/3947 4815/3562/3951
f 4815/3562/3951 4886/3563/3952 4885/3561/3950
f 4884/3560/3949 4811/3564/3953 4813/3558/3947
f 4886/3563/3952 4815/3562/3951 4819/3565/3954
f 4497/3566/750 4811/3564/3953 4884/3560/3949
f 4886/3563/3952 4819/3565/3954 4519/3567/3955
f 4811/3564/3953 4497/3566/750 4887/3568/3956
f 4887/3568/3956 4888/3569/3957 4811/3564/3953
f 4889/3570/3958 4887/3568/3956 4497/3566/750
f 4888/3569/3957 4814/3571/3959 4811/3564/3953
f 4889/3570/3958 4497/3566/750 4496/3572/3960
f 4814/3571/3959 4888/3569/3957 4890/3573/3961
f 4496/3572/3960 4891/3574/3962 4889/3570/3958
f 4890/3573/3961 4817/3575/3963 4814/3571/3959
f 4891/3574/3962 4496/3572/3960 4493/3576/3964
f 4817/3575/3963 4890/3573/3961 4892/3577/3965
f 4493/3576/3964 4893/3578/3966 4891/3574/3962
f 4892/3577/3965 4824/3579/3967 4817/3575/3963
f 4893/3578/3966 4493/3576/3964 4489/3580/3968
f 4824/3579/3967 4892/3577/3965 4894/3581/3961
f 4894/3581/3961 4828/3582/3969 4824/3579/3967
f 4828/3582/3969 4894/3581/3961 4895/3583/3970
f 4895/3583/3970 4832/3584/3971 4828/3582/3969
f 4832/3584/3971 4895/3583/3970 4896/3585/3972
f 4896/3585/3972 4836/3586/3973 4832/3584/3971
f 4836/3586/3973 4896/3585/3972 4897/3587/3974
f 4898/3588/3975 4836/3586/3973 4897/3587/3974
f 4837/3589/3976 4836/3586/3973 4898/3588/3975
f 4837/3589/3976 4898/3588/3975 4899/3590/3977
f 4899/3590/3977 4844/3591/3978 4837/3589/3976
f 4893/3578/3966 4489/3580/3968 4900/3592/3979
f 4899/3590/3977 4901/3593/3980 4844/3591/3978
f 4901/3593/3980 4899/3590/3977 4902/3594/3981
f 4903/3595/3982 4844/3591/3978 4901/3593/3980
f 4902/3594/3981 4904/3596/3983 4901/3593/3980
f 4842/3597/3984 4844/3591/3978 4903/3595/3982
f 4904/3596/3983 4902/3594/3981 4905/3598/3985
f 4842/3597/3984 4903/3595/3982 4906/3599/3986
f 4905/3598/3985 4907/3600/3987 4904/3596/3983
f 4907/3600/3987 4905/3598/3985 4908/3601/3988
f 4908/3601/3988 4909/3602/3989 4907/3600/3987
f 4909/3602/3989 4908/3601/3988 4910/3603/3990
f 4910/3603/3990 4911/3604/3991 4909/3602/3989
f 4911/3604/3991 4910/3603/3990 4912/3605/3992
f 4912/3605/3992 4913/3606/3993 4911/3604/3991
f 4913/3606/3993 4912/3605/3992 4914/3607/3994
f 4914/3607/3994 4915/3608/3995 4913/3606/3993
f 4915/3608/3995 4914/3607/3994 4916/3609/3996
f 4916/3609/3996 4917/3610/3997 4915/3608/3995
f 4917/3610/3997 4916/3609/3996 4918/3611/3998
f 4918/3611/3998 4919/3612/3999 4917/3610/3997
f 4919/3612/3999 4918/3611/3998 4920/3613/4000
f 4920/3613/4000 4921/3614/4001 4919/3612/3999
f 4921/3614/4001 4920/3613/4000 4922/3615/4002
f 4922/3615/4002 4923/3616/4003 4921/3614/4001
f 4923/3616/4003 4922/3615/4002 4924/3617/4004
f 4925/3618/4005 4923/3616/4003 4924/3617/4004
f 4923/3616/4003 4925/3618/4005 4926/3619/4006
f 4927/3620/4007 4926/3619/4006 4925/3618/4005
f 4926/3619/4006 4927/3620/4007 4928/3621/4008
f 4929/3622/4009 4928/3621/4008 4927/3620/4007
f 4928/3621/4008 4929/3622/4009 4930/3623/4010
f 4929/3622/4009 4931/3624/4011 4930/3623/4010
f 4931/3624/4011 4929/3622/4009 4932/3625/4012
f 4933/3626/4013 4931/3624/4011 4932/3625/4012
f 4934/3627/4014 4931/3624/4011 4933/3626/4013
f 4934/3627/4014 4933/3626/4013 4935/3628/4015
f 4935/3628/4015 4936/3629/4016 4934/3627/4014
f 4736/3630/4017 4934/3627/4014 4936/3629/4016
f 4737/3631/4018 4736/3630/4017 4936/3629/4016
f 4935/3628/4015 4737/3631/4018 4936/3629/4016
f 4737/3631/4018 4935/3628/4015 4937/3632/4019
f 4937/3632/4019 4741/3633/4020 4737/3631/4018
f 4741/3633/4020 4937/3632/4019 4938/3634/4021
f 4938/3634/4021 4939/3635/4022 4741/3633/4020
f 4939/3635/4022 4746/3636/443 4741/3633/4020
f 4939/3635/4022 4940/3637/4023 4746/3636/443
f 4940/3637/4023 4750/3638/4024 4746/3636/443
f 4940/3637/4023 4941/3639/4025 4750/3638/4024
f 4941/3639/4025 4754/3640/4026 4750/3638/4024
f 4941/3639/4025 4942/3641/4027 4754/3640/4026
f 4942/3641/4027 4765/3642/4028 4754/3640/4026
f 4942/3641/4027 4943/3643/4029 4765/3642/4028
f 4943/3643/4029 4769/3644/4030 4765/3642/4028
f 4943/3643/4029 4944/3645/4031 4769/3644/4030
f 4944/3645/4031 4772/3646/4032 4769/3644/4030
f 4944/3645/4031 4945/3647/4033 4772/3646/4032
f 4778/3648/4034 4772/3646/4032 4945/3647/4033
f 4900/3592/3979 4778/3648/4034 4945/3647/4033
f 4778/3648/4034 4900/3592/3979 4946/3649/4035
f 4778/3648/4034 4946/3649/4035 4779/3650/4036
f 4489/3580/3968 4946/3649/4035 4900/3592/3979
f 4489/3580/3968 4779/3650/4036 4946/3649/4035
f 4840/3651/4037 4842/3597/3984 4906/3599/3986
f 4947/3652/4038 4840/3651/4037 4906/3599/3986
f 4948/3653/3986 4947/3652/4038 4906/3599/3986
f 4840/3651/4037 4947/3652/4038 4949/3654/4039
f 4948/3653/3986 4950/3655/4040 4947/3652/4038
f 4949/3654/4039 4839/3656/4041 4840/3651/4037
f 4951/3657/4042 4950/3655/4040 4948/3653/3986
f 4839/3656/4041 4949/3654/4039 4952/3658/4043
f 4948/3653/3986 4953/3659/4044 4951/3657/4042
f 4954/3660/4045 4839/3656/4041 4952/3658/4043
f 4953/3659/4044 4955/3661/4046 4951/3657/4042
f 4839/3656/4041 4954/3660/4045 4834/3662/4047
f 4955/3661/4046 4953/3659/4044 4956/3663/4048
f 4957/3664/4045 4834/3662/4047 4954/3660/4045
f 4956/3663/4048 4958/3665/4049 4955/3661/4046
f 4834/3662/4047 4957/3664/4045 4830/3666/4050
f 4958/3665/4049 4956/3663/4048 4959/3667/4051
f 4960/3668/4052 4830/3666/4050 4957/3664/4045
f 4959/3667/4051 4961/3669/4053 4958/3665/4049
f 4830/3666/4050 4960/3668/4052 4826/3670/4054
f 4961/3669/4053 4959/3667/4051 4962/3671/4055
f 4963/3672/4052 4826/3670/4054 4960/3668/4052
f 4962/3671/4055 4964/3673/4056 4961/3669/4053
f 4826/3670/4054 4963/3672/4052 4822/3674/4057
f 4964/3673/4056 4962/3671/4055 4965/3675/4058
f 4966/3676/4059 4822/3674/4057 4963/3672/4052
f 4964/3673/4056 4965/3675/4058 4967/3677/4060
f 4822/3674/4057 4966/3676/4059 4820/3678/4061
f 4968/3679/4062 4964/3673/4056 4967/3677/4060
f 4966/3676/4059 4969/3680/4063 4820/3678/4061
f 4968/3679/4062 4967/3677/4060 4970/3681/4064
f 4819/3565/3954 4820/3678/4061 4969/3680/4063
f 4971/3682/4065 4968/3679/4062 4970/3681/4064
f 4819/3565/3954 4969/3680/4063 4972/3683/4066
f 4971/3682/4065 4970/3681/4064 4973/3684/4067
f 4819/3565/3954 4972/3683/4066 4519/3567/3955
f 4974/3685/4068 4971/3682/4065 4973/3684/4067
f 4972/3683/4066 4518/3686/4069 4519/3567/3955
f 4974/3685/4068 4973/3684/4067 4975/3687/4070
f 4518/3686/4069 4972/3683/4066 4976/3688/4071
f 4977/3689/4072 4974/3685/4068 4975/3687/4070
f 4976/3688/4071 4516/3690/4073 4518/3686/4069
f 4977/3689/4072 4975/3687/4070 4978/3691/4074
f 4976/3688/4071 4979/3692/4075 4516/3690/4073
f 4980/3693/4076 4977/3689/4072 4978/3691/4074
f 4979/3692/4077 4981/3694/4078 4516/3690/4079
f 4978/3691/4074 4982/3695/4080 4980/3693/4076
f 4979/3692/4077 4983/3696/4081 4981/3694/4078
f 4984/3697/4082 4980/3693/4076 4982/3695/4080
f 4983/3696/4081 4985/3698/4083 4981/3694/4078
f 4982/3695/4080 4986/3699/4084 4984/3697/4082
f 4983/3696/4081 4987/3700/4085 4985/3698/4083
f 4988/3701/4086 4984/3697/4082 4986/3699/4084
f 4987/3700/4085 4983/3696/4081 4989/3702/4087
f 4988/3701/4086 4986/3699/4084 4990/3703/4088
f 4989/3702/4087 4991/3704/4089 4987/3700/4085
f 4992/3705/4090 4988/3701/4086 4990/3703/4088
f 4991/3704/4089 4989/3702/4087 4993/3706/4091
f 4990/3703/4088 4993/3706/4091 4992/3705/4090
f 4993/3706/4091 4990/3703/4088 4991/3704/4089
f 4994/3707/4092 4995/3708/4093 4996/3709/4094
f 4994/3707/4092 4997/3708/4095 4995/3708/4093
f 4998/3710/4096 4994/3707/4092 4996/3709/4094
f 4997/3708/4095 4994/3707/4092 4999/3711/4097
f 4996/3709/4094 5000/3712/4098 4998/3710/4096
f 4999/3711/4097 5001/3713/4099 4997/3708/4095
f 5002/3714/4096 4998/3710/4096 5000/3712/4098
f 5001/3713/4099 4999/3711/4097 5003/3715/4100
f 5000/3712/4098 5004/3716/4101 5002/3714/4096
f 5003/3715/4100 5005/3717/4102 5001/3713/4099
f 5004/3716/4101 5000/3712/4098 5006/3718/4103
f 5005/3717/4102 5003/3715/4100 5007/3719/4104
f 5006/3718/4103 5008/3720/4105 5004/3716/4101
f 5007/3719/4104 5009/3721/4106 5005/3717/4102
f 5008/3720/4105 5006/3718/4103 5010/3722/4107
f 5009/3721/4106 5007/3719/4104 5011/3723/4108
f 5012/3724/4109 5008/3720/4105 5010/3722/4107
f 5011/3723/4108 5013/3725/4110 5009/3721/4106
f 5014/3726/4111 5008/3720/4105 5012/3724/4109
f 5013/3725/4110 5011/3723/4108 5015/3727/4112
f 5012/3724/4109 5016/3728/4113 5014/3726/4111
f 5015/3727/4112 5017/3729/4114 5013/3725/4110
f 5014/3726/4111 5016/3728/4113 5018/3730/4115
f 5017/3729/4114 5015/3727/4112 5019/3731/4116
f 5020/3732/4117 5018/3730/4115 5016/3728/4113
f 5019/3731/4116 5021/3733/4118 5017/3729/4114
f 5018/3730/4115 5020/3732/4117 5022/3734/4119
f 5021/3733/4118 5019/3731/4116 5023/3735/4120
f 5020/3732/4117 5024/3736/4121 5022/3734/4119
f 5023/3735/4120 5025/3737/4122 5021/3733/4118
f 5024/3736/4121 5020/3732/4117 5026/3738/4123
f 5025/3737/4122 5023/3735/4120 5027/3736/4124
f 5026/3738/4123 5027/3736/4124 5024/3736/4121
f 5027/3736/4124 5026/3738/4123 5025/3737/4122
f 5028/3739/4125 5029/3740/4126 5030/3741/4127
f 5030/3741/4127 5031/3742/4128 5028/3739/4125
f 5029/3740/4126 5028/3739/4125 5032/3743/4129
f 5033/3744/4130 5028/3739/4125 5031/3742/4128
f 5032/3743/4129 5034/3745/4131 5029/3740/4126
f 5031/3742/4128 5035/3707/4132 5033/3744/4130
f 5034/3745/4131 5032/3743/4129 5036/3746/4133
f 5035/3707/4132 5031/3742/4128 5037/3747/4134
f 5038/3745/4135 5034/3745/4131 5036/3746/4133
f 5039/3748/4136 5035/3707/4132 5037/3747/4134
f 5034/3745/4131 5038/3745/4135 5040/3749/4137
f 5041/3736/4138 5035/3707/4132 5039/3748/4136
f 5042/3750/4139 5040/3749/4137 5038/3745/4135
f 5039/3748/4136 5043/3751/4140 5041/3736/4138
f 5040/3749/4137 5042/3750/4139 5044/3749/4141
f 5041/3736/4138 5043/3751/4140 5045/3752/4142
f 5046/3753/4143 5044/3749/4141 5042/3750/4139
f 5043/3751/4140 5047/3754/4144 5045/3752/4142
f 5044/3749/4141 5046/3753/4143 5048/3755/4145
f 5047/3754/4144 5043/3751/4140 5049/3756/4146
f 5050/3757/4147 5048/3755/4145 5046/3753/4143
f 5051/3758/4148 5047/3754/4144 5049/3756/4146
f 5052/3759/4149 5048/3755/4145 5050/3757/4147
f 5047/3754/4144 5051/3758/4148 5053/3760/4150
f 5052/3759/4149 5050/3757/4147 5054/3761/4151
f 5055/3761/4152 5053/3760/4150 5051/3758/4148
f 5056/3762/4153 5052/3759/4149 5054/3761/4151
f 5057/3763/4154 5053/3760/4150 5055/3761/4152
f 5054/3761/4151 5057/3763/4154 5056/3762/4153
f 5056/3762/4153 5057/3763/4154 5055/3761/4152
f 5058/3764/4155 5059/3765/4156 5060/3766/4157
f 5059/3765/4156 5061/3767/4158 5060/3766/4157
f 5062/3768/4159 5058/3764/4155 5060/3766/4157
f 5063/3769/4160 5060/3766/4157 5061/3767/4158
f 5061/3767/4158 5064/3770/4161 5063/3769/4160
f 5060/3766/4157 5065/3771/4162 5062/3768/4159
f 5066/3770/4163 5063/3769/4160 5064/3770/4161
f 5066/3770/4163 5064/3770/4161 5067/3772/4164
f 5063/3769/4160 5068/3773/4165 5060/3766/4157
f 5069/3772/4166 5066/3770/4163 5067/3772/4164
f 5069/3772/4166 5067/3772/4164 5070/3772/4167
f 5063/3769/4160 5066/3770/4163 5071/3774/4168
f 5071/3774/4168 5068/3773/4165 5063/3769/4160
f 5069/3772/4166 5072/3775/4169 5066/3770/4163
f 5071/3774/4168 5066/3770/4163 5072/3775/4169
f 5070/3772/4167 5073/3776/4170 5069/3772/4166
f 5073/3776/4170 5070/3772/4167 5074/3777/4171
f 5072/3775/4169 5069/3772/4166 5075/3778/4172
f 5073/3776/4170 5075/3778/4172 5069/3772/4166
f 5072/3775/4169 5076/3779/4173 5071/3774/4168
f 5077/3780/4174 5072/3775/4169 5075/3778/4172
f 5072/3775/4169 5077/3780/4174 5076/3779/4173
f 5078/3781/4175 5071/3774/4168 5076/3779/4173
f 5071/3774/4168 5078/3781/4175 5068/3773/4165
f 5077/3780/4174 5079/3782/4176 5076/3779/4173
f 5078/3781/4175 5076/3779/4173 5079/3782/4176
f 5075/3778/4172 5080/3780/4177 5077/3780/4174
f 5080/3780/4177 5079/3782/4176 5077/3780/4174
f 5073/3776/4170 5081/3780/4178 5075/3778/4172
f 5080/3780/4177 5075/3778/4172 5081/3780/4178
f 5082/3777/4179 5081/3780/4178 5073/3776/4170
f 5082/3777/4179 5073/3776/4170 5074/3777/4171
f 5083/3780/4180 5080/3780/4177 5081/3780/4178
f 5081/3780/4178 5082/3777/4179 5083/3780/4180
f 5074/3777/4171 5084/3783/4181 5082/3777/4179
f 5084/3783/4181 5074/3777/4171 5085/3784/4182
f 5086/3785/4183 5084/3783/4181 5085/3784/4182
f 5082/3777/4179 5087/3786/4184 5083/3780/4180
f 5087/3786/4184 5082/3777/4179 5084/3783/4181
f 5080/3780/4177 5083/3780/4180 5088/3780/4185
f 5087/3786/4184 5088/3780/4185 5083/3780/4180
f 5088/3780/4185 5089/3787/4186 5080/3780/4177
f 5079/3782/4176 5080/3780/4177 5089/3787/4186
f 5088/3780/4185 5087/3786/4184 5090/3786/4187
f 5088/3780/4185 5090/3786/4187 5089/3787/4186
f 5087/3786/4184 5091/3788/4188 5090/3786/4187
f 5092/3789/4189 5089/3787/4186 5090/3786/4187
f 5091/3788/4188 5092/3789/4189 5090/3786/4187
f 5091/3788/4188 5087/3786/4184 5093/3788/4190
f 5093/3788/4190 5087/3786/4184 5084/3783/4181
f 5094/3788/4191 5092/3789/4189 5091/3788/4188
f 5094/3788/4191 5091/3788/4188 5093/3788/4190
f 5084/3783/4181 5086/3785/4183 5095/3785/4192
f 5095/3785/4192 5093/3788/4190 5084/3783/4181
f 5096/3790/4193 5095/3785/4192 5086/3785/4183
f 5097/3788/4194 5093/3788/4190 5095/3785/4192
f 5097/3788/4194 5094/3788/4191 5093/3788/4190
f 5095/3785/4192 5096/3790/4193 5098/3790/4195
f 5098/3790/4195 5097/3788/4194 5095/3785/4192
f 5099/3791/4196 5098/3790/4195 5096/3790/4193
f 5097/3788/4194 5100/3788/4197 5094/3788/4191
f 5101/3792/4198 5097/3788/4194 5098/3790/4195
f 5100/3788/4197 5097/3788/4194 5101/3792/4198
f 5098/3790/4195 5099/3791/4196 5102/3791/4199
f 5102/3791/4199 5101/3792/4198 5098/3790/4195
f 5099/3791/4196 5103/3793/4200 5102/3791/4199
f 5103/3793/4200 5099/3791/4196 5104/3793/4201
f 5102/3791/4199 5105/3794/4202 5101/3792/4198
f 5105/3794/4202 5102/3791/4199 5103/3793/4200
f 5105/3794/4202 5100/3788/4197 5101/3792/4198
f 5104/3793/4201 5106/3795/4203 5103/3793/4200
f 5106/3795/4203 5104/3793/4201 5107/3795/4204
f 5103/3793/4200 5108/3796/4205 5105/3794/4202
f 5108/3796/4205 5103/3793/4200 5106/3795/4203
f 5100/3788/4197 5105/3794/4202 5109/3797/4206
f 5108/3796/4205 5109/3797/4206 5105/3794/4202
f 5094/3788/4191 5100/3788/4197 5110/3798/4207
f 5110/3798/4207 5100/3788/4197 5109/3797/4206
f 5092/3789/4189 5094/3788/4191 5110/3798/4207
f 5111/3799/4208 5109/3797/4206 5108/3796/4205
f 5110/3798/4207 5109/3797/4206 5111/3799/4208
f 5111/3799/4208 5108/3796/4205 5112/3799/4209
f 5108/3796/4205 5106/3795/4203 5112/3799/4209
f 5111/3799/4208 5113/3800/4210 5110/3798/4207
f 5112/3799/4209 5113/3800/4210 5111/3799/4208
f 5110/3798/4207 5114/3801/4211 5092/3789/4189
f 5113/3800/4210 5112/3799/4209 5115/3802/4212
f 5116/3801/4213 5110/3798/4207 5113/3800/4210
f 5110/3798/4207 5116/3801/4213 5114/3801/4211
f 5115/3802/4212 5117/3803/4214 5113/3800/4210
f 5113/3800/4210 5117/3803/4214 5116/3801/4213
f 5118/3804/4215 5115/3802/4212 5112/3799/4209
f 5106/3795/4203 5118/3804/4215 5112/3799/4209
f 5117/3803/4214 5115/3802/4212 5119/3803/4216
f 5118/3804/4215 5119/3803/4216 5115/3802/4212
f 5118/3804/4215 5106/3795/4203 5120/3805/4217
f 5120/3805/4217 5106/3795/4203 5107/3795/4204
f 5120/3805/4217 5107/3795/4204 5121/3806/4218
f 5122/3807/4219 5120/3805/4217 5121/3806/4218
f 5122/3807/4219 5123/3808/4220 5120/3805/4217
f 5118/3804/4215 5120/3805/4217 5123/3808/4220
f 5122/3807/4219 5058/3809/4155 5123/3808/4220
f 5058/3809/4155 5062/3810/4159 5123/3808/4220
f 5123/3808/4220 5062/3810/4159 5124/3811/4221
f 5123/3808/4220 5125/3812/4222 5118/3804/4215
f 5119/3803/4216 5118/3804/4215 5125/3812/4222
f 5124/3811/4221 5126/3813/4223 5123/3808/4220
f 5125/3812/4222 5123/3808/4220 5126/3813/4223
f 5126/3813/4223 5124/3811/4221 5127/3814/4224
f 5128/3815/4225 5119/3803/4216 5125/3812/4222
f 5119/3803/4216 5128/3815/4225 5117/3803/4214
f 5126/3813/4223 5129/3816/4226 5125/3812/4222
f 5125/3812/4222 5129/3816/4226 5128/3815/4225
f 5130/3817/4227 5126/3813/4223 5127/3814/4224
f 5129/3816/4226 5126/3813/4223 5130/3817/4227
f 5127/3814/4224 5131/3758/4228 5130/3817/4227
f 5131/3758/4228 5127/3814/4224 5132/3818/4229
f 5130/3817/4227 5133/3819/4226 5129/3816/4226
f 5133/3819/4226 5130/3817/4227 5131/3758/4228
f 5134/3820/4226 5128/3815/4225 5129/3816/4226
f 5129/3816/4226 5133/3819/4226 5134/3820/4226
f 5132/3818/4229 5135/3821/4230 5131/3758/4228
f 5135/3821/4230 5132/3818/4229 5136/3822/4231
f 5131/3758/4228 5137/3823/4232 5133/3819/4226
f 5137/3823/4232 5131/3758/4228 5135/3821/4230
f 5137/3823/4232 5134/3820/4226 5133/3819/4226
f 5136/3822/4231 5138/3731/4233 5135/3821/4230
f 5138/3731/4233 5136/3822/4231 5139/3824/4234
f 5135/3821/4230 5140/3825/4235 5137/3823/4232
f 5140/3825/4235 5135/3821/4230 5138/3731/4233
f 5139/3824/4234 5141/3826/4236 5138/3731/4233
f 5141/3826/4236 5140/3825/4235 5138/3731/4233
f 5141/3826/4236 5139/3824/4234 5142/3827/4237
f 5140/3825/4235 5143/3828/4238 5137/3823/4232
f 5134/3820/4226 5137/3823/4232 5143/3828/4238
f 5140/3825/4235 5141/3826/4236 5144/3829/4239
f 5142/3827/4237 5145/3830/4240 5141/3826/4236
f 5141/3826/4236 5145/3830/4240 5144/3829/4239
f 5145/3830/4240 5142/3827/4237 5146/3831/4241
f 5147/3832/4242 5145/3830/4240 5146/3831/4241
f 5147/3832/4242 5148/3833/4243 5145/3830/4240
f 5149/3834/4244 5145/3830/4240 5148/3833/4243
f 5149/3834/4244 5148/3833/4243 5150/3834/4245
f 5145/3830/4240 5149/3834/4244 5151/3835/4246
f 5144/3829/4239 5145/3830/4240 5151/3835/4246
f 5152/3836/4247 5149/3834/4244 5150/3834/4245
f 5151/3835/4246 5149/3834/4244 5152/3836/4247
f 5150/3834/4245 5153/3837/4248 5152/3836/4247
f 5154/3838/4249 5144/3829/4239 5151/3835/4246
f 5155/3839/4250 5140/3825/4235 5144/3829/4239
f 5154/3838/4249 5155/3839/4250 5144/3829/4239
f 5143/3828/4238 5140/3825/4235 5155/3839/4250
f 5151/3835/4246 5156/3840/4251 5154/3838/4249
f 5151/3835/4246 5152/3836/4247 5156/3840/4251
f 5155/3839/4250 5154/3838/4249 5157/3723/4252
f 5155/3839/4250 5158/3841/4253 5143/3828/4238
f 5158/3841/4253 5155/3839/4250 5157/3723/4252
f 5159/3842/4254 5157/3723/4252 5154/3838/4249
f 5156/3840/4251 5159/3842/4254 5154/3838/4249
f 5158/3841/4253 5157/3723/4252 5160/3843/4255
f 5157/3723/4252 5159/3842/4254 5160/3843/4255
f 5161/3844/4256 5143/3828/4238 5158/3841/4253
f 5143/3828/4238 5161/3844/4256 5134/3820/4226
f 5158/3841/4253 5160/3843/4255 5162/3845/4253
f 5163/3846/4257 5134/3820/4226 5161/3844/4256
f 5134/3820/4226 5163/3846/4257 5128/3815/4225
f 5163/3846/4257 5117/3803/4214 5128/3815/4225
f 5158/3841/4253 5164/3847/4256 5161/3844/4256
f 5164/3847/4256 5158/3841/4253 5162/3845/4253
f 5163/3846/4257 5161/3844/4256 5165/3848/4258
f 5164/3847/4256 5165/3848/4258 5161/3844/4256
f 5163/3846/4257 5166/3849/4259 5117/3803/4214
f 5166/3849/4259 5163/3846/4257 5165/3848/4258
f 5166/3849/4259 5116/3801/4213 5117/3803/4214
f 5165/3848/4258 5164/3847/4256 5167/3850/4260
f 5164/3847/4256 5162/3845/4253 5167/3850/4260
f 5166/3849/4259 5165/3848/4258 5168/3848/4261
f 5165/3848/4258 5167/3850/4260 5168/3848/4261
f 5169/3849/4262 5116/3801/4213 5166/3849/4259
f 5166/3849/4259 5168/3848/4261 5169/3849/4262
f 5116/3801/4213 5169/3849/4262 5114/3801/4211
f 5170/3851/1130 5168/3848/4261 5167/3850/4260
f 5171/3852/4263 5169/3849/4262 5168/3848/4261
f 5168/3848/4261 5170/3851/1130 5171/3852/4263
f 5172/3853/4264 5114/3801/4211 5169/3849/4262
f 5169/3849/4262 5171/3852/4263 5172/3853/4264
f 5114/3801/4211 5172/3853/4264 5173/3854/4265
f 5173/3854/4265 5092/3789/4189 5114/3801/4211
f 5092/3789/4189 5173/3854/4265 5089/3787/4186
f 5173/3854/4265 5079/3782/4176 5089/3787/4186
f 5172/3853/4264 5174/3855/4266 5173/3854/4265
f 5079/3782/4176 5173/3854/4265 5174/3855/4266
f 5171/3852/4263 5175/3856/4267 5172/3853/4264
f 5174/3855/4266 5172/3853/4264 5175/3856/4267
f 5079/3782/4176 5174/3855/4266 5176/3857/4268
f 5079/3782/4176 5176/3857/4268 5078/3781/4175
f 5078/3781/4175 5176/3857/4268 5068/3773/4165
f 5174/3855/4266 5177/3858/4269 5176/3857/4268
f 5174/3855/4266 5175/3856/4267 5177/3858/4269
f 5178/3859/4270 5068/3773/4165 5176/3857/4268
f 5177/3858/4269 5178/3859/4270 5176/3857/4268
f 5178/3859/4270 5060/3766/4157 5068/3773/4165
f 5060/3766/4157 5178/3859/4270 5065/3771/4162
f 5178/3859/4270 5177/3858/4269 5179/3860/4271
f 5179/3860/4271 5065/3771/4162 5178/3859/4270
f 5175/3856/4267 5180/3861/4272 5177/3858/4269
f 5180/3861/4272 5179/3860/4271 5177/3858/4269
f 5175/3856/4267 5171/3852/4263 5181/3862/4273
f 5175/3856/4267 5181/3862/4273 5180/3861/4272
f 5170/3851/1130 5181/3862/4273 5171/3852/4263
f 5065/3771/4162 5179/3860/4271 5182/3863/4274
f 5182/3863/4274 5062/3768/4159 5065/3771/4162
f 5062/3768/4159 5182/3863/4274 5124/3864/4221
f 5179/3860/4271 5183/3865/4275 5182/3863/4274
f 5179/3860/4271 5180/3861/4272 5183/3865/4275
f 5184/3866/4276 5124/3864/4221 5182/3863/4274
f 5184/3866/4276 5182/3863/4274 5183/3865/4275
f 5124/3864/4221 5184/3866/4276 5127/3867/4224
f 5184/3866/4276 5132/3868/4229 5127/3867/4224
f 5185/3869/4277 5183/3865/4275 5180/3861/4272
f 5181/3862/4273 5185/3869/4277 5180/3861/4272
f 5183/3865/4275 5186/3870/4278 5184/3866/4276
f 5183/3865/4275 5185/3869/4277 5186/3870/4278
f 5184/3866/4276 5187/3871/4276 5132/3868/4229
f 5187/3871/4276 5184/3866/4276 5186/3870/4278
f 5187/3871/4276 5136/3872/4231 5132/3868/4229
f 5186/3870/4278 5188/3873/4279 5187/3871/4276
f 5185/3869/4277 5188/3873/4279 5186/3870/4278
f 5187/3871/4276 5189/3874/4280 5136/3872/4231
f 5189/3874/4280 5187/3871/4276 5188/3873/4279
f 5190/3875/4281 5136/3872/4231 5189/3874/4280
f 5188/3873/4279 5190/3875/4281 5189/3874/4280
f 5136/3872/4231 5190/3875/4281 5139/3876/4234
f 5190/3875/4281 5142/3877/4237 5139/3876/4234
f 5142/3877/4237 5190/3875/4281 5191/3878/4282
f 5191/3878/4282 5146/3879/4241 5142/3877/4237
f 5190/3875/4281 5188/3873/4279 5192/3880/4283
f 5192/3880/4283 5191/3878/4282 5190/3875/4281
f 5146/3879/4241 5191/3878/4282 5193/3878/4284
f 5192/3880/4283 5194/3881/4285 5191/3878/4282
f 5191/3878/4282 5194/3881/4285 5193/3878/4284
f 5195/3882/4286 5146/3879/4241 5193/3878/4284
f 5194/3881/4285 5195/3882/4286 5193/3878/4284
f 5146/3879/4241 5195/3882/4286 5147/3883/4242
f 5195/3882/4286 5196/3884/4287 5147/3883/4242
f 5197/3880/4288 5194/3881/4285 5192/3880/4283
f 5192/3880/4283 5188/3873/4279 5197/3880/4288
f 5195/3882/4286 5198/3885/4289 5196/3884/4287
f 5199/3886/4290 5196/3884/4287 5198/3885/4289
f 5195/3882/4286 5194/3881/4285 5200/3887/4291
f 5200/3887/4291 5198/3885/4289 5195/3882/4286
f 5201/3881/4292 5200/3887/4291 5194/3881/4285
f 5197/3880/4288 5201/3881/4292 5194/3881/4285
f 5198/3885/4289 5200/3887/4291 5202/3888/4293
f 5203/3873/4294 5197/3880/4288 5188/3873/4279
f 5188/3873/4279 5185/3869/4277 5203/3873/4294
f 5204/3889/4295 5202/3888/4293 5200/3887/4291
f 5201/3881/4292 5204/3889/4295 5200/3887/4291
f 5205/3890/4296 5198/3885/4289 5202/3888/4293
f 5202/3888/4293 5204/3889/4295 5206/3891/4297
f 5206/3891/4297 5205/3890/4296 5202/3888/4293
f 5198/3885/4289 5207/3892/4298 5199/3886/4290
f 5198/3885/4289 5205/3890/4296 5207/3892/4298
f 5208/3893/4299 5199/3886/4290 5207/3892/4298
f 5205/3890/4296 5206/3891/4297 5209/3894/4300
f 5207/3892/4298 5210/3895/4301 5208/3893/4299
f 5211/3895/4302 5208/3893/4299 5210/3895/4301
f 5207/3892/4298 5205/3890/4296 5212/3896/4303
f 5209/3894/4300 5212/3896/4303 5205/3890/4296
f 5210/3895/4301 5213/3895/4304 5211/3895/4302
f 5207/3892/4298 5212/3896/4303 5214/3897/4305
f 5214/3897/4305 5210/3895/4301 5207/3892/4298
f 5212/3896/4303 5209/3894/4300 5215/3898/4306
f 5215/3898/4306 5214/3897/4305 5212/3896/4303
f 5213/3895/4304 5210/3895/4301 5216/3899/4307
f 5217/3900/4308 5210/3895/4301 5214/3897/4305
f 5210/3895/4301 5217/3900/4308 5216/3899/4307
f 5214/3897/4305 5215/3898/4306 5217/3900/4308
f 5218/3901/4309 5213/3895/4304 5216/3899/4307
f 5218/3901/4309 5216/3899/4307 5217/3900/4308
f 5219/3901/4310 5213/3895/4304 5218/3901/4309
f 5218/3901/4309 5220/3902/4311 5219/3901/4310
f 5215/3898/4306 5221/3903/4312 5217/3900/4308
f 5220/3902/4311 5218/3901/4309 5222/3904/4313
f 5222/3904/4313 5223/3905/4314 5220/3902/4311
f 5218/3901/4309 5217/3900/4308 5224/3906/4315
f 5218/3901/4309 5224/3906/4315 5222/3904/4313
f 5221/3903/4312 5224/3906/4315 5217/3900/4308
f 5223/3905/4314 5222/3904/4313 5225/3905/4316
f 5225/3905/4316 5226/3907/4317 5223/3905/4314
f 5227/3906/4318 5222/3904/4313 5224/3906/4315
f 5226/3907/4317 5225/3905/4316 5228/3907/4319
f 5229/3908/4320 5226/3907/4317 5228/3907/4319
f 5222/3904/4313 5230/3909/4321 5225/3905/4316
f 5230/3909/4321 5222/3904/4313 5227/3906/4318
f 5230/3909/4321 5228/3907/4319 5225/3905/4316
f 5231/3906/4322 5227/3906/4318 5224/3906/4315
f 5224/3906/4315 5221/3903/4312 5231/3906/4322
f 5230/3909/4321 5227/3906/4318 5232/3910/4323
f 5227/3906/4318 5231/3906/4322 5232/3910/4323
f 5231/3906/4322 5221/3903/4312 5233/3911/4300
f 5233/3911/4300 5221/3903/4312 5215/3898/4306
f 5233/3911/4300 5215/3898/4306 5209/3894/4300
f 5206/3891/4297 5233/3911/4300 5209/3894/4300
f 5231/3906/4322 5234/3912/4324 5232/3910/4323
f 5234/3912/4324 5231/3906/4322 5233/3911/4300
f 5233/3911/4300 5206/3891/4297 5235/3913/4325
f 5206/3891/4297 5204/3889/4295 5235/3913/4325
f 5233/3911/4300 5236/3914/4326 5234/3912/4324
f 5236/3914/4326 5233/3911/4300 5235/3913/4325
f 5237/3915/4327 5232/3910/4323 5234/3912/4324
f 5230/3909/4321 5232/3910/4323 5237/3915/4327
f 5238/3916/4328 5234/3912/4324 5236/3914/4326
f 5237/3915/4327 5234/3912/4324 5238/3916/4328
f 5239/3917/4329 5230/3909/4321 5237/3915/4327
f 5238/3916/4328 5239/3917/4329 5237/3915/4327
f 5230/3909/4321 5239/3917/4329 5240/3918/4330
f 5228/3907/4319 5230/3909/4321 5240/3918/4330
f 5238/3916/4328 5241/3919/4331 5239/3917/4329
f 5241/3919/4331 5240/3918/4330 5239/3917/4329
f 5242/3920/4332 5228/3907/4319 5240/3918/4330
f 5240/3918/4330 5241/3919/4331 5242/3920/4332
f 5228/3907/4319 5242/3920/4332 5243/3921/4333
f 5229/3908/4320 5228/3907/4319 5243/3921/4333
f 5244/3922/4334 5229/3908/4320 5243/3921/4333
f 5245/3919/4335 5242/3920/4332 5241/3919/4331
f 5243/3921/4333 5246/3922/4336 5244/3922/4334
f 5247/3923/4337 5244/3922/4334 5246/3922/4336
f 5248/3921/4338 5243/3921/4333 5242/3920/4332
f 5246/3922/4336 5243/3921/4333 5248/3921/4338
f 5242/3920/4332 5245/3919/4335 5248/3921/4338
f 5246/3922/4336 5249/3923/4339 5247/3923/4337
f 5249/3923/4339 5246/3922/4336 5248/3921/4338
f 5250/3924/4340 5247/3923/4337 5249/3923/4339
f 5251/3925/4335 5248/3921/4338 5245/3919/4335
f 5249/3923/4339 5252/3926/4341 5250/3924/4340
f 5153/3837/4248 5250/3924/4340 5252/3926/4341
f 5248/3921/4338 5253/3925/4342 5249/3923/4339
f 5253/3925/4342 5252/3926/4341 5249/3923/4339
f 5248/3921/4338 5251/3925/4335 5253/3925/4342
f 5153/3837/4248 5252/3926/4341 5152/3836/4247
f 5254/3927/4343 5253/3925/4342 5251/3925/4335
f 5253/3925/4342 5254/3927/4343 5252/3926/4341
f 5252/3926/4341 5255/3928/4343 5152/3836/4247
f 5252/3926/4341 5254/3927/4343 5255/3928/4343
f 5152/3836/4247 5255/3928/4343 5256/3929/4344
f 5152/3836/4247 5256/3929/4344 5156/3840/4251
f 5254/3927/4343 5257/3930/4345 5255/3928/4343
f 5256/3929/4344 5255/3928/4343 5257/3930/4345
f 5251/3925/4335 5257/3930/4345 5254/3927/4343
f 5256/3929/4344 5258/3931/4346 5156/3840/4251
f 5159/3842/4254 5156/3840/4251 5258/3931/4346
f 5257/3930/4345 5259/3932/4347 5256/3929/4344
f 5258/3931/4346 5256/3929/4344 5259/3932/4347
f 5251/3925/4335 5260/3916/4345 5257/3930/4345
f 5260/3916/4345 5259/3932/4347 5257/3930/4345
f 5245/3919/4335 5260/3916/4345 5251/3925/4335
f 5241/3919/4331 5260/3916/4345 5245/3919/4335
f 5241/3919/4331 5238/3916/4328 5260/3916/4345
f 5258/3931/4346 5259/3932/4347 5261/3933/3983
f 5259/3932/4347 5260/3916/4345 5261/3933/3983
f 5262/3933/4348 5260/3916/4345 5238/3916/4328
f 5260/3916/4345 5262/3933/4348 5261/3933/3983
f 5262/3933/4348 5238/3916/4328 5236/3914/4326
f 5258/3931/4346 5261/3933/3983 5263/3934/4349
f 5263/3934/4349 5159/3842/4254 5258/3931/4346
f 5262/3933/4348 5264/3935/4350 5261/3933/3983
f 5263/3934/4349 5261/3933/3983 5264/3935/4350
f 5262/3933/4348 5236/3914/4326 5265/3936/4351
f 5264/3935/4350 5262/3933/4348 5265/3936/4351
f 5235/3913/4325 5265/3936/4351 5236/3914/4326
f 5159/3842/4254 5263/3934/4349 5266/3937/4352
f 5266/3937/4352 5160/3843/4255 5159/3842/4254
f 5265/3936/4351 5235/3913/4325 5267/3938/4295
f 5267/3938/4295 5235/3913/4325 5204/3889/4295
f 5201/3881/4292 5267/3938/4295 5204/3889/4295
f 5268/3939/4353 5265/3936/4351 5267/3938/4295
f 5264/3935/4350 5265/3936/4351 5268/3939/4353
f 5267/3938/4295 5201/3881/4292 5269/3940/4292
f 5268/3939/4353 5267/3938/4295 5269/3940/4292
f 5197/3880/4288 5269/3940/4292 5201/3881/4292
f 5270/3941/4354 5264/3935/4350 5268/3939/4353
f 5270/3941/4354 5263/3934/4349 5264/3935/4350
f 5263/3934/4349 5270/3941/4354 5266/3937/4352
f 5269/3940/4292 5197/3880/4288 5271/3942/4288
f 5197/3880/4288 5203/3873/4294 5271/3942/4288
f 5272/3943/4355 5268/3939/4353 5269/3940/4292
f 5272/3943/4355 5269/3940/4292 5271/3942/4288
f 5270/3941/4354 5268/3939/4353 5272/3943/4355
f 5273/3944/4356 5271/3942/4288 5203/3873/4294
f 5273/3944/4356 5272/3943/4355 5271/3942/4288
f 5185/3869/4277 5273/3944/4356 5203/3873/4294
f 5274/3945/4357 5270/3941/4354 5272/3943/4355
f 5274/3945/4357 5266/3937/4352 5270/3941/4354
f 5266/3937/4352 5274/3945/4357 5160/3843/4255
f 5274/3945/4357 5162/3845/4253 5160/3843/4255
f 5273/3944/4356 5185/3869/4277 5275/3946/4277
f 5181/3862/4273 5275/3946/4277 5185/3869/4277
f 5181/3862/4273 5170/3851/1130 5275/3946/4277
f 5275/3946/4277 5276/3947/4358 5273/3944/4356
f 5276/3947/4358 5275/3946/4277 5170/3851/1130
f 5272/3943/4355 5273/3944/4356 5276/3947/4358
f 5272/3943/4355 5276/3947/4358 5274/3945/4357
f 5276/3947/4358 5170/3851/1130 5277/3845/4359
f 5277/3845/4359 5274/3945/4357 5276/3947/4358
f 5162/3845/4253 5274/3945/4357 5277/3845/4359
f 5167/3850/4260 5277/3845/4359 5170/3851/1130
f 5277/3845/4359 5167/3850/4260 5162/3845/4253
f 5278/3948/4360 5279/3949/4361 5280/3950/4362
f 5279/3949/4361 5281/3951/4363 5280/3950/4362
f 5280/3950/4362 5282/3952/4364 5278/3948/4360
f 5282/3952/4364 5283/3953/2266 5278/3948/4360
f 5280/3950/4362 5281/3951/4363 5284/3954/3497
f 5282/3952/4364 5280/3950/4362 5284/3954/3497
f 5283/3953/2266 5282/3952/4364 5285/3955/4365
f 5281/3951/4363 5286/3956/4366 5284/3954/3497
f 5281/3951/4363 5287/3957/4367 5286/3956/4366
f 5284/3954/3497 5288/3958/4368 5282/3952/4364
f 5288/3958/4368 5285/3955/4365 5282/3952/4364
f 5289/3959/4369 5286/3956/4366 5287/3957/4367
f 5289/3959/4369 5287/3957/4367 5290/3960/4370
f 5291/3961/4371 5283/3953/2266 5285/3955/4365
f 5283/3953/2266 5291/3961/4371 5292/3962/4372
f 5293/3963/4373 5289/3959/4369 5290/3960/4370
f 5293/3963/4373 5290/3960/4370 5294/3964/4374
f 5291/3961/4371 5295/3965/4375 5292/3962/4372
f 5292/3962/4372 5295/3965/4375 5296/3966/4376
f 5294/3964/4374 5297/3967/4377 5293/3963/4373
f 5297/3967/4377 5294/3964/4374 5298/3968/4378
f 5299/3969/4379 5296/3966/4376 5295/3965/4375
f 5296/3966/4376 5299/3969/4379 5300/3970/4380
f 5298/3968/4378 5301/3971/1725 5297/3967/4377
f 5301/3971/1725 5298/3968/4378 5302/3972/4381
f 5303/3973/4382 5293/3963/4373 5297/3967/4377
f 5301/3971/1725 5303/3973/4382 5297/3967/4377
f 5293/3963/4373 5303/3973/4382 5304/3974/4383
f 5304/3974/4383 5289/3959/4369 5293/3963/4373
f 5305/3975/4384 5303/3973/4382 5301/3971/1725
f 5289/3959/4369 5304/3974/4383 5306/3976/4385
f 5306/3976/4385 5286/3956/4366 5289/3959/4369
f 5307/3977/4386 5304/3974/4383 5303/3973/4382
f 5305/3975/4384 5307/3977/4386 5303/3973/4382
f 5308/3978/4387 5306/3976/4385 5304/3974/4383
f 5304/3974/4383 5307/3977/4386 5308/3978/4387
f 5286/3956/4366 5306/3976/4385 5309/3979/4388
f 5309/3979/4388 5284/3954/3497 5286/3956/4366
f 5306/3976/4385 5308/3978/4387 5310/3980/4389
f 5310/3980/4389 5309/3979/4388 5306/3976/4385
f 5311/3977/4390 5308/3978/4387 5307/3977/4386
f 5308/3978/4387 5311/3977/4390 5312/3978/3975
f 5312/3978/3975 5310/3980/4389 5308/3978/4387
f 5307/3977/4386 5313/3981/4391 5311/3977/4390
f 5310/3980/4389 5312/3978/3975 5314/3982/4392
f 5310/3980/4389 5314/3982/4392 5315/3983/4393
f 5309/3979/4388 5310/3980/4389 5315/3983/4393
f 5313/3981/4391 5307/3977/4386 5316/3984/4394
f 5316/3984/4394 5307/3977/4386 5305/3975/4384
f 5316/3984/4394 5317/3985/4395 5313/3981/4391
f 5315/3983/4393 5318/3986/4396 5309/3979/4388
f 5284/3954/3497 5309/3979/4388 5318/3986/4396
f 5318/3986/4396 5315/3983/4393 5319/3987/4397
f 5288/3958/4368 5284/3954/3497 5318/3986/4396
f 5320/3988/4398 5318/3986/4396 5319/3987/4397
f 5318/3986/4396 5320/3988/4398 5288/3958/4368
f 5319/3987/4397 5321/3989/4399 5320/3988/4398
f 5320/3988/4398 5322/3990/4400 5288/3958/4368
f 5285/3955/4365 5288/3958/4368 5322/3990/4400
f 5322/3990/4400 5291/3961/4371 5285/3955/4365
f 5323/3991/4401 5320/3988/4398 5321/3989/4399
f 5322/3990/4400 5320/3988/4398 5323/3991/4401
f 5321/3989/4399 5324/3992/4402 5323/3991/4401
f 5291/3961/4371 5322/3990/4400 5325/3993/4403
f 5323/3991/4401 5325/3993/4403 5322/3990/4400
f 5295/3965/4375 5291/3961/4371 5325/3993/4403
f 5324/3992/4402 5326/3994/4404 5323/3991/4401
f 5325/3993/4403 5323/3991/4401 5326/3994/4404
f 5326/3994/4404 5324/3992/4402 5327/3995/4405
f 5325/3993/4403 5328/3996/4406 5295/3965/4375
f 5326/3994/4404 5328/3996/4406 5325/3993/4403
f 5328/3996/4406 5299/3969/4379 5295/3965/4375
f 5327/3995/4405 5329/3997/4407 5326/3994/4404
f 5326/3994/4404 5329/3997/4407 5328/3996/4406
f 5329/3997/4407 5327/3995/4405 5330/3998/4408
f 5299/3969/4379 5328/3996/4406 5331/3999/4409
f 5329/3997/4407 5331/3999/4409 5328/3996/4406
f 5330/3998/4408 5332/4000/4410 5329/3997/4407
f 5331/3999/4409 5329/3997/4407 5332/4000/4410
f 5332/4000/4410 5330/3998/4408 5333/4001/4411
f 5331/3999/4409 5334/4002/4412 5299/3969/4379
f 5334/4002/4412 5300/3970/4380 5299/3969/4379
f 5300/3970/4380 5334/4002/4412 5335/4003/4413
f 5334/4002/4412 5336/4004/4414 5335/4003/4413
f 5332/4000/4410 5337/4005/4415 5331/3999/4409
f 5334/4002/4412 5331/3999/4409 5337/4005/4415
f 5333/4001/4411 5338/4006/4416 5332/4000/4410
f 5337/4005/4415 5332/4000/4410 5338/4006/4416
f 5338/4006/4416 5333/4001/4411 5339/4007/4417
f 5334/4002/4412 5340/4008/4418 5336/4004/4414
f 5337/4005/4415 5340/4008/4418 5334/4002/4412
f 5340/4008/4418 5341/4009/4419 5336/4004/4414
f 5338/4006/4416 5342/4010/4420 5337/4005/4415
f 5340/4008/4418 5337/4005/4415 5342/4010/4420
f 5339/4007/4417 5343/4011/4421 5338/4006/4416
f 5342/4010/4420 5338/4006/4416 5343/4011/4421
f 5339/4007/4417 5344/4012/4422 5343/4011/4421
f 5345/4013/4423 5340/4008/4418 5342/4010/4420
f 5343/4011/4421 5345/4013/4423 5342/4010/4420
f 5340/4008/4418 5346/4014/4424 5341/4009/4419
f 5340/4008/4418 5345/4013/4423 5346/4014/4424
f 5346/4014/4424 5347/4015/4425 5341/4009/4419
f 5344/4012/4422 5348/4016/4426 5343/4011/4421
f 5345/4013/4423 5343/4011/4421 5348/4016/4426
f 5348/4016/4426 5344/4012/4422 5349/4017/166
f 5350/4018/2104 5348/4016/4426 5349/4017/166
f 5345/4013/4423 5351/4019/4427 5346/4014/4424
f 5347/4015/4425 5346/4014/4424 5351/4019/4427
f 5348/4016/4426 5352/4020/4428 5345/4013/4423
f 5351/4019/4427 5345/4013/4423 5352/4020/4428
f 5353/4021/4429 5347/4015/4425 5351/4019/4427
f 5353/4021/4429 5351/4019/4427 5352/4020/4428
f 5347/4015/4425 5353/4021/4429 5354/4022/4430
f 5352/4020/4428 5348/4016/4426 5355/4023/1112
f 5348/4016/4426 5350/4018/2104 5355/4023/1112
f 5352/4020/4428 5356/4024/4431 5353/4021/4429
f 5356/4024/4431 5352/4020/4428 5355/4023/1112
f 5357/4025/4432 5354/4022/4430 5353/4021/4429
f 5357/4025/4432 5353/4021/4429 5356/4024/4431
f 5354/4022/4430 5357/4025/4432 5358/4026/4433
f 5350/4018/2104 5359/4027/4434 5355/4023/1112
f 5355/4023/1112 5359/4027/4434 5356/4024/4431
f 5359/4027/4434 5350/4018/2104 5360/4028/4435
f 5361/4029/4436 5356/4024/4431 5359/4027/4434
f 5356/4024/4431 5361/4029/4436 5357/4025/4432
f 5360/4028/4435 5362/4030/4437 5359/4027/4434
f 5359/4027/4434 5362/4030/4437 5361/4029/4436
f 5362/4030/4437 5360/4028/4435 5363/4031/4438
f 5364/4032/4439 5362/4030/4437 5363/4031/4438
f 5364/4032/4439 5361/4029/4436 5362/4030/4437
f 5363/4031/4438 5365/4033/4440 5364/4032/4439
f 5366/4034/4441 5357/4025/4432 5361/4029/4436
f 5361/4029/4436 5364/4032/4439 5366/4034/4441
f 5365/4033/4440 5367/4035/4442 5364/4032/4439
f 5367/4035/4442 5366/4034/4441 5364/4032/4439
f 5367/4035/4442 5365/4033/4440 5368/4036/4443
f 5357/4025/4432 5366/4034/4441 5369/4037/4444
f 5369/4037/4444 5358/4026/4433 5357/4025/4432
f 5358/4026/4433 5369/4037/4444 5370/4038/4445
f 5366/4034/4441 5367/4035/4442 5371/4039/4446
f 5371/4039/4446 5369/4037/4444 5366/4034/4441
f 5368/4036/4443 5372/4040/4447 5367/4035/4442
f 5372/4040/4447 5371/4039/4446 5367/4035/4442
f 5372/4040/4447 5368/4036/4443 5373/4041/4448
f 5374/4042/4449 5370/4038/4445 5369/4037/4444
f 5369/4037/4444 5371/4039/4446 5374/4042/4449
f 5370/4038/4445 5374/4042/4449 5375/4043/4450
f 5371/4039/4446 5372/4040/4447 5376/4044/4451
f 5376/4044/4451 5374/4042/4449 5371/4039/4446
f 5373/4041/4448 5377/4045/4452 5372/4040/4447
f 5377/4045/4452 5376/4044/4451 5372/4040/4447
f 5377/4045/4452 5373/4041/4448 5378/4046/4453
f 5379/4047/4454 5375/4043/4450 5374/4042/4449
f 5379/4047/4454 5374/4042/4449 5376/4044/4451
f 5375/4043/4450 5379/4047/4454 5380/4048/4455
f 5381/4049/4456 5380/4048/4455 5379/4047/4454
f 5376/4044/4451 5381/4049/4456 5379/4047/4454
f 5380/4048/4455 5381/4049/4456 5382/4050/4457
f 5376/4044/4451 5377/4045/4452 5383/4051/4458
f 5381/4049/4456 5376/4044/4451 5383/4051/4458
f 5378/4046/4453 5384/4052/4459 5377/4045/4452
f 5384/4052/4459 5383/4051/4458 5377/4045/4452
f 5384/4052/4459 5378/4046/4453 5385/4053/4460
f 5386/4054/4461 5384/4052/4459 5385/4053/4460
f 5387/4055/4462 5381/4049/4456 5383/4051/4458
f 5383/4051/4458 5384/4052/4459 5387/4055/4462
f 5388/4056/4463 5382/4050/4457 5381/4049/4456
f 5381/4049/4456 5387/4055/4462 5388/4056/4463
f 5382/4050/4457 5388/4056/4463 5389/4057/4464
f 5390/4058/4465 5384/4052/4459 5386/4054/4461
f 5390/4058/4465 5387/4055/4462 5384/4052/4459
f 5391/4059/4466 5390/4058/4465 5386/4054/4461
f 5392/4060/4467 5388/4056/4463 5387/4055/4462
f 5387/4055/4462 5390/4058/4465 5392/4060/4467
f 5393/4061/4468 5389/4057/4464 5388/4056/4463
f 5388/4056/4463 5392/4060/4467 5393/4061/4468
f 5389/4057/4464 5393/4061/4468 5394/4062/4469
f 5395/4063/4470 5394/4062/4469 5393/4061/4468
f 5392/4060/4467 5395/4063/4470 5393/4061/4468
f 5394/4062/4469 5395/4063/4470 5396/4064/4471
f 5390/4058/4465 5397/4065/4472 5392/4060/4467
f 5395/4063/4470 5392/4060/4467 5397/4065/4472
f 5398/4066/4473 5396/4064/4471 5395/4063/4470
f 5397/4065/4472 5398/4066/4473 5395/4063/4470
f 5396/4064/4471 5398/4066/4473 5399/4067/4474
f 5398/4066/4473 5400/4068/4475 5399/4067/4474
f 5397/4065/4472 5390/4058/4465 5401/4069/4476
f 5401/4069/4476 5390/4058/4465 5391/4059/4466
f 5398/4066/4473 5397/4065/4472 5402/4070/4477
f 5401/4069/4476 5402/4070/4477 5397/4065/4472
f 5400/4068/4475 5398/4066/4473 5403/4071/4478
f 5402/4070/4477 5403/4071/4478 5398/4066/4473
f 5404/4072/4479 5400/4068/4475 5403/4071/4478
f 5391/4059/4466 5405/4073/4480 5401/4069/4476
f 5402/4070/4477 5401/4069/4476 5405/4073/4480
f 5405/4073/4480 5391/4059/4466 5406/4074/4481
f 5403/4071/4478 5402/4070/4477 5407/4075/4482
f 5405/4073/4480 5407/4075/4482 5402/4070/4477
f 5403/4071/4478 5408/4076/4483 5404/4072/4479
f 5407/4075/4482 5408/4076/4483 5403/4071/4478
f 5408/4076/4483 5409/4077/4484 5404/4072/4479
f 5406/4074/4481 5410/4078/4485 5405/4073/4480
f 5407/4075/4482 5405/4073/4480 5410/4078/4485
f 5406/4074/4481 5411/4079/4486 5410/4078/4485
f 5408/4076/4483 5407/4075/4482 5412/4080/4487
f 5410/4078/4485 5412/4080/4487 5407/4075/4482
f 5408/4076/4483 5413/4081/4488 5409/4077/4484
f 5412/4080/4487 5413/4081/4488 5408/4076/4483
f 5414/4082/4489 5409/4077/4484 5413/4081/4488
f 5411/4079/4486 5415/4083/4490 5410/4078/4485
f 5412/4080/4487 5410/4078/4485 5415/4083/4490
f 5411/4079/4486 5416/4084/4491 5415/4083/4490
f 5417/4085/4492 5415/4083/4490 5416/4084/4491
f 5418/4086/4493 5412/4080/4487 5415/4083/4490
f 5413/4081/4488 5412/4080/4487 5418/4086/4493
f 5415/4083/4490 5417/4085/4492 5419/4087/4494
f 5415/4083/4490 5419/4087/4494 5418/4086/4493
f 5417/4085/4492 5420/4088/4495 5419/4087/4494
f 5421/4089/4496 5413/4081/4488 5418/4086/4493
f 5419/4087/4494 5421/4089/4496 5418/4086/4493
f 5422/4090/4497 5419/4087/4494 5420/4088/4495
f 5421/4089/4496 5419/4087/4494 5422/4090/4497
f 5423/4091/4498 5422/4090/4497 5420/4088/4495
f 5413/4081/4488 5421/4089/4496 5424/4092/4499
f 5413/4081/4488 5424/4092/4499 5414/4082/4489
f 5422/4090/4497 5425/4093/4500 5421/4089/4496
f 5425/4093/4500 5424/4092/4499 5421/4089/4496
f 5422/4090/4497 5423/4091/4498 5426/4094/4501
f 5422/4090/4497 5426/4094/4501 5425/4093/4500
f 5427/4095/4502 5426/4094/4501 5423/4091/4498
f 5428/4096/4503 5414/4082/4489 5424/4092/4499
f 5424/4092/4499 5425/4093/4500 5428/4096/4503
f 5414/4082/4489 5428/4096/4503 5429/4097/4504
f 5426/4094/4501 5430/4098/4505 5425/4093/4500
f 5425/4093/4500 5430/4098/4505 5428/4096/4503
f 5431/4099/4506 5429/4097/4504 5428/4096/4503
f 5431/4099/4506 5428/4096/4503 5430/4098/4505
f 5429/4097/4504 5431/4099/4506 5432/4100/4507
f 5433/4101/4508 5430/4098/4505 5426/4094/4501
f 5426/4094/4501 5427/4095/4502 5433/4101/4508
f 5434/4102/4509 5431/4099/4506 5430/4098/4505
f 5435/4103/4510 5433/4101/4508 5427/4095/4502
f 5435/4103/4510 5427/4095/4502 5436/4103/4511
f 5437/4104/4512 5435/4103/4510 5436/4103/4511
f 5430/4098/4505 5433/4101/4508 5438/4105/4513
f 5433/4101/4508 5435/4103/4510 5438/4105/4513
f 5434/4102/4509 5430/4098/4505 5438/4105/4513
f 5435/4103/4510 5437/4104/4512 5439/4104/4514
f 5439/4104/4514 5438/4105/4513 5435/4103/4510
f 5440/4106/4515 5439/4104/4514 5437/4104/4512
f 5438/4105/4513 5441/4107/4516 5434/4102/4509
f 5439/4104/4514 5440/4106/4515 5442/4108/4517
f 5443/4109/4518 5442/4108/4517 5440/4106/4515
f 5438/4105/4513 5439/4104/4514 5444/4110/4519
f 5442/4108/4517 5444/4110/4519 5439/4104/4514
f 5441/4107/4516 5438/4105/4513 5444/4110/4519
f 5442/4108/4517 5443/4109/4518 5445/4109/4520
f 5446/4111/4521 5445/4109/4520 5443/4109/4518
f 5444/4110/4519 5442/4108/4517 5447/4112/4522
f 5445/4109/4520 5447/4112/4522 5442/4108/4517
f 5448/4113/4523 5441/4107/4516 5444/4110/4519
f 5447/4112/4522 5448/4113/4523 5444/4110/4519
f 5441/4107/4516 5449/4102/4524 5434/4102/4509
f 5431/4099/4506 5434/4102/4509 5449/4102/4524
f 5449/4102/4524 5432/4100/4507 5431/4099/4506
f 5432/4100/4507 5449/4102/4524 5450/4114/4525
f 5449/4102/4524 5451/4115/4526 5450/4114/4525
f 5449/4102/4524 5441/4107/4516 5452/4116/4527
f 5452/4116/4527 5451/4115/4526 5449/4102/4524
f 5448/4113/4523 5452/4116/4527 5441/4107/4516
f 5452/4116/4527 5453/4117/4528 5451/4115/4526
f 5454/4118/4529 5453/4117/4528 5452/4116/4527
f 5452/4116/4527 5448/4113/4523 5454/4118/4529
f 5454/4118/4529 5455/4119/4530 5453/4117/4528
f 5456/4120/4531 5454/4118/4529 5448/4113/4523
f 5447/4112/4522 5456/4120/4531 5448/4113/4523
f 5457/4121/4532 5455/4119/4530 5454/4118/4529
f 5454/4118/4529 5456/4120/4531 5457/4121/4532
f 5457/4121/4532 5458/4122/4533 5455/4119/4530
f 5456/4120/4531 5447/4112/4522 5459/4123/4534
f 5447/4112/4522 5445/4109/4520 5459/4123/4534
f 5458/4122/4533 5457/4121/4532 5460/4124/4535
f 5460/4124/4535 5461/4125/4536 5458/4122/4533
f 5462/4126/4537 5457/4121/4532 5456/4120/4531
f 5457/4121/4532 5462/4126/4537 5460/4124/4535
f 5463/4127/4538 5456/4120/4531 5459/4123/4534
f 5456/4120/4531 5463/4127/4538 5462/4126/4537
f 5445/4109/4520 5463/4127/4538 5459/4123/4534
f 5464/4128/4539 5460/4124/4535 5462/4126/4537
f 5463/4127/4538 5464/4128/4539 5462/4126/4537
f 5461/4125/4536 5460/4124/4535 5465/4129/4540
f 5460/4124/4535 5464/4128/4539 5465/4129/4540
f 5465/4129/4540 5466/4130/4541 5461/4125/4536
f 5463/4127/4538 5445/4109/4520 5467/4111/4542
f 5467/4111/4542 5445/4109/4520 5446/4111/4521
f 5466/4130/4541 5465/4129/4540 5468/4131/4543
f 5468/4131/4543 5469/4132/4544 5466/4130/4541
f 5467/4111/4542 5470/4133/4545 5463/4127/4538
f 5464/4128/4539 5463/4127/4538 5470/4133/4545
f 5446/4111/4521 5471/4134/4546 5467/4111/4542
f 5470/4133/4545 5467/4111/4542 5471/4134/4546
f 5471/4134/4546 5446/4111/4521 5472/4135/4547
f 5470/4133/4545 5473/4136/4548 5464/4128/4539
f 5473/4136/4548 5465/4129/4540 5464/4128/4539
f 5465/4129/4540 5473/4136/4548 5468/4131/4543
f 5473/4136/4548 5470/4133/4545 5474/4137/4549
f 5470/4133/4545 5471/4134/4546 5474/4137/4549
f 5475/4138/4550 5468/4131/4543 5473/4136/4548
f 5474/4137/4549 5475/4138/4550 5473/4136/4548
f 5469/4132/4544 5468/4131/4543 5476/4139/4551
f 5468/4131/4543 5475/4138/4550 5476/4139/4551
f 5477/4140/4552 5469/4132/4544 5476/4139/4551
f 5475/4138/4550 5474/4137/4549 5478/4141/4553
f 5474/4137/4549 5471/4134/4546 5478/4141/4553
f 5476/4139/4551 5479/4142/4554 5477/4140/4552
f 5479/4142/4554 5480/4143/4555 5477/4140/4552
f 5481/4144/4556 5476/4139/4551 5475/4138/4550
f 5476/4139/4551 5481/4144/4556 5479/4142/4554
f 5480/4143/4555 5479/4142/4554 5482/4145/4557
f 5482/4145/4557 5483/4146/4558 5480/4143/4555
f 5479/4142/4554 5484/4147/4559 5482/4145/4557
f 5484/4147/4559 5479/4142/4554 5481/4144/4556
f 5483/4146/4558 5482/4145/4557 5485/4148/4560
f 5484/4147/4559 5485/4148/4560 5482/4145/4557
f 5475/4138/4550 5486/4149/4561 5481/4144/4556
f 5486/4149/4561 5475/4138/4550 5478/4141/4553
f 5481/4144/4556 5487/4150/4562 5484/4147/4559
f 5487/4150/4562 5481/4144/4556 5486/4149/4561
f 5487/4150/4562 5485/4148/4560 5484/4147/4559
f 5478/4141/4553 5488/4151/4563 5486/4149/4561
f 5488/4151/4563 5487/4150/4562 5486/4149/4561
f 5489/4152/4564 5478/4141/4553 5471/4134/4546
f 5489/4152/4564 5488/4151/4563 5478/4141/4553
f 5472/4135/4547 5489/4152/4564 5471/4134/4546
f 5489/4152/4564 5472/4135/4547 5490/4152/4565
f 5490/4152/4565 5488/4151/4563 5489/4152/4564
f 5488/4151/4563 5490/4152/4565 5491/4151/4566
f 5488/4151/4563 5492/4153/4567 5487/4150/4562
f 5485/4148/4560 5487/4150/4562 5492/4153/4567
f 5491/4151/4566 5493/4154/4568 5488/4151/4563
f 5492/4153/4567 5488/4151/4563 5493/4154/4568
f 5493/4154/4568 5491/4151/4566 5494/4155/4569
f 5494/4155/4569 5495/4156/4570 5493/4154/4568
f 5492/4153/4567 5496/4157/4571 5485/4148/4560
f 5496/4157/4571 5483/4146/4558 5485/4148/4560
f 5483/4146/4558 5496/4157/4571 5497/4158/4572
f 5493/4154/4568 5498/4159/4573 5492/4153/4567
f 5496/4157/4571 5492/4153/4567 5498/4159/4573
f 5493/4154/4568 5495/4156/4570 5499/4160/4574
f 5498/4159/4573 5493/4154/4568 5499/4160/4574
f 5495/4156/4570 5500/4161/4575 5499/4160/4574
f 5496/4157/4571 5501/4162/4576 5497/4158/4572
f 5498/4159/4573 5501/4162/4576 5496/4157/4571
f 5502/4163/4577 5497/4158/4572 5501/4162/4576
f 5499/4160/4574 5503/4164/4578 5498/4159/4573
f 5501/4162/4576 5498/4159/4573 5503/4164/4578
f 5499/4160/4574 5500/4161/4575 5504/4165/4579
f 5503/4164/4578 5499/4160/4574 5504/4165/4579
f 5500/4161/4575 5505/4166/4580 5504/4165/4579
f 5501/4162/4576 5506/4167/4581 5502/4163/4577
f 5503/4164/4578 5506/4167/4581 5501/4162/4576
f 5507/4168/4582 5502/4163/4577 5506/4167/4581
f 5504/4165/4579 5508/4169/4583 5503/4164/4578
f 5506/4167/4581 5503/4164/4578 5508/4169/4583
f 5504/4165/4579 5505/4166/4580 5509/4170/4584
f 5508/4169/4583 5504/4165/4579 5509/4170/4584
f 5505/4166/4580 5510/4171/4585 5509/4170/4584
f 5511/4172/4586 5507/4168/4582 5506/4167/4581
f 5508/4169/4583 5511/4172/4586 5506/4167/4581
f 5507/4168/4582 5511/4172/4586 5512/4173/4587
f 5509/4170/4584 5513/4174/4588 5508/4169/4583
f 5511/4172/4586 5508/4169/4583 5513/4174/4588
f 5509/4170/4584 5510/4171/4585 5514/4175/4589
f 5513/4174/4588 5509/4170/4584 5514/4175/4589
f 5510/4171/4585 5515/4176/4590 5514/4175/4589
f 5511/4172/4586 5516/4177/4591 5512/4173/4587
f 5513/4174/4588 5516/4177/4591 5511/4172/4586
f 5517/4178/4592 5512/4173/4587 5516/4177/4591
f 5514/4175/4589 5518/4179/4593 5513/4174/4588
f 5516/4177/4591 5513/4174/4588 5518/4179/4593
f 5514/4175/4589 5515/4176/4590 5519/4180/4594
f 5518/4179/4593 5514/4175/4589 5519/4180/4594
f 5515/4176/4590 5520/4181/4595 5519/4180/4594
f 5516/4177/4591 5521/4182/4596 5517/4178/4592
f 5518/4179/4593 5521/4182/4596 5516/4177/4591
f 5522/4183/4597 5517/4178/4592 5521/4182/4596
f 5519/4180/4594 5523/4184/4598 5518/4179/4593
f 5521/4182/4596 5518/4179/4593 5523/4184/4598
f 5519/4180/4594 5520/4181/4595 5524/4185/4599
f 5523/4184/4598 5519/4180/4594 5524/4185/4599
f 5520/4181/4595 5525/4186/4600 5524/4185/4599
f 5521/4182/4596 5526/4187/4601 5522/4183/4597
f 5523/4184/4598 5526/4187/4601 5521/4182/4596
f 5527/4188/4602 5522/4183/4597 5526/4187/4601
f 5524/4185/4599 5528/4189/4603 5523/4184/4598
f 5526/4187/4601 5523/4184/4598 5528/4189/4603
f 5524/4185/4599 5525/4186/4600 5529/4190/4604
f 5528/4189/4603 5524/4185/4599 5529/4190/4604
f 5525/4186/4600 5530/4191/1617 5529/4190/4604
f 5528/4189/4603 5531/4192/4605 5526/4187/4601
f 5529/4190/4604 5531/4192/4605 5528/4189/4603
f 5526/4187/4601 5532/4193/4606 5527/4188/4602
f 5532/4193/4606 5526/4187/4601 5531/4192/4605
f 5533/4194/4607 5527/4188/4602 5532/4193/4606
f 5529/4190/4604 5530/4191/1617 5534/4195/4608
f 5531/4192/4605 5529/4190/4604 5534/4195/4608
f 5530/4191/1617 5535/4196/1619 5534/4195/4608
f 5534/4195/4608 5535/4196/1619 5536/4197/4609
f 5534/4195/4608 5536/4197/4609 5531/4192/4605
f 5535/4196/1619 5537/4198/4610 5536/4197/4609
f 5538/4199/4611 5531/4192/4605 5536/4197/4609
f 5531/4192/4605 5538/4199/4611 5532/4193/4606
f 5536/4197/4609 5537/4198/4610 5539/4200/4612
f 5536/4197/4609 5539/4200/4612 5538/4199/4611
f 5537/4198/4610 5540/4201/4613 5539/4200/4612
f 5541/4202/4614 5532/4193/4606 5538/4199/4611
f 5541/4202/4614 5533/4194/4607 5532/4193/4606
f 5533/4194/4607 5541/4202/4614 5542/4203/4615
f 5538/4199/4611 5543/4204/4616 5541/4202/4614
f 5543/4204/4616 5538/4199/4611 5539/4200/4612
f 5541/4202/4614 5544/4205/4617 5542/4203/4615
f 5544/4205/4617 5541/4202/4614 5543/4204/4616
f 5545/4206/4618 5542/4203/4615 5544/4205/4617
f 5539/4200/4612 5546/4207/4619 5543/4204/4616
f 5543/4204/4616 5546/4207/4619 5544/4205/4617
f 5544/4205/4617 5547/4208/3337 5545/4206/4618
f 5547/4208/3337 5544/4205/4617 5546/4207/4619
f 5548/4209/4620 5545/4206/4618 5547/4208/3337
f 5546/4207/4619 5539/4200/4612 5549/4201/4621
f 5539/4200/4612 5540/4201/4613 5549/4201/4621
f 5540/4201/4613 5550/4210/1623 5549/4201/4621
f 5547/4208/3337 5551/4211/4622 5548/4209/4620
f 5552/4212/4623 5548/4209/4620 5551/4211/4622
f 5546/4207/4619 5553/4213/4624 5547/4208/3337
f 5551/4211/4622 5547/4208/3337 5553/4213/4624
f 5549/4201/4621 5553/4213/4624 5546/4207/4619
f 5551/4211/4622 5554/4214/4625 5552/4212/4623
f 5553/4213/4624 5554/4214/4625 5551/4211/4622
f 5555/4215/4626 5552/4212/4623 5554/4214/4625
f 5553/4213/4624 5549/4201/4621 5556/4216/4627
f 5549/4201/4621 5550/4210/1623 5556/4216/4627
f 5557/4217/1625 5556/4216/4627 5550/4210/1623
f 5554/4214/4625 5553/4213/4624 5558/4218/4628
f 5556/4216/4627 5558/4218/4628 5553/4213/4624
f 5559/4219/4629 5555/4215/4626 5554/4214/4625
f 5558/4218/4628 5559/4219/4629 5554/4214/4625
f 5555/4215/4626 5559/4219/4629 5560/4220/4630
f 5556/4216/4627 5557/4217/1625 5561/4221/4631
f 5558/4218/4628 5556/4216/4627 5561/4221/4631
f 5562/4222/1626 5561/4221/4631 5557/4217/1625
f 5559/4219/4629 5558/4218/4628 5563/4223/4632
f 5561/4221/4631 5563/4223/4632 5558/4218/4628
f 5561/4221/4631 5562/4222/1626 5564/4224/4633
f 5563/4223/4632 5561/4221/4631 5564/4224/4633
f 5565/4225/4634 5564/4224/4633 5562/4222/1626
f 5563/4223/4632 5566/4226/4635 5559/4219/4629
f 5559/4219/4629 5566/4226/4635 5560/4220/4630
f 5567/4227/4636 5560/4220/4630 5566/4226/4635
f 5566/4226/4635 5568/4228/4637 5567/4227/4636
f 5564/4224/4633 5569/4229/4638 5563/4223/4632
f 5566/4226/4635 5563/4223/4632 5569/4229/4638
f 5568/4228/4637 5566/4226/4635 5570/4230/4639
f 5569/4229/4638 5570/4230/4639 5566/4226/4635
f 5570/4230/4639 5571/4231/4640 5568/4228/4637
f 5569/4229/4638 5564/4224/4633 5572/4232/4641
f 5564/4224/4633 5565/4225/4634 5572/4232/4641
f 5570/4230/4639 5569/4229/4638 5573/4233/4642
f 5572/4232/4641 5573/4233/4642 5569/4229/4638
f 5571/4231/4640 5570/4230/4639 5574/4234/4643
f 5573/4233/4642 5574/4234/4643 5570/4230/4639
f 5574/4234/4643 5575/4235/4644 5571/4231/4640
f 5565/4225/4634 5576/4236/4645 5572/4232/4641
f 5573/4233/4642 5572/4232/4641 5576/4236/4645
f 5576/4236/4645 5565/4225/4634 5577/4236/4646
f 5574/4234/4643 5573/4233/4642 5578/4237/4647
f 5576/4236/4645 5578/4237/4647 5573/4233/4642
f 5577/4236/4646 5579/4238/4648 5576/4236/4645
f 5578/4237/4647 5576/4236/4645 5579/4238/4648
f 5579/4238/4648 5577/4236/4646 5580/4239/4649
f 5580/4239/4649 5581/4240/4650 5579/4238/4648
f 5581/4240/4650 5578/4237/4647 5579/4238/4648
f 5581/4240/4650 5580/4239/4649 5582/4240/4651
f 5583/4241/4652 5581/4240/4650 5582/4240/4651
f 5578/4237/4647 5584/4242/4516 5574/4234/4643
f 5575/4235/4644 5574/4234/4643 5584/4242/4516
f 5585/4243/4653 5578/4237/4647 5581/4240/4650
f 5584/4242/4516 5578/4237/4647 5585/4243/4653
f 5581/4240/4650 5583/4241/4652 5586/4244/4654
f 5586/4244/4654 5585/4243/4653 5581/4240/4650
f 5587/4245/4655 5586/4244/4654 5583/4241/4652
f 5588/4246/4656 5584/4242/4516 5585/4243/4653
f 5585/4243/4653 5586/4244/4654 5588/4246/4656
f 5589/4247/4657 5575/4235/4644 5584/4242/4516
f 5584/4242/4516 5588/4246/4656 5589/4247/4657
f 5575/4235/4644 5589/4247/4657 5590/4248/4658
f 5586/4244/4654 5591/4249/4659 5588/4246/4656
f 5591/4249/4659 5589/4247/4657 5588/4246/4656
f 5586/4244/4654 5587/4245/4655 5592/4250/4660
f 5591/4249/4659 5586/4244/4654 5592/4250/4660
f 5593/4251/4661 5590/4248/4658 5589/4247/4657
f 5589/4247/4657 5591/4249/4659 5593/4251/4661
f 5590/4248/4658 5593/4251/4661 5594/4252/4662
f 5587/4245/4655 5595/4253/4663 5592/4250/4660
f 5595/4253/4663 5591/4249/4659 5592/4250/4660
f 5595/4253/4663 5587/4245/4655 5596/4254/4664
f 5597/4255/4665 5595/4253/4663 5596/4254/4664
f 5591/4249/4659 5598/4256/4666 5593/4251/4661
f 5591/4249/4659 5595/4253/4663 5598/4256/4666
f 5599/4257/4667 5594/4252/4662 5593/4251/4661
f 5593/4251/4661 5598/4256/4666 5599/4257/4667
f 5594/4252/4662 5599/4257/4667 5600/4258/4668
f 5595/4253/4663 5597/4255/4665 5601/4255/4669
f 5601/4255/4669 5598/4256/4666 5595/4253/4663
f 5602/4259/4670 5601/4255/4669 5597/4255/4665
f 5598/4256/4666 5603/4260/4671 5599/4257/4667
f 5603/4260/4671 5598/4256/4666 5601/4255/4669
f 5604/4261/4672 5600/4258/4668 5599/4257/4667
f 5599/4257/4667 5603/4260/4671 5604/4261/4672
f 5600/4258/4668 5604/4261/4672 5605/4262/4673
f 5601/4255/4669 5602/4259/4670 5606/4263/4674
f 5606/4263/4674 5603/4260/4671 5601/4255/4669
f 5602/4259/4670 5607/4264/4675 5606/4263/4674
f 5603/4260/4671 5608/4265/4676 5604/4261/4672
f 5608/4265/4676 5603/4260/4671 5606/4263/4674
f 5609/4266/4677 5605/4262/4673 5604/4261/4672
f 5604/4261/4672 5608/4265/4676 5609/4266/4677
f 5605/4262/4673 5609/4266/4677 5610/4267/4678
f 5606/4263/4674 5607/4264/4675 5611/4268/4679
f 5611/4268/4679 5608/4265/4676 5606/4263/4674
f 5607/4264/4675 5317/3985/4395 5611/4268/4679
f 5608/4265/4676 5612/4269/4680 5609/4266/4677
f 5608/4265/4676 5611/4268/4679 5612/4269/4680
f 5613/4270/4681 5610/4267/4678 5609/4266/4677
f 5609/4266/4677 5612/4269/4680 5613/4270/4681
f 5610/4267/4678 5613/4270/4681 5614/4271/4682
f 5611/4268/4679 5317/3985/4395 5615/3985/4683
f 5615/3985/4683 5612/4269/4680 5611/4268/4679
f 5317/3985/4395 5316/3984/4394 5615/3985/4683
f 5612/4269/4680 5615/3985/4683 5616/4272/4684
f 5615/3985/4683 5316/3984/4394 5616/4272/4684
f 5612/4269/4680 5616/4272/4684 5613/4270/4681
f 5616/4272/4684 5316/3984/4394 5305/3975/4384
f 5613/4270/4681 5616/4272/4684 5617/4273/4685
f 5616/4272/4684 5305/3975/4384 5617/4273/4685
f 5617/4273/4685 5614/4271/4682 5613/4270/4681
f 5617/4273/4685 5305/3975/4384 5301/3971/1725
f 5614/4271/4682 5617/4273/4685 5618/4274/4686
f 5302/3972/4381 5617/4273/4685 5301/3971/1725
f 5617/4273/4685 5302/3972/4381 5618/4274/4686
