# Blender 5.2.0 LTS
# www.blender.org
mtllib RR wheel.mtl
o RR_wheel
v -0.007149 0.002543 -0.012163
v -0.007575 0.002638 -0.012057
v -0.007575 0.002543 -0.012163
v -0.007149 0.003762 -0.012705
v -0.007575 0.003777 -0.012563
v -0.007149 0.003777 -0.012563
v -0.007575 0.003762 -0.012705
v -0.007575 0.003762 -0.012422
v -0.007149 0.003762 -0.012422
v -0.006973 0.003530 -0.011234
v -0.007272 0.003530 -0.011234
v -0.006973 0.003389 -0.011196
v -0.007272 0.003389 -0.011196
v -0.006973 0.003244 -0.011174
v -0.007272 0.003244 -0.011174
v -0.006973 0.003099 -0.011166
v -0.007272 0.003099 -0.011166
v -0.006973 0.002953 -0.011174
v -0.007272 0.002953 -0.011174
v -0.006973 0.002809 -0.011196
v -0.007272 0.002809 -0.011196
v -0.006973 0.002668 -0.011234
v -0.007272 0.002668 -0.011234
v -0.006973 0.002531 -0.011287
v -0.007272 0.002531 -0.011287
v -0.006973 0.002401 -0.011353
v -0.007272 0.002401 -0.011353
v -0.006973 0.002279 -0.011432
v -0.007272 0.002279 -0.011432
v -0.006973 0.002165 -0.011524
v -0.007272 0.002165 -0.011524
v -0.006973 0.002062 -0.011627
v -0.007272 0.002062 -0.011627
v -0.006973 0.001970 -0.011741
v -0.007272 0.001970 -0.011741
v -0.007272 0.001704 -0.012561
v -0.006973 0.001704 -0.012561
v -0.007272 0.001712 -0.012415
v -0.006973 0.001712 -0.012415
v -0.007272 0.001734 -0.012271
v -0.006973 0.001734 -0.012271
v -0.007272 0.001772 -0.012130
v -0.006973 0.001772 -0.012130
v -0.007272 0.001825 -0.011993
v -0.006973 0.001825 -0.011993
v -0.007272 0.001891 -0.011863
v -0.006973 0.001891 -0.011863
v -0.007272 0.001970 -0.013380
v -0.006973 0.001970 -0.013380
v -0.007272 0.001891 -0.013258
v -0.006973 0.001891 -0.013258
v -0.007272 0.001825 -0.013128
v -0.006973 0.001825 -0.013128
v -0.007272 0.001772 -0.012992
v -0.006973 0.001772 -0.012992
v -0.007272 0.001734 -0.012851
v -0.006973 0.001734 -0.012851
v -0.007272 0.001712 -0.012706
v -0.006973 0.001712 -0.012706
v -0.006973 0.004227 -0.013380
v -0.007272 0.004227 -0.013380
v -0.006973 0.004306 -0.013258
v -0.007272 0.004306 -0.013258
v -0.006973 0.004373 -0.013128
v -0.007272 0.004373 -0.013128
v -0.006973 0.004425 -0.012992
v -0.007272 0.004425 -0.012992
v -0.006973 0.004463 -0.012851
v -0.007272 0.004463 -0.012851
v -0.006973 0.004486 -0.012706
v -0.007272 0.004486 -0.012706
v -0.006973 0.004493 -0.012561
v -0.007272 0.004493 -0.012561
v -0.006973 0.004486 -0.012415
v -0.007272 0.004486 -0.012415
v -0.006973 0.004463 -0.012271
v -0.007272 0.004463 -0.012271
v -0.006973 0.004425 -0.012130
v -0.007272 0.004425 -0.012130
v -0.006973 0.004373 -0.011993
v -0.007272 0.004373 -0.011993
v -0.006973 0.004306 -0.011863
v -0.007272 0.004306 -0.011863
v -0.006973 0.004227 -0.011741
v -0.007272 0.004227 -0.011741
v -0.006973 0.004135 -0.011627
v -0.007272 0.004135 -0.011627
v -0.006973 0.004032 -0.011524
v -0.007272 0.004032 -0.011524
v -0.006973 0.003918 -0.011432
v -0.007272 0.003918 -0.011432
v -0.006973 0.003796 -0.011353
v -0.007272 0.003796 -0.011353
v -0.006973 0.003666 -0.011287
v -0.007272 0.003666 -0.011287
v -0.007272 0.002843 -0.011773
v -0.007149 0.002889 -0.011917
v -0.007272 0.002762 -0.011804
v -0.007149 0.002760 -0.011974
v -0.007272 0.002685 -0.011844
v -0.007272 0.002612 -0.011891
v -0.007149 0.002646 -0.012057
v -0.007272 0.002545 -0.011945
v -0.007272 0.002483 -0.012007
v -0.007149 0.002551 -0.012163
v -0.007272 0.002429 -0.012074
v -0.007272 0.002382 -0.012147
v -0.007149 0.002480 -0.012285
v -0.007272 0.002342 -0.012224
v -0.007272 0.002311 -0.012305
v -0.007149 0.002436 -0.012420
v -0.007272 0.002289 -0.012388
v -0.007272 0.002275 -0.012474
v -0.007149 0.002421 -0.012561
v -0.007272 0.002271 -0.012561
v -0.007272 0.002275 -0.012647
v -0.007149 0.002436 -0.012701
v -0.007272 0.002289 -0.012733
v -0.007272 0.002311 -0.012816
v -0.007149 0.002480 -0.012836
v -0.007272 0.002342 -0.012897
v -0.007272 0.002382 -0.012975
v -0.007149 0.002551 -0.012959
v -0.007272 0.002429 -0.013047
v -0.007272 0.002483 -0.013115
v -0.007149 0.002646 -0.013064
v -0.007272 0.002545 -0.013176
v -0.007272 0.002612 -0.013230
v -0.007149 0.002760 -0.013147
v -0.007272 0.002685 -0.013278
v -0.007272 0.002762 -0.013317
v -0.007149 0.002889 -0.013205
v -0.007272 0.002843 -0.013348
v -0.007272 0.002926 -0.013371
v -0.007149 0.003028 -0.013234
v -0.007272 0.003012 -0.013384
v -0.007272 0.003099 -0.013389
v -0.007149 0.003169 -0.013234
v -0.007272 0.003185 -0.013384
v -0.007272 0.003271 -0.013371
v -0.007149 0.003308 -0.013205
v -0.007272 0.003355 -0.013348
v -0.007272 0.003435 -0.013317
v -0.007149 0.003437 -0.013147
v -0.007272 0.003513 -0.013278
v -0.007272 0.003585 -0.013230
v -0.007149 0.003552 -0.013064
v -0.007272 0.003653 -0.013176
v -0.007272 0.003714 -0.013115
v -0.007149 0.003647 -0.012959
v -0.007272 0.003769 -0.013047
v -0.007272 0.003816 -0.012975
v -0.007149 0.003717 -0.012836
v -0.007272 0.003855 -0.012897
v -0.007272 0.003886 -0.012816
v -0.007149 0.003761 -0.012701
v -0.007272 0.003909 -0.012733
v -0.007272 0.003922 -0.012647
v -0.007149 0.003776 -0.012561
v -0.007272 0.003927 -0.012561
v -0.007272 0.003922 -0.012474
v -0.007149 0.003761 -0.012420
v -0.007272 0.003909 -0.012388
v -0.007272 0.003886 -0.012305
v -0.007149 0.003717 -0.012285
v -0.007272 0.003855 -0.012224
v -0.007272 0.003816 -0.012147
v -0.007149 0.003647 -0.012163
v -0.007272 0.003769 -0.012074
v -0.007272 0.003714 -0.012007
v -0.007149 0.003552 -0.012057
v -0.007272 0.003653 -0.011945
v -0.007272 0.003585 -0.011891
v -0.007149 0.003437 -0.011974
v -0.007272 0.003513 -0.011844
v -0.007272 0.003435 -0.011804
v -0.007149 0.003308 -0.011917
v -0.007272 0.003355 -0.011773
v -0.007272 0.003271 -0.011751
v -0.007149 0.003169 -0.011887
v -0.007272 0.003185 -0.011737
v -0.007272 0.003099 -0.011733
v -0.007149 0.003028 -0.011887
v -0.007272 0.003012 -0.011737
v -0.007272 0.002926 -0.011751
v -0.007149 0.002638 -0.012057
v -0.007575 0.002754 -0.011973
v -0.007149 0.002754 -0.011973
v -0.007149 0.002884 -0.011915
v -0.007575 0.002884 -0.011915
v -0.007575 0.002472 -0.012286
v -0.007149 0.002428 -0.012422
v -0.007149 0.002472 -0.012286
v -0.007575 0.002428 -0.012422
v -0.007149 0.002413 -0.012563
v -0.007575 0.002413 -0.012563
v -0.007575 0.002428 -0.012705
v -0.007149 0.002428 -0.012705
v -0.007575 0.002472 -0.012841
v -0.007149 0.002472 -0.012841
v -0.007575 0.002543 -0.012964
v -0.007149 0.002543 -0.012964
v -0.007575 0.002884 -0.013212
v -0.007149 0.002884 -0.013212
v -0.007149 0.002754 -0.013154
v -0.007575 0.002754 -0.013154
v -0.007149 0.002638 -0.013070
v -0.007575 0.002638 -0.013070
v -0.007575 0.003306 -0.013212
v -0.007149 0.003306 -0.013212
v -0.007149 0.003166 -0.013242
v -0.007575 0.003166 -0.013242
v -0.007149 0.003023 -0.013242
v -0.007575 0.003023 -0.013242
v -0.007575 0.003436 -0.013154
v -0.007575 0.003095 -0.012563
v -0.007575 0.003551 -0.013070
v -0.007575 0.003647 -0.012964
v -0.006973 0.002062 -0.013494
v -0.007272 0.002062 -0.013494
v -0.006973 0.002165 -0.013597
v -0.007272 0.002165 -0.013597
v -0.006973 0.002279 -0.013689
v -0.007272 0.002279 -0.013689
v -0.006973 0.002401 -0.013768
v -0.007272 0.002401 -0.013768
v -0.006973 0.002531 -0.013835
v -0.007272 0.002531 -0.013835
v -0.006973 0.002668 -0.013887
v -0.007272 0.002668 -0.013887
v -0.006973 0.003530 -0.013887
v -0.007272 0.003389 -0.013925
v -0.007272 0.003530 -0.013887
v -0.006973 0.003389 -0.013925
v -0.007272 0.003244 -0.013948
v -0.006973 0.003244 -0.013948
v -0.007272 0.003099 -0.013955
v -0.006973 0.003099 -0.013955
v -0.007272 0.002953 -0.013948
v -0.006973 0.002953 -0.013948
v -0.007272 0.002809 -0.013925
v -0.006973 0.002809 -0.013925
v -0.007272 0.004135 -0.013494
v -0.006973 0.004135 -0.013494
v -0.007272 0.004032 -0.013597
v -0.006973 0.004032 -0.013597
v -0.007272 0.003918 -0.013689
v -0.006973 0.003918 -0.013689
v -0.007272 0.003796 -0.013768
v -0.006973 0.003796 -0.013768
v -0.007272 0.003666 -0.013835
v -0.006973 0.003666 -0.013835
v -0.007149 0.003436 -0.013154
v -0.007149 0.003551 -0.013070
v -0.007149 0.003647 -0.012964
v -0.007149 0.003718 -0.012841
v -0.007575 0.003718 -0.012841
v -0.007149 0.003718 -0.012286
v -0.007575 0.003647 -0.012163
v -0.007575 0.003718 -0.012286
v -0.007149 0.003306 -0.011915
v -0.007575 0.003436 -0.011973
v -0.007575 0.003306 -0.011915
v -0.007149 0.003436 -0.011973
v -0.007575 0.003551 -0.012057
v -0.007149 0.003551 -0.012057
v -0.007149 0.003166 -0.011885
v -0.007575 0.003166 -0.011885
v -0.007149 0.003023 -0.011885
v -0.007575 0.003023 -0.011885
v -0.006973 0.003099 -0.012561
v -0.008415 0.004157 -0.010942
v -0.008381 0.004138 -0.010956
v -0.008423 0.004138 -0.010956
v -0.008386 0.004125 -0.010977
v -0.008669 0.002908 -0.010132
v -0.008739 0.003099 -0.010125
v -0.008739 0.002908 -0.010132
v -0.008669 0.002718 -0.010155
v -0.008669 0.002530 -0.010192
v -0.008739 0.002718 -0.010155
v -0.008739 0.002530 -0.010192
v -0.008669 0.002346 -0.010244
v -0.008345 0.001613 -0.012971
v -0.008421 0.001489 -0.013100
v -0.008325 0.001485 -0.013104
v -0.008386 0.001337 -0.013238
v -0.008291 0.001337 -0.013238
v -0.008381 0.001315 -0.013248
v -0.008423 0.001315 -0.013248
v -0.008415 0.001291 -0.013248
v -0.008345 0.004059 -0.011355
v -0.008421 0.004084 -0.011178
v -0.008325 0.004085 -0.011173
v -0.008291 0.004125 -0.010977
v -0.008421 0.004084 -0.013943
v -0.008345 0.004059 -0.013766
v -0.008325 0.004085 -0.013949
v -0.008386 0.004125 -0.014144
v -0.008291 0.004125 -0.014144
v -0.008381 0.004138 -0.014165
v -0.008423 0.004138 -0.014165
v -0.008415 0.004157 -0.014179
v -0.008381 0.001894 -0.014045
v -0.008415 0.001886 -0.014067
v -0.008423 0.001894 -0.014045
v -0.008386 0.001910 -0.014026
v -0.008428 0.001910 -0.014026
v -0.008325 0.002083 -0.013928
v -0.008291 0.001910 -0.014026
v -0.008421 0.002088 -0.013925
v -0.008463 0.002088 -0.013925
v -0.008345 0.002249 -0.013847
v -0.008441 0.002249 -0.013847
v -0.008584 0.000811 -0.012561
v -0.006406 0.000811 -0.012561
v -0.008584 0.000839 -0.012203
v -0.006406 0.000839 -0.012203
v -0.008584 0.000923 -0.011854
v -0.006406 0.000923 -0.011854
v -0.008584 0.001060 -0.011522
v -0.006406 0.001060 -0.011522
v -0.006406 0.001248 -0.011216
v -0.008584 0.001248 -0.011216
v -0.006406 0.001481 -0.010943
v -0.008584 0.001481 -0.010943
v -0.008584 0.001754 -0.010709
v -0.006406 0.001754 -0.010709
v -0.008584 0.002060 -0.010522
v -0.006406 0.002060 -0.010522
v -0.008584 0.002392 -0.010384
v -0.006406 0.002392 -0.010384
v -0.008584 0.002741 -0.010301
v -0.006406 0.002741 -0.010301
v -0.008584 0.003099 -0.010272
v -0.006406 0.003099 -0.010272
v -0.006406 0.003457 -0.010301
v -0.008584 0.003457 -0.010301
v -0.006406 0.003806 -0.010384
v -0.008584 0.003806 -0.010384
v -0.006406 0.004137 -0.010522
v -0.008584 0.004137 -0.010522
v -0.006406 0.004444 -0.010709
v -0.008584 0.004444 -0.010709
v -0.006406 0.004717 -0.010943
v -0.008584 0.004717 -0.010943
v -0.008584 0.004950 -0.011216
v -0.006406 0.004950 -0.011216
v -0.008584 0.005137 -0.011522
v -0.006406 0.005137 -0.011522
v -0.006406 0.005275 -0.011854
v -0.008584 0.005275 -0.011854
v -0.006406 0.005359 -0.012203
v -0.008584 0.005359 -0.012203
v -0.006406 0.005387 -0.012561
v -0.008584 0.005387 -0.012561
v -0.008584 0.005359 -0.012919
v -0.006406 0.005359 -0.012919
v -0.008584 0.005275 -0.013268
v -0.006406 0.005275 -0.013268
v -0.006406 0.005137 -0.013599
v -0.008584 0.005137 -0.013599
v -0.006406 0.004950 -0.013906
v -0.008584 0.004950 -0.013906
v -0.008584 0.004717 -0.014179
v -0.006406 0.004717 -0.014179
v -0.008584 0.004444 -0.014412
v -0.006406 0.004444 -0.014412
v -0.008584 0.004137 -0.014599
v -0.006406 0.004137 -0.014599
v -0.008584 0.003806 -0.014737
v -0.006406 0.003806 -0.014737
v -0.008584 0.003457 -0.014821
v -0.006406 0.003457 -0.014821
v -0.008584 0.003099 -0.014849
v -0.006406 0.003099 -0.014849
v -0.006406 0.002741 -0.014821
v -0.008584 0.002741 -0.014821
v -0.006406 0.002392 -0.014737
v -0.008584 0.002392 -0.014737
v -0.006406 0.002060 -0.014599
v -0.008584 0.002060 -0.014599
v -0.006406 0.001754 -0.014412
v -0.008584 0.001754 -0.014412
v -0.006406 0.001481 -0.014179
v -0.008584 0.001481 -0.014179
v -0.006406 0.001248 -0.013906
v -0.008584 0.001248 -0.013906
v -0.008584 0.001060 -0.013599
v -0.006406 0.001060 -0.013599
v -0.008584 0.000923 -0.013268
v -0.006406 0.000923 -0.013268
v -0.006406 0.000839 -0.012919
v -0.008584 0.000839 -0.012919
v -0.008580 0.001023 -0.012509
v -0.008662 0.001032 -0.012509
v -0.008663 0.001006 -0.012516
v -0.008582 0.000998 -0.012516
v -0.008665 0.000988 -0.012535
v -0.008583 0.000979 -0.012535
v -0.008584 0.000972 -0.012561
v -0.008665 0.000981 -0.012561
v -0.008665 0.000988 -0.012586
v -0.008583 0.000979 -0.012586
v -0.008339 0.000960 -0.012583
v -0.008583 0.000985 -0.012583
v -0.008338 0.000976 -0.012599
v -0.008582 0.001002 -0.012599
v -0.008337 0.000998 -0.012605
v -0.008580 0.001023 -0.012605
v -0.008337 0.000998 -0.012517
v -0.008580 0.001023 -0.012517
v -0.008582 0.001002 -0.012522
v -0.008338 0.000976 -0.012522
v -0.008583 0.000985 -0.012539
v -0.008339 0.000960 -0.012539
v -0.008340 0.000954 -0.012561
v -0.008583 0.000980 -0.012561
v -0.008441 0.004542 -0.013102
v -0.008345 0.004542 -0.013102
v -0.008350 0.004501 -0.013118
v -0.008446 0.004502 -0.013118
v -0.008482 0.004542 -0.013102
v -0.008487 0.004502 -0.013118
v -0.008449 0.004467 -0.013145
v -0.008363 0.004467 -0.013145
v -0.008352 0.004271 -0.013412
v -0.008452 0.004399 -0.013236
v -0.008491 0.004467 -0.013145
v -0.008494 0.004399 -0.013236
v -0.008452 0.004334 -0.013325
v -0.008521 0.004496 -0.013098
v -0.008494 0.004334 -0.013325
v -0.008452 0.004271 -0.013412
v -0.008528 0.004382 -0.013224
v -0.008452 0.004207 -0.013500
v -0.008528 0.004318 -0.013313
v -0.008494 0.004271 -0.013412
v -0.008528 0.004254 -0.013400
v -0.008494 0.004207 -0.013500
v -0.008528 0.004191 -0.013488
v -0.008550 0.004291 -0.013293
v -0.008550 0.004164 -0.013468
v -0.008524 0.004455 -0.013127
v -0.008550 0.004355 -0.013204
v -0.008547 0.004436 -0.013095
v -0.008550 0.004227 -0.013381
v -0.008580 0.003890 -0.012964
v -0.008580 0.003856 -0.013024
v -0.008580 0.003817 -0.013082
v -0.008580 0.003774 -0.013137
v -0.008584 0.003648 -0.012960
v -0.008584 0.003661 -0.012924
v -0.008584 0.003619 -0.012983
v -0.008580 0.003726 -0.013188
v -0.008571 0.003632 -0.012948
v -0.008550 0.004099 -0.013557
v -0.008584 0.003582 -0.012989
v -0.008528 0.004126 -0.013576
v -0.008494 0.004143 -0.013588
v -0.008524 0.004056 -0.013676
v -0.008452 0.004143 -0.013588
v -0.008363 0.004077 -0.013681
v -0.008491 0.004077 -0.013681
v -0.008449 0.004077 -0.013681
v -0.008446 0.004062 -0.013723
v -0.008487 0.004062 -0.013723
v -0.008521 0.004041 -0.013724
v -0.008482 0.004059 -0.013766
v -0.008441 0.004059 -0.013766
v -0.008350 0.004062 -0.013722
v -0.008463 0.004084 -0.013943
v -0.008517 0.004040 -0.013772
v -0.008428 0.004125 -0.014144
v -0.008497 0.004067 -0.013952
v -0.008463 0.004109 -0.014156
v -0.008457 0.004125 -0.014181
v -0.008520 0.004031 -0.013964
v -0.008539 0.004003 -0.013781
v -0.008485 0.004075 -0.014172
v -0.008519 0.003975 -0.013996
v -0.008543 0.004003 -0.013724
v -0.008550 0.003840 -0.013770
v -0.008547 0.004021 -0.013667
v -0.008550 0.003934 -0.013708
v -0.008550 0.004018 -0.013635
v -0.008580 0.003620 -0.013279
v -0.008580 0.003675 -0.013236
v -0.008584 0.003506 -0.013041
v -0.008584 0.003548 -0.013002
v -0.008584 0.003466 -0.013073
v -0.008585 0.003547 -0.012975
v -0.008585 0.003508 -0.012960
v -0.008585 0.003465 -0.012995
v -0.008572 0.003559 -0.012959
v -0.008585 0.003524 -0.012947
v -0.008572 0.003584 -0.012969
v -0.008573 0.003543 -0.012938
v -0.008571 0.003610 -0.012964
v -0.008461 0.003559 -0.012959
v -0.008461 0.003543 -0.012938
v -0.008460 0.003584 -0.012969
v -0.008460 0.003610 -0.012964
v -0.008460 0.003632 -0.012948
v -0.008460 0.003641 -0.012922
v -0.008462 0.003538 -0.012912
v -0.008571 0.003641 -0.012922
v -0.008460 0.003637 -0.012896
v -0.008572 0.003637 -0.012896
v -0.008461 0.003620 -0.012876
v -0.008584 0.003655 -0.012888
v -0.008572 0.003620 -0.012876
v -0.008461 0.003595 -0.012866
v -0.008584 0.003657 -0.012852
v -0.008573 0.003595 -0.012866
v -0.008462 0.003569 -0.012870
v -0.008585 0.003632 -0.012859
v -0.008585 0.003597 -0.012846
v -0.008573 0.003569 -0.012870
v -0.008462 0.003548 -0.012887
v -0.008585 0.003561 -0.012852
v -0.008585 0.003605 -0.012827
v -0.008573 0.003548 -0.012887
v -0.008573 0.003538 -0.012912
v -0.008585 0.003518 -0.012910
v -0.008586 0.003531 -0.012875
v -0.008587 0.003490 -0.012845
v -0.008587 0.003447 -0.012896
v -0.008587 0.003525 -0.012788
v -0.008589 0.003367 -0.012812
v -0.008585 0.003625 -0.012775
v -0.008589 0.003396 -0.012777
v -0.008589 0.003421 -0.012738
v -0.008569 0.003361 -0.012807
v -0.008569 0.003390 -0.012772
v -0.008569 0.003414 -0.012734
v -0.008589 0.003333 -0.012844
v -0.008569 0.003328 -0.012838
v -0.008589 0.003441 -0.012696
v -0.008569 0.003433 -0.012693
v -0.008587 0.003549 -0.012742
v -0.008589 0.003455 -0.012652
v -0.008569 0.003447 -0.012650
v -0.008587 0.003538 -0.012698
v -0.008589 0.003464 -0.012607
v -0.008569 0.003456 -0.012606
v -0.008588 0.003501 -0.012661
v -0.008588 0.003477 -0.012613
v -0.008589 0.003467 -0.012561
v -0.008569 0.003459 -0.012561
v -0.008569 0.003456 -0.012516
v -0.008589 0.003468 -0.012561
v -0.008589 0.003464 -0.012514
v -0.008569 0.003447 -0.012471
v -0.008558 0.003505 -0.012604
v -0.008589 0.003455 -0.012469
v -0.008569 0.003433 -0.012428
v -0.008588 0.003477 -0.012508
v -0.008589 0.003441 -0.012425
v -0.008569 0.003414 -0.012387
v -0.008588 0.003501 -0.012461
v -0.008558 0.003505 -0.012517
v -0.008559 0.003498 -0.012561
v -0.008291 0.003498 -0.012561
v -0.008291 0.003505 -0.012517
v -0.008291 0.003505 -0.012604
v -0.008558 0.003525 -0.012478
v -0.008291 0.003525 -0.012478
v -0.008558 0.003525 -0.012644
v -0.008291 0.003525 -0.012644
v -0.008557 0.003556 -0.012675
v -0.008291 0.003556 -0.012675
v -0.008586 0.003586 -0.012722
v -0.008556 0.003595 -0.012695
v -0.008291 0.003595 -0.012695
v -0.008555 0.003639 -0.012702
v -0.008291 0.003639 -0.012702
v -0.008586 0.003638 -0.012731
v -0.008555 0.003683 -0.012695
v -0.008291 0.003683 -0.012695
v -0.008584 0.003700 -0.012752
v -0.008585 0.003691 -0.012722
v -0.008554 0.003722 -0.012675
v -0.008291 0.003722 -0.012675
v -0.008584 0.003738 -0.012698
v -0.008553 0.003753 -0.012644
v -0.008291 0.003753 -0.012644
v -0.008584 0.003776 -0.012661
v -0.008553 0.003774 -0.012604
v -0.008291 0.003774 -0.012604
v -0.008583 0.003800 -0.012613
v -0.008553 0.003780 -0.012561
v -0.008291 0.003780 -0.012561
v -0.008291 0.003774 -0.012517
v -0.008583 0.003808 -0.012561
v -0.008553 0.003774 -0.012517
v -0.008291 0.003753 -0.012478
v -0.008553 0.003753 -0.012478
v -0.008291 0.003722 -0.012446
v -0.008583 0.003800 -0.012508
v -0.008554 0.003722 -0.012446
v -0.008291 0.003683 -0.012426
v -0.008584 0.003776 -0.012461
v -0.008555 0.003683 -0.012426
v -0.008291 0.003639 -0.012419
v -0.008584 0.003738 -0.012423
v -0.008555 0.003639 -0.012419
v -0.008291 0.003595 -0.012426
v -0.008585 0.003691 -0.012399
v -0.008556 0.003595 -0.012426
v -0.008291 0.003556 -0.012446
v -0.008586 0.003638 -0.012390
v -0.008557 0.003556 -0.012446
v -0.008586 0.003586 -0.012399
v -0.008587 0.003538 -0.012423
v -0.008587 0.003549 -0.012379
v -0.008585 0.003625 -0.012346
v -0.008584 0.003700 -0.012369
v -0.008587 0.003525 -0.012333
v -0.008584 0.003682 -0.012322
v -0.008589 0.003421 -0.012383
v -0.008569 0.003390 -0.012349
v -0.008585 0.003605 -0.012295
v -0.008589 0.003396 -0.012344
v -0.008569 0.003361 -0.012314
v -0.008587 0.003490 -0.012277
v -0.008589 0.003367 -0.012309
v -0.008589 0.003333 -0.012277
v -0.008569 0.003328 -0.012283
v -0.008587 0.003447 -0.012225
v -0.008585 0.003561 -0.012270
v -0.008589 0.003296 -0.012250
v -0.008569 0.003292 -0.012257
v -0.008589 0.003255 -0.012228
v -0.008569 0.003252 -0.012235
v -0.008588 0.003318 -0.012209
v -0.008589 0.003212 -0.012211
v -0.008569 0.003210 -0.012218
v -0.008588 0.003265 -0.012217
v -0.008589 0.003213 -0.012209
v -0.008589 0.003168 -0.012199
v -0.008569 0.003166 -0.012207
v -0.008589 0.003122 -0.012193
v -0.008569 0.003121 -0.012201
v -0.008569 0.003076 -0.012201
v -0.008588 0.003165 -0.012185
v -0.008559 0.003222 -0.012181
v -0.008588 0.003128 -0.012147
v -0.008589 0.003076 -0.012193
v -0.008569 0.003031 -0.012207
v -0.008558 0.003183 -0.012161
v -0.008589 0.003030 -0.012199
v -0.008569 0.002987 -0.012218
v -0.008291 0.003222 -0.012181
v -0.008589 0.002985 -0.012211
v -0.008569 0.002945 -0.012235
v -0.008291 0.003183 -0.012161
v -0.008589 0.002942 -0.012228
v -0.008569 0.002906 -0.012257
v -0.008558 0.003151 -0.012130
v -0.008291 0.003151 -0.012130
v -0.008587 0.003104 -0.012100
v -0.008557 0.003131 -0.012090
v -0.008291 0.003131 -0.012090
v -0.008587 0.003065 -0.012076
v -0.008556 0.003124 -0.012047
v -0.008291 0.003124 -0.012047
v -0.008586 0.003095 -0.012047
v -0.008555 0.003131 -0.012003
v -0.008291 0.003131 -0.012003
v -0.008587 0.003014 -0.012084
v -0.008585 0.003057 -0.011994
v -0.008586 0.003104 -0.011995
v -0.008555 0.003151 -0.011964
v -0.008291 0.003151 -0.011964
v -0.008585 0.003128 -0.011947
v -0.008584 0.003103 -0.011930
v -0.008584 0.003165 -0.011910
v -0.008554 0.003183 -0.011932
v -0.008291 0.003183 -0.011932
v -0.008553 0.003222 -0.011912
v -0.008291 0.003222 -0.011912
v -0.008584 0.003213 -0.011886
v -0.008553 0.003266 -0.011905
v -0.008291 0.003266 -0.011905
v -0.008583 0.003265 -0.011877
v -0.008553 0.003309 -0.011912
v -0.008291 0.003309 -0.011912
v -0.008291 0.003349 -0.011932
v -0.008553 0.003349 -0.011932
v -0.008291 0.003380 -0.011964
v -0.008583 0.003318 -0.011886
v -0.008553 0.003380 -0.011964
v -0.008291 0.003400 -0.012003
v -0.008583 0.003365 -0.011910
v -0.008554 0.003400 -0.012003
v -0.008291 0.003407 -0.012047
v -0.008584 0.003403 -0.011947
v -0.008555 0.003407 -0.012047
v -0.008291 0.003400 -0.012090
v -0.008584 0.003427 -0.011995
v -0.008555 0.003400 -0.012090
v -0.008291 0.003380 -0.012130
v -0.008585 0.003436 -0.012047
v -0.008556 0.003380 -0.012130
v -0.008291 0.003349 -0.012161
v -0.008586 0.003427 -0.012100
v -0.008557 0.003349 -0.012161
v -0.008291 0.003309 -0.012181
v -0.008586 0.003403 -0.012147
v -0.008584 0.003466 -0.012048
v -0.008585 0.003465 -0.012127
v -0.008587 0.003365 -0.012185
v -0.008558 0.003309 -0.012181
v -0.008291 0.003266 -0.012188
v -0.008587 0.003411 -0.012189
v -0.008558 0.003266 -0.012188
v -0.008585 0.003508 -0.012161
v -0.008584 0.003506 -0.012080
v -0.008585 0.003518 -0.012211
v -0.008580 0.003620 -0.011842
v -0.008586 0.003531 -0.012246
v -0.008580 0.003563 -0.011804
v -0.008580 0.003502 -0.011770
v -0.008550 0.003840 -0.011351
v -0.008580 0.003438 -0.011740
v -0.008550 0.003743 -0.011296
v -0.008580 0.003373 -0.011716
v -0.008550 0.003642 -0.011249
v -0.008580 0.003306 -0.011697
v -0.008550 0.003537 -0.011211
v -0.008521 0.003738 -0.011017
v -0.008580 0.003238 -0.011684
v -0.008550 0.003430 -0.011180
v -0.008580 0.003168 -0.011676
v -0.008550 0.003321 -0.011159
v -0.008550 0.003209 -0.011146
v -0.008580 0.003099 -0.011673
v -0.008521 0.003489 -0.010936
v -0.008521 0.003361 -0.010907
v -0.008521 0.003615 -0.010971
v -0.008481 0.003547 -0.010692
v -0.008519 0.003234 -0.010884
v -0.008481 0.003834 -0.010785
v -0.008485 0.003256 -0.010683
v -0.008481 0.003693 -0.010731
v -0.008521 0.003859 -0.011069
v -0.008481 0.003399 -0.010665
v -0.008519 0.003975 -0.011125
v -0.008478 0.003260 -0.010642
v -0.008539 0.004003 -0.011341
v -0.008472 0.003246 -0.010604
v -0.008550 0.003934 -0.011413
v -0.008453 0.003417 -0.010548
v -0.008453 0.003574 -0.010579
v -0.008453 0.003258 -0.010528
v -0.008453 0.003729 -0.010622
v -0.008450 0.003260 -0.010512
v -0.008450 0.003420 -0.010531
v -0.008450 0.003578 -0.010562
v -0.008448 0.003423 -0.010514
v -0.008454 0.003183 -0.010531
v -0.008449 0.003144 -0.010507
v -0.008435 0.003167 -0.010553
v -0.008448 0.003261 -0.010495
v -0.008431 0.003135 -0.010532
v -0.008448 0.003099 -0.010499
v -0.008451 0.003212 -0.010618
v -0.008390 0.003157 -0.010573
v -0.008457 0.003220 -0.010647
v -0.008423 0.003201 -0.010652
v -0.008415 0.003194 -0.010629
v -0.008428 0.003199 -0.010676
v -0.008374 0.003194 -0.010629
v -0.008381 0.003201 -0.010652
v -0.008463 0.003219 -0.010676
v -0.008463 0.003114 -0.010863
v -0.008520 0.003170 -0.010877
v -0.008497 0.003133 -0.010866
v -0.008539 0.003085 -0.011042
v -0.008482 0.003030 -0.011021
v -0.008441 0.003030 -0.011021
v -0.008350 0.003002 -0.011054
v -0.008345 0.003030 -0.011021
v -0.008446 0.003002 -0.011054
v -0.008517 0.003049 -0.011027
v -0.008487 0.003002 -0.011054
v -0.008449 0.002965 -0.011079
v -0.008363 0.002965 -0.011079
v -0.008452 0.002858 -0.011115
v -0.008352 0.002651 -0.011183
v -0.008491 0.002965 -0.011079
v -0.008494 0.002858 -0.011115
v -0.008452 0.002754 -0.011149
v -0.008524 0.002980 -0.011096
v -0.008528 0.002864 -0.011135
v -0.008494 0.002754 -0.011149
v -0.008521 0.003020 -0.011065
v -0.008543 0.003051 -0.011088
v -0.008547 0.003003 -0.011123
v -0.008550 0.003098 -0.011141
v -0.008550 0.002986 -0.011152
v -0.008550 0.002875 -0.011167
v -0.008580 0.003029 -0.011676
v -0.008584 0.003052 -0.011932
v -0.008580 0.002960 -0.011684
v -0.008550 0.002770 -0.011200
v -0.008585 0.003002 -0.011997
v -0.008584 0.002994 -0.011939
v -0.008528 0.002760 -0.011169
v -0.008550 0.002668 -0.011234
v -0.008528 0.002657 -0.011202
v -0.008580 0.002891 -0.011697
v -0.008494 0.002651 -0.011183
v -0.008580 0.002824 -0.011716
v -0.008452 0.002651 -0.011183
v -0.008528 0.002554 -0.011236
v -0.008494 0.002548 -0.011216
v -0.008452 0.002548 -0.011216
v -0.008452 0.002444 -0.011250
v -0.008363 0.002336 -0.011284
v -0.008494 0.002444 -0.011250
v -0.008528 0.002450 -0.011269
v -0.008550 0.002565 -0.011267
v -0.008524 0.002334 -0.011306
v -0.008580 0.002759 -0.011740
v -0.008550 0.002461 -0.011301
v -0.008580 0.002696 -0.011770
v -0.008584 0.002889 -0.011915
v -0.008584 0.002858 -0.011936
v -0.008584 0.002926 -0.011913
v -0.008571 0.002895 -0.011934
v -0.008584 0.002959 -0.011930
v -0.008571 0.002922 -0.011933
v -0.008585 0.002980 -0.011961
v -0.008572 0.002946 -0.011945
v -0.008572 0.002960 -0.011968
v -0.008585 0.002981 -0.011998
v -0.008460 0.002946 -0.011945
v -0.008461 0.002960 -0.011968
v -0.008460 0.002922 -0.011933
v -0.008461 0.002962 -0.011994
v -0.008460 0.002895 -0.011934
v -0.008460 0.002873 -0.011949
v -0.008573 0.002962 -0.011994
v -0.008462 0.002950 -0.012018
v -0.008571 0.002873 -0.011949
v -0.008460 0.002861 -0.011973
v -0.008573 0.002950 -0.012018
v -0.008572 0.002861 -0.011973
v -0.008461 0.002862 -0.011999
v -0.008462 0.002927 -0.012033
v -0.008572 0.002862 -0.011999
v -0.008461 0.002877 -0.012022
v -0.008584 0.002841 -0.011969
v -0.008573 0.002877 -0.012022
v -0.008462 0.002900 -0.012034
v -0.008585 0.002843 -0.012006
v -0.008573 0.002900 -0.012034
v -0.008585 0.002863 -0.012037
v -0.008573 0.002927 -0.012033
v -0.008585 0.002896 -0.012054
v -0.008585 0.002965 -0.012031
v -0.008586 0.002933 -0.012052
v -0.008587 0.002949 -0.012101
v -0.008587 0.002887 -0.012126
v -0.008585 0.002845 -0.012048
v -0.008589 0.002902 -0.012250
v -0.008569 0.002869 -0.012283
v -0.008584 0.002818 -0.011997
v -0.008584 0.002767 -0.012025
v -0.008585 0.002799 -0.012078
v -0.008580 0.002635 -0.011804
v -0.008587 0.002841 -0.012149
v -0.008550 0.002361 -0.011355
v -0.008587 0.002824 -0.012191
v -0.008547 0.002331 -0.011342
v -0.008580 0.002577 -0.011842
v -0.008550 0.002265 -0.011412
v -0.008543 0.002272 -0.011341
v -0.008584 0.002725 -0.012052
v -0.008521 0.002284 -0.011305
v -0.008586 0.002800 -0.012143
v -0.008586 0.002762 -0.012106
v -0.008585 0.002715 -0.012082
v -0.008557 0.002796 -0.012199
v -0.008556 0.002776 -0.012160
v -0.008555 0.002744 -0.012129
v -0.008584 0.002662 -0.012073
v -0.008555 0.002705 -0.012109
v -0.008291 0.002776 -0.012160
v -0.008291 0.002744 -0.012129
v -0.008291 0.002796 -0.012199
v -0.008291 0.002705 -0.012109
v -0.008291 0.002803 -0.012243
v -0.008554 0.002661 -0.012102
v -0.008291 0.002661 -0.012102
v -0.008558 0.002803 -0.012243
v -0.008291 0.002796 -0.012287
v -0.008553 0.002618 -0.012109
v -0.008291 0.002618 -0.012109
v -0.008558 0.002796 -0.012287
v -0.008291 0.002776 -0.012326
v -0.008588 0.002832 -0.012243
v -0.008559 0.002776 -0.012326
v -0.008589 0.002864 -0.012277
v -0.008588 0.002824 -0.012296
v -0.008569 0.002836 -0.012314
v -0.008589 0.002830 -0.012309
v -0.008589 0.002800 -0.012343
v -0.008589 0.002801 -0.012344
v -0.008569 0.002807 -0.012349
v -0.008589 0.002776 -0.012383
v -0.008569 0.002783 -0.012387
v -0.008588 0.002762 -0.012381
v -0.008589 0.002757 -0.012425
v -0.008569 0.002764 -0.012428
v -0.008558 0.002744 -0.012357
v -0.008291 0.002744 -0.012357
v -0.008588 0.002715 -0.012405
v -0.008558 0.002705 -0.012377
v -0.008291 0.002705 -0.012377
v -0.008589 0.002742 -0.012469
v -0.008569 0.002750 -0.012471
v -0.008587 0.002662 -0.012413
v -0.008557 0.002661 -0.012384
v -0.008291 0.002661 -0.012384
v -0.008556 0.002618 -0.012377
v -0.008291 0.002618 -0.012377
v -0.008587 0.002628 -0.012443
v -0.008555 0.002578 -0.012357
v -0.008291 0.002578 -0.012357
v -0.008586 0.002609 -0.012405
v -0.008586 0.002562 -0.012381
v -0.008585 0.002547 -0.012425
v -0.008555 0.002547 -0.012326
v -0.008291 0.002547 -0.012326
v -0.008585 0.002524 -0.012343
v -0.008584 0.002500 -0.012362
v -0.008584 0.002500 -0.012296
v -0.008554 0.002527 -0.012287
v -0.008291 0.002527 -0.012287
v -0.008553 0.002520 -0.012243
v -0.008291 0.002520 -0.012243
v -0.008584 0.002492 -0.012243
v -0.008553 0.002527 -0.012199
v -0.008291 0.002527 -0.012199
v -0.008580 0.002279 -0.012221
v -0.008553 0.002547 -0.012160
v -0.008291 0.002547 -0.012160
v -0.008291 0.002578 -0.012129
v -0.008583 0.002500 -0.012191
v -0.008553 0.002578 -0.012129
v -0.008583 0.002524 -0.012143
v -0.008583 0.002562 -0.012106
v -0.008584 0.002609 -0.012082
v -0.008580 0.002522 -0.011886
v -0.008580 0.002471 -0.011933
v -0.008550 0.002178 -0.011482
v -0.008580 0.002424 -0.011984
v -0.008550 0.002095 -0.011557
v -0.008539 0.002218 -0.011324
v -0.008580 0.002380 -0.012039
v -0.008517 0.002237 -0.011291
v -0.008580 0.002342 -0.012097
v -0.008550 0.001950 -0.011726
v -0.008550 0.002019 -0.011638
v -0.008521 0.001828 -0.011476
v -0.008521 0.001915 -0.011376
v -0.008521 0.001746 -0.011578
v -0.008519 0.002004 -0.011284
v -0.008481 0.001638 -0.011313
v -0.008520 0.002052 -0.011240
v -0.008485 0.001867 -0.011134
v -0.008497 0.002075 -0.011210
v -0.008463 0.001894 -0.011107
v -0.008481 0.001741 -0.011203
v -0.008428 0.001910 -0.011095
v -0.008463 0.002088 -0.011196
v -0.008423 0.001894 -0.011076
v -0.008482 0.002249 -0.011275
v -0.008441 0.002249 -0.011275
v -0.008350 0.002292 -0.011285
v -0.008345 0.002249 -0.011275
v -0.008446 0.002291 -0.011285
v -0.008487 0.002291 -0.011285
v -0.008449 0.002336 -0.011284
v -0.008491 0.002336 -0.011284
v -0.008457 0.001875 -0.011084
v -0.008451 0.001865 -0.011056
v -0.008415 0.001886 -0.011054
v -0.008478 0.001840 -0.011103
v -0.008472 0.001829 -0.011064
v -0.008453 0.001658 -0.011120
v -0.008435 0.001863 -0.010977
v -0.008453 0.001775 -0.011010
v -0.008390 0.001883 -0.010986
v -0.008454 0.001838 -0.010968
v -0.008374 0.001886 -0.011054
v -0.008381 0.001894 -0.011077
v -0.008291 0.001910 -0.011095
v -0.008285 0.001894 -0.011077
v -0.008278 0.001887 -0.011054
v -0.008353 0.001886 -0.010988
v -0.008246 0.001887 -0.010989
v -0.008383 0.001895 -0.010956
v -0.008348 0.001899 -0.010959
v -0.008235 0.001900 -0.010960
v -0.008345 0.001922 -0.010938
v -0.008225 0.001922 -0.010938
v -0.008225 0.002053 -0.010859
v -0.008431 0.001877 -0.010941
v -0.008381 0.001917 -0.010931
v -0.008345 0.002053 -0.010859
v -0.008225 0.002191 -0.010782
v -0.008381 0.002049 -0.010853
v -0.008345 0.002191 -0.010782
v -0.008225 0.002334 -0.010716
v -0.008381 0.002187 -0.010775
v -0.008345 0.002334 -0.010716
v -0.008225 0.002482 -0.010662
v -0.008381 0.002331 -0.010709
v -0.008431 0.002177 -0.010755
v -0.008345 0.002482 -0.010662
v -0.008431 0.002322 -0.010688
v -0.008381 0.002479 -0.010654
v -0.008431 0.002472 -0.010632
v -0.008345 0.002633 -0.010619
v -0.008225 0.002633 -0.010619
v -0.008381 0.002631 -0.010611
v -0.008345 0.002788 -0.010588
v -0.008225 0.002788 -0.010588
v -0.008345 0.002945 -0.010569
v -0.008225 0.002945 -0.010569
v -0.008345 0.003097 -0.010556
v -0.008225 0.003097 -0.010556
v -0.008235 0.003128 -0.010561
v -0.008381 0.002787 -0.010580
v -0.008381 0.002944 -0.010562
v -0.008431 0.002783 -0.010558
v -0.008381 0.003097 -0.010548
v -0.008431 0.002942 -0.010539
v -0.008431 0.003097 -0.010525
v -0.008348 0.003128 -0.010560
v -0.008246 0.003155 -0.010577
v -0.008383 0.003129 -0.010555
v -0.008353 0.003155 -0.010575
v -0.008278 0.003194 -0.010629
v -0.008285 0.003201 -0.010652
v -0.008448 0.002940 -0.010508
v -0.008448 0.003099 -0.010436
v -0.008448 0.002778 -0.010527
v -0.008448 0.002932 -0.010442
v -0.008448 0.002619 -0.010559
v -0.008448 0.003265 -0.010442
v -0.008431 0.002626 -0.010589
v -0.008448 0.003431 -0.010462
v -0.008454 0.003266 -0.010434
v -0.008454 0.003099 -0.010428
v -0.008454 0.003432 -0.010454
v -0.008454 0.002931 -0.010434
v -0.008448 0.003595 -0.010495
v -0.008469 0.003099 -0.010424
v -0.008469 0.003266 -0.010431
v -0.008448 0.002766 -0.010462
v -0.008454 0.002765 -0.010454
v -0.008448 0.002603 -0.010495
v -0.008448 0.002463 -0.010603
v -0.008469 0.002931 -0.010431
v -0.008454 0.002601 -0.010487
v -0.008469 0.002764 -0.010451
v -0.008472 0.002929 -0.010410
v -0.008448 0.002442 -0.010540
v -0.008472 0.003099 -0.010403
v -0.008472 0.002761 -0.010430
v -0.008480 0.003099 -0.010395
v -0.008480 0.002929 -0.010401
v -0.008480 0.002760 -0.010421
v -0.008480 0.003269 -0.010401
v -0.008480 0.002593 -0.010454
v -0.008472 0.003268 -0.010410
v -0.008480 0.003437 -0.010421
v -0.008472 0.002595 -0.010463
v -0.008480 0.002429 -0.010501
v -0.008472 0.003436 -0.010430
v -0.008480 0.003604 -0.010454
v -0.008469 0.003433 -0.010451
v -0.008472 0.003602 -0.010463
v -0.008480 0.003768 -0.010501
v -0.008454 0.003597 -0.010487
v -0.008469 0.003597 -0.010483
v -0.008472 0.003765 -0.010509
v -0.008480 0.003928 -0.010559
v -0.008454 0.003758 -0.010532
v -0.008472 0.003924 -0.010568
v -0.008480 0.004082 -0.010631
v -0.008469 0.003759 -0.010529
v -0.008469 0.003916 -0.010587
v -0.008454 0.003915 -0.010590
v -0.008448 0.003755 -0.010540
v -0.008454 0.004067 -0.010660
v -0.008448 0.003582 -0.010546
v -0.008448 0.003912 -0.010598
v -0.008448 0.003739 -0.010590
v -0.008450 0.003734 -0.010606
v -0.008448 0.003892 -0.010646
v -0.008450 0.003885 -0.010662
v -0.008453 0.003879 -0.010677
v -0.008448 0.004039 -0.010714
v -0.008450 0.004032 -0.010730
v -0.008453 0.004024 -0.010745
v -0.008448 0.004063 -0.010667
v -0.008450 0.004172 -0.010808
v -0.008448 0.004181 -0.010794
v -0.008481 0.003970 -0.010850
v -0.008453 0.004164 -0.010822
v -0.008485 0.004075 -0.010949
v -0.008472 0.004130 -0.010891
v -0.008478 0.004096 -0.010914
v -0.008520 0.004031 -0.011157
v -0.008457 0.004125 -0.010941
v -0.008463 0.004109 -0.010966
v -0.008497 0.004067 -0.011169
v -0.008428 0.004125 -0.010977
v -0.008451 0.004149 -0.010923
v -0.008435 0.004223 -0.010896
v -0.008285 0.004138 -0.010956
v -0.008374 0.004157 -0.010942
v -0.008278 0.004157 -0.010942
v -0.008390 0.004220 -0.010918
v -0.008353 0.004220 -0.010921
v -0.008246 0.004219 -0.010923
v -0.008348 0.004251 -0.010925
v -0.008235 0.004250 -0.010926
v -0.008383 0.004253 -0.010920
v -0.008345 0.004279 -0.010940
v -0.008225 0.004279 -0.010940
v -0.008225 0.004394 -0.011040
v -0.008431 0.004261 -0.010899
v -0.008381 0.004283 -0.010933
v -0.008345 0.004394 -0.011040
v -0.008225 0.004510 -0.011147
v -0.008381 0.004399 -0.011034
v -0.008345 0.004510 -0.011147
v -0.008225 0.004617 -0.011263
v -0.008431 0.004297 -0.010915
v -0.008345 0.004617 -0.011263
v -0.008225 0.004714 -0.011387
v -0.008381 0.004515 -0.011142
v -0.008345 0.004714 -0.011387
v -0.008381 0.004623 -0.011258
v -0.008381 0.004720 -0.011382
v -0.008345 0.004802 -0.011518
v -0.008225 0.004802 -0.011518
v -0.008381 0.004808 -0.011514
v -0.008345 0.004879 -0.011655
v -0.008225 0.004879 -0.011655
v -0.008345 0.004945 -0.011799
v -0.008225 0.004945 -0.011799
v -0.008345 0.005005 -0.011939
v -0.008225 0.005005 -0.011939
v -0.008235 0.005009 -0.011971
v -0.008381 0.004886 -0.011652
v -0.008381 0.004952 -0.011796
v -0.008431 0.004906 -0.011642
v -0.008381 0.005012 -0.011937
v -0.008431 0.004973 -0.011787
v -0.008431 0.005034 -0.011930
v -0.008348 0.005011 -0.011970
v -0.008246 0.005002 -0.012001
v -0.008383 0.005016 -0.011970
v -0.008353 0.005004 -0.012001
v -0.008278 0.004965 -0.012054
v -0.008431 0.005039 -0.011968
v -0.008390 0.005007 -0.012001
v -0.008374 0.004965 -0.012054
v -0.008285 0.004945 -0.012068
v -0.008381 0.004945 -0.012068
v -0.008291 0.004922 -0.012074
v -0.008415 0.004965 -0.012054
v -0.008451 0.004981 -0.012068
v -0.008435 0.005029 -0.012006
v -0.008457 0.004957 -0.012085
v -0.008423 0.004945 -0.012068
v -0.008472 0.005006 -0.012096
v -0.008454 0.005055 -0.012013
v -0.008463 0.004928 -0.012092
v -0.008428 0.004922 -0.012074
v -0.008463 0.004718 -0.012050
v -0.008478 0.004973 -0.012121
v -0.008497 0.004721 -0.012070
v -0.008482 0.004542 -0.012020
v -0.008485 0.004933 -0.012130
v -0.008520 0.004722 -0.012108
v -0.008481 0.004994 -0.012260
v -0.008519 0.004735 -0.012171
v -0.008539 0.004538 -0.012078
v -0.008521 0.004753 -0.012299
v -0.008550 0.004478 -0.012229
v -0.008517 0.004542 -0.012040
v -0.008543 0.004484 -0.012061
v -0.008487 0.004502 -0.012003
v -0.008550 0.004448 -0.012121
v -0.008521 0.004496 -0.012024
v -0.008547 0.004436 -0.012026
v -0.008446 0.004502 -0.012003
v -0.008441 0.004542 -0.012020
v -0.008350 0.004501 -0.012003
v -0.008345 0.004542 -0.012020
v -0.008449 0.004467 -0.011976
v -0.008363 0.004467 -0.011976
v -0.008491 0.004467 -0.011976
v -0.008452 0.004399 -0.011885
v -0.008352 0.004271 -0.011709
v -0.008524 0.004455 -0.011995
v -0.008494 0.004399 -0.011885
v -0.008452 0.004334 -0.011797
v -0.008528 0.004382 -0.011897
v -0.008550 0.004355 -0.011917
v -0.008550 0.004404 -0.012018
v -0.008528 0.004318 -0.011809
v -0.008580 0.003943 -0.012286
v -0.008494 0.004334 -0.011797
v -0.008550 0.004291 -0.011828
v -0.008528 0.004254 -0.011721
v -0.008452 0.004271 -0.011709
v -0.008494 0.004271 -0.011709
v -0.008452 0.004143 -0.011533
v -0.008363 0.004077 -0.011440
v -0.008452 0.004207 -0.011622
v -0.008494 0.004207 -0.011622
v -0.008528 0.004191 -0.011634
v -0.008494 0.004143 -0.011533
v -0.008491 0.004077 -0.011440
v -0.008449 0.004077 -0.011440
v -0.008528 0.004126 -0.011545
v -0.008524 0.004056 -0.011446
v -0.008487 0.004062 -0.011398
v -0.008521 0.004041 -0.011397
v -0.008482 0.004059 -0.011355
v -0.008446 0.004062 -0.011398
v -0.008350 0.004062 -0.011399
v -0.008441 0.004059 -0.011355
v -0.008517 0.004040 -0.011349
v -0.008463 0.004084 -0.011178
v -0.008543 0.004003 -0.011397
v -0.008547 0.004021 -0.011454
v -0.008550 0.004018 -0.011487
v -0.008550 0.004099 -0.011565
v -0.008580 0.003675 -0.011886
v -0.008550 0.004164 -0.011653
v -0.008580 0.003726 -0.011933
v -0.008550 0.004227 -0.011741
v -0.008580 0.003774 -0.011984
v -0.008584 0.003548 -0.012119
v -0.008580 0.003817 -0.012039
v -0.008585 0.003547 -0.012146
v -0.008580 0.003856 -0.012097
v -0.008584 0.003648 -0.012161
v -0.008584 0.003619 -0.012138
v -0.008584 0.003582 -0.012132
v -0.008585 0.003524 -0.012175
v -0.008572 0.003559 -0.012162
v -0.008572 0.003584 -0.012153
v -0.008573 0.003543 -0.012183
v -0.008461 0.003559 -0.012162
v -0.008461 0.003543 -0.012183
v -0.008460 0.003584 -0.012153
v -0.008462 0.003538 -0.012209
v -0.008571 0.003610 -0.012157
v -0.008460 0.003610 -0.012157
v -0.008573 0.003538 -0.012209
v -0.008462 0.003548 -0.012234
v -0.008573 0.003548 -0.012234
v -0.008573 0.003569 -0.012251
v -0.008462 0.003569 -0.012251
v -0.008573 0.003595 -0.012255
v -0.008461 0.003595 -0.012255
v -0.008585 0.003597 -0.012275
v -0.008572 0.003620 -0.012246
v -0.008461 0.003620 -0.012246
v -0.008585 0.003632 -0.012262
v -0.008584 0.003657 -0.012270
v -0.008584 0.003655 -0.012233
v -0.008572 0.003637 -0.012225
v -0.008460 0.003637 -0.012225
v -0.008580 0.003890 -0.012158
v -0.008584 0.003661 -0.012197
v -0.008571 0.003641 -0.012199
v -0.008460 0.003641 -0.012199
v -0.008571 0.003632 -0.012173
v -0.008460 0.003632 -0.012173
v -0.008580 0.003919 -0.012221
v -0.008580 0.003962 -0.012353
v -0.008580 0.003975 -0.012422
v -0.008550 0.004501 -0.012339
v -0.008580 0.003984 -0.012491
v -0.008521 0.004764 -0.012430
v -0.008550 0.004514 -0.012449
v -0.008580 0.003986 -0.012561
v -0.008550 0.004518 -0.012561
v -0.008580 0.003984 -0.012630
v -0.008481 0.005014 -0.012410
v -0.008521 0.004770 -0.012561
v -0.008550 0.004514 -0.012672
v -0.008453 0.005111 -0.012242
v -0.008521 0.004764 -0.012692
v -0.008453 0.005081 -0.012085
v -0.008550 0.004501 -0.012783
v -0.008450 0.005097 -0.012081
v -0.008580 0.003975 -0.012699
v -0.008580 0.003962 -0.012768
v -0.008550 0.004478 -0.012892
v -0.008580 0.003943 -0.012835
v -0.008521 0.004753 -0.012823
v -0.008584 0.003682 -0.012799
v -0.008580 0.003919 -0.012900
v -0.008550 0.004404 -0.013103
v -0.008550 0.004448 -0.013000
v -0.008543 0.004484 -0.013061
v -0.008539 0.004538 -0.013043
v -0.008517 0.004542 -0.013082
v -0.008497 0.004721 -0.013051
v -0.008463 0.004718 -0.013071
v -0.008519 0.004735 -0.012950
v -0.008520 0.004722 -0.013013
v -0.008463 0.004928 -0.013029
v -0.008428 0.004922 -0.013048
v -0.008423 0.004945 -0.013053
v -0.008485 0.004933 -0.012991
v -0.008457 0.004957 -0.013036
v -0.008415 0.004965 -0.013067
v -0.008481 0.004994 -0.012861
v -0.008478 0.004973 -0.013000
v -0.008472 0.005006 -0.013025
v -0.008451 0.004981 -0.013053
v -0.008374 0.004965 -0.013067
v -0.008381 0.004945 -0.013053
v -0.008390 0.005007 -0.013120
v -0.008278 0.004965 -0.013067
v -0.008285 0.004945 -0.013053
v -0.008353 0.005004 -0.013120
v -0.008246 0.005002 -0.013120
v -0.008435 0.005029 -0.013116
v -0.008348 0.005011 -0.013151
v -0.008235 0.005009 -0.013151
v -0.008345 0.005005 -0.013182
v -0.008383 0.005016 -0.013151
v -0.008381 0.005012 -0.013184
v -0.008345 0.004945 -0.013322
v -0.008431 0.005039 -0.013153
v -0.008381 0.004952 -0.013325
v -0.008345 0.004879 -0.013466
v -0.008431 0.005034 -0.013191
v -0.008454 0.005055 -0.013108
v -0.008448 0.005059 -0.013197
v -0.008453 0.005081 -0.013037
v -0.008449 0.005066 -0.013152
v -0.008450 0.005097 -0.013040
v -0.008453 0.005111 -0.012879
v -0.008448 0.005113 -0.013044
v -0.008450 0.005128 -0.012882
v -0.008481 0.005014 -0.012711
v -0.008453 0.005131 -0.012721
v -0.008481 0.005023 -0.012561
v -0.008450 0.005147 -0.012722
v -0.008453 0.005131 -0.012401
v -0.008453 0.005138 -0.012561
v -0.008450 0.005128 -0.012239
v -0.008450 0.005147 -0.012399
v -0.008450 0.005154 -0.012561
v -0.008448 0.005145 -0.012236
v -0.008448 0.005164 -0.012398
v -0.008448 0.005164 -0.012723
v -0.008448 0.005171 -0.012561
v -0.008448 0.005223 -0.012561
v -0.008448 0.005217 -0.012394
v -0.008448 0.005145 -0.012885
v -0.008448 0.005217 -0.012727
v -0.008448 0.005197 -0.012893
v -0.008448 0.005165 -0.013057
v -0.008448 0.005119 -0.013217
v -0.008454 0.005173 -0.013059
v -0.008454 0.005205 -0.012894
v -0.008454 0.005225 -0.012728
v -0.008469 0.005209 -0.012895
v -0.008454 0.005231 -0.012561
v -0.008469 0.005228 -0.012728
v -0.008469 0.005235 -0.012561
v -0.008454 0.005225 -0.012393
v -0.008472 0.005256 -0.012561
v -0.008469 0.005228 -0.012393
v -0.008454 0.005205 -0.012227
v -0.008472 0.005249 -0.012730
v -0.008472 0.005249 -0.012391
v -0.008480 0.005265 -0.012561
v -0.008480 0.005258 -0.012731
v -0.008480 0.005258 -0.012391
v -0.008472 0.005229 -0.012898
v -0.008480 0.005238 -0.012899
v -0.008469 0.005176 -0.013059
v -0.008472 0.005196 -0.013064
v -0.008480 0.005205 -0.013066
v -0.008480 0.005159 -0.013230
v -0.008454 0.005127 -0.013220
v -0.008472 0.005150 -0.013227
v -0.008480 0.005100 -0.013390
v -0.008469 0.005130 -0.013221
v -0.008472 0.005092 -0.013386
v -0.008480 0.005029 -0.013544
v -0.008454 0.005069 -0.013377
v -0.008472 0.005021 -0.013540
v -0.008480 0.004945 -0.013692
v -0.008469 0.005072 -0.013378
v -0.008472 0.004938 -0.013688
v -0.008480 0.004851 -0.013834
v -0.008469 0.005002 -0.013530
v -0.008454 0.004999 -0.013529
v -0.008448 0.005062 -0.013374
v -0.008448 0.004992 -0.013525
v -0.008448 0.005002 -0.013346
v -0.008448 0.004934 -0.013494
v -0.008431 0.004973 -0.013334
v -0.008431 0.004906 -0.013480
v -0.008381 0.004886 -0.013469
v -0.008448 0.004854 -0.013636
v -0.008345 0.004802 -0.013603
v -0.008225 0.004802 -0.013603
v -0.008381 0.004808 -0.013608
v -0.008225 0.004714 -0.013734
v -0.008225 0.004879 -0.013466
v -0.008225 0.004945 -0.013322
v -0.008225 0.005005 -0.013182
v -0.008345 0.004714 -0.013734
v -0.008345 0.004617 -0.013858
v -0.008225 0.004617 -0.013858
v -0.008381 0.004720 -0.013739
v -0.008431 0.004828 -0.013619
v -0.008431 0.004739 -0.013752
v -0.008381 0.004623 -0.013863
v -0.008345 0.004510 -0.013974
v -0.008225 0.004510 -0.013974
v -0.008431 0.004640 -0.013878
v -0.008345 0.004394 -0.014081
v -0.008225 0.004394 -0.014081
v -0.008381 0.004515 -0.013979
v -0.008381 0.004399 -0.014087
v -0.008345 0.004279 -0.014181
v -0.008225 0.004279 -0.014181
v -0.008235 0.004250 -0.014195
v -0.008381 0.004283 -0.014188
v -0.008348 0.004251 -0.014197
v -0.008246 0.004219 -0.014198
v -0.008383 0.004253 -0.014201
v -0.008353 0.004220 -0.014200
v -0.008278 0.004157 -0.014179
v -0.008374 0.004157 -0.014179
v -0.008285 0.004138 -0.014165
v -0.008390 0.004220 -0.014203
v -0.008435 0.004223 -0.014225
v -0.008431 0.004261 -0.014223
v -0.008451 0.004149 -0.014198
v -0.008472 0.004130 -0.014231
v -0.008454 0.004224 -0.014252
v -0.008431 0.004297 -0.014206
v -0.008478 0.004096 -0.014208
v -0.008431 0.004414 -0.014104
v -0.008481 0.003970 -0.014271
v -0.008431 0.004531 -0.013995
v -0.008448 0.004553 -0.014017
v -0.008448 0.004664 -0.013898
v -0.008448 0.004434 -0.014128
v -0.008448 0.004764 -0.013771
v -0.008448 0.004310 -0.014229
v -0.008448 0.004910 -0.013671
v -0.008449 0.004269 -0.014249
v -0.008454 0.004917 -0.013675
v -0.008448 0.004817 -0.013809
v -0.008469 0.004920 -0.013677
v -0.008454 0.004824 -0.013814
v -0.008448 0.004714 -0.013940
v -0.008454 0.004720 -0.013946
v -0.008469 0.004827 -0.013816
v -0.008448 0.004601 -0.014063
v -0.008472 0.004844 -0.013829
v -0.008472 0.004739 -0.013962
v -0.008480 0.004746 -0.013967
v -0.008469 0.004723 -0.013948
v -0.008454 0.004607 -0.014069
v -0.008469 0.004609 -0.014071
v -0.008472 0.004624 -0.014086
v -0.008480 0.004630 -0.014092
v -0.008469 0.004486 -0.014185
v -0.008472 0.004500 -0.014201
v -0.008480 0.004505 -0.014208
v -0.008454 0.004484 -0.014183
v -0.008469 0.004354 -0.014289
v -0.008472 0.004367 -0.014306
v -0.008480 0.004372 -0.014313
v -0.008448 0.004479 -0.014176
v -0.008472 0.004226 -0.014400
v -0.008480 0.004230 -0.014407
v -0.008469 0.004215 -0.014382
v -0.008472 0.004078 -0.014483
v -0.008480 0.004082 -0.014491
v -0.008454 0.004352 -0.014286
v -0.008472 0.003924 -0.014554
v -0.008480 0.003928 -0.014562
v -0.008469 0.004068 -0.014464
v -0.008454 0.004213 -0.014379
v -0.008448 0.004348 -0.014280
v -0.008448 0.004181 -0.014327
v -0.008448 0.004209 -0.014372
v -0.008448 0.004063 -0.014454
v -0.008454 0.004067 -0.014461
v -0.008450 0.004172 -0.014313
v -0.008448 0.004039 -0.014407
v -0.008453 0.004164 -0.014299
v -0.008453 0.004024 -0.014376
v -0.008450 0.004032 -0.014391
v -0.008481 0.003834 -0.014336
v -0.008453 0.003879 -0.014444
v -0.008450 0.003885 -0.014459
v -0.008448 0.003912 -0.014523
v -0.008448 0.003892 -0.014475
v -0.008453 0.003729 -0.014500
v -0.008454 0.003915 -0.014531
v -0.008450 0.003734 -0.014515
v -0.008481 0.003693 -0.014391
v -0.008448 0.003755 -0.014581
v -0.008448 0.003739 -0.014531
v -0.008448 0.003582 -0.014575
v -0.008450 0.003578 -0.014559
v -0.008453 0.003574 -0.014543
v -0.008448 0.003423 -0.014607
v -0.008450 0.003420 -0.014590
v -0.008481 0.003547 -0.014429
v -0.008453 0.003417 -0.014573
v -0.008450 0.003260 -0.014609
v -0.008448 0.003595 -0.014627
v -0.008448 0.003261 -0.014626
v -0.008448 0.003431 -0.014659
v -0.008454 0.003597 -0.014635
v -0.008454 0.003432 -0.014667
v -0.008454 0.003758 -0.014589
v -0.008469 0.003433 -0.014671
v -0.008469 0.003759 -0.014592
v -0.008469 0.003597 -0.014638
v -0.008469 0.003916 -0.014534
v -0.008472 0.003765 -0.014612
v -0.008480 0.003768 -0.014621
v -0.008472 0.003602 -0.014658
v -0.008480 0.003604 -0.014667
v -0.008472 0.003436 -0.014691
v -0.008480 0.003437 -0.014700
v -0.008469 0.003266 -0.014690
v -0.008472 0.003268 -0.014711
v -0.008480 0.003269 -0.014720
v -0.008472 0.003099 -0.014718
v -0.008480 0.003099 -0.014727
v -0.008454 0.003266 -0.014687
v -0.008469 0.003099 -0.014697
v -0.008472 0.002929 -0.014711
v -0.008480 0.002929 -0.014720
v -0.008480 0.002760 -0.014700
v -0.008448 0.003265 -0.014679
v -0.008472 0.002761 -0.014691
v -0.008480 0.002593 -0.014667
v -0.008469 0.002931 -0.014690
v -0.008472 0.002595 -0.014658
v -0.008480 0.002429 -0.014620
v -0.008469 0.002764 -0.014671
v -0.008454 0.002931 -0.014687
v -0.008472 0.002432 -0.014612
v -0.008454 0.003099 -0.014694
v -0.008472 0.002273 -0.014554
v -0.008480 0.002270 -0.014562
v -0.008448 0.003099 -0.014685
v -0.008448 0.002932 -0.014679
v -0.008448 0.003099 -0.014622
v -0.008448 0.002940 -0.014613
v -0.008449 0.003144 -0.014615
v -0.008431 0.003135 -0.014589
v -0.008454 0.003183 -0.014590
v -0.008453 0.003258 -0.014593
v -0.008472 0.003246 -0.014518
v -0.008435 0.003167 -0.014568
v -0.008431 0.003097 -0.014596
v -0.008390 0.003157 -0.014549
v -0.008383 0.003129 -0.014566
v -0.008451 0.003212 -0.014503
v -0.008481 0.003399 -0.014456
v -0.008478 0.003260 -0.014479
v -0.008457 0.003220 -0.014475
v -0.008485 0.003256 -0.014439
v -0.008521 0.003361 -0.014215
v -0.008423 0.003201 -0.014469
v -0.008415 0.003194 -0.014492
v -0.008428 0.003199 -0.014445
v -0.008374 0.003194 -0.014492
v -0.008381 0.003201 -0.014469
v -0.008463 0.003219 -0.014445
v -0.008463 0.003114 -0.014258
v -0.008278 0.003194 -0.014492
v -0.008285 0.003201 -0.014469
v -0.008353 0.003155 -0.014546
v -0.008246 0.003155 -0.014544
v -0.008348 0.003128 -0.014561
v -0.008235 0.003128 -0.014560
v -0.008381 0.003097 -0.014573
v -0.008345 0.003097 -0.014565
v -0.008225 0.003097 -0.014565
v -0.008225 0.002945 -0.014552
v -0.008345 0.002945 -0.014552
v -0.008225 0.002788 -0.014533
v -0.008381 0.002944 -0.014560
v -0.008345 0.002788 -0.014533
v -0.008225 0.002633 -0.014502
v -0.008431 0.002942 -0.014582
v -0.008381 0.002787 -0.014541
v -0.008345 0.002633 -0.014502
v -0.008225 0.002482 -0.014460
v -0.008448 0.002778 -0.014594
v -0.008431 0.002783 -0.014563
v -0.008381 0.002631 -0.014510
v -0.008448 0.002766 -0.014659
v -0.008448 0.002619 -0.014562
v -0.008431 0.002626 -0.014532
v -0.008454 0.002765 -0.014667
v -0.008448 0.002603 -0.014626
v -0.008454 0.002601 -0.014634
v -0.008469 0.002600 -0.014638
v -0.008448 0.002442 -0.014581
v -0.008469 0.002439 -0.014592
v -0.008454 0.002440 -0.014589
v -0.008454 0.002283 -0.014531
v -0.008469 0.002281 -0.014534
v -0.008448 0.002463 -0.014518
v -0.008448 0.002286 -0.014523
v -0.008454 0.002130 -0.014461
v -0.008469 0.002129 -0.014464
v -0.008472 0.002119 -0.014483
v -0.008480 0.002115 -0.014491
v -0.008454 0.001984 -0.014379
v -0.008472 0.001972 -0.014400
v -0.008480 0.001967 -0.014407
v -0.008469 0.001983 -0.014382
v -0.008472 0.001831 -0.014306
v -0.008480 0.001825 -0.014313
v -0.008469 0.001843 -0.014289
v -0.008472 0.001698 -0.014201
v -0.008480 0.001692 -0.014208
v -0.008469 0.001711 -0.014185
v -0.008454 0.001845 -0.014286
v -0.008454 0.001713 -0.014183
v -0.008472 0.001573 -0.014086
v -0.008480 0.001567 -0.014092
v -0.008469 0.001588 -0.014071
v -0.008472 0.001458 -0.013962
v -0.008480 0.001452 -0.013967
v -0.008454 0.001590 -0.014069
v -0.008469 0.001474 -0.013948
v -0.008472 0.001353 -0.013829
v -0.008480 0.001346 -0.013834
v -0.008454 0.001477 -0.013946
v -0.008472 0.001259 -0.013688
v -0.008480 0.001252 -0.013692
v -0.008469 0.001370 -0.013816
v -0.008469 0.001277 -0.013677
v -0.008454 0.001373 -0.013814
v -0.008472 0.001177 -0.013540
v -0.008480 0.001169 -0.013544
v -0.008469 0.001195 -0.013530
v -0.008454 0.001280 -0.013675
v -0.008472 0.001106 -0.013386
v -0.008480 0.001097 -0.013389
v -0.008480 0.001039 -0.013230
v -0.008469 0.001125 -0.013378
v -0.008472 0.001047 -0.013227
v -0.008480 0.000992 -0.013066
v -0.008469 0.001067 -0.013221
v -0.008472 0.001001 -0.013064
v -0.008480 0.000959 -0.012899
v -0.008454 0.001198 -0.013529
v -0.008472 0.000968 -0.012898
v -0.008480 0.000939 -0.012731
v -0.008472 0.000943 -0.012601
v -0.008480 0.000934 -0.012593
v -0.008472 0.000948 -0.012730
v -0.008469 0.000965 -0.012620
v -0.008469 0.001021 -0.013059
v -0.008469 0.000989 -0.012895
v -0.008469 0.000969 -0.012728
v -0.008454 0.000968 -0.012623
v -0.008454 0.001025 -0.013059
v -0.008454 0.000972 -0.012728
v -0.008448 0.000977 -0.012628
v -0.008454 0.000992 -0.012894
v -0.008448 0.000981 -0.012727
v -0.008448 0.000996 -0.012633
v -0.008448 0.001000 -0.012893
v -0.008448 0.001046 -0.012723
v -0.008448 0.001024 -0.012629
v -0.008448 0.001042 -0.012620
v -0.008448 0.001033 -0.013057
v -0.008448 0.001066 -0.012884
v -0.008431 0.001078 -0.012720
v -0.008441 0.001054 -0.012609
v -0.008435 0.001064 -0.012594
v -0.008430 0.001068 -0.012578
v -0.008431 0.001071 -0.012561
v -0.008454 0.001070 -0.013220
v -0.008454 0.001128 -0.013377
v -0.008448 0.001078 -0.013217
v -0.008448 0.001206 -0.013525
v -0.008448 0.001136 -0.013374
v -0.008448 0.001097 -0.013044
v -0.008448 0.001184 -0.013354
v -0.008448 0.001138 -0.013198
v -0.008448 0.001287 -0.013671
v -0.008448 0.001252 -0.013501
v -0.008448 0.001380 -0.013809
v -0.008448 0.001332 -0.013643
v -0.008448 0.001483 -0.013940
v -0.008448 0.001422 -0.013779
v -0.008448 0.001596 -0.014063
v -0.008448 0.001523 -0.013906
v -0.008448 0.001634 -0.014026
v -0.008448 0.001719 -0.014176
v -0.008450 0.001436 -0.013769
v -0.008448 0.001850 -0.014280
v -0.008448 0.001753 -0.014136
v -0.008448 0.001988 -0.014372
v -0.008448 0.001886 -0.014228
v -0.008448 0.002134 -0.014454
v -0.008448 0.002021 -0.014315
v -0.008448 0.002163 -0.014394
v -0.008448 0.002310 -0.014462
v -0.008431 0.002037 -0.014288
v -0.008431 0.002472 -0.014489
v -0.008431 0.002177 -0.014366
v -0.008431 0.002322 -0.014433
v -0.008381 0.002479 -0.014467
v -0.008381 0.002331 -0.014412
v -0.008381 0.002187 -0.014346
v -0.008345 0.002482 -0.014460
v -0.008345 0.002334 -0.014405
v -0.008225 0.002334 -0.014405
v -0.008345 0.002191 -0.014339
v -0.008225 0.002191 -0.014339
v -0.008345 0.002053 -0.014262
v -0.008225 0.002053 -0.014262
v -0.008381 0.002049 -0.014269
v -0.008345 0.001922 -0.014184
v -0.008225 0.001922 -0.014184
v -0.008235 0.001900 -0.014161
v -0.008381 0.001917 -0.014190
v -0.008348 0.001899 -0.014162
v -0.008246 0.001887 -0.014132
v -0.008383 0.001895 -0.014165
v -0.008353 0.001886 -0.014133
v -0.008278 0.001887 -0.014067
v -0.008431 0.001904 -0.014208
v -0.008431 0.001877 -0.014180
v -0.008449 0.001854 -0.014195
v -0.008435 0.001863 -0.014144
v -0.008450 0.001764 -0.014123
v -0.008454 0.001838 -0.014153
v -0.008450 0.001646 -0.014014
v -0.008453 0.001775 -0.014111
v -0.008450 0.001536 -0.013895
v -0.008453 0.001658 -0.014002
v -0.008453 0.001549 -0.013884
v -0.008453 0.001449 -0.013759
v -0.008472 0.001829 -0.014057
v -0.008481 0.001638 -0.013809
v -0.008481 0.001741 -0.013918
v -0.008481 0.001542 -0.013692
v -0.008450 0.001346 -0.013634
v -0.008453 0.001361 -0.013626
v -0.008450 0.001268 -0.013493
v -0.008450 0.001200 -0.013347
v -0.008453 0.001283 -0.013486
v -0.008481 0.001460 -0.013565
v -0.008449 0.001159 -0.013239
v -0.008453 0.001215 -0.013341
v -0.008454 0.001194 -0.013268
v -0.008431 0.001181 -0.013222
v -0.008472 0.001283 -0.013306
v -0.008431 0.001162 -0.013188
v -0.008435 0.001211 -0.013246
v -0.008383 0.001201 -0.013209
v -0.008431 0.001128 -0.013037
v -0.008381 0.001184 -0.013181
v -0.008431 0.001096 -0.012879
v -0.008381 0.001150 -0.013031
v -0.008381 0.001119 -0.012876
v -0.008381 0.001100 -0.012718
v -0.008345 0.001157 -0.013029
v -0.008345 0.001127 -0.012875
v -0.008345 0.001191 -0.013178
v -0.008225 0.001127 -0.012875
v -0.008225 0.001157 -0.013029
v -0.008225 0.001108 -0.012718
v -0.008225 0.001191 -0.013178
v -0.008235 0.001206 -0.013206
v -0.008345 0.001108 -0.012718
v -0.008225 0.001102 -0.012561
v -0.008348 0.001205 -0.013207
v -0.008246 0.001230 -0.013227
v -0.008353 0.001228 -0.013228
v -0.008278 0.001291 -0.013248
v -0.008390 0.001226 -0.013230
v -0.008374 0.001291 -0.013248
v -0.008285 0.001315 -0.013248
v -0.008451 0.001287 -0.013268
v -0.008457 0.001316 -0.013268
v -0.008428 0.001337 -0.013238
v -0.008478 0.001324 -0.013307
v -0.008463 0.001489 -0.013100
v -0.008481 0.001388 -0.013432
v -0.008485 0.001361 -0.013291
v -0.008463 0.001344 -0.013257
v -0.008497 0.001498 -0.013117
v -0.008520 0.001520 -0.013148
v -0.008521 0.001607 -0.013321
v -0.008519 0.001546 -0.013207
v -0.008539 0.001650 -0.013016
v -0.008517 0.001625 -0.012988
v -0.008550 0.001788 -0.013103
v -0.008521 0.001674 -0.013434
v -0.008550 0.001834 -0.013205
v -0.008521 0.001746 -0.013543
v -0.008550 0.001888 -0.013302
v -0.008550 0.001950 -0.013395
v -0.008521 0.001828 -0.013646
v -0.008580 0.002342 -0.013024
v -0.008521 0.001915 -0.013745
v -0.008550 0.002019 -0.013483
v -0.008550 0.002095 -0.013564
v -0.008580 0.002424 -0.013137
v -0.008580 0.002380 -0.013082
v -0.008583 0.002524 -0.012978
v -0.008580 0.002308 -0.012964
v -0.008583 0.002500 -0.012930
v -0.008580 0.002279 -0.012900
v -0.008584 0.002492 -0.012878
v -0.008553 0.002527 -0.012922
v -0.008580 0.002254 -0.012835
v -0.008584 0.002500 -0.012825
v -0.008553 0.002520 -0.012878
v -0.008550 0.001748 -0.012998
v -0.008554 0.002527 -0.012835
v -0.008543 0.001684 -0.012971
v -0.008291 0.002527 -0.012835
v -0.008291 0.002520 -0.012878
v -0.008291 0.002547 -0.012795
v -0.008291 0.002527 -0.012922
v -0.008555 0.002547 -0.012795
v -0.008291 0.002578 -0.012764
v -0.008553 0.002547 -0.012961
v -0.008291 0.002547 -0.012961
v -0.008291 0.002578 -0.012993
v -0.008553 0.002578 -0.012993
v -0.008291 0.002618 -0.013013
v -0.008583 0.002562 -0.013015
v -0.008553 0.002618 -0.013013
v -0.008291 0.002661 -0.013020
v -0.008580 0.002471 -0.013188
v -0.008584 0.002609 -0.013040
v -0.008554 0.002661 -0.013020
v -0.008291 0.002705 -0.013013
v -0.008584 0.002662 -0.013048
v -0.008555 0.002705 -0.013013
v -0.008291 0.002744 -0.012993
v -0.008580 0.002522 -0.013236
v -0.008555 0.002744 -0.012993
v -0.008291 0.002776 -0.012961
v -0.008585 0.002715 -0.013040
v -0.008556 0.002776 -0.012961
v -0.008291 0.002796 -0.012922
v -0.008586 0.002762 -0.013015
v -0.008584 0.002725 -0.013069
v -0.008557 0.002796 -0.012922
v -0.008291 0.002803 -0.012878
v -0.008586 0.002800 -0.012978
v -0.008585 0.002799 -0.013043
v -0.008558 0.002803 -0.012878
v -0.008291 0.002796 -0.012835
v -0.008587 0.002824 -0.012930
v -0.008558 0.002796 -0.012835
v -0.008291 0.002776 -0.012795
v -0.008588 0.002832 -0.012878
v -0.008559 0.002776 -0.012795
v -0.008587 0.002841 -0.012972
v -0.008589 0.002902 -0.012871
v -0.008587 0.002887 -0.012996
v -0.008588 0.002824 -0.012825
v -0.008589 0.002864 -0.012844
v -0.008569 0.002869 -0.012838
v -0.008569 0.002906 -0.012864
v -0.008569 0.002836 -0.012807
v -0.008589 0.002942 -0.012894
v -0.008569 0.002945 -0.012886
v -0.008589 0.002830 -0.012813
v -0.008589 0.002985 -0.012911
v -0.008569 0.002987 -0.012903
v -0.008589 0.002801 -0.012777
v -0.008569 0.002807 -0.012772
v -0.008589 0.002800 -0.012778
v -0.008589 0.002776 -0.012738
v -0.008569 0.002783 -0.012734
v -0.008588 0.002762 -0.012740
v -0.008589 0.002757 -0.012696
v -0.008569 0.002764 -0.012693
v -0.008558 0.002744 -0.012764
v -0.008291 0.002744 -0.012764
v -0.008588 0.002715 -0.012716
v -0.008558 0.002705 -0.012744
v -0.008291 0.002705 -0.012744
v -0.008589 0.002742 -0.012652
v -0.008569 0.002750 -0.012650
v -0.008587 0.002662 -0.012708
v -0.008557 0.002661 -0.012737
v -0.008291 0.002661 -0.012737
v -0.008556 0.002618 -0.012744
v -0.008291 0.002618 -0.012744
v -0.008587 0.002628 -0.012678
v -0.008555 0.002578 -0.012764
v -0.008586 0.002609 -0.012716
v -0.008586 0.002562 -0.012740
v -0.008585 0.002524 -0.012778
v -0.008584 0.002500 -0.012759
v -0.008585 0.002547 -0.012696
v -0.008584 0.002486 -0.012710
v -0.008587 0.002620 -0.012627
v -0.008585 0.002533 -0.012643
v -0.008589 0.002734 -0.012607
v -0.008569 0.002742 -0.012606
v -0.008589 0.002731 -0.012561
v -0.008569 0.002739 -0.012561
v -0.008569 0.002742 -0.012516
v -0.008587 0.002615 -0.012561
v -0.008589 0.002734 -0.012514
v -0.008587 0.002620 -0.012494
v -0.008585 0.002554 -0.012597
v -0.008585 0.002554 -0.012525
v -0.008586 0.002564 -0.012561
v -0.008585 0.002533 -0.012478
v -0.008573 0.002544 -0.012561
v -0.008584 0.002486 -0.012411
v -0.008585 0.002528 -0.012498
v -0.008580 0.002254 -0.012286
v -0.008584 0.002476 -0.012468
v -0.008585 0.002492 -0.012489
v -0.008573 0.002518 -0.012516
v -0.008584 0.002456 -0.012498
v -0.008572 0.002492 -0.012509
v -0.008580 0.002222 -0.012422
v -0.008461 0.002518 -0.012516
v -0.008462 0.002536 -0.012535
v -0.008461 0.002492 -0.012509
v -0.008573 0.002536 -0.012535
v -0.008462 0.002544 -0.012561
v -0.008572 0.002466 -0.012516
v -0.008460 0.002466 -0.012516
v -0.008573 0.002536 -0.012586
v -0.008462 0.002536 -0.012586
v -0.008573 0.002518 -0.012605
v -0.008461 0.002518 -0.012605
v -0.008585 0.002528 -0.012623
v -0.008572 0.002492 -0.012612
v -0.008461 0.002492 -0.012612
v -0.008585 0.002492 -0.012633
v -0.008584 0.002476 -0.012653
v -0.008584 0.002456 -0.012623
v -0.008572 0.002466 -0.012605
v -0.008460 0.002466 -0.012605
v -0.008580 0.002222 -0.012699
v -0.008584 0.002430 -0.012597
v -0.008571 0.002447 -0.012587
v -0.008460 0.002447 -0.012587
v -0.008571 0.002440 -0.012561
v -0.008460 0.002440 -0.012561
v -0.008460 0.002447 -0.012535
v -0.008571 0.002447 -0.012535
v -0.008584 0.002430 -0.012524
v -0.008584 0.002419 -0.012561
v -0.008580 0.002214 -0.012491
v -0.008580 0.002214 -0.012630
v -0.008580 0.002211 -0.012561
v -0.008550 0.001704 -0.012561
v -0.008550 0.001704 -0.012452
v -0.008550 0.001704 -0.012669
v -0.008550 0.001704 -0.012778
v -0.008528 0.001670 -0.012669
v -0.008580 0.002235 -0.012768
v -0.008550 0.001724 -0.012889
v -0.008547 0.001702 -0.012914
v -0.008528 0.001670 -0.012778
v -0.008524 0.001669 -0.012900
v -0.008521 0.001652 -0.012948
v -0.008491 0.001648 -0.012892
v -0.008482 0.001613 -0.012971
v -0.008487 0.001636 -0.012935
v -0.008441 0.001613 -0.012971
v -0.008350 0.001636 -0.012934
v -0.008446 0.001636 -0.012935
v -0.008449 0.001648 -0.012892
v -0.008363 0.001648 -0.012892
v -0.008452 0.001650 -0.012778
v -0.008352 0.001650 -0.012561
v -0.008494 0.001650 -0.012778
v -0.008452 0.001650 -0.012669
v -0.008494 0.001650 -0.012669
v -0.008494 0.001650 -0.012561
v -0.008452 0.001650 -0.012561
v -0.008528 0.001670 -0.012561
v -0.008494 0.001650 -0.012452
v -0.008452 0.001650 -0.012452
v -0.008452 0.001650 -0.012343
v -0.008363 0.001648 -0.012230
v -0.008494 0.001650 -0.012343
v -0.008528 0.001670 -0.012452
v -0.008528 0.001670 -0.012343
v -0.008491 0.001648 -0.012230
v -0.008449 0.001648 -0.012230
v -0.008446 0.001636 -0.012187
v -0.008487 0.001636 -0.012187
v -0.008524 0.001669 -0.012221
v -0.008550 0.001704 -0.012343
v -0.008521 0.001652 -0.012173
v -0.008580 0.002235 -0.012353
v -0.008547 0.001702 -0.012207
v -0.008550 0.001724 -0.012232
v -0.008550 0.001748 -0.012123
v -0.008543 0.001684 -0.012151
v -0.008482 0.001613 -0.012150
v -0.008517 0.001625 -0.012134
v -0.008441 0.001613 -0.012150
v -0.008350 0.001636 -0.012187
v -0.008345 0.001613 -0.012150
v -0.008463 0.001489 -0.012021
v -0.008497 0.001498 -0.012004
v -0.008428 0.001337 -0.011883
v -0.008539 0.001650 -0.012105
v -0.008463 0.001344 -0.011864
v -0.008550 0.001788 -0.012018
v -0.008520 0.001520 -0.011973
v -0.008519 0.001546 -0.011914
v -0.008485 0.001361 -0.011831
v -0.008457 0.001316 -0.011853
v -0.008423 0.001315 -0.011874
v -0.008521 0.001607 -0.011800
v -0.008451 0.001287 -0.011853
v -0.008415 0.001291 -0.011873
v -0.008478 0.001324 -0.011814
v -0.008472 0.001283 -0.011816
v -0.008481 0.001388 -0.011689
v -0.008435 0.001211 -0.011875
v -0.008453 0.001283 -0.011635
v -0.008390 0.001226 -0.011891
v -0.008453 0.001215 -0.011781
v -0.008374 0.001291 -0.011873
v -0.008381 0.001315 -0.011874
v -0.008291 0.001337 -0.011883
v -0.008285 0.001315 -0.011874
v -0.008278 0.001291 -0.011873
v -0.008353 0.001228 -0.011893
v -0.008246 0.001230 -0.011894
v -0.008383 0.001201 -0.011912
v -0.008348 0.001205 -0.011914
v -0.008235 0.001206 -0.011915
v -0.008345 0.001191 -0.011943
v -0.008225 0.001191 -0.011943
v -0.008225 0.001157 -0.012092
v -0.008381 0.001184 -0.011940
v -0.008345 0.001157 -0.012092
v -0.008225 0.001127 -0.012247
v -0.008381 0.001150 -0.012090
v -0.008345 0.001127 -0.012247
v -0.008225 0.001108 -0.012403
v -0.008381 0.001119 -0.012245
v -0.008345 0.001108 -0.012403
v -0.008381 0.001100 -0.012403
v -0.008345 0.001102 -0.012561
v -0.008381 0.001094 -0.012561
v -0.008431 0.001078 -0.012401
v -0.008430 0.001068 -0.012543
v -0.008435 0.001064 -0.012527
v -0.008441 0.001054 -0.012512
v -0.008448 0.001042 -0.012501
v -0.008431 0.001096 -0.012242
v -0.008448 0.001046 -0.012399
v -0.008448 0.001024 -0.012492
v -0.008448 0.000996 -0.012488
v -0.008431 0.001128 -0.012085
v -0.008448 0.001066 -0.012237
v -0.008448 0.000981 -0.012394
v -0.008448 0.000977 -0.012494
v -0.008431 0.001162 -0.011933
v -0.008454 0.000972 -0.012393
v -0.008454 0.000968 -0.012498
v -0.008448 0.001000 -0.012228
v -0.008454 0.000992 -0.012227
v -0.008469 0.000969 -0.012393
v -0.008469 0.000965 -0.012502
v -0.008454 0.001025 -0.012063
v -0.008472 0.000948 -0.012391
v -0.008472 0.000943 -0.012520
v -0.008469 0.000989 -0.012226
v -0.008480 0.000939 -0.012391
v -0.008480 0.000934 -0.012528
v -0.008472 0.000968 -0.012223
v -0.008480 0.000959 -0.012222
v -0.008469 0.001021 -0.012062
v -0.008472 0.001001 -0.012057
v -0.008480 0.000992 -0.012055
v -0.008454 0.001070 -0.011901
v -0.008472 0.001047 -0.011894
v -0.008480 0.001039 -0.011891
v -0.008469 0.001067 -0.011901
v -0.008472 0.001106 -0.011735
v -0.008480 0.001097 -0.011732
v -0.008480 0.001169 -0.011577
v -0.008472 0.001177 -0.011581
v -0.008480 0.001252 -0.011429
v -0.008469 0.001125 -0.011743
v -0.008472 0.001259 -0.011433
v -0.008480 0.001346 -0.011287
v -0.008469 0.001195 -0.011591
v -0.008454 0.001128 -0.011744
v -0.008454 0.001198 -0.011592
v -0.008469 0.001277 -0.011444
v -0.008472 0.001353 -0.011293
v -0.008480 0.001452 -0.011154
v -0.008454 0.001280 -0.011446
v -0.008472 0.001458 -0.011160
v -0.008480 0.001567 -0.011029
v -0.008469 0.001370 -0.011305
v -0.008472 0.001573 -0.011035
v -0.008480 0.001692 -0.010914
v -0.008469 0.001474 -0.011173
v -0.008469 0.001588 -0.011050
v -0.008472 0.001698 -0.010920
v -0.008480 0.001825 -0.010808
v -0.008469 0.001711 -0.010936
v -0.008472 0.001831 -0.010815
v -0.008480 0.001967 -0.010714
v -0.008454 0.001590 -0.011052
v -0.008472 0.001972 -0.010721
v -0.008480 0.002115 -0.010631
v -0.008469 0.001843 -0.010832
v -0.008472 0.002119 -0.010638
v -0.008480 0.002270 -0.010559
v -0.008469 0.001983 -0.010739
v -0.008454 0.001713 -0.010939
v -0.008454 0.001845 -0.010835
v -0.008469 0.002129 -0.010657
v -0.008472 0.002273 -0.010568
v -0.008454 0.001984 -0.010742
v -0.008472 0.002432 -0.010509
v -0.008469 0.002439 -0.010529
v -0.008469 0.002281 -0.010587
v -0.008454 0.002130 -0.010660
v -0.008454 0.002283 -0.010590
v -0.008469 0.002600 -0.010483
v -0.008454 0.002440 -0.010532
v -0.008448 0.002286 -0.010598
v -0.008448 0.002134 -0.010668
v -0.008448 0.002310 -0.010659
v -0.008448 0.001988 -0.010749
v -0.008448 0.002163 -0.010727
v -0.008431 0.002037 -0.010833
v -0.008448 0.002021 -0.010807
v -0.008431 0.001904 -0.010913
v -0.008448 0.001850 -0.010842
v -0.008448 0.001886 -0.010893
v -0.008449 0.001854 -0.010926
v -0.008448 0.001753 -0.010985
v -0.008448 0.001719 -0.010945
v -0.008448 0.001596 -0.011058
v -0.008450 0.001764 -0.010998
v -0.008448 0.001634 -0.011095
v -0.008450 0.001646 -0.011108
v -0.008453 0.001549 -0.011237
v -0.008450 0.001536 -0.011226
v -0.008448 0.001483 -0.011181
v -0.008448 0.001523 -0.011215
v -0.008454 0.001477 -0.011175
v -0.008448 0.001380 -0.011312
v -0.008454 0.001373 -0.011307
v -0.008448 0.001422 -0.011343
v -0.008448 0.001287 -0.011451
v -0.008448 0.001332 -0.011478
v -0.008450 0.001436 -0.011353
v -0.008448 0.001206 -0.011596
v -0.008453 0.001449 -0.011362
v -0.008448 0.001136 -0.011748
v -0.008448 0.001252 -0.011620
v -0.008448 0.001184 -0.011768
v -0.008448 0.001078 -0.011904
v -0.008450 0.001346 -0.011487
v -0.008450 0.001268 -0.011628
v -0.008453 0.001361 -0.011496
v -0.008481 0.001542 -0.011430
v -0.008481 0.001460 -0.011557
v -0.008450 0.001200 -0.011774
v -0.008454 0.001194 -0.011853
v -0.008449 0.001159 -0.011882
v -0.008431 0.001181 -0.011899
v -0.008448 0.001138 -0.011923
v -0.008448 0.001097 -0.012077
v -0.008448 0.001033 -0.012065
v -0.008521 0.001674 -0.011688
v -0.008550 0.001834 -0.011916
v -0.008550 0.001888 -0.011819
v -0.008580 0.002308 -0.012158
v -0.008452 0.002858 -0.014006
v -0.008352 0.002651 -0.013938
v -0.008452 0.002754 -0.013972
v -0.008452 0.002651 -0.013938
v -0.008452 0.002548 -0.013905
v -0.008494 0.002754 -0.013972
v -0.008494 0.002858 -0.014006
v -0.008494 0.002651 -0.013938
v -0.008363 0.002965 -0.014042
v -0.008494 0.002548 -0.013905
v -0.008449 0.002965 -0.014042
v -0.008446 0.003002 -0.014067
v -0.008491 0.002965 -0.014042
v -0.008487 0.003002 -0.014067
v -0.008528 0.002864 -0.013986
v -0.008524 0.002980 -0.014025
v -0.008528 0.002760 -0.013952
v -0.008550 0.002875 -0.013955
v -0.008528 0.002657 -0.013919
v -0.008550 0.002770 -0.013921
v -0.008550 0.002668 -0.013887
v -0.008528 0.002554 -0.013886
v -0.008550 0.002565 -0.013854
v -0.008528 0.002450 -0.013852
v -0.008494 0.002444 -0.013871
v -0.008550 0.002461 -0.013820
v -0.008452 0.002444 -0.013871
v -0.008363 0.002336 -0.013838
v -0.008524 0.002334 -0.013816
v -0.008491 0.002336 -0.013838
v -0.008449 0.002336 -0.013838
v -0.008446 0.002291 -0.013836
v -0.008487 0.002291 -0.013836
v -0.008482 0.002249 -0.013847
v -0.008521 0.002284 -0.013817
v -0.008350 0.002292 -0.013836
v -0.008517 0.002237 -0.013831
v -0.008497 0.002075 -0.013911
v -0.008543 0.002272 -0.013780
v -0.008463 0.001894 -0.014015
v -0.008539 0.002218 -0.013797
v -0.008520 0.002052 -0.013881
v -0.008547 0.002331 -0.013780
v -0.008550 0.002265 -0.013710
v -0.008550 0.002361 -0.013767
v -0.008580 0.002635 -0.013318
v -0.008580 0.002577 -0.013279
v -0.008550 0.002178 -0.013640
v -0.008519 0.002004 -0.013838
v -0.008485 0.001867 -0.013988
v -0.008584 0.002767 -0.013097
v -0.008478 0.001840 -0.014018
v -0.008457 0.001875 -0.014037
v -0.008451 0.001865 -0.014065
v -0.008390 0.001883 -0.014135
v -0.008374 0.001886 -0.014067
v -0.008285 0.001894 -0.014045
v -0.008580 0.002696 -0.013352
v -0.008580 0.002759 -0.013381
v -0.008584 0.002818 -0.013124
v -0.008580 0.002824 -0.013405
v -0.008585 0.002845 -0.013073
v -0.008580 0.002891 -0.013424
v -0.008584 0.002889 -0.013207
v -0.008584 0.002858 -0.013186
v -0.008580 0.002960 -0.013437
v -0.008584 0.002926 -0.013208
v -0.008571 0.002895 -0.013187
v -0.008584 0.002841 -0.013153
v -0.008571 0.002873 -0.013172
v -0.008585 0.002843 -0.013116
v -0.008572 0.002861 -0.013148
v -0.008572 0.002862 -0.013122
v -0.008585 0.002863 -0.013084
v -0.008460 0.002861 -0.013148
v -0.008461 0.002862 -0.013122
v -0.008460 0.002873 -0.013172
v -0.008461 0.002877 -0.013099
v -0.008460 0.002895 -0.013187
v -0.008460 0.002922 -0.013188
v -0.008573 0.002877 -0.013099
v -0.008462 0.002900 -0.013087
v -0.008571 0.002922 -0.013188
v -0.008460 0.002946 -0.013176
v -0.008573 0.002900 -0.013087
v -0.008572 0.002946 -0.013176
v -0.008461 0.002960 -0.013154
v -0.008462 0.002927 -0.013088
v -0.008584 0.002959 -0.013191
v -0.008572 0.002960 -0.013154
v -0.008461 0.002962 -0.013127
v -0.008584 0.002994 -0.013182
v -0.008573 0.002962 -0.013127
v -0.008462 0.002950 -0.013103
v -0.008585 0.002980 -0.013160
v -0.008585 0.002981 -0.013123
v -0.008573 0.002950 -0.013103
v -0.008585 0.002965 -0.013090
v -0.008585 0.003002 -0.013124
v -0.008573 0.002927 -0.013088
v -0.008586 0.002933 -0.013069
v -0.008585 0.002896 -0.013068
v -0.008587 0.002949 -0.013020
v -0.008587 0.003014 -0.013037
v -0.008589 0.003030 -0.012922
v -0.008569 0.003031 -0.012914
v -0.008589 0.003076 -0.012928
v -0.008569 0.003076 -0.012920
v -0.008585 0.003057 -0.013127
v -0.008589 0.003122 -0.012928
v -0.008569 0.003121 -0.012920
v -0.008569 0.003166 -0.012914
v -0.008587 0.003065 -0.013045
v -0.008589 0.003168 -0.012922
v -0.008569 0.003210 -0.012903
v -0.008588 0.003128 -0.012974
v -0.008589 0.003212 -0.012911
v -0.008569 0.003252 -0.012886
v -0.008588 0.003165 -0.012936
v -0.008589 0.003213 -0.012912
v -0.008589 0.003255 -0.012894
v -0.008569 0.003292 -0.012864
v -0.008559 0.003222 -0.012940
v -0.008589 0.003296 -0.012871
v -0.008588 0.003265 -0.012904
v -0.008588 0.003318 -0.012912
v -0.008558 0.003266 -0.012933
v -0.008558 0.003309 -0.012940
v -0.008587 0.003365 -0.012936
v -0.008587 0.003411 -0.012932
v -0.008586 0.003403 -0.012974
v -0.008557 0.003349 -0.012960
v -0.008291 0.003266 -0.012933
v -0.008291 0.003309 -0.012940
v -0.008291 0.003222 -0.012940
v -0.008291 0.003349 -0.012960
v -0.008558 0.003183 -0.012960
v -0.008291 0.003183 -0.012960
v -0.008558 0.003151 -0.012992
v -0.008291 0.003151 -0.012992
v -0.008587 0.003104 -0.013021
v -0.008557 0.003131 -0.013031
v -0.008291 0.003131 -0.013031
v -0.008586 0.003095 -0.013074
v -0.008556 0.003124 -0.013075
v -0.008291 0.003124 -0.013075
v -0.008555 0.003131 -0.013118
v -0.008291 0.003131 -0.013118
v -0.008586 0.003104 -0.013126
v -0.008555 0.003151 -0.013158
v -0.008291 0.003151 -0.013158
v -0.008585 0.003128 -0.013174
v -0.008584 0.003103 -0.013192
v -0.008554 0.003183 -0.013189
v -0.008291 0.003183 -0.013189
v -0.008584 0.003165 -0.013211
v -0.008553 0.003222 -0.013209
v -0.008291 0.003222 -0.013209
v -0.008584 0.003213 -0.013236
v -0.008553 0.003266 -0.013216
v -0.008291 0.003266 -0.013216
v -0.008583 0.003265 -0.013244
v -0.008553 0.003309 -0.013209
v -0.008291 0.003309 -0.013209
v -0.008291 0.003349 -0.013189
v -0.008553 0.003349 -0.013189
v -0.008291 0.003380 -0.013158
v -0.008583 0.003318 -0.013236
v -0.008553 0.003380 -0.013158
v -0.008291 0.003400 -0.013118
v -0.008583 0.003365 -0.013211
v -0.008554 0.003400 -0.013118
v -0.008291 0.003407 -0.013075
v -0.008584 0.003403 -0.013174
v -0.008555 0.003407 -0.013075
v -0.008291 0.003400 -0.013031
v -0.008584 0.003427 -0.013126
v -0.008555 0.003400 -0.013031
v -0.008291 0.003380 -0.012992
v -0.008585 0.003436 -0.013074
v -0.008556 0.003380 -0.012992
v -0.008586 0.003427 -0.013021
v -0.008580 0.003563 -0.013318
v -0.008580 0.003502 -0.013352
v -0.008550 0.003743 -0.013825
v -0.008580 0.003438 -0.013381
v -0.008521 0.003859 -0.014053
v -0.008521 0.003738 -0.014104
v -0.008550 0.003642 -0.013872
v -0.008521 0.003615 -0.014151
v -0.008550 0.003537 -0.013911
v -0.008521 0.003489 -0.014185
v -0.008580 0.003373 -0.013405
v -0.008550 0.003430 -0.013941
v -0.008580 0.003306 -0.013424
v -0.008550 0.003321 -0.013963
v -0.008580 0.003238 -0.013437
v -0.008550 0.003209 -0.013975
v -0.008580 0.003168 -0.013446
v -0.008580 0.003099 -0.013448
v -0.008519 0.003234 -0.014237
v -0.008520 0.003170 -0.014244
v -0.008539 0.003085 -0.014079
v -0.008497 0.003133 -0.014255
v -0.008550 0.003098 -0.013980
v -0.008482 0.003030 -0.014100
v -0.008441 0.003030 -0.014100
v -0.008517 0.003049 -0.014094
v -0.008350 0.003002 -0.014067
v -0.008345 0.003030 -0.014100
v -0.008421 0.003114 -0.014258
v -0.008521 0.003020 -0.014056
v -0.008386 0.003199 -0.014445
v -0.008325 0.003117 -0.014263
v -0.008291 0.003199 -0.014445
v -0.008547 0.003003 -0.013998
v -0.008543 0.003051 -0.014033
v -0.008550 0.002986 -0.013970
v -0.008580 0.003029 -0.013446
v -0.008584 0.003052 -0.013189
v -0.008119 0.001047 -0.012561
v -0.008119 0.001073 -0.012240
v -0.008119 0.001148 -0.011927
v -0.008225 0.001241 -0.011791
v -0.008119 0.001271 -0.011629
v -0.008225 0.001308 -0.011648
v -0.008225 0.001385 -0.011510
v -0.008119 0.001439 -0.011355
v -0.008225 0.001472 -0.011379
v -0.008225 0.001570 -0.011255
v -0.008119 0.001648 -0.011110
v -0.008225 0.001677 -0.011139
v -0.008225 0.001793 -0.011032
v -0.008119 0.001893 -0.010901
v -0.008119 0.002167 -0.010733
v -0.008119 0.002465 -0.010610
v -0.008119 0.002778 -0.010535
v -0.008119 0.003099 -0.010509
v -0.008225 0.003256 -0.010557
v -0.008119 0.003420 -0.010535
v -0.008225 0.003413 -0.010575
v -0.008225 0.003568 -0.010606
v -0.008119 0.003733 -0.010610
v -0.008225 0.003720 -0.010649
v -0.008225 0.003868 -0.010703
v -0.008119 0.004030 -0.010733
v -0.008225 0.004011 -0.010769
v -0.008225 0.004149 -0.010847
v -0.008119 0.004304 -0.010901
v -0.008119 0.004549 -0.011110
v -0.008119 0.004758 -0.011355
v -0.008119 0.004926 -0.011629
v -0.008119 0.005050 -0.011927
v -0.008225 0.005053 -0.012091
v -0.008119 0.005125 -0.012240
v -0.008225 0.005084 -0.012246
v -0.008225 0.005103 -0.012403
v -0.008119 0.005150 -0.012561
v -0.008225 0.005109 -0.012561
v -0.008225 0.005103 -0.012718
v -0.008119 0.005125 -0.012882
v -0.008225 0.005084 -0.012875
v -0.008225 0.005053 -0.013030
v -0.008119 0.005050 -0.013195
v -0.008119 0.004926 -0.013492
v -0.008119 0.004758 -0.013766
v -0.008119 0.004549 -0.014011
v -0.008119 0.004304 -0.014220
v -0.008225 0.004149 -0.014275
v -0.008119 0.004030 -0.014388
v -0.008225 0.004011 -0.014352
v -0.008225 0.003868 -0.014418
v -0.008119 0.003733 -0.014512
v -0.008225 0.003720 -0.014472
v -0.008225 0.003568 -0.014515
v -0.008119 0.003420 -0.014587
v -0.008225 0.003413 -0.014546
v -0.008225 0.003256 -0.014565
v -0.008119 0.003099 -0.014612
v -0.008119 0.002778 -0.014587
v -0.008119 0.002465 -0.014512
v -0.008119 0.002167 -0.014388
v -0.008119 0.001893 -0.014220
v -0.008225 0.001793 -0.014089
v -0.008119 0.001648 -0.014011
v -0.008225 0.001677 -0.013982
v -0.008225 0.001570 -0.013866
v -0.008119 0.001439 -0.013766
v -0.008225 0.001472 -0.013742
v -0.008225 0.001385 -0.013611
v -0.008119 0.001271 -0.013492
v -0.008225 0.001308 -0.013473
v -0.008225 0.001241 -0.013330
v -0.008119 0.001148 -0.013195
v -0.008119 0.001073 -0.012882
v -0.006251 0.001047 -0.012561
v -0.006251 0.001073 -0.012882
v -0.006251 0.001148 -0.013195
v -0.006251 0.001271 -0.013492
v -0.006251 0.001439 -0.013766
v -0.006251 0.001648 -0.014011
v -0.006251 0.001893 -0.014220
v -0.006251 0.002167 -0.014388
v -0.006251 0.002465 -0.014512
v -0.006251 0.002778 -0.014587
v -0.006251 0.003099 -0.014612
v -0.006251 0.003420 -0.014587
v -0.006251 0.003733 -0.014512
v -0.006251 0.004030 -0.014388
v -0.006251 0.004304 -0.014220
v -0.006251 0.004549 -0.014011
v -0.006251 0.004758 -0.013766
v -0.006251 0.004926 -0.013492
v -0.006251 0.005050 -0.013195
v -0.006251 0.005125 -0.012882
v -0.006251 0.005150 -0.012561
v -0.006251 0.005125 -0.012240
v -0.006251 0.005050 -0.011927
v -0.006251 0.004926 -0.011629
v -0.006251 0.004758 -0.011355
v -0.006251 0.004549 -0.011110
v -0.006251 0.004304 -0.010901
v -0.006251 0.004030 -0.010733
v -0.006251 0.003733 -0.010610
v -0.006251 0.003420 -0.010535
v -0.006251 0.003099 -0.010509
v -0.006251 0.002778 -0.010535
v -0.006251 0.002465 -0.010610
v -0.006251 0.002167 -0.010733
v -0.006251 0.001893 -0.010901
v -0.006251 0.001648 -0.011110
v -0.006251 0.001439 -0.011355
v -0.006251 0.001271 -0.011629
v -0.006251 0.001148 -0.011927
v -0.006251 0.001073 -0.012240
v -0.006251 0.000663 -0.012561
v -0.006251 0.000693 -0.012942
v -0.006251 0.000782 -0.013313
v -0.006251 0.000928 -0.013667
v -0.006251 0.001128 -0.013992
v -0.006251 0.001376 -0.014283
v -0.006251 0.001667 -0.014531
v -0.006251 0.001993 -0.014731
v -0.006251 0.002346 -0.014877
v -0.006251 0.002718 -0.014967
v -0.006251 0.003099 -0.014997
v -0.006251 0.003480 -0.014967
v -0.006251 0.003851 -0.014877
v -0.006251 0.004205 -0.014731
v -0.006251 0.004531 -0.014531
v -0.006251 0.004821 -0.014283
v -0.006251 0.005069 -0.013992
v -0.006251 0.005269 -0.013667
v -0.006251 0.005415 -0.013313
v -0.006251 0.005505 -0.012942
v -0.006251 0.005535 -0.012561
v -0.006251 0.005505 -0.012180
v -0.006251 0.005415 -0.011808
v -0.006251 0.005269 -0.011455
v -0.006251 0.005069 -0.011129
v -0.006251 0.004821 -0.010838
v -0.006251 0.004531 -0.010590
v -0.006251 0.004205 -0.010390
v -0.006251 0.003851 -0.010244
v -0.006251 0.003480 -0.010155
v -0.006251 0.003099 -0.010125
v -0.006251 0.002718 -0.010155
v -0.006251 0.002346 -0.010244
v -0.006251 0.001993 -0.010390
v -0.006251 0.001667 -0.010590
v -0.006251 0.001376 -0.010838
v -0.006251 0.001128 -0.011129
v -0.006251 0.000928 -0.011455
v -0.006251 0.000782 -0.011808
v -0.006251 0.000693 -0.012180
v -0.006321 0.000693 -0.012942
v -0.006321 0.000663 -0.012561
v -0.006321 0.000782 -0.013313
v -0.006321 0.000928 -0.013667
v -0.006321 0.001128 -0.013992
v -0.006321 0.001376 -0.014283
v -0.006321 0.001667 -0.014531
v -0.006321 0.001993 -0.014731
v -0.006321 0.002346 -0.014877
v -0.006321 0.002718 -0.014967
v -0.006321 0.003099 -0.014997
v -0.006321 0.003480 -0.014967
v -0.006321 0.003851 -0.014877
v -0.006321 0.004205 -0.014731
v -0.006321 0.004531 -0.014531
v -0.006321 0.004821 -0.014283
v -0.006321 0.005069 -0.013992
v -0.006321 0.005269 -0.013667
v -0.006321 0.005415 -0.013313
v -0.006321 0.005505 -0.012942
v -0.006321 0.005535 -0.012561
v -0.006321 0.005505 -0.012180
v -0.006321 0.005415 -0.011808
v -0.006321 0.005269 -0.011455
v -0.006321 0.005069 -0.011129
v -0.006321 0.004821 -0.010838
v -0.006321 0.004531 -0.010590
v -0.006321 0.004205 -0.010390
v -0.006321 0.003851 -0.010244
v -0.006321 0.003480 -0.010155
v -0.006321 0.003099 -0.010125
v -0.006321 0.002718 -0.010155
v -0.006321 0.002346 -0.010244
v -0.006321 0.001993 -0.010390
v -0.006321 0.001667 -0.010590
v -0.006321 0.001376 -0.010838
v -0.006321 0.001128 -0.011129
v -0.006321 0.000928 -0.011455
v -0.006321 0.000782 -0.011808
v -0.006321 0.000693 -0.012180
v -0.008669 0.000670 -0.012369
v -0.008669 0.000663 -0.012561
v -0.008669 0.000693 -0.012180
v -0.008669 0.000730 -0.011992
v -0.008669 0.000782 -0.011808
v -0.008669 0.000848 -0.011628
v -0.008669 0.000928 -0.011455
v -0.008669 0.001022 -0.011288
v -0.008669 0.001128 -0.011129
v -0.008669 0.001246 -0.010979
v -0.008669 0.001376 -0.010838
v -0.008669 0.001517 -0.010708
v -0.008669 0.001667 -0.010590
v -0.008669 0.001826 -0.010484
v -0.008669 0.001993 -0.010390
v -0.008669 0.002166 -0.010310
v -0.008669 0.003099 -0.010125
v -0.008669 0.003290 -0.010132
v -0.008669 0.003480 -0.010155
v -0.008669 0.003667 -0.010192
v -0.008669 0.003851 -0.010244
v -0.008669 0.004031 -0.010310
v -0.008669 0.004205 -0.010390
v -0.008669 0.004371 -0.010484
v -0.008669 0.004531 -0.010590
v -0.008669 0.004681 -0.010708
v -0.008669 0.004821 -0.010838
v -0.008669 0.004951 -0.010979
v -0.008669 0.005069 -0.011129
v -0.008669 0.005176 -0.011288
v -0.008669 0.005269 -0.011455
v -0.008669 0.005349 -0.011628
v -0.008669 0.005415 -0.011808
v -0.008669 0.005467 -0.011992
v -0.008669 0.005505 -0.012180
v -0.008669 0.005527 -0.012369
v -0.008669 0.005535 -0.012561
v -0.008669 0.005527 -0.012752
v -0.008669 0.005505 -0.012942
v -0.008669 0.005467 -0.013129
v -0.008669 0.005415 -0.013313
v -0.008669 0.005349 -0.013493
v -0.008669 0.005269 -0.013667
v -0.008669 0.005176 -0.013833
v -0.008669 0.005069 -0.013992
v -0.008669 0.004951 -0.014143
v -0.008669 0.004821 -0.014283
v -0.008669 0.004681 -0.014413
v -0.008669 0.004531 -0.014531
v -0.008669 0.004371 -0.014638
v -0.008669 0.004205 -0.014731
v -0.008669 0.004031 -0.014811
v -0.008669 0.003851 -0.014877
v -0.008669 0.003667 -0.014929
v -0.008669 0.003480 -0.014967
v -0.008669 0.003290 -0.014989
v -0.008669 0.003099 -0.014997
v -0.008669 0.002908 -0.014989
v -0.008669 0.002718 -0.014967
v -0.008669 0.002530 -0.014929
v -0.008669 0.002346 -0.014877
v -0.008669 0.002166 -0.014811
v -0.008669 0.001993 -0.014731
v -0.008669 0.001826 -0.014638
v -0.008669 0.001667 -0.014531
v -0.008669 0.001517 -0.014413
v -0.008669 0.001376 -0.014283
v -0.008669 0.001246 -0.014143
v -0.008669 0.001128 -0.013992
v -0.008669 0.001022 -0.013833
v -0.008669 0.000928 -0.013667
v -0.008669 0.000848 -0.013493
v -0.008669 0.000782 -0.013313
v -0.008669 0.000730 -0.013129
v -0.008669 0.000693 -0.012942
v -0.008669 0.000670 -0.012752
v -0.008580 0.001023 -0.012612
v -0.008663 0.001006 -0.012605
v -0.008662 0.001032 -0.012612
v -0.008582 0.000998 -0.012605
v -0.008579 0.001049 -0.012516
v -0.008660 0.001058 -0.012516
v -0.008578 0.001068 -0.012535
v -0.008659 0.001077 -0.012535
v -0.008658 0.001083 -0.012561
v -0.008577 0.001075 -0.012561
v -0.008578 0.001068 -0.012586
v -0.008659 0.001077 -0.012586
v -0.008660 0.001058 -0.012605
v -0.008579 0.001049 -0.012605
v -0.008579 0.001045 -0.012599
v -0.008578 0.001062 -0.012583
v -0.008578 0.001067 -0.012561
v -0.008578 0.001062 -0.012539
v -0.008579 0.001045 -0.012522
v -0.008336 0.001020 -0.012522
v -0.008334 0.001036 -0.012539
v -0.008334 0.001042 -0.012561
v -0.008334 0.001036 -0.012583
v -0.008336 0.001020 -0.012599
v -0.008751 0.002721 -0.010179
v -0.008751 0.002909 -0.010157
v -0.008751 0.002536 -0.010216
v -0.008751 0.003099 -0.010149
v -0.008739 0.003290 -0.010132
v -0.008739 0.003480 -0.010155
v -0.008751 0.003288 -0.010157
v -0.008739 0.003667 -0.010192
v -0.008751 0.003476 -0.010179
v -0.008739 0.003851 -0.010244
v -0.008751 0.003662 -0.010216
v -0.008739 0.004031 -0.010310
v -0.008751 0.003844 -0.010267
v -0.008739 0.004205 -0.010390
v -0.008751 0.004021 -0.010333
v -0.008739 0.004371 -0.010484
v -0.008751 0.004193 -0.010412
v -0.008739 0.004531 -0.010590
v -0.008751 0.004359 -0.010505
v -0.008739 0.004681 -0.010708
v -0.008751 0.004516 -0.010610
v -0.008739 0.004821 -0.010838
v -0.008751 0.004665 -0.010727
v -0.008739 0.004951 -0.010979
v -0.008751 0.004804 -0.010856
v -0.008739 0.005069 -0.011129
v -0.008751 0.004932 -0.010995
v -0.008739 0.005176 -0.011288
v -0.008751 0.005049 -0.011143
v -0.008739 0.005269 -0.011455
v -0.008751 0.005155 -0.011301
v -0.008739 0.005349 -0.011628
v -0.008751 0.005247 -0.011466
v -0.008739 0.005415 -0.011808
v -0.008751 0.005326 -0.011638
v -0.008751 0.005392 -0.011815
v -0.008739 0.005467 -0.011992
v -0.008727 0.005319 -0.011839
v -0.008739 0.005505 -0.012180
v -0.008751 0.005443 -0.011998
v -0.008739 0.005527 -0.012369
v -0.008751 0.005480 -0.012183
v -0.008739 0.005535 -0.012561
v -0.008751 0.005502 -0.012371
v -0.008739 0.005527 -0.012752
v -0.008751 0.005510 -0.012561
v -0.008727 0.005426 -0.012377
v -0.008727 0.005434 -0.012561
v -0.008751 0.005502 -0.012750
v -0.008739 0.005505 -0.012942
v -0.008751 0.005480 -0.012938
v -0.008739 0.005467 -0.013129
v -0.008727 0.005426 -0.012744
v -0.008739 0.005415 -0.013313
v -0.008751 0.005443 -0.013124
v -0.008739 0.005349 -0.013493
v -0.008751 0.005392 -0.013306
v -0.008727 0.005405 -0.012926
v -0.008727 0.005369 -0.013106
v -0.008751 0.005326 -0.013483
v -0.008739 0.005269 -0.013667
v -0.008727 0.005319 -0.013282
v -0.008751 0.005247 -0.013655
v -0.008727 0.005256 -0.013454
v -0.008739 0.005176 -0.013833
v -0.008751 0.005155 -0.013820
v -0.008727 0.005179 -0.013621
v -0.008739 0.005069 -0.013992
v -0.008751 0.005049 -0.013978
v -0.008739 0.004951 -0.014143
v -0.008727 0.005089 -0.013781
v -0.008751 0.004932 -0.014127
v -0.008739 0.004821 -0.014283
v -0.008727 0.004988 -0.013933
v -0.008739 0.004681 -0.014413
v -0.008751 0.004804 -0.014266
v -0.008739 0.004531 -0.014531
v -0.008727 0.004874 -0.014077
v -0.008751 0.004665 -0.014394
v -0.008727 0.004750 -0.014212
v -0.008751 0.004516 -0.014511
v -0.008727 0.004615 -0.014336
v -0.008739 0.004371 -0.014638
v -0.008751 0.004359 -0.014617
v -0.008739 0.004205 -0.014731
v -0.008727 0.004471 -0.014450
v -0.008739 0.004031 -0.014811
v -0.008751 0.004193 -0.014709
v -0.008727 0.004318 -0.014552
v -0.008739 0.003851 -0.014877
v -0.008751 0.004021 -0.014788
v -0.008739 0.003667 -0.014929
v -0.008751 0.003844 -0.014854
v -0.008751 0.003662 -0.014905
v -0.008739 0.003480 -0.014967
v -0.008739 0.003290 -0.014989
v -0.008751 0.003476 -0.014942
v -0.008739 0.003099 -0.014997
v -0.008751 0.003288 -0.014964
v -0.008739 0.002908 -0.014989
v -0.008751 0.003099 -0.014972
v -0.008751 0.002909 -0.014964
v -0.008739 0.002718 -0.014967
v -0.008751 0.002721 -0.014942
v -0.008739 0.002530 -0.014929
v -0.008739 0.002346 -0.014877
v -0.008751 0.002536 -0.014905
v -0.008739 0.002166 -0.014811
v -0.008751 0.002354 -0.014854
v -0.008739 0.001993 -0.014731
v -0.008751 0.002176 -0.014788
v -0.008739 0.001826 -0.014638
v -0.008751 0.002004 -0.014709
v -0.008739 0.001667 -0.014531
v -0.008751 0.001839 -0.014617
v -0.008739 0.001517 -0.014413
v -0.008751 0.001681 -0.014511
v -0.008727 0.002038 -0.014641
v -0.008739 0.001376 -0.014283
v -0.008727 0.001878 -0.014551
v -0.008739 0.001246 -0.014143
v -0.008727 0.002205 -0.014718
v -0.008739 0.001128 -0.013992
v -0.008727 0.002377 -0.014781
v -0.008739 0.001022 -0.013833
v -0.008751 0.001148 -0.013978
v -0.008739 0.000928 -0.013667
v -0.008751 0.001043 -0.013820
v -0.008751 0.001265 -0.014127
v -0.008739 0.000848 -0.013493
v -0.008751 0.001394 -0.014266
v -0.008739 0.000782 -0.013313
v -0.008751 0.001533 -0.014394
v -0.008739 0.000730 -0.013129
v -0.008727 0.001726 -0.014450
v -0.008739 0.000693 -0.012942
v -0.008727 0.001582 -0.014336
v -0.008739 0.000670 -0.012752
v -0.008727 0.001447 -0.014212
v -0.008739 0.000663 -0.012561
v -0.008727 0.001323 -0.014077
v -0.008739 0.000670 -0.012369
v -0.008727 0.001209 -0.013933
v -0.008739 0.000693 -0.012180
v -0.008739 0.000730 -0.011992
v -0.008751 0.000717 -0.012183
v -0.008739 0.000782 -0.011808
v -0.008751 0.000754 -0.011998
v -0.008739 0.000848 -0.011628
v -0.008751 0.000805 -0.011815
v -0.008739 0.000928 -0.011455
v -0.008751 0.000871 -0.011638
v -0.008739 0.001022 -0.011288
v -0.008751 0.000950 -0.011466
v -0.008739 0.001128 -0.011129
v -0.008751 0.001043 -0.011301
v -0.008739 0.001246 -0.010979
v -0.008751 0.001148 -0.011143
v -0.008739 0.001376 -0.010838
v -0.008751 0.001265 -0.010995
v -0.008739 0.001517 -0.010708
v -0.008751 0.001394 -0.010856
v -0.008727 0.001323 -0.011044
v -0.008739 0.001667 -0.010590
v -0.008727 0.001447 -0.010910
v -0.008739 0.001826 -0.010484
v -0.008751 0.001681 -0.010610
v -0.008739 0.001993 -0.010390
v -0.008751 0.001839 -0.010505
v -0.008751 0.002004 -0.010412
v -0.008739 0.002166 -0.010310
v -0.008727 0.002038 -0.010480
v -0.008739 0.002346 -0.010244
v -0.008751 0.002354 -0.010267
v -0.008751 0.002176 -0.010333
v -0.008727 0.002205 -0.010403
v -0.008727 0.002377 -0.010340
v -0.008727 0.002553 -0.010290
v -0.008727 0.002733 -0.010254
v -0.008691 0.002569 -0.010356
v -0.008727 0.002915 -0.010233
v -0.008691 0.002744 -0.010321
v -0.008691 0.002920 -0.010300
v -0.008727 0.003098 -0.010226
v -0.008691 0.003098 -0.010293
v -0.008727 0.003282 -0.010233
v -0.008691 0.003276 -0.010300
v -0.008727 0.003464 -0.010254
v -0.008691 0.003453 -0.010321
v -0.008727 0.003643 -0.010290
v -0.008691 0.003628 -0.010356
v -0.008727 0.003820 -0.010340
v -0.008691 0.003799 -0.010404
v -0.008727 0.003992 -0.010403
v -0.008691 0.003966 -0.010466
v -0.008727 0.004158 -0.010480
v -0.008691 0.004128 -0.010540
v -0.008727 0.004318 -0.010570
v -0.008691 0.004283 -0.010627
v -0.008727 0.004471 -0.010671
v -0.008691 0.004431 -0.010726
v -0.008727 0.004615 -0.010785
v -0.008691 0.004571 -0.010836
v -0.008727 0.004750 -0.010909
v -0.008691 0.004702 -0.010957
v -0.008727 0.004874 -0.011044
v -0.008691 0.004823 -0.011088
v -0.008727 0.004988 -0.011188
v -0.008691 0.004933 -0.011228
v -0.008727 0.005089 -0.011340
v -0.008691 0.005032 -0.011376
v -0.008727 0.005179 -0.011500
v -0.008691 0.005119 -0.011531
v -0.008727 0.005256 -0.011667
v -0.008691 0.005193 -0.011693
v -0.008691 0.005255 -0.011860
v -0.008644 0.005069 -0.011557
v -0.008644 0.005142 -0.011714
v -0.008691 0.005303 -0.012031
v -0.008644 0.004984 -0.011405
v -0.008727 0.005369 -0.012015
v -0.008644 0.004888 -0.011261
v -0.008727 0.005405 -0.012195
v -0.008691 0.005338 -0.012206
v -0.008691 0.005359 -0.012383
v -0.008691 0.005366 -0.012561
v -0.008644 0.005283 -0.012215
v -0.008691 0.005359 -0.012739
v -0.008644 0.005303 -0.012387
v -0.008691 0.005338 -0.012915
v -0.008644 0.005303 -0.012734
v -0.008691 0.005303 -0.013090
v -0.008644 0.005283 -0.012907
v -0.008644 0.005249 -0.013077
v -0.008691 0.005255 -0.013261
v -0.008644 0.005202 -0.013244
v -0.008691 0.005193 -0.013428
v -0.008644 0.005142 -0.013407
v -0.008691 0.005119 -0.013590
v -0.008644 0.005069 -0.013565
v -0.008691 0.005032 -0.013745
v -0.008644 0.004984 -0.013716
v -0.008691 0.004933 -0.013893
v -0.008644 0.004888 -0.013860
v -0.008691 0.004823 -0.014033
v -0.008644 0.004780 -0.013997
v -0.008691 0.004702 -0.014164
v -0.008644 0.004662 -0.014124
v -0.008691 0.004571 -0.014285
v -0.008644 0.004535 -0.014242
v -0.008611 0.004650 -0.014111
v -0.008691 0.004431 -0.014395
v -0.008644 0.004398 -0.014350
v -0.008611 0.004523 -0.014228
v -0.008611 0.004766 -0.013984
v -0.008611 0.004388 -0.014334
v -0.008611 0.004873 -0.013849
v -0.008611 0.004969 -0.013706
v -0.008611 0.005053 -0.013556
v -0.008611 0.005125 -0.013400
v -0.008611 0.005184 -0.013238
v -0.008611 0.005231 -0.013072
v -0.008611 0.005265 -0.012904
v -0.008611 0.005285 -0.012733
v -0.008644 0.005310 -0.012561
v -0.008611 0.005292 -0.012561
v -0.008611 0.005285 -0.012389
v -0.008480 0.005238 -0.012222
v -0.008611 0.005265 -0.012218
v -0.008480 0.005205 -0.012055
v -0.008611 0.005231 -0.012049
v -0.008480 0.005159 -0.011891
v -0.008644 0.005249 -0.012044
v -0.008611 0.005184 -0.011883
v -0.008480 0.005100 -0.011732
v -0.008644 0.005202 -0.011877
v -0.008611 0.005125 -0.011722
v -0.008480 0.005029 -0.011577
v -0.008611 0.005053 -0.011565
v -0.008480 0.004945 -0.011429
v -0.008611 0.004969 -0.011415
v -0.008480 0.004851 -0.011288
v -0.008611 0.004873 -0.011272
v -0.008480 0.004746 -0.011154
v -0.008611 0.004766 -0.011137
v -0.008480 0.004630 -0.011029
v -0.008644 0.004780 -0.011124
v -0.008611 0.004650 -0.011010
v -0.008644 0.004662 -0.010997
v -0.008611 0.004523 -0.010893
v -0.008480 0.004505 -0.010914
v -0.008644 0.004535 -0.010879
v -0.008644 0.004398 -0.010772
v -0.008611 0.004388 -0.010787
v -0.008480 0.004372 -0.010808
v -0.008644 0.004254 -0.010675
v -0.008611 0.004245 -0.010691
v -0.008480 0.004230 -0.010714
v -0.008644 0.004103 -0.010590
v -0.008611 0.004095 -0.010607
v -0.008644 0.003945 -0.010518
v -0.008611 0.003938 -0.010535
v -0.008644 0.003782 -0.010457
v -0.008611 0.003777 -0.010476
v -0.008644 0.003615 -0.010410
v -0.008611 0.003611 -0.010429
v -0.008644 0.003444 -0.010376
v -0.008611 0.003442 -0.010395
v -0.008644 0.003272 -0.010356
v -0.008611 0.003271 -0.010375
v -0.008644 0.003099 -0.010349
v -0.008611 0.003099 -0.010368
v -0.008611 0.002927 -0.010375
v -0.008644 0.002925 -0.010356
v -0.008611 0.002756 -0.010395
v -0.008644 0.002753 -0.010376
v -0.008611 0.002587 -0.010429
v -0.008644 0.002582 -0.010410
v -0.008611 0.002422 -0.010476
v -0.008644 0.002415 -0.010457
v -0.008611 0.002260 -0.010535
v -0.008691 0.002398 -0.010404
v -0.008644 0.002252 -0.010518
v -0.008611 0.002104 -0.010607
v -0.008691 0.002231 -0.010466
v -0.008644 0.002095 -0.010590
v -0.008611 0.001954 -0.010691
v -0.008691 0.002069 -0.010540
v -0.008644 0.001943 -0.010675
v -0.008611 0.001811 -0.010787
v -0.008727 0.001878 -0.010570
v -0.008611 0.001675 -0.010893
v -0.008644 0.001799 -0.010772
v -0.008691 0.001914 -0.010627
v -0.008644 0.001662 -0.010879
v -0.008727 0.001726 -0.010672
v -0.008691 0.001766 -0.010726
v -0.008751 0.001533 -0.010727
v -0.008727 0.001582 -0.010785
v -0.008691 0.001626 -0.010837
v -0.008691 0.001495 -0.010957
v -0.008644 0.001535 -0.010997
v -0.008611 0.001549 -0.011010
v -0.008644 0.001417 -0.011124
v -0.008611 0.001432 -0.011137
v -0.008690 0.001374 -0.011088
v -0.008644 0.001309 -0.011261
v -0.008611 0.001326 -0.011272
v -0.008727 0.001209 -0.011188
v -0.008690 0.001264 -0.011228
v -0.008727 0.001108 -0.011341
v -0.008644 0.001213 -0.011405
v -0.008690 0.001165 -0.011376
v -0.008727 0.001018 -0.011501
v -0.008611 0.001230 -0.011415
v -0.008644 0.001128 -0.011557
v -0.008611 0.001146 -0.011565
v -0.008690 0.001078 -0.011531
v -0.008644 0.001055 -0.011714
v -0.008611 0.001074 -0.011722
v -0.008727 0.000941 -0.011667
v -0.008690 0.001004 -0.011693
v -0.008727 0.000878 -0.011839
v -0.008644 0.000995 -0.011877
v -0.008690 0.000942 -0.011860
v -0.008727 0.000828 -0.012016
v -0.008611 0.001014 -0.011883
v -0.008644 0.000948 -0.012044
v -0.008611 0.000967 -0.012049
v -0.008690 0.000894 -0.012031
v -0.008644 0.000914 -0.012215
v -0.008611 0.000934 -0.012218
v -0.008727 0.000792 -0.012195
v -0.008690 0.000859 -0.012206
v -0.008644 0.000894 -0.012387
v -0.008611 0.000914 -0.012389
v -0.008489 0.000929 -0.012534
v -0.008611 0.000906 -0.012561
v -0.008503 0.000925 -0.012561
v -0.008489 0.000929 -0.012587
v -0.008644 0.000887 -0.012561
v -0.008611 0.000914 -0.012733
v -0.008611 0.000934 -0.012904
v -0.008644 0.000894 -0.012734
v -0.008611 0.000967 -0.013072
v -0.008644 0.000914 -0.012907
v -0.008611 0.001014 -0.013238
v -0.008644 0.000948 -0.013077
v -0.008611 0.001074 -0.013400
v -0.008644 0.000995 -0.013244
v -0.008611 0.001146 -0.013556
v -0.008644 0.001055 -0.013407
v -0.008611 0.001230 -0.013706
v -0.008644 0.001128 -0.013565
v -0.008611 0.001326 -0.013849
v -0.008644 0.001213 -0.013716
v -0.008611 0.001432 -0.013984
v -0.008644 0.001309 -0.013860
v -0.008690 0.001165 -0.013745
v -0.008690 0.001264 -0.013893
v -0.008644 0.001417 -0.013997
v -0.008690 0.001078 -0.013590
v -0.008690 0.001374 -0.014033
v -0.008690 0.001004 -0.013428
v -0.008690 0.000942 -0.013261
v -0.008727 0.001108 -0.013781
v -0.008691 0.001495 -0.014164
v -0.008751 0.000950 -0.013655
v -0.008727 0.001018 -0.013621
v -0.008751 0.000871 -0.013483
v -0.008727 0.000941 -0.013454
v -0.008751 0.000805 -0.013306
v -0.008727 0.000878 -0.013282
v -0.008751 0.000754 -0.013124
v -0.008727 0.000828 -0.013106
v -0.008751 0.000717 -0.012938
v -0.008690 0.000894 -0.013090
v -0.008727 0.000792 -0.012926
v -0.008690 0.000859 -0.012915
v -0.008751 0.000695 -0.012750
v -0.008727 0.000771 -0.012744
v -0.008690 0.000838 -0.012738
v -0.008751 0.000687 -0.012561
v -0.008727 0.000764 -0.012561
v -0.008691 0.000832 -0.012561
v -0.008690 0.000838 -0.012383
v -0.008727 0.000771 -0.012377
v -0.008751 0.000695 -0.012371
v -0.008386 0.001337 -0.011883
v -0.008325 0.001485 -0.012017
v -0.008421 0.001489 -0.012021
v -0.008386 0.001910 -0.011095
v -0.008325 0.002083 -0.011194
v -0.008421 0.002088 -0.011196
v -0.008386 0.003199 -0.010676
v -0.008291 0.003199 -0.010676
v -0.008325 0.003117 -0.010858
v -0.008421 0.003114 -0.010863
v -0.008386 0.004922 -0.012074
v -0.008325 0.004724 -0.012051
v -0.008421 0.004718 -0.012050
v -0.008386 0.004922 -0.013048
v -0.008291 0.004922 -0.013048
v -0.008325 0.004724 -0.013070
v -0.008421 0.004718 -0.013071
v -0.008237 0.005046 -0.012095
v -0.008237 0.005076 -0.012250
v -0.008245 0.005037 -0.012096
v -0.008245 0.005067 -0.012249
v -0.008237 0.005095 -0.012401
v -0.008245 0.005086 -0.012403
v -0.008299 0.004954 -0.012561
v -0.008236 0.005102 -0.012561
v -0.008245 0.005092 -0.012561
v -0.008237 0.005095 -0.012720
v -0.008245 0.005086 -0.012718
v -0.008237 0.005076 -0.012872
v -0.008245 0.005067 -0.012873
v -0.008237 0.005046 -0.013027
v -0.008245 0.005037 -0.013025
v -0.008303 0.004940 -0.012561
v -0.008307 0.004927 -0.012561
v -0.008334 0.004727 -0.012561
v -0.008361 0.004527 -0.012561
v -0.008365 0.004506 -0.012561
v -0.008366 0.004488 -0.012561
v -0.008206 0.003878 -0.012726
v -0.008206 0.003878 -0.012395
v -0.008206 0.003743 -0.013029
v -0.008206 0.003743 -0.012092
v -0.008206 0.003497 -0.013251
v -0.008206 0.003497 -0.011871
v -0.008366 0.003528 -0.013882
v -0.008206 0.003182 -0.013353
v -0.008366 0.003528 -0.011240
v -0.008206 0.003182 -0.011768
v -0.008206 0.002852 -0.011803
v -0.008206 0.002566 -0.011969
v -0.008365 0.003534 -0.011222
v -0.008361 0.003540 -0.011202
v -0.008334 0.003602 -0.011012
v -0.008307 0.003664 -0.010822
v -0.008303 0.003668 -0.010809
v -0.008299 0.003672 -0.010796
v -0.008245 0.003410 -0.010592
v -0.008245 0.003255 -0.010574
v -0.008237 0.003257 -0.010564
v -0.008237 0.003414 -0.010583
v -0.008245 0.003563 -0.010622
v -0.008237 0.003564 -0.010613
v -0.008236 0.003718 -0.010655
v -0.008245 0.003715 -0.010665
v -0.008237 0.003867 -0.010711
v -0.008245 0.003862 -0.010719
v -0.008237 0.004006 -0.010776
v -0.008245 0.004004 -0.010785
v -0.008237 0.004144 -0.010852
v -0.008245 0.004140 -0.010861
v -0.008237 0.003257 -0.014557
v -0.008245 0.003255 -0.014547
v -0.008237 0.003414 -0.014538
v -0.008245 0.003410 -0.014529
v -0.008237 0.003564 -0.014509
v -0.008245 0.003563 -0.014499
v -0.008299 0.003672 -0.014325
v -0.008236 0.003718 -0.014466
v -0.008245 0.003715 -0.014456
v -0.008237 0.003867 -0.014410
v -0.008245 0.003862 -0.014402
v -0.008237 0.004006 -0.014346
v -0.008245 0.004004 -0.014337
v -0.008237 0.004144 -0.014269
v -0.008245 0.004140 -0.014260
v -0.008303 0.003668 -0.014312
v -0.008307 0.003664 -0.014299
v -0.008334 0.003602 -0.014109
v -0.008361 0.003540 -0.013919
v -0.008365 0.003534 -0.013899
v -0.008206 0.002852 -0.013318
v -0.008206 0.002566 -0.013153
v -0.008366 0.001975 -0.013377
v -0.008206 0.002371 -0.012885
v -0.008365 0.001960 -0.013388
v -0.008206 0.002302 -0.012561
v -0.008206 0.002371 -0.012237
v -0.008361 0.001943 -0.013400
v -0.008334 0.001781 -0.013518
v -0.008307 0.001620 -0.013635
v -0.008303 0.001609 -0.013643
v -0.008299 0.001598 -0.013651
v -0.008245 0.001322 -0.013465
v -0.008245 0.001258 -0.013324
v -0.008237 0.001249 -0.013328
v -0.008237 0.001316 -0.013472
v -0.008245 0.001398 -0.013601
v -0.008237 0.001390 -0.013605
v -0.008236 0.001478 -0.013738
v -0.008245 0.001486 -0.013732
v -0.008245 0.001583 -0.013856
v -0.008237 0.001577 -0.013863
v -0.008245 0.001689 -0.013970
v -0.008237 0.001681 -0.013975
v -0.008245 0.001804 -0.014076
v -0.008237 0.001797 -0.014082
v -0.008562 0.003130 -0.012505
v -0.008553 0.002948 -0.012271
v -0.008553 0.002955 -0.012267
v -0.008599 0.003099 -0.012559
v -0.008553 0.002944 -0.012273
v -0.008562 0.003134 -0.012507
v -0.008563 0.003040 -0.012557
v -0.008553 0.002936 -0.012278
v -0.008599 0.003095 -0.012561
v -0.008563 0.003040 -0.012562
v -0.008599 0.003095 -0.012566
v -0.008553 0.002929 -0.012840
v -0.008553 0.002921 -0.012835
v -0.008599 0.003099 -0.012568
v -0.008553 0.002933 -0.012842
v -0.008563 0.003127 -0.012613
v -0.008553 0.002941 -0.012847
v -0.008599 0.003102 -0.012562
v -0.008599 0.003102 -0.012566
v -0.008563 0.003130 -0.012611
v -0.008552 0.003427 -0.012557
v -0.008552 0.003426 -0.012549
v -0.008552 0.003427 -0.012562
v -0.008552 0.003427 -0.012571
v -0.008237 0.001249 -0.011793
v -0.008237 0.001316 -0.011650
v -0.008245 0.001258 -0.011798
v -0.008245 0.001322 -0.011656
v -0.008237 0.001390 -0.011516
v -0.008245 0.001398 -0.011520
v -0.008236 0.001478 -0.011383
v -0.008299 0.001598 -0.011470
v -0.008245 0.001486 -0.011389
v -0.008237 0.001577 -0.011258
v -0.008245 0.001583 -0.011265
v -0.008237 0.001681 -0.011147
v -0.008245 0.001689 -0.011151
v -0.008237 0.001797 -0.011039
v -0.008245 0.001804 -0.011045
v -0.008303 0.001609 -0.011478
v -0.008307 0.001620 -0.011486
v -0.008334 0.001781 -0.011603
v -0.008361 0.001943 -0.011721
v -0.008365 0.001960 -0.011733
v -0.008366 0.001975 -0.011744
v -0.008555 0.004514 -0.012475
v -0.008571 0.004226 -0.012561
v -0.008571 0.004226 -0.012475
v -0.008555 0.004514 -0.012646
v -0.008571 0.004226 -0.012646
v -0.008555 0.004518 -0.012561
v -0.008525 0.004767 -0.012475
v -0.008525 0.004767 -0.012646
v -0.008525 0.004771 -0.012561
v -0.008485 0.005018 -0.012475
v -0.008485 0.005018 -0.012647
v -0.008485 0.005023 -0.012561
v -0.008466 0.000947 -0.012598
v -0.008450 0.000971 -0.012618
v -0.008464 0.000967 -0.012615
v -0.008342 0.000935 -0.012597
v -0.008473 0.000939 -0.012591
v -0.008482 0.000935 -0.012585
v -0.008342 0.000962 -0.012623
v -0.008342 0.000926 -0.012561
v -0.008444 0.000978 -0.012622
v -0.008494 0.000931 -0.012561
v -0.008342 0.000998 -0.012633
v -0.008482 0.000935 -0.012536
v -0.008444 0.000996 -0.012627
v -0.008342 0.000935 -0.012524
v -0.008444 0.001022 -0.012624
v -0.008473 0.000939 -0.012531
v -0.008342 0.001034 -0.012623
v -0.008466 0.000947 -0.012523
v -0.008444 0.001039 -0.012615
v -0.008464 0.000967 -0.012506
v -0.008438 0.001050 -0.012605
v -0.008342 0.000962 -0.012498
v -0.008342 0.001061 -0.012597
v -0.008450 0.000971 -0.012503
v -0.008432 0.001059 -0.012591
v -0.008444 0.000978 -0.012499
v -0.008429 0.001064 -0.012576
v -0.008342 0.000998 -0.012488
v -0.008342 0.001071 -0.012561
v -0.008444 0.000996 -0.012494
v -0.008428 0.001066 -0.012561
v -0.008444 0.001022 -0.012497
v -0.008429 0.001064 -0.012545
v -0.008342 0.001034 -0.012498
v -0.008342 0.001061 -0.012524
v -0.008444 0.001039 -0.012506
v -0.008432 0.001059 -0.012530
v -0.008438 0.001050 -0.012516
v -0.008454 0.004224 -0.010869
v -0.008449 0.004269 -0.010872
v -0.008448 0.004310 -0.010892
v -0.008448 0.004348 -0.010842
v -0.008448 0.004434 -0.010993
v -0.008448 0.004209 -0.010749
v -0.008454 0.004213 -0.010742
v -0.008431 0.004414 -0.011017
v -0.008469 0.004068 -0.010657
v -0.008431 0.004531 -0.011126
v -0.008472 0.004078 -0.010639
v -0.008469 0.004215 -0.010739
v -0.008472 0.004226 -0.010721
v -0.008472 0.004367 -0.010815
v -0.008454 0.004352 -0.010835
v -0.008469 0.004354 -0.010832
v -0.008472 0.004500 -0.010920
v -0.008448 0.004479 -0.010945
v -0.008472 0.004624 -0.011035
v -0.008469 0.004486 -0.010936
v -0.008454 0.004484 -0.010939
v -0.008469 0.004609 -0.011050
v -0.008472 0.004739 -0.011160
v -0.008454 0.004607 -0.011052
v -0.008469 0.004723 -0.011173
v -0.008472 0.004844 -0.011293
v -0.008469 0.004827 -0.011305
v -0.008472 0.004938 -0.011433
v -0.008454 0.004720 -0.011176
v -0.008472 0.005021 -0.011581
v -0.008469 0.004920 -0.011444
v -0.008472 0.005092 -0.011735
v -0.008469 0.005002 -0.011591
v -0.008469 0.005072 -0.011743
v -0.008472 0.005150 -0.011894
v -0.008469 0.005130 -0.011900
v -0.008472 0.005196 -0.012057
v -0.008469 0.005176 -0.012062
v -0.008472 0.005229 -0.012223
v -0.008469 0.005209 -0.012226
v -0.008454 0.005173 -0.012063
v -0.008454 0.005127 -0.011901
v -0.008454 0.005069 -0.011744
v -0.008448 0.005197 -0.012228
v -0.008448 0.005165 -0.012065
v -0.008448 0.005113 -0.012077
v -0.008448 0.005119 -0.011904
v -0.008449 0.005066 -0.011969
v -0.008448 0.005059 -0.011924
v -0.008448 0.005002 -0.011775
v -0.008448 0.005062 -0.011747
v -0.008448 0.004934 -0.011627
v -0.008448 0.004992 -0.011596
v -0.008454 0.004999 -0.011592
v -0.008448 0.004854 -0.011485
v -0.008448 0.004910 -0.011451
v -0.008454 0.004917 -0.011446
v -0.008454 0.004824 -0.011307
v -0.008448 0.004817 -0.011312
v -0.008448 0.004714 -0.011181
v -0.008448 0.004764 -0.011351
v -0.008448 0.004601 -0.011058
v -0.008448 0.004664 -0.011223
v -0.008448 0.004553 -0.011104
v -0.008431 0.004640 -0.011243
v -0.008431 0.004739 -0.011369
v -0.008431 0.004828 -0.011502
v -0.007758 0.003619 -0.012183
v -0.007758 0.003420 -0.012004
v -0.007758 0.003728 -0.012427
v -0.007758 0.003166 -0.011921
v -0.007758 0.003728 -0.012694
v -0.007758 0.002900 -0.011949
v -0.007758 0.003619 -0.012939
v -0.007758 0.002668 -0.012083
v -0.007758 0.003420 -0.013118
v -0.007758 0.002511 -0.012299
v -0.007758 0.003166 -0.013200
v -0.007758 0.002900 -0.013172
v -0.007758 0.002456 -0.012561
v -0.007758 0.002511 -0.012822
v -0.007758 0.002668 -0.013039
v -0.008546 0.003119 -0.012878
v -0.008546 0.003158 -0.012873
v -0.008551 0.003160 -0.012883
v -0.008546 0.003197 -0.012863
v -0.008551 0.003119 -0.012889
v -0.008551 0.003200 -0.012873
v -0.008546 0.003079 -0.012878
v -0.008546 0.003234 -0.012849
v -0.008551 0.003078 -0.012889
v -0.008551 0.003239 -0.012858
v -0.008546 0.003039 -0.012873
v -0.008546 0.003269 -0.012829
v -0.008551 0.003037 -0.012883
v -0.008551 0.003275 -0.012838
v -0.008546 0.003000 -0.012863
v -0.008551 0.003308 -0.012814
v -0.008551 0.002997 -0.012873
v -0.008546 0.003302 -0.012806
v -0.008546 0.002963 -0.012849
v -0.008551 0.003338 -0.012786
v -0.008551 0.002959 -0.012858
v -0.008546 0.003331 -0.012778
v -0.008546 0.002928 -0.012829
v -0.008551 0.003364 -0.012754
v -0.008551 0.002923 -0.012838
v -0.008546 0.003356 -0.012748
v -0.008551 0.002889 -0.012814
v -0.008551 0.003387 -0.012719
v -0.008546 0.002896 -0.012806
v -0.008546 0.003378 -0.012714
v -0.008551 0.002859 -0.012786
v -0.008551 0.003404 -0.012682
v -0.008546 0.002867 -0.012778
v -0.008546 0.003395 -0.012678
v -0.008551 0.002833 -0.012754
v -0.008546 0.003407 -0.012640
v -0.008546 0.002841 -0.012748
v -0.008551 0.003417 -0.012642
v -0.008546 0.002820 -0.012714
v -0.008546 0.003414 -0.012601
v -0.008551 0.002811 -0.012719
v -0.008551 0.003425 -0.012602
v -0.008546 0.002803 -0.012678
v -0.008546 0.003417 -0.012561
v -0.008551 0.002793 -0.012682
v -0.008551 0.003427 -0.012561
v -0.008546 0.002790 -0.012640
v -0.008551 0.003425 -0.012519
v -0.008551 0.002780 -0.012642
v -0.008546 0.003414 -0.012521
v -0.008551 0.002773 -0.012602
v -0.008551 0.003417 -0.012479
v -0.008546 0.002783 -0.012601
v -0.008546 0.003407 -0.012481
v -0.008551 0.002770 -0.012561
v -0.008551 0.003404 -0.012440
v -0.008546 0.002780 -0.012561
v -0.008546 0.003395 -0.012443
v -0.008551 0.002773 -0.012519
v -0.008551 0.003387 -0.012402
v -0.008546 0.002783 -0.012521
v -0.008546 0.003378 -0.012407
v -0.008551 0.002780 -0.012479
v -0.008551 0.003364 -0.012367
v -0.008546 0.002790 -0.012481
v -0.008546 0.003356 -0.012374
v -0.008546 0.002803 -0.012443
v -0.008551 0.003338 -0.012336
v -0.008551 0.002793 -0.012440
v -0.008546 0.003331 -0.012343
v -0.008551 0.002811 -0.012402
v -0.008546 0.003302 -0.012315
v -0.008546 0.002820 -0.012407
v -0.008551 0.003308 -0.012307
v -0.008551 0.002833 -0.012367
v -0.008546 0.003269 -0.012292
v -0.008546 0.002841 -0.012374
v -0.008551 0.003275 -0.012283
v -0.008551 0.002859 -0.012336
v -0.008551 0.003239 -0.012263
v -0.008546 0.002867 -0.012343
v -0.008546 0.003234 -0.012273
v -0.008546 0.002896 -0.012315
v -0.008546 0.003197 -0.012258
v -0.008551 0.002889 -0.012307
v -0.008551 0.003200 -0.012248
v -0.008546 0.002928 -0.012292
v -0.008546 0.003158 -0.012248
v -0.008551 0.002923 -0.012283
v -0.008551 0.003160 -0.012238
v -0.008546 0.002963 -0.012273
v -0.008546 0.003119 -0.012243
v -0.008551 0.002959 -0.012263
v -0.008551 0.003119 -0.012233
v -0.008546 0.003000 -0.012258
v -0.008551 0.003078 -0.012233
v -0.008551 0.002997 -0.012248
v -0.008546 0.003079 -0.012243
v -0.008551 0.003037 -0.012238
v -0.008546 0.003039 -0.012248
v -0.008282 0.003150 -0.013060
v -0.008421 0.003195 -0.013167
v -0.008282 0.003195 -0.013167
v -0.008421 0.003311 -0.013182
v -0.008421 0.003150 -0.013060
v -0.008282 0.003220 -0.012967
v -0.008432 0.003200 -0.013161
v -0.008432 0.003308 -0.013175
v -0.008421 0.003220 -0.012967
v -0.008421 0.003381 -0.013089
v -0.008282 0.003311 -0.013182
v -0.008282 0.003381 -0.013089
v -0.008432 0.003158 -0.013061
v -0.008421 0.003336 -0.012982
v -0.008282 0.003336 -0.012982
v -0.008432 0.003331 -0.012988
v -0.008432 0.003223 -0.012975
v -0.008432 0.003373 -0.013088
v -0.008445 0.003266 -0.013075
v -0.008461 0.002911 -0.013138
v -0.008461 0.003590 -0.012917
v -0.008461 0.002492 -0.012561
v -0.008461 0.002911 -0.011983
v -0.008461 0.003590 -0.012204
v -0.008342 0.000998 -0.012561
v -0.008611 0.004245 -0.014430
v -0.008644 0.004254 -0.014446
v -0.008611 0.004095 -0.014514
v -0.008644 0.004103 -0.014531
v -0.008691 0.004283 -0.014494
v -0.008611 0.003938 -0.014586
v -0.008644 0.003945 -0.014604
v -0.008691 0.004128 -0.014581
v -0.008727 0.004158 -0.014641
v -0.008727 0.003992 -0.014718
v -0.008691 0.003966 -0.014655
v -0.008727 0.003820 -0.014781
v -0.008644 0.003782 -0.014664
v -0.008691 0.003799 -0.014717
v -0.008727 0.003643 -0.014831
v -0.008611 0.003777 -0.014646
v -0.008727 0.003464 -0.014867
v -0.008611 0.003611 -0.014692
v -0.008644 0.003615 -0.014711
v -0.008611 0.003442 -0.014726
v -0.008644 0.003444 -0.014745
v -0.008691 0.003628 -0.014765
v -0.008691 0.003453 -0.014800
v -0.008644 0.003272 -0.014765
v -0.008611 0.003271 -0.014746
v -0.008727 0.003282 -0.014888
v -0.008691 0.003276 -0.014821
v -0.008727 0.003098 -0.014896
v -0.008644 0.003099 -0.014772
v -0.008691 0.003098 -0.014828
v -0.008727 0.002915 -0.014888
v -0.008727 0.002733 -0.014867
v -0.008691 0.002920 -0.014821
v -0.008727 0.002553 -0.014831
v -0.008691 0.002744 -0.014800
v -0.008691 0.002569 -0.014765
v -0.008644 0.002925 -0.014765
v -0.008644 0.002753 -0.014745
v -0.008644 0.002582 -0.014711
v -0.008691 0.002398 -0.014717
v -0.008644 0.002415 -0.014664
v -0.008691 0.002231 -0.014655
v -0.008644 0.002252 -0.014604
v -0.008691 0.002069 -0.014581
v -0.008644 0.002095 -0.014531
v -0.008691 0.001914 -0.014494
v -0.008644 0.001943 -0.014446
v -0.008691 0.001766 -0.014395
v -0.008644 0.001799 -0.014350
v -0.008691 0.001626 -0.014285
v -0.008644 0.001662 -0.014242
v -0.008644 0.001535 -0.014124
v -0.008611 0.001549 -0.014111
v -0.008611 0.001675 -0.014228
v -0.008611 0.001811 -0.014334
v -0.008611 0.001954 -0.014430
v -0.008611 0.002104 -0.014514
v -0.008611 0.002260 -0.014586
v -0.008611 0.002422 -0.014646
v -0.008611 0.002587 -0.014692
v -0.008611 0.002756 -0.014726
v -0.008611 0.002927 -0.014746
v -0.008611 0.003099 -0.014753
v -0.008566 0.003120 -0.012228
v -0.008566 0.003078 -0.012228
v -0.008566 0.003161 -0.012233
v -0.008581 0.003120 -0.012215
v -0.008566 0.003036 -0.012233
v -0.008581 0.003077 -0.012215
v -0.008566 0.002996 -0.012244
v -0.008581 0.003034 -0.012221
v -0.008581 0.003163 -0.012221
v -0.008581 0.002992 -0.012232
v -0.008566 0.002957 -0.012259
v -0.008581 0.002951 -0.012248
v -0.008566 0.002920 -0.012279
v -0.008581 0.002913 -0.012269
v -0.008566 0.002886 -0.012304
v -0.008581 0.002878 -0.012294
v -0.008581 0.002847 -0.012324
v -0.008566 0.002856 -0.012332
v -0.008581 0.002819 -0.012357
v -0.008566 0.002829 -0.012365
v -0.008581 0.002796 -0.012394
v -0.008566 0.002806 -0.012400
v -0.008581 0.002777 -0.012433
v -0.008566 0.002789 -0.012438
v -0.008581 0.002764 -0.012475
v -0.008566 0.002776 -0.012478
v -0.008581 0.002756 -0.012517
v -0.008566 0.002768 -0.012519
v -0.008581 0.002753 -0.012561
v -0.008566 0.002765 -0.012561
v -0.008581 0.002756 -0.012604
v -0.008566 0.002768 -0.012602
v -0.008566 0.002776 -0.012644
v -0.008581 0.002764 -0.012647
v -0.008566 0.002789 -0.012683
v -0.008581 0.002777 -0.012688
v -0.008566 0.002806 -0.012721
v -0.008581 0.002796 -0.012727
v -0.008566 0.002829 -0.012757
v -0.008581 0.002819 -0.012764
v -0.008581 0.002847 -0.012797
v -0.008566 0.002856 -0.012789
v -0.008581 0.002878 -0.012827
v -0.008566 0.002886 -0.012818
v -0.008581 0.002913 -0.012853
v -0.008566 0.002920 -0.012842
v -0.008581 0.002951 -0.012874
v -0.008566 0.002957 -0.012862
v -0.008581 0.002992 -0.012890
v -0.008566 0.002996 -0.012878
v -0.008581 0.003034 -0.012900
v -0.008566 0.003036 -0.012888
v -0.008581 0.003077 -0.012906
v -0.008566 0.003078 -0.012893
v -0.008581 0.003120 -0.012906
v -0.008566 0.003120 -0.012893
v -0.008581 0.003163 -0.012900
v -0.008566 0.003161 -0.012888
v -0.008566 0.003202 -0.012878
v -0.008581 0.003206 -0.012890
v -0.008566 0.003241 -0.012862
v -0.008581 0.003246 -0.012874
v -0.008566 0.003277 -0.012842
v -0.008581 0.003284 -0.012853
v -0.008566 0.003311 -0.012818
v -0.008581 0.003319 -0.012827
v -0.008566 0.003342 -0.012789
v -0.008581 0.003351 -0.012797
v -0.008566 0.003368 -0.012757
v -0.008581 0.003378 -0.012764
v -0.008566 0.003391 -0.012721
v -0.008581 0.003402 -0.012727
v -0.008566 0.003409 -0.012683
v -0.008581 0.003420 -0.012688
v -0.008581 0.003434 -0.012647
v -0.008566 0.003422 -0.012644
v -0.008581 0.003442 -0.012604
v -0.008566 0.003429 -0.012602
v -0.008581 0.003445 -0.012561
v -0.008566 0.003432 -0.012561
v -0.008566 0.003429 -0.012519
v -0.008581 0.003442 -0.012517
v -0.008566 0.003422 -0.012478
v -0.008581 0.003434 -0.012475
v -0.008566 0.003409 -0.012438
v -0.008581 0.003420 -0.012433
v -0.008566 0.003391 -0.012400
v -0.008581 0.003402 -0.012394
v -0.008566 0.003368 -0.012365
v -0.008581 0.003378 -0.012357
v -0.008581 0.003351 -0.012324
v -0.008566 0.003342 -0.012332
v -0.008581 0.003319 -0.012294
v -0.008566 0.003311 -0.012304
v -0.008581 0.003284 -0.012269
v -0.008566 0.003277 -0.012279
v -0.008581 0.003246 -0.012248
v -0.008566 0.003241 -0.012259
v -0.008581 0.003206 -0.012232
v -0.008566 0.003202 -0.012244
v -0.008669 0.001056 -0.012600
v -0.008668 0.001072 -0.012583
v -0.008671 0.001033 -0.012606
v -0.008668 0.001078 -0.012561
v -0.008672 0.001010 -0.012600
v -0.008668 0.001072 -0.012538
v -0.008673 0.000994 -0.012583
v -0.008669 0.001056 -0.012521
v -0.008686 0.001035 -0.012561
v -0.008671 0.001033 -0.012515
v -0.008672 0.001010 -0.012521
v -0.008674 0.000988 -0.012561
v -0.008673 0.000994 -0.012538
v -0.007758 0.003099 -0.012561
v -0.008282 0.003378 -0.012076
v -0.008282 0.003296 -0.012159
v -0.008421 0.003378 -0.012076
v -0.008282 0.003348 -0.011964
v -0.008421 0.003296 -0.012159
v -0.008282 0.003183 -0.012129
v -0.008421 0.003348 -0.011964
v -0.008421 0.003183 -0.012129
v -0.008282 0.003153 -0.012017
v -0.008421 0.003235 -0.011934
v -0.008282 0.003235 -0.011934
v -0.008421 0.003153 -0.012017
v -0.008432 0.003189 -0.012123
v -0.008432 0.003294 -0.012151
v -0.008432 0.003161 -0.012019
v -0.008432 0.003370 -0.012074
v -0.008445 0.003266 -0.012047
v -0.008432 0.003342 -0.011970
v -0.008432 0.003237 -0.011942
v -0.008291 0.003266 -0.013075
v -0.008291 0.002661 -0.012878
v -0.008291 0.002661 -0.012243
v -0.008291 0.003266 -0.012047
v -0.008291 0.003639 -0.012561
v -0.008282 0.002758 -0.012179
v -0.008282 0.002766 -0.012295
v -0.008421 0.002758 -0.012179
v -0.008421 0.002766 -0.012295
v -0.008282 0.002669 -0.012359
v -0.008421 0.002654 -0.012127
v -0.008282 0.002654 -0.012127
v -0.008432 0.002752 -0.012183
v -0.008421 0.002669 -0.012359
v -0.008282 0.002564 -0.012307
v -0.008432 0.002758 -0.012291
v -0.008432 0.002655 -0.012135
v -0.008421 0.002564 -0.012307
v -0.008282 0.002557 -0.012191
v -0.008445 0.002662 -0.012243
v -0.008421 0.002557 -0.012191
v -0.008432 0.002564 -0.012195
v -0.008432 0.002571 -0.012303
v -0.008432 0.002668 -0.012351
v -0.008282 0.003648 -0.012444
v -0.008421 0.003543 -0.012494
v -0.008282 0.003543 -0.012494
v -0.008421 0.003534 -0.012611
v -0.008282 0.003534 -0.012611
v -0.008421 0.003648 -0.012444
v -0.008282 0.003744 -0.012510
v -0.008432 0.003550 -0.012499
v -0.008421 0.003630 -0.012677
v -0.008282 0.003630 -0.012677
v -0.008432 0.003541 -0.012607
v -0.008421 0.003735 -0.012627
v -0.008282 0.003735 -0.012627
v -0.008432 0.003631 -0.012669
v -0.008421 0.003744 -0.012510
v -0.008432 0.003729 -0.012622
v -0.008432 0.003737 -0.012514
v -0.008432 0.003648 -0.012452
v -0.008445 0.003639 -0.012561
v -0.008282 0.002709 -0.012772
v -0.008421 0.002593 -0.012784
v -0.008282 0.002593 -0.012784
v -0.008421 0.002709 -0.012772
v -0.008282 0.002777 -0.012867
v -0.008421 0.002545 -0.012890
v -0.008282 0.002545 -0.012890
v -0.008432 0.002598 -0.012790
v -0.008421 0.002777 -0.012867
v -0.008282 0.002730 -0.012973
v -0.008432 0.002706 -0.012779
v -0.008432 0.002554 -0.012889
v -0.008421 0.002730 -0.012973
v -0.008282 0.002614 -0.012985
v -0.008445 0.002662 -0.012878
v -0.008432 0.002617 -0.012977
v -0.008432 0.002769 -0.012867
v -0.008432 0.002725 -0.012966
v -0.008421 0.002614 -0.012985
v -0.008559 0.003099 -0.012561
v -0.008806 0.005760 -0.012282
v -0.008749 0.005582 -0.012562
v -0.008749 0.005569 -0.012302
v -0.008806 0.005717 -0.012005
v -0.008749 0.005528 -0.012045
v -0.008749 0.005461 -0.011794
v -0.008806 0.005544 -0.011473
v -0.008749 0.005368 -0.011551
v -0.008749 0.005250 -0.011320
v -0.008749 0.005108 -0.011102
v -0.008806 0.005417 -0.011223
v -0.008806 0.005088 -0.010771
v -0.008749 0.004945 -0.010900
v -0.008749 0.004761 -0.010716
v -0.008749 0.004559 -0.010552
v -0.008806 0.004890 -0.010572
v -0.008749 0.004341 -0.010410
v -0.008806 0.004673 -0.010396
v -0.008806 0.004188 -0.010116
v -0.008749 0.004110 -0.010292
v -0.008749 0.003867 -0.010199
v -0.008806 0.003656 -0.009943
v -0.008749 0.003616 -0.010132
v -0.008806 0.003379 -0.009899
v -0.008749 0.003359 -0.010091
v -0.008749 0.003100 -0.010077
v -0.008806 0.002820 -0.009899
v -0.008749 0.002840 -0.010091
v -0.008806 0.002543 -0.009943
v -0.008749 0.002583 -0.010131
v -0.008749 0.002332 -0.010198
v -0.008806 0.002011 -0.010115
v -0.008749 0.002089 -0.010292
v -0.008749 0.001858 -0.010409
v -0.008806 0.001761 -0.010242
v -0.008749 0.001640 -0.010551
v -0.008806 0.001526 -0.010395
v -0.008749 0.001438 -0.010714
v -0.008806 0.001309 -0.010571
v -0.008749 0.001254 -0.010898
v -0.008806 0.000934 -0.010987
v -0.008749 0.001090 -0.011100
v -0.008749 0.000948 -0.011318
v -0.008806 0.000654 -0.011471
v -0.008749 0.000830 -0.011550
v -0.008749 0.000737 -0.011792
v -0.008806 0.000481 -0.012003
v -0.008749 0.000670 -0.012043
v -0.008749 0.000629 -0.012300
v -0.008749 0.000615 -0.012560
v -0.008806 0.000437 -0.012280
v -0.008806 0.000437 -0.012839
v -0.008749 0.000629 -0.012819
v -0.008806 0.000481 -0.013116
v -0.008749 0.000669 -0.013076
v -0.008749 0.000736 -0.013327
v -0.008806 0.000653 -0.013648
v -0.008749 0.000830 -0.013570
v -0.008749 0.000947 -0.013802
v -0.008806 0.000933 -0.014133
v -0.008749 0.001089 -0.014020
v -0.008749 0.001252 -0.014222
v -0.008806 0.001307 -0.014549
v -0.008749 0.001436 -0.014406
v -0.008806 0.001525 -0.014725
v -0.008749 0.001638 -0.014569
v -0.008806 0.001760 -0.014878
v -0.008749 0.001856 -0.014711
v -0.008806 0.002009 -0.015005
v -0.008749 0.002088 -0.014829
v -0.008749 0.002330 -0.014922
v -0.008806 0.002541 -0.015178
v -0.008749 0.002581 -0.014990
v -0.008806 0.002818 -0.015222
v -0.008749 0.002838 -0.015030
v -0.008749 0.003098 -0.015044
v -0.008806 0.003377 -0.015222
v -0.008749 0.003357 -0.015031
v -0.008806 0.003654 -0.015179
v -0.008749 0.003614 -0.014990
v -0.008749 0.003865 -0.014923
v -0.008806 0.004186 -0.015006
v -0.008749 0.004108 -0.014830
v -0.008749 0.004340 -0.014712
v -0.008806 0.004671 -0.014726
v -0.008749 0.004558 -0.014570
v -0.008749 0.004760 -0.014407
v -0.008806 0.005087 -0.014352
v -0.008749 0.004944 -0.014223
v -0.008749 0.005107 -0.014021
v -0.008749 0.005249 -0.013803
v -0.008806 0.005263 -0.014135
v -0.008806 0.005543 -0.013650
v -0.008749 0.005367 -0.013572
v -0.008749 0.005460 -0.013329
v -0.008806 0.005716 -0.013118
v -0.008749 0.005528 -0.013078
v -0.008749 0.005568 -0.012821
v -0.008806 0.005760 -0.012841
v -0.006156 0.005715 -0.013118
v -0.006221 0.005582 -0.012562
v -0.006221 0.005528 -0.013078
v -0.006156 0.005542 -0.013650
v -0.006221 0.005367 -0.013572
v -0.006221 0.005107 -0.014021
v -0.006156 0.004888 -0.014549
v -0.006221 0.004760 -0.014407
v -0.006156 0.004435 -0.014878
v -0.006221 0.004340 -0.014712
v -0.006221 0.003865 -0.014923
v -0.006156 0.003377 -0.015221
v -0.006221 0.003357 -0.015031
v -0.006221 0.002838 -0.015030
v -0.006156 0.002818 -0.015221
v -0.006221 0.002330 -0.014922
v -0.006156 0.001760 -0.014877
v -0.006221 0.001856 -0.014711
v -0.006156 0.001308 -0.014548
v -0.006221 0.001436 -0.014406
v -0.006156 0.000934 -0.014132
v -0.006221 0.001089 -0.014020
v -0.006156 0.000654 -0.013648
v -0.006221 0.000830 -0.013570
v -0.006156 0.000482 -0.013116
v -0.006221 0.000669 -0.013076
v -0.006156 0.000423 -0.012560
v -0.006221 0.000615 -0.012560
v -0.006156 0.000482 -0.012003
v -0.006221 0.000670 -0.012043
v -0.006156 0.000655 -0.011472
v -0.006221 0.000830 -0.011550
v -0.006156 0.000935 -0.010987
v -0.006221 0.001090 -0.011100
v -0.006156 0.001309 -0.010572
v -0.006221 0.001438 -0.010714
v -0.006156 0.001762 -0.010243
v -0.006221 0.001858 -0.010409
v -0.006156 0.002273 -0.010016
v -0.006221 0.002332 -0.010198
v -0.006156 0.002820 -0.009900
v -0.006221 0.002840 -0.010091
v -0.006221 0.003359 -0.010091
v -0.006221 0.003867 -0.010199
v -0.006156 0.003379 -0.009900
v -0.006221 0.004341 -0.010410
v -0.006156 0.003926 -0.010017
v -0.006221 0.004761 -0.010716
v -0.006156 0.004437 -0.010244
v -0.006221 0.005108 -0.011102
v -0.006156 0.004889 -0.010573
v -0.006156 0.005543 -0.011473
v -0.006221 0.005368 -0.011551
v -0.006221 0.005528 -0.012045
v -0.006156 0.005716 -0.012005
v -0.008684 0.005526 -0.012562
v -0.008684 0.005513 -0.012815
v -0.008655 0.005440 -0.012561
v -0.008655 0.005427 -0.012806
v -0.008684 0.005473 -0.013066
v -0.008655 0.005389 -0.013048
v -0.008655 0.005325 -0.013285
v -0.008684 0.005407 -0.013312
v -0.008655 0.005237 -0.013514
v -0.008684 0.005316 -0.013549
v -0.008655 0.005126 -0.013732
v -0.008684 0.005200 -0.013775
v -0.008655 0.004993 -0.013938
v -0.008684 0.005062 -0.013988
v -0.008684 0.004902 -0.014186
v -0.008655 0.004838 -0.014128
v -0.008655 0.004665 -0.014301
v -0.008684 0.004722 -0.014365
v -0.008655 0.004474 -0.014456
v -0.008684 0.004525 -0.014525
v -0.008655 0.004269 -0.014589
v -0.008684 0.004312 -0.014663
v -0.008684 0.004085 -0.014779
v -0.008655 0.004050 -0.014700
v -0.008655 0.003821 -0.014788
v -0.008684 0.003848 -0.014869
v -0.008684 0.003602 -0.014935
v -0.008655 0.003585 -0.014851
v -0.008684 0.003351 -0.014975
v -0.008655 0.003343 -0.014889
v -0.008655 0.003098 -0.014902
v -0.008684 0.003098 -0.014988
v -0.008684 0.002844 -0.014975
v -0.008655 0.002853 -0.014889
v -0.008655 0.002611 -0.014851
v -0.008684 0.002593 -0.014935
v -0.008655 0.002374 -0.014787
v -0.008684 0.002348 -0.014869
v -0.008684 0.002111 -0.014778
v -0.008655 0.002145 -0.014699
v -0.008655 0.001927 -0.014588
v -0.008684 0.001884 -0.014662
v -0.008684 0.001671 -0.014524
v -0.008655 0.001722 -0.014454
v -0.008684 0.001474 -0.014364
v -0.008655 0.001531 -0.014300
v -0.008655 0.001358 -0.014127
v -0.008684 0.001294 -0.014184
v -0.008684 0.001134 -0.013987
v -0.008655 0.001204 -0.013936
v -0.008655 0.001070 -0.013731
v -0.008684 0.000996 -0.013774
v -0.008684 0.000881 -0.013547
v -0.008655 0.000959 -0.013512
v -0.008684 0.000790 -0.013310
v -0.008655 0.000871 -0.013283
v -0.008684 0.000724 -0.013064
v -0.008655 0.000808 -0.013047
v -0.008655 0.000770 -0.012804
v -0.008684 0.000684 -0.012813
v -0.008655 0.000757 -0.012560
v -0.008684 0.000671 -0.012560
v -0.008684 0.000685 -0.012306
v -0.008655 0.000770 -0.012315
v -0.008684 0.000725 -0.012055
v -0.008655 0.000808 -0.012073
v -0.008655 0.000872 -0.011836
v -0.008684 0.000790 -0.011810
v -0.008684 0.000882 -0.011572
v -0.008655 0.000960 -0.011607
v -0.008684 0.000997 -0.011346
v -0.008655 0.001071 -0.011389
v -0.008684 0.001135 -0.011133
v -0.008655 0.001205 -0.011184
v -0.008655 0.001359 -0.010993
v -0.008684 0.001295 -0.010936
v -0.008684 0.001475 -0.010756
v -0.008655 0.001532 -0.010820
v -0.008655 0.001723 -0.010666
v -0.008684 0.001673 -0.010596
v -0.008684 0.001886 -0.010458
v -0.008655 0.001929 -0.010532
v -0.008684 0.002112 -0.010343
v -0.008655 0.002147 -0.010421
v -0.008655 0.002376 -0.010333
v -0.008684 0.002349 -0.010252
v -0.008684 0.002595 -0.010186
v -0.008655 0.002613 -0.010270
v -0.008684 0.002846 -0.010146
v -0.008655 0.002855 -0.010232
v -0.008655 0.003100 -0.010219
v -0.008684 0.003100 -0.010133
v -0.008684 0.003353 -0.010147
v -0.008655 0.003344 -0.010232
v -0.008655 0.003586 -0.010270
v -0.008684 0.003604 -0.010186
v -0.008655 0.003823 -0.010334
v -0.008684 0.003850 -0.010252
v -0.008655 0.004052 -0.010422
v -0.008684 0.004087 -0.010343
v -0.008655 0.004270 -0.010533
v -0.008684 0.004313 -0.010459
v -0.008655 0.004476 -0.010667
v -0.008684 0.004526 -0.010597
v -0.008684 0.004724 -0.010757
v -0.008655 0.004666 -0.010821
v -0.008684 0.004903 -0.010937
v -0.008655 0.004839 -0.010994
v -0.008684 0.005063 -0.011135
v -0.008655 0.004994 -0.011185
v -0.008655 0.005127 -0.011391
v -0.008684 0.005201 -0.011348
v -0.008684 0.005317 -0.011574
v -0.008655 0.005238 -0.011609
v -0.008684 0.005408 -0.011811
v -0.008655 0.005326 -0.011838
v -0.008684 0.005473 -0.012057
v -0.008655 0.005389 -0.012075
v -0.008684 0.005513 -0.012308
v -0.008655 0.005428 -0.012317
v -0.006291 0.005526 -0.012562
v -0.006291 0.005473 -0.012057
v -0.006326 0.005440 -0.012562
v -0.006326 0.005389 -0.012075
v -0.006291 0.005317 -0.011574
v -0.006326 0.005238 -0.011609
v -0.006291 0.005063 -0.011135
v -0.006326 0.004994 -0.011185
v -0.006291 0.004724 -0.010757
v -0.006326 0.004666 -0.010821
v -0.006291 0.004313 -0.010459
v -0.006326 0.004270 -0.010533
v -0.006291 0.003850 -0.010252
v -0.006326 0.003823 -0.010334
v -0.006291 0.003353 -0.010147
v -0.006326 0.003344 -0.010232
v -0.006291 0.002846 -0.010146
v -0.006326 0.002855 -0.010232
v -0.006326 0.002376 -0.010333
v -0.006291 0.002349 -0.010252
v -0.006326 0.001929 -0.010532
v -0.006291 0.001886 -0.010458
v -0.006326 0.001532 -0.010820
v -0.006291 0.001475 -0.010756
v -0.006291 0.001135 -0.011133
v -0.006326 0.001205 -0.011184
v -0.006291 0.000882 -0.011572
v -0.006326 0.000960 -0.011607
v -0.006291 0.000725 -0.012055
v -0.006326 0.000808 -0.012073
v -0.006291 0.000671 -0.012560
v -0.006326 0.000757 -0.012560
v -0.006291 0.000724 -0.013064
v -0.006326 0.000808 -0.013047
v -0.006291 0.000881 -0.013547
v -0.006326 0.000959 -0.013512
v -0.006291 0.001134 -0.013987
v -0.006326 0.001204 -0.013936
v -0.006291 0.001474 -0.014364
v -0.006326 0.001531 -0.014300
v -0.006326 0.001927 -0.014588
v -0.006291 0.001884 -0.014662
v -0.006326 0.002374 -0.014787
v -0.006291 0.002348 -0.014869
v -0.006291 0.002844 -0.014975
v -0.006326 0.002853 -0.014889
v -0.006291 0.003351 -0.014975
v -0.006326 0.003343 -0.014889
v -0.006326 0.003821 -0.014788
v -0.006291 0.003848 -0.014869
v -0.006291 0.004312 -0.014663
v -0.006326 0.004269 -0.014589
v -0.006291 0.004722 -0.014365
v -0.006326 0.004665 -0.014301
v -0.006291 0.005062 -0.013988
v -0.006326 0.004993 -0.013938
v -0.006326 0.005237 -0.013514
v -0.006291 0.005316 -0.013549
v -0.006326 0.005389 -0.013048
v -0.006291 0.005473 -0.013066
v -0.006251 0.003098 -0.015623
v -0.006251 0.002777 -0.015606
v -0.006459 0.003097 -0.015732
v -0.006459 0.002766 -0.015714
v -0.006251 0.002461 -0.015556
v -0.006728 0.003097 -0.015774
v -0.006459 0.002438 -0.015662
v -0.006251 0.002151 -0.015473
v -0.006728 0.002762 -0.015756
v -0.006459 0.002118 -0.015576
v -0.006251 0.001852 -0.015358
v -0.006728 0.002429 -0.015704
v -0.008261 0.002762 -0.015756
v -0.008261 0.003097 -0.015774
v -0.008261 0.002429 -0.015704
v -0.008514 0.002766 -0.015714
v -0.008514 0.003097 -0.015732
v -0.008707 0.002777 -0.015606
v -0.008707 0.003098 -0.015623
v -0.008707 0.002461 -0.015556
v -0.008514 0.002438 -0.015662
v -0.008707 0.002151 -0.015473
v -0.008514 0.002118 -0.015576
v -0.008707 0.001852 -0.015358
v -0.008261 0.002104 -0.015616
v -0.008514 0.001808 -0.015457
v -0.008707 0.001566 -0.015212
v -0.008514 0.001512 -0.015306
v -0.008261 0.001791 -0.015496
v -0.008261 0.001491 -0.015343
v -0.006728 0.002104 -0.015616
v -0.006728 0.001790 -0.015496
v -0.006728 0.001491 -0.015343
v -0.006459 0.001512 -0.015306
v -0.006459 0.001808 -0.015457
v -0.006251 0.001566 -0.015212
v -0.006251 0.001297 -0.015038
v -0.006459 0.001234 -0.015125
v -0.006251 0.001048 -0.014836
v -0.006728 0.001209 -0.015160
v -0.006459 0.000976 -0.014916
v -0.006459 0.000741 -0.014682
v -0.006251 0.000822 -0.014609
v -0.008261 0.001209 -0.015160
v -0.006459 0.000532 -0.014424
v -0.006251 0.000620 -0.014360
v -0.006459 0.000352 -0.014145
v -0.006251 0.000446 -0.014091
v -0.006728 0.000315 -0.014166
v -0.006728 0.000498 -0.014448
v -0.008261 0.000315 -0.014166
v -0.006728 0.000710 -0.014710
v -0.008261 0.000498 -0.014448
v -0.006728 0.000948 -0.014948
v -0.008261 0.000710 -0.014710
v -0.008261 0.000948 -0.014948
v -0.008514 0.000976 -0.014916
v -0.008514 0.000741 -0.014682
v -0.008514 0.000532 -0.014424
v -0.008514 0.000352 -0.014145
v -0.008707 0.000620 -0.014360
v -0.008707 0.000446 -0.014091
v -0.008707 0.000822 -0.014609
v -0.008707 0.001048 -0.014836
v -0.008514 0.001234 -0.015125
v -0.008707 0.001297 -0.015038
v -0.008707 0.000053 -0.012880
v -0.008514 -0.000073 -0.012559
v -0.008707 0.000036 -0.012559
v -0.008514 -0.000055 -0.012891
v -0.008707 0.000103 -0.013196
v -0.008261 -0.000115 -0.012559
v -0.008514 -0.000003 -0.013219
v -0.008707 0.000185 -0.013506
v -0.008261 -0.000097 -0.012895
v -0.008514 0.000082 -0.013539
v -0.008707 0.000300 -0.013805
v -0.008261 -0.000045 -0.013228
v -0.006728 -0.000097 -0.012895
v -0.006728 -0.000115 -0.012559
v -0.008514 0.000201 -0.013849
v -0.008261 0.000042 -0.013552
v -0.008261 0.000162 -0.013867
v -0.006728 0.000162 -0.013867
v -0.006728 0.000042 -0.013552
v -0.006459 0.000201 -0.013849
v -0.006251 0.000300 -0.013805
v -0.006459 0.000082 -0.013539
v -0.006251 0.000185 -0.013506
v -0.006728 -0.000045 -0.013228
v -0.006459 -0.000003 -0.013219
v -0.006251 0.000103 -0.013196
v -0.006459 -0.000055 -0.012891
v -0.006251 0.000053 -0.012880
v -0.006459 -0.000073 -0.012559
v -0.006251 0.000036 -0.012559
v -0.006251 0.000053 -0.012239
v -0.006459 -0.000055 -0.012228
v -0.006251 0.000103 -0.011923
v -0.006459 -0.000003 -0.011900
v -0.006251 0.000186 -0.011613
v -0.006728 -0.000097 -0.012223
v -0.006459 0.000083 -0.011580
v -0.006251 0.000301 -0.011314
v -0.006728 -0.000044 -0.011891
v -0.008261 -0.000097 -0.012223
v -0.008261 -0.000044 -0.011891
v -0.008514 -0.000055 -0.012228
v -0.008707 0.000053 -0.012239
v -0.008707 0.000103 -0.011923
v -0.008514 -0.000003 -0.011900
v -0.008707 0.000186 -0.011613
v -0.008514 0.000083 -0.011580
v -0.008707 0.000301 -0.011314
v -0.008261 0.000043 -0.011566
v -0.008514 0.000202 -0.011270
v -0.008707 0.000447 -0.011028
v -0.008514 0.000353 -0.010974
v -0.008261 0.000163 -0.011252
v -0.008261 0.000316 -0.010953
v -0.006728 0.000043 -0.011566
v -0.006728 0.000163 -0.011252
v -0.006728 0.000316 -0.010953
v -0.006459 0.000353 -0.010974
v -0.006459 0.000202 -0.011270
v -0.006251 0.000447 -0.011028
v -0.006251 0.000622 -0.010759
v -0.006459 0.000534 -0.010696
v -0.006251 0.000823 -0.010510
v -0.006728 0.000500 -0.010671
v -0.006459 0.000743 -0.010438
v -0.006459 0.000978 -0.010203
v -0.006251 0.001050 -0.010284
v -0.008261 0.000500 -0.010671
v -0.006459 0.001236 -0.009994
v -0.006251 0.001299 -0.010082
v -0.006459 0.001514 -0.009814
v -0.006251 0.001568 -0.009908
v -0.006728 0.001493 -0.009777
v -0.006728 0.001211 -0.009960
v -0.008261 0.001493 -0.009777
v -0.006728 0.000949 -0.010172
v -0.008261 0.001211 -0.009960
v -0.006728 0.000711 -0.010409
v -0.008261 0.000949 -0.010172
v -0.008261 0.000711 -0.010409
v -0.008514 0.000743 -0.010438
v -0.008514 0.000978 -0.010203
v -0.008514 0.001236 -0.009994
v -0.008514 0.001514 -0.009814
v -0.008707 0.001568 -0.009908
v -0.008707 0.001299 -0.010082
v -0.008707 0.001050 -0.010284
v -0.008707 0.000823 -0.010510
v -0.008514 0.000534 -0.010696
v -0.008707 0.000622 -0.010759
v -0.006459 0.003100 -0.009389
v -0.006251 0.002780 -0.009514
v -0.006251 0.003100 -0.009498
v -0.006459 0.002768 -0.009407
v -0.006251 0.002463 -0.009565
v -0.006728 0.003100 -0.009347
v -0.006459 0.002441 -0.009458
v -0.006251 0.002153 -0.009647
v -0.006728 0.002764 -0.009365
v -0.008261 0.003100 -0.009347
v -0.006459 0.002120 -0.009544
v -0.006251 0.001854 -0.009762
v -0.006728 0.002432 -0.009417
v -0.008261 0.002764 -0.009365
v -0.006459 0.001810 -0.009663
v -0.006728 0.002107 -0.009504
v -0.006728 0.001793 -0.009624
v -0.008261 0.002432 -0.009417
v -0.008261 0.002107 -0.009504
v -0.008261 0.001793 -0.009624
v -0.008514 0.001810 -0.009663
v -0.008707 0.001854 -0.009762
v -0.008514 0.002120 -0.009544
v -0.008707 0.002153 -0.009647
v -0.008514 0.002441 -0.009458
v -0.008707 0.002463 -0.009565
v -0.008514 0.002768 -0.009407
v -0.008707 0.002780 -0.009514
v -0.008514 0.003100 -0.009389
v -0.008707 0.003100 -0.009498
v -0.006251 0.003420 -0.009515
v -0.006459 0.003431 -0.009407
v -0.006251 0.003737 -0.009565
v -0.006459 0.003759 -0.009459
v -0.006251 0.004046 -0.009648
v -0.006728 0.003436 -0.009365
v -0.006459 0.004080 -0.009545
v -0.006251 0.004345 -0.009763
v -0.006728 0.003768 -0.009418
v -0.008261 0.003436 -0.009365
v -0.006459 0.004390 -0.009664
v -0.006251 0.004631 -0.009909
v -0.006459 0.004685 -0.009815
v -0.006728 0.004093 -0.009505
v -0.006728 0.004407 -0.009625
v -0.006728 0.004706 -0.009778
v -0.008261 0.004706 -0.009778
v -0.008261 0.004407 -0.009625
v -0.008514 0.004685 -0.009815
v -0.008261 0.004093 -0.009505
v -0.008514 0.004390 -0.009664
v -0.008707 0.004631 -0.009909
v -0.008707 0.004345 -0.009763
v -0.008261 0.003768 -0.009418
v -0.008514 0.004080 -0.009545
v -0.008707 0.004046 -0.009648
v -0.008514 0.003759 -0.009459
v -0.008707 0.003737 -0.009565
v -0.008514 0.003431 -0.009407
v -0.008707 0.003420 -0.009515
v -0.006251 0.004900 -0.010083
v -0.006459 0.004964 -0.009996
v -0.006251 0.005149 -0.010285
v -0.006459 0.005221 -0.010205
v -0.006728 0.004989 -0.009962
v -0.008261 0.004988 -0.009962
v -0.006459 0.005456 -0.010440
v -0.006251 0.005376 -0.010512
v -0.006728 0.005250 -0.010173
v -0.006459 0.005665 -0.010698
v -0.006251 0.005577 -0.010761
v -0.006728 0.005488 -0.010411
v -0.006459 0.005846 -0.010976
v -0.006251 0.005752 -0.011030
v -0.006728 0.005882 -0.010955
v -0.006728 0.005699 -0.010673
v -0.008261 0.005882 -0.010955
v -0.008261 0.005699 -0.010673
v -0.008261 0.005488 -0.010411
v -0.008261 0.005250 -0.010173
v -0.008514 0.005221 -0.010205
v -0.008514 0.005456 -0.010440
v -0.008514 0.005665 -0.010698
v -0.008514 0.005846 -0.010976
v -0.008707 0.005752 -0.011030
v -0.008707 0.005577 -0.010761
v -0.008707 0.005376 -0.010512
v -0.008707 0.005149 -0.010285
v -0.008514 0.004964 -0.009996
v -0.008707 0.004900 -0.010083
v -0.008514 0.006270 -0.012562
v -0.008707 0.006161 -0.012562
v -0.008707 0.006145 -0.012242
v -0.008514 0.006253 -0.012230
v -0.008707 0.006095 -0.011925
v -0.008261 0.006312 -0.012562
v -0.008514 0.006201 -0.011902
v -0.008707 0.006012 -0.011615
v -0.008261 0.006295 -0.012226
v -0.008514 0.006115 -0.011582
v -0.008707 0.005897 -0.011316
v -0.008261 0.006242 -0.011894
v -0.006728 0.006295 -0.012226
v -0.006728 0.006312 -0.012562
v -0.006728 0.006242 -0.011894
v -0.006459 0.006253 -0.012230
v -0.006459 0.006270 -0.012562
v -0.006251 0.006145 -0.012242
v -0.006251 0.006161 -0.012562
v -0.006251 0.006095 -0.011925
v -0.006459 0.006201 -0.011902
v -0.006251 0.006012 -0.011615
v -0.006459 0.006115 -0.011582
v -0.006251 0.005897 -0.011316
v -0.006728 0.006155 -0.011569
v -0.006459 0.005996 -0.011272
v -0.006728 0.006035 -0.011255
v -0.008261 0.006155 -0.011569
v -0.008261 0.006035 -0.011255
v -0.008514 0.005996 -0.011272
v -0.006251 0.006145 -0.012882
v -0.006459 0.006252 -0.012893
v -0.006251 0.006094 -0.013199
v -0.006459 0.006200 -0.013221
v -0.006251 0.006011 -0.013508
v -0.006728 0.006294 -0.012898
v -0.006459 0.006114 -0.013542
v -0.006251 0.005896 -0.013807
v -0.006728 0.006242 -0.013230
v -0.008261 0.006294 -0.012898
v -0.006459 0.005995 -0.013852
v -0.006251 0.005751 -0.014093
v -0.006459 0.005844 -0.014147
v -0.006728 0.006155 -0.013555
v -0.006728 0.006034 -0.013869
v -0.006728 0.005881 -0.014168
v -0.008261 0.005881 -0.014168
v -0.008261 0.006034 -0.013869
v -0.008514 0.005844 -0.014147
v -0.008261 0.006155 -0.013555
v -0.008514 0.005995 -0.013852
v -0.008707 0.005751 -0.014093
v -0.008707 0.005896 -0.013807
v -0.008514 0.006114 -0.013542
v -0.008707 0.006011 -0.013508
v -0.008261 0.006242 -0.013230
v -0.008514 0.006200 -0.013221
v -0.008707 0.006094 -0.013199
v -0.008514 0.006252 -0.012893
v -0.008707 0.006145 -0.012882
v -0.008707 0.004898 -0.015039
v -0.008514 0.004683 -0.015308
v -0.008707 0.004629 -0.015214
v -0.008514 0.004962 -0.015127
v -0.008707 0.005147 -0.014837
v -0.008261 0.004704 -0.015344
v -0.008514 0.005220 -0.014918
v -0.008707 0.005374 -0.014611
v -0.008261 0.004987 -0.015161
v -0.006728 0.004987 -0.015161
v -0.006728 0.004704 -0.015344
v -0.008261 0.005248 -0.014950
v -0.006459 0.004962 -0.015127
v -0.006459 0.004683 -0.015308
v -0.006251 0.004898 -0.015039
v -0.006251 0.004629 -0.015214
v -0.006251 0.005147 -0.014837
v -0.006459 0.005220 -0.014918
v -0.006251 0.005374 -0.014611
v -0.006728 0.005248 -0.014950
v -0.006459 0.005455 -0.014683
v -0.006728 0.005486 -0.014712
v -0.006459 0.005664 -0.014426
v -0.006251 0.005576 -0.014362
v -0.006728 0.005698 -0.014450
v -0.008261 0.005698 -0.014450
v -0.008261 0.005486 -0.014712
v -0.008514 0.005664 -0.014426
v -0.008514 0.005455 -0.014683
v -0.008707 0.005576 -0.014362
v -0.008707 0.003418 -0.015607
v -0.008514 0.003429 -0.015715
v -0.008707 0.003734 -0.015557
v -0.008514 0.003757 -0.015663
v -0.008707 0.004044 -0.015474
v -0.008261 0.003433 -0.015757
v -0.008514 0.004077 -0.015577
v -0.008707 0.004343 -0.015359
v -0.008261 0.003766 -0.015704
v -0.006728 0.003433 -0.015757
v -0.008514 0.004387 -0.015458
v -0.008261 0.004091 -0.015617
v -0.008261 0.004405 -0.015497
v -0.006728 0.004405 -0.015497
v -0.006728 0.004091 -0.015617
v -0.006459 0.004387 -0.015458
v -0.006251 0.004343 -0.015359
v -0.006459 0.004077 -0.015577
v -0.006251 0.004044 -0.015474
v -0.006728 0.003766 -0.015704
v -0.006459 0.003757 -0.015663
v -0.006251 0.003734 -0.015557
v -0.006459 0.003429 -0.015715
v -0.006251 0.003418 -0.015607
v -0.008786 0.005989 -0.012562
v -0.008786 0.005973 -0.012260
v -0.008806 0.005775 -0.012562
v -0.008786 0.005926 -0.011961
v -0.008786 0.005848 -0.011669
v -0.008806 0.005644 -0.011735
v -0.008786 0.005739 -0.011386
v -0.008786 0.005602 -0.011116
v -0.008786 0.005437 -0.010863
v -0.008806 0.005264 -0.010988
v -0.008786 0.005247 -0.010628
v -0.008786 0.005033 -0.010414
v -0.008786 0.004798 -0.010223
v -0.008786 0.004545 -0.010058
v -0.008806 0.004438 -0.010243
v -0.008786 0.004275 -0.009921
v -0.008786 0.003993 -0.009812
v -0.008806 0.003927 -0.010016
v -0.008786 0.003701 -0.009734
v -0.008786 0.003402 -0.009686
v -0.008786 0.003100 -0.009670
v -0.008806 0.003100 -0.009884
v -0.008786 0.002798 -0.009686
v -0.008786 0.002499 -0.009733
v -0.008786 0.002207 -0.009812
v -0.008806 0.002273 -0.010015
v -0.008786 0.001924 -0.009920
v -0.008786 0.001655 -0.010057
v -0.008786 0.001401 -0.010222
v -0.008786 0.001166 -0.010412
v -0.008786 0.000952 -0.010626
v -0.008806 0.001110 -0.010769
v -0.008786 0.000761 -0.010861
v -0.008786 0.000596 -0.011115
v -0.008806 0.000781 -0.011222
v -0.008786 0.000459 -0.011384
v -0.008786 0.000350 -0.011666
v -0.008806 0.000554 -0.011733
v -0.008786 0.000272 -0.011959
v -0.008786 0.000224 -0.012257
v -0.008806 0.000422 -0.012560
v -0.008786 0.000209 -0.012560
v -0.008786 0.000224 -0.012862
v -0.008786 0.000271 -0.013160
v -0.008786 0.000350 -0.013453
v -0.008806 0.000553 -0.013387
v -0.008786 0.000458 -0.013735
v -0.008786 0.000595 -0.014005
v -0.008806 0.000780 -0.013898
v -0.008786 0.000760 -0.014259
v -0.008786 0.000950 -0.014494
v -0.008806 0.001109 -0.014351
v -0.008786 0.001164 -0.014708
v -0.008786 0.001399 -0.014898
v -0.008786 0.001653 -0.015063
v -0.008786 0.001922 -0.015200
v -0.008786 0.002205 -0.015309
v -0.008806 0.002271 -0.015106
v -0.008786 0.002497 -0.015387
v -0.008786 0.002795 -0.015435
v -0.008786 0.003098 -0.015451
v -0.008806 0.003098 -0.015237
v -0.008786 0.003400 -0.015435
v -0.008786 0.003699 -0.015388
v -0.008786 0.003991 -0.015310
v -0.008806 0.003925 -0.015106
v -0.008786 0.004273 -0.015201
v -0.008786 0.004543 -0.015064
v -0.008786 0.004797 -0.014899
v -0.008806 0.004436 -0.014879
v -0.008786 0.005032 -0.014709
v -0.008806 0.004889 -0.014550
v -0.008786 0.005246 -0.014495
v -0.008786 0.005436 -0.014260
v -0.008806 0.005416 -0.013900
v -0.008786 0.005601 -0.014007
v -0.008786 0.005739 -0.013737
v -0.008786 0.005847 -0.013455
v -0.008806 0.005644 -0.013389
v -0.008786 0.005925 -0.013163
v -0.008786 0.005973 -0.012864
v -0.006170 0.005989 -0.012562
v -0.006170 0.005925 -0.013163
v -0.006156 0.005774 -0.012562
v -0.006170 0.005739 -0.013737
v -0.006170 0.005436 -0.014260
v -0.006156 0.005262 -0.014134
v -0.006170 0.005032 -0.014709
v -0.006170 0.004543 -0.015064
v -0.006170 0.003991 -0.015310
v -0.006156 0.003924 -0.015105
v -0.006170 0.003400 -0.015435
v -0.006170 0.002795 -0.015435
v -0.006170 0.002205 -0.015309
v -0.006156 0.002271 -0.015105
v -0.006170 0.001653 -0.015063
v -0.006170 0.001164 -0.014708
v -0.006170 0.000760 -0.014258
v -0.006170 0.000458 -0.013735
v -0.006170 0.000271 -0.013160
v -0.006170 0.000209 -0.012560
v -0.006170 0.000272 -0.011959
v -0.006170 0.000459 -0.011384
v -0.006170 0.000761 -0.010861
v -0.006170 0.001166 -0.010412
v -0.006170 0.001655 -0.010057
v -0.006170 0.002207 -0.009812
v -0.006170 0.002798 -0.009686
v -0.006170 0.003402 -0.009686
v -0.006170 0.003993 -0.009812
v -0.006170 0.004545 -0.010058
v -0.006170 0.005033 -0.010414
v -0.006156 0.005264 -0.010989
v -0.006170 0.005437 -0.010863
v -0.006170 0.005739 -0.011386
v -0.006170 0.005926 -0.011961
vn -0.0000 -0.7431 0.6691
vn -0.0000 0.9945 -0.1045
vn -0.0000 1.0000 -0.0000
vn -0.0000 0.9787 -0.2052
vn -0.0000 1.0000 0.0001
vn -0.0000 0.9787 0.2052
vn -0.0000 0.2588 0.9659
vn -0.0000 0.2052 0.9787
vn -0.0000 0.3068 0.9518
vn -0.0000 0.1026 0.9947
vn -0.0000 -0.0000 1.0000
vn -0.0000 -0.1026 0.9947
vn -0.0000 -0.2052 0.9787
vn -0.0000 -0.2053 0.9787
vn -0.0000 -0.3068 0.9518
vn -0.0000 -0.4091 0.9125
vn -0.0000 -0.4970 0.8678
vn -0.0000 -0.5885 0.8085
vn -0.0000 -0.6707 0.7417
vn -0.0000 -0.6707 0.7418
vn -0.0000 -0.7418 0.6707
vn -0.0000 -0.7417 0.6707
vn -0.0000 -0.8085 0.5886
vn -0.0000 -1.0000 -0.0000
vn -0.0000 -0.9947 0.1027
vn -0.0000 -0.9787 0.2052
vn -0.0000 -0.9518 0.3068
vn -0.0000 -0.9125 0.4091
vn -0.0000 -0.8677 0.4970
vn -0.0000 -0.8678 0.4970
vn -0.0000 -0.8084 -0.5886
vn -0.0000 -0.8644 -0.5029
vn -0.0000 -0.9125 -0.4091
vn -0.0000 -0.9518 -0.3068
vn -0.0000 -0.9787 -0.2052
vn -0.0000 -0.9947 -0.1026
vn -0.0000 0.8085 -0.5884
vn -0.0000 0.8644 -0.5029
vn -0.0000 0.9125 -0.4091
vn -0.0000 0.9518 -0.3068
vn -0.0000 0.9947 -0.1026
vn -0.0000 0.9947 -0.1027
vn -0.0000 0.9947 0.1027
vn -0.0000 0.9787 0.2053
vn -0.0000 0.9518 0.3068
vn -0.0000 0.9125 0.4090
vn -0.0000 0.8678 0.4970
vn -0.0000 0.8085 0.5885
vn -0.0000 0.7418 0.6707
vn -0.0000 0.6707 0.7417
vn -0.0000 0.5886 0.8085
vn -0.0000 0.4970 0.8678
vn -0.0000 0.4091 0.9125
vn -0.8637 0.1570 -0.4790
vn -0.8680 0.1499 -0.4734
vn -0.8658 0.2047 -0.4565
vn -0.8673 0.2444 -0.4337
vn -0.8656 0.2518 -0.4328
vn -0.8650 0.2909 -0.4089
vn -0.8676 0.3313 -0.3707
vn -0.8654 0.3383 -0.3697
vn -0.8654 0.3697 -0.3383
vn -0.8677 0.4023 -0.2919
vn -0.8629 0.4080 -0.2981
vn -0.8656 0.4328 -0.2518
vn -0.8658 0.4566 -0.2046
vn -0.8658 0.4566 -0.2047
vn -0.8637 0.4789 -0.1570
vn -0.8666 0.4884 -0.1024
vn -0.8632 0.4944 -0.1020
vn -0.8664 0.4963 -0.0551
vn -0.8678 0.4970 -0.0000
vn -0.8643 0.5029 -0.0000
vn -0.8664 0.4963 0.0551
vn -0.8666 0.4884 0.1024
vn -0.8632 0.4944 0.1020
vn -0.8637 0.4789 0.1570
vn -0.8659 0.4565 0.2047
vn -0.8658 0.4566 0.2047
vn -0.8656 0.4328 0.2518
vn -0.8677 0.4023 0.2919
vn -0.8629 0.4080 0.2981
vn -0.8654 0.3697 0.3383
vn -0.8676 0.3313 0.3707
vn -0.8653 0.3383 0.3698
vn -0.8650 0.2909 0.4089
vn -0.8673 0.2444 0.4336
vn -0.8656 0.2518 0.4328
vn -0.8658 0.2047 0.4566
vn -0.8680 0.1499 0.4734
vn -0.8637 0.1570 0.4790
vn -0.8666 0.1024 0.4884
vn -0.8664 0.0551 0.4963
vn -0.8630 0.0549 0.5021
vn -0.8643 -0.0000 0.5029
vn -0.8664 -0.0551 0.4963
vn -0.8630 -0.0549 0.5022
vn -0.8666 -0.1024 0.4884
vn -0.8680 -0.1499 0.4735
vn -0.8637 -0.1570 0.4790
vn -0.8658 -0.2047 0.4566
vn -0.8656 -0.2518 0.4328
vn -0.8650 -0.2909 0.4089
vn -0.8676 -0.3313 0.3707
vn -0.8628 -0.3373 0.3765
vn -0.8654 -0.3697 0.3383
vn -0.8677 -0.4023 0.2919
vn -0.8629 -0.4080 0.2981
vn -0.8656 -0.4328 0.2518
vn -0.8658 -0.4565 0.2047
vn -0.8658 -0.4566 0.2047
vn -0.8637 -0.4789 0.1570
vn -0.8666 -0.4884 0.1024
vn -0.8632 -0.4944 0.1020
vn -0.8664 -0.4962 0.0551
vn -0.8677 -0.4970 -0.0000
vn -0.8643 -0.5029 -0.0000
vn -0.8664 -0.4962 -0.0551
vn -0.8666 -0.4884 -0.1024
vn -0.8632 -0.4944 -0.1020
vn -0.8637 -0.4789 -0.1570
vn -0.8658 -0.4565 -0.2047
vn -0.8656 -0.4328 -0.2518
vn -0.8677 -0.4023 -0.2919
vn -0.8630 -0.4079 -0.2981
vn -0.8654 -0.3697 -0.3383
vn -0.8676 -0.3313 -0.3707
vn -0.8628 -0.3373 -0.3765
vn -0.8650 -0.2909 -0.4089
vn -0.8656 -0.2518 -0.4328
vn -0.8658 -0.2047 -0.4566
vn -0.8679 -0.1499 -0.4735
vn -0.8637 -0.1570 -0.4790
vn -0.8666 -0.1024 -0.4884
vn -0.8664 -0.0551 -0.4963
vn -0.8630 -0.0549 -0.5023
vn -0.8643 -0.0000 -0.5029
vn -0.8664 0.0551 -0.4962
vn -0.8630 0.0549 -0.5022
vn -0.8666 0.1024 -0.4884
vn -0.0000 -0.8084 0.5886
vn -0.0000 -0.4970 0.8677
vn -0.0000 -0.9125 0.4090
vn -0.0000 -0.9787 0.2053
vn -0.0000 -0.9125 -0.4090
vn -0.0000 -0.3068 -0.9518
vn -0.0000 -0.4970 -0.8677
vn -0.0000 -0.6707 -0.7417
vn -0.0000 0.3068 -0.9518
vn -0.0000 0.1027 -0.9947
vn -0.0000 -0.1026 -0.9947
vn -0.0000 -0.1027 -0.9947
vn -1.0000 -0.0000 -0.0000
vn -0.0000 -0.7771 -0.6293
vn -0.0000 -0.7417 -0.6707
vn -0.0000 -0.6707 -0.7418
vn -0.0000 -0.6706 -0.7418
vn -0.0000 -0.5885 -0.8085
vn -0.0000 -0.4970 -0.8678
vn -0.0000 -0.4091 -0.9125
vn -0.0000 0.2052 -0.9787
vn -0.0000 -0.0000 -1.0000
vn -0.0000 -0.2052 -0.9787
vn -0.0000 0.7417 -0.6707
vn -0.0000 0.6707 -0.7417
vn -0.0000 0.5885 -0.8085
vn -0.0000 0.5029 -0.8644
vn -0.0000 0.4091 -0.9125
vn -0.0000 0.4971 -0.8677
vn -0.0000 0.8085 -0.5885
vn -0.0000 0.8084 -0.5886
vn -0.0000 0.9125 0.4091
vn -0.0000 0.8084 0.5886
vn -0.0000 0.1027 0.9947
vn -0.0000 -0.1027 0.9947
vn 1.0000 -0.0000 -0.0000
vn 0.0014 0.6057 -0.7957
vn -0.0000 0.9835 -0.1810
vn -0.2906 0.7147 -0.6362
vn -0.0000 0.7110 -0.7032
vn -0.0000 -0.0785 0.9969
vn -0.1657 -0.0000 0.9862
vn -0.1652 -0.0774 0.9832
vn -0.0000 -0.1580 0.9874
vn -0.0000 -0.2370 0.9715
vn -0.1649 -0.1570 0.9737
vn -0.1652 -0.2302 0.9590
vn -0.0000 -0.7185 0.6955
vn -0.0000 -0.6871 0.7266
vn -0.2907 -0.2042 0.9348
vn -0.3079 0.1500 0.9395
vn -0.0000 0.9835 -0.1809
vn -0.0000 0.9835 -0.1811
vn -0.0000 0.9835 0.1810
vn -0.0000 0.9835 0.1809
vn -0.0000 0.7111 0.7031
vn -0.2906 0.7147 0.6362
vn -0.3074 0.4256 0.8511
vn -0.0000 0.8897 -0.4566
vn -0.3083 0.9406 -0.1423
vn -0.2915 0.8271 -0.4805
vn -0.0000 0.4783 -0.8782
vn -0.2295 0.4510 -0.8625
vn -0.2444 0.4336 -0.8673
vn -0.0000 -0.9874 0.1579
vn -0.0000 -0.9875 0.1578
vn -0.0000 -0.8897 0.4566
vn -0.0000 -0.8897 0.4565
vn -0.0000 -0.8085 0.5885
vn -0.0000 -0.8084 0.5887
vn -0.0000 -0.7071 0.7071
vn -0.0000 -0.5886 0.8084
vn -0.0000 -0.4566 0.8897
vn -0.0000 -0.1578 0.9875
vn -0.0000 -0.1579 0.9875
vn -0.0000 0.1578 0.9875
vn -0.0000 0.4566 0.8897
vn -0.0000 0.5886 0.8084
vn -0.0000 0.5885 0.8085
vn -0.0000 0.7071 0.7071
vn -0.0000 0.8084 0.5887
vn -0.0000 0.8897 0.4566
vn -0.0000 0.9875 0.1578
vn -0.0000 0.9874 0.1579
vn -0.0000 0.9875 -0.1578
vn -0.0000 0.7071 -0.7071
vn -0.0000 0.5887 -0.8084
vn -0.0000 0.4566 -0.8897
vn -0.0000 0.1578 -0.9875
vn -0.0000 -0.1578 -0.9875
vn -0.0000 -0.4566 -0.8897
vn -0.0000 -0.5887 -0.8084
vn -0.0000 -0.7071 -0.7071
vn -0.0000 -0.8084 -0.5887
vn -0.0000 -0.8897 -0.4566
vn -0.0000 -0.9875 -0.1578
vn -0.0552 -0.4962 0.8664
vn -0.0551 -0.4963 0.8664
vn -0.0950 -0.8619 0.4981
vn -0.0949 -0.8619 0.4981
vn -0.1026 -0.9947 -0.0000
vn -0.1027 -0.9947 -0.0000
vn -0.0949 -0.8619 -0.4981
vn -0.0949 -0.8619 -0.4982
vn -0.0551 -0.4963 -0.8664
vn -0.0551 -0.4962 -0.8665
vn -0.0000 -0.0001 -1.0000
vn -0.0000 0.0001 -1.0000
vn -0.0551 -0.4962 0.8665
vn -0.0551 -0.4962 0.8664
vn -0.0949 -0.8618 0.4982
vn -0.0000 0.3795 -0.9252
vn -0.0000 0.1260 -0.9920
vn -0.0000 0.3768 -0.9263
vn -0.0000 0.3863 -0.9224
vn -0.2595 0.1652 -0.9515
vn -0.2908 0.3929 -0.8724
vn -0.0000 0.8019 -0.5975
vn -0.0079 0.8018 -0.5975
vn -0.0078 0.8084 -0.5886
vn -0.0079 0.8019 -0.5975
vn -0.2837 0.7488 -0.5990
vn -0.2676 0.7792 -0.5668
vn -0.7540 0.2906 -0.5891
vn -0.2603 0.7809 -0.5679
vn -0.6951 0.5845 -0.4186
vn -0.0079 0.8121 -0.5835
vn -0.6928 0.5826 -0.4251
vn -0.6927 0.5826 -0.4251
vn -0.9947 0.0868 -0.0553
vn -0.9949 0.0790 -0.0631
vn -0.7241 0.5431 -0.4251
vn -0.9944 0.0947 -0.0474
vn -0.9939 0.1025 -0.0395
vn -0.9949 0.0791 -0.0632
vn -0.9991 0.0394 -0.0157
vn -0.9989 0.0393 -0.0236
vn -0.9992 0.0317 -0.0234
vn -0.9990 0.0315 -0.0315
vn -0.9996 0.0236 -0.0156
vn -0.9996 0.0236 -0.0157
vn -0.9990 0.0314 -0.0314
vn -0.2131 -0.7891 0.5761
vn -0.9949 0.0710 -0.0711
vn -0.9994 0.0236 -0.0236
vn -0.6959 0.5773 -0.4271
vn -0.2676 0.7793 -0.5666
vn -0.7262 0.5683 -0.3868
vn -0.0079 0.8121 -0.5834
vn -0.2829 0.8017 -0.5266
vn -0.0000 0.8185 -0.5745
vn -0.0000 0.9963 -0.0863
vn -0.2909 0.9513 -0.1022
vn -0.7569 0.6466 -0.0946
vn -0.2605 0.9550 0.1420
vn -0.0000 0.9975 -0.0707
vn -0.2438 0.9594 0.1416
vn -0.7107 0.7028 0.0316
vn -0.2281 0.9595 0.1651
vn -0.6987 0.7144 0.0392
vn -0.7103 0.7023 0.0473
vn -0.7719 0.5278 0.3545
vn -0.9914 0.0708 -0.1101
vn -0.9937 0.0711 -0.0868
vn -0.9880 0.0784 -0.1333
vn -0.9905 0.0708 -0.1179
vn -0.9942 0.0631 -0.0868
vn -0.9947 0.0552 -0.0868
vn -0.9942 0.0632 -0.0869
vn -0.9949 0.0632 -0.0790
vn -0.9992 0.0235 -0.0313
vn -0.9996 0.0157 -0.0236
vn -0.9998 0.0157 -0.0156
vn -0.2046 0.5823 0.7868
vn -0.9998 0.0157 -0.0157
vn -0.2055 0.1107 0.9724
vn -0.2120 0.8950 0.3925
vn -0.2051 -0.3865 0.8992
vn -0.0000 0.5835 0.8121
vn -0.0000 0.1031 0.9947
vn -0.0000 -0.4025 0.9154
vn -0.0000 -0.9955 0.0949
vn -0.0000 0.9955 -0.0949
vn -0.2044 -0.9743 0.0943
vn -0.0000 -0.9154 -0.4026
vn -0.2052 -0.8921 -0.4026
vn -0.0000 -0.5887 -0.8083
vn -0.9996 0.0235 -0.0157
vn -0.2053 -0.5681 -0.7970
vn -0.0000 -0.1104 -0.9939
vn -0.2118 -0.0941 -0.9728
vn -0.0000 0.4025 -0.9154
vn -0.2044 0.3932 -0.8964
vn -0.0000 0.8084 -0.5887
vn -0.9996 0.0236 -0.0158
vn -0.2132 0.7891 -0.5761
vn -0.2043 0.9744 -0.0943
vn -0.9998 0.0158 -0.0158
vn -0.9998 0.0157 -0.0079
vn -0.9999 0.0078 -0.0079
vn -0.9997 0.0236 -0.0079
vn -0.9998 0.0141 -0.0103
vn -0.3697 -0.6764 0.6371
vn -0.3718 -0.7511 0.5456
vn -0.3708 -0.8126 0.4497
vn -0.9999 0.0079 -0.0079
vn -0.3702 -0.5908 0.7168
vn -0.3697 -0.8654 0.3383
vn -0.9999 0.0158 -0.0000
vn -0.3711 -0.8999 0.2290
vn -0.9998 0.0158 -0.0078
vn -0.3701 -0.9214 0.1181
vn -0.9999 0.0157 -0.0000
vn -0.9999 0.0156 -0.0000
vn -0.3700 -0.9290 -0.0000
vn -0.3701 -0.9214 -0.1181
vn -0.3711 -0.8999 -0.2290
vn -0.1181 0.9444 0.3069
vn -0.3698 -0.8653 -0.3383
vn -0.9998 0.0158 0.0079
vn -0.3708 -0.8126 -0.4497
vn -0.1180 0.9444 -0.3069
vn -0.1183 0.9930 -0.0000
vn -0.1105 0.8045 -0.5836
vn -0.1105 0.8045 0.5836
vn -0.1100 0.5888 0.8008
vn -0.0000 0.5884 0.8085
vn -0.1103 0.3072 0.9452
vn -0.1105 -0.0000 0.9939
vn -0.9997 0.0236 -0.0078
vn -0.1103 -0.3072 0.9452
vn -0.9995 0.0315 -0.0079
vn -0.1105 -0.5836 0.8045
vn -0.9995 0.0315 -0.0078
vn -0.1104 -0.8045 0.5836
vn -0.1103 -0.9452 0.3072
vn -0.9995 0.0315 -0.0000
vn -0.1105 -0.9939 -0.0000
vn -0.9995 0.0314 -0.0000
vn -0.1103 -0.9452 -0.3072
vn -0.0000 -0.8085 -0.5885
vn -0.1104 -0.8045 -0.5836
vn -0.1105 -0.5836 -0.8045
vn -0.9995 0.0315 0.0079
vn -0.1103 -0.3072 -0.9452
vn -0.9995 0.0315 0.0078
vn -0.1105 -0.0000 -0.9939
vn -0.9997 0.0236 0.0078
vn -0.1103 0.3072 -0.9452
vn -0.9997 0.0236 0.0079
vn -0.1100 0.5888 -0.8008
vn -0.9998 0.0157 0.0079
vn -0.9998 0.0158 0.0078
vn -0.3718 -0.7511 -0.5456
vn -0.9996 0.0236 0.0158
vn -0.3697 -0.6764 -0.6371
vn -0.9998 0.0157 0.0157
vn -0.9999 0.0079 0.0079
vn -0.3702 -0.5908 -0.7168
vn -0.9998 0.0078 0.0157
vn -0.3718 -0.4984 -0.7832
vn -0.9998 0.0079 0.0157
vn -0.3698 -0.3934 -0.8417
vn -0.9998 0.0078 0.0158
vn -0.3710 -0.2842 -0.8841
vn -0.9998 0.0079 0.0158
vn -0.9999 -0.0000 0.0158
vn -0.3699 -0.1731 -0.9128
vn -0.9999 0.0001 0.0157
vn -0.3695 -0.0550 -0.9276
vn -0.3695 0.0550 -0.9276
vn -0.1181 0.3071 0.9443
vn -0.9999 -0.0000 0.0157
vn -0.3699 0.1731 -0.9128
vn -0.1183 0.5831 0.8037
vn -0.3710 0.2842 -0.8841
vn -0.9998 -0.0079 0.0157
vn -0.3697 0.3933 -0.8418
vn -0.3718 0.4983 -0.7832
vn -0.0000 0.8085 0.5886
vn -0.9997 0.0001 0.0236
vn -0.1104 0.9452 0.3072
vn -0.9997 -0.0000 0.0236
vn -0.1104 0.9939 0.0079
vn -0.1104 0.9452 -0.3072
vn -0.9995 -0.0000 0.0315
vn -0.1105 0.5836 -0.8045
vn -0.0000 0.5886 -0.8084
vn -0.9995 0.0079 0.0315
vn -0.9995 0.0078 0.0315
vn -0.0000 -0.5886 -0.8084
vn -0.1105 -0.5856 -0.8031
vn -0.1104 -0.8059 -0.5816
vn -0.9994 0.0157 0.0315
vn -0.9996 0.0157 0.0236
vn -0.1104 -0.9452 0.3072
vn -0.0000 -0.8086 0.5884
vn -0.9996 0.0158 0.0236
vn -0.1099 -0.7998 0.5901
vn -0.9998 0.0156 0.0157
vn -0.1104 -0.3072 0.9452
vn -0.1183 -0.0000 0.9930
vn -0.9992 0.0235 0.0313
vn -0.9998 0.0158 0.0157
vn -0.9989 0.0236 0.0393
vn -0.9991 0.0157 0.0393
vn -0.9947 0.0552 0.0868
vn -0.9991 0.0157 0.0392
vn -0.9944 0.0473 0.0947
vn -0.9947 0.0395 0.0947
vn -0.9992 0.0079 0.0393
vn -0.9942 0.0316 0.1026
vn -0.9905 0.0550 0.1258
vn -0.9944 0.0237 0.1026
vn -0.9992 -0.0000 0.0393
vn -0.9946 0.0158 0.1026
vn -0.9947 0.0079 0.1026
vn -0.9905 0.0312 0.1339
vn -0.9898 0.0157 0.1414
vn -0.9903 0.0393 0.1336
vn -0.9879 0.0395 0.1502
vn -0.9909 0.0157 0.1337
vn -0.9867 0.0632 0.1500
vn -0.9887 0.0157 0.1491
vn -0.9875 0.0474 0.1501
vn -0.9901 0.0629 0.1257
vn -0.9872 0.0237 0.1580
vn -0.9905 0.0708 0.1179
vn -0.9873 0.0158 0.1580
vn -0.9937 0.0711 0.0867
vn -0.9861 0.0158 0.1657
vn -0.9942 0.0631 0.0868
vn -0.9766 0.0315 0.2126
vn -0.9776 0.0473 0.2050
vn -0.9770 0.0158 0.2127
vn -0.9768 0.0630 0.2048
vn -0.9920 0.0079 0.1260
vn -0.9918 0.0236 0.1259
vn -0.9915 0.0315 0.1259
vn -0.9771 0.0079 0.2127
vn -0.9900 -0.0000 0.1413
vn -0.6451 -0.6687 -0.3698
vn -0.6245 -0.4111 -0.6641
vn -0.9975 -0.0000 0.0707
vn -0.6930 -0.6694 -0.2678
vn -0.2515 -0.8016 -0.5423
vn -0.7706 -0.6369 0.0236
vn -0.2911 -0.9520 -0.0944
vn -0.3084 -0.8460 -0.4349
vn -0.2279 -0.8725 0.4323
vn -0.0079 -0.8121 -0.5834
vn -0.0000 -0.9888 -0.1491
vn -0.7075 -0.5975 0.3774
vn -0.2444 -0.8593 0.4493
vn -0.9910 0.0078 0.1337
vn -0.7014 -0.5990 0.3862
vn -0.9939 -0.0000 0.1104
vn -0.2609 -0.8538 0.4506
vn -0.0000 -0.9021 0.4315
vn -0.0000 -0.7637 0.6456
vn -0.0000 -0.7565 0.6540
vn -0.7087 -0.5906 0.3859
vn -0.2922 -0.7108 0.6399
vn -0.0000 -0.3233 0.9463
vn -0.0079 -0.3162 0.9486
vn -0.0079 -0.3162 0.9487
vn -0.0079 -0.3068 0.9517
vn -0.2834 -0.3385 0.8973
vn -0.2682 -0.2999 0.9155
vn -0.0078 -0.3139 0.9494
vn -0.7253 -0.2365 0.6465
vn -0.6936 -0.2207 0.6857
vn -0.2591 -0.2984 0.9186
vn -0.7575 -0.4655 0.4578
vn -0.9938 -0.0079 0.1106
vn -0.9947 -0.0000 0.1026
vn -0.9947 -0.0079 0.1026
vn -0.9946 -0.0158 0.1026
vn -0.9992 -0.0078 0.0393
vn -0.9944 -0.0237 0.1027
vn -0.9997 -0.0079 0.0236
vn -0.9995 -0.0079 0.0315
vn -0.6899 -0.2195 0.6899
vn -0.9950 -0.0316 0.0947
vn -0.9992 -0.0079 0.0393
vn -0.9991 -0.0157 0.0393
vn -0.0079 -0.2996 0.9540
vn -0.2670 -0.2906 0.9188
vn -0.6923 -0.2282 0.6846
vn -0.9947 -0.0395 0.0947
vn -0.7252 -0.1892 0.6621
vn -0.9944 -0.0474 0.0948
vn -0.2128 0.2995 -0.9300
vn -0.2053 -0.2131 -0.9552
vn -0.9997 -0.0080 0.0236
vn -0.2043 -0.6601 -0.7229
vn -0.2053 -0.9316 -0.3000
vn -0.0000 -0.6669 -0.7452
vn -0.0000 -0.9495 -0.3138
vn -0.0000 -0.2128 -0.9771
vn -0.0000 -0.9787 0.2054
vn -0.0000 0.7489 -0.6627
vn -0.2128 -0.9534 0.2137
vn -0.0000 -0.7492 0.6624
vn -0.2053 0.7341 -0.6473
vn -0.0000 0.9771 -0.2127
vn -0.2043 -0.7296 0.6526
vn -0.2044 0.9590 -0.1965
vn -0.0000 0.9517 0.3069
vn -0.2049 0.9293 0.3072
vn -0.0000 0.6704 0.7420
vn -0.9996 -0.0157 0.0236
vn -0.2117 0.6508 0.7291
vn -0.0000 0.2128 0.9771
vn -0.2056 0.2056 0.9568
vn -0.2129 -0.2995 0.9301
vn -0.9997 -0.0079 0.0237
vn -0.9998 -0.0079 0.0158
vn -0.3702 0.5908 -0.7169
vn -0.9996 -0.0158 0.0236
vn -0.9989 -0.0236 0.0393
vn -0.9998 -0.0080 0.0157
vn -0.9947 -0.0553 0.0868
vn -0.9998 -0.0158 0.0158
vn -0.9942 -0.0631 0.0869
vn -0.9992 -0.0235 0.0314
vn -0.9942 -0.0631 0.0868
vn -0.7557 0.1102 0.6455
vn -0.1104 -0.9452 -0.3072
vn -0.1100 -0.5888 -0.8008
vn -0.9994 -0.0236 0.0236
vn -0.1104 -0.3072 -0.9452
vn -0.0000 -0.3069 -0.9517
vn -0.1104 -0.0000 -0.9939
vn -0.1104 -0.9939 -0.0000
vn -0.0000 -0.9518 0.3069
vn -0.1180 -0.9435 0.3097
vn -0.1182 -0.8033 0.5837
vn -0.9999 -0.0079 0.0079
vn -0.3696 0.6764 -0.6371
vn -0.9998 -0.0158 0.0080
vn -0.9998 -0.0157 0.0080
vn -0.3718 0.7511 -0.5456
vn -0.9998 -0.0157 0.0079
vn -0.3708 0.8126 -0.4497
vn -0.3698 0.8653 -0.3383
vn -0.1183 -0.5831 0.8037
vn -0.0000 -0.3069 0.9517
vn -0.9999 -0.0157 -0.0000
vn -0.3710 0.9000 -0.2289
vn -0.1104 -0.0000 0.9939
vn -0.1104 0.3072 0.9452
vn -0.9997 -0.0236 0.0079
vn -0.1105 0.5836 0.8045
vn -0.0000 0.5883 0.8086
vn -0.1099 0.8008 0.5888
vn -0.9997 -0.0235 0.0079
vn -0.9995 -0.0315 0.0079
vn -0.9994 -0.0315 0.0157
vn -0.1104 0.9939 -0.0000
vn -0.1103 0.9452 -0.3072
vn -0.9991 -0.0393 0.0157
vn -0.1105 0.5828 -0.8051
vn -0.9996 -0.0236 0.0157
vn -0.9990 -0.0315 0.0315
vn -0.9943 -0.0710 0.0789
vn -0.9949 -0.0711 0.0711
vn -0.9935 -0.0631 0.0947
vn -0.9992 -0.0314 0.0235
vn -0.7075 0.2516 0.6604
vn -0.9990 -0.0393 0.0236
vn -0.9942 -0.0868 0.0631
vn -0.9944 -0.0789 0.0710
vn -0.9903 -0.1022 0.0943
vn -0.9903 -0.0944 0.1021
vn -0.9908 -0.1101 0.0787
vn -0.9910 -0.0865 0.1022
vn -0.9876 -0.1185 0.1027
vn -0.9916 -0.0787 0.1023
vn -0.9878 -0.1019 0.1177
vn -0.6985 0.2590 0.6671
vn -0.7083 0.2676 0.6532
vn -0.9877 -0.1106 0.1106
vn -0.2295 0.4510 0.8625
vn -0.2444 0.4336 0.8673
vn -0.2915 0.8271 0.4805
vn -0.2600 0.4255 0.8668
vn -0.0000 0.4783 0.8782
vn -0.0000 0.2443 0.9697
vn -0.0000 0.2277 0.9737
vn -0.2911 0.1967 0.9363
vn -0.0000 -0.2996 0.9541
vn -0.2825 -0.2511 0.9258
vn -0.7700 0.5028 0.3928
vn -0.6915 0.6994 0.1807
vn -0.3083 0.9406 0.1423
vn -0.9876 -0.1027 0.1185
vn -0.9858 -0.1104 0.1262
vn -0.9773 -0.1500 0.1494
vn -0.6466 0.7570 0.0946
vn -0.9760 -0.1417 0.1653
vn -0.2516 0.9673 0.0314
vn -0.9771 -0.1339 0.1655
vn -0.0079 0.9999 0.0079
vn -0.0000 0.9095 0.4156
vn -0.0079 0.9999 0.0078
vn -0.3152 0.8669 -0.3862
vn -0.0395 0.8921 -0.4500
vn -0.0079 0.8440 -0.5363
vn -0.0000 0.5122 -0.8589
vn -0.0000 0.5028 -0.8644
vn -0.6231 0.7256 -0.2920
vn -0.3385 0.5274 -0.7793
vn -0.0000 0.5029 -0.8643
vn -0.3393 0.4735 -0.8128
vn -0.3377 0.4241 -0.8403
vn -0.0000 0.3067 -0.9518
vn -0.3392 0.3629 -0.8679
vn -0.6291 0.3539 -0.6921
vn -0.6300 0.2992 -0.7166
vn -0.3377 0.2906 -0.8953
vn -0.6298 0.2362 -0.7400
vn -0.0001 0.2370 -0.9715
vn -0.0000 0.2370 -0.9715
vn -0.3390 0.2207 -0.9145
vn -0.0000 0.1580 -0.9874
vn -0.0000 0.0870 -0.9962
vn -0.0079 -0.3700 -0.9290
vn -0.3385 0.1496 -0.9290
vn -0.3383 0.0944 -0.9363
vn -0.6318 0.1185 -0.7660
vn -0.3397 0.0316 -0.9400
vn -0.6304 0.0794 -0.7722
vn -0.6409 0.0158 -0.7675
vn -0.0393 -0.4562 -0.8890
vn -0.0079 -0.8121 -0.5835
vn -0.3161 -0.4741 -0.8218
vn -0.0000 -0.9803 -0.1976
vn -1.0000 -0.0000 0.0079
vn -0.9944 -0.0237 0.1026
vn -0.6296 0.1810 -0.7555
vn -0.4649 -0.0709 -0.8825
vn -0.4661 -0.0000 -0.8847
vn -0.4646 -0.1417 -0.8741
vn -0.4649 0.0709 -0.8825
vn -0.8148 -0.0000 -0.5798
vn -0.8176 -0.0472 -0.5739
vn -0.4708 0.1412 -0.8709
vn -0.9942 -0.0316 0.1026
vn -0.8176 0.0472 -0.5739
vn -0.4720 0.2045 -0.8575
vn -0.8185 0.0944 -0.5667
vn -0.9377 0.0236 -0.3467
vn -1.0000 -0.0000 0.0078
vn -0.9379 -0.0000 -0.3468
vn -0.9365 0.0551 -0.3463
vn -0.1917 0.0006 -0.9815
vn -0.1940 0.0788 -0.9778
vn -0.1932 0.1498 -0.9697
vn -0.1932 -0.0789 -0.9780
vn -0.1962 0.2119 -0.9574
vn -0.9377 -0.0236 -0.3467
vn -0.1969 -0.1497 -0.9689
vn -0.9376 0.0788 -0.3388
vn -0.1882 0.3058 -0.9333
vn -0.9365 -0.0551 -0.3464
vn -0.1971 -0.2285 -0.9534
vn -0.8148 -0.0940 -0.5720
vn -0.9376 -0.0788 -0.3388
vn -0.1970 -0.2994 -0.9336
vn -0.4720 -0.2046 -0.8575
vn -0.8185 -0.1338 -0.5588
vn -0.9372 -0.1103 -0.3308
vn -0.1968 -0.3777 -0.9048
vn -0.4735 -0.2762 -0.8364
vn -0.9369 -0.1339 -0.3228
vn -0.1968 -0.4447 -0.8738
vn -0.8160 -0.1804 -0.5492
vn -0.8165 -0.2198 -0.5339
vn -0.4705 -0.3372 -0.8155
vn -0.4652 -0.4022 -0.7886
vn -0.9992 0.0079 0.0394
vn -0.9991 0.0157 0.0394
vn -0.9922 0.0394 0.1181
vn -0.9919 0.0472 0.1181
vn -0.9772 0.0789 0.1970
vn -0.9915 0.0551 0.1181
vn -0.9774 0.0949 0.1891
vn -0.9919 0.0630 0.1102
vn -0.9873 0.0711 0.1422
vn -0.9772 0.1103 0.1813
vn -0.9880 0.0784 0.1333
vn -0.9861 0.0868 0.1419
vn -0.9878 0.0790 0.1343
vn -0.9914 0.0708 0.1102
vn -0.7719 0.5277 -0.3544
vn -0.7102 0.7024 -0.0474
vn -0.6987 0.7144 -0.0392
vn -0.2281 0.9595 -0.1652
vn -0.3074 0.4256 -0.8511
vn -0.6941 0.3865 -0.6073
vn -0.6453 0.3226 -0.6925
vn -0.0000 0.6750 -0.7378
vn -0.0078 0.3139 -0.9494
vn -0.2511 0.3295 -0.9102
vn -0.0078 0.3138 -0.9494
vn -0.0395 -0.1579 -0.9867
vn -0.0079 -0.2444 -0.9696
vn -0.3146 -0.1022 -0.9437
vn -0.0000 -0.6585 -0.7526
vn -0.6228 -0.0552 -0.7804
vn -0.3382 -0.5821 -0.7395
vn -0.3382 -0.6291 -0.6999
vn -0.0000 -0.7637 -0.6456
vn -0.6379 -0.4646 -0.6142
vn -0.3368 -0.6658 -0.6658
vn -0.0000 -0.8090 -0.5878
vn -0.3377 -0.7147 -0.6126
vn -0.3383 -0.7631 -0.5507
vn -0.0000 -0.8533 -0.5215
vn -0.0000 -0.8532 -0.5215
vn -0.3389 -0.8039 -0.4887
vn -0.0000 -0.9196 -0.3929
vn -0.0000 -0.9195 -0.3930
vn -0.0079 -0.9980 0.0629
vn -0.3377 -0.8403 -0.4241
vn -0.3386 -0.8582 -0.3858
vn -0.6291 -0.6921 -0.3539
vn -0.3392 -0.8834 -0.3234
vn -0.6305 -0.7093 -0.3152
vn -0.6394 -0.7262 -0.2526
vn -0.0395 -0.9867 0.1579
vn -0.0079 -0.8056 0.5924
vn -0.3148 -0.9286 0.1967
vn -0.6239 -0.7582 0.1895
vn -0.2514 -0.7619 0.5969
vn -0.0000 -0.4936 0.8697
vn -0.0000 -0.4504 0.8928
vn -0.0000 0.1260 0.9920
vn -0.3070 -0.6769 0.6690
vn -0.6955 -0.4584 0.5533
vn -0.6458 -0.5592 0.5198
vn -0.7706 -0.1730 0.6133
vn -0.2917 -0.3863 0.8750
vn -0.9854 0.1655 0.0394
vn -0.9768 0.2047 0.0630
vn -0.7081 0.1731 0.6845
vn -0.2289 0.1421 0.9630
vn -0.2451 0.1581 0.9565
vn -0.9879 0.1501 0.0395
vn -0.6994 0.1807 0.6915
vn -0.2595 0.1652 0.9515
vn -0.9883 0.1490 0.0314
vn -0.9913 0.1259 0.0393
vn -0.9872 0.1579 0.0237
vn -0.9905 0.1337 0.0314
vn -0.9931 0.1103 0.0395
vn -0.9897 0.1414 0.0236
vn -0.9944 0.1026 0.0237
vn -0.7110 0.1817 0.6794
vn -0.9939 0.1026 0.0394
vn -0.2908 0.3929 0.8724
vn -0.9942 0.1026 0.0316
vn -0.7540 0.2906 0.5891
vn -0.9939 0.1027 0.0394
vn -0.0000 0.3863 0.9224
vn -0.0000 0.1261 0.9920
vn -0.0000 0.3769 0.9263
vn -0.0000 0.8019 0.5975
vn -0.0079 0.8018 0.5975
vn -0.2837 0.7488 0.5990
vn -0.0079 0.8019 0.5975
vn -0.0078 0.8084 0.5886
vn -0.7241 0.5431 0.4251
vn -0.2676 0.7792 0.5668
vn -0.6951 0.5845 0.4186
vn -0.9944 0.0947 0.0474
vn -0.9947 0.0947 0.0395
vn -0.6927 0.5826 0.4251
vn -0.9991 0.0393 0.0157
vn -0.2603 0.7809 0.5679
vn -0.9947 0.0868 0.0553
vn -0.0078 0.8121 0.5835
vn -0.0079 0.8121 0.5834
vn -0.0079 0.8121 0.5835
vn -0.6928 0.5825 0.4251
vn -0.2676 0.7793 0.5666
vn -0.2829 0.8017 0.5266
vn -0.0000 0.8185 0.5745
vn -0.6959 0.5773 0.4271
vn -0.7262 0.5683 0.3868
vn -0.2909 0.9513 0.1022
vn -0.7570 0.6466 0.0946
vn -0.2605 0.9550 -0.1420
vn -0.0000 0.9963 0.0863
vn -0.0000 0.9975 0.0707
vn -0.7107 0.7028 -0.0316
vn -0.2438 0.9594 -0.1416
vn -0.9942 0.0632 0.0868
vn -0.9949 0.0632 0.0790
vn -0.9949 0.0711 0.0711
vn -0.9990 0.0315 0.0315
vn -0.9949 0.0790 0.0632
vn -0.9994 0.0236 0.0236
vn -0.9992 0.0317 0.0234
vn -0.9996 0.0236 0.0157
vn -0.9989 0.0393 0.0236
vn -0.9994 0.0236 0.0235
vn -0.2047 0.5823 -0.7868
vn -0.2056 0.1107 -0.9724
vn -0.2120 0.8949 -0.3926
vn -0.0000 0.5835 -0.8121
vn -0.0000 0.9126 -0.4089
vn -0.0000 0.1030 -0.9947
vn -0.0000 0.9955 0.0949
vn -0.2051 -0.3865 -0.8992
vn -0.0000 -0.4025 -0.9154
vn -0.2044 0.9743 0.0943
vn -0.2132 0.7891 0.5761
vn -0.2045 0.3932 0.8964
vn 0.0001 0.4025 0.9154
vn -0.2118 -0.0941 0.9728
vn -0.0000 -0.1104 0.9939
vn -0.2053 -0.5681 0.7970
vn -0.0000 -0.5887 0.8083
vn -0.9996 0.0235 0.0157
vn -0.2052 -0.8921 0.4026
vn -0.0000 -0.9154 0.4026
vn -0.2043 -0.9744 -0.0943
vn -0.0000 -0.9955 -0.0949
vn -0.2131 -0.7891 -0.5761
vn -0.0000 -0.8085 -0.5886
vn -0.9992 0.0393 0.0079
vn -0.9992 0.0393 0.0078
vn -0.9946 0.1026 0.0158
vn -0.9992 0.0393 -0.0000
vn -0.9898 0.1414 0.0157
vn -0.9947 0.1026 0.0079
vn -0.9947 0.1026 -0.0000
vn -0.9992 0.0393 -0.0001
vn -0.9873 0.1580 0.0158
vn -0.9900 0.1414 -0.0000
vn -0.9947 0.1026 -0.0079
vn -0.9766 0.2127 0.0315
vn -0.9898 0.1414 -0.0157
vn -0.9776 0.2050 0.0473
vn -0.9946 0.1026 -0.0158
vn -0.9915 0.1259 0.0315
vn -0.9992 0.0393 -0.0078
vn -0.9992 0.0393 -0.0079
vn -0.9944 0.1026 -0.0237
vn -0.9991 0.0393 -0.0157
vn -0.9897 0.1414 -0.0236
vn -0.9947 0.0947 -0.0395
vn -0.9942 0.1026 -0.0316
vn -0.9939 0.1026 -0.0394
vn -0.9931 0.1103 -0.0395
vn -0.7110 0.1817 -0.6794
vn -0.6994 0.1807 -0.6915
vn -0.2450 0.1581 -0.9565
vn -0.9905 0.1337 -0.0314
vn -0.9913 0.1259 -0.0393
vn -0.7081 0.1731 -0.6845
vn -0.2289 0.1421 -0.9630
vn -0.2917 -0.3863 -0.8750
vn -0.9883 0.1490 -0.0314
vn -0.7706 -0.1730 -0.6134
vn -0.3068 -0.6770 -0.6690
vn -0.9872 0.1580 -0.0237
vn -0.9879 0.1501 -0.0395
vn -0.9854 0.1656 -0.0394
vn -0.6955 -0.4584 -0.5533
vn -0.0079 -0.8056 -0.5925
vn -0.0000 -0.4504 -0.8928
vn -0.2514 -0.7619 -0.5969
vn -0.0079 -0.8056 -0.5924
vn -0.0000 -0.4936 -0.8697
vn -0.6458 -0.5592 -0.5198
vn -0.0395 -0.9867 -0.1578
vn -0.0079 -0.9980 -0.0629
vn -0.0000 -0.9196 0.3929
vn -0.3148 -0.9286 -0.1967
vn -0.3392 -0.8834 0.3234
vn -0.6239 -0.7582 -0.1895
vn -0.3386 -0.8582 0.3858
vn -0.6394 -0.7262 0.2526
vn -0.9768 0.2048 -0.0630
vn -0.9977 0.0628 -0.0235
vn -0.9776 0.2050 -0.0473
vn -0.9903 0.1335 -0.0393
vn -0.9915 0.1259 -0.0315
vn -0.9766 0.2126 -0.0315
vn -0.9918 0.1259 -0.0236
vn -0.9873 0.1580 -0.0158
vn -0.9770 0.2127 -0.0157
vn -0.9874 0.1580 -0.0000
vn -0.9920 0.1259 -0.0079
vn -0.9770 0.2127 0.0158
vn -0.9771 0.2128 -0.0000
vn -0.9918 0.1259 0.0236
vn -0.9920 0.1260 0.0079
vn -0.9920 0.1260 -0.0000
vn -0.9992 0.0394 -0.0000
vn -0.9989 0.0472 -0.0000
vn -1.0000 0.0079 -0.0000
vn -1.0000 0.0078 -0.0000
vn -0.4659 -0.8607 0.2053
vn -0.4646 -0.8741 0.1417
vn -0.4711 -0.8793 0.0707
vn -0.8154 -0.5724 0.0862
vn -0.4722 -0.8815 -0.0000
vn -0.8175 -0.5739 0.0472
vn -0.8185 -0.5745 -0.0000
vn -0.4711 -0.8793 -0.0707
vn -0.9379 -0.3468 -0.0000
vn -0.8175 -0.5739 -0.0472
vn -0.4646 -0.8741 -0.1417
vn -0.9377 -0.3467 0.0236
vn -0.9377 -0.3467 -0.0236
vn -0.1991 -0.9800 -0.0000
vn -0.2008 -0.9766 0.0771
vn -0.2008 -0.9765 -0.0788
vn -0.9365 -0.3463 0.0551
vn -0.2007 -0.9682 0.1495
vn -0.8185 -0.5587 0.1338
vn -0.9375 -0.3388 0.0788
vn -0.1893 -0.9549 0.2289
vn -0.1882 -0.9333 0.3059
vn -0.4643 -0.8418 0.2754
vn -0.9372 -0.3308 0.1103
vn -0.1891 -0.9062 0.3782
vn -0.8160 -0.5492 0.1805
vn -0.9369 -0.3228 0.1338
vn -0.1889 -0.8736 0.4486
vn -0.4643 -0.8185 0.3384
vn -0.9384 -0.3075 0.1577
vn -0.1973 -0.8448 0.4974
vn -0.8165 -0.5338 0.2198
vn -0.9368 -0.2992 0.1811
vn -0.1891 -0.7958 0.5752
vn -0.8189 -0.5118 0.2598
vn -0.4714 -0.7856 0.4007
vn -0.9940 0.1025 -0.0394
vn -0.9944 0.0947 -0.0473
vn -0.6305 -0.7093 0.3153
vn -0.6291 -0.6921 0.3539
vn -0.3377 -0.8403 0.4241
vn -0.9940 0.0947 -0.0552
vn -0.0000 -0.8533 0.5215
vn -0.0000 -0.8532 0.5215
vn -0.3389 -0.8039 0.4887
vn -0.0000 -0.9126 0.4090
vn -0.0000 -0.9195 0.3930
vn -0.0000 -0.8090 0.5878
vn -0.3383 -0.7631 0.5507
vn -0.6313 -0.6629 0.4025
vn -0.6293 -0.6288 0.4568
vn -0.3377 -0.7147 0.6126
vn -0.6300 -0.5905 0.5044
vn -0.3368 -0.6658 0.6658
vn -0.3382 -0.6291 0.6999
vn -0.0000 -0.6585 0.7526
vn -0.0079 -0.2444 0.9696
vn -0.3382 -0.5821 0.7394
vn -0.0395 -0.1579 0.9867
vn -0.0078 0.3139 0.9494
vn -0.3146 -0.1022 0.9437
vn -0.0079 0.3138 0.9495
vn -0.0000 0.6750 0.7378
vn -0.2511 0.3295 0.9101
vn -0.6453 0.3226 0.6925
vn -0.6228 -0.0552 0.7804
vn -0.6941 0.3866 0.6073
vn -0.9861 0.0868 -0.1419
vn -0.9777 0.1183 -0.1735
vn -0.6379 -0.4646 0.6142
vn -0.9878 0.0790 -0.1343
vn -0.6308 -0.5204 0.5756
vn -0.9873 0.0711 -0.1422
vn -0.6285 -0.5500 0.5500
vn -0.9938 0.0789 -0.0789
vn -0.9944 0.0789 -0.0710
vn -0.9944 0.0710 -0.0789
vn -0.9942 0.0868 -0.0631
vn -0.9977 0.0393 -0.0550
vn -0.9908 0.0786 -0.1101
vn -0.4728 -0.7486 0.4649
vn -0.8195 -0.4886 0.2994
vn -0.4709 -0.7136 0.5186
vn -0.4721 -0.6688 0.5744
vn -0.8185 -0.4643 0.3384
vn -0.9369 -0.2834 0.2047
vn -0.9362 -0.2675 0.2281
vn -0.1966 -0.7314 0.6529
vn -0.8157 -0.4392 0.3765
vn -0.4731 -0.6230 0.6229
vn -0.8165 -0.4082 0.4082
vn -0.9384 -0.2444 0.2444
vn -0.1938 -0.6937 0.6937
vn -0.8156 -0.3765 0.4392
vn -0.9362 -0.2281 0.2675
vn -0.1926 -0.6358 0.7474
vn -0.4659 -0.5765 0.6712
vn -0.8185 -0.3384 0.4643
vn -0.9369 -0.2047 0.2834
vn -0.1922 -0.5749 0.7953
vn -1.0000 -0.0000 0.0001
vn -0.9369 -0.1811 0.2992
vn -0.1933 -0.5115 0.8373
vn -0.8164 -0.2983 0.4945
vn -0.9384 -0.1577 0.3075
vn -0.1968 -0.4441 0.8741
vn -0.4647 -0.5199 0.7168
vn -0.9370 -0.1338 0.3228
vn -0.1968 -0.3745 0.9061
vn -0.8188 -0.2598 0.5119
vn -0.4639 -0.4639 0.7547
vn -1.0000 -0.0000 -0.0079
vn -0.9989 0.0236 -0.0393
vn -1.0000 -0.0000 -0.0078
vn -0.4652 -0.4022 0.7886
vn -0.9919 0.0630 -0.1102
vn -0.9990 0.0236 -0.0393
vn -0.9772 0.1103 -0.1813
vn -0.9774 0.0949 -0.1891
vn -0.9915 0.0551 -0.1180
vn -0.9867 0.0632 -0.1500
vn -0.9772 0.0789 -0.1970
vn -0.9919 0.0472 -0.1181
vn -0.9991 0.0157 -0.0394
vn -0.9768 0.0630 -0.2048
vn -0.4705 -0.3371 0.8154
vn -0.9922 0.0394 -0.1181
vn -0.9875 0.0474 -0.1501
vn -0.9992 0.0079 -0.0394
vn -0.9915 0.0315 -0.1259
vn -0.9776 0.0473 -0.2050
vn -0.9992 0.0079 -0.0393
vn -0.9918 0.0236 -0.1259
vn -0.9879 0.0395 -0.1502
vn -0.9766 0.0315 -0.2126
vn -0.9920 0.0079 -0.1260
vn -0.9992 -0.0000 -0.0393
vn -0.4720 -0.2045 0.8575
vn -0.4646 -0.1418 0.8741
vn -0.4734 -0.2762 0.8364
vn -0.8148 -0.0940 0.5720
vn -0.8160 -0.1805 0.5492
vn -0.8185 -0.1338 0.5588
vn -0.8165 -0.2198 0.5339
vn -0.9372 -0.1103 0.3308
vn -0.1968 -0.3020 0.9328
vn -0.9376 -0.0788 0.3388
vn -0.1971 -0.2278 0.9536
vn -0.9365 -0.0551 0.3463
vn -0.1969 -0.1522 0.9685
vn -0.8176 -0.0472 0.5739
vn -0.9377 -0.0236 0.3467
vn -0.1932 -0.0763 0.9782
vn -0.9379 -0.0000 0.3468
vn -0.1917 0.0006 0.9815
vn -0.4649 -0.0709 0.8825
vn -0.8148 -0.0000 0.5798
vn -0.9377 0.0236 0.3467
vn -0.1940 0.0770 0.9780
vn -0.1932 0.1498 0.9697
vn -0.9365 0.0551 0.3463
vn -0.1962 0.2119 0.9574
vn -0.8176 0.0472 0.5739
vn -0.9376 0.0788 0.3388
vn -0.1882 0.3058 0.9333
vn -0.8185 0.0944 0.5667
vn -0.4649 0.0709 0.8825
vn -0.9372 0.1103 0.3308
vn -0.4661 -0.0000 0.8847
vn -0.9369 0.1339 0.3228
vn -0.1969 0.3938 0.8979
vn -0.9975 -0.0000 -0.0706
vn -0.9947 -0.0079 -0.1026
vn -0.9900 -0.0000 -0.1413
vn -0.6245 -0.4111 0.6641
vn -0.9771 0.0079 -0.2127
vn -0.9770 0.0158 -0.2127
vn -0.9861 0.0158 -0.1657
vn -0.6451 -0.6687 0.3698
vn -0.6409 0.0158 0.7675
vn -0.2515 -0.8017 0.5423
vn -0.3161 -0.4740 0.8218
vn -0.6930 -0.6694 0.2678
vn -0.9872 0.0237 -0.1580
vn -0.9873 0.0158 -0.1580
vn -0.7706 -0.6369 -0.0236
vn -0.9887 0.0157 -0.1491
vn -0.9898 0.0157 -0.1414
vn -0.2911 -0.9520 0.0944
vn -0.3084 -0.8460 0.4349
vn -0.2279 -0.8724 -0.4323
vn -0.0079 -0.8121 0.5834
vn -0.0000 -0.9888 0.1491
vn -0.7075 -0.5975 -0.3774
vn -0.2444 -0.8593 -0.4493
vn -0.0079 -0.8121 0.5835
vn -0.0000 -0.9803 0.1976
vn -0.0393 -0.4563 0.8890
vn -0.0079 -0.3700 0.9290
vn -0.3397 0.0316 0.9400
vn -0.0000 0.0870 0.9962
vn -0.0000 0.1036 0.9946
vn -0.0000 0.1580 0.9874
vn -0.3383 0.0944 0.9363
vn -0.0000 0.2370 0.9715
vn -0.6304 0.0794 0.7722
vn -0.3385 0.1496 0.9290
vn -0.0000 0.2369 0.9715
vn -0.9946 -0.0158 -0.1026
vn -0.6318 0.1185 0.7660
vn -0.3390 0.2207 0.9145
vn -0.9944 -0.0237 -0.1025
vn -0.6296 0.1813 0.7554
vn -0.4707 0.1412 0.8709
vn -0.4721 0.2045 0.8575
vn -0.8184 0.1338 0.5588
vn -0.8160 0.1805 0.5492
vn -0.4735 0.2762 0.8364
vn -0.4736 0.3393 0.8128
vn -0.8165 0.2198 0.5339
vn -0.9942 -0.0316 -0.1026
vn -0.4714 0.4007 0.7856
vn -0.8188 0.2598 0.5118
vn -0.9384 0.1577 0.3075
vn -0.1927 0.4482 0.8729
vn -0.4639 0.4639 0.7548
vn -0.9368 0.1811 0.2992
vn -0.1934 0.5142 0.8356
vn -0.8163 0.2983 0.4945
vn -0.9369 0.2047 0.2834
vn -0.1929 0.5778 0.7930
vn -0.8185 0.3384 0.4643
vn -0.9362 0.2281 0.2675
vn -0.1926 0.6383 0.7453
vn -0.8157 0.3765 0.4392
vn -0.4647 0.5199 0.7168
vn -0.4659 0.5765 0.6712
vn -0.9384 0.2444 0.2444
vn -0.1970 0.6938 0.6927
vn -0.8164 0.4083 0.4083
vn -0.9362 0.2675 0.2281
vn -0.1964 0.7458 0.6365
vn -0.4670 0.6253 0.6252
vn -0.8157 0.4392 0.3765
vn -0.9369 0.2834 0.2047
vn -0.1968 0.7935 0.5759
vn -0.4721 0.6688 0.5744
vn -0.9368 0.2992 0.1811
vn -0.1972 0.8363 0.5116
vn -0.8185 0.4643 0.3384
vn -0.8195 0.4886 0.2995
vn -0.4709 0.7141 0.5180
vn -0.9384 0.3075 0.1577
vn -0.1965 0.8739 0.4447
vn -0.8189 0.5118 0.2598
vn -0.4728 0.7486 0.4649
vn -0.9369 0.3228 0.1339
vn -0.1892 0.9072 0.3758
vn -0.1882 0.9333 0.3058
vn -0.8165 0.5339 0.2198
vn -0.9372 0.3308 0.1103
vn -0.1895 0.9548 0.2289
vn -0.8160 0.5492 0.1805
vn -0.9376 0.3388 0.0788
vn -0.1894 0.9704 0.1499
vn -0.4652 0.7886 0.4022
vn -0.9365 0.3463 0.0551
vn -0.1969 0.9759 0.0944
vn -0.9379 0.3469 0.0079
vn -0.1885 0.9819 0.0157
vn -0.9377 0.3467 0.0236
vn -0.8184 0.5744 0.0157
vn -0.8185 0.5587 0.1340
vn -0.8191 0.5671 0.0866
vn -0.8175 0.5739 0.0472
vn -0.4721 0.8812 0.0236
vn -0.4659 0.8607 0.2053
vn -0.4711 0.8792 0.0707
vn -1.0000 -0.0079 -0.0000
vn -0.4713 0.8718 0.1335
vn -1.0000 -0.0079 0.0002
vn -0.9995 -0.0315 -0.0000
vn -1.0000 -0.0078 -0.0005
vn -0.9939 -0.1104 -0.0067
vn -0.9969 -0.0785 0.0001
vn -0.9939 -0.1104 -0.0000
vn -1.0000 -0.0075 -0.0012
vn -0.9946 -0.1026 -0.0158
vn -0.6311 0.7731 0.0631
vn -0.9658 0.2591 -0.0000
vn -0.8056 0.5924 -0.0000
vn -0.7071 0.7071 -0.0000
vn -0.6285 0.7778 -0.0000
vn -0.4642 0.8418 0.2754
vn -0.4643 0.8185 0.3384
vn -1.0000 -0.0072 -0.0022
vn -1.0000 -0.0061 -0.0033
vn -1.0000 -0.0067 -0.0027
vn -0.9944 -0.1025 -0.0237
vn -0.9991 -0.0394 -0.0157
vn -0.9977 -0.0628 -0.0236
vn -1.0000 -0.0078 -0.0000
vn -0.9989 -0.0393 -0.0236
vn -0.9999 -0.0089 -0.0066
vn -0.9992 -0.0315 -0.0236
vn -0.9999 -0.0081 -0.0076
vn -0.9990 -0.0315 -0.0315
vn -0.9922 -0.1024 -0.0709
vn -0.9977 -0.0392 -0.0550
vn -0.9940 -0.0552 -0.0945
vn -0.9944 -0.0473 -0.0947
vn -0.9940 -0.0392 -0.1025
vn -0.6286 0.3850 0.6757
vn -0.6298 0.2362 0.7400
vn -0.6291 0.3539 0.6921
vn -0.6300 0.2992 0.7166
vn -0.3377 0.2906 0.8953
vn -0.3392 0.3629 0.8679
vn -0.3377 0.4241 0.8403
vn -0.0000 0.5029 0.8643
vn -0.0000 0.5029 0.8644
vn -0.3393 0.4735 0.8128
vn -0.0000 0.5122 0.8589
vn -0.0001 0.5122 0.8588
vn -0.0079 0.8440 0.5363
vn -0.3385 0.5274 0.7793
vn -0.0395 0.8921 0.4501
vn -0.0079 0.9999 -0.0079
vn -0.3152 0.8669 0.3862
vn -0.0079 0.9999 -0.0078
vn -0.6406 0.4350 0.6327
vn -0.6231 0.7256 0.2920
vn -0.9908 -0.0785 -0.1101
vn -0.6466 0.7570 -0.0946
vn -0.9918 -0.0866 -0.0945
vn -0.9771 -0.1339 -0.1655
vn -0.9911 -0.0944 -0.0944
vn -0.9760 -0.1416 -0.1653
vn -0.9918 -0.0944 -0.0866
vn -0.9773 -0.1498 -0.1497
vn -0.9760 -0.1653 -0.1417
vn -0.9768 -0.1733 -0.1260
vn -0.9858 -0.1104 -0.1262
vn -0.9876 -0.1185 -0.1027
vn -0.9877 -0.1106 -0.1106
vn -0.9874 -0.1264 -0.0948
vn -0.9914 -0.1102 -0.0708
vn -0.9772 -0.1813 -0.1103
vn -0.9915 -0.1181 -0.0551
vn -0.9919 -0.1181 -0.0472
vn -0.9774 -0.1892 -0.0946
vn -0.9878 -0.1343 -0.0790
vn -0.9899 -0.1335 -0.0472
vn -0.9772 -0.1970 -0.0788
vn -0.9778 -0.1972 -0.0710
vn -0.6223 0.5042 0.5987
vn -0.9855 -0.1577 -0.0631
vn -0.6405 0.7354 0.2214
vn -0.6468 0.1420 0.7493
vn -0.3154 0.6387 0.7018
vn -0.6276 0.7609 0.1647
vn -0.3382 0.9046 0.2596
vn -0.6318 0.7660 0.1185
vn -0.3382 0.9204 0.1963
vn -0.3385 0.9290 0.1496
vn -0.3390 0.9381 0.0709
vn -0.0000 0.9771 0.2128
vn -0.0000 0.9874 0.1580
vn -0.0000 0.9754 0.2203
vn -0.0000 0.9969 0.0785
vn -0.0079 0.7707 0.6371
vn -0.0395 0.7026 0.7105
vn -0.0079 0.3068 0.9517
vn -0.0079 0.3068 0.9518
vn -0.2522 0.2680 0.9298
vn -0.6944 0.0473 0.7180
vn -0.7708 -0.2202 0.5978
vn -0.2294 -0.6803 0.6961
vn -0.9878 -0.1422 -0.0632
vn -0.2430 -0.6898 0.6820
vn -0.9873 -0.1422 -0.0711
vn -0.9885 -0.1412 -0.0549
vn -0.7066 -0.5417 0.4554
vn -0.7021 -0.5522 0.4496
vn -0.9909 -0.1258 -0.0472
vn -0.9901 -0.1257 -0.0628
vn -0.9905 -0.1258 -0.0550
vn -0.9934 -0.1104 -0.0315
vn -0.7085 -0.5511 0.4408
vn -0.9947 -0.0947 -0.0395
vn -0.9905 -0.1180 -0.0711
vn -0.9944 -0.0946 -0.0474
vn -0.9908 -0.1101 -0.0787
vn -0.9947 -0.0868 -0.0553
vn -0.9942 -0.0868 -0.0631
vn -0.9903 -0.1022 -0.0943
vn -0.9903 -0.0944 -0.1021
vn -0.9944 -0.0789 -0.0710
vn -0.9949 -0.0711 -0.0711
vn -0.9992 -0.0314 -0.0235
vn -0.9996 -0.0229 -0.0166
vn -0.9991 -0.0393 -0.0157
vn -0.9994 -0.0315 -0.0157
vn -0.9994 -0.0315 -0.0158
vn -0.1103 0.9452 0.3072
vn -0.9942 -0.1026 -0.0316
vn -0.9942 -0.1027 -0.0315
vn -0.0000 0.8085 -0.5886
vn -0.1099 0.8006 -0.5890
vn -0.0000 0.5883 -0.8086
vn -0.1104 0.8044 0.5837
vn -0.1104 0.5836 0.8045
vn -0.9994 -0.0236 -0.0236
vn -0.9990 -0.0314 -0.0314
vn -0.1100 -0.5888 0.8008
vn -0.9996 -0.0157 -0.0236
vn -0.1105 -0.8045 0.5836
vn -0.9996 -0.0158 -0.0236
vn -0.9998 -0.0157 -0.0157
vn -0.0000 -0.9518 -0.3069
vn -0.9997 -0.0158 -0.0158
vn -0.1181 -0.9444 -0.3069
vn -0.9998 -0.0079 -0.0157
vn -0.1182 -0.8038 -0.5831
vn -0.9998 -0.0080 -0.0157
vn -0.9998 -0.0079 -0.0158
vn -0.9999 -0.0079 -0.0078
vn -0.9999 -0.0078 -0.0079
vn -0.3702 0.5908 0.7168
vn -0.3719 0.4983 0.7832
vn -0.3697 0.6764 0.6370
vn -0.9998 -0.0078 -0.0158
vn -0.3698 0.3934 0.8417
vn -0.9999 -0.0079 -0.0079
vn -0.9998 -0.0078 -0.0157
vn -0.3710 0.2842 0.8841
vn -0.9998 -0.0157 -0.0080
vn -0.3718 0.7511 0.5456
vn -0.9998 -0.0158 -0.0079
vn -0.3708 0.8126 0.4496
vn -0.9998 -0.0158 -0.0078
vn -0.9998 -0.0157 -0.0079
vn -0.3698 0.8653 0.3383
vn -0.1183 -0.5831 -0.8038
vn -0.9999 -0.0157 -0.0001
vn -0.3710 0.9000 0.2289
vn -0.1104 0.3072 -0.9452
vn -0.9997 -0.0236 -0.0079
vn -0.9997 -0.0236 -0.0078
vn -0.9997 -0.0236 -0.0080
vn -0.9997 -0.0235 -0.0079
vn -0.9995 -0.0315 -0.0079
vn -0.9997 -0.0236 -0.0000
vn -0.9999 -0.0158 -0.0000
vn -0.3702 0.9214 0.1181
vn -0.9999 -0.0158 0.0001
vn -0.3700 0.9290 -0.0000
vn -0.3701 0.9214 -0.1182
vn -0.2128 -0.9771 0.0002
vn -0.2125 -0.4958 -0.8420
vn -0.2052 -0.0079 -0.9787
vn -0.9992 -0.0393 0.0079
vn -0.0000 -0.4971 -0.8677
vn -0.0000 -0.8623 -0.5064
vn -0.2050 -0.8434 -0.4966
vn -0.2052 0.4813 -0.8522
vn -0.2049 -0.8434 0.4967
vn -0.0000 -0.8623 0.5064
vn -0.2125 -0.4958 0.8420
vn -0.0000 -0.4971 0.8677
vn -0.2052 -0.0079 0.9787
vn -0.0000 0.0001 1.0000
vn -0.2052 0.4813 0.8522
vn -0.9992 -0.0393 -0.0078
vn -0.2051 0.8434 0.4966
vn -0.0001 0.8643 0.5029
vn -0.2128 0.9771 -0.0000
vn -0.0000 0.8643 -0.5029
vn -0.2051 0.8434 -0.4966
vn -0.9995 -0.0314 -0.0000
vn -0.9992 -0.0393 -0.0000
vn -0.9992 -0.0395 -0.0000
vn -0.9947 -0.1027 -0.0000
vn -0.9947 -0.1027 0.0079
vn -0.9947 -0.1026 -0.0079
vn -0.9946 -0.1027 -0.0158
vn -0.6912 -0.7227 -0.0000
vn -0.9992 -0.0393 -0.0079
vn -0.9944 -0.1026 -0.0237
vn -0.6951 -0.7188 -0.0079
vn -0.7264 -0.6869 0.0237
vn -0.7557 -0.5825 0.2992
vn -0.2827 -0.9581 0.0471
vn -0.2604 -0.6944 0.6708
vn -0.2926 -0.8303 0.4744
vn -0.0000 -0.6871 0.7265
vn -0.0000 -0.8498 0.5272
vn -0.0000 -0.8554 0.5180
vn -0.0000 -0.9999 0.0158
vn -0.0079 -0.9999 0.0079
vn -0.0079 -1.0000 -0.0000
vn -0.2684 -0.9633 -0.0000
vn -0.2591 -0.9658 -0.0000
vn -0.2591 -0.9659 -0.0000
vn -0.0079 -0.9999 -0.0079
vn -0.6951 -0.7188 0.0079
vn -0.2827 -0.9581 -0.0471
vn -0.0000 -0.9999 -0.0158
vn -0.0000 -0.8554 -0.5180
vn -0.2926 -0.8303 -0.4744
vn -0.7264 -0.6869 -0.0237
vn -0.9946 -0.1027 0.0158
vn -0.7558 -0.5825 -0.2992
vn -0.9942 -0.1026 0.0316
vn -0.9944 -0.1026 0.0237
vn -0.9942 -0.1027 0.0315
vn -0.2604 -0.6944 -0.6708
vn -0.7085 -0.5511 -0.4408
vn -0.0000 -0.6871 -0.7266
vn -0.0000 -0.8498 -0.5272
vn -0.0000 -0.6871 -0.7265
vn -0.2430 -0.6898 -0.6820
vn -0.7021 -0.5522 -0.4496
vn -0.2294 -0.6803 -0.6961
vn -0.9934 -0.1104 0.0315
vn -0.7066 -0.5416 -0.4554
vn -0.9947 -0.0947 0.0395
vn -0.9909 -0.1259 0.0472
vn -0.9905 -0.1258 0.0549
vn -0.9885 -0.1412 0.0549
vn -0.7708 -0.2202 -0.5978
vn -0.2906 -0.2043 -0.9348
vn -0.9901 -0.1257 0.0628
vn -0.6944 0.0473 -0.7181
vn -0.3079 0.1500 -0.9395
vn -0.9878 -0.1422 0.0632
vn -0.9855 -0.1577 0.0631
vn -0.9873 -0.1422 0.0711
vn -0.6468 0.1421 -0.7493
vn -0.9774 -0.1892 0.0946
vn -0.2522 0.2679 -0.9298
vn -0.9772 -0.1970 0.0788
vn -0.0079 0.3068 -0.9518
vn -0.0000 -0.1580 -0.9874
vn -0.0000 -0.6870 -0.7266
vn -0.0079 0.3067 -0.9518
vn -0.0079 0.3068 -0.9517
vn -0.3154 0.6387 -0.7018
vn -0.0395 0.7026 -0.7105
vn -0.0079 0.7708 -0.6371
vn -0.0000 0.9754 -0.2203
vn -0.0000 0.9754 -0.2202
vn -0.3382 0.9046 -0.2596
vn -0.0001 0.9771 -0.2128
vn -0.0000 0.9874 -0.1580
vn -0.3382 0.9203 -0.1966
vn -0.0000 0.9969 -0.0785
vn -0.3385 0.9290 -0.1496
vn -0.3390 0.9381 -0.0709
vn -0.3373 0.9414 -0.0000
vn -0.6311 0.7731 -0.0631
vn -0.7071 0.7071 -0.0001
vn -0.8057 0.5924 -0.0000
vn -0.9939 -0.1103 -0.0000
vn -0.6318 0.7660 -0.1185
vn -0.9939 -0.1103 0.0079
vn -0.9969 -0.0785 -0.0001
vn -0.9995 -0.0315 -0.0001
vn -0.6276 0.7609 -0.1647
vn -0.9946 -0.1026 0.0158
vn -0.6405 0.7354 -0.2214
vn -0.4710 0.8793 -0.0707
vn -0.4721 0.8812 -0.0236
vn -0.4713 0.8718 -0.1335
vn -0.8175 0.5739 -0.0472
vn -0.8184 0.5744 -0.0158
vn -0.4659 0.8607 -0.2053
vn -0.9377 0.3467 -0.0236
vn -0.9379 0.3468 -0.0079
vn -0.8191 0.5671 -0.0866
vn -0.1969 0.9759 -0.0944
vn -0.1885 0.9819 -0.0157
vn -0.9365 0.3463 -0.0551
vn -0.1894 0.9704 -0.1499
vn -0.8184 0.5588 -0.1338
vn -0.9376 0.3388 -0.0788
vn -0.1895 0.9546 -0.2299
vn -0.4642 0.8418 -0.2754
vn -0.9372 0.3308 -0.1103
vn -0.1882 0.9339 -0.3039
vn -0.8160 0.5493 -0.1804
vn -0.9369 0.3228 -0.1339
vn -0.1891 0.9072 -0.3758
vn -0.1965 0.8722 -0.4479
vn -0.9384 0.3075 -0.1577
vn -0.1972 0.8358 -0.5125
vn -0.8165 0.5339 -0.2198
vn -0.9368 0.2992 -0.1811
vn -0.1967 0.7946 -0.5743
vn -0.8189 0.5118 -0.2598
vn -0.4643 0.8185 -0.3384
vn -0.4652 0.7885 -0.4022
vn -0.8195 0.4886 -0.2994
vn -0.9369 0.2834 -0.2047
vn -0.1964 0.7461 -0.6362
vn -0.4728 0.7486 -0.4649
vn -0.9362 0.2675 -0.2281
vn -0.1970 0.6933 -0.6932
vn -0.8185 0.4643 -0.3384
vn -0.9384 0.2444 -0.2444
vn -0.1926 0.6367 -0.7467
vn -0.8157 0.4392 -0.3765
vn -0.8164 0.4083 -0.4083
vn -0.9361 0.2282 -0.2675
vn -0.1929 0.5748 -0.7952
vn -0.8157 0.3765 -0.4392
vn -0.9369 0.2047 -0.2834
vn -0.1933 0.5129 -0.8364
vn -0.4670 0.6253 -0.6252
vn -0.9368 0.1811 -0.2992
vn -0.1927 0.4482 -0.8729
vn -0.8185 0.3384 -0.4643
vn -0.9384 0.1577 -0.3075
vn -0.1968 0.3938 -0.8979
vn -0.8164 0.2983 -0.4945
vn -0.4659 0.5765 -0.6713
vn -0.4647 0.5199 -0.7168
vn -0.8188 0.2598 -0.5118
vn -0.9370 0.1338 -0.3228
vn -0.4639 0.4639 -0.7547
vn -0.9372 0.1103 -0.3308
vn -0.8160 0.1805 -0.5492
vn -0.8165 0.2198 -0.5339
vn -0.4714 0.4007 -0.7856
vn -0.4735 0.3393 -0.8128
vn -0.8184 0.1338 -0.5588
vn -0.4734 0.2762 -0.8364
vn -1.0000 -0.0011 0.0074
vn -1.0000 -0.0028 0.0065
vn -0.9940 -0.0392 0.1025
vn -1.0000 -0.0029 0.0061
vn -0.9944 -0.0473 0.0947
vn -0.6286 0.3850 -0.6757
vn -0.9940 -0.0552 0.0946
vn -0.6406 0.4350 -0.6327
vn -1.0000 -0.0000 0.0077
vn -0.9977 -0.0393 0.0550
vn -0.9908 -0.0785 0.1101
vn -0.9999 -0.0078 0.0079
vn -0.9918 -0.0866 0.0945
vn -0.9910 -0.0944 0.0944
vn -0.9760 -0.1653 0.1417
vn -0.9918 -0.0944 0.0866
vn -0.4721 0.6688 -0.5744
vn -0.4709 0.7141 -0.5180
vn -0.9992 -0.0315 0.0236
vn -1.0000 -0.0052 0.0043
vn -0.9989 -0.0393 0.0236
vn -0.9922 -0.1024 0.0709
vn -1.0000 -0.0060 0.0036
vn -0.9768 -0.1734 0.1260
vn -1.0000 -0.0067 0.0027
vn -1.0000 -0.0072 0.0022
vn -0.9914 -0.1102 0.0708
vn -0.9915 -0.1180 0.0551
vn -0.9772 -0.1813 0.1104
vn -0.9874 -0.1264 0.0948
vn -0.9878 -0.1343 0.0790
vn -0.9919 -0.1181 0.0472
vn -0.9778 -0.1972 0.0710
vn -0.9899 -0.1336 0.0472
vn -0.6224 0.5042 -0.5987
vn -0.9978 -0.0628 0.0236
vn -0.9905 -0.1180 0.0711
vn -0.9944 -0.0946 0.0474
vn -0.9947 -0.0868 0.0553
vn -0.0079 -0.3162 -0.9487
vn -0.0079 -0.3068 -0.9517
vn -0.0078 -0.3139 -0.9494
vn -0.2591 -0.2984 -0.9186
vn -0.2683 -0.2999 -0.9155
vn -0.0079 -0.3163 -0.9486
vn -0.0000 -0.3233 -0.9463
vn -0.0000 -0.7565 -0.6540
vn -0.2834 -0.3385 -0.8973
vn -0.2922 -0.7108 -0.6399
vn -0.6936 -0.2207 -0.6857
vn -0.7253 -0.2365 -0.6465
vn -0.6899 -0.2195 -0.6899
vn -0.9944 -0.0237 -0.1027
vn -0.9950 -0.0316 -0.0947
vn -0.9947 -0.0395 -0.0947
vn -0.6923 -0.2282 -0.6846
vn -0.2670 -0.2906 -0.9188
vn -0.9944 -0.0474 -0.0948
vn -0.0079 -0.2996 -0.9540
vn -0.7251 -0.1892 -0.6621
vn -0.2825 -0.2511 -0.9258
vn -0.0000 -0.2996 -0.9541
vn -0.0000 0.2277 -0.9737
vn -0.2911 0.1967 -0.9363
vn -0.2600 0.4255 -0.8668
vn -0.7557 0.1102 -0.6455
vn -0.0000 0.2444 -0.9697
vn -0.7075 0.2516 -0.6604
vn -0.6985 0.2590 -0.6671
vn -0.9942 -0.0631 -0.0869
vn -0.7083 0.2676 -0.6532
vn -0.9935 -0.0631 -0.0947
vn -0.9916 -0.0787 -0.1023
vn -0.9942 -0.0631 -0.0868
vn -0.9947 -0.0553 -0.0868
vn -0.9989 -0.0236 -0.0393
vn -0.9992 -0.0235 -0.0314
vn -0.9943 -0.0710 -0.0789
vn -0.9910 -0.0865 -0.1022
vn -0.9878 -0.1019 -0.1176
vn -0.9876 -0.1026 -0.1185
vn -0.7700 0.5028 -0.3928
vn -0.6915 0.6994 -0.1807
vn -0.2517 0.9673 -0.0315
vn -0.0000 0.9096 -0.4156
vn -0.9991 -0.0157 -0.0393
vn -0.9991 -0.0157 -0.0392
vn -0.9997 -0.0079 -0.0236
vn -0.9992 -0.0079 -0.0393
vn -0.9995 -0.0100 -0.0307
vn -0.9995 -0.0079 -0.0315
vn -0.9992 -0.0078 -0.0393
vn -0.2128 0.2995 0.9300
vn -0.2053 0.7341 0.6473
vn -0.2044 0.9590 0.1965
vn -0.2048 0.9293 -0.3072
vn -0.0000 0.9771 0.2127
vn -0.0000 0.9517 -0.3069
vn -0.0000 0.7489 0.6627
vn -0.0000 0.6704 -0.7420
vn -0.0000 -0.2128 0.9771
vn -0.2117 0.6508 -0.7292
vn 0.0001 0.2128 -0.9771
vn -0.2054 -0.2132 0.9552
vn -0.0000 -0.6669 0.7452
vn -0.2056 0.2065 -0.9566
vn -0.2043 -0.6600 0.7229
vn -0.0000 -0.9495 0.3138
vn -0.9995 -0.0078 -0.0315
vn -0.2054 -0.9316 0.3000
vn -0.0000 -0.9787 -0.2054
vn -0.2128 -0.9536 -0.2128
vn -0.0000 -0.7493 -0.6622
vn -0.9997 -0.0080 -0.0236
vn -0.2042 -0.7304 -0.6518
vn -0.2129 -0.2995 -0.9301
vn -0.9997 -0.0000 -0.0236
vn -0.9999 -0.0000 -0.0157
vn -0.3699 0.1731 0.9128
vn -0.3695 0.0550 0.9276
vn -0.3695 -0.0550 0.9276
vn -0.3698 -0.1731 0.9128
vn -0.3710 -0.2842 0.8841
vn -0.9999 -0.0000 -0.0158
vn -0.9998 0.0079 -0.0157
vn -0.3698 -0.3934 0.8417
vn -0.9999 0.0001 -0.0157
vn -0.9998 0.0078 -0.0157
vn -0.3719 -0.4983 0.7832
vn -0.1180 0.3069 -0.9444
vn -0.9998 0.0079 -0.0158
vn -0.1183 -0.0000 -0.9930
vn -0.9998 0.0157 -0.0158
vn -0.1104 -0.5836 -0.8045
vn -0.1183 0.5831 -0.8037
vn -0.1104 0.9939 -0.0079
vn -0.1104 0.8045 0.5836
vn -0.9995 -0.0000 -0.0315
vn -0.9995 -0.0000 -0.0314
vn -0.9995 0.0079 -0.0315
vn -0.1104 -0.5836 0.8045
vn -0.9994 0.0158 -0.0315
vn -0.9994 0.0157 -0.0315
vn -0.0000 -0.9517 -0.3069
vn -0.9996 0.0158 -0.0236
vn -0.1100 -0.8008 -0.5888
vn -0.9991 0.0157 -0.0393
vn -0.9944 0.0473 -0.0947
vn -0.9991 0.0157 -0.0392
vn -0.9901 0.0629 -0.1257
vn -0.9905 0.0550 -0.1258
vn -0.9947 0.0395 -0.0947
vn -0.9903 0.0393 -0.1336
vn -0.9942 0.0316 -0.1026
vn -0.9905 0.0311 -0.1342
vn -0.9944 0.0237 -0.1026
vn -0.9946 0.0158 -0.1026
vn -0.9947 0.0079 -0.1026
vn -0.9909 0.0157 -0.1337
vn -0.9910 0.0079 -0.1337
vn -0.9939 -0.0000 -0.1104
vn -0.7014 -0.5990 -0.3862
vn -0.9947 -0.0000 -0.1026
vn -0.2609 -0.8538 -0.4506
vn -0.0000 -0.9021 -0.4315
vn -0.7087 -0.5906 -0.3858
vn -0.7575 -0.4656 -0.4576
vn -0.0000 -0.9022 -0.4314
vn -0.9939 -0.0079 -0.1105
vn -0.9995 0.0001 -0.0315
vn 0.4240 0.9029 -0.0707
vn 0.4250 0.9052 -0.0000
vn 0.4565 0.8897 -0.0000
vn 0.4268 0.8931 -0.1423
vn 0.4552 0.8791 -0.1413
vn 0.4158 0.8863 -0.2038
vn 0.3786 0.8834 -0.2761
vn 0.4019 0.8825 -0.2443
vn 0.3609 0.8632 -0.3531
vn 0.3307 0.8425 -0.4252
vn 0.4004 0.8164 -0.4161
vn 0.3550 0.7967 -0.4891
vn 0.3298 0.7618 -0.5576
vn 0.3941 0.7409 -0.5438
vn 0.3552 0.7103 -0.6077
vn 0.3298 0.6675 -0.6675
vn 0.4026 0.6473 -0.6473
vn 0.3617 0.5976 -0.7156
vn 0.3778 0.5352 -0.7556
vn 0.4019 0.5043 -0.7643
vn 0.4163 0.4713 -0.7776
vn 0.4266 0.4108 -0.8058
vn 0.4562 0.4011 -0.7944
vn 0.4257 0.3469 -0.8357
vn 0.4266 0.2765 -0.8611
vn 0.4549 0.2746 -0.8471
vn 0.4244 0.2122 -0.8803
vn 0.4268 0.1423 -0.8931
vn 0.4552 0.1412 -0.8791
vn 0.4172 0.0787 -0.9054
vn 0.3767 0.0157 -0.9262
vn 0.4022 0.0394 -0.9147
vn 0.3623 -0.0709 -0.9294
vn 0.3315 -0.1500 -0.9315
vn 0.4013 -0.1416 -0.9049
vn 0.3555 -0.2211 -0.9082
vn 0.3307 -0.2913 -0.8976
vn 0.3939 -0.2836 -0.8743
vn 0.3541 -0.3541 -0.8656
vn 0.3307 -0.4252 -0.8425
vn 0.4004 -0.4161 -0.8164
vn 0.3605 -0.4937 -0.7914
vn 0.3773 -0.5582 -0.7390
vn 0.4023 -0.5681 -0.7179
vn 0.4170 -0.5979 -0.6846
vn 0.4264 -0.6396 -0.6396
vn 0.4562 -0.6292 -0.6292
vn 0.4255 -0.6855 -0.5908
vn 0.4262 -0.7340 -0.5288
vn 0.4585 -0.7194 -0.5218
vn 0.4253 -0.7719 -0.4726
vn 0.4266 -0.8058 -0.4108
vn 0.4562 -0.7944 -0.4011
vn 0.4180 -0.8362 -0.3550
vn 0.3787 -0.8756 -0.2998
vn 0.4012 -0.8574 -0.3225
vn 0.3622 -0.9056 -0.2205
vn 0.3315 -0.9314 -0.1500
vn 0.4013 -0.9049 -0.1416
vn 0.3554 -0.9320 -0.0711
vn 0.3304 -0.9438 -0.0000
vn 0.3930 -0.9196 -0.0000
vn 0.3554 -0.9320 0.0711
vn 0.3315 -0.9314 0.1500
vn 0.4013 -0.9049 0.1416
vn 0.3622 -0.9056 0.2205
vn 0.3787 -0.8756 0.2998
vn 0.4022 -0.8595 0.3154
vn 0.4180 -0.8362 0.3550
vn 0.4266 -0.8058 0.4108
vn 0.4562 -0.7944 0.4011
vn 0.4253 -0.7719 0.4726
vn 0.4262 -0.7340 0.5288
vn 0.4585 -0.7194 0.5218
vn 0.4255 -0.6855 0.5908
vn 0.4264 -0.6396 0.6396
vn 0.4562 -0.6292 0.6292
vn 0.4169 -0.5979 0.6846
vn 0.3773 -0.5582 0.7390
vn 0.4023 -0.5681 0.7179
vn 0.3605 -0.4937 0.7914
vn 0.3307 -0.4252 0.8425
vn 0.4004 -0.4161 0.8164
vn 0.3541 -0.3541 0.8656
vn 0.3307 -0.2913 0.8976
vn 0.3939 -0.2836 0.8743
vn 0.3554 -0.2211 0.9082
vn 0.3315 -0.1500 0.9314
vn 0.4013 -0.1416 0.9049
vn 0.3623 -0.0709 0.9294
vn 0.3768 0.0157 0.9262
vn 0.4022 0.0394 0.9147
vn 0.4173 0.0787 0.9054
vn 0.4268 0.1423 0.8931
vn 0.4553 0.1413 0.8791
vn 0.4244 0.2122 0.8803
vn 0.4266 0.2765 0.8611
vn 0.4550 0.2746 0.8471
vn 0.4257 0.3469 0.8357
vn 0.4266 0.4108 0.8058
vn 0.4562 0.4011 0.7944
vn 0.4163 0.4713 0.7776
vn 0.3778 0.5352 0.7556
vn 0.4019 0.5043 0.7643
vn 0.3617 0.5976 0.7156
vn 0.3298 0.6675 0.6675
vn 0.4026 0.6473 0.6473
vn 0.3552 0.7103 0.6077
vn 0.3298 0.7618 0.5576
vn 0.3941 0.7409 0.5438
vn 0.3550 0.7967 0.4891
vn 0.3307 0.8425 0.4252
vn 0.4004 0.8164 0.4161
vn 0.3610 0.8631 0.3531
vn 0.3786 0.8834 0.2761
vn 0.4019 0.8825 0.2443
vn 0.4158 0.8863 0.2038
vn 0.4268 0.8931 0.1423
vn 0.4552 0.8791 0.1413
vn 0.4240 0.9029 0.0707
vn -0.0000 0.8896 0.4567
vn -0.0000 0.4566 0.8896
vn -0.0000 -0.4566 0.8896
vn -0.0000 -0.9874 0.1580
vn -0.0000 -0.9874 -0.1580
vn -0.0000 -0.9875 -0.1579
vn -0.0000 0.1579 -0.9875
vn -0.0000 0.8896 -0.4567
vn -0.0000 0.9518 -0.3069
vn -0.0000 -0.8896 -0.4567
vn -0.0000 -0.8897 -0.4565
vn -0.0000 -0.4567 -0.8896
vn -0.0000 -0.1579 -0.9875
vn -0.0000 0.4566 -0.8896
vn -0.0000 0.8897 -0.4565
vn -0.0000 0.9875 -0.1579
vn -0.0000 0.9875 0.1579
vn -0.8937 -0.4429 -0.0712
vn -0.8928 -0.4504 -0.0000
vn -0.8931 -0.4268 -0.1423
vn -0.8921 -0.4026 -0.2052
vn -0.8922 -0.3632 -0.2685
vn -0.8922 -0.3632 -0.2684
vn -0.8942 -0.3165 -0.3165
vn -0.8942 -0.3166 -0.3165
vn -0.8922 -0.2685 -0.3632
vn -0.8921 -0.2052 -0.4026
vn -0.8921 -0.2053 -0.4026
vn -0.8931 -0.1423 -0.4268
vn -0.8937 -0.0712 -0.4429
vn -0.8937 -0.0712 -0.4430
vn -0.8928 -0.0000 -0.4504
vn -0.8937 0.0712 -0.4429
vn -0.8937 0.0712 -0.4430
vn -0.8931 0.1423 -0.4268
vn -0.8921 0.2052 -0.4026
vn -0.8921 0.2053 -0.4026
vn -0.8922 0.2685 -0.3632
vn -0.8942 0.3166 -0.3165
vn -0.8942 0.3165 -0.3165
vn -0.8922 0.3632 -0.2684
vn -0.8922 0.3632 -0.2685
vn -0.8921 0.4026 -0.2052
vn -0.8921 0.4026 -0.2053
vn -0.8931 0.4268 -0.1423
vn -0.8937 0.4429 -0.0712
vn -0.8928 0.4504 -0.0000
vn -0.8937 0.4429 0.0712
vn -0.8931 0.4268 0.1423
vn -0.8921 0.4026 0.2052
vn -0.8921 0.4026 0.2053
vn -0.8922 0.3632 0.2685
vn -0.8922 0.3632 0.2684
vn -0.8942 0.3165 0.3165
vn -0.8942 0.3166 0.3165
vn -0.8922 0.2685 0.3632
vn -0.8922 0.2684 0.3632
vn -0.8921 0.2053 0.4026
vn -0.8921 0.2052 0.4026
vn -0.8931 0.1423 0.4268
vn -0.8937 0.0712 0.4429
vn -0.8937 0.0712 0.4430
vn -0.8928 -0.0000 0.4504
vn -0.8937 -0.0712 0.4429
vn -0.8937 -0.0712 0.4430
vn -0.8931 -0.1423 0.4268
vn -0.8921 -0.2052 0.4026
vn -0.8921 -0.2053 0.4026
vn -0.8922 -0.2684 0.3632
vn -0.8922 -0.2685 0.3632
vn -0.8942 -0.3166 0.3165
vn -0.8942 -0.3165 0.3165
vn -0.8922 -0.3632 0.2684
vn -0.8922 -0.3632 0.2685
vn -0.8921 -0.4026 0.2052
vn -0.8921 -0.4026 0.2053
vn -0.8931 -0.4268 0.1423
vn -0.8937 -0.4429 0.0712
vn 0.8971 -0.4407 0.0315
vn 0.8928 -0.4504 -0.0000
vn 0.8976 -0.4409 -0.0000
vn 0.8984 -0.4335 0.0709
vn 0.8937 -0.4429 0.0712
vn 0.8959 -0.4323 0.1022
vn 0.8986 -0.4178 0.1340
vn 0.8931 -0.4268 0.1423
vn 0.8973 -0.4093 0.1653
vn 0.8979 -0.3938 0.1969
vn 0.8921 -0.4026 0.2052
vn 0.8973 -0.3778 0.2283
vn 0.8982 -0.3545 0.2600
vn 0.8922 -0.3632 0.2685
vn 0.8973 -0.3385 0.2834
vn 0.9001 -0.3080 0.3080
vn 0.8942 -0.3165 0.3165
vn 0.8973 -0.2834 0.3385
vn 0.8982 -0.2600 0.3545
vn 0.8922 -0.2685 0.3632
vn 0.8973 -0.2283 0.3778
vn 0.8978 -0.1969 0.3938
vn 0.8921 -0.2052 0.4026
vn 0.8973 -0.1653 0.4093
vn 0.8986 -0.1340 0.4178
vn 0.8931 -0.1423 0.4268
vn 0.8959 -0.1022 0.4323
vn 0.8984 -0.0709 0.4334
vn 0.8937 -0.0712 0.4429
vn 0.8971 -0.0315 0.4407
vn 0.8976 -0.0000 0.4409
vn 0.8928 -0.0000 0.4504
vn 0.8971 0.0315 0.4407
vn 0.8984 0.0709 0.4335
vn 0.8937 0.0712 0.4429
vn 0.8959 0.1022 0.4323
vn 0.8986 0.1340 0.4178
vn 0.8931 0.1423 0.4268
vn 0.8973 0.1653 0.4093
vn 0.8979 0.1969 0.3938
vn 0.8921 0.2052 0.4026
vn 0.8973 0.2283 0.3778
vn 0.8982 0.2600 0.3545
vn 0.8922 0.2685 0.3632
vn 0.8973 0.2834 0.3385
vn 0.9001 0.3080 0.3080
vn 0.8942 0.3165 0.3165
vn 0.8973 0.3385 0.2834
vn 0.8982 0.3545 0.2600
vn 0.8922 0.3632 0.2685
vn 0.8973 0.3778 0.2283
vn 0.8979 0.3938 0.1969
vn 0.8921 0.4026 0.2052
vn 0.8973 0.4093 0.1653
vn 0.8986 0.4178 0.1340
vn 0.8931 0.4268 0.1423
vn 0.8959 0.4323 0.1022
vn 0.8984 0.4335 0.0709
vn 0.8937 0.4429 0.0712
vn 0.8971 0.4407 0.0315
vn 0.8976 0.4409 -0.0000
vn 0.8928 0.4504 -0.0000
vn 0.8971 0.4407 -0.0315
vn 0.8984 0.4335 -0.0709
vn 0.8937 0.4429 -0.0712
vn 0.8959 0.4323 -0.1022
vn 0.8986 0.4178 -0.1340
vn 0.8931 0.4268 -0.1423
vn 0.8973 0.4093 -0.1653
vn 0.8979 0.3938 -0.1969
vn 0.8921 0.4026 -0.2052
vn 0.8973 0.3778 -0.2283
vn 0.8982 0.3545 -0.2600
vn 0.8922 0.3632 -0.2685
vn 0.8973 0.3385 -0.2834
vn 0.9002 0.3080 -0.3080
vn 0.8942 0.3165 -0.3165
vn 0.8973 0.2834 -0.3385
vn 0.8982 0.2600 -0.3545
vn 0.8922 0.2685 -0.3632
vn 0.8973 0.2283 -0.3778
vn 0.8979 0.1969 -0.3938
vn 0.8921 0.2052 -0.4026
vn 0.8973 0.1653 -0.4093
vn 0.8986 0.1340 -0.4178
vn 0.8931 0.1423 -0.4268
vn 0.8959 0.1022 -0.4323
vn 0.8984 0.0709 -0.4335
vn 0.8937 0.0712 -0.4429
vn 0.8971 0.0315 -0.4407
vn 0.8976 -0.0000 -0.4409
vn 0.8928 -0.0000 -0.4504
vn 0.8971 -0.0315 -0.4407
vn 0.8984 -0.0709 -0.4335
vn 0.8937 -0.0712 -0.4429
vn 0.8959 -0.1022 -0.4323
vn 0.8986 -0.1340 -0.4178
vn 0.8931 -0.1423 -0.4268
vn 0.8973 -0.1653 -0.4093
vn 0.8979 -0.1969 -0.3938
vn 0.8921 -0.2052 -0.4026
vn 0.8973 -0.2283 -0.3778
vn 0.8982 -0.2600 -0.3545
vn 0.8922 -0.2685 -0.3632
vn 0.8973 -0.2834 -0.3385
vn 0.9002 -0.3080 -0.3080
vn 0.8942 -0.3165 -0.3165
vn 0.8973 -0.3385 -0.2834
vn 0.8982 -0.3545 -0.2600
vn 0.8922 -0.3632 -0.2685
vn 0.8973 -0.3778 -0.2283
vn 0.8979 -0.3938 -0.1969
vn 0.8921 -0.4026 -0.2052
vn 0.8973 -0.4093 -0.1653
vn 0.8986 -0.4178 -0.1340
vn 0.8931 -0.4268 -0.1423
vn 0.8959 -0.4323 -0.1022
vn 0.8984 -0.4334 -0.0709
vn 0.8937 -0.4429 -0.0712
vn 0.8971 -0.4407 -0.0315
vn -0.0552 -0.4962 -0.8665
vn 0.0551 0.4962 0.8664
vn 0.0551 0.4963 0.8664
vn 0.0949 0.8619 0.4982
vn 0.0948 0.8619 0.4982
vn 0.1026 0.9947 -0.0000
vn 0.1027 0.9947 -0.0000
vn 0.0949 0.8619 -0.4982
vn 0.0949 0.8619 -0.4981
vn 0.0551 0.4963 -0.8664
vn 0.0551 0.4962 -0.8664
vn 0.9980 -0.0630 -0.0000
vn 0.9980 -0.0629 -0.0000
vn 0.9980 -0.0628 -0.0000
vn 0.9980 -0.0628 -0.0002
vn 0.9980 -0.0629 -0.0002
vn 0.9980 -0.0629 -0.0001
vn 0.9980 -0.0630 -0.0001
vn 0.9980 -0.0629 0.0002
vn 0.9980 -0.0628 0.0002
vn 0.0949 0.8619 0.4981
vn 0.0551 0.4962 -0.8665
vn -0.0000 -0.1951 0.9808
vn -0.9918 0.0236 -0.1258
vn -0.9920 -0.0000 -0.1259
vn -0.1651 0.0787 0.9831
vn -0.0000 0.0785 0.9969
vn -0.1650 0.1570 0.9737
vn -0.9920 -0.0079 -0.1259
vn -0.1652 0.2281 0.9595
vn -0.9918 -0.0236 -0.1258
vn -0.1654 0.3072 0.9372
vn -0.0000 0.3862 0.9224
vn -0.9915 -0.0315 -0.1259
vn -0.1650 0.3771 0.9113
vn -0.9913 -0.0393 -0.1259
vn -0.1648 0.4474 0.8790
vn -0.0000 0.5215 0.8533
vn -0.9919 -0.0472 -0.1181
vn -0.1654 0.5120 0.8429
vn -0.9915 -0.0551 -0.1179
vn -0.1654 0.5829 0.7956
vn -0.0000 0.6456 0.7637
vn -0.9914 -0.0708 -0.1102
vn -0.1660 0.6398 0.7504
vn -0.1646 0.6975 0.6974
vn -0.0000 0.7637 0.6456
vn -0.1660 0.7504 0.6398
vn -0.0000 0.8085 0.5884
vn -0.9925 -0.0866 -0.0866
vn -0.1654 0.7956 0.5829
vn -0.0000 0.8532 0.5216
vn -0.9918 -0.0945 -0.0866
vn -0.1654 0.8429 0.5120
vn -0.9916 -0.1023 -0.0787
vn -0.1648 0.8790 0.4474
vn -0.0000 0.9224 0.3862
vn -0.9919 -0.1101 -0.0630
vn -0.1650 0.9113 0.3771
vn -0.0000 0.9518 0.3069
vn -0.9924 -0.1103 -0.0551
vn -0.1654 0.9371 0.3072
vn -0.0000 0.9715 0.2370
vn -0.9922 -0.1180 -0.0394
vn -0.1652 0.9595 0.2281
vn -0.9241 -0.3634 -0.1185
vn -0.1649 0.9737 0.1571
vn -0.9915 -0.1259 -0.0315
vn -0.1652 0.9831 0.0787
vn -0.9918 -0.1260 -0.0236
vn -0.1657 0.9862 -0.0000
vn -0.9920 -0.1259 -0.0079
vn -0.1652 0.9831 -0.0787
vn -0.9920 -0.1259 -0.0000
vn -0.9247 -0.3793 -0.0316
vn -0.9224 -0.3862 -0.0000
vn -0.9920 -0.1259 0.0079
vn -0.1649 0.9737 -0.1570
vn -0.9918 -0.1260 0.0236
vn -0.1652 0.9595 -0.2281
vn -0.0000 0.9715 -0.2370
vn -0.9247 -0.3794 0.0316
vn -0.1654 0.9372 -0.3072
vn -0.9915 -0.1259 0.0315
vn -0.1650 0.9113 -0.3771
vn -0.0000 0.9224 -0.3862
vn -0.9922 -0.1180 0.0394
vn -0.9233 -0.3788 0.0631
vn -0.9244 -0.3714 0.0869
vn -0.9919 -0.1181 0.0473
vn -0.1648 0.8790 -0.4474
vn -0.9241 -0.3634 0.1185
vn -0.9924 -0.1102 0.0551
vn -0.9228 -0.3549 0.1498
vn -0.1654 0.8429 -0.5120
vn -0.0000 0.8532 -0.5216
vn -0.9919 -0.1102 0.0630
vn -0.9243 -0.3397 0.1738
vn -0.1654 0.7955 -0.5829
vn -0.9916 -0.1023 0.0787
vn -0.1659 0.7504 -0.6398
vn -0.0000 0.7637 -0.6456
vn -0.9251 -0.3242 0.1977
vn -0.1645 0.6975 -0.6974
vn -0.0000 0.6456 -0.7637
vn -0.9235 -0.3078 0.2289
vn -0.1660 0.6398 -0.7504
vn -0.9925 -0.0866 0.0866
vn -0.1654 0.5829 -0.7956
vn -0.9226 -0.2918 0.2523
vn -0.9918 -0.0866 0.0944
vn -0.9249 -0.2688 0.2688
vn -0.9916 -0.0787 0.1022
vn -0.9226 -0.2523 0.2918
vn -0.1654 0.5120 -0.8429
vn -0.0000 0.5215 -0.8533
vn -0.9914 -0.0708 0.1101
vn -0.1648 0.4474 -0.8790
vn -0.9235 -0.2289 0.3078
vn -0.1650 0.3771 -0.9113
vn -0.0000 0.3862 -0.9224
vn -0.9915 -0.0551 0.1179
vn -0.9227 -0.1972 0.3312
vn -0.1654 0.3072 -0.9372
vn -0.9919 -0.0472 0.1181
vn -0.1651 0.2281 -0.9595
vn -0.9913 -0.0393 0.1258
vn -0.9915 -0.0315 0.1259
vn -0.1650 0.1571 -0.9737
vn -0.1652 0.0787 -0.9831
vn -0.0000 0.0785 -0.9969
vn -0.9918 -0.0236 0.1260
vn -0.1658 -0.0000 -0.9862
vn -0.9920 -0.0079 0.1260
vn -0.1652 -0.0787 -0.9831
vn -0.0000 -0.0785 -0.9969
vn -0.9920 -0.0000 0.1260
vn -0.1649 -0.1571 -0.9737
vn -0.9918 0.0236 0.1258
vn -0.1652 -0.2281 -0.9595
vn -0.0000 -0.2370 -0.9715
vn -0.1654 -0.3072 -0.9372
vn -0.0000 -0.3069 -0.9518
vn -0.1650 -0.3771 -0.9113
vn -0.0000 -0.3862 -0.9224
vn -0.9913 0.0393 0.1259
vn -0.1648 -0.4474 -0.8790
vn -0.1654 -0.5120 -0.8429
vn -0.0000 -0.5215 -0.8532
vn -0.9915 0.0551 0.1180
vn -0.1654 -0.5829 -0.7956
vn -0.1659 -0.6398 -0.7504
vn -0.0000 -0.6456 -0.7637
vn -0.9916 0.0787 0.1023
vn -0.9243 0.1738 0.3397
vn -0.1646 -0.6975 -0.6974
vn 0.0001 -0.7071 -0.7071
vn -0.9212 0.2048 0.3307
vn -0.1660 -0.7504 -0.6398
vn -0.9228 0.1499 0.3550
vn -0.1654 -0.7955 -0.5829
vn -0.9240 0.1185 0.3635
vn -0.1654 -0.8429 -0.5120
vn -0.0000 -0.8532 -0.5216
vn -0.9916 0.1023 0.0787
vn -0.1648 -0.8790 -0.4474
vn -0.9914 0.1102 0.0708
vn -0.9910 0.1022 0.0865
vn -0.1650 -0.9113 -0.3771
vn -0.0000 -0.9224 -0.3863
vn -0.9911 0.0943 0.0944
vn -0.1654 -0.9372 -0.3072
vn -0.9910 0.0865 0.1023
vn -0.1652 -0.9595 -0.2281
vn -0.0000 -0.9715 -0.2370
vn -0.9212 0.2283 0.3149
vn -0.1649 -0.9737 -0.1571
vn -0.9226 0.2523 0.2918
vn -0.1652 -0.9831 -0.0787
vn -0.0000 -0.9969 -0.0785
vn -0.9210 0.2755 0.2755
vn -0.1657 -0.9862 -0.0000
vn -0.9226 0.2918 0.2523
vn -0.1652 -0.9831 0.0787
vn -0.0000 -0.9969 0.0785
vn -0.9213 0.3149 0.2283
vn -0.1649 -0.9737 0.1571
vn -0.1652 -0.9595 0.2281
vn -0.0000 -0.9715 0.2370
vn -0.9918 0.1258 -0.0236
vn -0.1654 -0.9372 0.3072
vn -0.1650 -0.9113 0.3771
vn -0.0001 -0.9224 0.3863
vn -0.1648 -0.8790 0.4474
vn -0.9919 0.1181 -0.0472
vn -0.1655 -0.8429 0.5120
vn -0.9915 0.1179 -0.0551
vn -0.1654 -0.7955 0.5829
vn -0.9914 0.1102 -0.0708
vn -0.1660 -0.7504 0.6398
vn -0.9916 0.1023 -0.0787
vn -0.1646 -0.6974 0.6975
vn -0.9910 0.1022 -0.0865
vn -0.1659 -0.6398 0.7504
vn -0.0000 -0.6456 0.7637
vn -0.9911 0.0943 -0.0943
vn -0.9226 0.2918 -0.2523
vn -0.1654 -0.5828 0.7956
vn -0.9210 0.2755 -0.2755
vn -0.1655 -0.5120 0.8429
vn -0.0000 -0.5216 0.8532
vn -0.9916 0.0786 -0.1023
vn -0.1648 -0.4474 0.8790
vn -0.9914 0.0708 -0.1102
vn -0.9915 0.0551 -0.1181
vn -0.1650 -0.3771 0.9113
vn -0.0000 -0.3863 0.9224
vn -0.9243 0.1738 -0.3397
vn -0.1654 -0.3072 0.9372
vn -0.9913 0.0393 -0.1259
vn -0.9228 0.1499 -0.3549
vn -0.9241 0.1185 -0.3633
vn -0.9244 0.0869 -0.3714
vn -0.9233 0.0631 -0.3789
vn -0.8306 0.1332 -0.5407
vn -0.9219 0.0314 -0.3861
vn -0.8314 0.0863 -0.5490
vn -0.8335 0.0472 -0.5505
vn -0.9222 -0.0000 -0.3868
vn -0.8308 -0.0000 -0.5565
vn -0.9219 -0.0314 -0.3861
vn -0.8335 -0.0472 -0.5505
vn -0.9233 -0.0631 -0.3788
vn -0.8313 -0.0863 -0.5490
vn -0.9244 -0.0869 -0.3714
vn -0.8315 -0.1255 -0.5412
vn -0.9241 -0.1185 -0.3633
vn -0.8326 -0.1728 -0.5263
vn -0.9228 -0.1498 -0.3550
vn -0.8331 -0.2122 -0.5109
vn -0.9243 -0.1738 -0.3397
vn -0.8296 -0.2529 -0.4978
vn -0.9227 -0.1972 -0.3312
vn -0.8302 -0.2926 -0.4745
vn -0.9235 -0.2289 -0.3078
vn -0.8291 -0.3316 -0.4501
vn -0.9226 -0.2523 -0.2918
vn -0.8286 -0.3631 -0.4261
vn -0.9249 -0.2688 -0.2688
vn -0.8294 -0.3950 -0.3950
vn -0.9226 -0.2918 -0.2523
vn -0.8286 -0.4261 -0.3632
vn -0.9235 -0.3078 -0.2289
vn -0.8291 -0.4502 -0.3316
vn -0.9251 -0.3242 -0.1977
vn -0.8302 -0.4744 -0.2926
vn -0.9243 -0.3397 -0.1738
vn -0.8296 -0.4978 -0.2528
vn -0.9228 -0.3549 -0.1498
vn -0.8306 -0.5142 -0.2136
vn -0.8302 -0.5297 -0.1739
vn -0.7075 -0.6289 -0.3223
vn -0.7083 -0.6532 -0.2676
vn -0.8282 -0.5442 -0.1341
vn -0.7063 -0.6043 -0.3688
vn -0.9244 -0.3714 -0.0869
vn -0.7063 -0.5729 -0.4159
vn -0.9233 -0.3788 -0.0631
vn -0.8289 -0.5526 -0.0868
vn -0.8275 -0.5595 -0.0473
vn -0.8284 -0.5602 -0.0000
vn -0.7067 -0.6988 -0.1106
vn -0.8275 -0.5595 0.0473
vn -0.7060 -0.7060 -0.0556
vn -0.8289 -0.5526 0.0868
vn -0.7060 -0.7060 0.0549
vn -0.8282 -0.5442 0.1341
vn -0.7067 -0.6989 0.1099
vn -0.7053 -0.6896 0.1646
vn -0.8302 -0.5297 0.1739
vn -0.7054 -0.6740 0.2194
vn -0.8306 -0.5142 0.2136
vn -0.7083 -0.6532 0.2676
vn -0.8296 -0.4978 0.2529
vn -0.7075 -0.6289 0.3223
vn -0.8302 -0.4744 0.2926
vn -0.7063 -0.6043 0.3688
vn -0.8291 -0.4502 0.3316
vn -0.7063 -0.5729 0.4159
vn -0.8286 -0.4261 0.3631
vn -0.7096 -0.5361 0.4573
vn -0.8294 -0.3950 0.3950
vn -0.7051 -0.5014 0.5014
vn -0.8286 -0.3631 0.4261
vn -0.7096 -0.4573 0.5361
vn -0.2517 -0.6843 0.6843
vn -0.8291 -0.3316 0.4501
vn -0.7063 -0.4159 0.5729
vn -0.2524 -0.6310 0.7336
vn -0.2524 -0.7336 0.6310
vn -0.2039 -0.7450 0.6352
vn -0.2529 -0.5690 0.7824
vn -0.2529 -0.7824 0.5691
vn -0.2042 -0.7934 0.5735
vn -0.2518 -0.8264 0.5037
vn -0.2046 -0.8344 0.5117
vn -0.2527 -0.8606 0.4421
vn -0.2047 -0.8739 0.4409
vn -0.2512 -0.8949 0.3689
vn -0.2042 -0.9034 0.3771
vn -0.2518 -0.9205 0.2989
vn -0.2053 -0.9316 0.3000
vn -0.2529 -0.9400 0.2291
vn -0.2045 -0.9519 0.2281
vn -0.2528 -0.9558 0.1501
vn -0.2529 -0.9643 0.0790
vn -0.7071 -0.7071 -0.0000
vn -0.2518 -0.9678 -0.0000
vn -0.2529 -0.9643 -0.0790
vn -0.2015 -0.9680 -0.1495
vn -0.2528 -0.9558 -0.1501
vn -0.2045 -0.9519 -0.2281
vn -0.2529 -0.9400 -0.2291
vn -0.7052 -0.6896 -0.1646
vn -0.2518 -0.9204 -0.2990
vn -0.2042 -0.9034 -0.3771
vn -0.7054 -0.6740 -0.2194
vn -0.2512 -0.8949 -0.3689
vn -0.2047 -0.8739 -0.4409
vn -0.2527 -0.8606 -0.4422
vn -0.2047 -0.8344 -0.5117
vn -0.2518 -0.8264 -0.5037
vn -0.2042 -0.7934 -0.5734
vn -0.2529 -0.7825 -0.5690
vn -0.2039 -0.7450 -0.6352
vn -0.2524 -0.7336 -0.6310
vn -0.1938 -0.6937 -0.6937
vn -0.7096 -0.5361 -0.4573
vn -0.2517 -0.6843 -0.6843
vn -0.7051 -0.5014 -0.5014
vn -0.2524 -0.6310 -0.7336
vn -0.1926 -0.6366 -0.7467
vn -0.7096 -0.4573 -0.5361
vn -0.7063 -0.4159 -0.5729
vn -0.2529 -0.5690 -0.7825
vn -0.1929 -0.5748 -0.7952
vn -0.7063 -0.3688 -0.6043
vn -0.2518 -0.5037 -0.8264
vn -0.1933 -0.5129 -0.8364
vn -0.7075 -0.3223 -0.6289
vn -0.2528 -0.4421 -0.8606
vn -0.7083 -0.2676 -0.6532
vn -0.2529 -0.3715 -0.8933
vn -0.7091 -0.2206 -0.6697
vn -0.2517 -0.2990 -0.9205
vn -0.7091 -0.1655 -0.6854
vn -0.2528 -0.2291 -0.9400
vn -0.7067 -0.1099 -0.6989
vn -0.2528 -0.1501 -0.9558
vn -0.7099 -0.0552 -0.7021
vn -0.2529 -0.0790 -0.9643
vn -0.7071 -0.0000 -0.7071
vn -0.2518 -0.0000 -0.9678
vn -0.2529 0.0790 -0.9643
vn -0.7099 0.0552 -0.7022
vn -0.2528 0.1501 -0.9558
vn -0.1968 0.2287 -0.9534
vn -0.7106 0.1105 -0.6949
vn -0.2528 0.2291 -0.9400
vn -0.1977 0.3005 -0.9331
vn -0.7091 0.1654 -0.6854
vn -0.2517 0.2990 -0.9205
vn -0.1967 0.3776 -0.9048
vn -0.7091 0.2206 -0.6697
vn -0.2512 0.3689 -0.8949
vn -0.8326 0.1728 -0.5262
vn -0.2527 0.4421 -0.8606
vn -0.8331 0.2122 -0.5108
vn -0.7075 0.3223 -0.6289
vn -0.2518 0.5037 -0.8264
vn -0.8320 0.2512 -0.4946
vn -0.7096 0.3706 -0.5993
vn -0.2529 0.5691 -0.7824
vn -0.9213 0.2047 -0.3307
vn -0.2524 0.6310 -0.7336
vn -0.7094 0.4178 -0.5676
vn -0.8327 0.2907 -0.4714
vn -0.7095 0.4573 -0.5361
vn -0.9213 0.2283 -0.3149
vn -0.8315 0.3295 -0.4472
vn -0.9910 0.0865 -0.1023
vn -0.9226 0.2523 -0.2918
vn -0.8311 0.3606 -0.4234
vn -0.8319 0.3924 -0.3924
vn -0.7107 0.4975 -0.4975
vn -0.2518 0.6843 -0.6843
vn -0.7095 0.5361 -0.4573
vn -0.2524 0.7336 -0.6310
vn -0.8311 0.4234 -0.3607
vn -0.7118 0.5694 -0.4113
vn -0.2530 0.7824 -0.5690
vn -0.9212 0.3149 -0.2283
vn -0.8316 0.4471 -0.3295
vn -0.9213 0.3307 -0.2048
vn -0.7096 0.5992 -0.3706
vn -0.8326 0.4714 -0.2907
vn -0.9218 0.3467 -0.1734
vn -0.2518 0.8264 -0.5037
vn -0.7075 0.6289 -0.3223
vn -0.2527 0.8606 -0.4422
vn -0.8320 0.4946 -0.2512
vn -0.7120 0.6487 -0.2690
vn -0.2530 0.8933 -0.3715
vn -0.9228 0.3549 -0.1499
vn -0.8331 0.5108 -0.2122
vn -0.9241 0.3633 -0.1185
vn -0.7091 0.6697 -0.2206
vn -0.8326 0.5262 -0.1728
vn -0.9217 0.3781 -0.0867
vn -0.2518 0.9205 -0.2989
vn -0.7091 0.6855 -0.1654
vn -0.2528 0.9400 -0.2291
vn -0.8315 0.5412 -0.1255
vn -0.7106 0.6948 -0.1105
vn -0.2528 0.9558 -0.1501
vn -0.9233 0.3788 -0.0631
vn -0.8314 0.5490 -0.0863
vn -0.7099 0.7021 -0.0552
vn -0.2747 0.9576 -0.0863
vn -0.1961 0.9805 -0.0157
vn -0.3068 0.9518 -0.0000
vn -0.2052 0.9787 -0.0000
vn -0.1959 0.9805 0.0161
vn -0.2747 0.9576 0.0863
vn -0.2528 0.9558 0.1501
vn -0.7099 0.7021 0.0552
vn -0.2528 0.9400 0.2291
vn -0.7106 0.6948 0.1105
vn -0.2517 0.9205 0.2990
vn -0.7090 0.6855 0.1655
vn -0.2529 0.8933 0.3716
vn -0.7091 0.6697 0.2206
vn -0.2527 0.8606 0.4422
vn -0.7119 0.6487 0.2690
vn -0.2519 0.8263 0.5037
vn -0.7075 0.6289 0.3223
vn -0.2529 0.7824 0.5691
vn -0.7096 0.5993 0.3706
vn -0.2524 0.7336 0.6310
vn -0.7118 0.5694 0.4112
vn -0.8327 0.4714 0.2907
vn -0.8315 0.4472 0.3295
vn -0.7096 0.5361 0.4573
vn -0.8321 0.4945 0.2512
vn -0.8310 0.4234 0.3607
vn -0.8331 0.5108 0.2122
vn -0.8326 0.5262 0.1728
vn -0.9213 0.3307 0.2047
vn -0.8319 0.3924 0.3924
vn -0.9915 0.1180 0.0551
vn -0.9218 0.3467 0.1733
vn -0.9919 0.1181 0.0472
vn -0.9228 0.3549 0.1499
vn -0.9913 0.1258 0.0394
vn -0.9241 0.3633 0.1185
vn -0.9915 0.1258 0.0315
vn -0.9217 0.3781 0.0867
vn -0.9918 0.1260 0.0236
vn -0.8315 0.5412 0.1255
vn -0.9233 0.3788 0.0631
vn -0.8314 0.5490 0.0863
vn -0.9920 0.1259 0.0079
vn -0.9219 0.3861 0.0315
vn -0.8277 0.5597 0.0394
vn -0.9224 0.3862 -0.0000
vn -0.8284 0.5601 -0.0000
vn -0.8277 0.5597 -0.0394
vn -0.9219 0.3861 -0.0314
vn -0.9920 0.1258 -0.0101
vn 0.0015 -0.0223 -0.9998
vn -0.0000 -0.9022 0.4314
vn -0.0000 0.1259 -0.9920
vn 0.6117 -0.7528 -0.2431
vn 0.5602 -0.7890 -0.2525
vn 0.6548 -0.7337 -0.1815
vn 0.8956 -0.4242 -0.1336
vn 0.6450 -0.7550 -0.1180
vn 0.9027 -0.4160 -0.1099
vn 0.9149 -0.3943 -0.0868
vn 0.9233 -0.3788 -0.0631
vn 0.6443 -0.7621 -0.0629
vn 0.9351 -0.3536 -0.0236
vn 0.9354 -0.3536 -0.0000
vn 0.9608 -0.2756 -0.0315
vn 0.6456 -0.7637 -0.0000
vn 0.9317 -0.3632 -0.0000
vn 0.6444 -0.7621 0.0629
vn 0.9351 -0.3536 0.0236
vn 0.6450 -0.7550 0.1180
vn 0.9233 -0.3788 0.0631
vn 0.6548 -0.7337 0.1815
vn 0.6117 -0.7528 0.2431
vn 0.8956 -0.4242 0.1336
vn 0.9027 -0.4161 0.1099
vn 0.9149 -0.3943 0.0868
vn 0.9608 -0.2756 0.0315
vn 0.9633 -0.2685 -0.0000
vn 0.9895 -0.1413 0.0314
vn 0.9895 -0.1413 -0.0314
vn 0.9900 -0.1414 -0.0000
vn 0.9900 -0.1413 -0.0000
vn 0.9895 -0.1414 0.0314
vn 0.9895 -0.1414 -0.0314
vn 0.9910 -0.1337 -0.0000
vn 0.9918 -0.1259 0.0236
vn 0.9918 -0.1259 -0.0236
vn 0.9737 0.2277 -0.0000
vn 0.9783 0.1972 -0.0631
vn 0.9783 0.1972 0.0631
vn 0.9756 0.2124 -0.0551
vn 0.9756 0.2124 0.0551
vn 0.9790 0.1658 -0.1184
vn 0.9790 0.1658 0.1184
vn 0.9790 0.1184 -0.1658
vn 0.9790 0.1184 0.1658
vn 0.9749 0.1179 -0.1887
vn 0.9749 0.1179 0.1887
vn 0.9730 0.0706 -0.2196
vn 0.9910 -0.0629 0.1180
vn 0.9753 0.0158 -0.2202
vn 0.9730 0.0706 0.2196
vn 0.9753 0.0158 0.2202
vn 0.9910 -0.0629 -0.1180
vn 0.9787 -0.0000 0.2052
vn 0.9783 -0.0631 0.1972
vn 0.9783 -0.0631 0.1973
vn 0.9909 -0.0157 -0.1338
vn 0.9781 -0.1262 0.1656
vn 0.9760 -0.1417 0.1653
vn 0.9913 -0.0393 -0.1258
vn 0.9898 -0.0157 -0.1414
vn 0.9896 -0.0707 -0.1256
vn 0.9903 -0.0393 -0.1336
vn 0.9895 -0.0707 -0.1257
vn 0.9643 -0.0790 -0.2528
vn 0.9598 -0.0551 -0.2753
vn 0.9605 -0.1181 -0.2519
vn 0.9348 -0.1100 -0.3377
vn 0.9147 -0.0394 -0.4021
vn 0.9151 -0.2051 -0.3471
vn 0.9233 -0.0631 -0.3788
vn 0.9019 -0.0235 -0.4313
vn 0.8944 -0.0000 -0.4473
vn 0.6533 -0.0472 -0.7556
vn 0.6112 -0.0000 -0.7915
vn 0.5601 -0.0079 -0.8284
vn 0.6450 -0.1180 -0.7550
vn 0.9344 -0.0864 -0.3456
vn 0.6474 -0.1736 -0.7421
vn 0.6465 -0.2365 -0.7253
vn 0.9313 -0.1105 -0.3472
vn 0.6480 -0.2924 -0.7033
vn 0.9345 -0.1335 -0.3298
vn 0.6471 -0.3472 -0.6787
vn 0.9243 -0.1738 -0.3397
vn 0.6551 -0.4025 -0.6393
vn 0.9024 -0.2354 -0.3610
vn 0.8956 -0.2593 -0.3614
vn 0.6112 -0.4623 -0.6424
vn 0.6113 -0.0000 0.7914
vn 0.6533 -0.0472 0.7556
vn 0.8944 -0.0000 0.4472
vn 0.9019 -0.0235 0.4314
vn 0.9147 -0.0394 0.4021
vn 0.6450 -0.1180 0.7550
vn 0.9233 -0.0631 0.3788
vn 0.6474 -0.1737 0.7421
vn 0.9344 -0.0864 0.3456
vn 0.9348 -0.1100 0.3378
vn 0.9598 -0.0551 0.2754
vn 0.6465 -0.2365 0.7253
vn 0.9312 -0.1105 0.3472
vn 0.6480 -0.2924 0.7033
vn 0.9346 -0.1335 0.3298
vn 0.6471 -0.3472 0.6787
vn 0.9243 -0.1738 0.3397
vn 0.6552 -0.4025 0.6393
vn 0.6111 -0.4623 0.6425
vn 0.5585 -0.4799 0.6766
vn 0.8956 -0.2593 0.3614
vn 0.9024 -0.2354 0.3610
vn 0.9151 -0.2051 0.3471
vn 0.9605 -0.1181 0.2519
vn 0.9643 -0.0790 0.2529
vn 0.9895 -0.0707 0.1257
vn 0.9898 -0.0157 0.1414
vn 0.9903 -0.0393 0.1336
vn 0.9896 -0.0706 0.1257
vn 0.9896 -0.0707 0.1256
vn 0.9913 -0.0393 0.1258
vn 0.9909 -0.0157 0.1338
vn 0.9787 -0.0000 -0.2052
vn 0.9783 -0.0631 -0.1972
vn 0.9783 -0.0631 -0.1973
vn 0.9781 -0.1262 -0.1656
vn 0.9760 -0.1417 -0.1653
vn 0.9730 -0.1883 -0.1334
vn 0.9918 0.0866 0.0944
vn 0.9757 -0.2046 -0.0787
vn 0.9908 0.1101 0.0786
vn 0.9903 0.0943 0.1022
vn 0.9783 -0.1972 -0.0631
vn 0.9787 -0.2052 -0.0000
vn 0.9915 0.1180 0.0551
vn 0.9895 0.1335 0.0550
vn 0.9783 -0.1972 0.0631
vn 0.9757 -0.2046 0.0787
vn 0.9641 0.2134 0.1581
vn 0.9605 0.2441 0.1338
vn 0.9604 0.2047 0.1889
vn 0.9369 0.2834 0.2047
vn 0.9152 0.3708 0.1578
vn 0.9154 0.2683 0.2999
vn 0.9243 0.3397 0.1738
vn 0.9028 0.4004 0.1570
vn 0.8947 0.4238 0.1413
vn 0.6540 0.7013 0.2836
vn 0.6117 0.7528 0.2431
vn 0.6471 0.6787 0.3472
vn 0.9355 0.2987 0.1887
vn 0.6460 0.6539 0.3939
vn 0.6471 0.6155 0.4498
vn 0.9322 0.2923 0.2133
vn 0.9362 0.2675 0.2281
vn 0.6478 0.5767 0.4977
vn 0.9249 0.2688 0.2688
vn 0.6461 0.5436 0.5358
vn 0.9031 0.2749 0.3298
vn 0.8956 0.2592 0.3615
vn 0.6519 0.4870 0.5812
vn 0.6142 0.4646 0.6379
vn 0.5594 0.4885 0.6697
vn -0.8808 0.3539 0.3146
vn -0.8808 0.3539 0.3145
vn -0.8808 0.3539 0.3147
vn -0.8808 0.3538 0.3146
vn -0.8571 -0.4954 -0.1415
vn -0.8825 0.1103 0.4571
vn -0.8571 -0.4953 -0.1413
vn -0.8669 -0.4729 0.1576
vn -0.8669 -0.4729 0.1577
vn -0.8587 0.3701 -0.3545
vn -0.8586 0.3703 -0.3545
vn -0.8586 0.3702 -0.3546
vn -0.8586 0.3702 -0.3545
vn -0.8826 0.1102 0.4570
vn -0.8516 0.1103 -0.5125
vn -0.8516 0.1104 -0.5125
vn -0.8827 0.1103 0.4568
vn -0.8827 0.1103 0.4569
vn -0.8515 0.1104 -0.5126
vn -0.8516 0.1104 -0.5124
vn 0.4615 0.8424 -0.2783
vn 0.6117 0.7528 -0.2431
vn 0.6540 0.7013 -0.2837
vn 0.8947 0.4238 -0.1413
vn 0.6471 0.6787 -0.3472
vn 0.9028 0.4004 -0.1570
vn 0.9152 0.3708 -0.1578
vn 0.9243 0.3397 -0.1738
vn 0.6460 0.6539 -0.3939
vn 0.9355 0.2987 -0.1887
vn 0.6472 0.6155 -0.4498
vn 0.9369 0.2834 -0.2047
vn 0.9605 0.2441 -0.1338
vn 0.9322 0.2928 -0.2127
vn 0.6478 0.5767 -0.4977
vn 0.9362 0.2675 -0.2281
vn 0.6461 0.5436 -0.5358
vn 0.9249 0.2688 -0.2688
vn 0.6519 0.4870 -0.5812
vn 0.6142 0.4646 -0.6379
vn 0.8956 0.2593 -0.3615
vn 0.9031 0.2749 -0.3299
vn 0.9155 0.2683 -0.2999
vn 0.9604 0.2047 -0.1889
vn 0.9641 0.2134 -0.1581
vn 0.9903 0.0943 -0.1022
vn 0.9895 0.1335 -0.0550
vn 0.9908 0.1101 -0.0786
vn 0.9918 0.0866 -0.0944
vn 0.9915 0.1180 -0.0551
vn 0.9730 -0.1883 0.1334
vn -0.9975 0.0707 -0.0000
vn -0.9975 0.0707 0.0079
vn -0.9975 0.0707 -0.0079
vn -0.9899 0.1414 0.0079
vn -0.9899 0.1414 -0.0079
vn -0.9874 0.1580 0.0079
vn -0.9874 0.1580 -0.0079
vn 0.0552 0.8271 0.5593
vn 0.0633 0.5772 0.8142
vn 0.0708 0.6690 0.7399
vn 0.0551 0.8427 0.5355
vn 0.0472 0.8805 0.4717
vn 0.0471 0.9343 0.3533
vn 0.0632 0.5296 0.8459
vn 0.0394 0.9992 -0.0000
vn 0.0708 0.4016 0.9131
vn 0.0629 -0.0236 0.9977
vn 0.0472 0.9369 -0.3464
vn 0.0629 -0.0000 0.9980
vn 0.0550 0.8485 -0.5264
vn 0.0551 -0.2825 0.9577
vn 0.0471 0.8887 -0.4560
vn 0.0552 -0.4809 0.8750
vn 0.0551 0.8109 -0.5826
vn 0.0554 -0.4747 0.8784
vn 0.0631 0.5680 -0.8206
vn 0.0473 -0.6782 0.7334
vn 0.0631 0.5204 -0.8516
vn 0.0393 -0.8724 0.4873
vn 0.0705 0.5017 -0.8622
vn 0.0394 -0.8582 0.5117
vn 0.0709 0.3623 -0.9294
vn 0.0395 -0.9708 0.2367
vn 0.0629 -0.0000 -0.9980
vn 0.0393 -0.9992 -0.0000
vn 0.0628 0.0550 -0.9965
vn 0.0394 -0.9992 -0.0000
vn 0.0633 -0.2606 -0.9634
vn 0.0395 -0.9708 -0.2368
vn 0.0552 -0.4809 -0.8750
vn 0.0393 -0.8724 -0.4873
vn 0.0554 -0.4748 -0.8783
vn 0.0394 -0.8582 -0.5118
vn 0.0473 -0.6781 -0.7334
vn -0.7817 0.2723 -0.5611
vn -0.9777 0.1183 0.1734
vn -0.9908 0.0787 0.1101
vn -0.9977 0.0393 0.0550
vn -0.9944 0.0710 0.0789
vn -0.4639 -0.4639 -0.7547
vn -0.6308 -0.5204 -0.5756
vn -0.8189 -0.2598 -0.5118
vn -0.6285 -0.5500 -0.5500
vn -0.9384 -0.1577 -0.3075
vn -0.8164 -0.2983 -0.4945
vn -0.9369 -0.1811 -0.2992
vn -0.9369 -0.2047 -0.2834
vn -0.4647 -0.5199 -0.7168
vn -0.8185 -0.3384 -0.4643
vn -0.9362 -0.2281 -0.2675
vn -1.0000 -0.0001 -0.0000
vn -0.9384 -0.2444 -0.2444
vn -0.1966 -0.7315 -0.6529
vn -0.8157 -0.3766 -0.4392
vn -0.4659 -0.5765 -0.6712
vn -0.8164 -0.4083 -0.4083
vn -0.9362 -0.2675 -0.2280
vn -0.1891 -0.7959 -0.5752
vn -0.4732 -0.6229 -0.6229
vn -0.8157 -0.4392 -0.3765
vn -0.9369 -0.2834 -0.2047
vn -0.8185 -0.4643 -0.3384
vn -0.9368 -0.2992 -0.1811
vn -0.1974 -0.8448 -0.4974
vn -0.4721 -0.6688 -0.5744
vn -0.9384 -0.3075 -0.1577
vn -0.1888 -0.8736 -0.4486
vn -0.8195 -0.4886 -0.2994
vn -0.9369 -0.3228 -0.1338
vn -0.1890 -0.9062 -0.3782
vn -0.8189 -0.5118 -0.2598
vn -0.8165 -0.5339 -0.2198
vn -0.9372 -0.3308 -0.1103
vn -0.1882 -0.9333 -0.3059
vn -0.8160 -0.5492 -0.1805
vn -0.9375 -0.3388 -0.0788
vn -0.1893 -0.9549 -0.2289
vn -0.8185 -0.5587 -0.1338
vn -0.9365 -0.3463 -0.0551
vn -0.8154 -0.5724 -0.0863
vn -0.4660 -0.8607 -0.2053
vn -0.4642 -0.8418 -0.2754
vn -0.4643 -0.8185 -0.3384
vn -1.0000 0.0075 0.0015
vn -0.9903 0.1335 0.0393
vn -0.9977 0.0628 0.0236
vn -0.9940 0.1025 0.0395
vn -0.4714 -0.7856 -0.4007
vn -0.9940 0.0947 0.0552
vn -0.4728 -0.7486 -0.4649
vn -0.4709 -0.7141 -0.5180
vn -1.0000 0.0052 0.0037
vn -1.0000 0.0013 -0.0014
vn -0.9942 0.0868 0.0631
vn -1.0000 0.0005 -0.0006
vn -0.9944 0.0789 0.0710
vn -0.9938 0.0788 0.0789
vn -0.6301 -0.5907 -0.5041
vn -0.6293 -0.6292 -0.4562
vn -0.6313 -0.6629 -0.4025
vn 0.3180 0.6344 0.7046
vn 0.3219 0.9262 0.1962
vn 0.3228 0.7638 0.5590
vn 0.3228 0.7637 0.5591
vn 0.3232 0.4729 0.8197
vn 0.3240 0.1028 0.9405
vn 0.3218 0.9262 -0.1962
vn 0.3240 0.1027 0.9405
vn 0.3238 -0.2921 0.8999
vn 0.3228 0.7637 -0.5590
vn 0.3241 -0.6324 0.7036
vn 0.3232 0.4729 -0.8197
vn 0.3223 -0.8647 0.3852
vn 0.3240 0.1028 -0.9405
vn 0.3240 0.1027 -0.9405
vn 0.3233 -0.9463 -0.0000
vn 0.3238 -0.2921 -0.8999
vn 0.3234 -0.9463 -0.0000
vn 0.3237 -0.2921 -0.8999
vn 0.3224 -0.8647 -0.3852
vn 0.3241 -0.6324 -0.7035
vn 0.3223 -0.8647 -0.3852
vn -0.9066 -0.0529 0.4186
vn -0.3064 -0.1837 0.9340
vn -0.3085 -0.0599 0.9493
vn -0.3072 -0.2914 0.9059
vn -0.3085 0.0595 0.9494
vn -0.3083 -0.4031 0.8617
vn -0.3064 0.1786 0.9350
vn -0.3069 -0.5115 0.8026
vn -0.3074 -0.6069 0.7330
vn -0.3072 0.2939 0.9051
vn -1.0000 -0.0002 -0.0001
vn -0.3069 -0.6924 0.6530
vn -0.3083 0.4050 0.8608
vn -0.3068 -0.7708 0.5584
vn -0.3069 0.5102 0.8035
vn -0.3074 0.6069 0.7329
vn -0.3072 -0.8349 0.4568
vn -0.3069 0.6924 0.6530
vn -0.3083 -0.8854 0.3479
vn -0.3068 0.7708 0.5584
vn -1.0000 0.0001 -0.0000
vn -0.3073 -0.9218 0.2364
vn -0.3072 0.8341 0.4582
vn -0.3069 -0.9444 0.1180
vn -0.3083 0.8844 0.3503
vn -0.3068 -0.9518 -0.0000
vn -0.3069 -0.9444 -0.1180
vn -0.3073 0.9217 0.2369
vn -0.3069 0.9444 0.1180
vn -0.3073 -0.9218 -0.2364
vn -1.0000 -0.0000 -0.0001
vn -0.3083 -0.8854 -0.3478
vn -0.3069 0.9444 -0.1181
vn -0.3072 -0.8349 -0.4567
vn -0.3073 0.9218 -0.2364
vn -0.3068 -0.7708 -0.5584
vn -0.3069 -0.6924 -0.6530
vn -0.3083 0.8845 -0.3503
vn -0.3072 0.8349 -0.4568
vn -0.3074 -0.6069 -0.7329
vn -0.3067 0.7708 -0.5584
vn -0.3069 -0.5115 -0.8026
vn -0.3068 0.6924 -0.6530
vn -0.3083 -0.4032 -0.8616
vn -0.3074 0.6067 -0.7331
vn -0.3073 -0.2915 -0.9059
vn -0.3069 0.5102 -0.8034
vn -0.3063 -0.1807 -0.9346
vn -0.3083 0.4050 -0.8608
vn -0.3085 -0.0633 -0.9491
vn -0.3085 0.0633 -0.9491
vn -0.3072 0.2940 -0.9051
vn -0.3064 0.1807 -0.9346
vn -0.0000 -0.9215 -0.3884
vn -0.0000 -0.6063 -0.7953
vn -0.0000 -0.6040 -0.7970
vn -0.0001 -0.9920 0.1261
vn -0.0000 -0.9920 0.1260
vn -0.9142 -0.2444 -0.3232
vn -0.9125 0.1573 -0.3777
vn -0.0001 -0.3863 0.9224
vn -0.0000 0.9920 -0.1260
vn -0.0000 0.3864 -0.9223
vn -0.9140 -0.4020 0.0552
vn -0.0001 0.6063 0.7953
vn -0.0000 0.6063 0.7952
vn -0.9101 0.2511 0.3296
vn -0.9125 -0.1573 0.3776
vn -0.9111 0.4085 -0.0550
vn -1.0000 0.0002 0.0001
vn -0.9998 -0.0074 -0.0161
vn -0.9998 -0.0077 -0.0157
vn -0.9998 -0.0068 -0.0160
vn -0.9998 0.0157 -0.0080
vn -0.9998 -0.0078 0.0158
vn -0.9998 0.0157 0.0080
vn -0.1995 -0.5444 0.8148
vn -0.2518 -0.5037 0.8264
vn -0.7063 -0.3688 0.6043
vn -0.2527 -0.4421 0.8606
vn -0.7075 -0.3223 0.6289
vn -0.8303 -0.2926 0.4744
vn -0.2529 -0.3716 0.8933
vn -0.7083 -0.2676 0.6532
vn -0.8296 -0.2528 0.4978
vn -0.9243 -0.1738 0.3397
vn -0.9228 -0.1499 0.3549
vn -0.8331 -0.2122 0.5109
vn -0.9241 -0.1185 0.3633
vn -0.7091 -0.2206 0.6697
vn -0.8326 -0.1728 0.5263
vn -0.9244 -0.0869 0.3714
vn -0.2517 -0.2990 0.9205
vn -0.9233 -0.0631 0.3788
vn -0.2528 -0.2291 0.9400
vn -0.7091 -0.1655 0.6854
vn -0.2528 -0.1501 0.9558
vn -0.7067 -0.1099 0.6989
vn -0.8314 -0.1255 0.5412
vn -0.8313 -0.0863 0.5490
vn -0.7099 -0.0552 0.7021
vn -0.2529 -0.0790 0.9643
vn -0.9219 -0.0315 0.3861
vn -0.8335 -0.0472 0.5505
vn -0.9222 -0.0000 0.3868
vn -0.7071 -0.0000 0.7071
vn -0.8308 -0.0000 0.5565
vn -0.9219 0.0315 0.3861
vn -0.9233 0.0631 0.3788
vn -0.8335 0.0472 0.5505
vn -0.9244 0.0869 0.3714
vn -0.8314 0.0863 0.5490
vn -0.8314 0.1255 0.5413
vn -0.7099 0.0552 0.7021
vn -0.7106 0.1105 0.6948
vn -0.7090 0.1654 0.6855
vn -0.8326 0.1728 0.5262
vn -0.7091 0.2206 0.6697
vn -0.8330 0.2122 0.5109
vn -0.8320 0.2512 0.4946
vn -0.7075 0.3223 0.6289
vn -0.8327 0.2907 0.4713
vn -0.7096 0.3706 0.5993
vn -0.8316 0.3295 0.4472
vn -0.7094 0.4178 0.5676
vn -0.8311 0.3606 0.4234
vn -0.7096 0.4573 0.5361
vn -0.7106 0.4975 0.4975
vn -0.2517 0.6843 0.6843
vn -0.2524 0.6310 0.7336
vn -0.2529 0.5690 0.7824
vn -0.2518 0.5037 0.8264
vn -0.2527 0.4421 0.8606
vn -0.2512 0.3689 0.8949
vn -0.1967 0.3776 0.9048
vn -0.2517 0.2990 0.9205
vn -0.1977 0.3005 0.9331
vn -0.2528 0.2291 0.9400
vn -0.1969 0.2286 0.9534
vn -0.2528 0.1501 0.9558
vn -0.2529 0.0790 0.9643
vn -0.2518 -0.0000 0.9678
vn -0.5055 -0.0553 -0.8610
vn -0.5056 0.0553 -0.8610
vn -0.5062 -0.1661 -0.8463
vn -0.6401 -0.0486 -0.7667
vn -0.5062 0.1661 -0.8463
vn -0.6403 0.0474 -0.7667
vn -0.5049 0.2682 -0.8205
vn -0.6383 0.1418 -0.7567
vn -0.7631 -0.0393 0.6451
vn -0.7631 0.0393 0.6451
vn -0.7622 -0.1179 0.6365
vn -0.6383 -0.1418 -0.7566
vn -0.7622 0.1179 0.6365
vn -0.6381 0.2363 -0.7328
vn -0.7640 -0.1970 0.6144
vn -0.5043 0.3703 -0.7801
vn -0.6406 0.3243 -0.6961
vn -0.7642 -0.2757 0.5831
vn -0.7643 -0.3467 0.5438
vn -0.5053 0.4658 -0.7264
vn -0.6406 0.4114 -0.6484
vn -0.5051 0.5525 -0.6630
vn -0.6397 0.4897 -0.5924
vn -0.7648 -0.4102 0.4968
vn -0.6385 0.5598 -0.5282
vn -0.7634 -0.4722 0.4408
vn -0.7652 -0.5207 0.3787
vn -0.5041 0.6301 -0.5907
vn -0.6393 0.6236 -0.4499
vn -0.7641 -0.5672 0.3072
vn -0.5042 0.7011 -0.5042
vn -0.6404 0.6721 -0.3716
vn -0.5041 0.7561 -0.4174
vn -0.6376 0.7164 -0.2833
vn -0.7648 -0.5993 0.2367
vn -0.7656 -0.6236 0.1579
vn -0.5044 0.8039 -0.3152
vn -0.6409 0.7438 -0.1900
vn -0.5050 0.8364 -0.2130
vn -0.6381 0.7641 -0.0946
vn -0.7652 -0.6390 0.0789
vn -0.5032 0.8571 -0.1101
vn -0.6409 0.7676 -0.0000
vn -0.7637 -0.6455 -0.0000
vn -0.7652 -0.6390 -0.0789
vn -0.5063 0.8624 -0.0000
vn -0.6381 0.7641 0.0946
vn -0.5032 0.8571 0.1101
vn -0.7656 -0.6236 -0.1579
vn -0.5050 0.8364 0.2130
vn -0.6409 0.7438 0.1900
vn -0.7648 -0.5993 -0.2366
vn -0.5044 0.8039 0.3152
vn -0.6376 0.7164 0.2834
vn -0.7641 -0.5672 -0.3073
vn -0.5041 0.7561 0.4174
vn -0.6405 0.6721 0.3715
vn -0.7652 -0.5206 -0.3787
vn -0.5042 0.7011 0.5042
vn -0.6392 0.6236 0.4500
vn -0.7634 -0.4722 -0.4408
vn -0.6385 0.5598 0.5282
vn -0.7649 -0.4101 -0.4968
vn -0.5041 0.6301 0.5907
vn -0.6398 0.4896 0.5925
vn -0.5052 0.5525 0.6630
vn -0.6406 0.4112 0.6485
vn -0.7643 -0.3467 -0.5438
vn -0.7642 -0.2758 -0.5831
vn -0.5053 0.4658 0.7264
vn -0.6406 0.3243 0.6960
vn -0.7640 -0.1971 -0.6144
vn -0.5043 0.3703 0.7801
vn -0.6381 0.2364 0.7327
vn -0.7622 -0.1179 -0.6365
vn -0.5049 0.2682 0.8205
vn -0.6383 0.1419 0.7566
vn -0.5062 0.1661 0.8463
vn -0.6403 0.0473 0.7667
vn -0.7631 -0.0394 -0.6451
vn -0.5056 0.0553 0.8610
vn -0.6403 -0.0475 0.7667
vn -0.7631 0.0395 -0.6451
vn -0.5056 -0.0553 0.8610
vn -0.6382 -0.1420 0.7566
vn -0.5062 -0.1661 0.8463
vn -0.7622 0.1179 -0.6365
vn -0.5049 -0.2682 0.8205
vn -0.6381 -0.2365 0.7327
vn -0.7640 0.1969 -0.6144
vn -0.7642 0.2758 -0.5831
vn -0.5043 -0.3703 0.7801
vn -0.6406 -0.3242 0.6961
vn -0.5053 -0.4658 0.7264
vn -0.6406 -0.4112 0.6486
vn -0.7643 0.3467 -0.5437
vn -0.5051 -0.5525 0.6630
vn -0.6398 -0.4897 0.5924
vn -0.7649 0.4101 -0.4968
vn -0.5041 -0.6301 0.5907
vn -0.6386 -0.5597 0.5282
vn -0.7634 0.4722 -0.4408
vn -0.5042 -0.7011 0.5042
vn -0.6393 -0.6235 0.4500
vn -0.7652 0.5207 -0.3787
vn -0.5041 -0.7561 0.4174
vn -0.6404 -0.6721 0.3716
vn -0.7641 0.5672 -0.3073
vn -0.5044 -0.8039 0.3152
vn -0.6376 -0.7163 0.2834
vn -0.7648 0.5992 -0.2365
vn -0.7656 0.6236 -0.1579
vn -0.6408 -0.7438 0.1900
vn -0.5050 -0.8364 0.2130
vn -0.6381 -0.7641 0.0946
vn -0.7652 0.6390 -0.0789
vn -0.5033 -0.8571 0.1101
vn -0.6409 -0.7676 0.0001
vn -0.7637 0.6455 -0.0000
vn -0.5063 -0.8624 -0.0000
vn -0.5033 -0.8571 -0.1101
vn -0.6381 -0.7642 -0.0945
vn -0.7652 0.6390 0.0789
vn -0.7656 0.6236 0.1579
vn -0.5050 -0.8364 -0.2130
vn -0.6408 -0.7438 -0.1900
vn -0.7649 0.5992 0.2365
vn -0.5044 -0.8039 -0.3152
vn -0.6376 -0.7164 -0.2834
vn -0.7641 0.5672 0.3072
vn -0.5041 -0.7561 -0.4174
vn -0.6405 -0.6721 -0.3716
vn -0.5042 -0.7011 -0.5042
vn -0.6392 -0.6236 -0.4500
vn -0.7652 0.5207 0.3787
vn -0.6385 -0.5599 -0.5281
vn -0.7634 0.4722 0.4407
vn -0.5041 -0.6301 -0.5907
vn -0.6397 -0.4897 -0.5924
vn -0.7648 0.4102 0.4968
vn -0.5051 -0.5525 -0.6630
vn -0.6406 -0.4113 -0.6485
vn -0.7643 0.3467 0.5438
vn -0.5053 -0.4658 -0.7264
vn -0.6406 -0.3244 -0.6960
vn -0.7642 0.2758 0.5830
vn -0.5043 -0.3703 -0.7801
vn -0.6382 -0.2364 -0.7327
vn -0.7640 0.1969 0.6144
vn -0.5049 -0.2682 -0.8204
vn -0.9358 0.2202 -0.2752
vn -0.9279 0.3381 -0.1573
vn -0.9468 0.0631 -0.3156
vn -0.9252 0.3795 -0.0001
vn -0.9569 -0.0942 -0.2746
vn -0.9279 0.3381 0.1573
vn -0.9647 -0.2117 -0.1569
vn -0.9358 0.2202 0.2752
vn -0.9980 0.0629 -0.0000
vn -0.9468 0.0631 0.3156
vn -0.9570 -0.0941 0.2745
vn -0.9678 -0.2518 -0.0000
vn -0.9646 -0.2118 0.1569
vn -0.0000 0.7093 -0.7049
vn -0.0000 0.9678 -0.2518
vn -0.0000 0.7032 0.7110
vn -0.0000 0.9658 -0.2592
vn -0.0000 0.2592 -0.9658
vn -0.0000 0.2591 -0.9659
vn -0.0000 -0.7032 -0.7110
vn -0.0000 0.7047 0.7095
vn -0.0001 -0.7031 -0.7111
vn -0.0000 -0.9659 0.2591
vn -0.0000 -0.2591 0.9658
vn -0.0000 -0.2592 0.9658
vn -0.0000 -0.9678 0.2518
vn -0.9115 -0.2907 -0.2908
vn -0.9099 0.1098 -0.4001
vn -0.9134 -0.3939 0.1024
vn -0.9135 0.3939 -0.1024
vn -1.0000 -0.0001 -0.0002
vn -0.9115 0.2908 0.2907
vn -0.9127 -0.1074 0.3942
vn -1.0000 0.0001 -0.0001
vn -1.0000 -0.0001 -0.0001
vn -1.0000 -0.0001 0.0001
vn -1.0000 0.0001 0.0001
vn -0.0000 0.9980 0.0628
vn -0.0000 0.8975 -0.4409
vn -0.0000 0.8976 -0.4409
vn -0.0001 0.8330 0.5532
vn -0.0000 0.0624 -0.9980
vn -0.0001 -0.0629 0.9980
vn -0.0000 0.8344 0.5511
vn -0.0000 -0.0629 0.9980
vn -0.9104 0.3453 0.2276
vn -0.0000 0.0629 -0.9980
vn -0.0000 -0.8344 -0.5511
vn -0.9115 0.3695 -0.1808
vn -0.9122 -0.0236 0.4090
vn -0.0001 -0.8344 -0.5511
vn -0.0000 -0.8976 0.4409
vn -0.0001 -0.8976 0.4409
vn -0.9142 -0.3625 0.1812
vn -0.9129 -0.3385 -0.2282
vn -0.9122 0.0236 -0.4090
vn -0.0000 -0.4302 0.9027
vn -0.0000 -0.8247 0.5656
vn -0.0000 -0.8241 0.5665
vn -0.0000 -0.9023 -0.4311
vn -0.0001 0.0785 0.9969
vn -0.0000 0.0788 0.9969
vn -0.0000 0.9022 0.4313
vn -0.9112 -0.3378 0.2357
vn -0.0001 -0.0785 -0.9969
vn -0.0000 -0.0788 -0.9969
vn -0.9116 -0.3693 -0.1807
vn -0.0001 0.8247 -0.5655
vn -0.0000 0.8247 -0.5655
vn -0.9121 -0.0314 -0.4088
vn -0.0001 0.9021 0.4315
vn -0.9129 0.3385 -0.2282
vn -0.9128 0.3698 0.1731
vn -0.9120 0.0314 0.4089
vn -0.0000 0.4093 0.9124
vn -0.0001 -0.5853 0.8108
vn -0.0000 -0.5835 0.8121
vn -0.0000 0.9947 0.1025
vn -0.0001 -0.9947 -0.1026
vn -0.0000 -0.9947 -0.1023
vn -0.9136 -0.2363 0.3308
vn -0.0001 0.9947 0.1026
vn -0.9101 0.1726 0.3766
vn -0.9118 -0.4089 -0.0393
vn -0.0000 -0.4093 -0.9124
vn -0.9140 -0.1655 -0.3704
vn -0.9118 0.4086 0.0420
vn -0.9119 0.2437 -0.3302
vn -0.9992 -0.0100 -0.0390
vn -0.9968 -0.0795 -0.0084
vn -0.9045 -0.4265 0.0002
vn -0.9029 -0.4275 -0.0448
vn -0.9968 -0.0784 -0.0166
vn -0.9017 -0.4229 -0.0897
vn -0.9597 -0.2675 -0.0865
vn -0.9970 -0.0712 -0.0316
vn -0.9017 -0.3950 -0.1757
vn -0.9594 -0.2439 -0.1416
vn -0.9040 -0.3459 -0.2512
vn -0.9968 -0.0693 -0.0397
vn -0.9970 -0.0579 -0.0520
vn -0.9017 -0.3214 -0.2892
vn -0.9588 -0.1886 -0.2122
vn -0.9029 -0.2531 -0.3475
vn -0.9968 -0.0537 -0.0592
vn -0.9036 -0.2144 -0.3710
vn -0.9966 -0.0485 -0.0664
vn -0.9968 -0.0326 -0.0732
vn -0.9017 -0.1760 -0.3949
vn -0.9597 -0.0865 -0.2675
vn -0.9966 -0.0170 -0.0804
vn -0.9029 -0.0895 -0.4204
vn -0.9970 -0.0081 -0.0775
vn -0.9017 -0.0454 -0.4299
vn -0.9044 -0.0002 -0.4266
vn -0.9966 0.0087 -0.0817
vn -0.9029 0.0448 -0.4275
vn -0.9970 0.0162 -0.0762
vn -0.9017 0.0897 -0.4229
vn -0.9597 0.0865 -0.2674
vn -0.9968 0.0326 -0.0732
vn -0.9017 0.1757 -0.3950
vn -0.9594 0.1416 -0.2438
vn -0.9970 0.0387 -0.0673
vn -0.9029 0.2524 -0.3480
vn -0.9966 0.0482 -0.0666
vn -0.9033 0.2867 -0.3190
vn -0.9968 0.0534 -0.0595
vn -0.9040 0.3175 -0.2863
vn -0.9968 0.0648 -0.0471
vn -0.9017 0.3497 -0.2542
vn -0.9594 0.2439 -0.1417
vn -0.9968 0.0732 -0.0326
vn -0.9017 0.3949 -0.1760
vn -0.9597 0.2674 -0.0865
vn -0.9968 0.0784 -0.0167
vn -0.9017 0.4229 -0.0901
vn -0.9586 0.2830 -0.0314
vn -0.9044 0.4266 -0.0002
vn -0.9968 0.0795 -0.0085
vn -0.9968 0.0795 0.0084
vn -0.9029 0.4275 0.0448
vn -0.9968 0.0784 0.0166
vn -0.9017 0.4229 0.0897
vn -0.9597 0.2674 0.0865
vn -0.9968 0.0733 0.0326
vn -0.9017 0.3950 0.1757
vn -0.9594 0.2438 0.1416
vn -0.9968 0.0649 0.0471
vn -0.9017 0.3499 0.2540
vn -0.9588 0.2122 0.1886
vn -0.9968 0.0534 0.0594
vn -0.9033 0.2871 0.3187
vn -0.9968 0.0469 0.0647
vn -0.9029 0.2528 0.3477
vn -0.9968 0.0399 0.0692
vn -0.9024 0.2156 0.3730
vn -0.9968 0.0326 0.0732
vn -0.9017 0.1760 0.3949
vn -0.9597 0.0866 0.2675
vn -0.9968 0.0166 0.0782
vn -0.9029 0.0895 0.4204
vn -0.9968 0.0084 0.0797
vn -0.9017 0.0454 0.4300
vn -0.9044 0.0002 0.4266
vn -0.9968 -0.0084 0.0795
vn -0.9029 -0.0448 0.4275
vn -0.9968 -0.0166 0.0784
vn -0.9017 -0.0897 0.4229
vn -0.9040 -0.1319 0.4067
vn -0.9970 -0.0316 0.0712
vn -0.9017 -0.1757 0.3950
vn -0.9036 -0.2141 0.3711
vn -0.9968 -0.0471 0.0649
vn -0.9022 -0.2534 0.3491
vn -0.9588 -0.1886 0.2123
vn -0.9968 -0.0596 0.0537
vn -0.9017 -0.3212 0.2894
vn -0.9595 -0.2282 0.1652
vn -0.9036 -0.3710 0.2144
vn -0.9968 -0.0646 0.0471
vn -0.9968 -0.0732 0.0326
vn -0.9017 -0.3949 0.1760
vn -0.9597 -0.2675 0.0865
vn -0.9968 -0.0784 0.0167
vn -0.9017 -0.4229 0.0901
vn -0.9586 -0.2829 0.0314
vn -0.9968 -0.0795 0.0085
vn 0.9945 -0.1026 0.0221
vn 0.8877 -0.4604 0.0002
vn 0.8856 -0.4543 0.0967
vn 0.9948 -0.0934 0.0415
vn 0.8839 -0.4271 0.1904
vn 0.9468 -0.2603 0.1893
vn 0.9942 -0.0719 0.0805
vn 0.8850 -0.3114 0.3461
vn 0.9951 -0.0496 0.0860
vn 0.8839 -0.2336 0.4050
vn 0.8871 -0.1422 0.4390
vn 0.9945 -0.0106 0.1044
vn 0.8861 -0.0483 0.4609
vn 0.8839 0.0490 0.4650
vn 0.9945 0.0110 0.1046
vn 0.9460 0.1025 0.3075
vn 0.9942 0.0544 0.0933
vn 0.8856 0.2324 0.4022
vn 0.9945 0.0706 0.0776
vn 0.8850 0.3116 0.3458
vn 0.9948 0.0828 0.0596
vn 0.8856 0.3759 0.2729
vn 0.9945 0.0960 0.0424
vn 0.8856 0.4244 0.1888
vn 0.9942 0.1057 0.0220
vn 0.8856 0.4544 0.0964
vn 0.9948 0.1020 -0.0005
vn 0.8861 0.4634 -0.0002
vn 0.9945 0.1026 -0.0221
vn 0.8856 0.4543 -0.0967
vn 0.9945 0.0957 -0.0430
vn 0.8856 0.4242 -0.1891
vn 0.9945 0.0847 -0.0619
vn 0.8851 0.3765 -0.2737
vn 0.9942 0.0719 -0.0805
vn 0.8856 0.3107 -0.3453
vn 0.9945 0.0520 -0.0912
vn 0.8856 0.2321 -0.4023
vn 0.9948 0.0311 -0.0972
vn 0.8856 0.1434 -0.4418
vn 0.9948 0.0108 -0.1016
vn 0.8845 0.0486 -0.4640
vn 0.9482 -0.0316 -0.3161
vn 0.8856 -0.1428 -0.4420
vn 0.9942 -0.0109 -0.1074
vn 0.8856 -0.2316 -0.4027
vn 0.9945 -0.0322 -0.0999
vn 0.8850 -0.3111 -0.3463
vn 0.9945 -0.0522 -0.0910
vn 0.8871 -0.3736 -0.2709
vn 0.9945 -0.0700 -0.0781
vn 0.9948 -0.0933 -0.0416
vn 0.8839 -0.4272 -0.1900
vn 0.9468 -0.3156 -0.0631
vn 0.9942 -0.1055 -0.0228
vn -0.8298 -0.5581 0.0002
vn -0.8280 -0.5576 0.0587
vn -0.9467 -0.3220 0.0001
vn -0.9458 -0.3232 0.0315
vn -0.8262 -0.5509 0.1180
vn -0.9463 -0.3154 0.0710
vn -0.9460 -0.3075 0.1025
vn -0.8267 -0.5354 0.1732
vn -0.9470 -0.2920 0.1342
vn -0.8277 -0.5124 0.2286
vn -0.9479 -0.2765 0.1580
vn -0.8258 -0.4877 0.2831
vn -0.9467 -0.2604 0.1894
vn -0.8262 -0.4563 0.3305
vn -0.8265 -0.4173 0.3778
vn -0.9478 -0.2370 0.2133
vn -0.9478 -0.2133 0.2370
vn -0.8265 -0.3778 0.4173
vn -0.9467 -0.1892 0.2606
vn -0.8262 -0.3305 0.4563
vn -0.9479 -0.1580 0.2765
vn -0.8258 -0.2831 0.4877
vn -0.8277 -0.2286 0.5124
vn -0.9470 -0.1342 0.2920
vn -0.9460 -0.1025 0.3075
vn -0.8267 -0.1732 0.5353
vn -0.8262 -0.1180 0.5509
vn -0.9468 -0.0631 0.3156
vn -0.8271 -0.0551 0.5593
vn -0.9458 -0.0315 0.3232
vn -0.9463 -0.0000 0.3233
vn -0.8284 -0.0000 0.5601
vn -0.8271 0.0551 0.5593
vn -0.9458 0.0316 0.3231
vn -0.9463 0.0709 0.3154
vn -0.8262 0.1180 0.5508
vn -0.9460 0.1025 0.3075
vn -0.8267 0.1732 0.5354
vn -0.8277 0.2286 0.5125
vn -0.9470 0.1342 0.2920
vn -0.9479 0.1580 0.2765
vn -0.8258 0.2831 0.4878
vn -0.8262 0.3305 0.4563
vn -0.9467 0.1894 0.2604
vn -0.8265 0.3778 0.4173
vn -0.9479 0.2132 0.2369
vn -0.9478 0.2369 0.2132
vn -0.8265 0.4172 0.3778
vn -0.8261 0.4564 0.3306
vn -0.9467 0.2606 0.1892
vn -0.9479 0.2765 0.1580
vn -0.8258 0.4877 0.2831
vn -0.8277 0.5124 0.2286
vn -0.9470 0.2920 0.1341
vn -0.8267 0.5354 0.1732
vn -0.9460 0.3075 0.1025
vn -0.8262 0.5509 0.1180
vn -0.9468 0.3156 0.0631
vn -0.9458 0.3231 0.0315
vn -0.8271 0.5593 0.0552
vn -0.9463 0.3233 -0.0000
vn -0.8271 0.5593 -0.0551
vn -0.9458 0.3232 -0.0315
vn -0.8261 0.5510 -0.1180
vn -0.9463 0.3154 -0.0710
vn -0.9460 0.3075 -0.1025
vn -0.8267 0.5354 -0.1732
vn -0.8278 0.5124 -0.2286
vn -0.9470 0.2920 -0.1342
vn -0.8258 0.4879 -0.2830
vn -0.9479 0.2765 -0.1580
vn -0.8262 0.4564 -0.3304
vn -0.9467 0.2604 -0.1893
vn -0.9478 0.2370 -0.2133
vn -0.8265 0.4172 -0.3778
vn -0.8265 0.3778 -0.4173
vn -0.9478 0.2132 -0.2369
vn -0.9467 0.1892 -0.2606
vn -0.8262 0.3305 -0.4563
vn -0.8258 0.2831 -0.4877
vn -0.9479 0.1580 -0.2765
vn -0.8277 0.2286 -0.5124
vn -0.9470 0.1342 -0.2920
vn -0.9461 0.1024 -0.3074
vn -0.8267 0.1732 -0.5354
vn -0.8262 0.1180 -0.5509
vn -0.8271 0.0551 -0.5593
vn -0.9458 0.0315 -0.3231
vn -0.9463 -0.0000 -0.3233
vn -0.8284 -0.0000 -0.5602
vn -0.8271 -0.0551 -0.5593
vn -0.9458 -0.0315 -0.3232
vn -0.9463 -0.0710 -0.3154
vn -0.8262 -0.1180 -0.5508
vn -0.9460 -0.1025 -0.3075
vn -0.8267 -0.1732 -0.5354
vn -0.9470 -0.1342 -0.2920
vn -0.8278 -0.2286 -0.5124
vn -0.9479 -0.1580 -0.2765
vn -0.8258 -0.2831 -0.4877
vn -0.9467 -0.1894 -0.2605
vn -0.8261 -0.3305 -0.4564
vn -0.8265 -0.3778 -0.4174
vn -0.9478 -0.2132 -0.2369
vn -0.8265 -0.4173 -0.3778
vn -0.9478 -0.2370 -0.2133
vn -0.8261 -0.4564 -0.3306
vn -0.9468 -0.2606 -0.1891
vn -0.9479 -0.2765 -0.1580
vn -0.8258 -0.4877 -0.2831
vn -0.8277 -0.5124 -0.2286
vn -0.9470 -0.2920 -0.1341
vn -0.8267 -0.5354 -0.1732
vn -0.9460 -0.3075 -0.1024
vn -0.8262 -0.5509 -0.1180
vn -0.9468 -0.3156 -0.0631
vn -0.8271 -0.5593 -0.0551
vn -0.9458 -0.3232 -0.0315
vn 0.7952 -0.6063 -0.0000
vn 0.7964 -0.5914 -0.1262
vn 0.9263 -0.3767 -0.0000
vn 0.9262 -0.3688 -0.0785
vn 0.7969 -0.5523 -0.2446
vn 0.9265 -0.3455 -0.1492
vn 0.7967 -0.4891 -0.3550
vn 0.9263 -0.3061 -0.2198
vn 0.7972 -0.4025 -0.4499
vn 0.9279 -0.2516 -0.2752
vn 0.7951 -0.2992 -0.5275
vn 0.9276 -0.1887 -0.3223
vn 0.7958 -0.1891 -0.5752
vn 0.9279 -0.1179 -0.3538
vn 0.7974 -0.0632 -0.6001
vn 0.9283 -0.0393 -0.3698
vn 0.7974 0.0632 -0.6001
vn 0.9283 0.0393 -0.3698
vn 0.9278 0.1179 -0.3539
vn 0.7959 0.1891 -0.5752
vn 0.9276 0.1887 -0.3223
vn 0.7952 0.2991 -0.5275
vn 0.9279 0.2516 -0.2752
vn 0.7972 0.4025 -0.4499
vn 0.7967 0.4891 -0.3550
vn 0.9263 0.3061 -0.2198
vn 0.7969 0.5523 -0.2446
vn 0.9265 0.3455 -0.1492
vn 0.7964 0.5914 -0.1262
vn 0.9262 0.3688 -0.0785
vn 0.7952 0.6063 -0.0000
vn 0.9263 0.3767 -0.0000
vn 0.7965 0.5914 0.1262
vn 0.9262 0.3688 0.0785
vn 0.7969 0.5523 0.2446
vn 0.9265 0.3455 0.1492
vn 0.7967 0.4891 0.3550
vn 0.9263 0.3061 0.2198
vn 0.7972 0.4026 0.4499
vn 0.9279 0.2516 0.2752
vn 0.9277 0.1887 0.3223
vn 0.7952 0.2992 0.5275
vn 0.9279 0.1179 0.3538
vn 0.7959 0.1891 0.5752
vn 0.7974 0.0632 0.6001
vn 0.9283 0.0393 0.3698
vn 0.7974 -0.0632 0.6001
vn 0.9283 -0.0393 0.3697
vn 0.9278 -0.1179 0.3539
vn 0.7958 -0.1891 0.5752
vn 0.7951 -0.2992 0.5275
vn 0.9276 -0.1887 0.3223
vn 0.7972 -0.4026 0.4499
vn 0.9279 -0.2516 0.2752
vn 0.7967 -0.4891 0.3550
vn 0.9263 -0.3061 0.2198
vn 0.9265 -0.3455 0.1492
vn 0.7969 -0.5523 0.2446
vn 0.9262 -0.3688 0.0785
vn 0.7964 -0.5914 0.1262
vn 0.0019 -0.9614 0.2753
vn -0.0001 -0.6063 -0.7952
vn 0.7606 -0.0002 -0.6492
vn 0.6909 -0.0756 -0.7190
vn 0.2978 -0.0004 -0.9546
vn 0.2981 -0.1020 -0.9491
vn 0.6872 -0.1501 -0.7108
vn 0.0236 -0.0000 -0.9997
vn 0.2983 -0.1962 -0.9341
vn 0.6845 -0.2282 -0.6924
vn 0.0237 -0.1026 -0.9944
vn 0.2994 -0.2994 -0.9059
vn 0.6863 -0.2998 -0.6627
vn 0.0237 -0.2052 -0.9784
vn -0.0237 -0.1026 -0.9944
vn -0.0236 -0.0004 -0.9997
vn -0.0237 -0.2052 -0.9784
vn -0.3162 -0.0000 -0.9487
vn -0.7093 -0.0709 -0.7014
vn -0.7071 -0.0003 -0.7071
vn -0.7070 -0.1493 -0.6913
vn -0.3148 -0.1967 -0.9286
vn -0.3143 -0.2908 -0.9037
vn -0.7089 -0.2835 -0.6458
vn -0.0236 -0.3067 -0.9515
vn -0.3152 -0.3862 -0.8669
vn -0.7069 -0.3535 -0.6126
vn -0.0236 -0.4089 -0.9123
vn -0.0236 -0.5028 -0.8641
vn 0.0236 -0.3067 -0.9515
vn 0.0236 -0.4089 -0.9123
vn 0.0236 -0.5028 -0.8641
vn 0.2986 -0.4794 -0.8252
vn 0.2989 -0.3854 -0.8730
vn 0.6860 -0.3627 -0.6308
vn 0.6854 -0.4254 -0.5909
vn 0.2996 -0.5597 -0.7726
vn 0.6841 -0.4875 -0.5426
vn 0.0235 -0.5885 -0.8082
vn 0.2994 -0.6383 -0.7092
vn 0.2994 -0.7092 -0.6383
vn 0.6841 -0.5422 -0.4878
vn -0.0235 -0.5885 -0.8082
vn 0.2996 -0.7726 -0.5598
vn 0.6855 -0.5909 -0.4254
vn 0.2987 -0.8252 -0.4794
vn 0.6860 -0.6308 -0.3627
vn 0.0237 -0.8675 -0.4968
vn 0.0235 -0.8082 -0.5885
vn -0.0237 -0.8675 -0.4969
vn 0.0237 -0.7415 -0.6705
vn -0.0235 -0.8082 -0.5885
vn 0.0237 -0.6705 -0.7415
vn -0.0237 -0.7415 -0.6705
vn -0.0237 -0.6705 -0.7415
vn -0.3137 -0.6352 -0.7058
vn -0.3137 -0.7059 -0.6351
vn -0.3157 -0.7657 -0.5604
vn -0.3161 -0.8218 -0.4741
vn -0.7095 -0.5676 -0.4178
vn -0.7069 -0.6127 -0.3535
vn -0.7073 -0.5266 -0.4716
vn -0.7073 -0.4716 -0.5266
vn -0.3158 -0.5604 -0.7657
vn -0.7095 -0.4178 -0.5676
vn -0.7093 -0.7014 -0.0709
vn -0.3162 -0.9487 -0.0000
vn -0.3146 -0.9437 -0.1022
vn -0.7070 -0.6913 -0.1493
vn -0.0236 -0.9997 -0.0000
vn -0.7091 -0.6697 -0.2206
vn -0.0237 -0.9944 -0.1026
vn -0.3143 -0.9037 -0.2908
vn -0.7088 -0.6459 -0.2836
vn -0.0237 -0.9784 -0.2052
vn 0.0237 -0.9944 -0.1026
vn 0.0236 -0.9997 0.0004
vn -0.3153 -0.8669 -0.3862
vn -0.0236 -0.9515 -0.3067
vn -0.0236 -0.9123 -0.4089
vn 0.0236 -0.9123 -0.4089
vn 0.0236 -0.9515 -0.3067
vn 0.2989 -0.8730 -0.3854
vn 0.6863 -0.6627 -0.2998
vn 0.3001 -0.9081 -0.2922
vn 0.6857 -0.6936 -0.2207
vn 0.0237 -0.9784 -0.2052
vn 0.2983 -0.9341 -0.1962
vn 0.6872 -0.7108 -0.1501
vn 0.2980 -0.9491 -0.1020
vn 0.6850 -0.7243 -0.0787
vn 0.2996 -0.9541 -0.0000
vn 0.6871 -0.7266 0.0003
vn 0.6849 -0.7243 0.0787
vn 0.2981 -0.9491 0.1020
vn 0.6872 -0.7108 0.1501
vn 0.2983 -0.9341 0.1962
vn 0.6845 -0.6924 0.2282
vn 0.0237 -0.9944 0.1026
vn 0.2994 -0.9059 0.2994
vn 0.6863 -0.6627 0.2998
vn 0.0237 -0.9784 0.2052
vn -0.0237 -0.9944 0.1026
vn -0.0237 -0.9784 0.2052
vn -0.3146 -0.9437 0.1022
vn -0.7093 -0.7014 0.0709
vn -0.7070 -0.6913 0.1493
vn -0.7091 -0.6697 0.2206
vn -0.3143 -0.9037 0.2908
vn -0.7089 -0.6458 0.2835
vn -0.0236 -0.9515 0.3067
vn -0.3152 -0.8669 0.3862
vn -0.7069 -0.6126 0.3535
vn -0.3161 -0.8218 0.4741
vn -0.0236 -0.9123 0.4089
vn -0.0236 -0.8641 0.5028
vn 0.0236 -0.9515 0.3067
vn 0.0236 -0.9123 0.4089
vn 0.0236 -0.8641 0.5028
vn 0.2986 -0.8252 0.4794
vn 0.2989 -0.8730 0.3854
vn 0.6860 -0.6308 0.3627
vn 0.6854 -0.5909 0.4254
vn 0.2996 -0.7726 0.5597
vn 0.6841 -0.5426 0.4875
vn 0.0235 -0.8082 0.5885
vn 0.2994 -0.7092 0.6383
vn 0.2994 -0.6383 0.7092
vn 0.6841 -0.4878 0.5422
vn -0.0235 -0.8082 0.5885
vn 0.2996 -0.5598 0.7726
vn 0.6854 -0.4255 0.5909
vn 0.2987 -0.4794 0.8252
vn 0.6860 -0.3627 0.6308
vn 0.0237 -0.4968 0.8675
vn 0.0235 -0.5885 0.8082
vn -0.0237 -0.4969 0.8675
vn 0.0237 -0.6705 0.7415
vn -0.0235 -0.5885 0.8082
vn 0.0237 -0.7415 0.6705
vn -0.0237 -0.6705 0.7415
vn -0.0237 -0.7415 0.6705
vn -0.3137 -0.7058 0.6352
vn -0.3137 -0.6351 0.7059
vn -0.3157 -0.5604 0.7657
vn -0.3161 -0.4741 0.8218
vn -0.7069 -0.3535 0.6127
vn -0.7094 -0.4178 0.5676
vn -0.7073 -0.4716 0.5266
vn -0.7073 -0.5266 0.4716
vn -0.3157 -0.7657 0.5604
vn -0.7095 -0.5676 0.4178
vn 0.2996 -0.0000 0.9541
vn 0.6849 -0.0787 0.7243
vn 0.6871 0.0003 0.7266
vn 0.2980 -0.1020 0.9491
vn 0.6872 -0.1501 0.7108
vn 0.0236 -0.0000 0.9997
vn 0.2983 -0.1962 0.9341
vn 0.6857 -0.2207 0.6936
vn 0.0237 -0.1026 0.9944
vn -0.0236 -0.0000 0.9997
vn 0.3001 -0.2922 0.9081
vn 0.6863 -0.2998 0.6627
vn 0.0237 -0.2052 0.9784
vn -0.0237 -0.1026 0.9944
vn 0.2989 -0.3854 0.8730
vn 0.0236 -0.3067 0.9515
vn 0.0236 -0.4089 0.9123
vn -0.0237 -0.2052 0.9784
vn -0.0236 -0.3067 0.9515
vn -0.0236 -0.4089 0.9123
vn -0.3153 -0.3862 0.8669
vn -0.7088 -0.2836 0.6459
vn -0.3143 -0.2908 0.9037
vn -0.3148 -0.1967 0.9286
vn -0.7070 -0.1493 0.6913
vn -0.7092 -0.0709 0.7014
vn -0.3162 -0.0000 0.9487
vn 0.6849 0.0787 0.7243
vn 0.2981 0.1020 0.9491
vn 0.6872 0.1501 0.7108
vn 0.2983 0.1962 0.9341
vn 0.6845 0.2282 0.6924
vn 0.0237 0.1026 0.9944
vn 0.2994 0.2994 0.9059
vn 0.6863 0.2998 0.6627
vn 0.0237 0.2052 0.9784
vn -0.0237 0.1026 0.9944
vn 0.2989 0.3854 0.8730
vn 0.6860 0.3627 0.6308
vn 0.2986 0.4794 0.8252
vn 0.0236 0.3067 0.9515
vn 0.0236 0.4089 0.9123
vn 0.0236 0.5028 0.8641
vn -0.0236 0.5028 0.8641
vn -0.0236 0.4089 0.9123
vn -0.3161 0.4741 0.8218
vn -0.0236 0.3067 0.9515
vn -0.3152 0.3863 0.8668
vn -0.7069 0.3535 0.6126
vn -0.7089 0.2835 0.6458
vn -0.0237 0.2052 0.9784
vn -0.3143 0.2908 0.9037
vn -0.3148 0.1967 0.9286
vn -0.7070 0.1493 0.6913
vn -0.3146 0.1022 0.9437
vn -0.7093 0.0709 0.7014
vn 0.6854 0.4255 0.5909
vn 0.2996 0.5597 0.7726
vn 0.6841 0.4875 0.5426
vn 0.2994 0.6383 0.7092
vn 0.0235 0.5885 0.8082
vn -0.0235 0.5885 0.8082
vn 0.2994 0.7092 0.6383
vn 0.6841 0.5422 0.4878
vn 0.0237 0.6705 0.7415
vn 0.2996 0.7726 0.5598
vn 0.6854 0.5909 0.4255
vn 0.0237 0.7415 0.6705
vn 0.2987 0.8252 0.4794
vn 0.6860 0.6308 0.3627
vn 0.0237 0.8675 0.4968
vn 0.0235 0.8082 0.5885
vn -0.0237 0.8675 0.4969
vn -0.0235 0.8082 0.5885
vn -0.0237 0.7415 0.6705
vn -0.0237 0.6705 0.7415
vn -0.3137 0.6352 0.7058
vn -0.3137 0.7059 0.6351
vn -0.3157 0.7657 0.5604
vn -0.3161 0.8218 0.4741
vn -0.7069 0.6127 0.3535
vn -0.7095 0.5676 0.4178
vn -0.7073 0.5266 0.4716
vn -0.7073 0.4716 0.5266
vn -0.3157 0.5604 0.7657
vn -0.7095 0.4178 0.5676
vn -0.3162 0.9487 -0.0000
vn -0.7093 0.7014 0.0709
vn -0.3146 0.9437 0.1022
vn -0.7070 0.6913 0.1493
vn -0.0236 0.9997 -0.0000
vn -0.3148 0.9286 0.1967
vn -0.0237 0.9944 0.1026
vn -0.3143 0.9037 0.2908
vn -0.7088 0.6459 0.2836
vn -0.0237 0.9784 0.2052
vn 0.0237 0.9944 0.1026
vn 0.0236 0.9997 -0.0004
vn 0.0237 0.9784 0.2052
vn 0.2980 0.9491 0.1020
vn 0.2996 0.9541 -0.0000
vn 0.6849 0.7243 0.0787
vn 0.6871 0.7266 -0.0003
vn 0.6872 0.7108 0.1501
vn 0.2983 0.9341 0.1962
vn 0.6857 0.6936 0.2207
vn 0.3001 0.9081 0.2922
vn 0.6863 0.6627 0.2998
vn 0.0236 0.9515 0.3067
vn 0.2989 0.8730 0.3854
vn 0.0236 0.9123 0.4089
vn -0.0236 0.9515 0.3067
vn -0.0236 0.9123 0.4089
vn -0.3153 0.8669 0.3862
vn 0.6849 0.7243 -0.0787
vn 0.2981 0.9491 -0.1020
vn 0.6872 0.7108 -0.1501
vn 0.2983 0.9341 -0.1962
vn 0.6845 0.6924 -0.2282
vn 0.0237 0.9944 -0.1026
vn 0.2994 0.9059 -0.2994
vn 0.6863 0.6627 -0.2998
vn 0.0237 0.9784 -0.2052
vn -0.0237 0.9944 -0.1026
vn 0.2989 0.8730 -0.3854
vn 0.6860 0.6308 -0.3627
vn 0.2986 0.8252 -0.4794
vn 0.0236 0.9515 -0.3067
vn 0.0236 0.9123 -0.4089
vn 0.0236 0.8641 -0.5028
vn -0.0236 0.8641 -0.5028
vn -0.0236 0.9123 -0.4089
vn -0.3161 0.8218 -0.4741
vn -0.0236 0.9515 -0.3067
vn -0.3152 0.8668 -0.3863
vn -0.7069 0.6126 -0.3535
vn -0.7089 0.6458 -0.2835
vn -0.3143 0.9037 -0.2908
vn -0.0237 0.9784 -0.2052
vn -0.3148 0.9286 -0.1967
vn -0.7070 0.6913 -0.1493
vn -0.3146 0.9437 -0.1022
vn -0.7093 0.7014 -0.0709
vn -0.7095 0.4178 -0.5676
vn -0.3161 0.4741 -0.8218
vn -0.7069 0.3535 -0.6127
vn -0.3157 0.5604 -0.7657
vn -0.7073 0.4716 -0.5266
vn -0.0236 0.4968 -0.8675
vn -0.3137 0.6352 -0.7058
vn -0.7073 0.5266 -0.4716
vn -0.0235 0.5885 -0.8082
vn 0.0235 0.5885 -0.8082
vn 0.0237 0.4968 -0.8675
vn -0.0237 0.6705 -0.7415
vn 0.2996 0.5598 -0.7726
vn 0.2987 0.4794 -0.8252
vn 0.6855 0.4254 -0.5909
vn 0.6860 0.3627 -0.6308
vn 0.6841 0.4875 -0.5425
vn 0.2994 0.6383 -0.7092
vn 0.6841 0.5426 -0.4875
vn 0.0237 0.6705 -0.7415
vn 0.2994 0.7092 -0.6383
vn 0.0237 0.7415 -0.6705
vn 0.2996 0.7726 -0.5597
vn 0.6854 0.5909 -0.4254
vn 0.0235 0.8082 -0.5885
vn -0.0235 0.8082 -0.5885
vn -0.0237 0.7415 -0.6705
vn -0.3158 0.7657 -0.5604
vn -0.3137 0.7058 -0.6352
vn -0.7095 0.5676 -0.4178
vn -0.7093 0.0709 -0.7014
vn -0.3146 0.1022 -0.9437
vn -0.7070 0.1493 -0.6913
vn -0.3148 0.1967 -0.9285
vn -0.0237 0.1026 -0.9944
vn -0.3143 0.2908 -0.9037
vn -0.7088 0.2836 -0.6459
vn -0.0237 0.2052 -0.9784
vn 0.0237 0.1026 -0.9944
vn -0.3153 0.3862 -0.8669
vn -0.0236 0.3067 -0.9515
vn -0.0236 0.4089 -0.9123
vn 0.0236 0.4089 -0.9123
vn 0.0236 0.3067 -0.9515
vn 0.2989 0.3854 -0.8730
vn 0.6863 0.2998 -0.6627
vn 0.3001 0.2922 -0.9081
vn 0.6857 0.2207 -0.6936
vn 0.0237 0.2052 -0.9784
vn 0.2983 0.1962 -0.9341
vn 0.6872 0.1508 -0.7106
vn 0.2980 0.1020 -0.9491
vn 0.6849 0.0787 -0.7243
vn -0.9658 0.2592 -0.0000
vn -0.9656 0.2591 0.0236
vn -0.9969 -0.0785 -0.0000
vn -0.9662 0.2520 0.0535
vn -0.9664 0.2447 0.0794
vn -0.9972 -0.0707 -0.0236
vn -0.9664 0.2357 0.1021
vn -0.9663 0.2229 0.1289
vn -0.9663 0.2082 0.1515
vn -0.9969 -0.0628 -0.0471
vn -0.9652 0.1962 0.1727
vn -0.9667 0.1712 0.1901
vn -0.9658 0.1527 0.2096
vn -0.9668 0.1281 0.2213
vn -0.9973 -0.0393 -0.0628
vn -0.9664 0.1021 0.2357
vn -0.9668 0.0789 0.2431
vn -0.9972 -0.0236 -0.0707
vn -0.9663 0.0550 0.2514
vn -0.9659 0.0272 0.2576
vn -0.9672 0.0001 0.2540
vn -0.9969 -0.0000 -0.0785
vn -0.9656 -0.0236 0.2591
vn -0.9663 -0.0532 0.2519
vn -0.9668 -0.0787 0.2432
vn -0.9972 0.0236 -0.0707
vn -0.9664 -0.1022 0.2357
vn -0.9663 -0.1285 0.2228
vn -0.9658 -0.1525 0.2097
vn -0.9667 -0.1711 0.1902
vn -0.9667 -0.1886 0.1729
vn -0.9970 0.0550 -0.0550
vn -0.9658 -0.2120 0.1492
vn -0.9668 -0.2213 0.1281
vn -0.9973 0.0628 -0.0393
vn -0.9664 -0.2357 0.1022
vn -0.9663 -0.2446 0.0796
vn -0.9972 0.0707 -0.0236
vn -0.9662 -0.2520 0.0537
vn -0.9659 -0.2576 0.0272
vn -0.9969 0.0785 -0.0000
vn -0.9658 -0.2592 -0.0000
vn -0.9656 -0.2591 -0.0236
vn -0.9658 -0.2537 -0.0536
vn -0.9668 -0.2432 -0.0787
vn -0.9972 0.0707 0.0236
vn -0.9664 -0.2357 -0.1022
vn -0.9663 -0.2228 -0.1285
vn -0.9973 0.0628 0.0393
vn -0.9658 -0.2120 -0.1493
vn -0.9672 -0.1889 -0.1699
vn -0.9970 0.0549 0.0549
vn -0.9667 -0.1729 -0.1886
vn -0.9663 -0.1515 -0.2081
vn -0.9663 -0.1289 -0.2228
vn -0.9658 -0.1057 -0.2367
vn -0.9663 -0.0796 -0.2446
vn -0.9972 0.0236 0.0707
vn -0.9667 -0.0532 -0.2502
vn -0.9656 -0.0236 -0.2591
vn -0.9672 -0.0001 -0.2540
vn -0.9969 -0.0000 0.0785
vn -0.9656 0.0236 -0.2591
vn -0.9662 0.0535 -0.2521
vn -0.9668 0.0787 -0.2432
vn -0.9972 -0.0236 0.0707
vn -0.9664 0.1022 -0.2357
vn -0.9663 0.1289 -0.2229
vn -0.9658 0.1525 -0.2097
vn -0.9972 -0.0393 0.0628
vn -0.9668 0.1712 -0.1899
vn -0.9970 -0.0549 0.0549
vn -0.9667 0.1886 -0.1729
vn -0.9663 0.2081 -0.1516
vn -0.9973 -0.0628 0.0393
vn -0.9656 0.2277 -0.1256
vn -0.9664 0.2357 -0.1021
vn -0.9668 0.2432 -0.0789
vn -0.9972 -0.0707 0.0236
vn -0.9663 0.2514 -0.0550
vn -0.9663 0.2561 -0.0268
vn 0.9678 0.2518 -0.0000
vn 0.9682 0.2440 -0.0551
vn 0.9939 -0.1104 -0.0000
vn 0.9764 0.1971 -0.0880
vn 0.9764 0.1745 -0.1270
vn 0.9942 -0.0868 0.0631
vn 0.9759 0.1461 -0.1624
vn 0.9770 0.1066 -0.1849
vn 0.9764 0.0665 -0.2054
vn 0.9942 -0.0316 0.1026
vn 0.9675 0.0237 -0.2517
vn 0.9759 -0.0229 -0.2172
vn 0.9770 -0.0660 -0.2030
vn 0.9942 0.0316 0.1026
vn 0.9690 -0.1260 -0.2127
vn 0.9764 -0.1444 -0.1604
vn 0.9770 -0.1727 -0.1254
vn 0.9682 -0.2283 -0.1023
vn 0.9759 -0.2136 -0.0453
vn 0.9770 -0.2134 0.0001
vn 0.9682 -0.2440 0.0551
vn 0.9764 -0.1971 0.0880
vn 0.9764 -0.1745 0.1270
vn 0.9759 -0.1461 0.1624
vn 0.9764 -0.1080 0.1869
vn 0.9770 -0.0659 0.2030
vn 0.9675 -0.0237 0.2517
vn 0.9759 0.0229 0.2172
vn 0.9764 0.0667 0.2053
vn 0.9764 0.1079 0.1870
vn 0.9764 0.1444 0.1604
vn 0.9942 -0.0868 -0.0631
vn 0.9674 0.2046 0.1494
vn 0.9682 0.2283 0.1023
vn 0.9759 0.2136 0.0453
vt 0.305908 0.395020
vt 0.226196 0.450195
vt 0.230103 0.449219
vt 0.310303 0.394531
vt 0.230103 0.449219
vt 0.042145 0.504883
vt 0.137451 0.487305
vt 0.137451 0.487305
vt 0.995605 0.058105
vt 0.995605 0.150879
vt 0.940918 0.058105
vt 0.940918 0.150879
vt 0.886230 0.058105
vt 0.886230 0.150879
vt 0.831543 0.058105
vt 0.831543 0.150879
vt 0.776855 0.058105
vt 0.776855 0.150879
vt 0.722168 0.058105
vt 0.722168 0.150879
vt 0.667969 0.058105
vt 0.667969 0.150879
vt 0.995117 0.057617
vt 0.995605 0.150391
vt 0.940918 0.057617
vt 0.940918 0.150391
vt 0.886230 0.057617
vt 0.886230 0.150391
vt 0.722656 0.150879
vt 0.667480 0.058105
vt 0.049011 0.604004
vt 0.040924 0.501709
vt 0.107483 0.596436
vt 0.135620 0.484375
vt 0.164795 0.582520
vt 0.220337 0.562744
vt 0.224609 0.447266
vt 0.273438 0.537354
vt 0.323730 0.506592
vt 0.303955 0.392578
vt 0.370605 0.470703
vt 0.049957 0.604004
vt 0.041687 0.501709
vt 0.108398 0.596191
vt 0.136353 0.483887
vt 0.165649 0.582275
vt 0.221191 0.562500
vt 0.225220 0.446777
vt 0.274414 0.536865
vt 0.324707 0.506104
vt 0.304443 0.392090
vt 0.371338 0.470215
vt 0.051971 0.601318
vt 0.044678 0.499023
vt 0.110474 0.594238
vt 0.139404 0.482422
vt 0.167847 0.580811
vt 0.223633 0.561523
vt 0.228760 0.445801
vt 0.277100 0.536377
vt 0.327393 0.506104
vt 0.308350 0.392090
vt 0.374512 0.470703
vt 0.052887 0.601318
vt 0.045441 0.499023
vt 0.111389 0.593994
vt 0.140259 0.481934
vt 0.168823 0.580566
vt 0.224487 0.561035
vt 0.229370 0.445801
vt 0.277832 0.536133
vt 0.328369 0.505615
vt 0.309082 0.391602
vt 0.375244 0.470215
vt 0.052368 0.601318
vt 0.044983 0.499023
vt 0.110840 0.593994
vt 0.139771 0.481934
vt 0.168335 0.580566
vt 0.223999 0.561279
vt 0.229004 0.445801
vt 0.277344 0.536377
vt 0.327881 0.505859
vt 0.308594 0.391602
vt 0.374756 0.470215
vt 0.050903 0.601562
vt 0.043793 0.499023
vt 0.109436 0.594238
vt 0.138672 0.482422
vt 0.166870 0.581055
vt 0.222656 0.561768
vt 0.228027 0.446289
vt 0.276123 0.536865
vt 0.326660 0.506592
vt 0.307861 0.392578
vt 0.373779 0.471191
vt 0.051727 0.601318
vt 0.044464 0.499023
vt 0.110229 0.594238
vt 0.139282 0.482422
vt 0.167603 0.580811
vt 0.223389 0.561523
vt 0.228516 0.446289
vt 0.276855 0.536621
vt 0.374268 0.470703
vt 0.050201 0.604004
vt 0.041870 0.501709
vt 0.108643 0.596191
vt 0.136475 0.483887
vt 0.165894 0.582275
vt 0.221436 0.562256
vt 0.225464 0.446777
vt 0.274658 0.536865
vt 0.324707 0.505859
vt 0.304688 0.392090
vt 0.371582 0.470215
vt 0.051025 0.604004
vt 0.042542 0.501709
vt 0.109436 0.595947
vt 0.137207 0.483887
vt 0.166748 0.582031
vt 0.222168 0.562012
vt 0.225952 0.446777
vt 0.275391 0.536377
vt 0.325439 0.505371
vt 0.305176 0.391602
vt 0.372070 0.469238
vt 0.049561 0.604004
vt 0.041351 0.501709
vt 0.108032 0.596191
vt 0.135986 0.483887
vt 0.165283 0.582275
vt 0.220825 0.562744
vt 0.224976 0.447266
vt 0.273926 0.537109
vt 0.324219 0.506348
vt 0.304199 0.392578
vt 0.371094 0.470215
vt 0.136475 0.487305
vt 0.136475 0.487305
vt 0.041168 0.504883
vt 0.137207 0.487305
vt 0.226807 0.449707
vt 0.041931 0.504883
vt 0.306641 0.394531
vt 0.044891 0.502197
vt 0.140381 0.485352
vt 0.230225 0.448730
vt 0.230225 0.448730
vt 0.310547 0.394531
vt 0.311279 0.394043
vt 0.230957 0.448730
vt 0.230957 0.448730
vt 0.141113 0.485352
vt 0.045654 0.502197
vt 0.310791 0.394531
vt 0.230591 0.448730
vt 0.140747 0.485352
vt 0.045227 0.502197
vt 0.139526 0.485840
vt 0.044037 0.502441
vt 0.017561 0.063477
vt 0.229492 0.449219
vt 0.309814 0.395020
vt 0.621094 0.763672
vt 0.541992 0.824219
vt 0.457764 0.876099
vt 0.367920 0.918884
vt 0.274414 0.952087
vt 0.177856 0.975311
vt 0.079407 0.988319
vt 0.080994 0.988190
vt 0.179443 0.975021
vt 0.275879 0.951630
vt 0.369385 0.918274
vt 0.458984 0.875366
vt 0.543457 0.823242
vt 0.622070 0.762695
vt 0.622559 0.762329
vt 0.543945 0.822998
vt 0.459473 0.875122
vt 0.369873 0.918152
vt 0.276367 0.951508
vt 0.179810 0.974945
vt 0.081421 0.988159
vt 0.082764 0.988052
vt 0.181152 0.974701
vt 0.277588 0.951141
vt 0.371094 0.917603
vt 0.460693 0.874512
vt 0.544922 0.822266
vt 0.623535 0.761475
vt 0.995605 0.057617
vt 0.140137 0.485352
vt 0.044708 0.502197
vt 0.227051 0.449707
vt 0.307373 0.394043
vt 0.227539 0.449219
vt 0.138062 0.486816
vt 0.138062 0.486816
vt 0.042816 0.504883
vt 0.041626 0.504883
vt 0.136963 0.487305
vt 0.136963 0.487305
vt 0.226562 0.450195
vt 0.226562 0.450195
vt 0.306396 0.395020
vt 0.178711 0.975143
vt 0.080322 0.988251
vt 0.275146 0.951843
vt 0.368896 0.918579
vt 0.458496 0.875671
vt 0.542969 0.823730
vt 0.621582 0.763062
vt 0.543457 0.825317
vt 0.622559 0.765381
vt 0.458496 0.876587
vt 0.368652 0.918701
vt 0.274658 0.951141
vt 0.177979 0.973618
vt 0.079407 0.985863
vt 0.544922 0.824463
vt 0.624023 0.764404
vt 0.459961 0.875793
vt 0.370117 0.918091
vt 0.276123 0.950714
vt 0.179565 0.973343
vt 0.080994 0.985748
vt 0.543945 0.824951
vt 0.623047 0.765015
vt 0.458984 0.876282
vt 0.369141 0.918457
vt 0.275391 0.950958
vt 0.178589 0.973511
vt 0.080078 0.985817
vt 0.077637 0.985992
vt 0.176147 0.973923
vt 0.272949 0.951630
vt 0.366943 0.919373
vt 0.457031 0.877380
vt 0.541992 0.826294
vt 0.621582 0.766602
vt 0.078979 0.985893
vt 0.177612 0.973694
vt 0.274170 0.951263
vt 0.368164 0.918823
vt 0.458252 0.876770
vt 0.542969 0.825562
vt 0.622559 0.765625
vt 0.017563 0.063477
vt 0.013214 0.014648
vt 0.013199 0.014648
vt 0.013176 0.014648
vt 0.014214 0.013184
vt 0.014221 0.013184
vt 0.014214 0.013184
vt 0.014183 0.012695
vt 0.014137 0.012695
vt 0.014076 0.012207
vt 0.010727 0.011230
vt 0.010567 0.011230
vt 0.010559 0.011230
vt 0.010399 0.011230
vt 0.010384 0.011230
vt 0.012711 0.014648
vt 0.012924 0.014648
vt 0.012932 0.014648
vt 0.009529 0.014648
vt 0.009750 0.014648
vt 0.009521 0.014648
vt 0.009285 0.014648
vt 0.009285 0.014648
vt 0.009254 0.014648
vt 0.009239 0.014648
vt 0.009407 0.011719
vt 0.009377 0.011719
vt 0.009430 0.011719
vt 0.009544 0.012207
vt 0.009430 0.011719
vt 0.009552 0.012207
vt 0.009651 0.012207
vt 0.011230 0.010254
vt 0.011665 0.010254
vt 0.011665 0.010254
vt 0.012100 0.010742
vt 0.012505 0.010742
vt 0.012505 0.010742
vt 0.012878 0.010742
vt 0.012878 0.010742
vt 0.013214 0.011230
vt 0.013504 0.011719
vt 0.013733 0.011719
vt 0.013901 0.012207
vt 0.014008 0.012695
vt 0.014008 0.012695
vt 0.014038 0.013184
vt 0.014008 0.013672
vt 0.014008 0.013672
vt 0.013901 0.014160
vt 0.013733 0.014648
vt 0.013504 0.014648
vt 0.013214 0.015137
vt 0.012878 0.015625
vt 0.012878 0.015625
vt 0.012505 0.015625
vt 0.012505 0.015625
vt 0.012100 0.016113
vt 0.011665 0.016113
vt 0.011665 0.016113
vt 0.011230 0.016113
vt 0.010788 0.016113
vt 0.010361 0.016113
vt 0.009949 0.015625
vt 0.009575 0.015625
vt 0.009239 0.015137
vt 0.008957 0.014648
vt 0.008720 0.014648
vt 0.008720 0.014648
vt 0.008553 0.014160
vt 0.008453 0.013672
vt 0.008453 0.013672
vt 0.008415 0.013184
vt 0.008453 0.012695
vt 0.008553 0.012207
vt 0.008720 0.011719
vt 0.008957 0.011719
vt 0.009239 0.011230
vt 0.009575 0.010742
vt 0.009949 0.010742
vt 0.010361 0.010742
vt 0.010788 0.010254
vt 0.072876 0.012207
vt 0.072876 0.012207
vt 0.072876 0.012207
vt 0.072815 0.012207
vt 0.046265 0.011230
vt 0.046265 0.011230
vt 0.046234 0.011230
vt 0.046326 0.011230
vt 0.046295 0.011230
vt 0.010567 0.015137
vt 0.010567 0.015137
vt 0.010544 0.015137
vt 0.010513 0.015137
vt 0.010513 0.015137
vt 0.010185 0.014648
vt 0.010399 0.014648
vt 0.010292 0.014648
vt 0.010292 0.014648
vt 0.010185 0.014648
vt 0.010414 0.014648
vt 0.010071 0.014648
vt 0.010307 0.014648
vt 0.010193 0.014648
vt 0.010086 0.014648
vt 0.010330 0.014648
vt 0.010117 0.014648
vt 0.010536 0.015137
vt 0.010437 0.014648
vt 0.010574 0.014648
vt 0.010223 0.014648
vt 0.010735 0.014160
vt 0.010658 0.014160
vt 0.010590 0.014160
vt 0.010521 0.014160
vt 0.010735 0.013672
vt 0.010780 0.014160
vt 0.010712 0.013672
vt 0.010460 0.014160
vt 0.010750 0.013672
vt 0.010002 0.014648
vt 0.010704 0.013672
vt 0.009979 0.014648
vt 0.009964 0.014648
vt 0.009857 0.014648
vt 0.009850 0.014648
vt 0.009850 0.014648
vt 0.009796 0.014648
vt 0.009796 0.014160
vt 0.009750 0.014648
vt 0.009804 0.014648
vt 0.009735 0.014160
vt 0.009285 0.014648
vt 0.009270 0.014648
vt 0.009239 0.014648
vt 0.009506 0.014160
vt 0.009727 0.014160
vt 0.009247 0.014648
vt 0.009460 0.014160
vt 0.009743 0.014160
vt 0.009865 0.014160
vt 0.009819 0.014160
vt 0.009911 0.014160
vt 0.010345 0.013672
vt 0.010399 0.014160
vt 0.010635 0.013672
vt 0.010689 0.013672
vt 0.010597 0.013672
vt 0.010719 0.013672
vt 0.010696 0.013672
vt 0.010742 0.013672
vt 0.010757 0.013672
vt 0.010727 0.013672
vt 0.010765 0.013672
vt 0.010780 0.013672
vt 0.010796 0.013672
vt 0.010818 0.013672
vt 0.010841 0.013672
vt 0.010826 0.014160
vt 0.010857 0.013672
vt 0.010872 0.014160
vt 0.010849 0.013672
vt 0.010864 0.013672
vt 0.010880 0.013672
vt 0.010826 0.013672
vt 0.010872 0.013672
vt 0.010902 0.013672
vt 0.010948 0.013672
vt 0.010918 0.013672
vt 0.010963 0.013672
vt 0.011009 0.013672
vt 0.010925 0.013672
vt 0.010971 0.013672
vt 0.011017 0.013672
vt 0.010887 0.013672
vt 0.011063 0.013672
vt 0.011002 0.013672
vt 0.011116 0.013672
vt 0.011169 0.013672
vt 0.011108 0.013672
vt 0.011162 0.013672
vt 0.011230 0.013672
vt 0.011284 0.013672
vt 0.011337 0.013672
vt 0.011177 0.013672
vt 0.011391 0.013672
vt 0.011292 0.013672
vt 0.011398 0.013672
vt 0.011444 0.013672
vt 0.011353 0.013672
vt 0.011330 0.013672
vt 0.011124 0.013672
vt 0.011086 0.013672
vt 0.011032 0.013672
vt 0.011055 0.013672
vt 0.011063 0.014160
vt 0.010994 0.014160
vt 0.011032 0.014160
vt 0.011086 0.014160
vt 0.011124 0.014160
vt 0.011108 0.014160
vt 0.011177 0.014160
vt 0.011162 0.014160
vt 0.011230 0.014160
vt 0.011284 0.014160
vt 0.011330 0.014160
vt 0.011368 0.014160
vt 0.011292 0.014160
vt 0.011391 0.014160
vt 0.011353 0.014160
vt 0.011398 0.014160
vt 0.011429 0.014160
vt 0.011368 0.013672
vt 0.011436 0.013672
vt 0.011429 0.013672
vt 0.011452 0.013672
vt 0.011490 0.013672
vt 0.011467 0.014160
vt 0.011505 0.013672
vt 0.011520 0.014160
vt 0.011559 0.013672
vt 0.011497 0.013672
vt 0.011528 0.013672
vt 0.011574 0.013672
vt 0.011536 0.013672
vt 0.011566 0.013672
vt 0.011642 0.013672
vt 0.011589 0.013672
vt 0.011612 0.013672
vt 0.011604 0.013672
vt 0.011635 0.013672
vt 0.011627 0.013184
vt 0.011658 0.013672
vt 0.011658 0.013184
vt 0.011650 0.013184
vt 0.011650 0.013672
vt 0.011673 0.013184
vt 0.011665 0.013184
vt 0.011681 0.013184
vt 0.011688 0.013184
vt 0.011696 0.013184
vt 0.011734 0.013184
vt 0.011719 0.013184
vt 0.011635 0.013184
vt 0.011604 0.013184
vt 0.011757 0.013184
vt 0.011795 0.013184
vt 0.011803 0.013184
vt 0.011826 0.013184
vt 0.011864 0.013184
vt 0.011856 0.013184
vt 0.011917 0.013184
vt 0.011810 0.013184
vt 0.011925 0.013184
vt 0.011963 0.013184
vt 0.011978 0.013184
vt 0.012001 0.013184
vt 0.012032 0.013184
vt 0.012024 0.013184
vt 0.012054 0.013184
vt 0.012032 0.013672
vt 0.012070 0.013672
vt 0.012024 0.013672
vt 0.012001 0.013672
vt 0.011963 0.013672
vt 0.012054 0.013672
vt 0.011917 0.013672
vt 0.011864 0.013672
vt 0.011978 0.013672
vt 0.011803 0.013672
vt 0.011925 0.013672
vt 0.011757 0.013672
vt 0.011856 0.013672
vt 0.011719 0.013672
vt 0.011795 0.013672
vt 0.011696 0.013672
vt 0.011734 0.013672
vt 0.011765 0.013672
vt 0.011688 0.013672
vt 0.011818 0.013672
vt 0.012108 0.013672
vt 0.012161 0.013672
vt 0.012199 0.013672
vt 0.012711 0.014160
vt 0.012238 0.013672
vt 0.012779 0.014160
vt 0.012268 0.013672
vt 0.012840 0.013672
vt 0.012291 0.013672
vt 0.012886 0.013672
vt 0.013123 0.014160
vt 0.012306 0.013184
vt 0.012924 0.013672
vt 0.012314 0.013184
vt 0.012955 0.013672
vt 0.012970 0.013184
vt 0.012321 0.013184
vt 0.013222 0.013672
vt 0.013260 0.013672
vt 0.013184 0.013672
vt 0.013527 0.013672
vt 0.013290 0.013184
vt 0.013412 0.014160
vt 0.013535 0.013672
vt 0.013474 0.014160
vt 0.013062 0.014160
vt 0.013557 0.013672
vt 0.012993 0.014160
vt 0.013588 0.013672
vt 0.012726 0.014160
vt 0.013634 0.013184
vt 0.012642 0.014160
vt 0.013702 0.013672
vt 0.013664 0.013672
vt 0.013725 0.013672
vt 0.013611 0.014160
vt 0.013748 0.013672
vt 0.013687 0.013672
vt 0.013741 0.013672
vt 0.013725 0.013184
vt 0.013756 0.013184
vt 0.013695 0.013184
vt 0.013763 0.013672
vt 0.013718 0.013184
vt 0.013763 0.013184
vt 0.013618 0.013184
vt 0.013672 0.013184
vt 0.013580 0.013184
vt 0.013573 0.013184
vt 0.013603 0.013184
vt 0.013542 0.013184
vt 0.013573 0.013184
vt 0.013313 0.013184
vt 0.013298 0.013184
vt 0.013092 0.013184
vt 0.013123 0.013184
vt 0.013123 0.013184
vt 0.013077 0.013184
vt 0.013123 0.013184
vt 0.013077 0.013184
vt 0.013115 0.013184
vt 0.013046 0.013184
vt 0.013046 0.013184
vt 0.013008 0.013184
vt 0.012924 0.012695
vt 0.012962 0.012695
vt 0.013031 0.013184
vt 0.012978 0.013184
vt 0.013069 0.013184
vt 0.013039 0.013184
vt 0.012993 0.013184
vt 0.012962 0.013184
vt 0.012939 0.013184
vt 0.012901 0.012695
vt 0.011993 0.013184
vt 0.012939 0.012695
vt 0.012856 0.012695
vt 0.012291 0.013184
vt 0.012268 0.012695
vt 0.012878 0.012695
vt 0.012840 0.012207
vt 0.012794 0.012207
vt 0.012817 0.012207
vt 0.012817 0.012695
vt 0.012772 0.012207
vt 0.012238 0.012695
vt 0.012779 0.012695
vt 0.012199 0.012695
vt 0.011986 0.013184
vt 0.011955 0.013184
vt 0.011894 0.013184
vt 0.011948 0.013184
vt 0.011879 0.013184
vt 0.011955 0.012695
vt 0.011909 0.012695
vt 0.011871 0.013184
vt 0.011848 0.013184
vt 0.011765 0.013184
vt 0.011856 0.012695
vt 0.011612 0.013184
vt 0.011566 0.013184
vt 0.011925 0.012695
vt 0.011887 0.012695
vt 0.011818 0.012695
vt 0.012161 0.012695
vt 0.011734 0.012695
vt 0.012711 0.012207
vt 0.011681 0.012695
vt 0.012726 0.012207
vt 0.012108 0.012695
vt 0.012642 0.012207
vt 0.011742 0.012695
vt 0.011787 0.012695
vt 0.011673 0.012695
vt 0.011719 0.012695
vt 0.011757 0.012695
vt 0.011826 0.012695
vt 0.011620 0.012695
vt 0.011795 0.012695
vt 0.011566 0.012695
vt 0.011520 0.012695
vt 0.011574 0.013184
vt 0.011551 0.012695
vt 0.011528 0.012695
vt 0.011536 0.012695
vt 0.011497 0.012695
vt 0.011490 0.012695
vt 0.011444 0.012695
vt 0.011452 0.012695
vt 0.011398 0.012695
vt 0.011391 0.012695
vt 0.011475 0.012695
vt 0.011421 0.012695
vt 0.011337 0.012695
vt 0.011406 0.012695
vt 0.011375 0.012695
vt 0.011642 0.012207
vt 0.012054 0.012695
vt 0.012001 0.012695
vt 0.012558 0.012207
vt 0.011940 0.012207
vt 0.012459 0.012207
vt 0.012749 0.012207
vt 0.011871 0.012207
vt 0.012787 0.012207
vt 0.011795 0.012207
vt 0.012253 0.011719
vt 0.012360 0.011719
vt 0.012558 0.011719
vt 0.012680 0.011719
vt 0.012436 0.011719
vt 0.012794 0.011719
vt 0.012764 0.011230
vt 0.012848 0.011719
vt 0.012985 0.011719
vt 0.012886 0.012207
vt 0.013016 0.011719
vt 0.012894 0.011719
vt 0.013031 0.011719
vt 0.012909 0.012207
vt 0.013054 0.011719
vt 0.012810 0.012207
vt 0.012810 0.012207
vt 0.012794 0.012207
vt 0.012810 0.012207
vt 0.013046 0.011719
vt 0.013077 0.011719
vt 0.013069 0.011719
vt 0.013000 0.011230
vt 0.013176 0.011719
vt 0.013130 0.011719
vt 0.013161 0.011719
vt 0.013184 0.011719
vt 0.013031 0.011719
vt 0.013199 0.011719
vt 0.013222 0.011719
vt 0.013321 0.011719
vt 0.013229 0.011719
vt 0.013412 0.012207
vt 0.013329 0.011719
vt 0.013412 0.012207
vt 0.013496 0.012207
vt 0.013420 0.012207
vt 0.013565 0.012695
vt 0.013504 0.012207
vt 0.013451 0.012207
vt 0.013527 0.012207
vt 0.013573 0.012695
vt 0.013596 0.012695
vt 0.013618 0.012695
vt 0.013626 0.012695
vt 0.013649 0.012695
vt 0.013687 0.013184
vt 0.013664 0.012695
vt 0.013687 0.013184
vt 0.013687 0.012695
vt 0.013702 0.013184
vt 0.013710 0.013184
vt 0.013733 0.013184
vt 0.013664 0.013184
vt 0.013603 0.013184
vt 0.013748 0.013184
vt 0.013840 0.013184
vt 0.013725 0.012695
vt 0.013832 0.013184
vt 0.013832 0.013672
vt 0.013649 0.012695
vt 0.013809 0.013672
vt 0.013840 0.013672
vt 0.013847 0.013184
vt 0.013817 0.013672
vt 0.013855 0.013184
vt 0.013847 0.013672
vt 0.013809 0.012695
vt 0.013817 0.012695
vt 0.013763 0.012695
vt 0.013634 0.012695
vt 0.013779 0.012695
vt 0.013824 0.012695
vt 0.013870 0.013184
vt 0.013710 0.012207
vt 0.013878 0.013184
vt 0.013847 0.012695
vt 0.013893 0.013184
vt 0.013885 0.013184
vt 0.013855 0.012695
vt 0.013885 0.013672
vt 0.013870 0.013672
vt 0.013855 0.013672
vt 0.013763 0.012207
vt 0.013824 0.013672
vt 0.013763 0.014160
vt 0.013779 0.013672
vt 0.013748 0.014160
vt 0.013687 0.014160
vt 0.013718 0.014160
vt 0.013680 0.014160
vt 0.013603 0.014648
vt 0.013725 0.014160
vt 0.013657 0.014160
vt 0.013649 0.014160
vt 0.013710 0.014160
vt 0.013565 0.014648
vt 0.013641 0.014160
vt 0.013634 0.014160
vt 0.013580 0.014160
vt 0.013565 0.014160
vt 0.013542 0.014160
vt 0.013496 0.014160
vt 0.013481 0.014160
vt 0.013458 0.014160
vt 0.013557 0.014648
vt 0.013382 0.014648
vt 0.013397 0.014648
vt 0.013329 0.014160
vt 0.013367 0.014648
vt 0.013206 0.014648
vt 0.013283 0.014648
vt 0.013252 0.014648
vt 0.012955 0.014160
vt 0.013222 0.014648
vt 0.013191 0.014648
vt 0.012939 0.014648
vt 0.013176 0.014648
vt 0.013245 0.014648
vt 0.013275 0.014648
vt 0.013214 0.014648
vt 0.013237 0.014648
vt 0.013100 0.014648
vt 0.013268 0.014648
vt 0.013229 0.014648
vt 0.012962 0.015137
vt 0.013107 0.014648
vt 0.012962 0.015137
vt 0.012825 0.015137
vt 0.012672 0.015137
vt 0.012970 0.015137
vt 0.012672 0.015137
vt 0.012680 0.015137
vt 0.012512 0.015137
vt 0.012512 0.015137
vt 0.012344 0.015625
vt 0.012161 0.015625
vt 0.011993 0.015625
vt 0.011955 0.015625
vt 0.012169 0.015625
vt 0.012360 0.015625
vt 0.012177 0.015625
vt 0.012001 0.015625
vt 0.011917 0.015625
vt 0.011848 0.015625
vt 0.011833 0.015625
vt 0.011826 0.015625
vt 0.011909 0.015625
vt 0.011810 0.015625
vt 0.011803 0.015625
vt 0.011902 0.015625
vt 0.011856 0.015137
vt 0.011772 0.015625
vt 0.011833 0.015137
vt 0.011894 0.015137
vt 0.011757 0.015625
vt 0.011787 0.015137
vt 0.011597 0.015625
vt 0.011711 0.015137
vt 0.011818 0.015137
vt 0.011551 0.015137
vt 0.011635 0.015137
vt 0.011871 0.015137
vt 0.011841 0.015137
vt 0.011909 0.015137
vt 0.011765 0.015137
vt 0.011887 0.015137
vt 0.011887 0.014648
vt 0.011917 0.015137
vt 0.011894 0.015137
vt 0.011948 0.015137
vt 0.011948 0.015137
vt 0.012062 0.014648
vt 0.012276 0.014648
vt 0.011925 0.015137
vt 0.012169 0.014648
vt 0.012047 0.014648
vt 0.012016 0.014648
vt 0.011894 0.014648
vt 0.012154 0.014648
vt 0.011566 0.014160
vt 0.012131 0.014648
vt 0.012260 0.014648
vt 0.012276 0.014648
vt 0.012489 0.014648
vt 0.012604 0.014648
vt 0.012383 0.014648
vt 0.012367 0.014648
vt 0.012604 0.014648
vt 0.012474 0.014648
vt 0.012596 0.014648
vt 0.012657 0.014648
vt 0.012657 0.014160
vt 0.012711 0.014648
vt 0.012657 0.014648
vt 0.012657 0.014648
vt 0.012718 0.014160
vt 0.012924 0.014648
vt 0.012589 0.014160
vt 0.012550 0.014160
vt 0.012451 0.014648
vt 0.012054 0.014160
vt 0.012344 0.014648
vt 0.012001 0.014160
vt 0.012238 0.014648
vt 0.011940 0.014160
vt 0.011772 0.013672
vt 0.011871 0.014160
vt 0.011742 0.013672
vt 0.011795 0.014160
vt 0.011749 0.013672
vt 0.011703 0.013672
vt 0.011726 0.013672
vt 0.011627 0.013672
vt 0.011581 0.013672
vt 0.011597 0.013672
vt 0.011589 0.014160
vt 0.011627 0.014160
vt 0.011726 0.014160
vt 0.011673 0.014160
vt 0.011673 0.013672
vt 0.011642 0.014160
vt 0.011482 0.014160
vt 0.011497 0.015137
vt 0.011314 0.014160
vt 0.011391 0.015137
vt 0.011368 0.015137
vt 0.011230 0.015137
vt 0.011139 0.014160
vt 0.011414 0.015625
vt 0.011093 0.015137
vt 0.011620 0.015625
vt 0.011070 0.015137
vt 0.010956 0.015137
vt 0.011818 0.015625
vt 0.011055 0.014160
vt 0.010971 0.014160
vt 0.010818 0.015137
vt 0.010895 0.014160
vt 0.010902 0.015137
vt 0.010933 0.014160
vt 0.010811 0.014160
vt 0.010559 0.014648
vt 0.010689 0.015137
vt 0.010612 0.015137
vt 0.010635 0.015137
vt 0.010590 0.015137
vt 0.010628 0.015137
vt 0.010605 0.015137
vt 0.010750 0.015137
vt 0.010674 0.015137
vt 0.010651 0.015625
vt 0.010628 0.015625
vt 0.010620 0.015625
vt 0.010696 0.015625
vt 0.010643 0.015625
vt 0.010605 0.015625
vt 0.010857 0.015625
vt 0.010689 0.015625
vt 0.010658 0.015625
vt 0.010620 0.015625
vt 0.010544 0.015625
vt 0.010506 0.015625
vt 0.010468 0.015625
vt 0.010460 0.015625
vt 0.010292 0.015625
vt 0.010498 0.015625
vt 0.010284 0.015625
vt 0.010117 0.015625
vt 0.010452 0.015625
vt 0.010559 0.015625
vt 0.010445 0.015625
vt 0.010635 0.015625
vt 0.010834 0.015625
vt 0.011040 0.015625
vt 0.011032 0.015625
vt 0.011230 0.015625
vt 0.011421 0.015625
vt 0.011429 0.015625
vt 0.011627 0.015625
vt 0.011436 0.015625
vt 0.010826 0.015625
vt 0.011024 0.015625
vt 0.010818 0.015625
vt 0.010422 0.015625
vt 0.010612 0.015625
vt 0.011635 0.015625
vt 0.011017 0.016113
vt 0.011436 0.016113
vt 0.010811 0.015625
vt 0.010406 0.015625
vt 0.010208 0.015625
vt 0.010414 0.015625
vt 0.010216 0.015625
vt 0.010017 0.015625
vt 0.010223 0.015625
vt 0.010025 0.015625
vt 0.009834 0.015625
vt 0.009842 0.015625
vt 0.009666 0.015625
vt 0.010033 0.015625
vt 0.010040 0.015625
vt 0.010231 0.015625
vt 0.010262 0.015625
vt 0.010078 0.015625
vt 0.010277 0.015625
vt 0.010101 0.015625
vt 0.010109 0.015625
vt 0.009911 0.015625
vt 0.009949 0.015137
vt 0.009941 0.015137
vt 0.009789 0.015137
vt 0.009789 0.015137
vt 0.009636 0.015137
vt 0.009781 0.015137
vt 0.009926 0.015137
vt 0.009766 0.015137
vt 0.009628 0.015137
vt 0.009491 0.015137
vt 0.009491 0.015137
vt 0.009613 0.015137
vt 0.009361 0.014648
vt 0.009483 0.015137
vt 0.009354 0.014648
vt 0.009216 0.014648
vt 0.009232 0.014648
vt 0.009209 0.014648
vt 0.009186 0.014648
vt 0.009178 0.014648
vt 0.009148 0.014648
vt 0.009201 0.014648
vt 0.009331 0.014648
vt 0.009125 0.014160
vt 0.009468 0.015137
vt 0.009438 0.015137
vt 0.009583 0.015137
vt 0.009300 0.014648
vt 0.009743 0.015137
vt 0.009865 0.015625
vt 0.009155 0.014648
vt 0.009857 0.015625
vt 0.009697 0.015137
vt 0.009689 0.015137
vt 0.009529 0.015137
vt 0.009682 0.015137
vt 0.009384 0.015137
vt 0.009506 0.015137
vt 0.009499 0.015137
vt 0.009521 0.015137
vt 0.009377 0.015137
vt 0.009369 0.015137
vt 0.009354 0.015137
vt 0.009346 0.015137
vt 0.009232 0.015137
vt 0.009209 0.015137
vt 0.009201 0.015137
vt 0.009102 0.014648
vt 0.009087 0.014648
vt 0.009071 0.014648
vt 0.008965 0.014648
vt 0.008987 0.014648
vt 0.008865 0.014648
vt 0.008858 0.014648
vt 0.009109 0.014648
vt 0.008781 0.014160
vt 0.008766 0.014160
vt 0.008888 0.014648
vt 0.008995 0.014648
vt 0.009117 0.014648
vt 0.009056 0.014648
vt 0.009003 0.014648
vt 0.008904 0.014648
vt 0.008896 0.014648
vt 0.008957 0.014160
vt 0.009094 0.014648
vt 0.008995 0.014160
vt 0.008980 0.014160
vt 0.009048 0.014160
vt 0.008911 0.014160
vt 0.008896 0.014160
vt 0.008820 0.014160
vt 0.008873 0.014160
vt 0.008842 0.014160
vt 0.008804 0.014160
vt 0.008827 0.014160
vt 0.008743 0.014160
vt 0.008751 0.013672
vt 0.008774 0.013672
vt 0.008789 0.013672
vt 0.008713 0.013672
vt 0.008736 0.013672
vt 0.008934 0.013672
vt 0.008690 0.013672
vt 0.008652 0.013672
vt 0.008682 0.013672
vt 0.008636 0.013672
vt 0.008736 0.014160
vt 0.008728 0.014160
vt 0.008675 0.013672
vt 0.008705 0.014160
vt 0.008698 0.014160
vt 0.008606 0.013672
vt 0.008598 0.013672
vt 0.008614 0.013672
vt 0.008583 0.013672
vt 0.008575 0.013672
vt 0.008575 0.013184
vt 0.008568 0.013184
vt 0.008606 0.013184
vt 0.008583 0.013184
vt 0.008598 0.012695
vt 0.008621 0.013672
vt 0.008606 0.012695
vt 0.008636 0.012695
vt 0.008614 0.013184
vt 0.008652 0.012695
vt 0.008698 0.012207
vt 0.008705 0.012207
vt 0.008781 0.012207
vt 0.008766 0.012207
vt 0.008621 0.013184
vt 0.008698 0.013184
vt 0.008705 0.013184
vt 0.008736 0.013184
vt 0.008728 0.013672
vt 0.008820 0.013184
vt 0.008759 0.013184
vt 0.008728 0.013184
vt 0.008781 0.013184
vt 0.008766 0.013184
vt 0.008842 0.013184
vt 0.008896 0.013672
vt 0.008873 0.013672
vt 0.008873 0.013184
vt 0.008919 0.013672
vt 0.009193 0.013672
vt 0.008881 0.013184
vt 0.008858 0.013184
vt 0.008911 0.013184
vt 0.008881 0.013184
vt 0.009140 0.013184
vt 0.008858 0.013184
vt 0.008789 0.013184
vt 0.008774 0.013184
vt 0.008751 0.013184
vt 0.008804 0.012695
vt 0.008842 0.012695
vt 0.008743 0.013184
vt 0.008797 0.012695
vt 0.008896 0.012695
vt 0.008728 0.012695
vt 0.008766 0.012695
vt 0.008835 0.012695
vt 0.008690 0.012695
vt 0.008682 0.012695
vt 0.008675 0.012695
vt 0.008743 0.012207
vt 0.008728 0.012207
vt 0.008736 0.012207
vt 0.008804 0.012207
vt 0.008820 0.012695
vt 0.008820 0.012207
vt 0.008896 0.012207
vt 0.008888 0.012207
vt 0.008865 0.012207
vt 0.008858 0.012207
vt 0.008995 0.011719
vt 0.008965 0.011719
vt 0.008987 0.011719
vt 0.009087 0.011719
vt 0.009071 0.011719
vt 0.009102 0.011719
vt 0.009209 0.011719
vt 0.009201 0.011719
vt 0.009232 0.011719
vt 0.009109 0.011719
vt 0.009354 0.011230
vt 0.009346 0.011230
vt 0.009369 0.011230
vt 0.009506 0.011230
vt 0.009499 0.011230
vt 0.009377 0.011230
vt 0.009521 0.011230
vt 0.009666 0.011230
vt 0.009529 0.011230
vt 0.009842 0.010742
vt 0.009834 0.010742
vt 0.009682 0.011230
vt 0.009857 0.011230
vt 0.009689 0.011230
vt 0.010025 0.010742
vt 0.010017 0.010742
vt 0.010033 0.010742
vt 0.010216 0.010742
vt 0.010208 0.010742
vt 0.010406 0.010742
vt 0.010223 0.010742
vt 0.010605 0.010742
vt 0.010414 0.010742
vt 0.010612 0.010742
vt 0.010811 0.010742
vt 0.010040 0.010742
vt 0.011017 0.010742
vt 0.011177 0.010742
vt 0.011185 0.010742
vt 0.011154 0.010742
vt 0.010818 0.010742
vt 0.011024 0.010742
vt 0.011147 0.010742
vt 0.011139 0.010742
vt 0.011032 0.010742
vt 0.010620 0.010742
vt 0.010834 0.010742
vt 0.011169 0.010742
vt 0.011208 0.010742
vt 0.011230 0.010742
vt 0.010422 0.010742
vt 0.010231 0.010742
vt 0.010635 0.010742
vt 0.010254 0.010742
vt 0.010445 0.010742
vt 0.009865 0.011230
vt 0.010071 0.010742
vt 0.009697 0.011230
vt 0.009895 0.011230
vt 0.009735 0.011230
vt 0.009384 0.011230
vt 0.009575 0.011230
vt 0.009430 0.011230
vt 0.009239 0.011719
vt 0.009743 0.011230
vt 0.009117 0.011719
vt 0.009293 0.011719
vt 0.009003 0.011719
vt 0.009178 0.011719
vt 0.008904 0.012207
vt 0.008972 0.012207
vt 0.008858 0.012695
vt 0.009010 0.012207
vt 0.008926 0.012207
vt 0.008888 0.012695
vt 0.008949 0.012207
vt 0.009033 0.012207
vt 0.008965 0.012207
vt 0.009041 0.012207
vt 0.009041 0.012207
vt 0.009140 0.011719
vt 0.009132 0.011719
vt 0.009262 0.011719
vt 0.009224 0.011719
vt 0.009300 0.011719
vt 0.009254 0.011719
vt 0.009216 0.011719
vt 0.009285 0.011719
vt 0.009308 0.011719
vt 0.009270 0.011719
vt 0.009445 0.011230
vt 0.009323 0.011719
vt 0.009590 0.011230
vt 0.009460 0.011230
vt 0.009598 0.011230
vt 0.009758 0.011230
vt 0.009392 0.011719
vt 0.009560 0.011719
vt 0.009842 0.011230
vt 0.009911 0.011230
vt 0.009918 0.011230
vt 0.010078 0.011230
vt 0.010262 0.010742
vt 0.010094 0.011230
vt 0.009995 0.011230
vt 0.010391 0.010742
vt 0.010269 0.010742
vt 0.010315 0.011230
vt 0.010460 0.010742
vt 0.010384 0.010742
vt 0.010429 0.010742
vt 0.010643 0.010742
vt 0.010468 0.010742
vt 0.010651 0.010742
vt 0.010841 0.010742
vt 0.010437 0.010742
vt 0.010361 0.011230
vt 0.010307 0.011230
vt 0.010155 0.011230
vt 0.010330 0.011230
vt 0.010376 0.011230
vt 0.010544 0.011230
vt 0.010506 0.011230
vt 0.010292 0.011230
vt 0.010437 0.011230
vt 0.010666 0.011230
vt 0.010704 0.011230
vt 0.010559 0.011719
vt 0.010155 0.011719
vt 0.010437 0.011719
vt 0.010017 0.011719
vt 0.010315 0.011719
vt 0.010201 0.011719
vt 0.009895 0.011719
vt 0.010658 0.012207
vt 0.009773 0.011719
vt 0.010094 0.011719
vt 0.009995 0.012207
vt 0.010521 0.012207
vt 0.010590 0.012207
vt 0.010712 0.012695
vt 0.010735 0.012207
vt 0.010773 0.012695
vt 0.010811 0.012207
vt 0.010841 0.012695
vt 0.010780 0.012695
vt 0.010895 0.012207
vt 0.010902 0.012695
vt 0.010689 0.011719
vt 0.010895 0.012695
vt 0.010727 0.011719
vt 0.010941 0.012695
vt 0.010979 0.012695
vt 0.010735 0.012695
vt 0.010696 0.012695
vt 0.010674 0.012695
vt 0.010666 0.012695
vt 0.010460 0.012695
vt 0.010643 0.012695
vt 0.010628 0.012695
vt 0.010399 0.012695
vt 0.010605 0.012695
vt 0.010635 0.012695
vt 0.010719 0.012695
vt 0.010849 0.013184
vt 0.010696 0.013184
vt 0.010880 0.013184
vt 0.010887 0.013184
vt 0.010857 0.013184
vt 0.010925 0.012695
vt 0.010818 0.013184
vt 0.010826 0.013184
vt 0.010918 0.012695
vt 0.010796 0.013184
vt 0.010811 0.013184
vt 0.010963 0.012695
vt 0.010971 0.012695
vt 0.011009 0.012695
vt 0.011017 0.012695
vt 0.011063 0.012695
vt 0.011040 0.012695
vt 0.011002 0.012695
vt 0.011116 0.012695
vt 0.011047 0.012695
vt 0.011086 0.012695
vt 0.010986 0.012695
vt 0.011147 0.012695
vt 0.011124 0.012695
vt 0.011169 0.012695
vt 0.011230 0.012695
vt 0.011284 0.012695
vt 0.011307 0.012695
vt 0.011185 0.012695
vt 0.011276 0.012695
vt 0.011330 0.012695
vt 0.011414 0.012695
vt 0.011566 0.012207
vt 0.011345 0.012695
vt 0.011314 0.012695
vt 0.011307 0.012207
vt 0.011292 0.012695
vt 0.011398 0.012207
vt 0.011261 0.012695
vt 0.011200 0.012695
vt 0.011154 0.012695
vt 0.011162 0.012695
vt 0.011139 0.012695
vt 0.011154 0.012207
vt 0.011055 0.012207
vt 0.011185 0.012207
vt 0.011200 0.012207
vt 0.011230 0.012207
vt 0.011261 0.012207
vt 0.011276 0.012207
vt 0.011314 0.012207
vt 0.011139 0.012207
vt 0.011230 0.011719
vt 0.011360 0.011719
vt 0.011093 0.011719
vt 0.010963 0.011719
vt 0.010971 0.012207
vt 0.010826 0.011719
vt 0.010796 0.011719
vt 0.010811 0.011719
vt 0.010750 0.011230
vt 0.010818 0.011230
vt 0.010765 0.011230
vt 0.010773 0.011230
vt 0.010963 0.011230
vt 0.011230 0.011230
vt 0.011093 0.011230
vt 0.011360 0.011230
vt 0.011497 0.011230
vt 0.011635 0.011230
vt 0.011497 0.011719
vt 0.011635 0.011230
vt 0.011688 0.011230
vt 0.011642 0.011719
vt 0.011703 0.011230
vt 0.011482 0.012207
vt 0.011665 0.011719
vt 0.011635 0.011719
vt 0.011765 0.011719
vt 0.011734 0.011719
vt 0.011734 0.011230
vt 0.011749 0.011230
vt 0.011894 0.011230
vt 0.011909 0.011230
vt 0.012062 0.011230
vt 0.011787 0.011230
vt 0.012085 0.011230
vt 0.011894 0.011719
vt 0.011948 0.011230
vt 0.012024 0.011230
vt 0.012123 0.011230
vt 0.012100 0.011230
vt 0.012070 0.011230
vt 0.012161 0.011230
vt 0.012146 0.011230
vt 0.012299 0.011230
vt 0.012070 0.010742
vt 0.012367 0.011230
vt 0.012054 0.010742
vt 0.012184 0.010742
vt 0.012062 0.011230
vt 0.012047 0.010742
vt 0.012024 0.010742
vt 0.011986 0.010742
vt 0.011803 0.010742
vt 0.011993 0.010742
vt 0.011612 0.010742
vt 0.011810 0.010742
vt 0.011612 0.010742
vt 0.011421 0.010742
vt 0.011253 0.010742
vt 0.011269 0.010742
vt 0.011292 0.010742
vt 0.011299 0.010742
vt 0.011620 0.010742
vt 0.011429 0.010742
vt 0.011314 0.010742
vt 0.011627 0.010742
vt 0.011436 0.010742
vt 0.012001 0.010742
vt 0.011307 0.010742
vt 0.011635 0.010742
vt 0.011841 0.010742
vt 0.011276 0.010742
vt 0.011642 0.010742
vt 0.011848 0.010742
vt 0.012039 0.010742
vt 0.012245 0.010742
vt 0.012436 0.010742
vt 0.012428 0.010742
vt 0.012619 0.010742
vt 0.012230 0.010742
vt 0.012611 0.010742
vt 0.012794 0.011230
vt 0.012421 0.010742
vt 0.012604 0.011230
vt 0.012787 0.011230
vt 0.012955 0.011230
vt 0.012596 0.011230
vt 0.012947 0.011230
vt 0.013107 0.011230
vt 0.012772 0.011230
vt 0.013100 0.011230
vt 0.013252 0.011719
vt 0.012932 0.011230
vt 0.013084 0.011230
vt 0.013245 0.011719
vt 0.013382 0.011719
vt 0.013374 0.011719
vt 0.013496 0.011719
vt 0.013489 0.011719
vt 0.013603 0.012207
vt 0.013351 0.011719
vt 0.013588 0.012207
vt 0.013687 0.012207
vt 0.013466 0.011719
vt 0.013565 0.012207
vt 0.013680 0.012207
vt 0.013748 0.012207
vt 0.013725 0.012207
vt 0.013657 0.012207
vt 0.013649 0.012207
vt 0.013718 0.012207
vt 0.013641 0.012207
vt 0.013557 0.012207
vt 0.013458 0.011719
vt 0.013481 0.012207
vt 0.013344 0.011719
vt 0.013275 0.011719
vt 0.013237 0.011719
vt 0.013168 0.011719
vt 0.013214 0.011719
vt 0.013077 0.011230
vt 0.013145 0.011719
vt 0.013031 0.011230
vt 0.013016 0.011230
vt 0.012856 0.011230
vt 0.012871 0.011230
vt 0.012924 0.011230
vt 0.012878 0.011230
vt 0.012726 0.011230
vt 0.012558 0.011230
vt 0.012711 0.011230
vt 0.012413 0.010742
vt 0.012703 0.011230
vt 0.012383 0.010742
vt 0.012199 0.010742
vt 0.012032 0.010742
vt 0.012550 0.011230
vt 0.012375 0.011230
vt 0.012535 0.011230
vt 0.012619 0.011230
vt 0.012459 0.011230
vt 0.012192 0.010742
vt 0.012062 0.010742
vt 0.012009 0.010742
vt 0.011826 0.010742
vt 0.012299 0.011719
vt 0.012024 0.011719
vt 0.012138 0.011719
vt 0.011726 0.012207
vt 0.009453 0.013184
vt 0.009537 0.012695
vt 0.009491 0.012695
vt 0.009575 0.012695
vt 0.009453 0.013184
vt 0.009407 0.013184
vt 0.009407 0.013184
vt 0.009377 0.013184
vt 0.009476 0.013184
vt 0.009430 0.013184
vt 0.009514 0.012695
vt 0.009514 0.013184
vt 0.009560 0.012695
vt 0.009598 0.012695
vt 0.009636 0.012695
vt 0.009644 0.012207
vt 0.009621 0.012207
vt 0.009682 0.012695
vt 0.009659 0.012207
vt 0.009689 0.012207
vt 0.009659 0.012207
vt 0.009682 0.012207
vt 0.009666 0.012207
vt 0.009567 0.012207
vt 0.009727 0.012207
vt 0.009438 0.011719
vt 0.009705 0.012207
vt 0.009605 0.011719
vt 0.009819 0.012207
vt 0.009743 0.012207
vt 0.010300 0.012695
vt 0.010345 0.012695
vt 0.009903 0.012207
vt 0.009659 0.011719
vt 0.009476 0.011719
vt 0.010567 0.012695
vt 0.009415 0.011719
vt 0.010254 0.012695
vt 0.010223 0.012695
vt 0.010536 0.012695
vt 0.010193 0.012695
vt 0.010597 0.012695
vt 0.010170 0.013184
vt 0.010437 0.013184
vt 0.010460 0.013184
vt 0.010147 0.013184
vt 0.010429 0.013184
vt 0.010498 0.012695
vt 0.010475 0.013184
vt 0.010544 0.012695
vt 0.010506 0.013184
vt 0.010536 0.013184
vt 0.010582 0.013184
vt 0.010567 0.013184
vt 0.010498 0.013184
vt 0.010452 0.013184
vt 0.010529 0.013184
vt 0.010468 0.013184
vt 0.010559 0.013184
vt 0.010490 0.013184
vt 0.010574 0.013184
vt 0.010605 0.013184
vt 0.010666 0.013184
vt 0.010643 0.013184
vt 0.010780 0.013184
vt 0.010788 0.013184
vt 0.010635 0.013184
vt 0.010719 0.013184
vt 0.010765 0.013184
vt 0.010803 0.013672
vt 0.010773 0.013672
vt 0.010735 0.013184
vt 0.010658 0.013184
vt 0.010651 0.013184
vt 0.010597 0.013184
vt 0.010544 0.013184
vt 0.010399 0.013184
vt 0.010422 0.013672
vt 0.010391 0.013672
vt 0.010429 0.013672
vt 0.010452 0.013672
vt 0.010498 0.013672
vt 0.010399 0.013672
vt 0.010544 0.013672
vt 0.010475 0.013672
vt 0.010651 0.013672
vt 0.010536 0.013672
vt 0.010658 0.013672
vt 0.010300 0.013672
vt 0.010254 0.013672
vt 0.009674 0.014160
vt 0.010223 0.013672
vt 0.009392 0.014160
vt 0.009331 0.014160
vt 0.009613 0.013672
vt 0.009277 0.013672
vt 0.009567 0.013672
vt 0.009232 0.013672
vt 0.010193 0.013672
vt 0.009529 0.013672
vt 0.010170 0.013672
vt 0.009506 0.013672
vt 0.009491 0.013184
vt 0.010139 0.013184
vt 0.009171 0.013184
vt 0.009163 0.013184
vt 0.009361 0.013184
vt 0.009148 0.013184
vt 0.009483 0.013184
vt 0.009338 0.013184
vt 0.009346 0.013184
vt 0.009377 0.013184
vt 0.009338 0.013184
vt 0.009392 0.013184
vt 0.009132 0.013184
vt 0.008911 0.013184
vt 0.009460 0.013184
vt 0.009415 0.013184
vt 0.009499 0.013184
vt 0.012009 0.010742
vt 0.012177 0.010742
vt 0.012352 0.011230
vt 0.012520 0.011230
vt 0.012680 0.011230
vt 0.012833 0.011230
vt 0.013008 0.011230
vt 0.012978 0.011719
vt 0.013107 0.011719
vt 0.013268 0.011719
vt 0.013474 0.012207
vt 0.013718 0.012695
vt 0.013748 0.013184
vt 0.013695 0.013672
vt 0.013718 0.013672
vt 0.013672 0.013672
vt 0.013634 0.013672
vt 0.013626 0.014160
vt 0.013512 0.014160
vt 0.013428 0.014160
vt 0.013336 0.014648
vt 0.013268 0.014648
vt 0.013008 0.015137
vt 0.012711 0.015137
vt 0.012375 0.015625
vt 0.012009 0.015625
vt 0.011612 0.015625
vt 0.010841 0.015625
vt 0.010086 0.015625
vt 0.009445 0.015137
vt 0.009125 0.014648
vt 0.009026 0.014160
vt 0.008949 0.014160
vt 0.008881 0.014160
vt 0.008827 0.013672
vt 0.008766 0.013672
vt 0.008705 0.013184
vt 0.008736 0.012695
vt 0.008827 0.012695
vt 0.008980 0.012207
vt 0.009186 0.011719
vt 0.009346 0.011719
vt 0.009483 0.011719
vt 0.009621 0.011230
vt 0.009773 0.011230
vt 0.009933 0.011230
vt 0.010086 0.011230
vt 0.010109 0.011230
vt 0.010284 0.010742
vt 0.010452 0.010742
vt 0.012009 0.015625
vt 0.012711 0.015137
vt 0.013008 0.015137
vt 0.013268 0.011719
vt 0.013008 0.011230
vt 0.012711 0.011230
vt 0.010757 0.010254
vt 0.010300 0.010254
vt 0.009872 0.010742
vt 0.009468 0.010742
vt 0.009109 0.011230
vt 0.008804 0.011719
vt 0.008560 0.011719
vt 0.008377 0.012207
vt 0.008270 0.012695
vt 0.008232 0.013184
vt 0.008270 0.013672
vt 0.008377 0.014160
vt 0.008560 0.014648
vt 0.008804 0.015137
vt 0.009109 0.015137
vt 0.009468 0.015625
vt 0.009872 0.016113
vt 0.010300 0.016113
vt 0.010757 0.016113
vt 0.011696 0.016113
vt 0.012154 0.016113
vt 0.012589 0.016113
vt 0.012985 0.015625
vt 0.013344 0.015137
vt 0.013649 0.015137
vt 0.013893 0.014648
vt 0.014076 0.014160
vt 0.014183 0.013672
vt 0.014221 0.013184
vt 0.013893 0.011719
vt 0.013649 0.011719
vt 0.013344 0.011230
vt 0.012985 0.010742
vt 0.012589 0.010742
vt 0.012154 0.010254
vt 0.011696 0.010254
vt 0.008377 0.012207
vt 0.008804 0.015137
vt 0.012154 0.016113
vt 0.014076 0.014160
vt 0.014076 0.012207
vt 0.012154 0.010254
vt 0.011459 0.010254
vt 0.011925 0.010254
vt 0.012375 0.010254
vt 0.012794 0.010742
vt 0.013176 0.010742
vt 0.013504 0.011230
vt 0.013779 0.011719
vt 0.013992 0.012207
vt 0.014221 0.013184
vt 0.014214 0.013672
vt 0.014137 0.014160
vt 0.013992 0.014160
vt 0.013779 0.014648
vt 0.013504 0.015137
vt 0.013176 0.015625
vt 0.012794 0.015625
vt 0.012375 0.016113
vt 0.011925 0.016113
vt 0.011459 0.016113
vt 0.010994 0.016113
vt 0.010529 0.016113
vt 0.010086 0.016113
vt 0.009285 0.015625
vt 0.009109 0.015137
vt 0.008949 0.015137
vt 0.008675 0.014648
vt 0.008461 0.014160
vt 0.008316 0.014160
vt 0.008240 0.013672
vt 0.008240 0.013184
vt 0.008316 0.012695
vt 0.008461 0.012207
vt 0.008675 0.011719
vt 0.008949 0.011230
vt 0.009285 0.010742
vt 0.009666 0.010742
vt 0.010086 0.010254
vt 0.010529 0.010254
vt 0.010994 0.010254
vt 0.072754 0.012207
vt 0.072754 0.012207
vt 0.072876 0.012695
vt 0.072815 0.012695
vt 0.072815 0.012207
vt 0.014153 0.012695
vt 0.014183 0.013184
vt 0.014107 0.012695
vt 0.014191 0.013184
vt 0.014214 0.013672
vt 0.014153 0.013672
vt 0.014107 0.014160
vt 0.014046 0.014160
vt 0.013969 0.014160
vt 0.013870 0.014648
vt 0.013756 0.014648
vt 0.013626 0.015137
vt 0.013481 0.015137
vt 0.013321 0.015137
vt 0.013153 0.015625
vt 0.012970 0.015625
vt 0.012779 0.015625
vt 0.012573 0.016113
vt 0.012360 0.016113
vt 0.012146 0.016113
vt 0.012115 0.016113
vt 0.011917 0.016113
vt 0.011688 0.016113
vt 0.011452 0.016113
vt 0.010765 0.016113
vt 0.011002 0.016113
vt 0.010536 0.016113
vt 0.010315 0.016113
vt 0.010780 0.016113
vt 0.010559 0.016113
vt 0.010094 0.016113
vt 0.010338 0.016113
vt 0.009880 0.016113
vt 0.010132 0.016113
vt 0.009682 0.015625
vt 0.009926 0.015625
vt 0.009483 0.015625
vt 0.009727 0.015625
vt 0.009300 0.015625
vt 0.009544 0.015625
vt 0.009132 0.015137
vt 0.009361 0.015625
vt 0.008972 0.015137
vt 0.008827 0.015137
vt 0.009048 0.015137
vt 0.008705 0.014648
vt 0.008904 0.015137
vt 0.008591 0.014648
vt 0.008781 0.014648
vt 0.008492 0.014160
vt 0.008408 0.014160
vt 0.008347 0.014160
vt 0.008301 0.013672
vt 0.008263 0.013184
vt 0.008270 0.013184
vt 0.008301 0.012695
vt 0.008347 0.012695
vt 0.008408 0.012207
vt 0.008492 0.012207
vt 0.008591 0.011719
vt 0.008705 0.011719
vt 0.008827 0.011719
vt 0.008781 0.011719
vt 0.008575 0.012207
vt 0.008499 0.012207
vt 0.009483 0.010742
vt 0.009682 0.010742
vt 0.009300 0.010742
vt 0.009132 0.011230
vt 0.008972 0.011230
vt 0.008904 0.011719
vt 0.009048 0.011230
vt 0.009201 0.011230
vt 0.009361 0.011230
vt 0.009544 0.010742
vt 0.011688 0.010254
vt 0.011917 0.010254
vt 0.012146 0.010254
vt 0.012360 0.010742
vt 0.012573 0.010742
vt 0.012779 0.010742
vt 0.012970 0.010742
vt 0.013153 0.010742
vt 0.013321 0.011230
vt 0.013092 0.011230
vt 0.013260 0.011230
vt 0.013626 0.011719
vt 0.013756 0.011719
vt 0.013870 0.011719
vt 0.013786 0.011719
vt 0.014046 0.012207
vt 0.013969 0.012207
vt 0.013878 0.012207
vt 0.013954 0.012207
vt 0.014015 0.012695
vt 0.014061 0.012695
vt 0.013939 0.012695
vt 0.014091 0.013184
vt 0.013977 0.012695
vt 0.014008 0.013184
vt 0.014099 0.013184
vt 0.014015 0.013184
vt 0.014091 0.013672
vt 0.014008 0.013672
vt 0.014061 0.013672
vt 0.013977 0.013672
vt 0.014015 0.013672
vt 0.013939 0.013672
vt 0.013954 0.014160
vt 0.013878 0.014160
vt 0.013802 0.014160
vt 0.013786 0.014648
vt 0.013710 0.014648
vt 0.013672 0.014648
vt 0.013603 0.014648
vt 0.013550 0.015137
vt 0.013481 0.014648
vt 0.013412 0.015137
vt 0.013260 0.015137
vt 0.013199 0.015137
vt 0.013092 0.015625
vt 0.013039 0.015137
vt 0.012917 0.015625
vt 0.012863 0.015625
vt 0.012726 0.015625
vt 0.012688 0.015625
vt 0.012527 0.015625
vt 0.012497 0.015625
vt 0.012329 0.016113
vt 0.012291 0.015625
vt 0.012093 0.016113
vt 0.012459 0.015625
vt 0.012268 0.015625
vt 0.011879 0.016113
vt 0.012650 0.015625
vt 0.011902 0.016113
vt 0.012825 0.015625
vt 0.011681 0.016113
vt 0.011444 0.016113
vt 0.011650 0.016113
vt 0.011009 0.016113
vt 0.010796 0.016113
vt 0.010574 0.016113
vt 0.010803 0.016113
vt 0.010597 0.016113
vt 0.010368 0.016113
vt 0.010391 0.015625
vt 0.010162 0.015625
vt 0.010185 0.015625
vt 0.009964 0.015625
vt 0.009995 0.015625
vt 0.009773 0.015625
vt 0.009811 0.015625
vt 0.009590 0.015625
vt 0.009628 0.015625
vt 0.009415 0.015137
vt 0.009460 0.015137
vt 0.009254 0.015137
vt 0.009308 0.015137
vt 0.009163 0.015137
vt 0.009323 0.015137
vt 0.008972 0.014648
vt 0.009026 0.014648
vt 0.009178 0.015137
vt 0.009476 0.015137
vt 0.009048 0.014648
vt 0.009644 0.015625
vt 0.009819 0.015625
vt 0.010002 0.015625
vt 0.010201 0.015625
vt 0.010399 0.015625
vt 0.010597 0.015625
vt 0.011642 0.015625
vt 0.011856 0.015625
vt 0.012054 0.015625
vt 0.011864 0.016113
vt 0.012062 0.015625
vt 0.012245 0.015625
vt 0.012070 0.015625
vt 0.012260 0.015625
vt 0.012436 0.015625
vt 0.012451 0.015625
vt 0.012619 0.015625
vt 0.012634 0.015625
vt 0.012810 0.015625
vt 0.012955 0.015137
vt 0.012978 0.015137
vt 0.013107 0.015137
vt 0.012993 0.015137
vt 0.013130 0.015137
vt 0.013153 0.015137
vt 0.013275 0.015137
vt 0.013252 0.015137
vt 0.013298 0.015137
vt 0.013428 0.014648
vt 0.013405 0.014648
vt 0.013542 0.014648
vt 0.013527 0.014648
vt 0.013496 0.014648
vt 0.013649 0.014648
vt 0.013626 0.014648
vt 0.013741 0.014160
vt 0.013817 0.014160
vt 0.013794 0.014160
vt 0.013916 0.013672
vt 0.013893 0.013672
vt 0.013947 0.013184
vt 0.013924 0.013184
vt 0.013916 0.013184
vt 0.013939 0.013184
vt 0.013893 0.012695
vt 0.013916 0.012695
vt 0.013870 0.012695
vt 0.013794 0.012207
vt 0.013817 0.012207
vt 0.013741 0.012207
vt 0.013626 0.012207
vt 0.013802 0.012207
vt 0.013527 0.011719
vt 0.013542 0.011719
vt 0.013405 0.011719
vt 0.013672 0.011719
vt 0.013428 0.011719
vt 0.013603 0.011719
vt 0.013298 0.011230
vt 0.013550 0.011719
vt 0.013481 0.011719
vt 0.013481 0.011230
vt 0.013412 0.011230
vt 0.013199 0.011230
vt 0.013153 0.011230
vt 0.013130 0.011230
vt 0.012993 0.011230
vt 0.012978 0.011230
vt 0.013039 0.011230
vt 0.012825 0.011230
vt 0.012810 0.011230
vt 0.012917 0.010742
vt 0.012863 0.010742
vt 0.012726 0.010742
vt 0.012650 0.010742
vt 0.012688 0.010742
vt 0.012527 0.010742
vt 0.012634 0.010742
vt 0.012459 0.010742
vt 0.012451 0.010742
vt 0.012497 0.010742
vt 0.012268 0.010742
vt 0.012260 0.010742
vt 0.012329 0.010742
vt 0.012291 0.010742
vt 0.012115 0.010742
vt 0.012093 0.010742
vt 0.011902 0.010254
vt 0.011864 0.010742
vt 0.011856 0.010742
vt 0.011879 0.010742
vt 0.011650 0.010742
vt 0.011681 0.010254
vt 0.011444 0.010742
vt 0.011261 0.010742
vt 0.011192 0.010742
vt 0.010803 0.010742
vt 0.010597 0.010742
vt 0.010399 0.010742
vt 0.010201 0.010742
vt 0.010002 0.010742
vt 0.010185 0.010742
vt 0.009819 0.010742
vt 0.009995 0.010742
vt 0.009644 0.011230
vt 0.009811 0.010742
vt 0.009476 0.011230
vt 0.009628 0.011230
vt 0.009773 0.010742
vt 0.009590 0.010742
vt 0.009964 0.010742
vt 0.009422 0.011230
vt 0.010162 0.010742
vt 0.010368 0.010742
vt 0.009727 0.010742
vt 0.009254 0.011230
vt 0.009880 0.010742
vt 0.009926 0.010742
vt 0.010094 0.010742
vt 0.010132 0.010742
vt 0.010315 0.010254
vt 0.010338 0.010742
vt 0.010536 0.010254
vt 0.010559 0.010254
vt 0.010765 0.010254
vt 0.010574 0.010742
vt 0.010780 0.010254
vt 0.010796 0.010254
vt 0.011002 0.010254
vt 0.011009 0.010254
vt 0.011444 0.010254
vt 0.011452 0.010254
vt 0.012909 0.012207
vt 0.013542 0.013184
vt 0.013321 0.013184
vt 0.010849 0.015625
vt 0.011024 0.014160
vt 0.010651 0.014160
vt 0.011803 0.014160
vt 0.010384 0.013672
vt 0.012077 0.013672
vt 0.009605 0.013672
vt 0.010254 0.013184
vt 0.012848 0.013672
vt 0.012199 0.013184
vt 0.012871 0.013672
vt 0.012901 0.013672
vt 0.013130 0.013672
vt 0.013367 0.014160
vt 0.013382 0.014160
vt 0.013397 0.014160
vt 0.013649 0.013672
vt 0.013680 0.013672
vt 0.013657 0.013672
vt 0.013611 0.013672
vt 0.013626 0.013672
vt 0.013573 0.014160
vt 0.013557 0.014160
vt 0.013504 0.014160
vt 0.013489 0.014160
vt 0.013420 0.014160
vt 0.013329 0.014648
vt 0.013313 0.014648
vt 0.008797 0.013672
vt 0.008812 0.013672
vt 0.008835 0.013672
vt 0.008842 0.013672
vt 0.009056 0.014160
vt 0.008888 0.014160
vt 0.008965 0.014160
vt 0.009033 0.014160
vt 0.009140 0.014648
vt 0.009079 0.014160
vt 0.009094 0.014160
vt 0.009323 0.013672
vt 0.009560 0.013672
vt 0.009583 0.013672
vt 0.010498 0.012695
vt 0.010223 0.011719
vt 0.010834 0.012207
vt 0.010208 0.011719
vt 0.011627 0.012207
vt 0.010193 0.011719
vt 0.010056 0.011719
vt 0.009888 0.011230
vt 0.010117 0.011230
vt 0.010292 0.010742
vt 0.009949 0.011230
vt 0.009941 0.011230
vt 0.009781 0.011230
vt 0.009789 0.011230
vt 0.009636 0.011230
vt 0.009499 0.011719
vt 0.009491 0.011719
vt 0.009369 0.011719
vt 0.009361 0.011719
vt 0.111328 0.013184
vt 0.111633 0.013184
vt 0.111267 0.013184
vt 0.110962 0.013184
vt 0.111206 0.013184
vt 0.111267 0.013672
vt 0.111328 0.013672
vt 0.012169 0.010742
vt 0.012344 0.011230
vt 0.012337 0.011230
vt 0.012512 0.011230
vt 0.012505 0.011230
vt 0.012672 0.011230
vt 0.012566 0.011230
vt 0.012665 0.011230
vt 0.012817 0.011230
vt 0.012962 0.011719
vt 0.013100 0.011719
vt 0.013092 0.011719
vt 0.012405 0.011719
vt 0.012260 0.011719
vt 0.012245 0.011719
vt 0.012230 0.011719
vt 0.150391 0.572021
vt 0.088440 0.363281
vt 0.150269 0.363281
vt 0.026672 0.572021
vt 0.026825 0.363281
vt 0.088501 0.574951
vt 0.150391 0.755737
vt 0.026535 0.755737
vt 0.088562 0.758789
vt 0.150513 0.939941
vt 0.026398 0.939972
vt 0.088623 0.942993
vt 0.011162 0.010742
vt 0.011185 0.010742
vt 0.011200 0.010742
vt 0.011139 0.010742
vt 0.011246 0.010742
vt 0.011284 0.010742
vt 0.013306 0.014648
vt 0.013275 0.014648
vt 0.013344 0.014648
vt 0.013153 0.014648
vt 0.013458 0.014648
vt 0.013466 0.014648
vt 0.013123 0.014648
vt 0.013588 0.014648
vt 0.013489 0.014648
vt 0.013374 0.014648
vt 0.013351 0.014648
vt 0.013245 0.015137
vt 0.013100 0.015137
vt 0.013222 0.015137
vt 0.013084 0.015137
vt 0.012947 0.015137
vt 0.012932 0.015137
vt 0.012787 0.015625
vt 0.012772 0.015137
vt 0.012611 0.015625
vt 0.012428 0.015625
vt 0.012604 0.015625
vt 0.012421 0.015625
vt 0.012230 0.015625
vt 0.012047 0.015625
vt 0.012039 0.015625
vt 0.011841 0.015625
vt 0.011642 0.015625
vt 0.012032 0.015625
vt 0.012192 0.015625
vt 0.012413 0.015625
vt 0.012550 0.015625
vt 0.012596 0.015625
vt 0.012764 0.015137
vt 0.012924 0.015137
vt 0.012718 0.015137
vt 0.013077 0.015137
vt 0.012871 0.015137
vt 0.013016 0.015137
vt 0.012848 0.015137
vt 0.012695 0.015137
vt 0.012527 0.015137
vt 0.011696 0.013672
vt 0.011909 0.013672
vt 0.012016 0.013184
vt 0.011063 0.014160
vt 0.010765 0.013672
vt 0.010544 0.013672
vt 0.010445 0.013184
vt 0.010475 0.013184
vt 0.011230 0.012207
vt 0.010910 0.012695
vt 0.010643 0.012695
vt 0.010841 0.013184
vt 0.010834 0.013184
vt 0.010872 0.013184
vt 0.010864 0.013184
vt 0.010895 0.013672
vt 0.010925 0.013672
vt 0.010963 0.013672
vt 0.010895 0.013184
vt 0.010994 0.013672
vt 0.011002 0.013672
vt 0.010918 0.013184
vt 0.010925 0.013184
vt 0.011040 0.013672
vt 0.010948 0.013184
vt 0.011078 0.013672
vt 0.010963 0.013184
vt 0.011086 0.013672
vt 0.010994 0.012695
vt 0.011131 0.013672
vt 0.011131 0.013672
vt 0.011040 0.012695
vt 0.011177 0.013672
vt 0.011032 0.012695
vt 0.011086 0.012695
vt 0.011230 0.013672
vt 0.011078 0.012695
vt 0.011131 0.012695
vt 0.011276 0.013672
vt 0.011276 0.013672
vt 0.011177 0.012695
vt 0.011322 0.013672
vt 0.011375 0.013672
vt 0.011375 0.013672
vt 0.011421 0.013672
vt 0.011414 0.013672
vt 0.011467 0.013672
vt 0.011322 0.012695
vt 0.011459 0.013672
vt 0.011497 0.013672
vt 0.011528 0.013672
vt 0.011467 0.012695
vt 0.011559 0.013672
vt 0.011459 0.012695
vt 0.011505 0.013184
vt 0.011597 0.013184
vt 0.011497 0.013184
vt 0.011581 0.013184
vt 0.011528 0.013184
vt 0.011536 0.013184
vt 0.011559 0.013184
vt 0.011612 0.013184
vt 0.011620 0.013184
vt 0.107666 0.015625
vt 0.107544 0.015625
vt 0.107544 0.016113
vt 0.107788 0.015625
vt 0.107605 0.016113
vt 0.107788 0.016113
vt 0.046509 0.011230
vt 0.046570 0.011230
vt 0.046539 0.011230
vt 0.046600 0.011230
vt 0.046631 0.011230
vt 0.046814 0.012207
vt 0.046783 0.012207
vt 0.046844 0.012207
vt 0.046875 0.012207
vt 0.046906 0.012207
vt 0.047272 0.010742
vt 0.047241 0.010742
vt 0.047302 0.010742
vt 0.047211 0.010742
vt 0.047333 0.010742
vt 0.048035 0.011230
vt 0.047974 0.011230
vt 0.048004 0.011230
vt 0.047943 0.011230
vt 0.047913 0.011230
vt 0.047760 0.012207
vt 0.047729 0.012207
vt 0.047791 0.012207
vt 0.047699 0.012207
vt 0.047668 0.012207
vt 0.008934 0.014648
vt 0.008911 0.014648
vt 0.008827 0.014648
vt 0.008804 0.014648
vt 0.008850 0.014648
vt 0.008720 0.014160
vt 0.008743 0.014648
vt 0.008575 0.014160
vt 0.008652 0.014160
vt 0.008499 0.014160
vt 0.008644 0.014160
vt 0.008438 0.013672
vt 0.008667 0.014160
vt 0.008392 0.013672
vt 0.008568 0.013672
vt 0.008545 0.013672
vt 0.008522 0.013672
vt 0.008476 0.013672
vt 0.008369 0.013672
vt 0.008362 0.013184
vt 0.008507 0.013184
vt 0.008438 0.013184
vt 0.008369 0.013184
vt 0.008392 0.012695
vt 0.008453 0.013184
vt 0.008438 0.012695
vt 0.008476 0.012695
vt 0.008522 0.012695
vt 0.008522 0.013184
vt 0.008545 0.012695
vt 0.008583 0.012695
vt 0.008644 0.012207
vt 0.008652 0.012207
vt 0.008720 0.012207
vt 0.008850 0.011719
vt 0.008911 0.011719
vt 0.008972 0.011719
vt 0.009026 0.011719
vt 0.009163 0.011230
vt 0.009308 0.011230
vt 0.009323 0.011230
vt 0.009048 0.011719
vt 0.008934 0.011719
vt 0.008827 0.012207
vt 0.008667 0.012207
vt 0.008568 0.012695
vt 0.008545 0.013184
vt 0.008537 0.013184
vt 0.111694 0.013184
vt 0.111755 0.013184
vt 0.111572 0.013184
vt 0.111572 0.012695
vt 0.111511 0.012695
vt 0.111450 0.012695
vt 0.111389 0.012695
vt 0.111328 0.012695
vt 0.111267 0.012695
vt 0.111206 0.012695
vt 0.111145 0.012695
vt 0.111084 0.012695
vt 0.111023 0.012695
vt 0.111023 0.013184
vt 0.110962 0.012695
vt 0.110901 0.013184
vt 0.110840 0.013184
vt 0.110962 0.013672
vt 0.110901 0.013672
vt 0.111023 0.013672
vt 0.111084 0.013672
vt 0.111145 0.013672
vt 0.111206 0.013672
vt 0.111267 0.013672
vt 0.111389 0.013672
vt 0.111450 0.013672
vt 0.111511 0.013672
vt 0.111572 0.013672
vt 0.111633 0.013672
vt 0.011230 0.013184
vt 0.108887 0.016113
vt 0.108765 0.015625
vt 0.109009 0.016113
vt 0.108826 0.015625
vt 0.108948 0.015625
vt 0.109070 0.015625
vt 0.108887 0.015625
vt 0.046509 0.011719
vt 0.046478 0.011719
vt 0.046661 0.011719
vt 0.046539 0.011719
vt 0.046600 0.011719
vt 0.046692 0.011719
vt 0.046753 0.011719
vt 0.046783 0.011719
vt 0.046814 0.011719
vt 0.046753 0.010742
vt 0.046783 0.010742
vt 0.046875 0.011230
vt 0.046722 0.010742
vt 0.046844 0.010742
vt 0.046722 0.011230
vt 0.046875 0.010742
vt 0.046936 0.010742
vt 0.046753 0.011230
vt 0.046997 0.010742
vt 0.046783 0.011230
vt 0.047028 0.010742
vt 0.046844 0.011230
vt 0.047058 0.010742
vt 0.047058 0.011230
vt 0.046936 0.011230
vt 0.046997 0.011230
vt 0.047028 0.011230
vt 0.047729 0.010742
vt 0.047760 0.010742
vt 0.047668 0.011230
vt 0.047668 0.010742
vt 0.047821 0.010742
vt 0.047607 0.010742
vt 0.047577 0.010742
vt 0.047852 0.011230
vt 0.047516 0.010742
vt 0.047821 0.011230
vt 0.047485 0.011230
vt 0.047760 0.011230
vt 0.047516 0.011230
vt 0.047729 0.011230
vt 0.047577 0.011230
vt 0.047607 0.011230
vt 0.048096 0.011719
vt 0.048065 0.011719
vt 0.047913 0.011719
vt 0.048004 0.011719
vt 0.047974 0.011719
vt 0.047852 0.011719
vt 0.047821 0.011719
vt 0.047760 0.011719
vt 0.047729 0.011719
vt 0.047333 0.012207
vt 0.047272 0.012207
vt 0.047394 0.012207
vt 0.047211 0.012207
vt 0.047424 0.012207
vt 0.047180 0.012207
vt 0.047455 0.012207
vt 0.047150 0.012207
vt 0.047119 0.012207
vt 0.108765 0.015137
vt 0.108582 0.015137
vt 0.108521 0.015137
vt 0.108826 0.015137
vt 0.108643 0.015137
vt 0.108704 0.015137
vt 0.108398 0.016113
vt 0.108337 0.016113
vt 0.108215 0.016113
vt 0.108337 0.016602
vt 0.108154 0.016113
vt 0.108215 0.016602
vt 0.108276 0.016113
vt 0.108032 0.015137
vt 0.107910 0.015137
vt 0.107849 0.015137
vt 0.107971 0.015137
vt 0.107788 0.015137
vt 0.545898 0.937653
vt 0.500000 0.916626
vt 0.543457 0.914307
vt 0.591309 0.930481
vt 0.586426 0.907471
vt 0.628418 0.896240
vt 0.678711 0.902039
vt 0.669434 0.880615
vt 0.708008 0.860840
vt 0.744629 0.837036
vt 0.719727 0.881104
vt 0.794434 0.827026
vt 0.778320 0.809692
vt 0.809570 0.778809
vt 0.836914 0.744873
vt 0.826660 0.794556
vt 0.860352 0.708496
vt 0.855957 0.758667
vt 0.901855 0.679199
vt 0.880371 0.669678
vt 0.895996 0.628906
vt 0.930176 0.591553
vt 0.907227 0.586670
vt 0.937500 0.546143
vt 0.914062 0.543701
vt 0.916504 0.500000
vt 0.937500 0.454102
vt 0.914062 0.456543
vt 0.930176 0.408691
vt 0.907227 0.413574
vt 0.895996 0.371582
vt 0.901855 0.321289
vt 0.880371 0.330566
vt 0.860352 0.291992
vt 0.880859 0.280273
vt 0.836914 0.255371
vt 0.855957 0.241699
vt 0.809570 0.221680
vt 0.826660 0.205566
vt 0.778320 0.190430
vt 0.758301 0.144043
vt 0.744629 0.163086
vt 0.708008 0.139648
vt 0.678711 0.098145
vt 0.669434 0.119629
vt 0.628418 0.104004
vt 0.591309 0.069824
vt 0.586426 0.092773
vt 0.543457 0.085938
vt 0.500000 0.083496
vt 0.545898 0.062500
vt 0.453857 0.062500
vt 0.456299 0.085938
vt 0.408447 0.069824
vt 0.413330 0.092773
vt 0.371094 0.104004
vt 0.320801 0.098145
vt 0.330322 0.119629
vt 0.291504 0.139648
vt 0.241333 0.144043
vt 0.255127 0.163086
vt 0.221191 0.190430
vt 0.172974 0.205566
vt 0.190308 0.221680
vt 0.143921 0.241699
vt 0.162964 0.255371
vt 0.118896 0.280273
vt 0.139160 0.291992
vt 0.097961 0.321289
vt 0.119385 0.330566
vt 0.103760 0.371582
vt 0.069519 0.408691
vt 0.092529 0.413574
vt 0.062347 0.454102
vt 0.085693 0.456543
vt 0.083374 0.500244
vt 0.062347 0.546143
vt 0.085693 0.543701
vt 0.069519 0.591553
vt 0.092529 0.586670
vt 0.103760 0.628906
vt 0.097961 0.679199
vt 0.119385 0.669678
vt 0.139160 0.708496
vt 0.143921 0.758667
vt 0.162964 0.744873
vt 0.190308 0.778809
vt 0.205444 0.827026
vt 0.221191 0.809692
vt 0.255127 0.837036
vt 0.291504 0.860840
vt 0.241333 0.856079
vt 0.320801 0.902039
vt 0.330566 0.880615
vt 0.371094 0.896240
vt 0.408447 0.930481
vt 0.413330 0.907471
vt 0.456299 0.914307
vt 0.453857 0.937653
vt 0.591309 0.930359
vt 0.499756 0.916504
vt 0.586426 0.907410
vt 0.678711 0.901978
vt 0.668945 0.880493
vt 0.826660 0.794434
vt 0.809082 0.778687
vt 0.880859 0.720215
vt 0.860352 0.708252
vt 0.880859 0.280273
vt 0.860352 0.291992
vt 0.826660 0.206055
vt 0.809082 0.221680
vt 0.758301 0.144531
vt 0.744629 0.163086
vt 0.668945 0.119629
vt 0.499756 0.060059
vt 0.499756 0.083984
vt 0.408447 0.069824
vt 0.321045 0.098145
vt 0.330566 0.119629
vt 0.241333 0.144531
vt 0.172974 0.206055
vt 0.190430 0.221680
vt 0.118958 0.280273
vt 0.139282 0.291992
vt 0.081543 0.364258
vt 0.103882 0.371582
vt 0.062439 0.454102
vt 0.085754 0.456543
vt 0.085754 0.543701
vt 0.103882 0.628906
vt 0.062439 0.546143
vt 0.139282 0.708252
vt 0.081543 0.635986
vt 0.190430 0.778687
vt 0.118958 0.720215
vt 0.172974 0.794434
vt 0.321045 0.901978
vt 0.330566 0.880493
vt 0.413330 0.907410
vt 0.408447 0.930359
vt 0.500000 0.900757
vt 0.458008 0.898621
vt 0.500000 0.889771
vt 0.459229 0.887634
vt 0.416504 0.892029
vt 0.418945 0.881226
vt 0.379395 0.870728
vt 0.375977 0.881165
vt 0.341309 0.856079
vt 0.336914 0.866211
vt 0.304932 0.837524
vt 0.299561 0.847168
vt 0.270752 0.815308
vt 0.264404 0.824341
vt 0.231812 0.797852
vt 0.239136 0.789673
vt 0.210327 0.760864
vt 0.202148 0.768188
vt 0.184692 0.729248
vt 0.175781 0.735596
vt 0.162476 0.695068
vt 0.152832 0.700439
vt 0.133789 0.663086
vt 0.143921 0.658691
vt 0.129272 0.620605
vt 0.118835 0.624023
vt 0.107971 0.583496
vt 0.118774 0.581055
vt 0.101379 0.541992
vt 0.112366 0.540771
vt 0.110229 0.500244
vt 0.099243 0.500244
vt 0.101379 0.458496
vt 0.112366 0.459473
vt 0.118774 0.419434
vt 0.107971 0.416992
vt 0.129272 0.379883
vt 0.118835 0.376465
vt 0.133789 0.337402
vt 0.143921 0.341797
vt 0.162476 0.305176
vt 0.152832 0.299805
vt 0.175781 0.264648
vt 0.184692 0.270996
vt 0.202148 0.231934
vt 0.210327 0.239258
vt 0.239136 0.210449
vt 0.231812 0.202637
vt 0.264404 0.176270
vt 0.270752 0.185059
vt 0.304932 0.162598
vt 0.299561 0.153320
vt 0.336914 0.134277
vt 0.341309 0.144043
vt 0.375977 0.119141
vt 0.379395 0.129395
vt 0.416504 0.108398
vt 0.418945 0.119141
vt 0.459229 0.112793
vt 0.458008 0.101562
vt 0.500000 0.110352
vt 0.500000 0.099609
vt 0.541504 0.101562
vt 0.540527 0.112793
vt 0.583008 0.108398
vt 0.580566 0.119141
vt 0.620117 0.129395
vt 0.623535 0.119141
vt 0.662598 0.134277
vt 0.658203 0.144043
vt 0.700195 0.153320
vt 0.694824 0.162598
vt 0.735352 0.176270
vt 0.729004 0.185059
vt 0.760742 0.210449
vt 0.768066 0.202637
vt 0.797363 0.231934
vt 0.789551 0.239258
vt 0.814941 0.270996
vt 0.823730 0.264648
vt 0.846680 0.299805
vt 0.837402 0.305176
vt 0.865723 0.337402
vt 0.855957 0.341797
vt 0.870605 0.379883
vt 0.880859 0.376465
vt 0.891602 0.416992
vt 0.880859 0.419434
vt 0.898438 0.458496
vt 0.887207 0.459473
vt 0.889648 0.500000
vt 0.900391 0.500000
vt 0.898438 0.541992
vt 0.887207 0.540771
vt 0.880859 0.581055
vt 0.891602 0.583496
vt 0.870605 0.620605
vt 0.880859 0.624023
vt 0.855957 0.658691
vt 0.865723 0.663086
vt 0.837402 0.695068
vt 0.846680 0.700439
vt 0.814941 0.729248
vt 0.823730 0.735596
vt 0.797363 0.768188
vt 0.789551 0.760864
vt 0.768066 0.797852
vt 0.760742 0.789673
vt 0.735352 0.824219
vt 0.729004 0.815308
vt 0.694824 0.837524
vt 0.700195 0.847168
vt 0.662598 0.866211
vt 0.658203 0.856079
vt 0.623535 0.881165
vt 0.620117 0.870728
vt 0.583008 0.892029
vt 0.580566 0.881226
vt 0.541504 0.898621
vt 0.540527 0.887634
vt 0.499756 0.900818
vt 0.499756 0.889771
vt 0.264404 0.175781
vt 0.499756 0.099609
vt 0.499756 0.110352
vt 0.735352 0.175781
vt 0.735352 0.824341
vt 0.200562 0.717529
vt 0.285889 0.717529
vt 0.200562 0.664062
vt 0.285889 0.664062
vt 0.371094 0.717529
vt 0.200562 0.605225
vt 0.371094 0.664062
vt 0.456543 0.717529
vt 0.285889 0.605225
vt 0.456543 0.664062
vt 0.541504 0.717529
vt 0.371094 0.605225
vt 0.285889 0.395020
vt 0.200562 0.395020
vt 0.371094 0.395020
vt 0.285889 0.335938
vt 0.200562 0.335938
vt 0.285889 0.282715
vt 0.200562 0.282715
vt 0.371094 0.282715
vt 0.371094 0.335938
vt 0.456543 0.282715
vt 0.456543 0.335938
vt 0.541504 0.282715
vt 0.456543 0.395020
vt 0.541504 0.335938
vt 0.626953 0.282715
vt 0.626953 0.335938
vt 0.541504 0.395020
vt 0.626953 0.395020
vt 0.456543 0.605225
vt 0.541504 0.605225
vt 0.626953 0.605225
vt 0.626953 0.664062
vt 0.541504 0.664062
vt 0.626953 0.717529
vt 0.543945 0.282715
vt 0.629395 0.335938
vt 0.629395 0.282715
vt 0.543945 0.335938
vt 0.458496 0.282715
vt 0.629395 0.395020
vt 0.458496 0.335938
vt 0.373291 0.282715
vt 0.543945 0.395020
vt 0.373291 0.335938
vt 0.287842 0.282715
vt 0.458496 0.395020
vt 0.543945 0.605225
vt 0.629395 0.605225
vt 0.287842 0.335938
vt 0.202637 0.282715
vt 0.202637 0.335938
vt 0.373291 0.395020
vt 0.287842 0.395020
vt 0.202637 0.395020
vt 0.202637 0.605225
vt 0.287842 0.605225
vt 0.202637 0.664062
vt 0.373291 0.605225
vt 0.287842 0.664062
vt 0.202637 0.717529
vt 0.287842 0.717529
vt 0.373291 0.664062
vt 0.373291 0.717529
vt 0.458496 0.605225
vt 0.458496 0.664062
vt 0.458496 0.717529
vt 0.543945 0.664062
vt 0.543945 0.717529
vt 0.629395 0.664062
vt 0.629395 0.717529
vt 0.500000 0.969681
vt 0.551758 0.996765
vt 0.500000 0.999500
vt 0.548828 0.967102
vt 0.500000 0.940063
vt 0.603516 0.988586
vt 0.597168 0.959412
vt 0.645020 0.946686
vt 0.654297 0.975067
vt 0.703125 0.956329
vt 0.635742 0.918518
vt 0.690918 0.929077
vt 0.749512 0.932617
vt 0.734375 0.906799
vt 0.793457 0.904114
vt 0.775879 0.880005
vt 0.833984 0.871216
vt 0.758301 0.856079
vt 0.813965 0.849121
vt 0.871094 0.834351
vt 0.848633 0.814331
vt 0.879883 0.776123
vt 0.903809 0.793701
vt 0.906738 0.734863
vt 0.932129 0.749756
vt 0.880859 0.720215
vt 0.928711 0.691162
vt 0.956055 0.703369
vt 0.974609 0.654541
vt 0.946289 0.645264
vt 0.988281 0.604004
vt 0.918457 0.635986
vt 0.958984 0.597656
vt 0.966797 0.549316
vt 0.996582 0.552246
vt 0.999023 0.500000
vt 0.969238 0.500000
vt 0.939941 0.500000
vt 0.966797 0.451172
vt 0.996582 0.448242
vt 0.958984 0.402832
vt 0.988281 0.396484
vt 0.946289 0.354980
vt 0.974609 0.345703
vt 0.918457 0.364258
vt 0.928711 0.309082
vt 0.956055 0.296875
vt 0.906738 0.265625
vt 0.932129 0.250488
vt 0.903809 0.206543
vt 0.879883 0.224121
vt 0.871094 0.166016
vt 0.848633 0.186035
vt 0.813965 0.151367
vt 0.833984 0.128906
vt 0.794434 0.173340
vt 0.775879 0.120117
vt 0.793457 0.096191
vt 0.734375 0.093262
vt 0.749512 0.067871
vt 0.719727 0.119141
vt 0.690918 0.071289
vt 0.703125 0.043945
vt 0.645020 0.053711
vt 0.654297 0.025391
vt 0.635742 0.081543
vt 0.603516 0.011719
vt 0.597168 0.041016
vt 0.548828 0.033203
vt 0.551758 0.003418
vt 0.500000 0.000977
vt 0.500000 0.060059
vt 0.500000 0.030762
vt 0.450684 0.033203
vt 0.447754 0.003418
vt 0.402344 0.041016
vt 0.395996 0.011719
vt 0.354736 0.053711
vt 0.345459 0.025391
vt 0.364014 0.081543
vt 0.308838 0.071289
vt 0.296631 0.043945
vt 0.265137 0.093262
vt 0.250244 0.067871
vt 0.206299 0.096191
vt 0.279785 0.119141
vt 0.223877 0.120117
vt 0.165649 0.128906
vt 0.185669 0.151367
vt 0.205444 0.173340
vt 0.150879 0.186035
vt 0.128784 0.166016
vt 0.119995 0.224121
vt 0.095886 0.206543
vt 0.093201 0.265625
vt 0.067383 0.250488
vt 0.070923 0.309082
vt 0.043671 0.296875
vt 0.053314 0.354980
vt 0.024933 0.345703
vt 0.081482 0.364258
vt 0.011414 0.396484
vt 0.040588 0.402832
vt 0.032898 0.451172
vt 0.003235 0.448242
vt 0.000500 0.500244
vt 0.030319 0.500244
vt 0.059937 0.500244
vt 0.032898 0.549316
vt 0.003235 0.552246
vt 0.011414 0.604004
vt 0.040588 0.597656
vt 0.053314 0.645264
vt 0.024933 0.654541
vt 0.081482 0.635986
vt 0.070923 0.691162
vt 0.043671 0.703369
vt 0.067383 0.749756
vt 0.093201 0.734863
vt 0.095886 0.793701
vt 0.119995 0.776123
vt 0.128784 0.834351
vt 0.118896 0.720215
vt 0.150879 0.814331
vt 0.165649 0.871216
vt 0.172974 0.794556
vt 0.185669 0.849121
vt 0.223877 0.880005
vt 0.206299 0.904114
vt 0.279785 0.881104
vt 0.265137 0.906799
vt 0.250244 0.932617
vt 0.296631 0.956329
vt 0.308838 0.929077
vt 0.345459 0.975067
vt 0.354736 0.946686
vt 0.395996 0.988586
vt 0.364014 0.918518
vt 0.402344 0.959412
vt 0.447754 0.996765
vt 0.450684 0.967102
vt 0.499756 0.999500
vt 0.499756 0.969589
vt 0.597168 0.959351
vt 0.499756 0.939972
vt 0.654297 0.975067
vt 0.690918 0.929016
vt 0.775879 0.879944
vt 0.833984 0.871216
vt 0.758301 0.855957
vt 0.906250 0.734863
vt 0.956055 0.703369
vt 0.974609 0.654541
vt 0.917969 0.635986
vt 0.966797 0.549316
vt 0.996582 0.448242
vt 0.917969 0.364258
vt 0.906250 0.265625
vt 0.848633 0.186035
vt 0.833984 0.128906
vt 0.551758 0.003418
vt 0.499756 0.030762
vt 0.499756 0.000977
vt 0.447754 0.003418
vt 0.151001 0.186035
vt 0.093323 0.265625
vt 0.053375 0.354980
vt 0.032990 0.451172
vt 0.032990 0.549316
vt 0.053375 0.645264
vt 0.043671 0.703369
vt 0.093323 0.734863
vt 0.067383 0.749756
vt 0.151001 0.814331
vt 0.241333 0.855957
vt 0.223877 0.879944
vt 0.308838 0.929016
vt 0.402344 0.959351
vt 0.447754 0.996765
s 1
usemtl e50:MI_Change_Brake1
f 1/1/1 2/2/1 3/1/1
f 4/3/2 5/4/2 6/4/2
f 5/4/3 4/3/4 7/5/4
f 6/6/5 8/7/6 9/8/6
f 8/7/6 6/6/3 5/6/3
f 10/9/7 11/10/7 12/11/7
f 13/12/8 12/11/8 11/10/9
f 12/11/8 13/12/8 14/13/10
f 15/14/10 14/13/10 13/12/8
f 14/13/10 15/14/10 16/15/11
f 17/16/11 16/15/11 15/14/10
f 16/15/11 17/16/11 18/17/12
f 19/18/12 18/17/12 17/16/11
f 18/17/12 19/18/12 20/19/13
f 21/20/14 20/19/13 19/18/12
f 20/19/13 21/20/14 22/21/15
f 23/22/15 22/21/15 21/20/14
f 22/9/15 23/10/15 24/11/16
f 25/12/16 24/11/16 23/10/15
f 24/11/16 25/12/16 26/13/17
f 27/14/17 26/13/17 25/12/16
f 26/13/17 27/14/17 28/15/18
f 29/16/18 28/15/18 27/14/17
f 28/15/18 29/16/18 30/17/19
f 31/18/20 30/17/19 29/16/18
f 31/18/20 32/19/21 30/17/19
f 32/19/21 31/18/20 33/20/22
f 33/20/22 34/21/23 32/19/21
f 35/22/23 34/21/23 33/20/22
f 36/22/24 37/21/24 38/20/25
f 38/20/25 37/21/24 39/19/25
f 39/19/25 40/18/26 38/20/25
f 40/18/26 39/19/25 41/17/26
f 40/18/26 41/17/26 42/16/27
f 42/16/27 41/17/26 43/15/27
f 42/16/27 43/15/27 44/14/28
f 44/14/28 43/15/27 45/13/28
f 44/14/28 45/13/28 46/12/29
f 46/12/29 45/13/28 47/11/30
f 46/12/29 47/11/30 35/10/23
f 35/10/23 47/11/30 34/9/23
f 48/23/31 49/24/31 50/25/32
f 50/25/32 49/24/31 51/26/32
f 51/26/32 52/27/33 50/25/32
f 52/27/33 51/26/32 53/28/33
f 52/27/33 53/28/33 54/15/34
f 54/15/34 53/28/33 55/16/34
f 54/15/34 55/16/34 56/17/35
f 56/17/35 55/16/34 57/18/35
f 57/18/35 58/19/36 56/17/35
f 58/19/36 57/18/35 59/29/36
f 58/19/36 59/29/36 36/30/24
f 36/30/24 59/29/36 37/22/24
f 60/22/37 61/21/37 62/20/38
f 62/20/38 61/21/37 63/19/38
f 62/20/38 63/19/38 64/18/39
f 64/18/39 63/19/38 65/17/39
f 64/18/39 65/17/39 66/16/40
f 66/16/40 65/17/39 67/15/40
f 66/16/40 67/15/40 68/14/4
f 68/14/4 67/15/40 69/13/4
f 68/14/4 69/13/4 70/12/41
f 70/12/41 69/13/4 71/11/42
f 70/12/41 71/11/42 72/24/3
f 72/24/3 71/11/42 73/9/3
f 72/9/3 73/10/3 74/11/43
f 74/11/43 73/10/3 75/12/43
f 74/11/43 75/12/43 76/13/44
f 76/13/44 75/12/43 77/14/6
f 76/13/44 77/14/6 78/15/45
f 78/15/45 77/14/6 79/16/45
f 78/15/45 79/16/45 80/17/46
f 80/17/46 79/16/45 81/18/46
f 80/17/46 81/18/46 82/19/47
f 82/19/47 81/18/46 83/20/47
f 82/19/47 83/20/47 84/21/48
f 84/21/48 83/20/47 85/22/48
f 84/9/48 85/10/48 86/11/49
f 86/11/49 85/10/48 87/12/49
f 86/11/49 87/12/49 88/13/50
f 88/13/50 87/12/49 89/14/50
f 88/13/50 89/14/50 90/15/51
f 91/16/51 90/15/51 89/14/50
f 90/15/51 91/16/51 92/17/52
f 93/18/52 92/17/52 91/16/51
f 92/17/52 93/18/52 94/19/53
f 95/20/53 94/19/53 93/18/52
f 94/19/53 95/20/53 10/21/9
f 11/22/9 10/21/9 95/20/53
f 96/31/54 97/32/55 98/33/56
f 97/32/55 99/34/57 98/33/56
f 98/33/56 99/34/57 100/35/58
f 100/35/58 99/34/57 101/36/59
f 99/34/57 102/37/60 101/36/59
f 101/36/59 102/37/60 103/38/61
f 103/38/61 102/37/60 104/39/62
f 102/37/60 105/40/63 104/39/62
f 104/39/62 105/40/63 106/41/64
f 106/42/64 105/43/63 107/44/65
f 105/43/63 108/45/66 107/44/65
f 107/44/65 108/45/66 109/46/67
f 109/46/67 108/45/66 110/47/68
f 108/45/66 111/48/69 110/47/68
f 110/47/68 111/48/69 112/49/70
f 112/49/70 111/48/69 113/50/71
f 111/48/69 114/51/72 113/50/71
f 113/50/71 114/51/72 115/52/73
f 115/53/73 114/54/72 116/55/74
f 114/54/72 117/56/75 116/55/74
f 116/55/74 117/56/75 118/57/76
f 118/57/76 117/56/75 119/58/77
f 117/56/75 120/59/78 119/58/77
f 119/58/77 120/59/78 121/60/79
f 121/60/79 120/59/78 122/61/80
f 120/59/78 123/62/81 122/61/80
f 122/61/80 123/62/81 124/63/82
f 124/64/82 123/65/81 125/66/83
f 123/65/81 126/67/84 125/66/83
f 125/66/83 126/67/84 127/68/85
f 127/68/85 126/67/84 128/69/86
f 126/67/84 129/70/87 128/69/86
f 128/69/86 129/70/87 130/71/88
f 130/71/88 129/70/87 131/72/89
f 129/70/87 132/73/90 131/72/89
f 131/72/89 132/73/90 133/74/91
f 133/75/91 132/76/90 134/77/92
f 132/76/90 135/78/93 134/77/92
f 134/77/92 135/78/93 136/79/94
f 136/79/94 135/78/93 137/80/95
f 135/78/93 138/81/96 137/80/95
f 137/80/95 138/81/96 139/82/97
f 139/82/97 138/81/96 140/83/98
f 138/81/96 141/84/99 140/83/98
f 140/83/98 141/84/99 142/85/100
f 142/86/100 141/87/99 143/88/101
f 141/87/99 144/89/102 143/88/101
f 143/88/101 144/89/102 145/90/102
f 145/90/102 144/89/102 146/91/103
f 144/89/102 147/92/104 146/91/103
f 146/91/103 147/92/104 148/93/105
f 148/93/105 147/92/104 149/94/106
f 147/92/104 150/95/107 149/94/106
f 149/94/106 150/95/107 151/96/108
f 151/97/108 150/98/107 152/99/109
f 150/98/107 153/100/110 152/99/109
f 152/99/109 153/100/110 154/101/111
f 154/101/111 153/100/110 155/102/112
f 153/100/110 156/103/113 155/102/112
f 155/102/112 156/103/113 157/104/114
f 157/104/114 156/103/113 158/61/115
f 156/103/113 159/62/116 158/61/115
f 158/61/115 159/62/116 160/105/117
f 160/106/117 159/107/116 161/108/118
f 159/107/116 162/109/119 161/108/118
f 161/108/118 162/109/119 163/110/120
f 163/110/120 162/109/119 164/111/121
f 162/109/119 165/112/122 164/111/121
f 164/111/121 165/112/122 166/113/122
f 166/113/122 165/112/122 167/114/123
f 165/112/122 168/115/124 167/114/123
f 167/114/123 168/115/124 169/116/125
f 169/117/125 168/118/124 170/119/126
f 168/118/124 171/120/127 170/119/126
f 170/119/126 171/120/127 172/121/128
f 172/121/128 171/120/127 173/122/129
f 171/120/127 174/123/130 173/122/129
f 173/122/129 174/123/130 175/124/130
f 175/124/130 174/123/130 176/125/131
f 174/123/130 177/126/132 176/125/131
f 176/125/131 177/126/132 178/127/133
f 178/128/133 177/129/132 179/130/134
f 177/129/132 180/131/135 179/130/134
f 179/130/134 180/131/135 181/132/136
f 181/132/136 180/131/135 182/133/137
f 180/131/135 183/134/138 182/133/137
f 182/133/137 183/134/138 184/135/139
f 184/135/139 183/134/138 185/136/140
f 183/134/138 97/137/55 185/136/140
f 185/136/140 97/137/55 96/138/54
f 2/2/19 1/1/141 186/2/19
f 186/2/19 187/139/142 2/2/19
f 187/139/142 186/2/19 188/140/142
f 189/141/15 187/139/142 188/140/142
f 189/141/15 190/141/15 187/139/142
f 191/142/143 192/143/26 193/142/28
f 193/142/28 3/144/141 191/142/143
f 3/144/141 193/142/28 1/144/141
f 192/143/26 191/142/143 194/143/144
f 194/143/144 195/145/24 192/143/26
f 195/145/24 194/143/144 196/145/24
f 195/146/24 196/146/24 197/147/35
f 197/147/35 198/147/35 195/146/24
f 198/147/35 197/147/35 199/148/33
f 199/148/33 200/149/145 198/147/35
f 200/149/145 199/148/33 201/150/31
f 201/150/31 202/150/31 200/149/145
f 203/151/146 204/151/146 205/152/147
f 203/151/146 205/152/147 206/153/147
f 207/154/148 206/153/147 205/152/147
f 206/153/147 207/154/148 208/154/148
f 207/154/148 201/155/31 208/154/148
f 201/155/31 207/154/148 202/155/31
f 209/156/149 210/156/149 211/157/150
f 209/156/149 211/157/150 212/157/150
f 212/157/150 211/157/150 213/158/151
f 212/157/150 213/158/151 214/158/152
f 214/158/152 213/158/151 204/159/146
f 214/158/152 204/159/146 203/159/146
f 215/160/153 209/161/153 216/162/153
f 216/162/153 217/163/153 215/160/153
f 216/162/153 218/164/153 217/163/153
f 106/41/153 35/165/153 104/39/153
f 33/166/153 104/39/153 35/165/153
f 33/166/153 103/38/153 104/39/153
f 31/167/153 103/38/153 33/166/153
f 31/167/153 101/36/153 103/38/153
f 29/168/153 101/36/153 31/167/153
f 29/168/153 100/35/153 101/36/153
f 27/169/153 100/35/153 29/168/153
f 27/169/153 98/33/153 100/35/153
f 98/33/153 27/169/153 25/170/153
f 25/170/153 96/31/153 98/33/153
f 96/31/153 25/170/153 23/171/153
f 35/172/153 106/42/153 46/173/153
f 107/44/153 46/173/153 106/42/153
f 46/173/153 107/44/153 44/174/153
f 109/46/153 44/174/153 107/44/153
f 44/174/153 109/46/153 42/175/153
f 110/47/153 42/175/153 109/46/153
f 42/175/153 110/47/153 40/176/153
f 112/49/153 40/176/153 110/47/153
f 38/177/153 40/176/153 112/49/153
f 113/50/153 38/177/153 112/49/153
f 115/52/153 38/177/153 113/50/153
f 38/177/153 115/52/153 36/178/153
f 169/116/153 85/179/153 167/114/153
f 83/180/153 167/114/153 85/179/153
f 167/114/153 83/180/153 166/113/153
f 81/181/153 166/113/153 83/180/153
f 166/113/153 81/181/153 164/111/153
f 79/182/153 164/111/153 81/181/153
f 79/182/153 163/110/153 164/111/153
f 77/183/153 163/110/153 79/182/153
f 75/184/153 163/110/153 77/183/153
f 163/110/153 75/184/153 161/108/153
f 75/184/153 160/106/153 161/108/153
f 73/185/153 160/106/153 75/184/153
f 85/186/153 169/117/153 87/187/153
f 170/119/153 87/187/153 169/117/153
f 87/187/153 170/119/153 89/188/153
f 172/121/153 89/188/153 170/119/153
f 91/189/153 89/188/153 172/121/153
f 173/122/153 91/189/153 172/121/153
f 93/190/153 91/189/153 173/122/153
f 175/124/153 93/190/153 173/122/153
f 175/124/153 95/191/153 93/190/153
f 176/125/153 95/191/153 175/124/153
f 176/125/153 11/192/153 95/191/153
f 178/127/153 11/192/153 176/125/153
f 48/30/154 219/29/154 49/22/154
f 220/19/155 219/29/155 48/30/31
f 220/19/155 221/18/156 219/29/155
f 221/18/156 220/19/155 222/17/157
f 222/17/157 223/16/158 221/18/156
f 223/16/158 222/17/157 224/15/158
f 224/15/158 225/28/159 223/16/158
f 225/28/159 224/15/158 226/27/147
f 226/27/147 227/26/160 225/28/159
f 227/26/160 226/27/147 228/25/160
f 228/25/160 229/24/146 227/26/160
f 229/24/146 228/25/160 230/23/146
f 231/24/149 232/25/161 233/23/149
f 232/25/161 231/24/149 234/26/161
f 234/26/161 235/27/150 232/25/161
f 235/27/150 234/26/161 236/28/150
f 236/28/150 237/15/162 235/27/150
f 237/15/162 236/28/150 238/16/162
f 238/16/162 239/17/151 237/15/162
f 239/17/151 238/16/162 240/18/152
f 240/18/152 241/19/163 239/17/151
f 241/19/163 240/18/152 242/29/163
f 242/29/163 230/30/146 241/19/163
f 230/30/146 242/29/163 229/22/146
f 60/24/37 243/25/164 61/193/37
f 244/26/164 243/25/164 60/24/37
f 244/26/164 245/13/165 243/25/164
f 245/13/165 244/26/164 246/28/165
f 246/28/165 247/15/166 245/13/165
f 247/15/166 246/28/165 248/16/166
f 248/16/166 249/17/167 247/15/166
f 249/17/167 248/16/166 250/18/167
f 250/18/167 251/19/168 249/17/167
f 251/19/168 250/18/167 252/20/168
f 252/20/168 233/30/149 251/19/168
f 233/30/149 252/20/168 231/22/149
f 215/160/169 210/161/149 209/161/149
f 215/160/169 253/160/169 210/161/149
f 217/163/165 253/160/169 215/160/169
f 217/163/165 254/163/165 253/160/169
f 218/164/170 254/163/165 217/163/165
f 254/163/165 218/164/170 255/164/171
f 256/194/39 7/5/4 4/3/4
f 7/5/4 256/194/39 257/194/39
f 255/195/171 257/194/39 256/194/39
f 257/194/39 255/195/171 218/195/170
f 258/196/172 259/145/48 168/145/173
f 259/145/48 258/196/172 260/196/172
f 9/8/6 260/196/172 258/196/172
f 260/196/172 9/8/6 8/7/6
f 261/197/9 262/198/52 263/197/9
f 262/198/52 261/197/9 264/198/52
f 264/198/52 265/199/50 262/198/52
f 265/199/50 264/198/52 266/200/50
f 168/201/173 265/199/50 266/200/50
f 265/199/50 168/201/173 259/201/48
f 263/202/9 267/203/10 261/202/9
f 267/203/10 263/202/9 268/204/174
f 268/204/174 269/205/175 267/203/10
f 269/205/175 268/204/174 270/206/175
f 270/206/175 189/207/15 269/205/175
f 189/207/15 270/206/175 190/207/15
f 216/162/153 190/207/153 270/206/153
f 216/162/153 270/206/153 268/204/153
f 216/162/153 268/204/153 263/202/153
f 216/162/153 263/197/153 262/198/153
f 216/162/153 262/198/153 265/199/153
f 216/162/153 265/199/153 259/201/153
f 216/162/153 259/145/153 260/196/153
f 216/162/153 260/196/153 8/7/153
f 216/162/153 8/7/153 5/6/153
f 216/162/153 5/4/153 7/5/153
f 216/162/153 7/5/153 257/194/153
f 216/162/153 257/194/153 218/195/153
f 216/162/153 209/156/153 212/157/153
f 216/162/153 212/157/153 214/158/153
f 216/162/153 214/158/153 203/159/153
f 216/162/153 203/151/153 206/153/153
f 216/162/153 206/153/153 208/154/153
f 216/162/153 208/154/153 201/155/153
f 216/162/153 201/150/153 199/148/153
f 216/162/153 199/148/153 197/147/153
f 216/162/153 197/147/153 196/146/153
f 216/162/153 196/145/153 194/143/153
f 216/162/153 194/143/153 191/142/153
f 216/162/153 191/142/153 3/144/153
f 216/162/153 3/1/153 2/2/153
f 216/162/153 2/2/153 187/139/153
f 216/162/153 187/139/153 190/141/153
f 178/128/153 13/208/153 11/209/153
f 179/130/153 13/208/153 178/128/153
f 179/130/153 15/210/153 13/208/153
f 15/210/153 179/130/153 181/132/153
f 181/132/153 17/211/153 15/210/153
f 17/211/153 181/132/153 182/133/153
f 182/133/153 19/212/153 17/211/153
f 19/212/153 182/133/153 184/135/153
f 184/135/153 21/213/153 19/212/153
f 21/213/153 184/135/153 185/136/153
f 185/136/153 23/214/153 21/213/153
f 23/214/153 185/136/153 96/138/153
f 50/215/153 124/63/153 48/216/153
f 124/63/153 50/215/153 122/61/153
f 52/217/153 122/61/153 50/215/153
f 122/61/153 52/217/153 121/60/153
f 54/218/153 121/60/153 52/217/153
f 121/60/153 54/218/153 119/58/153
f 56/219/153 119/58/153 54/218/153
f 119/58/153 56/219/153 118/57/153
f 58/220/153 118/57/153 56/219/153
f 118/57/153 58/220/153 116/55/153
f 116/55/153 58/220/153 115/53/153
f 115/53/153 58/220/153 36/221/153
f 228/222/153 133/74/153 230/223/153
f 133/74/153 228/222/153 131/72/153
f 226/224/153 131/72/153 228/222/153
f 131/72/153 226/224/153 130/71/153
f 224/225/153 130/71/153 226/224/153
f 130/71/153 224/225/153 128/69/153
f 222/226/153 128/69/153 224/225/153
f 128/69/153 222/226/153 127/68/153
f 220/227/153 127/68/153 222/226/153
f 127/68/153 220/227/153 125/66/153
f 48/228/153 125/66/153 220/227/153
f 125/66/153 48/228/153 124/64/153
f 232/229/153 142/85/153 233/230/153
f 142/85/153 232/229/153 140/83/153
f 235/231/153 140/83/153 232/229/153
f 140/83/153 235/231/153 139/82/153
f 237/232/153 139/82/153 235/231/153
f 139/82/153 237/232/153 137/80/153
f 239/233/153 137/80/153 237/232/153
f 137/80/153 239/233/153 136/79/153
f 241/234/153 136/79/153 239/233/153
f 136/79/153 241/234/153 134/77/153
f 230/235/153 134/77/153 241/234/153
f 134/77/153 230/235/153 133/75/153
f 143/88/153 233/236/153 142/86/153
f 233/236/153 143/88/153 251/237/153
f 145/90/153 251/237/153 143/88/153
f 251/237/153 145/90/153 249/238/153
f 146/91/153 249/238/153 145/90/153
f 249/238/153 146/91/153 247/239/153
f 148/93/153 247/239/153 146/91/153
f 247/239/153 148/93/153 245/240/153
f 149/94/153 245/240/153 148/93/153
f 245/240/153 149/94/153 243/241/153
f 151/96/153 243/241/153 149/94/153
f 243/241/153 151/96/153 61/242/153
f 152/99/153 61/243/153 151/97/153
f 61/243/153 152/99/153 63/244/153
f 154/101/153 63/244/153 152/99/153
f 63/244/153 154/101/153 65/245/153
f 155/102/153 65/245/153 154/101/153
f 65/245/153 155/102/153 67/246/153
f 157/104/153 67/246/153 155/102/153
f 67/246/153 157/104/153 69/247/153
f 157/104/153 71/248/153 69/247/153
f 71/248/153 157/104/153 158/61/153
f 160/105/153 71/248/153 158/61/153
f 71/248/153 160/105/153 73/249/153
f 231/230/176 271/250/176 234/229/176
f 271/250/176 236/231/176 234/229/176
f 271/250/176 238/232/176 236/231/176
f 271/250/176 240/233/176 238/232/176
f 271/250/176 242/234/176 240/233/176
f 271/250/176 229/235/176 242/234/176
f 20/213/176 22/214/176 271/250/176
f 20/213/176 271/250/176 18/212/176
f 18/212/176 271/250/176 16/211/176
f 16/211/176 271/250/176 14/210/176
f 14/210/176 271/250/176 12/208/176
f 12/208/176 271/250/176 10/209/176
f 271/250/176 22/171/176 24/170/176
f 271/250/176 24/170/176 26/169/176
f 271/250/176 26/169/176 28/168/176
f 271/250/176 28/168/176 30/167/176
f 271/250/176 30/167/176 32/166/176
f 271/250/176 32/166/176 34/165/176
f 271/250/176 34/172/176 47/173/176
f 271/250/176 47/173/176 45/174/176
f 271/250/176 45/174/176 43/175/176
f 271/250/176 43/175/176 41/176/176
f 271/250/176 41/176/176 39/177/176
f 271/250/176 39/177/176 37/178/176
f 271/250/176 37/221/176 59/220/176
f 271/250/176 59/220/176 57/219/176
f 271/250/176 57/219/176 55/218/176
f 271/250/176 55/218/176 53/217/176
f 271/250/176 53/217/176 51/215/176
f 271/250/176 51/215/176 49/216/176
f 271/250/176 49/228/176 219/227/176
f 271/250/176 219/227/176 221/226/176
f 271/250/176 221/226/176 223/225/176
f 271/250/176 223/225/176 225/224/176
f 271/250/176 225/224/176 227/222/176
f 271/250/176 227/222/176 229/223/176
f 252/237/176 271/250/176 231/236/176
f 250/238/176 271/250/176 252/237/176
f 248/239/176 271/250/176 250/238/176
f 246/240/176 271/250/176 248/239/176
f 244/241/176 271/250/176 246/240/176
f 60/242/176 271/250/176 244/241/176
f 62/244/176 271/250/176 60/243/176
f 64/245/176 271/250/176 62/244/176
f 66/246/176 271/250/176 64/245/176
f 68/247/176 271/250/176 66/246/176
f 70/248/176 271/250/176 68/247/176
f 72/249/176 271/250/176 70/248/176
f 74/184/176 271/250/176 72/185/176
f 76/183/176 271/250/176 74/184/176
f 78/182/176 271/250/176 76/183/176
f 80/181/176 271/250/176 78/182/176
f 82/180/176 271/250/176 80/181/176
f 84/179/176 271/250/176 82/180/176
f 86/187/176 271/250/176 84/186/176
f 88/188/176 271/250/176 86/187/176
f 90/189/176 271/250/176 88/188/176
f 92/190/176 271/250/176 90/189/176
f 94/191/176 271/250/176 92/190/176
f 10/192/176 271/250/176 94/191/176
usemtl e50:MI_ChangeA_Rim1
f 272/251/177 273/252/177 274/252/177
f 275/253/178 274/252/179 273/252/180
f 276/254/181 277/255/182 278/256/183
f 278/256/183 279/257/184 276/254/181
f 280/258/185 281/257/186 282/258/187
f 282/258/187 283/259/15 280/258/185
f 284/260/188 285/261/188 286/262/188
f 287/263/189 286/262/189 285/261/189
f 286/262/189 287/263/189 288/263/189
f 289/264/184 288/263/189 287/263/189
f 287/263/189 290/264/190 289/264/184
f 289/264/184 290/264/190 291/264/191
f 292/265/192 293/266/178 294/267/178
f 275/253/178 294/267/178 293/266/178
f 294/267/178 275/253/178 295/253/193
f 296/268/194 297/269/195 298/270/194
f 298/270/194 299/271/194 296/268/194
f 299/271/194 298/270/194 300/272/194
f 300/272/194 301/273/196 299/271/194
f 302/273/197 299/271/194 301/273/196
f 302/273/197 301/273/196 303/274/198
f 304/275/199 305/276/200 306/275/201
f 306/275/201 307/277/202 304/275/199
f 307/277/202 306/275/201 308/277/203
f 307/277/202 309/278/202 310/279/202
f 308/277/203 311/280/202 307/277/202
f 309/278/202 307/277/202 311/280/202
f 311/280/202 308/277/203 312/280/204
f 311/280/202 313/281/202 309/278/202
f 312/280/204 314/281/202 311/280/202
f 313/281/202 311/280/202 314/281/202
f 315/282/24 316/282/24 317/283/205
f 317/283/205 316/282/24 318/284/206
f 317/283/205 318/284/206 319/285/27
f 319/285/27 318/284/206 320/285/27
f 319/285/27 320/285/27 321/286/207
f 321/286/207 320/285/27 322/287/208
f 323/288/209 321/286/207 322/287/208
f 321/286/207 323/288/209 324/289/210
f 325/290/211 324/289/210 323/288/209
f 324/289/210 325/290/211 326/290/211
f 326/290/211 325/290/211 327/291/18
f 328/291/212 327/291/18 325/290/211
f 327/291/18 328/291/212 329/292/213
f 330/292/213 329/292/213 328/291/212
f 329/292/213 330/292/213 331/293/15
f 332/293/15 331/293/15 330/292/213
f 331/293/15 332/293/15 333/294/214
f 334/295/215 333/294/214 332/293/15
f 333/294/214 334/295/215 335/296/11
f 336/296/11 335/296/11 334/295/215
f 337/297/216 335/296/11 336/296/11
f 337/297/216 338/298/216 335/296/11
f 339/299/9 338/298/216 337/297/216
f 339/299/9 340/299/9 338/298/216
f 341/300/217 340/299/9 339/299/9
f 341/300/217 342/300/217 340/299/9
f 343/301/218 342/300/217 341/300/217
f 343/301/218 344/301/219 342/300/217
f 345/302/220 344/301/219 343/301/218
f 344/301/219 345/302/220 346/302/220
f 345/302/220 347/303/221 346/302/220
f 347/303/221 345/302/220 348/304/48
f 348/304/48 349/305/222 347/303/221
f 349/305/222 348/304/48 350/306/222
f 349/305/222 350/306/222 351/307/45
f 351/307/45 352/307/45 349/305/222
f 352/307/45 351/307/45 353/308/223
f 353/308/223 354/309/224 352/307/45
f 354/309/224 353/308/223 355/310/3
f 355/310/3 356/310/3 354/309/224
f 355/310/3 357/311/225 356/310/3
f 358/311/225 357/311/225 355/310/3
f 358/311/225 359/312/40 357/311/225
f 360/312/40 359/312/40 358/311/225
f 361/313/199 359/312/40 360/312/40
f 359/312/40 361/313/199 362/313/199
f 363/314/171 362/313/199 361/313/199
f 362/313/199 363/314/171 364/314/171
f 363/314/171 365/315/226 364/314/171
f 366/315/226 365/315/226 363/314/171
f 366/315/226 367/316/166 365/315/226
f 367/316/166 366/315/226 368/316/227
f 368/316/227 369/317/228 367/316/166
f 369/317/228 368/316/227 370/318/228
f 370/318/228 371/319/149 369/317/228
f 371/319/149 370/318/228 372/319/149
f 372/319/149 373/320/229 371/319/149
f 373/320/229 372/319/149 374/321/229
f 374/321/229 375/322/162 373/320/229
f 375/322/162 374/321/229 376/322/162
f 375/322/162 376/322/162 377/323/230
f 375/322/162 377/323/230 378/323/230
f 378/323/230 377/323/230 379/324/146
f 378/323/230 379/324/146 380/324/146
f 380/324/146 379/324/146 381/325/231
f 380/324/146 381/325/231 382/325/231
f 382/325/231 381/325/231 383/326/232
f 382/325/231 383/326/232 384/326/158
f 384/326/158 383/326/232 385/327/233
f 384/326/158 385/327/233 386/327/233
f 387/328/234 386/327/233 385/327/233
f 386/327/233 387/328/234 388/328/31
f 387/328/234 389/329/235 388/328/31
f 389/329/235 387/328/234 390/329/235
f 390/329/235 391/330/34 389/329/235
f 391/330/34 390/329/235 392/330/34
f 393/331/236 391/330/34 392/330/34
f 391/330/34 393/331/236 394/331/236
f 316/282/24 394/331/236 393/331/236
f 394/331/236 316/282/24 315/282/24
f 395/332/11 396/333/11 397/332/237
f 395/332/11 397/332/237 398/332/238
f 398/332/238 397/332/237 399/334/239
f 398/332/238 399/334/239 400/332/240
f 399/334/239 401/335/241 400/332/240
f 401/335/241 399/334/239 402/335/242
f 401/335/241 402/335/242 403/335/243
f 403/335/243 404/335/243 401/335/241
f 405/336/243 406/337/244 407/338/245
f 408/338/246 407/338/245 406/337/244
f 408/338/246 409/338/247 407/338/245
f 409/338/247 408/338/246 410/338/248
f 411/339/11 412/339/11 413/339/249
f 411/339/11 413/339/249 414/339/250
f 414/339/250 413/339/249 415/340/251
f 414/339/250 415/340/251 416/340/240
f 415/340/251 417/336/242 416/340/240
f 417/336/242 415/340/251 418/336/242
f 417/336/242 418/336/242 406/337/244
f 406/337/244 405/336/243 417/336/242
f 419/341/252 420/342/252 421/343/252
f 419/341/253 421/343/254 422/343/255
f 419/341/253 422/343/255 423/341/256
f 423/341/256 422/343/255 424/343/257
f 422/343/255 425/344/258 424/343/257
f 422/343/255 426/345/259 425/344/258
f 427/346/260 428/347/261 426/345/259
f 425/344/258 426/345/259 428/347/261
f 428/347/261 429/344/262 425/344/258
f 424/343/257 425/344/258 429/344/262
f 429/344/262 428/347/261 430/347/263
f 431/348/260 430/347/263 428/347/261
f 432/341/264 424/343/257 429/344/262
f 430/347/263 431/348/260 433/349/265
f 434/350/171 433/349/265 431/348/260
f 429/344/262 430/347/263 435/351/266
f 436/352/267 434/350/171 427/346/260
f 428/347/261 427/346/260 431/348/260
f 431/348/260 427/346/260 434/350/171
f 430/347/263 433/349/265 437/353/268
f 437/353/268 435/351/266 430/347/263
f 433/349/265 434/350/171 438/350/265
f 439/354/269 437/353/268 433/349/265
f 433/349/265 438/350/265 439/354/269
f 434/350/171 440/352/265 438/350/265
f 440/352/265 434/350/171 436/352/267
f 438/350/265 441/355/268 439/354/269
f 441/355/268 438/350/265 440/352/265
f 439/354/269 442/356/270 437/353/268
f 435/351/266 437/353/268 442/356/270
f 443/357/271 439/354/269 441/355/268
f 435/351/266 444/358/272 429/344/262
f 432/341/264 429/344/262 444/358/272
f 444/358/272 435/351/266 445/359/273
f 442/356/270 445/359/273 435/351/266
f 446/360/274 432/341/264 444/358/272
f 445/359/273 446/360/274 444/358/272
f 442/356/270 439/354/269 447/361/275
f 439/354/269 443/357/271 447/361/275
f 442/356/270 448/362/276 445/359/273
f 447/361/275 449/363/277 442/356/270
f 442/356/270 449/363/277 448/362/276
f 447/361/275 450/364/278 449/363/277
f 450/364/278 447/361/275 451/365/279
f 443/357/271 451/365/279 447/361/275
f 450/364/278 452/366/280 449/363/277
f 451/365/279 452/366/280 450/364/278
f 453/367/281 449/363/277 452/366/280
f 453/367/281 448/362/276 449/363/277
f 451/365/279 454/368/281 452/366/280
f 451/365/279 443/357/271 455/369/282
f 455/369/282 454/368/281 451/365/279
f 456/370/283 453/367/281 452/366/280
f 454/368/281 456/370/283 452/366/280
f 457/371/284 455/369/282 443/357/271
f 441/355/268 457/371/284 443/357/271
f 454/368/281 455/369/282 458/372/285
f 457/371/284 441/355/268 459/373/286
f 440/352/265 459/373/286 441/355/268
f 459/373/286 440/352/265 460/374/287
f 436/352/267 460/374/287 440/352/265
f 457/371/284 459/373/286 461/375/288
f 460/374/287 461/375/288 459/373/286
f 460/374/287 436/352/267 462/374/289
f 427/346/260 462/374/289 436/352/267
f 462/374/289 427/346/260 463/376/289
f 462/374/289 464/377/290 460/374/287
f 461/375/288 460/374/287 464/377/290
f 465/377/291 462/374/289 463/376/289
f 464/377/290 462/374/289 465/377/291
f 463/376/289 466/378/292 465/377/291
f 465/377/291 467/378/293 464/377/290
f 465/377/291 466/378/292 467/378/293
f 464/377/290 468/379/294 461/375/288
f 467/378/293 468/379/294 464/377/290
f 466/378/292 469/380/295 467/378/293
f 469/380/295 468/379/294 467/378/293
f 466/378/292 470/380/195 469/380/295
f 471/381/296 470/380/195 466/378/292
f 297/269/195 470/380/195 471/381/296
f 297/269/195 296/268/194 470/380/195
f 470/380/195 472/268/297 469/380/295
f 472/268/297 470/380/195 296/268/194
f 468/379/294 469/380/295 473/382/298
f 472/268/297 473/382/298 469/380/295
f 296/268/194 474/383/299 472/268/297
f 474/383/299 296/268/194 299/271/194
f 299/271/194 302/273/197 474/383/299
f 474/383/299 475/270/300 472/268/297
f 473/382/298 472/268/297 475/270/300
f 302/273/197 476/384/301 474/383/299
f 475/270/300 474/383/299 476/384/301
f 476/384/301 302/273/197 477/385/302
f 303/274/198 477/385/302 302/273/197
f 476/384/301 478/386/303 475/270/300
f 473/382/298 475/270/300 479/387/304
f 478/386/303 479/387/304 475/270/300
f 478/386/303 476/384/301 480/388/305
f 480/388/305 476/384/301 477/385/302
f 479/387/304 478/386/303 481/389/306
f 481/389/306 478/386/303 480/388/305
f 482/379/307 473/382/298 479/387/304
f 473/382/298 482/379/307 468/379/294
f 483/390/308 479/387/304 481/389/306
f 484/391/309 468/379/294 482/379/307
f 468/379/294 484/391/309 461/375/288
f 479/387/304 485/392/307 482/379/307
f 485/392/307 484/391/309 482/379/307
f 479/387/304 483/390/308 485/392/307
f 484/391/309 457/371/284 461/375/288
f 485/392/307 486/393/310 484/391/309
f 484/391/309 486/393/310 457/371/284
f 487/394/311 486/393/310 485/392/307
f 483/390/308 487/394/311 485/392/307
f 488/395/279 457/371/284 486/393/310
f 488/395/279 486/393/310 487/394/311
f 457/371/284 488/395/279 455/369/282
f 489/396/312 455/369/282 488/395/279
f 487/394/311 489/396/312 488/395/279
f 455/369/282 489/396/312 490/397/285
f 490/397/285 458/372/285 455/369/282
f 489/396/312 487/394/311 491/398/312
f 490/397/285 492/399/281 458/372/285
f 489/396/312 493/366/313 490/397/285
f 490/397/285 493/366/313 492/399/281
f 491/398/312 494/400/312 489/396/312
f 493/366/313 489/396/312 494/400/312
f 458/372/285 492/399/281 495/401/314
f 496/402/315 492/399/281 493/366/313
f 496/402/315 495/401/314 492/399/281
f 458/372/285 495/401/314 497/403/316
f 454/368/281 458/372/285 497/403/316
f 495/401/314 496/402/315 498/404/317
f 497/403/316 499/366/318 454/368/281
f 456/370/283 454/368/281 499/366/318
f 495/401/314 500/401/319 497/403/316
f 500/401/319 495/401/314 501/404/46
f 501/404/46 495/401/314 498/404/317
f 502/403/320 497/403/316 500/401/319
f 497/403/316 502/403/320 499/366/318
f 503/366/321 499/366/318 502/403/320
f 499/366/318 503/366/321 456/370/283
f 504/370/209 456/370/283 503/366/321
f 456/370/283 504/370/209 505/405/322
f 501/404/46 498/404/317 506/406/323
f 505/405/322 507/405/324 456/370/283
f 507/405/324 505/405/322 508/407/325
f 453/367/281 456/370/283 507/405/324
f 508/407/325 509/407/326 507/405/324
f 453/367/281 507/405/324 509/407/326
f 509/407/326 508/407/325 510/408/327
f 511/409/328 453/367/281 509/407/326
f 448/362/276 453/367/281 511/409/328
f 510/408/327 512/408/329 509/407/326
f 512/408/329 511/409/328 509/407/326
f 512/408/329 510/408/327 513/410/330
f 514/411/281 448/362/276 511/409/328
f 512/408/329 513/410/330 515/410/331
f 515/410/331 513/410/330 516/412/332
f 511/409/328 512/408/329 517/413/281
f 514/411/281 511/409/328 517/413/281
f 518/414/281 512/408/329 515/410/331
f 512/408/329 518/414/281 517/413/281
f 515/410/331 516/412/332 519/412/333
f 519/412/333 516/412/332 520/415/334
f 515/410/331 521/416/335 518/414/281
f 521/416/335 515/410/331 519/412/333
f 517/413/281 518/414/281 522/417/335
f 522/417/335 514/411/281 517/413/281
f 521/416/335 522/417/335 518/414/281
f 519/412/333 520/415/334 523/415/336
f 521/416/335 519/412/333 523/415/336
f 520/415/334 524/406/337 523/415/336
f 506/406/323 524/406/337 520/415/334
f 506/406/323 498/404/317 524/406/337
f 498/404/317 525/406/338 524/406/337
f 523/415/336 524/406/337 525/406/338
f 525/406/338 498/404/317 496/402/315
f 493/366/313 525/406/338 496/402/315
f 526/408/338 521/416/335 523/415/336
f 525/406/338 526/408/338 523/415/336
f 527/414/315 521/416/335 526/408/338
f 525/406/338 527/414/315 526/408/338
f 493/366/313 528/407/315 525/406/338
f 525/406/338 528/407/315 527/414/315
f 494/400/312 528/407/315 493/366/313
f 529/418/339 521/416/335 527/414/315
f 529/418/339 522/417/335 521/416/335
f 530/419/340 527/414/315 528/407/315
f 529/418/339 531/420/341 522/417/335
f 527/414/315 530/419/340 532/420/342
f 527/414/315 533/421/339 529/418/339
f 533/421/339 527/414/315 532/420/342
f 534/422/343 532/420/342 530/419/340
f 532/420/342 535/423/344 533/421/339
f 532/420/342 534/422/343 535/423/344
f 533/421/339 535/423/344 536/424/345
f 534/422/343 530/419/340 537/414/346
f 528/407/315 537/414/346 530/419/340
f 534/422/343 537/414/346 538/425/347
f 539/426/339 533/421/339 536/424/345
f 539/426/339 529/418/339 533/421/339
f 539/426/339 536/424/345 540/426/348
f 529/418/339 539/426/339 541/427/341
f 531/420/341 529/418/339 541/427/341
f 542/428/349 539/426/339 540/426/348
f 542/428/349 540/426/348 543/428/350
f 539/426/339 544/426/351 541/427/341
f 545/429/349 542/428/349 543/428/350
f 545/429/349 543/428/350 546/429/352
f 547/430/339 539/426/339 542/428/349
f 544/426/351 539/426/339 547/430/339
f 548/431/353 542/428/349 545/429/349
f 547/430/339 542/428/349 548/431/353
f 549/432/354 545/429/349 546/429/352
f 549/432/354 546/429/352 550/432/355
f 550/432/355 551/433/356 549/432/354
f 552/432/354 548/431/353 545/429/349
f 552/432/354 545/429/349 549/432/354
f 553/433/349 549/432/354 551/433/356
f 553/433/349 552/432/354 549/432/354
f 551/433/356 554/434/357 553/433/349
f 552/432/354 555/435/358 548/431/353
f 555/435/358 547/430/339 548/431/353
f 556/434/349 553/433/349 554/434/357
f 554/434/357 557/436/359 556/434/349
f 558/437/353 552/432/354 553/433/349
f 558/437/353 553/433/349 556/434/349
f 559/438/360 556/434/349 557/436/359
f 557/436/359 560/439/361 559/438/360
f 561/440/360 558/437/353 556/434/349
f 561/440/360 556/434/349 559/438/360
f 552/432/354 558/437/353 562/433/362
f 561/440/360 562/433/362 558/437/353
f 562/433/362 563/432/363 552/432/354
f 555/435/358 552/432/354 563/432/363
f 562/433/362 564/432/3 563/432/363
f 564/432/3 555/435/358 563/432/363
f 564/432/3 562/433/362 565/433/40
f 555/435/358 564/432/3 566/435/45
f 567/441/364 565/433/40 562/433/362
f 562/433/362 561/440/360 567/441/364
f 565/433/40 567/441/364 568/441/170
f 566/435/45 569/442/365 555/435/358
f 547/430/339 555/435/358 569/442/365
f 569/442/365 566/435/45 570/442/48
f 569/442/365 544/426/351 547/430/339
f 570/442/48 571/443/366 569/442/365
f 544/426/351 569/442/365 571/443/366
f 571/443/366 570/442/48 572/443/367
f 571/443/366 573/444/341 544/426/351
f 573/444/341 541/427/341 544/426/351
f 572/443/367 574/426/368 571/443/366
f 573/444/341 571/443/366 574/426/368
f 574/426/368 572/443/367 575/426/9
f 531/420/341 541/427/341 573/444/341
f 575/426/9 576/445/369 574/426/368
f 576/445/369 575/426/9 577/445/11
f 574/426/368 578/424/370 573/444/341
f 578/424/370 574/426/368 576/445/369
f 531/420/341 573/444/341 578/424/370
f 577/445/11 579/446/371 576/445/369
f 579/446/371 578/424/370 576/445/369
f 579/446/371 577/445/11 580/446/15
f 581/447/372 531/420/341 578/424/370
f 579/446/371 582/448/370 578/424/370
f 581/447/372 578/424/370 582/448/370
f 580/446/15 583/449/373 579/446/371
f 583/449/373 580/446/15 584/449/18
f 579/446/371 585/446/374 582/448/370
f 585/446/374 579/446/371 583/449/373
f 581/447/372 582/448/370 585/446/374
f 584/449/18 586/450/375 583/449/373
f 586/450/375 584/449/18 587/450/209
f 583/449/373 588/451/372 585/446/374
f 588/451/372 583/449/373 586/450/375
f 587/450/209 589/452/376 586/450/375
f 589/452/376 587/450/209 590/452/27
f 586/450/375 591/453/377 588/451/372
f 591/453/377 586/450/375 589/452/376
f 590/452/27 592/454/378 589/452/376
f 592/454/378 590/452/27 593/454/24
f 594/455/34 592/454/378 593/454/24
f 595/454/379 589/452/376 592/454/378
f 589/452/376 595/454/379 591/453/377
f 592/454/378 594/455/34 596/455/380
f 596/455/380 595/454/379 592/454/378
f 597/456/381 596/455/380 594/455/34
f 596/455/380 597/456/381 598/456/382
f 599/457/158 598/456/382 597/456/381
f 595/454/379 596/455/380 600/458/377
f 598/456/382 600/458/377 596/455/380
f 598/456/382 599/457/158 601/457/383
f 602/459/146 601/457/383 599/457/158
f 600/458/377 598/456/382 603/460/384
f 601/457/383 603/460/384 598/456/382
f 601/457/383 602/459/146 604/459/385
f 605/438/162 604/459/385 602/459/146
f 603/460/384 601/457/383 606/461/386
f 604/459/385 606/461/386 601/457/383
f 604/459/385 605/438/162 607/438/387
f 608/436/149 607/438/387 605/438/162
f 606/461/386 604/459/385 609/462/388
f 607/438/387 608/436/149 610/436/389
f 611/463/227 610/436/389 608/436/149
f 612/464/390 604/459/385 607/438/387
f 604/459/385 612/464/390 609/462/388
f 610/436/389 612/464/390 607/438/387
f 610/436/389 611/463/227 613/463/391
f 568/441/170 613/463/391 611/463/227
f 613/463/391 568/441/170 567/441/364
f 613/463/391 614/465/388 610/436/389
f 612/464/390 610/436/389 614/465/388
f 567/441/364 615/438/392 613/463/391
f 614/465/388 613/463/391 615/438/392
f 615/438/392 567/441/364 561/440/360
f 559/438/360 615/438/392 561/440/360
f 614/465/388 615/438/392 616/466/390
f 615/438/392 559/438/360 616/466/390
f 612/464/390 614/465/388 617/467/390
f 616/466/390 617/467/390 614/465/388
f 618/468/384 609/462/388 612/464/390
f 617/467/390 618/468/384 612/464/390
f 618/468/384 606/461/386 609/462/388
f 619/469/392 617/467/390 616/466/390
f 559/438/360 619/469/392 616/466/390
f 618/468/384 617/467/390 620/470/390
f 619/469/392 559/438/360 621/439/393
f 621/439/393 559/438/360 560/439/361
f 621/439/393 560/439/361 622/467/394
f 619/469/392 623/471/395 617/467/390
f 623/471/395 620/470/390 617/467/390
f 624/472/360 621/439/393 622/467/394
f 625/473/396 624/472/360 622/467/394
f 621/439/393 626/474/397 619/469/392
f 626/474/397 621/439/393 624/472/360
f 624/472/360 625/473/396 627/475/398
f 627/475/398 626/474/397 624/472/360
f 625/473/396 628/474/398 627/475/398
f 628/474/398 625/473/396 629/476/399
f 626/474/397 627/475/398 630/477/397
f 628/474/398 630/477/397 627/475/398
f 619/469/392 626/474/397 631/478/395
f 623/471/395 619/469/392 631/478/395
f 629/476/399 632/479/400 628/474/398
f 632/479/400 629/476/399 633/480/401
f 633/480/401 634/481/402 632/479/400
f 634/481/402 633/480/401 635/482/403
f 636/483/404 628/474/398 632/479/400
f 635/482/403 637/484/402 634/481/402
f 637/484/402 635/482/403 638/485/405
f 632/479/400 634/481/402 639/486/406
f 632/479/400 639/486/406 636/483/404
f 634/481/402 637/484/402 640/484/400
f 640/484/400 639/486/406 634/481/402
f 638/485/405 641/487/407 637/484/402
f 637/484/402 641/487/407 640/484/400
f 641/487/407 638/485/405 642/488/408
f 642/488/408 643/489/409 641/487/407
f 643/489/409 642/488/408 644/487/410
f 645/487/411 643/489/409 644/487/410
f 646/490/407 640/484/400 641/487/407
f 641/487/407 643/489/409 646/490/407
f 646/490/407 647/491/412 640/484/400
f 647/491/412 639/486/406 640/484/400
f 646/490/407 643/489/409 648/492/407
f 643/489/409 645/487/411 649/489/413
f 648/492/407 643/489/409 649/489/413
f 645/487/411 650/488/414 649/489/413
f 648/492/407 651/493/415 646/490/407
f 647/491/412 646/490/407 651/493/415
f 649/489/413 650/488/414 652/487/413
f 650/488/414 653/485/416 652/487/413
f 651/493/415 654/491/9 647/491/412
f 652/487/413 653/485/416 655/484/417
f 656/482/418 655/484/417 653/485/416
f 654/491/9 651/493/415 657/493/219
f 655/484/417 656/482/418 658/494/417
f 659/495/419 658/494/417 656/482/418
f 660/496/365 657/493/219 651/493/415
f 651/493/415 648/492/407 660/496/365
f 657/493/219 660/496/365 661/496/420
f 662/497/421 660/496/365 648/492/407
f 649/489/413 662/497/421 648/492/407
f 663/498/422 661/496/420 660/496/365
f 660/496/365 662/497/421 663/498/422
f 661/496/420 663/498/422 664/498/45
f 662/497/421 649/489/413 665/499/423
f 666/500/424 664/498/45 663/498/422
f 664/498/45 666/500/424 667/500/3
f 668/501/423 663/498/422 662/497/421
f 663/498/422 668/501/423 666/500/424
f 668/501/423 662/497/421 665/499/423
f 669/502/425 667/500/3 666/500/424
f 669/502/425 666/500/424 668/501/423
f 667/500/3 669/502/425 670/502/40
f 649/489/413 671/503/423 665/499/423
f 671/503/423 649/489/413 652/487/413
f 672/504/423 668/501/423 665/499/423
f 672/504/423 665/499/423 671/503/423
f 668/501/423 673/504/423 669/502/425
f 668/501/423 672/504/423 673/504/423
f 674/505/364 670/502/40 669/502/425
f 670/502/40 674/505/364 675/505/170
f 676/506/426 669/502/425 673/504/423
f 669/502/425 676/506/426 674/505/364
f 677/507/426 676/506/426 673/504/423
f 672/504/423 677/507/426 673/504/423
f 678/508/426 674/505/364 676/506/426
f 677/507/426 678/508/426 676/506/426
f 679/507/427 675/505/170 674/505/364
f 674/505/364 678/508/426 679/507/427
f 675/505/170 679/507/427 680/507/428
f 681/509/389 680/507/428 679/507/427
f 680/507/428 681/509/389 682/509/149
f 683/510/429 679/507/427 678/508/426
f 679/507/427 683/510/429 681/509/389
f 684/511/387 682/509/149 681/509/389
f 682/509/149 684/511/387 685/511/162
f 681/509/389 686/512/430 684/511/387
f 686/512/430 681/509/389 683/510/429
f 687/513/385 685/511/162 684/511/387
f 686/512/430 687/513/385 684/511/387
f 685/511/162 687/513/385 688/513/146
f 687/513/385 689/514/431 688/513/146
f 689/514/431 687/513/385 690/514/432
f 690/514/432 691/515/31 689/514/431
f 687/513/385 686/512/430 692/516/429
f 692/516/429 690/514/432 687/513/385
f 691/515/31 690/514/432 693/515/433
f 693/515/433 694/517/34 691/515/31
f 690/514/432 692/516/429 695/511/434
f 695/511/434 693/515/433 690/514/432
f 694/517/34 693/515/433 696/517/380
f 696/517/380 697/518/24 694/517/34
f 693/515/433 695/511/434 698/519/434
f 698/519/434 696/517/380 693/515/433
f 697/518/24 696/517/380 699/518/378
f 699/518/378 700/520/27 697/518/24
f 696/517/380 698/519/434 701/521/435
f 700/520/27 699/518/378 702/520/436
f 702/520/436 703/522/437 700/520/27
f 704/523/438 699/518/378 696/517/380
f 704/523/438 702/520/436 699/518/378
f 701/521/435 704/523/438 696/517/380
f 703/522/437 702/520/436 705/522/439
f 705/522/439 706/524/18 703/522/437
f 702/520/436 704/523/438 707/525/435
f 707/525/435 705/522/439 702/520/436
f 706/524/18 705/522/439 708/524/373
f 708/524/373 709/526/15 706/524/18
f 705/522/439 707/525/435 710/527/440
f 710/527/440 708/524/373 705/522/439
f 711/523/435 707/525/435 704/523/438
f 711/523/435 704/523/438 701/521/435
f 712/528/435 710/527/440 707/525/435
f 711/523/435 712/528/435 707/525/435
f 708/524/373 710/527/440 713/529/402
f 709/526/15 708/524/373 714/526/441
f 713/529/402 714/526/441 708/524/373
f 714/526/441 715/529/11 709/526/15
f 710/527/440 716/529/397 713/529/402
f 712/528/435 716/529/397 710/527/440
f 714/526/441 713/529/402 636/483/404
f 713/529/402 628/474/398 636/483/404
f 628/474/398 713/529/402 716/529/397
f 714/526/441 636/483/404 639/486/406
f 630/477/397 628/474/398 716/529/397
f 716/529/397 712/528/435 630/477/397
f 714/526/441 639/486/406 717/529/442
f 715/529/11 714/526/441 717/529/442
f 639/486/406 647/491/412 717/529/442
f 717/529/442 654/491/9 715/529/11
f 654/491/9 717/529/442 647/491/412
f 712/528/435 718/524/397 630/477/397
f 719/530/435 718/524/397 712/528/435
f 712/528/435 711/523/435 719/530/435
f 720/483/397 630/477/397 718/524/397
f 720/483/397 626/474/397 630/477/397
f 711/523/435 721/531/443 719/530/435
f 701/521/435 721/531/443 711/523/435
f 626/474/397 720/483/397 722/479/444
f 626/474/397 722/479/444 631/478/395
f 721/531/443 701/521/435 723/532/445
f 723/532/445 701/521/435 698/519/434
f 698/519/434 724/533/446 723/532/445
f 724/533/446 698/519/434 695/511/434
f 725/534/447 721/531/443 723/532/445
f 725/534/447 723/532/445 724/533/446
f 695/511/434 726/535/448 724/533/446
f 726/535/448 695/511/434 692/516/429
f 724/533/446 727/536/449 725/534/447
f 727/536/449 724/533/446 726/535/448
f 692/516/429 728/537/446 726/535/448
f 726/535/448 729/538/450 727/536/449
f 692/516/429 730/539/451 728/537/446
f 686/512/430 730/539/451 692/516/429
f 731/540/452 726/535/448 728/537/446
f 726/535/448 731/540/452 729/538/450
f 730/539/451 731/540/452 728/537/446
f 732/541/453 727/536/449 729/538/450
f 732/541/453 729/538/450 731/540/452
f 730/539/451 686/512/430 733/542/451
f 683/510/429 733/542/451 686/512/430
f 731/540/452 730/539/451 734/543/454
f 733/542/451 683/510/429 735/544/455
f 678/508/426 735/544/455 683/510/429
f 733/542/451 736/545/456 730/539/451
f 734/543/454 730/539/451 736/545/456
f 735/544/455 737/546/457 733/542/451
f 736/545/456 733/542/451 737/546/457
f 678/508/426 738/547/455 735/544/455
f 738/547/455 737/546/457 735/544/455
f 738/547/455 678/508/426 677/507/426
f 736/545/456 739/548/458 734/543/454
f 734/543/454 739/548/458 731/540/452
f 739/548/458 736/545/456 740/549/459
f 737/546/457 740/549/459 736/545/456
f 731/540/452 739/548/458 741/550/460
f 731/540/452 741/550/460 732/541/453
f 740/549/459 742/551/461 739/548/458
f 739/548/458 742/551/461 741/550/460
f 740/549/459 737/546/457 743/552/462
f 744/553/463 732/541/453 741/550/460
f 743/552/462 745/554/464 740/549/459
f 741/550/460 746/555/465 744/553/463
f 741/550/460 742/551/461 746/555/465
f 744/553/463 747/556/466 732/541/453
f 727/536/449 732/541/453 747/556/466
f 747/556/466 725/534/447 727/536/449
f 742/551/461 740/549/459 748/557/467
f 748/557/467 740/549/459 745/554/464
f 725/534/447 747/556/466 749/558/468
f 750/559/469 748/557/467 745/554/464
f 725/534/447 749/558/468 751/560/470
f 752/561/471 748/557/467 750/559/469
f 751/560/470 753/562/472 725/534/447
f 721/531/443 725/534/447 753/562/472
f 754/563/473 742/551/461 748/557/467
f 748/557/467 752/561/471 754/563/473
f 742/551/461 754/563/473 755/564/474
f 755/564/474 746/555/465 742/551/461
f 754/563/473 752/561/471 756/565/475
f 746/555/465 755/564/474 757/566/476
f 758/567/477 754/563/473 756/565/475
f 759/565/478 755/564/474 754/563/473
f 754/563/473 758/567/477 759/565/478
f 755/564/474 759/565/478 760/568/479
f 760/568/479 757/566/476 755/564/474
f 758/567/477 761/569/451 759/565/478
f 760/568/479 759/565/478 761/569/451
f 762/570/480 758/567/477 756/565/475
f 762/570/480 756/565/475 752/561/471
f 758/567/477 762/570/480 763/571/481
f 752/561/471 764/572/482 762/570/480
f 763/571/481 765/573/455 758/567/477
f 761/569/451 758/567/477 765/573/455
f 766/574/483 763/571/481 762/570/480
f 764/572/482 766/574/483 762/570/480
f 767/575/484 765/573/455 763/571/481
f 766/574/483 767/575/484 763/571/481
f 764/572/482 752/561/471 768/576/485
f 769/577/486 766/574/483 764/572/482
f 768/576/485 769/577/486 764/572/482
f 752/561/471 770/578/487 768/576/485
f 750/559/469 770/578/487 752/561/471
f 745/554/464 770/578/487 750/559/469
f 771/579/488 768/576/485 770/578/487
f 768/576/485 771/579/488 772/580/489
f 769/577/486 768/576/485 772/580/489
f 770/578/487 773/581/490 771/579/488
f 769/577/486 772/580/489 774/580/491
f 772/580/489 775/582/492 774/580/491
f 770/578/487 776/581/493 773/581/490
f 770/578/487 745/554/464 776/581/493
f 776/581/493 777/583/494 773/581/490
f 778/584/495 776/581/493 745/554/464
f 743/552/462 778/584/495 745/554/464
f 777/583/494 776/581/493 779/583/496
f 776/581/493 778/584/495 779/583/496
f 743/552/462 780/585/497 778/584/495
f 780/585/497 779/583/496 778/584/495
f 743/552/462 737/546/457 780/585/497
f 779/583/496 781/586/498 777/583/494
f 782/587/499 777/583/494 781/586/498
f 782/587/499 783/588/500 784/589/499
f 785/590/501 783/588/500 782/587/499
f 781/586/498 785/590/501 782/587/499
f 781/586/498 779/583/496 786/591/502
f 786/591/502 779/583/496 780/585/497
f 787/590/503 785/590/501 781/586/498
f 787/590/503 781/586/498 786/591/502
f 785/590/501 787/590/503 788/592/504
f 788/592/504 789/593/505 785/590/501
f 790/594/506 791/595/507 789/593/505
f 788/592/504 790/594/506 789/593/505
f 792/592/508 790/594/506 788/592/504
f 787/590/503 792/592/508 788/592/504
f 790/594/506 792/592/508 793/594/509
f 793/594/509 794/596/510 790/594/506
f 787/590/503 795/597/511 792/592/508
f 792/592/508 796/598/512 793/594/509
f 795/597/511 796/598/512 792/592/508
f 794/596/510 793/594/509 797/596/513
f 795/597/511 787/590/503 798/599/514
f 786/591/502 798/599/514 787/590/503
f 786/591/502 799/600/497 798/599/514
f 799/600/497 786/591/502 780/585/497
f 798/599/514 800/601/515 795/597/511
f 800/601/515 798/599/514 799/600/497
f 780/585/497 801/546/516 799/600/497
f 801/546/516 800/601/515 799/600/497
f 780/585/497 737/546/457 801/546/516
f 737/546/457 738/547/455 801/546/516
f 801/546/516 802/602/517 800/601/515
f 801/546/516 738/547/455 802/602/517
f 803/603/518 795/597/511 800/601/515
f 800/601/515 802/602/517 803/603/518
f 795/597/511 803/603/518 796/598/512
f 804/544/455 802/602/517 738/547/455
f 804/544/455 803/603/518 802/602/517
f 738/547/455 805/507/426 804/544/455
f 738/547/455 677/507/426 805/507/426
f 677/507/426 672/504/423 805/507/426
f 803/603/518 804/544/455 806/542/519
f 805/507/426 806/542/519 804/544/455
f 807/604/520 796/598/512 803/603/518
f 803/603/518 806/542/519 807/604/520
f 808/504/521 805/507/426 672/504/423
f 672/504/423 671/503/423 808/504/521
f 806/542/519 805/507/426 809/605/522
f 805/507/426 808/504/521 809/605/522
f 796/598/512 807/604/520 810/606/523
f 796/598/512 810/606/523 793/594/509
f 793/594/509 810/606/523 797/596/513
f 811/607/524 810/606/523 807/604/520
f 810/606/523 812/604/523 797/596/513
f 810/606/523 811/607/524 812/604/523
f 813/608/525 807/604/520 806/542/519
f 807/604/520 813/608/525 811/607/524
f 797/596/513 812/604/523 814/595/513
f 815/609/526 811/607/524 813/608/525
f 816/595/15 797/596/513 814/595/513
f 797/596/513 816/595/15 794/596/510
f 794/596/510 816/595/15 791/595/507
f 817/607/523 814/595/513 812/604/523
f 818/610/513 816/595/15 814/595/513
f 814/595/513 817/607/523 818/610/513
f 819/610/507 791/595/507 816/595/15
f 816/595/15 818/610/513 819/610/507
f 820/611/527 791/595/507 819/610/507
f 791/595/507 820/611/527 821/612/527
f 822/611/528 819/610/507 818/610/513
f 819/610/507 822/611/528 820/611/527
f 823/613/529 818/610/513 817/607/523
f 818/610/513 823/613/529 822/611/528
f 812/604/523 824/614/530 817/607/523
f 823/613/529 817/607/523 824/614/530
f 824/614/530 812/604/523 811/607/524
f 825/615/531 822/611/528 823/613/529
f 811/607/524 826/616/526 824/614/530
f 826/616/526 811/607/524 815/609/526
f 824/614/530 827/617/532 823/613/529
f 825/615/531 823/613/529 827/617/532
f 828/618/526 824/614/530 826/616/526
f 824/614/530 828/618/526 827/617/532
f 815/609/526 829/509/522 826/616/526
f 813/608/525 829/509/522 815/609/526
f 829/509/522 830/605/522 826/616/526
f 830/605/522 828/618/526 826/616/526
f 813/608/525 831/509/522 829/509/522
f 806/542/519 831/509/522 813/608/525
f 832/507/533 830/605/522 829/509/522
f 831/509/522 832/507/533 829/509/522
f 831/509/522 806/542/519 833/507/522
f 809/605/522 833/507/522 806/542/519
f 832/507/533 831/509/522 834/507/534
f 809/605/522 835/505/535 833/507/522
f 809/605/522 808/504/521 835/505/535
f 831/509/522 833/507/522 836/619/536
f 831/509/522 836/619/536 834/507/534
f 833/507/522 835/505/535 837/620/537
f 837/620/537 836/619/536 833/507/522
f 808/504/521 838/502/521 835/505/535
f 838/502/521 837/620/537 835/505/535
f 839/619/538 834/507/534 836/619/536
f 836/619/536 840/620/539 839/619/538
f 837/620/537 840/620/539 836/619/536
f 834/507/534 839/619/538 841/507/540
f 841/507/540 832/507/533 834/507/534
f 837/620/537 842/504/541 840/620/539
f 832/507/533 841/507/540 843/507/149
f 832/507/533 843/507/149 844/506/542
f 845/504/543 842/504/541 837/620/537
f 837/620/537 838/502/521 845/504/543
f 845/504/543 846/621/544 842/504/541
f 832/507/533 844/506/542 847/506/545
f 830/605/522 832/507/533 847/506/545
f 848/622/546 847/506/545 844/506/542
f 849/621/547 846/621/544 845/504/543
f 847/506/545 848/622/546 850/622/548
f 850/622/548 830/605/522 847/506/545
f 851/502/549 850/622/548 848/622/546
f 846/621/544 849/621/547 852/623/15
f 850/622/548 851/502/549 853/502/550
f 854/621/551 853/502/550 851/502/549
f 850/622/548 855/624/552 830/605/522
f 853/502/550 855/624/552 850/622/548
f 855/624/552 828/618/526 830/605/522
f 853/502/550 854/621/551 856/621/553
f 857/623/554 856/621/553 854/621/551
f 855/624/552 853/502/550 858/625/521
f 857/623/554 859/623/555 856/621/553
f 852/623/15 859/623/555 857/623/554
f 860/626/521 853/502/550 856/621/553
f 853/502/550 860/626/521 858/625/521
f 852/623/15 861/623/556 859/623/555
f 861/623/556 852/623/15 849/621/547
f 862/627/557 856/621/553 859/623/555
f 861/623/556 862/627/557 859/623/555
f 856/621/553 862/627/557 860/626/521
f 863/623/521 861/623/556 849/621/547
f 845/504/543 863/623/521 849/621/547
f 863/623/521 845/504/543 838/502/521
f 808/504/521 863/623/521 838/502/521
f 671/503/423 863/623/521 808/504/521
f 863/623/521 864/501/521 861/623/556
f 861/623/556 864/501/521 862/627/557
f 865/497/521 863/623/521 671/503/423
f 863/623/521 865/497/521 864/501/521
f 864/501/521 865/497/521 862/627/557
f 652/487/413 865/497/521 671/503/423
f 865/497/521 652/487/413 655/484/417
f 658/494/417 865/497/521 655/484/417
f 865/497/521 866/628/558 862/627/557
f 865/497/521 658/494/417 866/628/558
f 867/629/521 860/626/521 862/627/557
f 866/628/558 867/629/521 862/627/557
f 867/629/521 858/625/521 860/626/521
f 868/630/417 866/628/558 658/494/417
f 658/494/417 659/495/419 868/630/417
f 869/631/559 868/630/417 659/495/419
f 867/629/521 870/632/552 858/625/521
f 870/632/552 855/624/552 858/625/521
f 870/632/552 828/618/526 855/624/552
f 867/629/521 871/633/552 870/632/552
f 871/633/552 828/618/526 870/632/552
f 867/629/521 866/628/558 872/634/560
f 871/633/552 867/629/521 872/634/560
f 828/618/526 871/633/552 873/635/561
f 873/635/561 827/617/532 828/618/526
f 872/634/560 866/628/558 874/636/562
f 866/628/558 868/630/417 874/636/562
f 827/617/532 873/635/561 875/637/563
f 868/630/417 876/638/564 874/636/562
f 877/639/565 827/617/532 875/637/563
f 827/617/532 877/639/565 825/615/531
f 878/640/566 875/637/563 873/635/561
f 873/635/561 871/633/552 878/640/566
f 879/641/567 877/639/565 875/637/563
f 875/637/563 878/640/566 879/641/567
f 879/641/567 880/639/567 877/639/565
f 878/640/566 871/633/552 881/629/560
f 872/634/560 881/629/560 871/633/552
f 882/615/568 877/639/565 880/639/567
f 877/639/565 882/615/568 825/615/531
f 872/634/560 874/636/562 883/642/564
f 883/642/564 874/636/562 876/638/564
f 881/629/560 872/634/560 884/643/552
f 884/643/552 872/634/560 883/642/564
f 881/629/560 884/643/552 885/634/552
f 886/644/569 883/642/564 876/638/564
f 887/645/382 884/643/552 883/642/564
f 883/642/564 886/644/569 887/645/382
f 888/646/570 885/634/552 884/643/552
f 884/643/552 887/645/382 888/646/570
f 881/629/560 885/634/552 889/647/571
f 889/647/571 878/640/566 881/629/560
f 885/634/552 888/646/570 890/643/572
f 890/643/572 889/647/571 885/634/552
f 891/645/381 888/646/570 887/645/382
f 888/646/570 891/645/381 892/646/158
f 892/646/158 890/643/572 888/646/570
f 887/645/382 893/644/34 891/645/381
f 893/644/34 887/645/382 886/644/569
f 890/643/572 892/646/158 894/643/573
f 886/644/569 895/648/24 893/644/34
f 894/643/573 896/649/574 890/643/572
f 889/647/571 890/643/572 896/649/574
f 896/649/574 894/643/573 897/649/162
f 895/648/24 886/644/569 898/648/575
f 898/648/575 899/650/576 895/648/24
f 897/649/162 900/643/389 896/649/574
f 900/643/389 889/647/571 896/649/574
f 900/643/389 897/649/162 901/643/149
f 899/650/576 898/648/575 902/650/577
f 902/650/577 903/651/209 899/650/576
f 904/648/417 898/648/575 886/644/569
f 904/648/417 902/650/577 898/648/575
f 876/638/564 904/648/417 886/644/569
f 876/638/564 868/630/417 904/648/417
f 903/651/209 902/650/577 905/651/578
f 904/648/417 868/630/417 906/652/579
f 868/630/417 869/631/559 906/652/579
f 902/650/577 904/648/417 907/653/579
f 907/653/579 904/648/417 906/652/579
f 907/653/579 905/651/578 902/650/577
f 908/654/580 906/652/579 869/631/559
f 907/653/579 906/652/579 909/655/579
f 906/652/579 908/654/580 909/655/579
f 910/656/581 907/653/579 909/655/579
f 905/651/578 907/653/579 910/656/581
f 911/656/582 909/655/579 908/654/580
f 910/656/581 909/655/579 911/656/582
f 908/654/580 912/657/583 911/656/582
f 912/657/583 913/658/584 911/656/582
f 913/658/584 910/656/581 911/656/582
f 913/658/584 912/657/583 914/658/585
f 915/659/582 905/651/578 910/656/581
f 915/659/582 910/656/581 913/658/584
f 914/658/585 916/660/584 913/658/584
f 916/660/584 915/659/582 913/658/584
f 916/660/584 914/658/585 917/661/586
f 905/651/578 915/659/582 918/662/587
f 918/662/587 903/651/209 905/651/578
f 903/651/209 918/662/587 919/662/18
f 920/663/581 915/659/582 916/660/584
f 920/663/581 918/662/587 915/659/582
f 921/659/371 919/662/18 918/662/587
f 918/662/587 920/663/581 921/659/371
f 919/662/18 921/659/371 922/659/588
f 920/663/581 916/660/584 923/664/589
f 917/661/586 923/664/589 916/660/584
f 923/664/589 917/661/586 924/664/590
f 925/665/584 921/659/371 920/663/581
f 923/664/589 925/665/584 920/663/581
f 926/658/591 922/659/588 921/659/371
f 921/659/371 925/665/584 926/658/591
f 922/659/588 926/658/591 927/658/11
f 928/659/592 927/658/11 926/658/591
f 926/658/591 925/665/584 928/659/592
f 927/658/11 928/659/592 929/659/9
f 925/665/584 923/664/589 930/666/593
f 931/662/594 929/659/9 928/659/592
f 929/659/9 931/662/594 932/662/595
f 925/665/584 933/663/593 928/659/592
f 933/663/593 925/665/584 930/666/593
f 934/659/593 928/659/592 933/663/593
f 928/659/592 934/659/593 931/662/594
f 930/666/593 935/660/593 933/663/593
f 935/660/593 934/659/593 933/663/593
f 936/651/596 932/662/595 931/662/594
f 932/662/595 936/651/596 937/651/48
f 938/656/597 931/662/594 934/659/593
f 931/662/594 938/656/597 936/651/596
f 939/662/598 938/656/597 934/659/593
f 935/660/593 939/662/598 934/659/593
f 940/653/599 936/651/596 938/656/597
f 939/662/598 940/653/599 938/656/597
f 941/650/422 937/651/48 936/651/596
f 936/651/596 940/653/599 941/650/422
f 937/651/48 941/650/422 942/650/45
f 943/648/600 942/650/45 941/650/422
f 942/650/45 943/648/600 944/648/3
f 941/650/422 945/648/599 943/648/600
f 945/648/599 941/650/422 940/653/599
f 946/644/601 944/648/3 943/648/600
f 946/644/601 943/648/600 945/648/599
f 944/648/3 946/644/601 947/644/40
f 940/653/599 948/667/602 945/648/599
f 949/645/364 947/644/40 946/644/601
f 947/644/40 949/645/364 950/645/171
f 949/645/364 951/646/428 950/645/171
f 945/648/599 952/638/599 946/644/601
f 951/646/428 949/645/364 953/646/603
f 953/646/603 901/643/149 951/646/428
f 901/643/149 953/646/603 900/643/389
f 946/644/601 954/642/604 949/645/364
f 954/642/604 953/646/603 949/645/364
f 954/642/604 946/644/601 952/638/599
f 955/643/571 900/643/389 953/646/603
f 953/646/603 954/642/604 955/643/571
f 900/643/389 955/643/571 956/634/571
f 889/647/571 900/643/389 956/634/571
f 957/668/605 889/647/571 956/634/571
f 878/640/566 889/647/571 957/668/605
f 955/643/571 958/669/605 956/634/571
f 957/668/605 956/634/571 958/669/605
f 959/670/606 878/640/566 957/668/605
f 958/669/605 959/670/606 957/668/605
f 878/640/566 959/670/606 879/641/567
f 958/669/605 955/643/571 960/671/605
f 954/642/604 960/671/605 955/643/571
f 959/670/606 958/669/605 961/672/607
f 960/671/605 961/672/607 958/669/605
f 962/673/608 879/641/567 959/670/606
f 962/673/608 880/639/567 879/641/567
f 960/671/605 954/642/604 963/674/609
f 880/639/567 962/673/608 964/675/610
f 880/639/567 964/675/610 882/615/568
f 954/642/604 965/676/611 963/674/609
f 965/676/611 954/642/604 952/638/599
f 966/677/612 960/671/605 963/674/609
f 965/676/611 966/677/612 963/674/609
f 961/672/607 960/671/605 967/678/613
f 960/671/605 966/677/612 967/678/613
f 968/679/614 961/672/607 967/678/613
f 966/677/612 968/679/614 967/678/613
f 961/672/607 968/679/614 969/680/615
f 969/680/615 959/670/606 961/672/607
f 968/679/614 966/677/612 970/681/616
f 959/670/606 969/680/615 971/682/617
f 971/682/617 962/673/608 959/670/606
f 972/683/618 969/680/615 968/679/614
f 970/681/616 972/683/618 968/679/614
f 962/673/608 971/682/617 973/684/619
f 969/680/615 974/685/620 971/682/617
f 971/682/617 974/685/620 973/684/619
f 962/673/608 973/684/619 975/686/621
f 962/673/608 975/686/621 964/675/610
f 976/687/622 973/684/619 974/685/620
f 973/684/619 976/687/622 975/686/621
f 974/685/620 969/680/615 977/688/623
f 969/680/615 972/683/618 977/688/623
f 975/686/621 976/687/622 978/689/624
f 978/689/624 979/690/625 975/686/621
f 964/675/610 975/686/621 979/690/625
f 976/687/622 980/691/626 978/689/624
f 979/690/625 981/692/627 964/675/610
f 981/692/627 882/615/568 964/675/610
f 979/690/625 982/693/628 981/692/627
f 983/694/629 982/693/628 984/695/628
f 983/694/629 985/694/630 982/693/628
f 985/694/630 981/692/627 982/693/628
f 882/615/568 981/692/627 986/694/631
f 985/694/630 986/694/631 981/692/627
f 986/694/631 825/615/531 882/615/568
f 987/694/632 986/694/631 985/694/630
f 821/612/527 987/694/632 985/694/630
f 987/694/632 821/612/527 820/611/527
f 825/615/531 986/694/631 988/694/633
f 987/694/632 988/694/633 986/694/631
f 820/611/527 988/694/633 987/694/632
f 822/611/528 825/615/531 988/694/633
f 988/694/633 820/611/527 822/611/528
f 980/691/626 976/687/622 989/696/634
f 989/696/634 976/687/622 974/685/620
f 990/697/635 980/691/626 989/696/634
f 980/691/626 990/697/635 991/697/636
f 992/687/637 989/696/634 974/685/620
f 992/687/637 974/685/620 977/688/623
f 993/698/638 989/696/634 992/687/637
f 993/698/638 992/687/637 977/688/623
f 989/696/634 993/698/638 990/697/635
f 994/699/639 993/698/638 977/688/623
f 994/699/639 977/688/623 972/683/618
f 993/698/638 995/700/640 990/697/635
f 995/700/640 991/697/636 990/697/635
f 993/698/638 994/699/639 996/701/641
f 991/697/636 995/700/640 997/702/642
f 998/703/643 993/698/638 996/701/641
f 995/700/640 993/698/638 998/703/643
f 991/697/636 997/702/642 999/697/644
f 1000/691/222 991/697/636 999/697/644
f 1001/704/628 1000/691/222 1002/691/645
f 999/697/644 1002/691/645 1000/691/222
f 1002/691/645 999/697/644 1003/697/644
f 1003/697/644 999/697/644 1004/702/646
f 1004/702/646 999/697/644 997/702/642
f 1005/702/644 1003/697/644 1004/702/646
f 1004/702/646 997/702/642 1006/705/647
f 997/702/642 995/700/640 1006/705/647
f 1007/705/648 1005/702/644 1004/702/646
f 1007/705/648 1004/702/646 1006/705/647
f 1005/702/644 1007/705/648 1008/705/649
f 1009/706/650 1008/705/649 1007/705/648
f 1007/705/648 1006/705/647 1009/706/650
f 1009/706/650 1010/706/650 1008/705/649
f 1009/706/650 1011/707/651 1010/706/650
f 995/700/640 1012/706/652 1006/705/647
f 998/703/643 1012/706/652 995/700/640
f 1006/705/647 1013/708/653 1009/706/650
f 1006/705/647 1012/706/652 1013/708/653
f 1011/707/651 1009/706/650 1014/707/654
f 1014/707/654 1015/709/228 1011/707/651
f 1016/710/655 1009/706/650 1013/708/653
f 1014/707/654 1009/706/650 1016/710/655
f 1015/709/228 1014/707/654 1017/711/228
f 1017/711/228 1018/712/255 1015/709/228
f 1019/713/656 1014/707/654 1016/710/655
f 1017/711/228 1014/707/654 1019/713/656
f 1018/712/255 1017/711/228 1020/712/255
f 1020/712/255 1021/714/657 1018/712/255
f 1022/715/658 1017/711/228 1019/713/656
f 1020/712/255 1017/711/228 1022/715/658
f 1019/713/656 1016/710/655 1023/716/659
f 1021/714/657 1020/712/255 1024/714/149
f 1022/715/658 1019/713/656 1025/717/660
f 1025/717/660 1019/713/656 1023/716/659
f 1026/718/661 1020/712/255 1022/715/658
f 1024/714/149 1020/712/255 1026/718/661
f 1027/719/662 1022/715/658 1025/717/660
f 1026/718/661 1022/715/658 1027/719/662
f 1028/720/663 1021/714/657 1024/714/149
f 1029/720/664 1021/714/657 1028/720/663
f 1030/721/665 1024/714/149 1026/718/661
f 1024/714/149 1030/721/665 1028/720/663
f 1031/722/666 1029/720/664 1028/720/663
f 1032/722/666 1029/720/664 1031/722/666
f 1033/577/150 1032/722/666 1031/722/666
f 1034/577/150 1032/722/666 1033/577/150
f 1035/572/667 1034/577/150 1033/577/150
f 1036/572/667 1034/577/150 1035/572/667
f 1035/572/667 1037/723/668 1036/572/667
f 1028/720/663 1038/724/669 1031/722/666
f 1038/724/669 1028/720/663 1030/721/665
f 1039/725/670 1031/722/666 1038/724/669
f 1031/722/666 1039/725/670 1033/577/150
f 1030/721/665 1040/726/671 1038/724/669
f 1041/727/672 1033/577/150 1039/725/670
f 1033/577/150 1041/727/672 1035/572/667
f 1038/724/669 1042/728/673 1039/725/670
f 1042/728/673 1038/724/669 1040/726/671
f 1039/725/670 1043/729/674 1041/727/672
f 1043/729/674 1039/725/670 1042/728/673
f 1041/727/672 1044/725/675 1035/572/667
f 1037/723/668 1035/572/667 1044/725/675
f 1044/725/675 1045/730/676 1037/723/668
f 1044/725/675 1041/727/672 1046/572/677
f 1043/729/674 1046/572/677 1041/727/672
f 1045/730/676 1044/725/675 1047/730/676
f 1047/730/676 1044/725/675 1046/572/677
f 1047/730/676 1048/731/676 1045/730/676
f 1048/731/676 774/580/491 1049/582/678
f 1047/730/676 774/580/491 1048/731/676
f 769/577/486 774/580/491 1047/730/676
f 769/577/486 1047/730/676 1046/572/677
f 766/574/483 769/577/486 1046/572/677
f 1046/572/677 1043/729/674 766/574/483
f 767/575/484 766/574/483 1043/729/674
f 1043/729/674 1050/732/517 767/575/484
f 1050/732/517 1043/729/674 1042/728/673
f 1050/732/517 1051/733/679 767/575/484
f 765/573/455 767/575/484 1051/733/679
f 1042/728/673 1052/734/518 1050/732/517
f 1052/734/518 1042/728/673 1040/726/671
f 1052/734/518 1053/735/679 1050/732/517
f 1051/733/679 1050/732/517 1053/735/679
f 1040/726/671 1054/726/680 1052/734/518
f 1051/733/679 1055/736/679 765/573/455
f 1054/726/680 1040/726/671 1056/737/681
f 1040/726/671 1030/721/665 1056/737/681
f 1026/718/661 1056/737/681 1030/721/665
f 1056/737/681 1026/718/661 1027/719/662
f 1027/719/662 1054/726/680 1056/737/681
f 1057/738/679 765/573/455 1055/736/679
f 765/573/455 1057/738/679 761/569/451
f 1055/736/679 1051/733/679 1058/739/682
f 1058/739/682 1057/738/679 1055/736/679
f 1051/733/679 1059/740/683 1058/739/682
f 1051/733/679 1053/735/679 1059/740/683
f 1057/738/679 1058/739/682 1060/741/684
f 1059/740/683 1053/735/679 1061/733/685
f 1062/573/679 761/569/451 1057/738/679
f 1060/741/684 1062/573/679 1057/738/679
f 1063/742/686 1058/739/682 1059/740/683
f 1061/733/685 1063/742/686 1059/740/683
f 1064/743/687 1060/741/684 1058/739/682
f 1058/739/682 1063/742/686 1064/743/687
f 1053/735/679 1065/744/679 1061/733/685
f 1053/735/679 1052/734/518 1065/744/679
f 1054/726/680 1065/744/679 1052/734/518
f 1061/733/685 1065/744/679 1066/745/688
f 1065/744/679 1054/726/680 1067/746/679
f 1065/744/679 1067/746/679 1066/745/688
f 1068/747/689 1067/746/679 1054/726/680
f 1054/726/680 1027/719/662 1068/747/689
f 1066/745/688 1069/740/690 1061/733/685
f 1063/742/686 1061/733/685 1069/740/690
f 1066/745/688 1067/746/679 1070/748/691
f 1069/740/690 1066/745/688 1071/749/692
f 1070/748/691 1071/749/692 1066/745/688
f 1072/750/693 1063/742/686 1069/740/690
f 1067/746/679 1073/751/694 1070/748/691
f 1067/746/679 1068/747/689 1073/751/694
f 1063/742/686 1072/750/693 1074/752/695
f 1074/752/695 1064/743/687 1063/742/686
f 1069/740/690 1075/753/696 1072/750/693
f 1075/753/696 1069/740/690 1071/749/692
f 1074/752/695 1072/750/693 1076/754/697
f 1076/754/697 1072/750/693 1077/755/698
f 1072/750/693 1078/756/699 1077/755/698
f 1078/756/699 1072/750/693 1075/753/696
f 1074/752/695 1076/754/697 1079/757/700
f 1075/753/696 1080/745/701 1078/756/699
f 1081/758/702 1074/752/695 1079/757/700
f 1064/743/687 1074/752/695 1081/758/702
f 1079/757/700 1082/759/703 1081/758/702
f 1080/745/701 1075/753/696 1083/744/704
f 1071/749/692 1083/744/704 1075/753/696
f 1083/744/704 1084/760/705 1080/745/701
f 1085/743/706 1081/758/702 1082/759/703
f 1085/743/706 1064/743/687 1081/758/702
f 1082/759/703 1086/741/707 1085/743/706
f 1064/743/687 1085/743/706 1087/761/708
f 1060/741/684 1064/743/687 1087/761/708
f 1088/738/709 1085/743/706 1086/741/707
f 1088/738/709 1087/761/708 1085/743/706
f 1086/741/707 1089/762/710 1088/738/709
f 1087/761/708 1090/763/711 1060/741/684
f 1062/573/679 1060/741/684 1090/763/711
f 1087/761/708 1088/738/709 1091/763/712
f 1090/763/711 1087/761/708 1091/763/712
f 1092/764/713 1088/738/709 1089/762/710
f 1092/764/713 1091/763/712 1088/738/709
f 1093/765/714 1092/764/713 1089/762/710
f 1091/763/712 1094/766/715 1090/763/711
f 1092/764/713 1093/765/714 1095/767/716
f 1096/768/717 1095/767/716 1093/765/714
f 1091/763/712 1092/764/713 1097/769/718
f 1094/766/715 1091/763/712 1097/769/718
f 1092/764/713 1098/770/719 1097/769/718
f 1098/770/719 1092/764/713 1095/767/716
f 1097/769/718 1099/771/720 1094/766/715
f 1099/771/720 1097/769/718 1098/770/719
f 1100/772/679 1090/763/711 1094/766/715
f 1099/771/720 1100/772/679 1094/766/715
f 1090/763/711 1100/772/679 1062/573/679
f 1098/770/719 1101/773/721 1099/771/720
f 1100/772/679 1102/563/722 1062/573/679
f 761/569/451 1062/573/679 1102/563/722
f 761/569/451 1102/563/722 760/568/479
f 1100/772/679 1099/771/720 1103/774/679
f 1101/773/721 1103/774/679 1099/771/720
f 1102/563/722 1100/772/679 1104/771/723
f 1105/775/724 760/568/479 1102/563/722
f 1102/563/722 1104/771/723 1105/775/724
f 757/566/476 760/568/479 1105/775/724
f 1100/772/679 1106/776/723 1104/771/723
f 1104/771/723 1106/776/723 1105/775/724
f 1106/776/723 1100/772/679 1103/774/679
f 1107/777/725 757/566/476 1105/775/724
f 1107/777/725 1105/775/724 1106/776/723
f 757/566/476 1107/777/725 1108/778/726
f 1108/778/726 746/555/465 757/566/476
f 746/555/465 1108/778/726 744/553/463
f 1106/776/723 1109/779/445 1107/777/725
f 1103/774/679 1109/779/445 1106/776/723
f 1110/780/727 1108/778/726 1107/777/725
f 1110/780/727 1107/777/725 1109/779/445
f 1111/781/728 744/553/463 1108/778/726
f 1108/778/726 1110/780/727 1111/781/728
f 1109/779/445 1103/774/679 1112/782/694
f 1103/774/679 1101/773/721 1112/782/694
f 1109/779/445 1113/783/729 1110/780/727
f 1113/783/729 1111/781/728 1110/780/727
f 1112/782/694 1114/784/445 1109/779/445
f 1113/783/729 1109/779/445 1114/784/445
f 744/553/463 1111/781/728 1115/785/730
f 747/556/466 744/553/463 1115/785/730
f 1111/781/728 1113/783/729 1116/786/731
f 747/556/466 1115/785/730 1117/787/732
f 749/558/468 747/556/466 1117/787/732
f 1118/788/733 1115/785/730 1111/781/728
f 1118/788/733 1111/781/728 1116/786/731
f 1119/789/734 1117/787/732 1115/785/730
f 1118/788/733 1119/789/734 1115/785/730
f 749/558/468 1117/787/732 1120/790/735
f 751/560/470 749/558/468 1120/790/735
f 1121/791/736 1117/787/732 1119/789/734
f 1119/789/734 1118/788/733 1121/791/736
f 1122/792/737 1120/790/735 1117/787/732
f 1117/787/732 1121/791/736 1122/792/737
f 1123/793/738 751/560/470 1120/790/735
f 1120/790/735 1122/792/737 1123/793/738
f 274/252/179 1122/792/737 1121/791/736
f 1123/793/738 1122/792/737 1124/794/739
f 1122/792/737 274/252/179 1124/794/739
f 274/252/179 1121/791/736 272/251/740
f 274/252/179 275/253/178 1124/794/739
f 1125/795/741 272/251/740 1121/791/736
f 1118/788/733 1125/795/741 1121/791/736
f 293/266/178 1124/794/739 275/253/178
f 1118/788/733 1126/796/742 1125/795/741
f 1126/796/742 272/251/740 1125/795/741
f 273/252/180 295/253/193 275/253/178
f 295/253/193 273/252/180 1127/252/743
f 1128/797/744 1127/252/743 273/252/180
f 272/251/740 1128/797/744 273/252/180
f 1128/797/744 1129/797/744 1127/252/743
f 1128/797/744 272/251/740 1130/795/745
f 272/251/740 1126/796/742 1130/795/745
f 1129/797/744 1128/797/744 1131/795/744
f 1131/795/744 1128/797/744 1130/795/745
f 1131/795/744 1132/795/746 1129/797/744
f 1133/798/747 1132/795/746 1131/795/744
f 1132/795/746 1133/798/747 1134/798/748
f 1131/795/744 1130/795/745 1135/795/749
f 1135/795/749 1133/798/747 1131/795/744
f 1136/791/750 1134/798/748 1133/798/747
f 1135/795/749 1136/791/750 1133/798/747
f 1136/791/750 1137/791/750 1134/798/748
f 1136/791/750 1138/799/148 1137/791/750
f 1130/795/745 1139/800/751 1135/795/749
f 1139/800/751 1130/795/745 1126/796/742
f 1136/791/750 1135/795/749 1140/801/752
f 1139/800/751 1140/801/752 1135/795/749
f 1138/799/148 1136/791/750 1141/799/148
f 1140/801/752 1141/799/148 1136/791/750
f 1141/799/148 1142/802/233 1138/799/148
f 1141/799/148 1140/801/752 1143/803/753
f 1142/802/233 1141/799/148 1144/804/233
f 1143/803/753 1144/804/233 1141/799/148
f 1144/804/233 1145/805/754 1142/802/233
f 1146/789/755 1143/803/753 1140/801/752
f 1140/801/752 1139/800/751 1146/789/755
f 1147/805/754 1145/805/754 1144/804/233
f 1147/805/754 1148/806/381 1145/805/754
f 1144/804/233 1143/803/753 1149/807/756
f 1150/808/757 1148/806/381 1147/805/754
f 1147/805/754 1144/804/233 1151/805/758
f 1149/807/756 1151/805/758 1144/804/233
f 1150/808/757 1147/805/754 1152/809/759
f 1151/805/758 1152/809/759 1147/805/754
f 1150/808/757 1153/810/760 1148/806/381
f 1153/810/760 1154/810/761 1148/806/381
f 1155/811/762 1150/808/757 1152/809/759
f 1150/808/757 1155/811/762 1153/810/760
f 1153/810/760 1156/812/235 1154/810/761
f 1156/812/235 1157/812/235 1154/810/761
f 1156/812/235 1158/813/145 1157/812/235
f 1158/813/145 1159/813/145 1157/812/235
f 1158/813/145 1160/814/763 1159/813/145
f 1160/814/763 1161/814/764 1159/813/145
f 1160/814/763 1162/815/765 1161/814/764
f 1153/810/760 1163/812/766 1156/812/235
f 1163/812/766 1153/810/760 1155/811/762
f 1164/816/767 1156/812/235 1163/812/766
f 1156/812/235 1164/816/767 1158/813/145
f 1155/811/762 1165/817/768 1163/812/766
f 1166/814/769 1158/813/145 1164/816/767
f 1158/813/145 1166/814/769 1160/814/763
f 1163/812/766 1167/818/770 1164/816/767
f 1167/818/770 1163/812/766 1165/817/768
f 1164/816/767 1168/819/771 1166/814/769
f 1168/819/771 1164/816/767 1167/818/770
f 1166/814/769 1169/815/772 1160/814/763
f 1169/815/772 1162/815/765 1160/814/763
f 1169/815/772 1170/820/773 1162/815/765
f 1169/815/772 1166/814/769 1171/815/774
f 1170/820/773 1169/815/772 1172/820/773
f 1171/815/774 1172/820/773 1169/815/772
f 1172/820/773 1173/821/773 1170/820/773
f 1174/815/775 1171/815/774 1166/814/769
f 1168/819/771 1174/815/775 1166/814/769
f 1171/815/774 1175/820/776 1172/820/773
f 1174/815/775 1175/820/776 1171/815/774
f 1172/820/773 1176/821/773 1173/821/773
f 1175/820/776 1176/821/773 1172/820/773
f 1173/821/773 1176/821/773 1177/822/777
f 1178/822/778 1179/823/779 1177/822/777
f 1178/822/778 1177/822/777 1176/821/773
f 1176/821/773 1180/821/780 1178/822/778
f 1175/820/776 1180/821/780 1176/821/773
f 1175/820/776 1181/822/781 1180/821/780
f 1181/822/781 1175/820/776 1182/824/782
f 1175/820/776 1174/815/775 1182/824/782
f 1183/825/783 1180/821/780 1181/822/781
f 1180/821/780 1183/825/783 1184/822/784
f 1182/824/782 1185/826/785 1181/822/781
f 1185/826/785 1183/825/783 1181/822/781
f 1174/815/775 1186/827/786 1182/824/782
f 1185/826/785 1182/824/782 1186/827/786
f 1187/826/787 1184/822/784 1183/825/783
f 1184/822/784 1187/826/787 1188/823/788
f 1187/826/787 1189/828/789 1188/823/788
f 1183/825/783 1185/826/785 1190/829/790
f 1189/828/789 1187/826/787 1191/830/791
f 1191/830/791 1192/831/792 1189/828/789
f 1183/825/783 1193/832/793 1187/826/787
f 1183/825/783 1190/829/790 1193/832/793
f 1187/826/787 1194/833/794 1191/830/791
f 1194/833/794 1187/826/787 1193/832/793
f 1185/826/785 1195/834/795 1190/829/790
f 1190/829/790 1195/834/795 1193/832/793
f 1196/835/796 1194/833/794 1193/832/793
f 1194/833/794 1197/836/797 1191/830/791
f 1196/835/796 1197/836/797 1194/833/794
f 1193/832/793 1198/837/798 1196/835/796
f 1198/837/798 1193/832/793 1195/834/795
f 1196/835/796 1199/838/799 1197/836/797
f 1198/837/798 1199/838/799 1196/835/796
f 1191/830/791 1197/836/797 1200/839/800
f 1192/831/792 1191/830/791 1200/839/800
f 1197/836/797 1201/840/801 1200/839/800
f 1200/839/800 1202/841/802 1192/831/792
f 1197/836/797 1203/842/803 1201/840/801
f 1197/836/797 1199/838/799 1203/842/803
f 1201/840/801 1204/843/804 1200/839/800
f 1202/841/802 1200/839/800 1204/843/804
f 1203/842/803 1205/844/805 1201/840/801
f 1205/844/805 1204/843/804 1201/840/801
f 1192/831/792 1202/841/802 1206/841/806
f 1207/831/807 1192/831/792 1206/841/806
f 1206/841/806 1208/845/808 1207/831/807
f 1209/846/807 1207/831/807 1208/845/808
f 1206/841/806 1202/841/802 1210/847/809
f 1210/847/809 1211/848/810 1206/841/806
f 1202/841/802 1212/847/811 1210/847/809
f 1204/843/804 1212/847/811 1202/841/802
f 1210/847/809 1213/849/812 1211/848/810
f 1213/849/812 1214/850/813 1211/848/810
f 1212/847/811 1213/849/812 1210/847/809
f 1212/847/811 1204/843/804 1215/851/814
f 1204/843/804 1205/844/805 1215/851/814
f 1213/849/812 1212/847/811 1216/849/815
f 1216/849/815 1217/852/813 1213/849/812
f 1218/853/816 1212/847/811 1215/851/814
f 1212/847/811 1218/853/816 1216/849/815
f 1205/844/805 1219/854/817 1215/851/814
f 1218/853/816 1215/851/814 1219/854/817
f 1205/844/805 1220/855/818 1219/854/817
f 1203/842/803 1220/855/818 1205/844/805
f 1221/856/819 1216/849/815 1218/853/816
f 1203/842/803 1222/857/820 1220/855/818
f 1199/838/799 1222/857/820 1203/842/803
f 1216/849/815 1221/856/819 1223/852/821
f 1217/852/813 1216/849/815 1223/852/821
f 1221/856/819 1218/853/816 1224/858/822
f 1224/858/822 1218/853/816 1219/854/817
f 1225/859/819 1223/852/821 1221/856/819
f 1224/858/822 1225/859/819 1221/856/819
f 1223/852/821 1226/860/221 1217/852/813
f 1217/852/813 1226/860/221 1214/850/813
f 1223/852/821 1225/859/819 1227/860/821
f 1226/860/221 1223/852/821 1227/860/821
f 1214/850/813 1228/861/823 1229/862/824
f 1230/863/825 1214/850/813 1226/860/221
f 1228/861/823 1214/850/813 1230/863/825
f 1231/863/821 1226/860/221 1227/860/821
f 1226/860/221 1231/863/821 1230/863/825
f 1232/864/826 1227/860/821 1225/859/819
f 1227/860/821 1232/864/826 1231/863/821
f 1230/863/825 1233/861/827 1228/861/823
f 1233/861/827 1230/863/825 1231/863/821
f 1234/865/828 1228/861/823 1233/861/827
f 1228/861/823 1234/865/828 1235/865/829
f 1231/863/821 1236/866/830 1233/861/827
f 1236/866/830 1231/863/821 1232/864/826
f 1233/861/827 1237/867/831 1234/865/828
f 1237/867/831 1233/861/827 1236/866/830
f 1238/868/832 1235/865/829 1234/865/828
f 1238/868/832 1234/865/828 1239/869/833
f 1234/865/828 1237/867/831 1239/869/833
f 1239/869/833 1240/870/834 1238/868/832
f 1235/865/829 1229/862/824 1228/861/823
f 1241/871/835 1229/862/824 1235/865/829
f 1229/862/824 1241/871/835 1242/872/836
f 1235/865/829 1238/868/832 1241/871/835
f 1240/870/834 1241/871/835 1238/868/832
f 1241/871/835 1240/870/834 1243/265/192
f 1240/870/834 1239/869/833 1244/873/837
f 1245/874/838 1240/870/834 1244/873/837
f 1245/874/838 1243/265/192 1240/870/834
f 1243/265/192 1242/872/836 1241/871/835
f 1242/872/836 1243/265/192 292/265/192
f 293/266/178 292/265/192 1243/265/192
f 1243/265/192 1245/874/838 293/266/178
f 1124/794/739 293/266/178 1245/874/838
f 1124/794/739 1245/874/838 1123/793/738
f 1244/873/837 1123/793/738 1245/874/838
f 751/560/470 1123/793/738 1244/873/837
f 1246/869/472 751/560/470 1244/873/837
f 1244/873/837 1239/869/833 1246/869/472
f 751/560/470 1246/869/472 753/562/472
f 1239/869/833 1247/875/839 1246/869/472
f 753/562/472 1246/869/472 1247/875/839
f 1247/875/839 1239/869/833 1237/867/831
f 753/562/472 1247/875/839 1248/876/840
f 721/531/443 753/562/472 1248/876/840
f 1237/867/831 1249/877/841 1247/875/839
f 1247/875/839 1249/877/841 1248/876/840
f 1249/877/841 1237/867/831 1236/866/830
f 1248/876/840 1250/878/842 721/531/443
f 1249/877/841 1250/878/842 1248/876/840
f 721/531/443 1250/878/842 719/530/435
f 1236/866/830 1251/879/843 1249/877/841
f 1251/879/843 1236/866/830 1232/864/826
f 1250/878/842 1249/877/841 1252/880/842
f 1252/880/842 1249/877/841 1251/879/843
f 1252/880/842 719/530/435 1250/878/842
f 1232/864/826 1253/881/843 1251/879/843
f 1253/881/843 1232/864/826 1225/859/819
f 1225/859/819 1224/858/822 1253/881/843
f 1251/879/843 1254/882/842 1252/880/842
f 1254/882/842 1251/879/843 1253/881/843
f 719/530/435 1252/880/842 1255/883/844
f 718/524/397 719/530/435 1255/883/844
f 1254/882/842 1253/881/843 1256/884/845
f 718/524/397 1255/883/844 1257/885/846
f 1253/881/843 1258/886/847 1256/884/845
f 1258/886/847 1253/881/843 1224/858/822
f 1259/524/846 1254/882/842 1256/884/845
f 1259/524/846 1256/884/845 1258/886/847
f 1252/880/842 1254/882/842 1260/887/848
f 1254/882/842 1259/524/846 1260/887/848
f 1255/883/844 1252/880/842 1261/522/844
f 1261/522/844 1252/880/842 1260/887/848
f 1255/883/844 1261/522/844 1257/885/846
f 718/524/397 1257/885/846 1262/888/444
f 720/483/397 718/524/397 1262/888/444
f 1257/885/846 1261/522/844 1263/524/849
f 1263/524/849 1262/888/444 1257/885/846
f 1260/887/848 1264/889/850 1261/522/844
f 1264/889/850 1263/524/849 1261/522/844
f 1265/526/851 720/483/397 1262/888/444
f 1262/888/444 1263/524/849 1265/526/851
f 1264/889/850 1266/524/852 1263/524/849
f 1267/526/853 1263/524/849 1266/524/852
f 1263/524/849 1267/526/853 1265/526/851
f 1264/889/850 1268/889/854 1266/524/852
f 1269/483/855 1265/526/851 1267/526/853
f 1270/889/856 1268/889/854 1264/889/850
f 1264/889/850 1260/887/848 1270/889/856
f 1270/889/856 1271/889/857 1268/889/854
f 1265/526/851 1269/483/855 1272/483/858
f 720/483/397 1265/526/851 1272/483/858
f 1273/890/48 1272/483/858 1269/483/855
f 1274/890/859 720/483/397 1272/483/858
f 1272/483/858 1273/890/48 1274/890/859
f 720/483/397 1274/890/859 722/479/444
f 1274/890/859 631/478/395 722/479/444
f 1274/890/859 1273/890/48 1275/479/860
f 631/478/395 1274/890/859 1275/479/860
f 1276/479/861 1275/479/860 1273/890/48
f 1275/479/860 1276/479/861 1277/480/862
f 1277/480/862 631/478/395 1275/479/860
f 1278/480/863 1277/480/862 1276/479/861
f 631/478/395 1277/480/862 1279/891/846
f 623/471/395 631/478/395 1279/891/846
f 1277/480/862 1278/480/863 1280/479/864
f 1280/479/864 1279/891/846 1277/480/862
f 1281/479/865 1280/479/864 1278/480/863
f 1282/892/846 623/471/395 1279/891/846
f 1279/891/846 1280/479/864 1282/892/846
f 623/471/395 1282/892/846 1283/893/846
f 620/470/390 623/471/395 1283/893/846
f 1280/479/864 1284/894/866 1282/892/846
f 1283/893/846 1282/892/846 1284/894/866
f 1280/479/864 1281/479/865 1285/477/867
f 1284/894/866 1280/479/864 1285/477/867
f 1285/477/867 1281/479/865 1286/477/868
f 1283/893/846 1284/894/866 1287/895/820
f 1287/895/820 620/470/390 1283/893/846
f 1285/477/867 1288/896/846 1284/894/866
f 1288/896/846 1287/895/820 1284/894/866
f 1285/477/867 1286/477/868 1289/897/869
f 1288/896/846 1285/477/867 1289/897/869
f 1289/897/869 1286/477/868 1290/897/870
f 1289/897/869 1290/897/870 1291/888/871
f 1291/888/871 1288/896/846 1289/897/869
f 1291/888/871 1290/897/870 1292/888/872
f 1291/888/871 1292/888/872 1271/889/857
f 1291/888/871 1271/889/857 1270/889/856
f 1260/887/848 1291/888/871 1270/889/856
f 1291/888/871 1260/887/848 1259/524/846
f 1288/896/846 1291/888/871 1259/524/846
f 1259/524/846 1258/886/847 1288/896/846
f 1287/895/820 1288/896/846 1258/886/847
f 1224/858/822 1287/895/820 1258/886/847
f 1287/895/820 1224/858/822 1219/854/817
f 1219/854/817 1293/898/820 1287/895/820
f 620/470/390 1287/895/820 1293/898/820
f 1293/898/820 1219/854/817 1220/855/818
f 1220/855/818 1222/857/820 1293/898/820
f 620/470/390 1293/898/820 1222/857/820
f 620/470/390 1222/857/820 618/468/384
f 1222/857/820 606/461/386 618/468/384
f 606/461/386 1222/857/820 1294/899/873
f 1294/899/873 603/460/384 606/461/386
f 1222/857/820 1199/838/799 1294/899/873
f 603/460/384 1294/899/873 1295/461/874
f 1199/838/799 1295/461/874 1294/899/873
f 1295/461/874 600/458/377 603/460/384
f 1296/900/875 1295/461/874 1199/838/799
f 1199/838/799 1198/837/798 1296/900/875
f 1297/901/876 600/458/377 1295/461/874
f 1296/900/875 1297/901/876 1295/461/874
f 1297/901/876 595/454/379 600/458/377
f 1298/902/877 1296/900/875 1198/837/798
f 1299/903/878 1297/901/876 1296/900/875
f 1296/900/875 1298/902/877 1299/903/878
f 1300/454/876 595/454/379 1297/901/876
f 1301/904/879 1297/901/876 1299/903/878
f 1297/901/876 1301/904/879 1300/454/876
f 1298/902/877 1301/904/879 1299/903/878
f 1302/905/880 595/454/379 1300/454/876
f 1301/904/879 1302/905/880 1300/454/876
f 595/454/379 1302/905/880 591/453/377
f 1198/837/798 1303/906/881 1298/902/877
f 1303/906/881 1198/837/798 1195/834/795
f 1304/904/882 1301/904/879 1298/902/877
f 1303/906/881 1304/904/882 1298/902/877
f 1302/905/880 1301/904/879 1305/907/883
f 1306/908/884 1303/906/881 1195/834/795
f 1185/826/785 1306/908/884 1195/834/795
f 1301/904/879 1307/909/885 1305/907/883
f 1307/909/885 1301/904/879 1304/904/882
f 1306/908/884 1185/826/785 1308/825/886
f 1186/827/786 1308/825/886 1185/826/785
f 1307/909/885 1309/910/887 1305/907/883
f 1309/910/887 1302/905/880 1305/907/883
f 1186/827/786 1310/911/888 1308/825/886
f 1310/911/888 1306/908/884 1308/825/886
f 1302/905/880 1309/910/887 1311/912/889
f 1311/912/889 591/453/377 1302/905/880
f 1311/912/889 588/451/372 591/453/377
f 1312/913/890 588/451/372 1311/912/889
f 1312/913/890 585/446/374 588/451/372
f 1313/914/891 1311/912/889 1309/910/887
f 1311/912/889 1313/914/891 1312/913/890
f 1314/915/892 585/446/374 1312/913/890
f 1313/914/891 1314/915/892 1312/913/890
f 585/446/374 1314/915/892 581/447/372
f 1315/916/893 1313/914/891 1309/910/887
f 1309/910/887 1307/909/885 1315/916/893
f 1314/915/892 1316/917/341 581/447/372
f 531/420/341 581/447/372 1316/917/341
f 1316/917/341 522/417/335 531/420/341
f 522/417/335 1316/917/341 514/411/281
f 1316/917/341 448/362/276 514/411/281
f 448/362/276 1316/917/341 1317/918/892
f 1316/917/341 1314/915/892 1317/918/892
f 1317/918/892 445/359/273 448/362/276
f 445/359/273 1317/918/892 1318/919/894
f 1318/919/894 1317/918/892 1314/915/892
f 446/360/274 445/359/273 1318/919/894
f 1318/919/894 1314/915/892 1319/920/895
f 1319/920/895 446/360/274 1318/919/894
f 1314/915/892 1313/914/891 1319/920/895
f 1319/920/895 1320/921/896 446/360/274
f 432/341/264 446/360/274 1320/921/896
f 1321/922/897 1319/920/895 1313/914/891
f 1321/922/897 1320/921/896 1319/920/895
f 1320/921/896 1322/923/898 432/341/264
f 1322/923/898 1320/921/896 1321/922/897
f 1322/923/898 424/343/257 432/341/264
f 1322/923/898 423/341/256 424/343/257
f 1323/924/899 423/341/256 1322/923/898
f 1323/924/899 1322/923/898 1321/922/897
f 423/341/256 1323/924/899 1324/925/900
f 1321/922/897 1313/914/891 1325/926/901
f 1313/914/891 1315/916/893 1325/926/901
f 1321/922/897 1326/927/902 1323/924/899
f 1326/927/902 1321/922/897 1325/926/901
f 1327/928/903 1324/925/900 1323/924/899
f 1326/927/902 1327/928/903 1323/924/899
f 1324/925/900 1327/928/903 1328/929/904
f 1327/928/903 1329/930/905 1328/929/904
f 1325/926/901 1330/931/906 1326/927/902
f 1327/928/903 1326/927/902 1330/931/906
f 1315/916/893 1330/931/906 1325/926/901
f 1329/930/905 1327/928/903 1331/932/907
f 1327/928/903 1330/931/906 1331/932/907
f 1331/932/907 1332/933/908 1329/930/905
f 1330/931/906 1315/916/893 1333/934/909
f 1331/932/907 1330/931/906 1334/935/910
f 1334/935/910 1330/931/906 1333/934/909
f 1335/936/911 1331/932/907 1334/935/910
f 1335/936/911 1334/935/910 1333/934/909
f 1332/933/908 1331/932/907 1336/930/912
f 1331/932/907 1335/936/911 1336/930/912
f 1332/933/908 1337/933/913 1338/937/914
f 1336/930/912 1339/938/915 1332/933/908
f 1339/938/915 1337/933/913 1332/933/908
f 1337/933/913 1340/933/916 1341/937/917
f 1342/938/916 1340/933/916 1337/933/913
f 1337/933/913 1339/938/915 1342/938/916
f 1342/938/916 1343/938/916 1340/933/916
f 1339/938/915 1336/930/912 1344/938/918
f 1335/936/911 1344/938/918 1336/930/912
f 1345/939/919 1343/938/916 1342/938/916
f 1343/938/916 1345/939/919 1346/939/920
f 1346/939/920 1345/939/919 1347/940/921
f 1348/939/922 1342/938/916 1339/938/915
f 1342/938/916 1348/939/922 1345/939/919
f 1345/939/919 1349/941/923 1347/940/921
f 1349/941/923 1345/939/919 1348/939/922
f 1349/941/923 1350/942/143 1347/940/921
f 1339/938/915 1351/943/924 1348/939/922
f 1351/943/924 1349/941/923 1348/939/922
f 1351/943/924 1339/938/915 1344/938/918
f 1350/942/143 1349/941/923 1352/944/925
f 1352/944/925 1353/945/207 1350/942/143
f 1349/941/923 1351/943/924 1354/946/926
f 1354/946/926 1352/944/925 1349/941/923
f 1355/947/927 1351/943/924 1344/938/918
f 1344/938/918 1335/936/911 1355/947/927
f 1354/946/926 1351/943/924 1356/948/928
f 1355/947/927 1335/936/911 1357/932/929
f 1355/947/927 1358/943/930 1351/943/924
f 1358/943/930 1356/948/928 1351/943/924
f 1359/949/931 1355/947/927 1357/932/929
f 1355/947/927 1359/949/931 1358/943/930
f 1360/950/932 1357/932/929 1335/936/911
f 1360/950/932 1359/949/931 1357/932/929
f 1360/950/932 1335/936/911 1333/934/909
f 1358/943/930 1359/949/931 1361/949/890
f 1361/949/890 1356/948/928 1358/943/930
f 1359/949/931 1360/950/932 1362/950/933
f 1360/950/932 1333/934/909 1363/951/934
f 1315/916/893 1363/951/934 1333/934/909
f 1363/951/934 1315/916/893 1307/909/885
f 1304/904/882 1363/951/934 1307/909/885
f 1364/952/935 1360/950/932 1363/951/934
f 1364/952/935 1362/950/933 1360/950/932
f 1363/951/934 1304/904/882 1365/953/936
f 1364/952/935 1363/951/934 1365/953/936
f 1303/906/881 1365/953/936 1304/904/882
f 1362/950/933 1364/952/935 1366/952/937
f 1367/954/938 1365/953/936 1303/906/881
f 1367/954/938 1303/906/881 1306/908/884
f 1368/953/939 1364/952/935 1365/953/936
f 1368/953/939 1365/953/936 1367/954/938
f 1368/953/939 1366/952/937 1364/952/935
f 1369/908/940 1367/954/938 1306/908/884
f 1306/908/884 1310/911/888 1369/908/940
f 1370/955/941 1368/953/939 1367/954/938
f 1367/954/938 1369/908/940 1370/955/941
f 1366/952/937 1368/953/939 1371/953/942
f 1368/953/939 1370/955/941 1371/953/942
f 1372/956/873 1370/955/941 1369/908/940
f 1310/911/888 1372/956/873 1369/908/940
f 1373/955/943 1371/953/942 1370/955/941
f 1372/956/873 1373/955/943 1370/955/941
f 1371/953/942 1374/952/943 1366/952/937
f 1373/955/943 1375/953/944 1371/953/942
f 1374/952/943 1371/953/942 1375/953/944
f 1373/955/943 1376/953/945 1375/953/944
f 1376/953/945 1374/952/943 1375/953/944
f 1372/956/873 1377/957/945 1373/955/943
f 1376/953/945 1373/955/943 1377/957/945
f 1378/958/890 1366/952/937 1374/952/943
f 1362/950/933 1366/952/937 1378/958/890
f 1378/958/890 1359/949/931 1362/950/933
f 1359/949/931 1378/958/890 1361/949/890
f 1379/959/945 1378/958/890 1374/952/943
f 1374/952/943 1376/953/945 1379/959/945
f 1380/960/946 1361/949/890 1378/958/890
f 1378/958/890 1379/959/945 1380/960/946
f 1361/949/890 1380/960/946 1381/930/945
f 1382/961/945 1361/949/890 1381/930/945
f 1361/949/890 1382/961/945 1356/948/928
f 1380/960/946 1383/962/947 1381/930/945
f 1383/962/947 1382/961/945 1381/930/945
f 1379/959/945 1384/960/948 1380/960/946
f 1383/962/947 1380/960/946 1384/960/948
f 1384/960/948 1379/959/945 1385/959/949
f 1376/953/945 1385/959/949 1379/959/945
f 1386/960/950 1383/962/947 1384/960/948
f 1385/959/949 1376/953/945 1387/953/951
f 1388/959/952 1384/960/948 1385/959/949
f 1384/960/948 1388/959/952 1386/960/950
f 1389/953/953 1385/959/949 1387/953/951
f 1385/959/949 1389/953/953 1388/959/952
f 1376/953/945 1390/957/954 1387/953/951
f 1390/957/954 1389/953/953 1387/953/951
f 1390/957/954 1376/953/945 1377/957/945
f 1391/310/955 1388/959/952 1389/953/953
f 1389/953/953 1390/957/954 1392/957/956
f 1392/957/956 1391/310/955 1389/953/953
f 1377/957/945 1393/963/957 1390/957/954
f 1393/963/957 1392/957/956 1390/957/954
f 1388/959/952 1391/310/955 1394/964/958
f 1394/964/958 1386/960/950 1388/959/952
f 1391/310/955 1392/957/956 1395/965/959
f 1396/310/960 1394/964/958 1391/310/955
f 1395/965/959 1396/310/960 1391/310/955
f 1396/310/960 1397/964/961 1394/964/958
f 1396/310/960 1395/965/959 1398/965/962
f 1397/964/961 1399/966/963 1394/964/958
f 1386/960/950 1394/964/958 1399/966/963
f 1397/964/961 1400/966/964 1399/966/963
f 1399/966/963 1401/962/965 1386/960/950
f 1383/962/947 1386/960/950 1401/962/965
f 1400/966/964 1402/962/966 1399/966/963
f 1401/962/965 1399/966/963 1402/962/966
f 1400/966/964 1403/933/967 1402/962/966
f 1404/967/968 1402/962/966 1403/933/967
f 1401/962/965 1405/961/969 1383/962/947
f 1383/962/947 1405/961/969 1382/961/945
f 1402/962/966 1404/967/968 1406/967/970
f 1407/968/971 1406/967/970 1404/967/968
f 1402/962/966 1408/969/972 1401/962/965
f 1408/969/972 1402/962/966 1406/967/970
f 1405/961/969 1401/962/965 1408/969/972
f 1406/967/970 1407/968/971 1409/970/973
f 1409/970/973 1408/969/972 1406/967/970
f 1410/971/974 1409/970/973 1407/968/971
f 1408/969/972 1411/972/975 1405/961/969
f 1409/970/973 1410/971/974 1412/973/976
f 1413/974/977 1412/973/976 1410/971/974
f 1414/972/978 1408/969/972 1409/970/973
f 1412/973/976 1414/972/978 1409/970/973
f 1411/972/975 1408/969/972 1414/972/978
f 1412/973/976 1413/974/977 1415/975/979
f 1416/976/980 1415/975/979 1413/974/977
f 1417/977/981 1414/972/978 1412/973/976
f 1415/975/979 1417/977/981 1412/973/976
f 1414/972/978 1418/978/982 1411/972/975
f 1418/978/982 1414/972/978 1417/977/981
f 1405/961/969 1411/972/975 1419/979/946
f 1419/979/946 1382/961/945 1405/961/969
f 1411/972/975 1418/978/982 1420/978/946
f 1420/978/946 1419/979/946 1411/972/975
f 1421/980/983 1382/961/945 1419/979/946
f 1382/961/945 1421/980/983 1356/948/928
f 1356/948/928 1421/980/983 1354/946/926
f 1422/981/984 1419/979/946 1420/978/946
f 1419/979/946 1422/981/984 1421/980/983
f 1423/982/985 1354/946/926 1421/980/983
f 1352/944/925 1354/946/926 1423/982/985
f 1424/983/986 1421/980/983 1422/981/984
f 1421/980/983 1424/983/986 1423/982/985
f 1423/982/985 1425/984/987 1352/944/925
f 1425/984/987 1423/982/985 1424/983/986
f 1353/945/207 1352/944/925 1425/984/987
f 1426/985/988 1424/983/986 1422/981/984
f 1420/978/946 1426/985/988 1422/981/984
f 1425/984/987 1427/986/989 1353/945/207
f 1427/986/989 1428/986/990 1353/945/207
f 1424/983/986 1429/987/991 1425/984/987
f 1427/986/989 1425/984/987 1429/987/991
f 1427/986/989 1430/988/209 1428/986/990
f 1353/945/207 1428/986/990 1431/945/207
f 1353/945/207 1431/945/207 1350/942/143
f 1350/942/143 1431/945/207 1432/942/992
f 1350/942/143 1432/942/992 1347/940/921
f 1347/940/921 1432/942/992 1433/940/993
f 1347/940/921 1433/940/993 1346/939/920
f 1434/989/994 1430/988/209 1427/986/989
f 1429/987/991 1434/989/994 1427/986/989
f 1434/989/994 1435/990/500 1430/988/209
f 1435/990/500 1436/990/500 1430/988/209
f 1434/989/994 1429/987/991 1437/991/995
f 1437/991/995 1435/990/500 1434/989/994
f 1429/987/991 1424/983/986 1438/992/996
f 1438/992/996 1437/991/995 1429/987/991
f 1424/983/986 1426/985/988 1438/992/996
f 1437/991/995 1438/992/996 1439/993/997
f 1426/985/988 1439/993/997 1438/992/996
f 1437/991/995 1440/994/998 1435/990/500
f 1440/994/998 1437/991/995 1439/993/997
f 1435/990/500 1441/995/211 1436/990/500
f 1440/994/998 1441/995/211 1435/990/500
f 1441/995/211 1442/996/211 1436/990/500
f 1439/993/997 1443/997/999 1440/994/998
f 1442/996/211 1441/995/211 1444/998/19
f 1442/996/211 1444/998/19 1445/998/19
f 1440/994/998 1446/999/1000 1441/995/211
f 1446/999/1000 1440/994/998 1443/997/999
f 1441/995/211 1447/1000/1001 1444/998/19
f 1447/1000/1001 1441/995/211 1446/999/1000
f 1445/998/19 1444/998/19 1448/385/1002
f 1445/998/19 1448/385/1002 1449/385/1002
f 1449/385/1002 1448/385/1002 1450/1001/1003
f 1451/1002/1004 1444/998/19 1447/1000/1001
f 1444/998/19 1451/1002/1004 1448/385/1002
f 1452/1001/1005 1450/1001/1003 1448/385/1002
f 1452/1001/1005 1453/1001/1006 1450/1001/1003
f 1448/385/1002 1454/1003/1007 1452/1001/1005
f 1448/385/1002 1451/1002/1004 1454/1003/1007
f 1453/1001/1006 1452/1001/1005 1455/1001/1008
f 1454/1003/1007 1455/1001/1008 1452/1001/1005
f 1453/1001/1006 1455/1001/1008 1456/385/1006
f 1456/385/1006 1455/1001/1008 1457/385/1006
f 1456/385/1006 1457/385/1006 1458/273/1009
f 301/273/196 300/272/194 1458/273/1009
f 301/273/196 1458/273/1009 1457/385/1006
f 1457/385/1006 303/274/198 301/273/196
f 1459/1003/1010 1457/385/1006 1455/1001/1008
f 1457/385/1006 1459/1003/1010 303/274/198
f 1455/1001/1008 1454/1003/1007 1459/1003/1010
f 303/274/198 1459/1003/1010 1460/1004/1011
f 1461/1004/1012 1459/1003/1010 1454/1003/1007
f 1459/1003/1010 1461/1004/1012 1460/1004/1011
f 1451/1002/1004 1461/1004/1012 1454/1003/1007
f 1460/1004/1011 1462/1001/1013 303/274/198
f 477/385/302 303/274/198 1462/1001/1013
f 1460/1004/1011 1463/1005/1014 1462/1001/1013
f 1463/1005/1014 477/385/302 1462/1001/1013
f 1461/1004/1012 1464/1006/1015 1460/1004/1011
f 1463/1005/1014 1460/1004/1011 1464/1006/1015
f 1451/1002/1004 1465/1003/1016 1461/1004/1012
f 1447/1000/1001 1465/1003/1016 1451/1002/1004
f 477/385/302 1463/1005/1014 1466/1007/1017
f 480/388/305 477/385/302 1466/1007/1017
f 1465/1003/1016 1447/1000/1001 1467/1008/1018
f 1446/999/1000 1467/1008/1018 1447/1000/1001
f 1466/1007/1017 1468/1009/1019 480/388/305
f 1463/1005/1014 1468/1009/1019 1466/1007/1017
f 1467/1008/1018 1446/999/1000 1469/1010/1020
f 1443/997/999 1469/1010/1020 1446/999/1000
f 1470/1011/1021 1467/1008/1018 1469/1010/1020
f 1471/1012/1022 1469/1010/1020 1443/997/999
f 1469/1010/1020 1471/1012/1022 1470/1011/1021
f 1439/993/997 1471/1012/1022 1443/997/999
f 1467/1008/1018 1470/1011/1021 1472/1013/1023
f 1465/1003/1016 1467/1008/1018 1472/1013/1023
f 1471/1012/1022 1439/993/997 1473/1014/1024
f 1439/993/997 1426/985/988 1473/1014/1024
f 1465/1003/1016 1472/1013/1023 1474/1005/1025
f 1461/1004/1012 1465/1003/1016 1474/1005/1025
f 1475/1015/945 1473/1014/1024 1426/985/988
f 1426/985/988 1420/978/946 1475/1015/945
f 1475/1015/945 1420/978/946 1418/978/982
f 1474/1005/1025 1476/1016/1026 1461/1004/1012
f 1476/1016/1026 1464/1006/1015 1461/1004/1012
f 1418/978/982 1477/1017/1027 1475/1015/945
f 1417/977/981 1477/1017/1027 1418/978/982
f 1473/1014/1024 1475/1015/945 1478/1018/945
f 1478/1018/945 1475/1015/945 1477/1017/1027
f 1477/1017/1027 1417/977/981 1479/1017/1028
f 1417/977/981 1415/975/979 1479/1017/1028
f 1477/1017/1027 1480/1019/1029 1478/1018/945
f 1479/1017/1028 1480/1019/1029 1477/1017/1027
f 1481/1020/153 1473/1014/1024 1478/1018/945
f 1473/1014/1024 1481/1020/153 1471/1012/1022
f 1480/1019/1029 1482/1020/1030 1478/1018/945
f 1481/1020/153 1478/1018/945 1482/1020/1030
f 1480/1019/1029 1479/1017/1028 1483/1021/1031
f 1483/1021/1031 1482/1020/1030 1480/1019/1029
f 1415/975/979 1483/1021/1031 1479/1017/1028
f 1484/1022/153 1471/1012/1022 1481/1020/153
f 1471/1012/1022 1484/1022/153 1470/1011/1021
f 1483/1021/1031 1415/975/979 1485/976/1032
f 1415/975/979 1416/976/980 1485/976/1032
f 1416/976/980 1486/1023/1033 1485/976/1032
f 1486/1023/1033 1483/1021/1031 1485/976/1032
f 1486/1023/1033 1416/976/980 1487/1024/1034
f 1483/1021/1031 1488/1025/1035 1482/1020/1030
f 1483/1021/1031 1486/1023/1033 1488/1025/1035
f 1482/1020/1030 1489/1026/1036 1481/1020/153
f 1488/1025/1035 1489/1026/1036 1482/1020/1030
f 1484/1022/153 1481/1020/153 1489/1026/1036
f 1486/1023/1033 1490/1027/1037 1488/1025/1035
f 1488/1025/1035 1490/1027/1037 1489/1026/1036
f 1487/1024/1034 1491/1028/1038 1486/1023/1033
f 1490/1027/1037 1486/1023/1033 1491/1028/1038
f 1491/1028/1038 1487/1024/1034 1492/1029/1039
f 1493/1030/1040 1489/1026/1036 1490/1027/1037
f 1491/1028/1038 1493/1030/1040 1490/1027/1037
f 1492/1029/1039 1494/1031/1041 1491/1028/1038
f 1493/1030/1040 1491/1028/1038 1494/1031/1041
f 1494/1031/1041 1492/1029/1039 1495/1032/1042
f 1489/1026/1036 1493/1030/1040 1496/1030/1043
f 1489/1026/1036 1496/1030/1043 1484/1022/153
f 1497/1033/1044 1493/1030/1040 1494/1031/1041
f 1497/1033/1044 1496/1030/1043 1493/1030/1040
f 1495/1032/1042 1498/1034/1045 1494/1031/1041
f 1497/1033/1044 1494/1031/1041 1498/1034/1045
f 1498/1034/1045 1495/1032/1042 1499/1035/1046
f 1500/315/1047 1484/1022/153 1496/1030/1043
f 1500/315/1047 1470/1011/1021 1484/1022/153
f 1470/1011/1021 1500/315/1047 1472/1013/1023
f 1499/1035/1046 1501/1036/1048 1498/1034/1045
f 1501/1036/1048 1499/1035/1046 1502/316/1049
f 1503/1037/1050 1498/1034/1045 1501/1036/1048
f 1503/1037/1050 1497/1033/1044 1498/1034/1045
f 1502/316/1049 1504/1038/1051 1501/1036/1048
f 1504/1038/1051 1503/1037/1050 1501/1036/1048
f 1504/1038/1051 1502/316/1049 1505/1039/1052
f 1503/1037/1050 1506/1040/1053 1497/1033/1044
f 1496/1030/1043 1497/1033/1044 1506/1040/1053
f 1496/1030/1043 1506/1040/1053 1500/315/1047
f 1505/1039/1052 1507/1041/1054 1504/1038/1051
f 1507/1041/1054 1505/1039/1052 1508/1042/1055
f 1503/1037/1050 1504/1038/1051 1509/1043/1056
f 1507/1041/1054 1509/1043/1056 1504/1038/1051
f 1506/1040/1053 1503/1037/1050 1510/1044/1057
f 1509/1043/1056 1510/1044/1057 1503/1037/1050
f 1511/1045/1058 1500/315/1047 1506/1040/1053
f 1506/1040/1053 1510/1044/1057 1511/1045/1058
f 1511/1045/1058 1472/1013/1023 1500/315/1047
f 1472/1013/1023 1511/1045/1058 1474/1005/1025
f 1512/1046/1059 1474/1005/1025 1511/1045/1058
f 1474/1005/1025 1512/1046/1059 1476/1016/1026
f 1513/1047/1058 1511/1045/1058 1510/1044/1057
f 1512/1046/1059 1511/1045/1058 1513/1047/1058
f 1510/1044/1057 1514/1048/1060 1513/1047/1058
f 1514/1048/1060 1512/1046/1059 1513/1047/1058
f 1510/1044/1057 1509/1043/1056 1515/1049/1061
f 1514/1048/1060 1510/1044/1057 1515/1049/1061
f 1476/1016/1026 1512/1046/1059 1516/1035/1062
f 1516/1035/1062 1464/1006/1015 1476/1016/1026
f 1512/1046/1059 1514/1048/1060 1517/1050/1063
f 1517/1050/1063 1516/1035/1062 1512/1046/1059
f 1464/1006/1015 1516/1035/1062 1518/1051/1064
f 1464/1006/1015 1518/1051/1064 1463/1005/1014
f 1518/1051/1064 1519/1052/1065 1463/1005/1014
f 1516/1035/1062 1519/1052/1065 1518/1051/1064
f 1468/1009/1019 1463/1005/1014 1519/1052/1065
f 1519/1052/1065 1516/1035/1062 1520/1053/1066
f 1516/1035/1062 1517/1050/1063 1520/1053/1066
f 1521/1054/1067 1468/1009/1019 1519/1052/1065
f 1520/1053/1066 1522/1055/1068 1519/1052/1065
f 1521/1054/1067 1519/1052/1065 1522/1055/1068
f 1517/1050/1063 1523/1056/1069 1520/1053/1066
f 1522/1055/1068 1520/1053/1066 1523/1056/1069
f 1524/1057/1058 1517/1050/1063 1514/1048/1060
f 1515/1049/1061 1524/1057/1058 1514/1048/1060
f 1523/1056/1069 1517/1050/1063 1525/1058/1070
f 1517/1050/1063 1524/1057/1058 1525/1058/1070
f 1523/1056/1069 1526/1059/1071 1522/1055/1068
f 1524/1057/1058 1515/1049/1061 1527/1060/1072
f 1526/1059/1071 1523/1056/1069 1528/1061/1073
f 1525/1058/1070 1528/1061/1073 1523/1056/1069
f 1522/1055/1068 1526/1059/1071 1529/1053/1074
f 1529/1053/1074 1521/1054/1067 1522/1055/1068
f 1530/1062/1060 1525/1058/1070 1524/1057/1058
f 1527/1060/1072 1530/1062/1060 1524/1057/1058
f 1528/1061/1073 1525/1058/1070 1531/1060/1070
f 1525/1058/1070 1530/1062/1060 1531/1060/1070
f 1531/1060/1070 1532/1063/1075 1528/1061/1073
f 1530/1062/1060 1532/1063/1075 1531/1060/1070
f 1533/1064/1076 1526/1059/1071 1528/1061/1073
f 1528/1061/1073 1532/1063/1075 1533/1064/1076
f 1526/1059/1071 1533/1064/1076 1534/1065/1077
f 1534/1065/1077 1529/1053/1074 1526/1059/1071
f 1532/1063/1075 1535/1066/1078 1533/1064/1076
f 1536/1067/1079 1534/1065/1077 1533/1064/1076
f 1533/1064/1076 1535/1066/1078 1536/1067/1079
f 1529/1053/1074 1534/1065/1077 1537/1068/1080
f 1534/1065/1077 1536/1067/1079 1538/1063/1081
f 1538/1063/1081 1537/1068/1080 1534/1065/1077
f 1535/1066/1078 1539/1066/1082 1536/1067/1079
f 1539/1066/1082 1538/1063/1081 1536/1067/1079
f 1540/1069/1058 1535/1066/1078 1532/1063/1075
f 1532/1063/1075 1530/1062/1060 1540/1069/1058
f 1539/1066/1082 1535/1066/1078 1541/1069/1083
f 1535/1066/1078 1540/1069/1058 1542/1070/1060
f 1542/1070/1060 1541/1069/1083 1535/1066/1078
f 1530/1062/1060 1543/1071/1084 1540/1069/1058
f 1540/1069/1058 1544/1072/1085 1542/1070/1060
f 1544/1072/1085 1540/1069/1058 1543/1071/1084
f 1543/1071/1084 1530/1062/1060 1545/1073/1086
f 1530/1062/1060 1527/1060/1072 1545/1073/1086
f 1543/1071/1084 1546/1072/1087 1544/1072/1085
f 1527/1060/1072 1547/1074/1088 1545/1073/1086
f 1545/1073/1086 1548/1075/1089 1543/1071/1084
f 1547/1074/1088 1548/1075/1089 1545/1073/1086
f 1548/1075/1089 1546/1072/1087 1543/1071/1084
f 1547/1074/1088 1527/1060/1072 1549/1060/1090
f 1515/1049/1061 1549/1060/1090 1527/1060/1072
f 1549/1060/1090 1515/1049/1061 1509/1043/1056
f 1509/1043/1056 1507/1041/1054 1549/1060/1090
f 1549/1060/1090 1550/1076/1091 1547/1074/1088
f 1550/1076/1091 1549/1060/1090 1507/1041/1054
f 1550/1076/1091 1548/1075/1089 1547/1074/1088
f 1508/1042/1055 1550/1076/1091 1507/1041/1054
f 1550/1076/1091 1508/1042/1055 1551/1077/1092
f 1548/1075/1089 1550/1076/1091 1552/1070/1093
f 1551/1077/1092 1552/1070/1093 1550/1076/1091
f 1552/1070/1093 1546/1072/1087 1548/1075/1089
f 1552/1070/1093 1551/1077/1092 1553/1072/1094
f 1553/1072/1094 1554/1078/1095 1552/1070/1093
f 1546/1072/1087 1552/1070/1093 1554/1078/1095
f 1554/1078/1095 1553/1072/1094 1555/1079/1096
f 1554/1078/1095 1556/1080/1097 1546/1072/1087
f 1546/1072/1087 1556/1080/1097 1544/1072/1085
f 1555/1079/1096 1557/1081/1098 1554/1078/1095
f 1556/1080/1097 1554/1078/1095 1557/1081/1098
f 1557/1081/1098 1555/1079/1096 1558/1082/1099
f 1558/1082/1099 1559/1083/1100 1557/1081/1098
f 1557/1081/1098 1559/1083/1100 1556/1080/1097
f 1559/1083/1100 1558/1082/1099 1560/1084/1101
f 1544/1072/1085 1556/1080/1097 1561/1080/1102
f 1561/1080/1102 1542/1070/1060 1544/1072/1085
f 1556/1080/1097 1559/1083/1100 1562/1085/1103
f 1556/1080/1097 1562/1085/1103 1561/1080/1102
f 1560/1084/1101 1563/1086/1104 1559/1083/1100
f 1559/1083/1100 1563/1086/1104 1562/1085/1103
f 1563/1086/1104 1560/1084/1101 1564/1083/1105
f 1565/1087/1106 1563/1086/1104 1564/1083/1105
f 1542/1070/1060 1561/1080/1102 1566/1088/1058
f 1541/1069/1083 1542/1070/1060 1566/1088/1058
f 1563/1086/1104 1565/1087/1106 1567/1089/1107
f 1568/1090/1108 1567/1089/1107 1565/1087/1106
f 1563/1086/1104 1567/1089/1107 1569/1091/1109
f 1563/1086/1104 1569/1091/1109 1562/1085/1103
f 1567/1089/1107 1568/1090/1108 1570/1092/1110
f 1571/1093/1111 1570/1092/1110 1568/1090/1108
f 1567/1089/1107 1572/1090/1112 1569/1091/1109
f 1567/1089/1107 1570/1092/1110 1572/1090/1112
f 1573/1091/1113 1562/1085/1103 1569/1091/1109
f 1570/1092/1110 1571/1093/1111 1574/1094/1114
f 1562/1085/1103 1573/1091/1113 1575/1085/1115
f 1561/1080/1102 1562/1085/1103 1575/1085/1115
f 1571/1093/1111 1576/1095/1116 1574/1094/1114
f 1576/1095/1116 1571/1093/1111 1577/1096/1117
f 1578/1091/1058 1561/1080/1102 1575/1085/1115
f 1561/1080/1102 1578/1091/1058 1566/1088/1058
f 1566/1088/1058 1578/1091/1058 1541/1069/1083
f 1575/1085/1115 1579/1097/1060 1578/1091/1058
f 1579/1097/1060 1575/1085/1115 1573/1091/1113
f 1541/1069/1083 1578/1091/1058 1580/1098/1118
f 1581/1099/1119 1578/1091/1058 1579/1097/1060
f 1578/1091/1058 1581/1099/1119 1580/1098/1118
f 1541/1069/1083 1580/1098/1118 1582/1099/1120
f 1541/1069/1083 1582/1099/1120 1539/1066/1082
f 1580/1098/1118 1583/1100/1121 1582/1099/1120
f 1584/1100/1122 1539/1066/1082 1582/1099/1120
f 1583/1100/1121 1584/1100/1122 1582/1099/1120
f 1539/1066/1082 1584/1100/1122 1585/1101/1123
f 1538/1063/1081 1539/1066/1082 1585/1101/1123
f 1584/1100/1122 1586/1102/1124 1585/1101/1123
f 1586/1102/1124 1538/1063/1081 1585/1101/1123
f 1587/1103/1125 1584/1100/1122 1583/1100/1121
f 1587/1103/1125 1586/1102/1124 1584/1100/1122
f 1583/1100/1121 1580/1098/1118 1588/1104/1126
f 1580/1098/1118 1581/1099/1119 1588/1104/1126
f 1583/1100/1121 1589/1105/1127 1587/1103/1125
f 1588/1104/1126 1590/1106/1128 1583/1100/1121
f 1589/1105/1127 1583/1100/1121 1590/1106/1128
f 1586/1102/1124 1587/1103/1125 1591/1107/1129
f 1589/1105/1127 1591/1107/1129 1587/1103/1125
f 1538/1063/1081 1586/1102/1124 1592/1108/1130
f 1537/1068/1080 1538/1063/1081 1592/1108/1130
f 1586/1102/1124 1593/1109/1131 1592/1108/1130
f 1593/1109/1131 1586/1102/1124 1594/1110/1132
f 1586/1102/1124 1591/1107/1129 1594/1110/1132
f 1593/1109/1131 1595/1111/1133 1592/1108/1130
f 1595/1111/1133 1593/1109/1131 1594/1110/1132
f 1596/1112/1134 1537/1068/1080 1592/1108/1130
f 1596/1112/1134 1592/1108/1130 1595/1111/1133
f 1591/1107/1129 1597/1113/1135 1594/1110/1132
f 1597/1113/1135 1591/1107/1129 1598/1114/1136
f 1591/1107/1129 1589/1105/1127 1598/1114/1136
f 1599/1115/1137 1594/1110/1132 1597/1113/1135
f 1589/1105/1127 1600/1114/1138 1598/1114/1136
f 1598/1114/1136 1600/1114/1138 1601/1116/1139
f 1594/1110/1132 1599/1115/1137 1602/1115/1140
f 1595/1111/1133 1594/1110/1132 1602/1115/1140
f 1603/1117/1141 1602/1115/1140 1599/1115/1137
f 1600/1114/1138 1604/1118/1142 1605/1116/1143
f 1606/1119/1138 1604/1118/1142 1600/1114/1138
f 1600/1114/1138 1589/1105/1127 1606/1119/1138
f 1606/1119/1138 1607/1119/1142 1604/1118/1142
f 1589/1105/1127 1590/1106/1128 1606/1119/1138
f 1608/1106/1144 1607/1119/1142 1606/1119/1138
f 1606/1119/1138 1590/1106/1128 1608/1106/1144
f 1607/1119/1142 1608/1106/1144 1609/1120/1145
f 1610/1121/1146 1608/1106/1144 1590/1106/1128
f 1590/1106/1128 1588/1104/1126 1610/1121/1146
f 1609/1120/1145 1608/1106/1144 1611/1106/1147
f 1608/1106/1144 1610/1121/1146 1611/1106/1147
f 1611/1106/1147 1612/1106/1147 1609/1120/1145
f 1612/1106/1147 1611/1106/1147 1613/1105/174
f 1611/1106/1147 1614/1105/1148 1613/1105/174
f 1610/1121/1146 1614/1105/1148 1611/1106/1147
f 1613/1105/174 1614/1105/1148 1615/1122/1149
f 1614/1105/1148 1610/1121/1146 1616/1120/1150
f 1588/1104/1126 1616/1120/1150 1610/1121/1146
f 1614/1105/1148 1617/1122/1149 1615/1122/1149
f 1616/1120/1150 1617/1122/1149 1614/1105/1148
f 1615/1122/1149 1617/1122/1149 1618/1123/1151
f 1616/1120/1150 1588/1104/1126 1619/1124/1152
f 1581/1099/1119 1619/1124/1152 1588/1104/1126
f 1617/1122/1149 1616/1120/1150 1620/1125/1153
f 1619/1124/1152 1620/1125/1153 1616/1120/1150
f 1617/1122/1149 1621/1123/1154 1618/1123/1151
f 1620/1125/1153 1621/1123/1154 1617/1122/1149
f 1618/1123/1151 1621/1123/1154 1622/1126/9
f 1581/1099/1119 1623/1127/1155 1619/1124/1152
f 1579/1097/1060 1623/1127/1155 1581/1099/1119
f 1620/1125/1153 1619/1124/1152 1624/1128/1156
f 1623/1127/1155 1624/1128/1156 1619/1124/1152
f 1621/1123/1154 1620/1125/1153 1625/1129/1157
f 1624/1128/1156 1625/1129/1157 1620/1125/1153
f 1623/1127/1155 1579/1097/1060 1626/1092/1058
f 1573/1091/1113 1626/1092/1058 1579/1097/1060
f 1623/1127/1155 1627/1128/1158 1624/1128/1156
f 1626/1092/1058 1627/1128/1158 1623/1127/1155
f 1625/1129/1157 1624/1128/1156 1628/1122/1159
f 1628/1122/1159 1624/1128/1156 1627/1128/1158
f 1626/1092/1058 1573/1091/1113 1629/1090/1160
f 1569/1091/1109 1629/1090/1160 1573/1091/1113
f 1629/1090/1160 1569/1091/1109 1572/1090/1112
f 1629/1090/1160 1630/1130/1058 1626/1092/1058
f 1627/1128/1158 1626/1092/1058 1630/1130/1058
f 1572/1090/1112 1631/1131/1161 1629/1090/1160
f 1630/1130/1058 1629/1090/1160 1631/1131/1161
f 1631/1131/1161 1572/1090/1112 1632/1132/1162
f 1632/1132/1162 1572/1090/1112 1570/1092/1110
f 1631/1131/1161 1633/1133/1060 1630/1130/1058
f 1570/1092/1110 1634/1134/1163 1632/1132/1162
f 1634/1134/1163 1570/1092/1110 1574/1094/1114
f 1632/1132/1162 1635/1135/1164 1631/1131/1161
f 1635/1135/1164 1632/1132/1162 1634/1134/1163
f 1631/1131/1161 1635/1135/1164 1633/1133/1060
f 1576/1095/1116 1634/1134/1163 1574/1094/1114
f 1636/1136/1165 1635/1135/1164 1634/1134/1163
f 1636/1136/1165 1633/1133/1060 1635/1135/1164
f 1634/1134/1163 1576/1095/1116 1637/1136/1166
f 1634/1134/1163 1637/1136/1166 1636/1136/1165
f 1638/1137/1167 1630/1130/1058 1633/1133/1060
f 1630/1130/1058 1638/1137/1167 1627/1128/1158
f 1633/1133/1060 1636/1136/1165 1639/1138/1058
f 1639/1138/1058 1638/1137/1167 1633/1133/1060
f 1640/1139/1168 1636/1136/1165 1637/1136/1166
f 1640/1139/1168 1639/1138/1058 1636/1136/1165
f 1576/1095/1116 1641/1140/1169 1637/1136/1166
f 1637/1136/1166 1641/1140/1169 1640/1139/1168
f 1576/1095/1116 1642/1141/1170 1641/1140/1169
f 1577/1096/1117 1642/1141/1170 1576/1095/1116
f 1642/1141/1170 1577/1096/1117 1643/1142/1171
f 1644/1143/1172 1640/1139/1168 1641/1140/1169
f 1643/1142/1171 1645/1144/1173 1642/1141/1170
f 1645/1144/1173 1643/1142/1171 1646/326/1174
f 1642/1141/1170 1647/1145/1175 1641/1140/1169
f 1642/1141/1170 1645/1144/1173 1647/1145/1175
f 1641/1140/1169 1647/1145/1175 1644/1143/1172
f 1646/326/1174 1648/1146/1176 1645/1144/1173
f 1648/1146/1176 1646/326/1174 1649/1147/1177
f 1645/1144/1173 1650/1148/1178 1647/1145/1175
f 1650/1148/1178 1645/1144/1173 1648/1146/1176
f 1649/1147/1177 1651/1149/1179 1648/1146/1176
f 1651/1149/1179 1649/1147/1177 1652/1150/1180
f 1648/1146/1176 1653/1151/1181 1650/1148/1178
f 1653/1151/1181 1648/1146/1176 1651/1149/1179
f 1647/1145/1175 1650/1148/1178 1654/1152/1182
f 1654/1152/1182 1644/1143/1172 1647/1145/1175
f 1650/1148/1178 1653/1151/1181 1655/1151/1183
f 1655/1151/1183 1654/1152/1182 1650/1148/1178
f 1652/1150/1180 1656/1153/1184 1651/1149/1179
f 1656/1153/1184 1652/1150/1180 1657/1154/1185
f 1651/1149/1179 1658/1155/1186 1653/1151/1181
f 1658/1155/1186 1651/1149/1179 1656/1153/1184
f 1657/1154/1185 1659/1156/1187 1656/1153/1184
f 1659/1156/1187 1658/1155/1186 1656/1153/1184
f 1659/1156/1187 1657/1154/1185 1660/1157/1188
f 1653/1151/1181 1658/1155/1186 1661/1158/1189
f 1661/1158/1189 1655/1151/1183 1653/1151/1181
f 1658/1155/1186 1659/1156/1187 1662/1159/1190
f 1662/1159/1190 1661/1158/1189 1658/1155/1186
f 1660/1157/1188 1663/1160/1191 1659/1156/1187
f 1663/1160/1191 1662/1159/1190 1659/1156/1187
f 1663/1160/1191 1660/1157/1188 1664/1160/1192
f 1661/1158/1189 1662/1159/1190 1665/1161/1193
f 1666/1162/1194 1663/1160/1191 1664/1160/1192
f 1664/1160/1192 1667/1163/1195 1666/1162/1194
f 1662/1159/1190 1663/1160/1191 1668/1164/1196
f 1668/1164/1196 1665/1161/1193 1662/1159/1190
f 1663/1160/1191 1669/1165/1197 1668/1164/1196
f 1669/1165/1197 1663/1160/1191 1666/1162/1194
f 1665/1161/1193 1668/1164/1196 1670/1166/1198
f 1669/1165/1197 1670/1166/1198 1668/1164/1196
f 1671/1167/1199 1666/1162/1194 1667/1163/1195
f 1667/1163/1195 1672/1168/1200 1671/1167/1199
f 1666/1162/1194 1673/1169/1201 1669/1165/1197
f 1673/1169/1201 1666/1162/1194 1671/1167/1199
f 1670/1166/1198 1669/1165/1197 1674/1165/1202
f 1673/1169/1201 1674/1165/1202 1669/1165/1197
f 1675/1170/1203 1671/1167/1199 1672/1168/1200
f 1672/1168/1200 1676/1171/1204 1675/1170/1203
f 1677/1172/1205 1675/1170/1203 1676/1171/1204
f 1671/1167/1199 1678/1173/1206 1673/1169/1201
f 1678/1173/1206 1671/1167/1199 1675/1170/1203
f 1675/1170/1203 1677/1172/1205 1679/1172/1207
f 1680/1174/1208 1679/1172/1207 1677/1172/1205
f 1675/1170/1203 1681/1175/1209 1678/1173/1206
f 1681/1175/1209 1675/1170/1203 1679/1172/1207
f 1679/1172/1207 1680/1174/1208 1682/1176/1210
f 1682/1176/1210 1681/1175/1209 1679/1172/1207
f 1683/1177/1211 1682/1176/1210 1680/1174/1208
f 1678/1173/1206 1684/1178/1212 1673/1169/1201
f 1674/1165/1202 1673/1169/1201 1684/1178/1212
f 1682/1176/1210 1683/1177/1211 1685/1177/1213
f 1686/1179/1214 1685/1177/1213 1683/1177/1211
f 1687/1180/1215 1686/1179/1214 1688/1181/1216
f 1687/1180/1215 1689/1179/1217 1686/1179/1214
f 1685/1177/1213 1686/1179/1214 1689/1179/1217
f 1690/1182/1218 1689/1179/1217 1687/1180/1215
f 1685/1177/1213 1691/1176/1219 1682/1176/1210
f 1681/1175/1209 1682/1176/1210 1691/1176/1219
f 1689/1179/1217 1692/1183/1220 1685/1177/1213
f 1691/1176/1219 1685/1177/1213 1692/1183/1220
f 1690/1182/1218 1693/1184/1221 1689/1179/1217
f 1692/1183/1220 1689/1179/1217 1693/1184/1221
f 1694/1182/1222 1693/1184/1221 1690/1182/1218
f 1692/1183/1220 1695/1176/1223 1691/1176/1219
f 1694/1182/1222 1696/1184/1224 1693/1184/1221
f 1697/1185/1225 1696/1184/1224 1694/1182/1222
f 1693/1184/1221 1698/1183/1226 1692/1183/1220
f 1698/1183/1226 1693/1184/1221 1696/1184/1224
f 1695/1176/1223 1692/1183/1220 1698/1183/1226
f 1697/1185/1225 1699/1184/1227 1696/1184/1224
f 1698/1183/1226 1696/1184/1224 1699/1184/1227
f 1700/1186/1228 1699/1184/1227 1697/1185/1225
f 1699/1184/1227 1701/1183/1229 1698/1183/1226
f 1695/1176/1223 1698/1183/1226 1701/1183/1229
f 1699/1184/1227 1700/1186/1228 1702/1187/1230
f 1702/1187/1230 1701/1183/1229 1699/1184/1227
f 1702/1187/1230 1700/1186/1228 1703/1185/1231
f 1702/1187/1230 1703/1185/1231 1704/1182/1232
f 1701/1183/1229 1705/1188/1233 1695/1176/1223
f 1701/1183/1229 1702/1187/1230 1706/1189/1234
f 1706/1189/1234 1705/1188/1233 1701/1183/1229
f 1704/1182/1232 1707/1187/1235 1702/1187/1230
f 1707/1187/1235 1706/1189/1234 1702/1187/1230
f 1708/1190/1236 1707/1187/1235 1704/1182/1232
f 1707/1187/1235 1708/1190/1236 1709/1181/1237
f 1707/1187/1235 1709/1181/1237 1710/1191/1238
f 1707/1187/1235 1710/1191/1238 1711/1192/1239
f 1712/1193/1240 1695/1176/1223 1705/1188/1233
f 1712/1193/1240 1691/1176/1219 1695/1176/1223
f 1691/1176/1219 1712/1193/1240 1681/1175/1209
f 1713/1173/1241 1681/1175/1209 1712/1193/1240
f 1681/1175/1209 1713/1173/1241 1678/1173/1206
f 1684/1178/1212 1678/1173/1206 1713/1173/1241
f 1705/1188/1233 1714/1193/1242 1712/1193/1240
f 1713/1173/1241 1712/1193/1240 1714/1193/1242
f 1713/1173/1241 1715/1178/1243 1684/1178/1212
f 1714/1193/1242 1716/1194/1244 1713/1173/1241
f 1715/1178/1243 1713/1173/1241 1716/1194/1244
f 1717/1195/1245 1714/1193/1242 1705/1188/1233
f 1705/1188/1233 1706/1189/1234 1717/1195/1245
f 1718/1196/1246 1716/1194/1244 1714/1193/1242
f 1718/1196/1246 1715/1178/1243 1716/1194/1244
f 1714/1193/1242 1717/1195/1245 1719/1197/1247
f 1719/1197/1247 1718/1196/1246 1714/1193/1242
f 1720/1198/1248 1684/1178/1212 1715/1178/1243
f 1684/1178/1212 1720/1198/1248 1674/1165/1202
f 1715/1178/1243 1718/1196/1246 1721/1199/1249
f 1721/1199/1249 1720/1198/1248 1715/1178/1243
f 1722/1200/1225 1674/1165/1202 1720/1198/1248
f 1674/1165/1202 1722/1200/1225 1670/1166/1198
f 1722/1200/1225 1665/1161/1193 1670/1166/1198
f 1720/1198/1248 1721/1199/1249 1723/1201/1249
f 1723/1201/1249 1722/1200/1225 1720/1198/1248
f 1665/1161/1193 1722/1200/1225 1724/1161/1250
f 1724/1161/1250 1661/1158/1189 1665/1161/1193
f 1722/1200/1225 1723/1201/1249 1725/1202/1251
f 1661/1158/1189 1724/1161/1250 1726/1203/1252
f 1726/1203/1252 1655/1151/1183 1661/1158/1189
f 1722/1200/1225 1727/1204/1253 1724/1161/1250
f 1727/1204/1253 1722/1200/1225 1725/1202/1251
f 1724/1161/1250 1728/1205/1253 1726/1203/1252
f 1728/1205/1253 1724/1161/1250 1727/1204/1253
f 1655/1151/1183 1726/1203/1252 1729/1206/1058
f 1727/1204/1253 1725/1202/1251 1730/1207/1254
f 1723/1201/1249 1730/1207/1254 1725/1202/1251
f 1729/1206/1058 1731/1208/1058 1655/1151/1183
f 1655/1151/1183 1731/1208/1058 1654/1152/1182
f 1726/1203/1252 1732/1209/1253 1729/1206/1058
f 1731/1208/1058 1729/1206/1058 1732/1209/1253
f 1732/1209/1253 1726/1203/1252 1728/1205/1253
f 1731/1208/1058 1733/1210/1060 1654/1152/1182
f 1654/1152/1182 1733/1210/1060 1644/1143/1172
f 1731/1208/1058 1732/1209/1253 1734/1211/1255
f 1735/1212/1058 1644/1143/1172 1733/1210/1060
f 1644/1143/1172 1735/1212/1058 1640/1139/1168
f 1639/1138/1058 1640/1139/1168 1735/1212/1058
f 1731/1208/1058 1736/1147/1256 1733/1210/1060
f 1736/1147/1256 1731/1208/1058 1734/1211/1255
f 1733/1210/1060 1737/1213/1257 1735/1212/1058
f 1737/1213/1257 1733/1210/1060 1736/1147/1256
f 1735/1212/1058 1738/1140/1258 1639/1138/1058
f 1738/1140/1258 1735/1212/1058 1737/1213/1257
f 1638/1137/1167 1639/1138/1058 1738/1140/1258
f 1737/1213/1257 1736/1147/1256 1739/1148/1259
f 1738/1140/1258 1740/1214/1260 1638/1137/1167
f 1740/1214/1260 1627/1128/1158 1638/1137/1167
f 1627/1128/1158 1740/1214/1260 1628/1122/1159
f 1738/1140/1258 1737/1213/1257 1741/1215/1261
f 1737/1213/1257 1739/1148/1259 1741/1215/1261
f 1740/1214/1260 1738/1140/1258 1742/1216/1262
f 1738/1140/1258 1741/1215/1261 1742/1216/1262
f 1743/1217/1263 1628/1122/1159 1740/1214/1260
f 1628/1122/1159 1743/1217/1263 1625/1129/1157
f 1744/1218/1264 1740/1214/1260 1742/1216/1262
f 1740/1214/1260 1744/1218/1264 1743/1217/1263
f 1745/1219/1265 1742/1216/1262 1741/1215/1261
f 1742/1216/1262 1745/1219/1265 1744/1218/1264
f 1746/1126/9 1625/1129/1157 1743/1217/1263
f 1625/1129/1157 1746/1126/9 1621/1123/1154
f 1621/1123/1154 1746/1126/9 1622/1126/9
f 1747/1220/806 1746/1126/9 1743/1217/1263
f 1622/1126/9 1746/1126/9 1747/1220/806
f 1743/1217/1263 1744/1218/1264 1747/1220/806
f 1622/1126/9 1747/1220/806 1748/1220/806
f 1749/1221/217 1747/1220/806 1744/1218/1264
f 1748/1220/806 1747/1220/806 1749/1221/217
f 1744/1218/1264 1745/1219/1265 1749/1221/217
f 1748/1220/806 1749/1221/217 1750/1222/217
f 1750/1222/217 1749/1221/217 1751/1223/1266
f 1751/1223/1266 1749/1221/217 1745/1219/1265
f 1750/1222/217 1751/1223/1266 1752/1223/1267
f 1745/1219/1265 1753/1224/1268 1751/1223/1266
f 1741/1215/1261 1753/1224/1268 1745/1219/1265
f 1753/1224/1268 1741/1215/1261 1739/1148/1259
f 1752/1223/1267 1751/1223/1266 1754/1151/1269
f 1754/1151/1269 1751/1223/1266 1753/1224/1268
f 1752/1223/1267 1754/1151/1269 1755/1151/1270
f 1755/1151/1270 1754/1151/1269 1756/1225/1271
f 1739/1148/1259 1757/1226/1272 1753/1224/1268
f 1753/1224/1268 1757/1226/1272 1754/1151/1269
f 1758/1225/1273 1756/1225/1271 1754/1151/1269
f 1758/1225/1273 1759/1227/1274 1756/1225/1271
f 1754/1151/1269 1760/1228/1275 1758/1225/1273
f 1760/1228/1275 1754/1151/1269 1757/1226/1272
f 1759/1227/1274 1758/1225/1273 1761/1209/1276
f 1758/1225/1273 1760/1228/1275 1761/1209/1276
f 1759/1227/1274 1761/1209/1276 1762/276/1274
f 1757/1226/1272 1739/1148/1259 1763/1150/1277
f 1736/1147/1256 1763/1150/1277 1739/1148/1259
f 1763/1150/1277 1736/1147/1256 1734/1211/1255
f 1764/1206/1278 1757/1226/1272 1763/1150/1277
f 1734/1211/1255 1764/1206/1278 1763/1150/1277
f 1757/1226/1272 1764/1206/1278 1760/1228/1275
f 1764/1206/1278 1734/1211/1255 1765/1229/1279
f 1734/1211/1255 1732/1209/1253 1765/1229/1279
f 1766/1230/1280 1760/1228/1275 1764/1206/1278
f 1765/1229/1279 1732/1209/1253 1767/1231/1281
f 1728/1205/1253 1767/1231/1281 1732/1209/1253
f 1764/1206/1278 1765/1229/1279 1768/1232/1282
f 1767/1231/1281 1768/1232/1282 1765/1229/1279
f 1766/1230/1280 1764/1206/1278 1768/1232/1282
f 1767/1231/1281 1728/1205/1253 1769/1233/1283
f 1768/1232/1282 1767/1231/1281 1770/1234/1284
f 1771/1235/1285 1769/1233/1283 1728/1205/1253
f 1728/1205/1253 1727/1204/1253 1771/1235/1285
f 1730/1207/1254 1771/1235/1285 1727/1204/1253
f 1772/1236/1286 1767/1231/1281 1769/1233/1283
f 1767/1231/1281 1772/1236/1286 1770/1234/1284
f 1773/1237/1287 1769/1233/1283 1771/1235/1285
f 1769/1233/1283 1773/1237/1287 1772/1236/1286
f 1774/1238/1288 1771/1235/1285 1730/1207/1254
f 1771/1235/1285 1774/1238/1288 1773/1237/1287
f 1768/1232/1282 1770/1234/1284 1775/1239/1289
f 1772/1236/1286 1775/1239/1289 1770/1234/1284
f 1775/1239/1289 1766/1230/1280 1768/1232/1282
f 1776/1200/1290 1772/1236/1286 1773/1237/1287
f 1772/1236/1286 1777/1240/1291 1775/1239/1289
f 1772/1236/1286 1776/1200/1290 1777/1240/1291
f 1778/1241/1292 1773/1237/1287 1774/1238/1288
f 1773/1237/1287 1778/1241/1292 1776/1200/1290
f 1779/1242/1293 1774/1238/1288 1730/1207/1254
f 1779/1242/1293 1730/1207/1254 1723/1201/1249
f 1721/1199/1249 1779/1242/1293 1723/1201/1249
f 1774/1238/1288 1779/1242/1293 1780/1243/1294
f 1780/1243/1294 1778/1241/1292 1774/1238/1288
f 1781/1244/1295 1779/1242/1293 1721/1199/1249
f 1781/1244/1295 1780/1243/1294 1779/1242/1293
f 1721/1199/1249 1782/1245/1296 1781/1244/1295
f 1782/1245/1296 1721/1199/1249 1718/1196/1246
f 1780/1243/1294 1781/1244/1295 1783/1246/1297
f 1782/1245/1296 1783/1246/1297 1781/1244/1295
f 1784/1247/1298 1778/1241/1292 1780/1243/1294
f 1783/1246/1297 1784/1247/1298 1780/1243/1294
f 1785/1248/1299 1782/1245/1296 1718/1196/1246
f 1718/1196/1246 1719/1197/1247 1785/1248/1299
f 1783/1246/1297 1782/1245/1296 1786/1249/1300
f 1787/330/1301 1782/1245/1296 1785/1248/1299
f 1782/1245/1296 1787/330/1301 1786/1249/1300
f 1719/1197/1247 1788/1175/1302 1785/1248/1299
f 1787/330/1301 1785/1248/1299 1788/1175/1302
f 1786/1249/1300 1789/1250/1303 1783/1246/1297
f 1787/330/1301 1789/1250/1303 1786/1249/1300
f 1788/1175/1302 1719/1197/1247 1790/1251/1304
f 1717/1195/1245 1790/1251/1304 1719/1197/1247
f 1787/330/1301 1788/1175/1302 1791/1252/1305
f 1791/1252/1305 1789/1250/1303 1787/330/1301
f 1790/1251/1304 1792/1253/1306 1788/1175/1302
f 1788/1175/1302 1792/1253/1306 1791/1252/1305
f 1790/1251/1304 1717/1195/1245 1793/1254/1307
f 1792/1253/1306 1790/1251/1304 1794/1255/1308
f 1790/1251/1304 1793/1254/1307 1794/1255/1308
f 1717/1195/1245 1795/1189/1309 1793/1254/1307
f 1795/1189/1309 1717/1195/1245 1706/1189/1234
f 1706/1189/1234 1707/1187/1235 1795/1189/1309
f 1793/1254/1307 1795/1189/1309 1796/1256/1310
f 1796/1256/1310 1794/1255/1308 1793/1254/1307
f 1795/1189/1309 1707/1187/1235 1797/1257/1311
f 1797/1257/1311 1796/1256/1310 1795/1189/1309
f 1798/1187/1312 1797/1257/1311 1707/1187/1235
f 1707/1187/1235 1711/1192/1239 1798/1187/1312
f 1797/1257/1311 1799/1256/1313 1796/1256/1310
f 1798/1187/1312 1800/1257/1314 1797/1257/1311
f 1799/1256/1313 1797/1257/1311 1800/1257/1314
f 1796/1256/1310 1801/1255/1315 1794/1255/1308
f 1801/1255/1315 1796/1256/1310 1799/1256/1313
f 1802/1257/1314 1799/1256/1313 1800/1257/1314
f 1802/1257/1314 1803/1256/44 1799/1256/1313
f 1803/1256/44 1801/1255/1315 1799/1256/1313
f 1804/1187/1316 1802/1257/1314 1800/1257/1314
f 1803/1256/44 1805/1255/1315 1801/1255/1315
f 1806/1258/1317 1801/1255/1315 1805/1255/1315
f 1804/1187/1316 1800/1257/1314 1807/1187/1316
f 1800/1257/1314 1798/1187/1312 1807/1187/1316
f 1808/1192/3 1804/1187/1316 1807/1187/1316
f 1801/1255/1315 1806/1258/1317 1809/1258/1318
f 1809/1258/1318 1794/1255/1308 1801/1255/1315
f 1810/1172/1319 1809/1258/1318 1806/1258/1317
f 1794/1255/1308 1809/1258/1318 1792/1253/1306
f 1809/1258/1318 1810/1172/1319 1811/1172/1319
f 1811/1172/1319 1792/1253/1306 1809/1258/1318
f 1812/264/1320 1811/1172/1319 1810/1172/1319
f 1792/1253/1306 1811/1172/1319 1813/1172/1321
f 1791/1252/1305 1792/1253/1306 1813/1172/1321
f 1814/264/1319 1811/1172/1319 1812/264/1320
f 1814/264/1319 1813/1172/1321 1811/1172/1319
f 1814/264/1319 1812/264/1320 1815/264/863
f 1791/1252/1305 1813/1172/1321 291/264/191
f 291/264/191 1813/1172/1321 1814/264/1319
f 1815/264/863 289/264/184 1814/264/1319
f 291/264/191 1814/264/1319 289/264/184
f 288/263/189 289/264/184 1815/264/863
f 1816/1259/1322 1791/1252/1305 291/264/191
f 290/264/190 1816/1259/1322 291/264/191
f 1789/1250/1303 1791/1252/1305 1816/1259/1322
f 1816/1259/1322 290/264/190 1817/1259/1323
f 1817/1259/1323 1789/1250/1303 1816/1259/1322
f 1818/263/1324 1817/1259/1323 290/264/190
f 290/264/190 287/263/189 1818/263/1324
f 285/261/189 1818/263/1324 287/263/189
f 1817/1259/1323 1819/1260/1325 1789/1250/1303
f 1818/263/1324 285/261/189 1820/261/1326
f 1789/1250/1303 1819/1260/1325 1821/1261/1327
f 1789/1250/1303 1821/1261/1327 1783/1246/1297
f 1784/1247/1298 1783/1246/1297 1821/1261/1327
f 1817/1259/1323 1822/1262/1328 1819/1260/1325
f 1819/1260/1325 1822/1262/1328 1821/1261/1327
f 1823/1263/1329 1817/1259/1323 1818/263/1324
f 1822/1262/1328 1817/1259/1323 1823/1263/1329
f 1818/263/1324 1824/1264/1330 1823/1263/1329
f 1824/1264/1330 1818/263/1324 1820/261/1326
f 1823/1263/1329 1825/1265/1331 1822/1262/1328
f 1825/1265/1331 1823/1263/1329 1824/1264/1330
f 1826/1266/1332 1821/1261/1327 1822/1262/1328
f 1826/1266/1332 1784/1247/1298 1821/1261/1327
f 1827/1267/1333 1822/1262/1328 1825/1265/1331
f 1822/1262/1328 1827/1267/1333 1826/1266/1332
f 1828/1268/1334 1825/1265/1331 1824/1264/1330
f 1825/1265/1331 1828/1268/1334 1827/1267/1333
f 1820/261/1326 1829/1269/1335 1824/1264/1330
f 1824/1264/1330 1829/1269/1335 1828/1268/1334
f 1830/1270/1336 1826/1266/1332 1827/1267/1333
f 1830/1270/1336 1827/1267/1333 1828/1268/1334
f 1784/1247/1298 1826/1266/1332 1831/1271/1337
f 1826/1266/1332 1830/1270/1336 1832/1272/1338
f 1832/1272/1338 1831/1271/1337 1826/1266/1332
f 1784/1247/1298 1831/1271/1337 1833/1273/1339
f 1784/1247/1298 1833/1273/1339 1778/1241/1292
f 1778/1241/1292 1833/1273/1339 1776/1200/1290
f 1831/1271/1337 1832/1272/1338 1834/1274/1340
f 1831/1271/1337 1835/1275/1341 1833/1273/1339
f 1831/1271/1337 1834/1274/1340 1835/1275/1341
f 1833/1273/1339 1836/1276/1342 1776/1200/1290
f 1833/1273/1339 1835/1275/1341 1836/1276/1342
f 1832/1272/1338 1837/1277/1249 1834/1274/1340
f 1837/1277/1249 1835/1275/1341 1834/1274/1340
f 1838/1278/1343 1776/1200/1290 1836/1276/1342
f 1776/1200/1290 1838/1278/1343 1777/1240/1291
f 1835/1275/1341 1839/1279/1344 1836/1276/1342
f 1840/1280/1345 1836/1276/1342 1839/1279/1344
f 1836/1276/1342 1840/1280/1345 1838/1278/1343
f 1835/1275/1341 1841/1281/1253 1839/1279/1344
f 1839/1279/1344 1841/1281/1253 1840/1280/1345
f 1835/1275/1341 1837/1277/1249 1842/1282/1346
f 1841/1281/1253 1835/1275/1341 1842/1282/1346
f 1837/1277/1249 1843/1283/1347 1842/1282/1346
f 1842/1282/1346 1843/1283/1347 1841/1281/1253
f 1832/1272/1338 1844/1284/1348 1837/1277/1249
f 1830/1270/1336 1844/1284/1348 1832/1272/1338
f 1844/1284/1348 1845/1285/1349 1837/1277/1249
f 1837/1277/1249 1845/1285/1349 1843/1283/1347
f 1830/1270/1336 1846/1286/1348 1844/1284/1348
f 1844/1284/1348 1847/1287/1350 1845/1285/1349
f 1846/1286/1348 1847/1287/1350 1844/1284/1348
f 1848/1288/1351 1843/1283/1347 1845/1285/1349
f 1847/1287/1350 1848/1288/1351 1845/1285/1349
f 1830/1270/1336 1849/1289/1348 1846/1286/1348
f 1846/1286/1348 1850/1290/1349 1847/1287/1350
f 1849/1289/1348 1850/1290/1349 1846/1286/1348
f 1848/1288/1351 1847/1287/1350 1851/1287/600
f 1849/1289/1348 1830/1270/1336 1852/1291/1352
f 1828/1268/1334 1852/1291/1352 1830/1270/1336
f 1847/1287/1350 1853/1292/425 1851/1287/600
f 1853/1292/425 1847/1287/1350 1850/1290/1349
f 1828/1268/1334 1854/1293/1353 1852/1291/1352
f 1829/1269/1335 1854/1293/1353 1828/1268/1334
f 1855/1292/40 1851/1287/600 1853/1292/425
f 1851/1287/600 1855/1292/40 1856/1287/3
f 1856/1287/3 1848/1288/1351 1851/1287/600
f 1853/1292/425 1857/1294/1354 1855/1292/40
f 1848/1288/1351 1856/1287/3 1858/1288/45
f 1857/1294/1354 1853/1292/425 1859/1294/1355
f 1850/1290/1349 1859/1294/1355 1853/1292/425
f 1859/1294/1355 1860/1295/1356 1857/1294/1354
f 1858/1288/45 1861/1296/1357 1848/1288/1351
f 1861/1296/1357 1858/1288/45 1862/1296/173
f 1843/1283/1347 1848/1288/1351 1861/1296/1357
f 1863/1297/218 1861/1296/1357 1862/1296/173
f 1861/1296/1357 1863/1297/218 1864/1297/1358
f 1864/1297/1358 1843/1283/1347 1861/1296/1357
f 1865/1298/9 1864/1297/1358 1863/1297/218
f 1843/1283/1347 1864/1297/1358 1866/1299/1359
f 1866/1299/1359 1841/1281/1253 1843/1283/1347
f 1864/1297/1358 1865/1298/9 1867/1298/368
f 1867/1298/368 1866/1299/1359 1864/1297/1358
f 1868/1299/11 1867/1298/368 1865/1298/9
f 1841/1281/1253 1866/1299/1359 1869/1300/1360
f 1869/1300/1360 1840/1280/1345 1841/1281/1253
f 1866/1299/1359 1867/1298/368 1870/1301/1359
f 1866/1299/1359 1870/1301/1359 1869/1300/1360
f 1867/1298/368 1868/1299/11 1871/1299/591
f 1872/1298/15 1871/1299/591 1868/1299/11
f 1873/1302/1359 1870/1301/1359 1867/1298/368
f 1871/1299/591 1873/1302/1359 1867/1298/368
f 1871/1299/591 1872/1298/15 1874/1298/441
f 1874/1298/441 1873/1302/1359 1871/1299/591
f 1875/1297/18 1874/1298/441 1872/1298/15
f 1870/1301/1359 1873/1302/1359 1876/1303/1253
f 1869/1300/1360 1870/1301/1359 1876/1303/1253
f 1874/1298/441 1875/1297/18 1877/1297/1361
f 1878/1296/141 1877/1297/1361 1875/1297/18
f 1873/1302/1359 1874/1298/441 1879/1301/1362
f 1877/1297/1361 1879/1301/1362 1874/1298/441
f 1877/1297/1361 1878/1296/141 1880/1296/1363
f 1881/1288/27 1880/1296/1363 1878/1296/141
f 1879/1301/1362 1877/1297/1361 1882/1299/1364
f 1880/1296/1363 1882/1299/1364 1877/1297/1361
f 1883/1304/1364 1873/1302/1359 1879/1301/1362
f 1883/1304/1364 1879/1301/1362 1882/1299/1364
f 1880/1296/1363 1881/1288/27 1884/1288/436
f 1885/1287/24 1884/1288/436 1881/1288/27
f 1882/1299/1364 1880/1296/1363 1886/1283/1365
f 1884/1288/436 1886/1283/1365 1880/1296/1363
f 1887/1305/1364 1883/1304/1364 1882/1299/1364
f 1886/1283/1365 1887/1305/1364 1882/1299/1364
f 1884/1288/436 1885/1287/24 1888/1287/575
f 1889/1292/1366 1888/1287/575 1885/1287/24
f 1886/1283/1365 1884/1288/436 1890/1285/1367
f 1888/1287/575 1889/1292/1366 1891/1292/1368
f 1892/1294/381 1891/1292/1368 1889/1292/1366
f 1893/1287/1369 1884/1288/436 1888/1287/575
f 1891/1292/1368 1893/1287/1369 1888/1287/575
f 1884/1288/436 1893/1287/1369 1890/1285/1367
f 1891/1292/1368 1892/1294/381 1894/1294/1370
f 1886/1283/1365 1890/1285/1367 1895/1306/1371
f 1895/1306/1371 1887/1305/1364 1886/1283/1365
f 1890/1285/1367 1896/1307/1369 1895/1306/1371
f 1896/1307/1369 1890/1285/1367 1893/1287/1369
f 1887/1305/1364 1895/1306/1371 1897/1308/1372
f 1896/1307/1369 1897/1308/1372 1895/1306/1371
f 1893/1287/1369 1891/1292/1368 1898/1290/1373
f 1894/1294/1370 1898/1290/1373 1891/1292/1368
f 1893/1287/1369 1899/1309/1374 1896/1307/1369
f 1898/1290/1373 1899/1309/1374 1893/1287/1369
f 1900/1310/1375 1896/1307/1369 1899/1309/1374
f 1896/1307/1369 1900/1310/1375 1901/1311/1376
f 1899/1309/1374 1902/1312/1377 1900/1310/1375
f 1901/1311/1376 1903/1313/1378 1896/1307/1369
f 1897/1308/1372 1896/1307/1369 1903/1313/1378
f 1903/1313/1378 1901/1311/1376 1904/1314/1379
f 1902/1312/1377 1899/1309/1374 1905/1315/1380
f 1905/1315/1380 1899/1309/1374 1898/1290/1373
f 1904/1314/1379 1906/1316/1381 1903/1313/1378
f 1906/1316/1381 1904/1314/1379 1907/1317/1382
f 1908/1318/1383 1902/1312/1377 1905/1315/1380
f 1902/1312/1377 1908/1318/1383 1909/1319/1384
f 1905/1315/1380 1898/1290/1373 1910/1318/1383
f 1908/1318/1383 1905/1315/1380 1910/1318/1383
f 1898/1290/1373 1894/1294/1370 1910/1318/1383
f 1911/1320/1385 1909/1319/1384 1908/1318/1383
f 1911/1320/1385 1908/1318/1383 1910/1318/1383
f 1909/1319/1384 1911/1320/1385 1912/1321/1386
f 1894/1294/1370 1913/1320/1387 1910/1318/1383
f 1910/1318/1383 1913/1320/1387 1911/1320/1385
f 1914/1322/1388 1912/1321/1386 1911/1320/1385
f 1913/1320/1387 1914/1322/1388 1911/1320/1385
f 1912/1321/1386 1914/1322/1388 1915/1322/1389
f 1913/1320/1387 1894/1294/1370 1916/1295/1390
f 1892/1294/381 1916/1295/1390 1894/1294/1370
f 1916/1295/1390 1892/1294/381 1917/1295/158
f 1918/1323/1385 1914/1322/1388 1913/1320/1387
f 1916/1295/1390 1918/1323/1385 1913/1320/1387
f 1917/1295/158 1919/1324/385 1916/1295/1390
f 1918/1323/1385 1916/1295/1390 1919/1324/385
f 1919/1324/385 1917/1295/158 1920/1324/146
f 1918/1323/1385 1921/1325/1391 1914/1322/1388
f 1921/1325/1391 1915/1322/1389 1914/1322/1388
f 1915/1322/1389 1921/1325/1391 1922/1325/1392
f 1919/1324/385 1923/1326/1383 1918/1323/1385
f 1923/1326/1383 1921/1325/1391 1918/1323/1385
f 1920/1324/146 1924/1320/574 1919/1324/385
f 1923/1326/1383 1919/1324/385 1924/1320/574
f 1924/1320/574 1920/1324/146 1925/1320/162
f 1925/1320/162 1926/1324/1393 1924/1320/574
f 1926/1324/1393 1923/1326/1383 1924/1320/574
f 1926/1324/1393 1925/1320/162 1927/1324/149
f 1921/1325/1391 1923/1326/1383 1928/1327/1394
f 1927/1324/149 1929/1295/427 1926/1324/1393
f 1929/1295/427 1927/1324/149 1860/1295/1356
f 1860/1295/1356 1859/1294/1355 1929/1295/427
f 1923/1326/1383 1926/1324/1393 1930/1323/1395
f 1930/1323/1395 1928/1327/1394 1923/1326/1383
f 1931/1320/1396 1926/1324/1393 1929/1295/427
f 1926/1324/1393 1931/1320/1396 1930/1323/1395
f 1932/1318/1397 1929/1295/427 1859/1294/1355
f 1929/1295/427 1932/1318/1397 1931/1320/1396
f 1859/1294/1355 1850/1290/1349 1932/1318/1397
f 1933/1328/1398 1932/1318/1397 1850/1290/1349
f 1933/1328/1398 1931/1320/1396 1932/1318/1397
f 1850/1290/1349 1849/1289/1348 1933/1328/1398
f 1934/1322/1394 1930/1323/1395 1931/1320/1396
f 1933/1328/1398 1934/1322/1394 1931/1320/1396
f 1930/1323/1395 1934/1322/1394 1928/1327/1394
f 1933/1328/1398 1849/1289/1348 1935/1326/1398
f 1934/1322/1394 1933/1328/1398 1935/1326/1398
f 1934/1322/1394 1936/1329/1399 1928/1327/1394
f 1936/1329/1399 1921/1325/1391 1928/1327/1394
f 1935/1326/1398 1937/1330/1399 1934/1322/1394
f 1936/1329/1399 1934/1322/1394 1937/1330/1399
f 1921/1325/1391 1936/1329/1399 1938/1331/1400
f 1938/1331/1400 1922/1325/1392 1921/1325/1391
f 1922/1325/1392 1938/1331/1400 1939/1331/1401
f 1940/1332/1402 1939/1331/1401 1938/1331/1400
f 1939/1331/1401 1940/1332/1402 1941/1332/1403
f 1940/1332/1402 1942/1333/1404 1941/1332/1403
f 1943/1332/1399 1938/1331/1400 1936/1329/1399
f 1938/1331/1400 1943/1332/1399 1940/1332/1402
f 1942/1333/1404 1940/1332/1402 1944/1333/1400
f 1943/1332/1399 1944/1333/1400 1940/1332/1402
f 1944/1333/1400 924/664/590 1942/1333/1404
f 924/664/590 1944/1333/1400 923/664/589
f 1945/1334/1399 923/664/589 1944/1333/1400
f 1944/1333/1400 1943/1332/1399 1945/1334/1399
f 923/664/589 1945/1334/1399 930/666/593
f 1945/1334/1399 935/660/593 930/666/593
f 1936/1329/1399 1946/1335/1399 1943/1332/1399
f 1937/1330/1399 1946/1335/1399 1936/1329/1399
f 1945/1334/1399 1943/1332/1399 1947/1336/1399
f 1943/1332/1399 1946/1335/1399 1948/1332/1399
f 1943/1332/1399 1948/1332/1399 1947/1336/1399
f 935/660/593 1945/1334/1399 1949/1337/1399
f 1949/1337/1399 1945/1334/1399 1947/1336/1399
f 1948/1332/1399 1946/1335/1399 1950/1332/1405
f 1947/1336/1399 1948/1332/1399 1950/1332/1405
f 1949/1337/1399 1951/1338/598 935/660/593
f 939/662/598 935/660/593 1951/1338/598
f 1949/1337/1399 1947/1336/1399 1952/1334/1399
f 1951/1338/598 1953/1339/602 939/662/598
f 1953/1339/602 940/653/599 939/662/598
f 940/653/599 1953/1339/602 948/667/602
f 1951/1338/598 1949/1337/1399 1954/1340/598
f 1955/1341/1228 1949/1337/1399 1952/1334/1399
f 1954/1340/598 1949/1337/1399 1955/1341/1228
f 1947/1336/1399 1956/1333/1406 1952/1334/1399
f 1954/1340/598 1955/1341/1228 1957/1342/1228
f 1952/1334/1399 1958/1343/1407 1955/1341/1228
f 1958/1343/1407 1957/1342/1228 1955/1341/1228
f 1958/1343/1407 1952/1334/1399 1956/1333/1406
f 1954/1340/598 1957/1342/1228 1959/1344/1408
f 1959/1344/1408 1951/1338/598 1954/1340/598
f 1960/1333/1409 1958/1343/1407 1956/1333/1406
f 1956/1333/1406 1961/1345/1410 1960/1333/1409
f 1958/1343/1407 1960/1333/1409 1962/1343/162
f 1963/1345/1411 1961/1345/1410 1956/1333/1406
f 1956/1333/1406 1947/1336/1399 1963/1345/1411
f 1947/1336/1399 1950/1332/1405 1963/1345/1411
f 1963/1345/1411 1964/1332/24 1961/1345/1410
f 1950/1332/1405 1964/1332/24 1963/1345/1411
f 1962/1343/162 1965/1333/1412 1958/1343/1407
f 1957/1342/1228 1958/1343/1407 1965/1333/1412
f 1965/1333/1412 1962/1343/162 1966/1333/167
f 1964/1332/24 1950/1332/1405 1967/1346/1413
f 1967/1346/1413 1968/1346/1414 1964/1332/24
f 1950/1332/1405 1946/1335/1399 1967/1346/1413
f 1968/1346/1414 1967/1346/1413 1969/1331/1415
f 1946/1335/1399 1969/1331/1415 1967/1346/1413
f 1969/1331/1415 1970/1331/1416 1968/1346/1414
f 1969/1331/1415 1946/1335/1399 1971/1347/1399
f 1946/1335/1399 1937/1330/1399 1971/1347/1399
f 1970/1331/1416 1969/1331/1415 1972/1348/1417
f 1971/1347/1399 1972/1348/1417 1969/1331/1415
f 1970/1331/1416 1972/1348/1417 1973/1348/1418
f 1974/1349/1228 1971/1347/1399 1937/1330/1399
f 1972/1348/1417 1971/1347/1399 1974/1349/1228
f 1937/1330/1399 1975/1325/1398 1974/1349/1228
f 1937/1330/1399 1935/1326/1398 1975/1325/1398
f 1974/1349/1228 1976/1350/1228 1972/1348/1417
f 1975/1325/1398 1976/1350/1228 1974/1349/1228
f 1973/1348/1418 1972/1348/1417 1977/1331/1419
f 1976/1350/1228 1977/1331/1419 1972/1348/1417
f 1973/1348/1418 1977/1331/1419 1978/1331/1267
f 1975/1325/1398 1979/1351/1420 1976/1350/1228
f 1935/1326/1398 1979/1351/1420 1975/1325/1398
f 1976/1350/1228 1980/1352/1228 1977/1331/1419
f 1976/1350/1228 1979/1351/1420 1980/1352/1228
f 1978/1331/1267 1977/1331/1419 1981/1353/1421
f 1977/1331/1419 1980/1352/1228 1981/1353/1421
f 1978/1331/1267 1981/1353/1421 1982/1353/1422
f 1983/1354/1423 1982/1353/1422 1981/1353/1421
f 1980/1352/1228 1983/1354/1423 1981/1353/1421
f 1982/1353/1422 1983/1354/1423 1984/1354/3
f 1984/1354/3 1983/1354/1423 1985/1355/1424
f 1985/1355/1424 1983/1354/1423 1986/1355/1425
f 1986/1355/1425 1966/1333/167 1985/1355/1424
f 1966/1333/167 1986/1355/1425 1965/1333/1412
f 1987/1356/1228 1965/1333/1412 1986/1355/1425
f 1983/1354/1423 1987/1356/1228 1986/1355/1425
f 1987/1356/1228 1957/1342/1228 1965/1333/1412
f 1987/1356/1228 1959/1344/1408 1957/1342/1228
f 1987/1356/1228 1983/1354/1423 1988/1354/1426
f 1983/1354/1423 1980/1352/1228 1988/1354/1426
f 1959/1344/1408 1987/1356/1228 1989/1357/1427
f 1989/1357/1427 1987/1356/1228 1988/1354/1426
f 1980/1352/1228 1990/1358/1427 1988/1354/1426
f 1980/1352/1228 1979/1351/1420 1990/1358/1427
f 1988/1354/1426 1991/1354/1428 1989/1357/1427
f 1988/1354/1426 1990/1358/1427 1991/1354/1428
f 1992/1359/1429 1989/1357/1427 1991/1354/1428
f 1992/1359/1429 1991/1354/1428 1990/1358/1427
f 1993/1360/1430 1959/1344/1408 1989/1357/1427
f 1989/1357/1427 1992/1359/1429 1993/1360/1430
f 1994/1361/1431 1990/1358/1427 1979/1351/1420
f 1990/1358/1427 1994/1361/1431 1992/1359/1429
f 1979/1351/1420 1995/1362/1432 1994/1361/1431
f 1996/1361/1433 1992/1359/1429 1994/1361/1431
f 1997/1363/1434 1995/1362/1432 1979/1351/1420
f 1979/1351/1420 1935/1326/1398 1997/1363/1434
f 1935/1326/1398 1849/1289/1348 1997/1363/1434
f 1998/1364/1435 1997/1363/1434 1849/1289/1348
f 1995/1362/1432 1997/1363/1434 1998/1364/1435
f 1849/1289/1348 1852/1291/1352 1998/1364/1435
f 1852/1291/1352 1999/1365/1352 1998/1364/1435
f 1999/1365/1352 1995/1362/1432 1998/1364/1435
f 1852/1291/1352 1854/1293/1353 1999/1365/1352
f 1994/1361/1431 1995/1362/1432 2000/1362/1436
f 1994/1361/1431 2000/1362/1436 1996/1361/1433
f 2001/1366/1437 1995/1362/1432 1999/1365/1352
f 1995/1362/1432 2001/1366/1437 2000/1362/1436
f 2002/1367/1438 1999/1365/1352 1854/1293/1353
f 1999/1365/1352 2002/1367/1438 2001/1366/1437
f 1854/1293/1353 1829/1269/1335 2002/1367/1438
f 2003/1368/1439 2000/1362/1436 2001/1366/1437
f 2004/260/1440 2002/1367/1438 1829/1269/1335
f 1829/1269/1335 1820/261/1326 2004/260/1440
f 2005/1369/1441 2001/1366/1437 2002/1367/1438
f 2002/1367/1438 2004/260/1440 2005/1369/1441
f 2001/1366/1437 2005/1369/1441 2003/1368/1439
f 1820/261/1326 2006/260/1442 2004/260/1440
f 2006/260/1442 1820/261/1326 285/261/189
f 285/261/189 284/260/189 2006/260/1442
f 2006/260/1442 284/260/189 2007/1370/1443
f 2007/1370/1443 2008/1369/1444 2006/260/1442
f 2004/260/1440 2006/260/1442 2008/1369/1444
f 2005/1369/1441 2004/260/1440 2008/1369/1444
f 2005/1369/1441 2008/1369/1444 2009/1368/1445
f 2003/1368/1439 2005/1369/1441 2009/1368/1445
f 2010/1368/1446 2009/1368/1445 2008/1369/1444
f 2009/1368/1445 2010/1368/1446 2011/1371/1446
f 2011/1371/1446 2003/1368/1439 2009/1368/1445
f 2012/1372/1447 2011/1371/1446 2010/1368/1446
f 2003/1368/1439 2011/1371/1446 2013/1371/1448
f 2000/1362/1436 2003/1368/1439 2013/1371/1448
f 1996/1361/1433 2000/1362/1436 2013/1371/1448
f 2014/1373/1447 2013/1371/1448 2011/1371/1446
f 2011/1371/1446 2012/1372/1447 2014/1373/1447
f 1996/1361/1433 2013/1371/1448 2015/1373/1449
f 2013/1371/1448 2014/1373/1447 2015/1373/1449
f 2016/1372/1449 1996/1361/1433 2015/1373/1449
f 2017/1372/24 2015/1373/1449 2014/1373/1447
f 2015/1373/1449 2017/1372/24 2016/1372/1449
f 2014/1373/1447 2012/1372/1447 2017/1372/24
f 1996/1361/1433 2016/1372/1449 2018/1359/1433
f 1992/1359/1429 1996/1361/1433 2018/1359/1433
f 2018/1359/1433 1993/1360/1430 1992/1359/1429
f 2017/1372/24 2019/1374/1450 2016/1372/1449
f 2016/1372/1449 2019/1374/1450 2018/1359/1433
f 2020/1374/1447 2017/1372/24 2012/1372/1447
f 2019/1374/1450 2017/1372/24 2020/1374/1447
f 2012/1372/1447 2021/1375/1451 2020/1374/1447
f 2021/1375/1451 2012/1372/1447 2022/1376/1451
f 2020/1374/1447 2023/1375/1448 2019/1374/1450
f 2023/1375/1448 2020/1374/1447 2021/1375/1451
f 2024/1360/1433 2018/1359/1433 2019/1374/1450
f 2019/1374/1450 2023/1375/1448 2024/1360/1433
f 1993/1360/1430 2018/1359/1433 2024/1360/1433
f 2025/1377/1452 2024/1360/1433 2023/1375/1448
f 2024/1360/1433 2025/1377/1452 1993/1360/1430
f 2021/1375/1451 2026/1378/1453 2023/1375/1448
f 2023/1375/1448 2026/1378/1453 2025/1377/1452
f 2027/1378/1454 2021/1375/1451 2022/1376/1451
f 2026/1378/1453 2021/1375/1451 2027/1378/1454
f 2027/1378/1454 2022/1376/1451 2028/1379/1455
f 2026/1378/1453 2027/1378/1454 2029/1379/1456
f 2029/1379/1456 2027/1378/1454 2028/1379/1455
f 2030/1380/1457 2025/1377/1452 2026/1378/1453
f 2029/1379/1456 2030/1380/1457 2026/1378/1453
f 2031/1377/1458 1993/1360/1430 2025/1377/1452
f 2025/1377/1452 2030/1380/1457 2031/1377/1458
f 1959/1344/1408 1993/1360/1430 2031/1377/1458
f 2030/1380/1457 2029/1379/1456 2032/1381/1459
f 2031/1377/1458 2033/1382/1408 1959/1344/1408
f 1951/1338/598 1959/1344/1408 2033/1382/1408
f 1953/1339/602 1951/1338/598 2033/1382/1408
f 2034/1383/1460 2031/1377/1458 2030/1380/1457
f 2032/1381/1459 2034/1383/1460 2030/1380/1457
f 2033/1382/1408 2031/1377/1458 2035/1384/1461
f 2034/1383/1460 2035/1384/1461 2031/1377/1458
f 2035/1384/1461 1953/1339/602 2033/1382/1408
f 2036/1385/1460 2035/1384/1461 2034/1383/1460
f 1953/1339/602 2035/1384/1461 2036/1385/1460
f 2034/1383/1460 2032/1381/1459 2037/1386/1462
f 2036/1385/1460 2034/1383/1460 2037/1386/1462
f 2038/1387/1463 2032/1381/1459 2029/1379/1456
f 2029/1379/1456 2028/1379/1455 2038/1387/1463
f 2039/1388/1464 2037/1386/1462 2032/1381/1459
f 2032/1381/1459 2038/1387/1463 2039/1388/1464
f 2038/1387/1463 2028/1379/1455 2040/1387/1465
f 2028/1379/1455 2041/1379/1466 2040/1387/1465
f 2040/1387/1465 2041/1379/1466 2042/1387/1467
f 2040/1387/1465 2043/1389/1468 2038/1387/1463
f 2038/1387/1463 2043/1389/1468 2039/1388/1464
f 2044/1390/1469 2039/1388/1464 2043/1389/1468
f 2043/1389/1468 2045/1391/1470 2044/1390/1469
f 2037/1386/1462 2039/1388/1464 2046/1392/1471
f 2039/1388/1464 2044/1390/1469 2046/1392/1471
f 2046/1392/1471 2036/1385/1460 2037/1386/1462
f 2047/1393/1472 2044/1390/1469 2045/1391/1470
f 2046/1392/1471 2048/1394/1473 2036/1385/1460
f 2048/1394/1473 1953/1339/602 2036/1385/1460
f 1953/1339/602 2048/1394/1473 948/667/602
f 2049/1395/1474 2046/1392/1471 2044/1390/1469
f 2047/1393/1472 2049/1395/1474 2044/1390/1469
f 2050/1396/1475 2046/1392/1471 2049/1395/1474
f 2046/1392/1471 2050/1396/1475 2048/1394/1473
f 2049/1395/1474 2047/1393/1472 2051/1397/1476
f 2050/1396/1475 2049/1395/1474 2051/1397/1476
f 2047/1393/1472 2045/1391/1470 2052/1398/1477
f 2047/1393/1472 2052/1398/1477 2051/1397/1476
f 2045/1391/1470 2053/1399/1478 2052/1398/1477
f 2051/1397/1476 2054/1400/1479 2050/1396/1475
f 2054/1400/1479 2048/1394/1473 2050/1396/1475
f 2053/1399/1478 2055/1398/1480 2052/1398/1477
f 2055/1398/1480 2053/1399/1478 2056/1399/1481
f 2052/1398/1477 2057/1401/1482 2051/1397/1476
f 2058/1401/1483 2052/1398/1477 2055/1398/1480
f 2052/1398/1477 2058/1401/1483 2057/1401/1482
f 2057/1401/1482 2059/1402/1484 2051/1397/1476
f 2058/1401/1483 2059/1402/1484 2057/1401/1482
f 2054/1400/1479 2051/1397/1476 2059/1402/1484
f 2060/1403/1485 2058/1401/1483 2055/1398/1480
f 2056/1399/1481 2060/1403/1485 2055/1398/1480
f 2058/1401/1483 2061/1404/1486 2059/1402/1484
f 2060/1403/1485 2056/1399/1481 2062/1405/1487
f 2063/1406/1488 2061/1404/1486 2058/1401/1483
f 2062/1405/1487 2056/1399/1481 2064/1399/1489
f 2056/1399/1481 2065/1399/1490 2064/1399/1489
f 2065/1399/1490 2066/1407/1491 2067/1399/330
f 2067/1399/330 2064/1399/1489 2065/1399/1490
f 2064/1399/1489 2067/1399/330 2068/1399/1489
f 2064/1399/1489 2068/1399/1489 2069/1408/1492
f 2064/1399/1489 2069/1408/1492 2062/1405/1487
f 2068/1399/1489 2070/1408/1493 2069/1408/1492
f 2062/1405/1487 2069/1408/1492 2071/1409/1494
f 2060/1403/1485 2062/1405/1487 2071/1409/1494
f 2070/1408/1493 2072/1409/1495 2069/1408/1492
f 2069/1408/1492 2072/1409/1495 2071/1409/1494
f 2072/1409/1495 2070/1408/1493 2073/1409/1496
f 2073/1409/1496 2074/1410/1497 2072/1409/1495
f 2075/1410/1498 2074/1410/1497 2073/1409/1496
f 2076/1411/4 2074/1410/1497 2075/1410/1498
f 2072/1409/1495 2077/1412/1499 2071/1409/1494
f 2077/1412/1499 2072/1409/1495 2074/1410/1497
f 2074/1410/1497 2076/1411/4 2078/1411/1500
f 2079/1413/1501 2078/1411/1500 2076/1411/4
f 2074/1410/1497 2080/1414/1502 2077/1412/1499
f 2074/1410/1497 2078/1411/1500 2080/1414/1502
f 2078/1411/1500 2079/1413/1501 2081/1415/1501
f 2082/1416/1503 2081/1415/1501 2079/1413/1501
f 2078/1411/1500 2083/1415/1504 2080/1414/1502
f 2078/1411/1500 2081/1415/1501 2083/1415/1504
f 2081/1415/1501 2082/1416/1503 2084/1416/1503
f 1808/1192/3 2084/1416/1503 2082/1416/1503
f 2081/1415/1501 2085/1416/1505 2083/1415/1504
f 2081/1415/1501 2084/1416/1503 2085/1416/1505
f 2084/1416/1503 1808/1192/3 2086/1192/3
f 1808/1192/3 1807/1187/1316 2086/1192/3
f 2084/1416/1503 2086/1192/3 2087/1192/1506
f 1807/1187/1316 2087/1192/1506 2086/1192/3
f 2084/1416/1503 2087/1192/1506 2085/1416/1505
f 2087/1192/1506 1807/1187/1316 1798/1187/1312
f 2087/1192/1506 1798/1187/1312 1711/1192/1239
f 2085/1416/1505 2087/1192/1506 1711/1192/1239
f 2085/1416/1505 1711/1192/1239 2088/1416/1507
f 2083/1415/1504 2085/1416/1505 2088/1416/1507
f 2088/1416/1507 1711/1192/1239 2089/1417/1508
f 2088/1416/1507 2089/1417/1508 2090/1418/1509
f 2088/1416/1507 2090/1418/1509 2091/1419/1236
f 2088/1416/1507 2091/1419/1236 2092/1420/1510
f 2083/1415/1504 2088/1416/1507 2093/1421/1511
f 2080/1414/1502 2083/1415/1504 2093/1421/1511
f 2088/1416/1507 2092/1420/1510 2094/1422/1512
f 2093/1421/1511 2088/1416/1507 2094/1422/1512
f 2094/1422/1512 2092/1420/1510 2095/1423/1513
f 2094/1422/1512 2095/1423/1513 2096/1423/1514
f 2080/1414/1502 2093/1421/1511 2097/1414/1515
f 2077/1412/1499 2080/1414/1502 2097/1414/1515
f 2093/1421/1511 2094/1422/1512 2098/1424/1516
f 2097/1414/1515 2093/1421/1511 2098/1424/1516
f 2096/1423/1514 2099/1425/1225 2094/1422/1512
f 2099/1425/1225 2096/1423/1514 2100/1423/1225
f 2077/1412/1499 2097/1414/1515 2101/1426/1517
f 2101/1426/1517 2071/1409/1494 2077/1412/1499
f 2099/1425/1225 2100/1423/1225 2102/1425/1518
f 2103/1427/1519 2102/1425/1518 2100/1423/1225
f 2104/1428/1225 2094/1422/1512 2099/1425/1225
f 2094/1422/1512 2104/1428/1225 2098/1424/1516
f 2102/1425/1518 2105/1428/1520 2099/1425/1225
f 2104/1428/1225 2099/1425/1225 2105/1428/1520
f 2102/1425/1518 2103/1427/1519 2106/1425/1521
f 2105/1428/1520 2102/1425/1518 2106/1425/1521
f 2107/1420/1522 2106/1425/1521 2103/1427/1519
f 2105/1428/1520 2108/1429/1523 2104/1428/1225
f 2106/1425/1521 2107/1420/1522 2109/1425/1524
f 2110/1430/1525 2109/1425/1524 2107/1420/1522
f 2105/1428/1520 2106/1425/1521 2111/1431/1526
f 2111/1431/1526 2106/1425/1521 2109/1425/1524
f 2108/1429/1523 2105/1428/1520 2111/1431/1526
f 2109/1425/1524 2110/1430/1525 2112/1425/1527
f 2113/1418/1528 2112/1425/1527 2110/1430/1525
f 2112/1425/1527 2114/1431/1529 2109/1425/1524
f 2111/1431/1526 2109/1425/1524 2114/1431/1529
f 2114/1431/1529 2112/1425/1527 2115/1431/1530
f 2116/1429/1531 2111/1431/1526 2114/1431/1529
f 2108/1429/1523 2111/1431/1526 2116/1429/1531
f 2115/1431/1530 2117/1432/1532 2114/1431/1529
f 2116/1429/1531 2114/1431/1529 2117/1432/1532
f 2117/1432/1532 2115/1431/1530 2118/1432/1533
f 2119/1433/1534 2108/1429/1523 2116/1429/1531
f 2118/1432/1533 2120/1408/1535 2117/1432/1532
f 2120/1408/1535 2118/1432/1533 2121/1405/1536
f 2122/1433/1537 2116/1429/1531 2117/1432/1532
f 2117/1432/1532 2120/1408/1535 2122/1433/1537
f 2119/1433/1534 2116/1429/1531 2122/1433/1537
f 2121/1405/1536 2123/1434/1538 2120/1408/1535
f 2123/1434/1538 2122/1433/1537 2120/1408/1535
f 2123/1434/1538 2121/1405/1536 2124/1434/1539
f 2124/1434/1539 2125/1435/1540 2123/1434/1538
f 2123/1434/1538 2125/1435/1540 2126/1436/1541
f 2125/1435/1540 2127/1437/1542 2126/1436/1541
f 2122/1433/1537 2123/1434/1538 2128/1438/1543
f 2126/1436/1541 2128/1438/1543 2123/1434/1538
f 2126/1436/1541 2127/1437/1542 2129/1439/1544
f 2130/1440/1545 2129/1439/1544 2127/1437/1542
f 2128/1438/1543 2126/1436/1541 2131/1441/1546
f 2129/1439/1544 2131/1441/1546 2126/1436/1541
f 2132/1438/1547 2122/1433/1537 2128/1438/1543
f 2132/1438/1547 2119/1433/1534 2122/1433/1537
f 2133/1441/1548 2128/1438/1543 2131/1441/1546
f 2133/1441/1548 2132/1438/1547 2128/1438/1543
f 2131/1441/1546 2129/1439/1544 2134/1442/1549
f 2129/1439/1544 2130/1440/1545 2135/1443/1550
f 2135/1443/1550 2134/1442/1549 2129/1439/1544
f 2136/1444/1551 2135/1443/1550 2130/1440/1545
f 2137/1445/1552 2131/1441/1546 2134/1442/1549
f 2137/1445/1552 2133/1441/1548 2131/1441/1546
f 2135/1443/1550 2136/1444/1551 2138/1446/1553
f 2139/1447/1554 2138/1446/1553 2136/1444/1551
f 2134/1442/1549 2135/1443/1550 2140/1448/1555
f 2138/1446/1553 2139/1447/1554 2141/1449/1556
f 2142/1450/1557 2141/1449/1556 2139/1447/1554
f 2143/1451/1558 2135/1443/1550 2138/1446/1553
f 2135/1443/1550 2143/1451/1558 2140/1448/1555
f 2144/1452/1559 2138/1446/1553 2141/1449/1556
f 2138/1446/1553 2144/1452/1559 2143/1451/1558
f 2141/1449/1556 2142/1450/1557 2145/1453/1560
f 2146/1454/1561 2145/1453/1560 2142/1450/1557
f 2141/1449/1556 2147/706/1562 2144/1452/1559
f 2147/706/1562 2141/1449/1556 2145/1453/1560
f 2145/1453/1560 2146/1454/1561 2148/1455/1563
f 2145/1453/1560 2148/1455/1563 2147/706/1562
f 2149/1456/1564 2148/1455/1563 2146/1454/1561
f 2147/706/1562 2150/1452/1565 2144/1452/1559
f 2150/1452/1565 2143/1451/1558 2144/1452/1559
f 2148/1455/1563 2149/1456/1564 2151/1457/1566
f 2152/1458/1567 2151/1457/1566 2149/1456/1564
f 2153/1459/1568 2147/706/1562 2148/1455/1563
f 2148/1455/1563 2151/1457/1566 2153/1459/1568
f 2151/1457/1566 2152/1458/1567 2154/1460/1569
f 2155/1461/1570 2154/1460/1569 2152/1458/1567
f 2156/1462/1571 2153/1459/1568 2151/1457/1566
f 2151/1457/1566 2154/1460/1569 2156/1462/1571
f 2153/1459/1568 2157/706/1572 2147/706/1562
f 2157/706/1572 2150/1452/1565 2147/706/1562
f 2156/1462/1571 2158/1459/1573 2153/1459/1568
f 2158/1459/1573 2157/706/1572 2153/1459/1568
f 2159/1463/1574 2156/1462/1571 2154/1460/1569
f 2154/1460/1569 2155/1461/1570 2160/1464/1575
f 2154/1460/1569 2160/1464/1575 2159/1463/1574
f 1084/760/705 2160/1464/1575 2155/1461/1570
f 2159/1463/1574 2161/1462/1576 2156/1462/1571
f 2161/1462/1576 2158/1459/1573 2156/1462/1571
f 2160/1464/1575 1084/760/705 2162/1465/1577
f 1084/760/705 1083/744/704 2162/1465/1577
f 2163/1466/1578 2160/1464/1575 2162/1465/1577
f 1083/744/704 2163/1466/1578 2162/1465/1577
f 2164/1467/1579 2159/1463/1574 2160/1464/1575
f 2160/1464/1575 2163/1466/1578 2164/1467/1579
f 2164/1467/1579 2165/1463/1580 2159/1463/1574
f 2165/1463/1580 2161/1462/1576 2159/1463/1574
f 2163/1466/1578 2166/1468/1581 2164/1467/1579
f 2166/1468/1581 2165/1463/1580 2164/1467/1579
f 2163/1466/1578 1083/744/704 2167/748/1582
f 1083/744/704 1071/749/692 2167/748/1582
f 1071/749/692 1070/748/691 2167/748/1582
f 2167/748/1582 2168/1469/1583 2163/1466/1578
f 2168/1469/1583 2167/748/1582 1070/748/691
f 2168/1469/1583 2166/1468/1581 2163/1466/1578
f 1070/748/691 1073/751/694 2168/1469/1583
f 2166/1468/1581 2168/1469/1583 1073/751/694
f 2166/1468/1581 1073/751/694 2169/1470/1584
f 2165/1463/1580 2166/1468/1581 2169/1470/1584
f 1068/747/689 2169/1470/1584 1073/751/694
f 2165/1463/1580 2169/1470/1584 2170/1471/1585
f 2161/1462/1576 2165/1463/1580 2170/1471/1585
f 2169/1470/1584 1068/747/689 2171/1463/1586
f 2171/1463/1586 2170/1471/1585 2169/1470/1584
f 1027/719/662 2171/1463/1586 1068/747/689
f 2171/1463/1586 1027/719/662 1025/717/660
f 1025/717/660 1023/716/659 2171/1463/1586
f 2161/1462/1576 2170/1471/1585 2172/1472/1587
f 2158/1459/1573 2161/1462/1576 2172/1472/1587
f 2170/1471/1585 2171/1463/1586 2173/1473/1588
f 2173/1473/1588 2171/1463/1586 1023/716/659
f 2173/1473/1588 2172/1472/1587 2170/1471/1585
f 1023/716/659 2174/1459/1589 2173/1473/1588
f 1023/716/659 1016/710/655 2174/1459/1589
f 1016/710/655 1013/708/653 2174/1459/1589
f 2172/1472/1587 2173/1473/1588 2175/1454/1590
f 2175/1454/1590 2173/1473/1588 2174/1459/1589
f 2174/1459/1589 1013/708/653 2176/1450/1591
f 2174/1459/1589 2176/1450/1591 2175/1454/1590
f 1012/706/652 2176/1450/1591 1013/708/653
f 2175/1454/1590 2177/1474/1592 2172/1472/1587
f 2158/1459/1573 2172/1472/1587 2177/1474/1592
f 2178/1475/1593 2175/1454/1590 2176/1450/1591
f 2178/1475/1593 2176/1450/1591 1012/706/652
f 2177/1474/1592 2175/1454/1590 2178/1475/1593
f 2157/706/1572 2158/1459/1573 2177/1474/1592
f 2179/1476/1594 2178/1475/1593 1012/706/652
f 1012/706/652 998/703/643 2179/1476/1594
f 2180/1477/605 2177/1474/1592 2178/1475/1593
f 2180/1477/605 2178/1475/1593 2179/1476/1594
f 2157/706/1572 2177/1474/1592 2181/1478/694
f 2177/1474/1592 2180/1477/605 2181/1478/694
f 2182/1479/1595 2157/706/1572 2181/1478/694
f 2180/1477/605 2182/1479/1595 2181/1478/694
f 2157/706/1572 2182/1479/1595 2150/1452/1565
f 2180/1477/605 2179/1476/1594 2183/1480/1596
f 998/703/643 2183/1480/1596 2179/1476/1594
f 2183/1480/1596 998/703/643 996/701/641
f 994/699/639 2183/1480/1596 996/701/641
f 2182/1479/1595 2180/1477/605 2184/1481/605
f 2183/1480/1596 2184/1481/605 2180/1477/605
f 2183/1480/1596 994/699/639 2185/1482/1597
f 2184/1481/605 2183/1480/1596 2185/1482/1597
f 2186/1483/1598 2185/1482/1597 994/699/639
f 2186/1483/1598 994/699/639 972/683/618
f 2187/1484/1599 2184/1481/605 2185/1482/1597
f 2185/1482/1597 2186/1483/1598 2187/1484/1599
f 2184/1481/605 2188/1485/579 2182/1479/1595
f 2188/1485/579 2150/1452/1565 2182/1479/1595
f 2184/1481/605 2187/1484/1599 2189/1486/605
f 2188/1485/579 2184/1481/605 2189/1486/605
f 2150/1452/1565 2188/1485/579 2190/1451/1600
f 2143/1451/1558 2150/1452/1565 2190/1451/1600
f 2190/1451/1600 2140/1448/1555 2143/1451/1558
f 2191/683/1225 2190/1451/1600 2188/1485/579
f 2189/1486/605 2191/683/1225 2188/1485/579
f 2140/1448/1555 2190/1451/1600 2192/1448/1601
f 2190/1451/1600 2191/683/1225 2192/1448/1601
f 2192/1448/1601 2134/1442/1549 2140/1448/1555
f 2192/1448/1601 2137/1445/1552 2134/1442/1549
f 2191/683/1225 2137/1445/1552 2192/1448/1601
f 2191/683/1225 2189/1486/605 2193/1487/1602
f 2137/1445/1552 2191/683/1225 2194/1445/1603
f 2194/1445/1603 2133/1441/1548 2137/1445/1552
f 2195/1488/1604 2191/683/1225 2193/1487/1602
f 2191/683/1225 2195/1488/1604 2194/1445/1603
f 2189/1486/605 2196/1489/1605 2193/1487/1602
f 2196/1489/1605 2195/1488/1604 2193/1487/1602
f 2196/1489/1605 2189/1486/605 2187/1484/1599
f 2133/1441/1548 2194/1445/1603 2197/1490/1606
f 2197/1490/1606 2132/1438/1547 2133/1441/1548
f 2187/1484/1599 2198/1491/1607 2196/1489/1605
f 2198/1491/1607 2187/1484/1599 2186/1483/1598
f 2132/1438/1547 2197/1490/1606 2199/1438/1608
f 2199/1438/1608 2119/1433/1534 2132/1438/1547
f 2194/1445/1603 2200/1492/1604 2197/1490/1606
f 2200/1492/1604 2194/1445/1603 2195/1488/1604
f 2197/1490/1606 2201/1493/602 2199/1438/1608
f 2201/1493/602 2197/1490/1606 2200/1492/1604
f 2119/1433/1534 2199/1438/1608 2202/1494/1609
f 2201/1493/602 2202/1494/1609 2199/1438/1608
f 2195/1488/1604 2196/1489/1605 2203/1495/1610
f 2203/1495/1610 2200/1492/1604 2195/1488/1604
f 2198/1491/1607 2203/1495/1610 2196/1489/1605
f 2200/1492/1604 2203/1495/1610 2204/1496/1611
f 2203/1495/1610 2198/1491/1607 2205/1497/1612
f 2205/1497/1612 2204/1496/1611 2203/1495/1610
f 2198/1491/1607 2186/1483/1598 2206/1498/1613
f 2205/1497/1612 2198/1491/1607 2206/1498/1613
f 2186/1483/1598 972/683/618 2206/1498/1613
f 972/683/618 970/681/616 2206/1498/1613
f 2207/1499/1614 2205/1497/1612 2206/1498/1613
f 970/681/616 2207/1499/1614 2206/1498/1613
f 2204/1496/1611 2205/1497/1612 2061/1404/1486
f 2061/1404/1486 2205/1497/1612 2207/1499/1614
f 2208/1500/1615 2200/1492/1604 2204/1496/1611
f 2061/1404/1486 2208/1500/1615 2204/1496/1611
f 2200/1492/1604 2208/1500/1615 2201/1493/602
f 2059/1402/1484 2061/1404/1486 2207/1499/1614
f 2208/1500/1615 2061/1404/1486 2063/1406/1488
f 2207/1499/1614 2054/1400/1479 2059/1402/1484
f 2209/285/1616 2208/1500/1615 2063/1406/1488
f 2209/285/1616 2063/1406/1488 2058/1401/1483
f 2058/1401/1483 2060/1403/1485 2209/285/1616
f 2208/1500/1615 2209/285/1616 2210/1501/1617
f 2210/1501/1617 2201/1493/602 2208/1500/1615
f 2211/1433/1618 2209/285/1616 2060/1403/1485
f 2209/285/1616 2211/1433/1618 2210/1501/1617
f 2060/1403/1485 2071/1409/1494 2211/1433/1618
f 2071/1409/1494 2101/1426/1517 2211/1433/1618
f 2212/1502/1619 2201/1493/602 2210/1501/1617
f 2212/1502/1619 2210/1501/1617 2211/1433/1618
f 2101/1426/1517 2212/1502/1619 2211/1433/1618
f 2202/1494/1609 2201/1493/602 2212/1502/1619
f 2213/1503/1461 2212/1502/1619 2101/1426/1517
f 2213/1503/1461 2202/1494/1609 2212/1502/1619
f 2101/1426/1517 2097/1414/1515 2213/1503/1461
f 2098/1424/1516 2213/1503/1461 2097/1414/1515
f 2202/1494/1609 2213/1503/1461 2214/1429/1225
f 2098/1424/1516 2214/1429/1225 2213/1503/1461
f 2214/1429/1225 2119/1433/1534 2202/1494/1609
f 2214/1429/1225 2098/1424/1516 2104/1428/1225
f 2108/1429/1523 2119/1433/1534 2214/1429/1225
f 2214/1429/1225 2104/1428/1225 2108/1429/1523
f 2207/1499/1614 970/681/616 2215/1504/1620
f 2054/1400/1479 2207/1499/1614 2215/1504/1620
f 966/677/612 2215/1504/1620 970/681/616
f 2215/1504/1620 2216/1505/1621 2054/1400/1479
f 2215/1504/1620 966/677/612 2217/1506/1622
f 2216/1505/1621 2215/1504/1620 2217/1506/1622
f 966/677/612 965/676/611 2217/1506/1622
f 965/676/611 2216/1505/1621 2217/1506/1622
f 2048/1394/1473 2054/1400/1479 2216/1505/1621
f 2216/1505/1621 965/676/611 2218/1507/602
f 2218/1507/602 2048/1394/1473 2216/1505/1621
f 952/638/599 2218/1507/602 965/676/611
f 2048/1394/1473 2218/1507/602 948/667/602
f 2218/1507/602 952/638/599 945/648/599
f 945/648/599 948/667/602 2218/1507/602
f 2219/1508/1623 2220/1509/1624 2221/1510/1625
f 2221/1510/1625 2220/1509/1624 2222/1509/146
f 2223/1511/1624 2222/1509/146 2220/1509/1624
f 2222/1509/146 2224/1510/1626 2221/1510/1625
f 2225/1512/1627 2221/1510/1625 2224/1510/1626
f 2221/1510/1625 2225/1512/1627 2219/1508/1623
f 2224/1510/1626 2222/1509/146 2226/1509/1626
f 2220/1509/1624 2219/1508/1623 2227/1513/1628
f 2222/1509/146 2228/1511/1626 2226/1509/1626
f 2228/1511/1626 2222/1509/146 2223/1511/1624
f 2229/1514/1629 2227/1513/1628 2219/1508/1623
f 2230/1515/1630 2227/1513/1628 2229/1514/1629
f 2219/1508/1623 2231/1514/1631 2229/1514/1629
f 2231/1514/1631 2219/1508/1623 2225/1512/1627
f 2230/1515/1630 2229/1514/1629 2232/1515/1632
f 2232/1515/1632 2229/1514/1629 2231/1514/1631
f 2233/1516/1633 2231/1514/1631 2225/1512/1627
f 2234/1517/1634 2232/1515/1632 2231/1514/1631
f 2231/1514/1631 2233/1516/1633 2234/1517/1634
f 2225/1512/1627 2235/1518/1635 2233/1516/1633
f 2235/1518/1635 2225/1512/1627 2224/1510/1626
f 2234/1517/1634 2233/1516/1633 2236/1519/1155
f 2224/1510/1626 2237/1520/1635 2235/1518/1635
f 2237/1520/1635 2224/1510/1626 2226/1509/1626
f 2238/1520/1636 2233/1516/1633 2235/1518/1635
f 2233/1516/1633 2238/1520/1636 2236/1519/1155
f 2239/1521/1637 2235/1518/1635 2237/1520/1635
f 2235/1518/1635 2239/1521/1637 2238/1520/1636
f 2226/1509/1626 2240/1521/1635 2237/1520/1635
f 2240/1521/1635 2226/1509/1626 2228/1511/1626
f 2241/1522/1638 2237/1520/1635 2240/1521/1635
f 2237/1520/1635 2241/1522/1638 2239/1521/1637
f 2228/1511/1626 2242/1523/1639 2240/1521/1635
f 2242/1523/1639 2241/1522/1638 2240/1521/1635
f 2242/1523/1639 2228/1511/1626 2243/1524/1640
f 2223/1511/1624 2243/1524/1640 2228/1511/1626
f 2241/1522/1638 2242/1523/1639 2244/1525/1641
f 2243/1524/1640 2223/1511/1624 2245/1524/1642
f 2220/1509/1624 2245/1524/1642 2223/1511/1624
f 2245/1524/1642 2220/1509/1624 2246/1526/1642
f 2243/1524/1640 2247/1527/1643 2242/1523/1639
f 2247/1527/1643 2244/1525/1641 2242/1523/1639
f 2245/1524/1642 2248/1528/1644 2243/1524/1640
f 2247/1527/1643 2243/1524/1640 2248/1528/1644
f 2249/1528/1645 2245/1524/1642 2246/1526/1642
f 2248/1528/1644 2245/1524/1642 2249/1528/1645
f 2246/1526/1642 2250/1528/1646 2249/1528/1645
f 2249/1528/1645 2251/1528/1647 2248/1528/1644
f 2251/1528/1647 2249/1528/1645 2250/1528/1646
f 2251/1528/1647 2247/1527/1643 2248/1528/1644
f 2250/1528/1646 2252/281/1648 2251/1528/1647
f 2247/1527/1643 2251/1528/1647 2253/1529/1649
f 2252/281/1648 2253/1529/1649 2251/1528/1647
f 2252/281/1648 2250/1528/1646 314/281/202
f 2254/1528/1650 314/281/202 2250/1528/1646
f 314/281/202 2254/1528/1650 313/281/202
f 314/281/202 312/280/204 2252/281/1648
f 2252/281/1648 312/280/204 2255/1530/1651
f 2253/1529/1649 2252/281/1648 2255/1530/1651
f 2256/1531/1652 2255/1530/1651 312/280/204
f 312/280/204 308/277/203 2256/1531/1652
f 2253/1529/1649 2255/1530/1651 2257/1532/1653
f 2258/1533/1654 2256/1531/1652 308/277/203
f 306/275/201 2258/1533/1654 308/277/203
f 2256/1531/1652 2259/1534/1655 2255/1530/1651
f 2259/1534/1655 2257/1532/1653 2255/1530/1651
f 2258/1533/1654 2260/1535/1656 2256/1531/1652
f 2259/1534/1655 2256/1531/1652 2260/1535/1656
f 2261/1532/1653 2253/1529/1649 2257/1532/1653
f 2253/1529/1649 2261/1532/1653 2247/1527/1643
f 2244/1525/1641 2247/1527/1643 2261/1532/1653
f 2262/1536/1657 2261/1532/1653 2257/1532/1653
f 2259/1534/1655 2262/1536/1657 2257/1532/1653
f 2261/1532/1653 2263/1537/1658 2244/1525/1641
f 2262/1536/1657 2263/1537/1658 2261/1532/1653
f 2264/1538/1659 2244/1525/1641 2263/1537/1658
f 2262/1536/1657 2265/1539/1660 2263/1537/1658
f 2263/1537/1658 2265/1539/1660 2264/1538/1659
f 2259/1534/1655 2266/1540/1661 2262/1536/1657
f 2266/1540/1661 2265/1539/1660 2262/1536/1657
f 2267/1541/1662 2259/1534/1655 2260/1535/1656
f 2267/1541/1662 2266/1540/1661 2259/1534/1655
f 2267/1541/1662 2260/1535/1656 2268/1542/1663
f 2260/1535/1656 2258/1533/1654 2268/1542/1663
f 1838/1278/1343 2266/1540/1661 2267/1541/1662
f 1838/1278/1343 2267/1541/1662 2268/1542/1663
f 2266/1540/1661 1838/1278/1343 1840/1280/1345
f 1840/1280/1345 1869/1300/1360 2266/1540/1661
f 1876/1303/1253 2266/1540/1661 1869/1300/1360
f 2265/1539/1660 2266/1540/1661 1876/1303/1253
f 1873/1302/1359 2265/1539/1660 1876/1303/1253
f 2265/1539/1660 1873/1302/1359 1883/1304/1364
f 1777/1240/1291 1838/1278/1343 2268/1542/1663
f 2265/1539/1660 1883/1304/1364 2269/1543/1362
f 2269/1543/1362 2264/1538/1659 2265/1539/1660
f 1883/1304/1364 1887/1305/1364 2269/1543/1362
f 2270/1533/1664 1777/1240/1291 2268/1542/1663
f 1775/1239/1289 1777/1240/1291 2270/1533/1664
f 2270/1533/1664 2268/1542/1663 2271/1544/1665
f 1775/1239/1289 2270/1533/1664 2271/1544/1665
f 2271/1544/1665 2268/1542/1663 2258/1533/1654
f 2258/1533/1654 306/275/201 2271/1544/1665
f 2272/276/1666 1775/1239/1289 2271/1544/1665
f 306/275/201 2272/276/1666 2271/1544/1665
f 1766/1230/1280 1775/1239/1289 2272/276/1666
f 2272/276/1666 306/275/201 305/276/200
f 305/276/200 1766/1230/1280 2272/276/1666
f 1766/1230/1280 305/276/200 2273/1209/1667
f 1760/1228/1275 1766/1230/1280 2273/1209/1667
f 1761/1209/1276 1760/1228/1275 2273/1209/1667
f 2274/276/1274 2273/1209/1667 305/276/200
f 2274/276/1274 1761/1209/1276 2273/1209/1667
f 1762/276/1274 1761/1209/1276 2274/276/1274
f 304/275/199 2274/276/1274 305/276/200
f 1762/276/1274 2274/276/1274 2275/275/1668
f 2275/275/1668 2274/276/1274 304/275/199
f 304/275/199 310/279/202 2275/275/1668
f 310/279/202 304/275/199 307/277/202
f 2244/1525/1641 2264/1538/1659 2276/1545/1669
f 2244/1525/1641 2276/1545/1669 2241/1522/1638
f 2269/1543/1362 2276/1545/1669 2264/1538/1659
f 2241/1522/1638 2276/1545/1669 2277/1546/1670
f 2241/1522/1638 2277/1546/1670 2239/1521/1637
f 2276/1545/1669 2269/1543/1362 2278/1547/1362
f 2239/1521/1637 2277/1546/1670 2279/1548/1669
f 2269/1543/1362 2280/1549/1671 2278/1547/1362
f 2280/1549/1671 2269/1543/1362 1887/1305/1364
f 2280/1549/1671 1887/1305/1364 1897/1308/1372
f 2281/1550/1672 2239/1521/1637 2279/1548/1669
f 2239/1521/1637 2281/1550/1672 2238/1520/1636
f 2277/1546/1670 2282/1551/1673 2279/1548/1669
f 2282/1551/1673 2281/1550/1672 2279/1548/1669
f 2276/1545/1669 2283/1552/1674 2277/1546/1670
f 2282/1551/1673 2277/1546/1670 2283/1552/1674
f 2284/1553/1675 2238/1520/1636 2281/1550/1672
f 2238/1520/1636 2284/1553/1675 2236/1519/1155
f 2281/1550/1672 2282/1551/1673 2285/1554/1674
f 2281/1550/1672 2285/1554/1674 2284/1553/1675
f 2283/1552/1674 2286/1552/1676 2282/1551/1673
f 2286/1552/1676 2285/1554/1674 2282/1551/1673
f 2283/1552/1674 2276/1545/1669 2287/1555/1362
f 2278/1547/1362 2287/1555/1362 2276/1545/1669
f 2286/1552/1676 2283/1552/1674 2288/1556/1677
f 2278/1547/1362 2289/1557/1671 2287/1555/1362
f 2278/1547/1362 2280/1549/1671 2289/1557/1671
f 2290/1558/1678 2283/1552/1674 2287/1555/1362
f 2283/1552/1674 2290/1558/1678 2288/1556/1677
f 2287/1555/1362 2289/1557/1671 2291/1559/1679
f 2287/1555/1362 2291/1559/1679 2290/1558/1678
f 2289/1557/1671 2280/1549/1671 2292/1560/1671
f 2292/1560/1671 2291/1559/1679 2289/1557/1671
f 2293/1558/1680 2288/1556/1677 2290/1558/1678
f 2293/1558/1680 2290/1558/1678 2294/1559/1681
f 2294/1559/1681 2290/1558/1678 2291/1559/1679
f 2295/1556/1682 2288/1556/1677 2293/1558/1680
f 2288/1556/1677 2295/1556/1682 2286/1552/1676
f 2294/1559/1681 2291/1559/1679 2296/1561/1683
f 2297/1552/9 2286/1552/1676 2295/1556/1682
f 2298/1552/1684 2286/1552/1676 2297/1552/9
f 2296/1561/1683 2291/1559/1679 2299/1561/1685
f 2291/1559/1679 2292/1560/1671 2299/1561/1685
f 2299/1561/1685 2300/1560/1686 2296/1561/1683
f 2298/1552/1684 2301/1552/1687 2286/1552/1676
f 2285/1554/1674 2286/1552/1676 2301/1552/1687
f 2302/1556/1688 2301/1552/1687 2298/1552/1684
f 2300/1560/1686 2299/1561/1685 2303/1560/1689
f 2302/1556/1688 2304/1556/1690 2301/1552/1687
f 2304/1556/1690 2285/1554/1674 2301/1552/1687
f 2304/1556/1690 2302/1556/1688 2305/1562/1691
f 2303/1560/1689 2306/1560/146 2300/1560/1686
f 2285/1554/1674 2304/1556/1690 2307/1563/1692
f 2307/1563/1692 2284/1553/1675 2285/1554/1674
f 2305/1562/1691 2308/1562/1693 2304/1556/1690
f 2308/1562/1693 2307/1563/1692 2304/1556/1690
f 2308/1562/1693 2305/1562/1691 2309/1564/1694
f 2310/1565/1674 2284/1553/1675 2307/1563/1692
f 2309/1564/1694 2311/1564/1695 2308/1562/1693
f 2311/1564/1695 2309/1564/1694 2312/1566/1696
f 2307/1563/1692 2308/1562/1693 2313/1567/1697
f 2310/1565/1674 2307/1563/1692 2313/1567/1697
f 2314/1559/1671 2308/1562/1693 2311/1564/1695
f 2308/1562/1693 2314/1559/1671 2313/1567/1697
f 2312/1566/1696 2315/1566/1698 2311/1564/1695
f 2315/1566/1698 2312/1566/1696 2306/1560/146
f 2311/1564/1695 2316/1568/1671 2314/1559/1671
f 2316/1568/1671 2311/1564/1695 2315/1566/1698
f 2317/1559/1671 2313/1567/1697 2314/1559/1671
f 2313/1567/1697 2317/1559/1671 2310/1565/1674
f 2316/1568/1671 2317/1559/1671 2314/1559/1671
f 2315/1566/1698 2306/1560/146 2318/1560/1699
f 2318/1560/1699 2316/1568/1671 2315/1566/1698
f 2306/1560/146 2303/1560/1689 2318/1560/1699
f 2316/1568/1671 2318/1560/1699 2319/1569/1671
f 2320/1569/1671 2318/1560/1699 2303/1560/1689
f 2318/1560/1699 2320/1569/1671 2319/1569/1671
f 2299/1561/1685 2320/1569/1671 2303/1560/1689
f 2320/1569/1671 2299/1561/1685 2292/1560/1671
f 2280/1549/1671 2320/1569/1671 2292/1560/1671
f 1897/1308/1372 2320/1569/1671 2280/1549/1671
f 2320/1569/1671 2321/1570/1671 2319/1569/1671
f 2321/1570/1671 2320/1569/1671 1897/1308/1372
f 2321/1570/1671 2316/1568/1671 2319/1569/1671
f 1903/1313/1378 2321/1570/1671 1897/1308/1372
f 2321/1570/1671 1903/1313/1378 1906/1316/1381
f 2321/1570/1671 2322/1571/1700 2316/1568/1671
f 2322/1571/1700 2317/1559/1671 2316/1568/1671
f 2323/1572/1701 2321/1570/1671 1906/1316/1381
f 2321/1570/1671 2323/1572/1701 2322/1571/1700
f 2323/1572/1701 1906/1316/1381 1907/1317/1382
f 1907/1317/1382 2324/1316/1702 2323/1572/1701
f 2325/1572/1701 2323/1572/1701 2324/1316/1702
f 2325/1572/1701 2322/1571/1700 2323/1572/1701
f 2324/1316/1702 2326/1573/1703 2325/1572/1701
f 2317/1559/1671 2322/1571/1700 2327/1564/1700
f 2328/1572/1701 2325/1572/1701 2326/1573/1703
f 2326/1573/1703 2329/1573/1704 2328/1572/1701
f 2330/1316/1705 2328/1572/1701 2329/1573/1704
f 2322/1571/1700 2325/1572/1701 2331/1574/1700
f 2331/1574/1700 2327/1564/1700 2322/1571/1700
f 2328/1572/1701 2330/1316/1705 2332/1572/1701
f 2333/1317/1706 2332/1572/1701 2330/1316/1705
f 2334/1575/1707 2325/1572/1701 2328/1572/1701
f 2332/1572/1701 2333/1317/1706 2335/1316/1708
f 2336/1314/1709 2335/1316/1708 2333/1317/1706
f 2328/1572/1701 2332/1572/1701 2337/1576/1710
f 2337/1576/1710 2334/1575/1707 2328/1572/1701
f 2338/1316/1708 2332/1572/1701 2335/1316/1708
f 2332/1572/1701 2338/1316/1708 2337/1576/1710
f 2339/407/1711 2335/1316/1708 2336/1314/1709
f 2335/1316/1708 2339/407/1711 2338/1316/1708
f 2340/410/1712 2339/407/1711 2336/1314/1709
f 2341/1576/1713 2337/1576/1710 2338/1316/1708
f 2342/412/1708 2339/407/1711 2340/410/1712
f 538/425/347 2342/412/1708 2340/410/1712
f 2343/1577/1714 2338/1316/1708 2339/407/1711
f 2342/412/1708 2343/1577/1714 2339/407/1711
f 2343/1577/1714 2341/1576/1713 2338/1316/1708
f 538/425/347 537/414/346 2342/412/1708
f 2342/412/1708 2344/406/1708 2343/1577/1714
f 2344/406/1708 2342/412/1708 537/414/346
f 2341/1576/1713 2343/1577/1714 2345/1578/1715
f 2346/404/572 2343/1577/1714 2344/406/1708
f 2343/1577/1714 2346/404/572 2345/1578/1715
f 537/414/346 2347/404/1708 2344/406/1708
f 2347/404/1708 2346/404/572 2344/406/1708
f 2347/404/1708 537/414/346 2348/1578/315
f 537/414/346 528/407/315 2348/1578/315
f 528/407/315 494/400/312 2348/1578/315
f 2349/399/1716 2347/404/1708 2348/1578/315
f 494/400/312 2349/399/1716 2348/1578/315
f 2346/404/572 2347/404/1708 2350/366/1717
f 2349/399/1716 2350/366/1717 2347/404/1708
f 2346/404/572 2351/1578/162 2345/1578/1715
f 2351/1578/162 2346/404/572 2352/404/146
f 2350/366/1717 2352/404/146 2346/404/572
f 2353/1576/149 2345/1578/1715 2351/1578/162
f 2345/1578/1715 2353/1576/149 2341/1576/1713
f 2352/404/146 2350/366/1717 2354/366/158
f 2353/1576/149 2355/1579/1718 2341/1576/1713
f 2337/1576/1710 2341/1576/1713 2355/1579/1718
f 2355/1579/1718 2353/1576/149 2356/1579/166
f 2355/1579/1718 2334/1575/1707 2337/1576/1710
f 2356/1579/166 2357/1308/364 2355/1579/1718
f 2334/1575/1707 2355/1579/1718 2357/1308/364
f 2357/1308/364 2356/1579/166 2358/1308/1354
f 2357/1308/364 2359/1580/1700 2334/1575/1707
f 2359/1580/1700 2325/1572/1701 2334/1575/1707
f 2325/1572/1701 2359/1580/1700 2331/1574/1700
f 2358/1308/1354 2360/1581/601 2357/1308/364
f 2359/1580/1700 2357/1308/364 2360/1581/601
f 2360/1581/601 2358/1308/1354 2361/1581/40
f 2362/1582/1700 2331/1574/1700 2359/1580/1700
f 2360/1581/601 2362/1582/1700 2359/1580/1700
f 2327/1564/1700 2331/1574/1700 2362/1582/1700
f 2361/1581/40 2363/1582/1719 2360/1581/601
f 2362/1582/1700 2360/1581/601 2363/1582/1719
f 2363/1582/1719 2361/1581/40 2364/1582/3
f 2364/1582/3 2365/1583/422 2363/1582/1719
f 2365/1583/422 2362/1582/1700 2363/1582/1719
f 2365/1583/422 2364/1582/3 2366/1583/45
f 2362/1582/1700 2367/1559/1700 2327/1564/1700
f 2362/1582/1700 2365/1583/422 2367/1559/1700
f 2366/1583/45 2368/1562/1720 2365/1583/422
f 2368/1562/1720 2366/1583/45 2369/1562/48
f 2365/1583/422 2370/1556/1721 2367/1559/1700
f 2370/1556/1721 2365/1583/422 2368/1562/1720
f 2371/1563/1721 2327/1564/1700 2367/1559/1700
f 2371/1563/1721 2367/1559/1700 2370/1556/1721
f 2369/1562/48 2372/1563/594 2368/1562/1720
f 2372/1563/594 2369/1562/48 2373/1563/367
f 2368/1562/1720 2374/1554/1722 2370/1556/1721
f 2374/1554/1722 2368/1562/1720 2372/1563/594
f 2371/1563/1721 2370/1556/1721 2374/1554/1722
f 2373/1563/367 2375/1554/368 2372/1563/594
f 2375/1554/368 2373/1563/367 2376/1554/9
f 2372/1563/594 2377/1584/1723 2374/1554/1722
f 2377/1584/1723 2372/1563/594 2375/1554/368
f 2376/1554/9 2378/1585/369 2375/1554/368
f 2378/1585/369 2376/1554/9 2379/1585/11
f 2375/1554/368 2380/1586/1723 2377/1584/1723
f 2380/1586/1723 2375/1554/368 2378/1585/369
f 2379/1585/11 2381/1587/371 2378/1585/369
f 2381/1587/371 2380/1586/1723 2378/1585/369
f 2381/1587/371 2379/1585/11 2382/1587/15
f 2383/1588/18 2381/1587/371 2382/1587/15
f 2381/1587/371 2383/1588/18 2384/1588/1724
f 2385/1589/141 2384/1588/1724 2383/1588/18
f 2381/1587/371 2386/1590/1723 2380/1586/1723
f 2384/1588/1724 2386/1590/1723 2381/1587/371
f 2384/1588/1724 2385/1589/141 2387/1589/1363
f 2388/1591/27 2387/1589/1363 2385/1589/141
f 2386/1590/1723 2384/1588/1724 2389/1587/1725
f 2387/1589/1363 2389/1587/1725 2384/1588/1724
f 2387/1589/1363 2388/1591/27 2390/1591/376
f 2391/398/24 2390/1591/376 2388/1591/27
f 2389/1587/1725 2387/1589/1363 2392/1592/1726
f 2390/1591/376 2392/1592/1726 2387/1589/1363
f 2390/1591/376 2391/398/24 2393/398/378
f 2394/1593/1727 2393/398/378 2391/398/24
f 2392/1592/1726 2390/1591/376 2395/1594/312
f 2393/398/378 2394/1593/1727 2396/1593/380
f 2397/400/31 2396/1593/380 2394/1593/1727
f 2398/398/1728 2390/1591/376 2393/398/378
f 2396/1593/380 2398/398/1728 2393/398/378
f 2390/1591/376 2398/398/1728 2395/1594/312
f 2396/1593/380 2397/400/31 2399/400/1729
f 2354/366/158 2399/400/1729 2397/400/31
f 2399/400/1729 2354/366/158 2350/366/1717
f 2350/366/1717 2349/399/1716 2399/400/1729
f 2399/400/1729 2400/1595/312 2396/1593/380
f 2400/1595/312 2399/400/1729 2349/399/1716
f 2398/398/1728 2396/1593/380 2400/1595/312
f 2349/399/1716 494/400/312 2400/1595/312
f 494/400/312 491/398/312 2400/1595/312
f 491/398/312 2398/398/1728 2400/1595/312
f 491/398/312 2395/1594/312 2398/398/1728
f 487/394/311 2395/1594/312 491/398/312
f 2395/1594/312 487/394/311 2401/1596/1059
f 2395/1594/312 2401/1596/1059 2392/1592/1726
f 487/394/311 483/390/308 2401/1596/1059
f 2392/1592/1726 2401/1596/1059 2402/1597/1730
f 483/390/308 2402/1597/1730 2401/1596/1059
f 2392/1592/1726 2402/1597/1730 2389/1587/1725
f 2402/1597/1730 483/390/308 2403/1598/1731
f 2389/1587/1725 2402/1597/1730 2404/1599/1732
f 2403/1598/1731 2404/1599/1732 2402/1597/1730
f 2404/1599/1732 2386/1590/1723 2389/1587/1725
f 483/390/308 2405/1600/1733 2403/1598/1731
f 2405/1600/1733 483/390/308 481/389/306
f 480/388/305 2405/1600/1733 481/389/306
f 2405/1600/1733 480/388/305 1468/1009/1019
f 1521/1054/1067 2405/1600/1733 1468/1009/1019
f 2406/1601/1734 2403/1598/1731 2405/1600/1733
f 2405/1600/1733 1521/1054/1067 2406/1601/1734
f 2404/1599/1732 2403/1598/1731 2407/1602/1735
f 2403/1598/1731 2406/1601/1734 2407/1602/1735
f 1521/1054/1067 2408/1603/1736 2406/1601/1734
f 2408/1603/1736 1521/1054/1067 1529/1053/1074
f 2408/1603/1736 1529/1053/1074 1537/1068/1080
f 2406/1601/1734 2409/1604/1737 2407/1602/1735
f 2409/1604/1737 2406/1601/1734 2408/1603/1736
f 2409/1604/1737 2404/1599/1732 2407/1602/1735
f 2408/1603/1736 1537/1068/1080 2410/1605/1738
f 2409/1604/1737 2408/1603/1736 2410/1605/1738
f 1537/1068/1080 1596/1112/1134 2410/1605/1738
f 2404/1599/1732 2409/1604/1737 2411/1606/1730
f 2386/1590/1723 2404/1599/1732 2411/1606/1730
f 2409/1604/1737 2410/1605/1738 2412/1607/1739
f 2386/1590/1723 2411/1606/1730 2413/1608/1078
f 2409/1604/1737 2413/1608/1078 2411/1606/1730
f 2413/1608/1078 2409/1604/1737 2412/1607/1739
f 2386/1590/1723 2413/1608/1078 2380/1586/1723
f 2410/1605/1738 2414/1609/1740 2412/1607/1739
f 2413/1608/1078 2412/1607/1739 2414/1609/1740
f 2414/1609/1740 2410/1605/1738 1596/1112/1134
f 2380/1586/1723 2413/1608/1078 2415/1553/1078
f 2414/1609/1740 2415/1553/1078 2413/1608/1078
f 2380/1586/1723 2415/1553/1078 2377/1584/1723
f 1596/1112/1134 2416/1610/1741 2414/1609/1740
f 2415/1553/1078 2414/1609/1740 2416/1610/1741
f 2377/1584/1723 2415/1553/1078 2417/1611/1083
f 2415/1553/1078 2416/1610/1741 2417/1611/1083
f 2377/1584/1723 2417/1611/1083 2374/1554/1722
f 2418/1611/1083 2374/1554/1722 2417/1611/1083
f 2416/1610/1741 2418/1611/1083 2417/1611/1083
f 2374/1554/1722 2418/1611/1083 2371/1563/1721
f 2416/1610/1741 1596/1112/1134 2419/1612/1742
f 1596/1112/1134 1595/1111/1133 2419/1612/1742
f 2419/1612/1742 1595/1111/1133 2420/1613/1743
f 1602/1115/1140 2420/1613/1743 1595/1111/1133
f 2416/1610/1741 2419/1612/1742 2421/1614/1744
f 2421/1614/1744 2419/1612/1742 2420/1613/1743
f 2420/1613/1743 1602/1115/1140 2422/1615/1745
f 2422/1615/1745 2421/1614/1744 2420/1613/1743
f 1602/1115/1140 1603/1117/1141 2422/1615/1745
f 2421/1614/1744 2423/1616/1746 2416/1610/1741
f 2418/1611/1083 2416/1610/1741 2423/1616/1746
f 2424/1617/1747 2422/1615/1745 1603/1117/1141
f 1603/1117/1141 2425/1617/1748 2424/1617/1747
f 2421/1614/1744 2422/1615/1745 2426/1618/1749
f 2422/1615/1745 2424/1617/1747 2426/1618/1749
f 2424/1617/1747 2425/1617/1748 2230/1515/1630
f 2427/1619/754 2230/1515/1630 2425/1617/1748
f 2425/1617/1748 2428/1620/1748 2427/1619/754
f 2232/1515/1632 2424/1617/1747 2230/1515/1630
f 2232/1515/1632 2426/1618/1749 2424/1617/1747
f 2429/1117/1748 2428/1620/1748 2425/1617/1748
f 2425/1617/1748 1603/1117/1141 2429/1117/1748
f 1599/1115/1137 2429/1117/1748 1603/1117/1141
f 2426/1618/1749 2232/1515/1632 2430/1621/1750
f 2232/1515/1632 2234/1517/1634 2430/1621/1750
f 2429/1117/1748 1599/1115/1137 2431/1115/1748
f 2431/1115/1748 2432/1622/1748 2429/1117/1748
f 2432/1622/1748 2431/1115/1748 2433/1623/1751
f 1597/1113/1135 2431/1115/1748 1599/1115/1137
f 1601/1116/1139 2433/1623/1751 2431/1115/1748
f 2431/1115/1748 1597/1113/1135 1601/1116/1139
f 1597/1113/1135 1598/1114/1136 1601/1116/1139
f 2434/1624/1752 2430/1621/1750 2234/1517/1634
f 2236/1519/1155 2434/1624/1752 2234/1517/1634
f 2430/1621/1750 2435/1625/1744 2426/1618/1749
f 2430/1621/1750 2434/1624/1752 2435/1625/1744
f 2435/1625/1744 2421/1614/1744 2426/1618/1749
f 2421/1614/1744 2435/1625/1744 2423/1616/1746
f 2423/1616/1746 2435/1625/1744 2434/1624/1752
f 2423/1616/1746 2434/1624/1752 2436/1626/1119
f 2434/1624/1752 2236/1519/1155 2436/1626/1119
f 2436/1626/1119 2418/1611/1083 2423/1616/1746
f 2236/1519/1155 2437/1611/1083 2436/1626/1119
f 2418/1611/1083 2436/1626/1119 2437/1611/1083
f 2437/1611/1083 2236/1519/1155 2284/1553/1675
f 2437/1611/1083 2438/1563/1753 2418/1611/1083
f 2284/1553/1675 2438/1563/1753 2437/1611/1083
f 2371/1563/1721 2418/1611/1083 2438/1563/1753
f 2438/1563/1753 2284/1553/1675 2310/1565/1674
f 2327/1564/1700 2371/1563/1721 2438/1563/1753
f 2317/1559/1671 2438/1563/1753 2310/1565/1674
f 2438/1563/1753 2317/1559/1671 2327/1564/1700
f 2082/1416/1754 2439/1192/1755 1808/1192/1756
f 2082/1416/1754 2440/1421/1757 2439/1192/1755
f 2079/1413/1758 2440/1421/1757 2082/1416/1754
f 2076/1411/1759 2440/1421/1757 2079/1413/1758
f 2076/1411/1759 2441/1627/1760 2440/1421/1757
f 2075/1410/1761 2441/1627/1760 2076/1411/1759
f 2442/1628/1762 2441/1627/1760 2075/1410/1761
f 2442/1628/1762 2443/1496/1763 2441/1627/1760
f 2444/1629/1764 2443/1496/1763 2442/1628/1762
f 2445/1630/1765 2443/1496/1763 2444/1629/1764
f 2445/1630/1765 2446/1489/1766 2443/1496/1763
f 2447/1631/1767 2446/1489/1766 2445/1630/1765
f 2447/1631/1767 2448/1632/1768 2446/1489/1766
f 2448/1632/1768 2449/1633/1769 2446/1489/1766
f 2448/1632/1768 2450/1634/1770 2449/1633/1769
f 2450/1634/1770 2451/1635/1771 2449/1633/1769
f 2451/1635/1771 2452/1636/1772 2449/1633/1769
f 2451/1635/1771 1010/706/1773 2452/1636/1772
f 1010/706/1773 1011/707/1774 2452/1636/1772
f 1011/707/1774 2453/1637/1775 2452/1636/1772
f 1011/707/1774 1015/709/1776 2453/1637/1775
f 1015/709/1776 1018/712/1777 2453/1637/1775
f 1018/712/1777 2454/721/1778 2453/1637/1775
f 1018/712/1777 1021/714/1779 2454/721/1778
f 1029/720/1780 2454/721/1778 1021/714/1779
f 1029/720/1780 2455/1638/1781 2454/721/1778
f 1032/722/1782 2455/1638/1781 1029/720/1780
f 1034/577/1783 2455/1638/1781 1032/722/1782
f 1034/577/1783 2456/1639/1784 2455/1638/1781
f 1036/572/1785 2456/1639/1784 1034/577/1783
f 2457/1640/1786 2456/1639/1784 1036/572/1785
f 2457/1640/1786 2458/1641/1787 2456/1639/1784
f 2459/1642/1788 2458/1641/1787 2457/1640/1786
f 2460/1643/1789 2458/1641/1787 2459/1642/1788
f 2460/1643/1789 2461/1644/1790 2458/1641/1787
f 2462/776/1791 2461/1644/1790 2460/1643/1789
f 2462/776/1791 2463/1645/1792 2461/1644/1790
f 2463/1645/1792 2464/555/1793 2461/1644/1790
f 2463/1645/1792 2465/1646/1794 2464/555/1793
f 2465/1646/1794 2466/1647/1795 2464/555/1793
f 2466/1647/1795 2467/1648/1796 2464/555/1793
f 2466/1647/1795 1137/791/1797 2467/1648/1796
f 1137/791/1797 1138/799/1798 2467/1648/1796
f 1138/799/1798 2468/1649/1799 2467/1648/1796
f 1138/799/1798 1142/802/1800 2468/1649/1799
f 1142/802/1800 1145/805/1801 2468/1649/1799
f 1145/805/1801 2469/1650/1802 2468/1649/1799
f 1145/805/1801 1148/806/1803 2469/1650/1802
f 1154/810/1804 2469/1650/1802 1148/806/1803
f 1154/810/1804 2470/1651/1805 2469/1650/1802
f 1157/812/1806 2470/1651/1805 1154/810/1804
f 1159/813/1807 2470/1651/1805 1157/812/1806
f 1159/813/1807 2471/1652/1808 2470/1651/1805
f 1161/814/1809 2471/1652/1808 1159/813/1807
f 2472/826/1810 2471/1652/1808 1161/814/1809
f 2472/826/1810 2473/908/1811 2471/1652/1808
f 2474/1653/1812 2473/908/1811 2472/826/1810
f 2475/954/1813 2473/908/1811 2474/1653/1812
f 2475/954/1813 2476/953/1814 2473/908/1811
f 2477/953/1815 2476/953/1814 2475/954/1813
f 2477/953/1815 2478/952/1816 2476/953/1814
f 2478/952/1816 2479/950/1817 2476/953/1814
f 2478/952/1816 2480/1654/1818 2479/950/1817
f 2480/1654/1818 2481/928/1819 2479/950/1817
f 2481/928/1819 2482/946/1820 2479/950/1817
f 2481/928/1819 1433/940/1821 2482/946/1820
f 1433/940/1821 1432/942/1822 2482/946/1820
f 1432/942/1822 2483/1655/1823 2482/946/1820
f 1432/942/1822 1431/945/1824 2483/1655/1823
f 1431/945/1824 1428/986/1825 2483/1655/1823
f 1428/986/1825 2484/1014/1826 2483/1655/1823
f 1428/986/1825 1430/988/1827 2484/1014/1826
f 1436/990/1828 2484/1014/1826 1430/988/1827
f 1436/990/1828 2485/1656/1829 2484/1014/1826
f 1442/996/1830 2485/1656/1829 1436/990/1828
f 1445/998/1831 2485/1656/1829 1442/996/1830
f 1445/998/1831 2486/1004/1832 2485/1656/1829
f 1449/385/1833 2486/1004/1832 1445/998/1831
f 2487/1657/1834 2486/1004/1832 1449/385/1833
f 2487/1657/1834 2488/1053/1835 2486/1004/1832
f 2489/1658/1836 2488/1053/1835 2487/1657/1834
f 2490/1659/1837 2488/1053/1835 2489/1658/1836
f 2490/1659/1837 2491/1061/1838 2488/1053/1835
f 2492/1660/1839 2491/1061/1838 2490/1659/1837
f 2492/1660/1839 2493/1661/1840 2491/1061/1838
f 2493/1661/1840 2494/1067/1841 2491/1061/1838
f 2493/1661/1840 2495/1065/1842 2494/1067/1841
f 2495/1065/1842 2496/1662/1843 2494/1067/1841
f 2496/1662/1843 2497/1663/1844 2494/1067/1841
f 2496/1662/1843 1612/1106/1845 2497/1663/1844
f 1612/1106/1845 1613/1105/1846 2497/1663/1844
f 1613/1105/1846 2498/1664/1847 2497/1663/1844
f 1613/1105/1846 1615/1122/1848 2498/1664/1847
f 1615/1122/1848 1618/1123/1849 2498/1664/1847
f 1618/1123/1849 2499/1665/1850 2498/1664/1847
f 1618/1123/1849 1622/1126/1851 2499/1665/1850
f 1748/1220/1852 2499/1665/1850 1622/1126/1851
f 1748/1220/1852 2500/1666/1853 2499/1665/1850
f 1750/1222/1854 2500/1666/1853 1748/1220/1852
f 1752/1223/1855 2500/1666/1853 1750/1222/1854
f 1752/1223/1855 2501/1667/1856 2500/1666/1853
f 1755/1151/1857 2501/1667/1856 1752/1223/1855
f 2502/1668/1858 2501/1667/1856 1755/1151/1857
f 2502/1668/1858 2503/1233/1859 2501/1667/1856
f 2504/1669/1860 2503/1233/1859 2502/1668/1858
f 2505/1670/1861 2503/1233/1859 2504/1669/1860
f 2505/1670/1861 2506/1207/1862 2503/1233/1859
f 2507/1671/1863 2506/1207/1862 2505/1670/1861
f 2507/1671/1863 2508/1672/1864 2506/1207/1862
f 2508/1672/1864 2509/1673/1865 2506/1207/1862
f 2508/1672/1864 2510/1674/1866 2509/1673/1865
f 2510/1674/1866 2511/1675/1867 2509/1673/1865
f 2511/1675/1867 2512/1676/1868 2509/1673/1865
f 2511/1675/1867 1805/1255/1869 2512/1676/1868
f 1805/1255/1869 1803/1256/1870 2512/1676/1868
f 1803/1256/1870 2513/1189/1871 2512/1676/1868
f 1803/1256/1870 1802/1257/1872 2513/1189/1871
f 1802/1257/1872 1804/1187/1873 2513/1189/1871
f 1804/1187/1873 2439/1192/1755 2513/1189/1871
f 1804/1187/1873 1808/1192/1756 2439/1192/1755
f 2514/1192/3 2513/1189/1314 2439/1192/3
f 2515/1189/1314 2513/1189/1314 2514/1192/3
f 2515/1189/1314 2512/1676/45 2513/1189/1314
f 2516/1676/45 2512/1676/45 2515/1189/1314
f 2516/1676/45 2509/1673/1874 2512/1676/45
f 2517/1673/222 2509/1673/1874 2516/1676/45
f 2517/1673/222 2506/1207/173 2509/1673/1874
f 2518/1207/48 2506/1207/173 2517/1673/222
f 2518/1207/48 2503/1233/220 2506/1207/173
f 2519/1233/220 2503/1233/220 2518/1207/48
f 2503/1233/220 2519/1233/220 2501/1667/219
f 2520/1667/219 2501/1667/219 2519/1233/220
f 2501/1667/219 2520/1667/219 2500/1666/1875
f 2521/1666/217 2500/1666/1875 2520/1667/219
f 2500/1666/1875 2521/1666/217 2499/1665/9
f 2522/1665/9 2499/1665/9 2521/1666/217
f 2499/1665/9 2522/1665/9 2498/1664/1149
f 2523/1664/1149 2498/1664/1149 2522/1665/9
f 2498/1664/1149 2523/1664/1149 2497/1663/11
f 2524/1099/11 2497/1663/11 2523/1664/1149
f 2525/1067/215 2497/1663/11 2524/1099/11
f 2525/1067/215 2494/1067/184 2497/1663/11
f 2526/1061/15 2494/1067/184 2525/1067/215
f 2494/1067/184 2526/1061/15 2491/1061/15
f 2527/1053/1876 2491/1061/15 2526/1061/15
f 2527/1053/1876 2488/1053/213 2491/1061/15
f 2528/1004/18 2488/1053/213 2527/1053/1876
f 2528/1004/18 2486/1004/18 2488/1053/213
f 2529/1656/211 2486/1004/18 2528/1004/18
f 2529/1656/211 2485/1656/211 2486/1004/18
f 2530/1014/209 2485/1656/211 2529/1656/211
f 2485/1656/211 2530/1014/209 2484/1014/437
f 2531/1655/207 2484/1014/437 2530/1014/209
f 2484/1014/437 2531/1655/207 2483/1655/207
f 2532/946/27 2483/1655/207 2531/1655/207
f 2483/1655/207 2532/946/27 2482/946/27
f 2533/950/1877 2482/946/27 2532/946/27
f 2482/946/27 2533/950/1877 2479/950/1877
f 2534/953/24 2479/950/1877 2533/950/1877
f 2479/950/1877 2534/953/24 2476/953/24
f 2535/908/1878 2476/953/24 2534/953/24
f 2476/953/24 2535/908/1878 2473/908/1879
f 2536/1677/34 2473/908/1879 2535/908/1878
f 2473/908/1879 2536/1677/34 2471/1652/1366
f 2536/1677/34 2470/1651/235 2471/1652/1366
f 2470/1651/235 2536/1677/34 2537/1651/235
f 2470/1651/235 2537/1651/235 2469/1650/381
f 2469/1650/381 2537/1651/235 2538/1678/381
f 2469/1650/381 2538/1678/381 2468/1649/233
f 2468/1649/233 2538/1678/381 2539/1679/233
f 2539/1679/233 2467/1648/158 2468/1649/233
f 2467/1648/158 2539/1679/233 2540/800/158
f 2540/800/158 2464/555/231 2467/1648/158
f 2464/555/231 2540/800/158 2541/555/231
f 2541/555/231 2461/1644/146 2464/555/231
f 2461/1644/146 2541/555/231 2542/1644/146
f 2542/1644/146 2458/1641/1490 2461/1644/146
f 2458/1641/1490 2542/1644/146 2543/1641/1490
f 2543/1641/1490 2456/1639/162 2458/1641/1490
f 2456/1639/162 2543/1641/1490 2544/732/162
f 2456/1639/162 2544/732/162 2545/1638/666
f 2456/1639/162 2545/1638/666 2455/1638/1880
f 2455/1638/1880 2545/1638/666 2546/721/149
f 2455/1638/1880 2546/721/149 2454/721/149
f 2454/721/149 2546/721/149 2547/1637/228
f 2454/721/149 2547/1637/228 2453/1637/228
f 2453/1637/228 2547/1637/228 2548/1680/166
f 2453/1637/228 2548/1680/166 2452/1636/428
f 2452/1636/428 2548/1680/166 2549/1681/226
f 2452/1636/428 2549/1681/226 2449/1633/226
f 2449/1633/226 2549/1681/226 2550/1682/170
f 2550/1682/170 2446/1489/334 2449/1633/226
f 2446/1489/334 2550/1682/170 2551/1496/199
f 2551/1496/199 2443/1496/1881 2446/1489/334
f 2443/1496/1881 2551/1496/199 2552/1502/40
f 2552/1502/40 2441/1627/1882 2443/1496/1881
f 2552/1502/40 2440/1421/1501 2441/1627/1882
f 2440/1421/1501 2552/1502/40 2553/1421/1501
f 2553/1421/1501 2439/1192/3 2440/1421/1501
f 2439/1192/3 2553/1421/1501 2514/1192/3
f 2515/1189/176 2514/1192/176 2554/282/176
f 2554/282/176 2555/1683/176 2515/1189/176
f 2515/1189/176 2555/1683/176 2516/1676/176
f 2555/1683/176 2556/1684/176 2516/1676/176
f 2516/1676/176 2556/1684/176 2517/1673/176
f 2556/1684/176 2557/1685/176 2517/1673/176
f 2517/1673/176 2557/1685/176 2518/1207/176
f 2557/1685/176 2558/1686/176 2518/1207/176
f 2559/1687/176 2518/1207/176 2558/1686/176
f 2518/1207/176 2559/1687/176 2519/1233/176
f 2559/1687/176 2520/1667/176 2519/1233/176
f 2560/1688/176 2520/1667/176 2559/1687/176
f 2561/1689/176 2520/1667/176 2560/1688/176
f 2520/1667/176 2561/1689/176 2521/1666/176
f 2562/1690/176 2521/1666/176 2561/1689/176
f 2521/1666/176 2562/1690/176 2522/1665/176
f 2562/1690/176 2523/1664/176 2522/1665/176
f 2523/1664/176 2562/1690/176 2563/1691/176
f 2564/1692/176 2523/1664/176 2563/1691/176
f 2523/1664/176 2564/1692/176 2524/1099/176
f 2564/1692/176 2525/1067/176 2524/1099/176
f 2525/1067/176 2564/1692/176 2565/1693/176
f 2566/1694/176 2525/1067/176 2565/1693/176
f 2525/1067/176 2566/1694/176 2526/1061/176
f 2566/1694/176 2527/1053/176 2526/1061/176
f 2527/1053/176 2566/1694/176 2567/1695/176
f 2567/1695/176 2528/1004/176 2527/1053/176
f 2528/1004/176 2567/1695/176 2568/1696/176
f 2569/1697/176 2528/1004/176 2568/1696/176
f 2528/1004/176 2569/1697/176 2529/1656/176
f 2570/1698/176 2529/1656/176 2569/1697/176
f 2529/1656/176 2570/1698/176 2530/1014/176
f 2530/1014/176 2570/1698/176 2571/1699/176
f 2530/1014/176 2571/1699/176 2531/1655/176
f 2531/1655/176 2571/1699/176 2572/1700/176
f 2531/1655/176 2572/1700/176 2532/946/176
f 2532/946/176 2572/1700/176 2573/1701/176
f 2573/1701/176 2533/950/176 2532/946/176
f 2573/1701/176 2574/310/176 2533/950/176
f 2574/310/176 2534/953/176 2533/950/176
f 2574/310/176 2535/908/176 2534/953/176
f 2535/908/176 2574/310/176 2575/1702/176
f 2576/1703/176 2535/908/176 2575/1702/176
f 2535/908/176 2576/1703/176 2536/1677/176
f 2577/1704/176 2536/1677/176 2576/1703/176
f 2536/1677/176 2577/1704/176 2537/1651/176
f 2577/1704/176 2538/1678/176 2537/1651/176
f 2538/1678/176 2577/1704/176 2578/1705/176
f 2579/1706/176 2538/1678/176 2578/1705/176
f 2538/1678/176 2579/1706/176 2539/1679/176
f 2579/1706/176 2540/800/176 2539/1679/176
f 2540/800/176 2579/1706/176 2580/1707/176
f 2581/1708/176 2540/800/176 2580/1707/176
f 2540/800/176 2581/1708/176 2541/555/176
f 2582/1709/176 2541/555/176 2581/1708/176
f 2541/555/176 2582/1709/176 2542/1644/176
f 2583/1710/176 2542/1644/176 2582/1709/176
f 2542/1644/176 2583/1710/176 2543/1641/176
f 2584/1711/176 2543/1641/176 2583/1710/176
f 2543/1641/176 2584/1711/176 2544/732/176
f 2584/1711/176 2545/1638/176 2544/732/176
f 2545/1638/176 2584/1711/176 2585/257/176
f 2585/257/176 2546/721/176 2545/1638/176
f 2546/721/176 2585/257/176 2586/259/176
f 2586/259/176 2547/1637/176 2546/721/176
f 2547/1637/176 2586/259/176 2587/1712/176
f 2587/1712/176 2548/1680/176 2547/1637/176
f 2548/1680/176 2587/1712/176 2588/1713/176
f 2588/1713/176 2589/1714/176 2548/1680/176
f 2589/1714/176 2549/1681/176 2548/1680/176
f 2589/1714/176 2550/1682/176 2549/1681/176
f 2550/1682/176 2589/1714/176 2590/1715/176
f 2591/1716/176 2550/1682/176 2590/1715/176
f 2550/1682/176 2591/1716/176 2551/1496/176
f 2591/1716/176 2552/1502/176 2551/1496/176
f 2552/1502/176 2591/1716/176 2592/1717/176
f 2592/1717/176 2553/1421/176 2552/1502/176
f 2553/1421/176 2592/1717/176 2593/1718/176
f 2554/282/176 2553/1421/176 2593/1718/176
f 2553/1421/176 2554/282/176 2514/1192/176
f 2594/1683/1878 2554/282/24 2595/282/24
f 2554/282/24 2594/1683/1878 2555/1683/1878
f 2596/1684/34 2555/1683/1878 2594/1683/1878
f 2555/1683/1878 2596/1684/34 2556/1684/34
f 2596/1684/34 2557/1685/1883 2556/1684/34
f 2557/1685/1883 2596/1684/34 2597/1685/1884
f 2598/1686/381 2557/1685/1883 2597/1685/1884
f 2557/1685/1883 2598/1686/381 2558/1686/381
f 2599/1687/233 2558/1686/381 2598/1686/381
f 2558/1686/381 2599/1687/233 2559/1687/233
f 2600/1688/158 2559/1687/233 2599/1687/233
f 2560/1688/158 2559/1687/233 2600/1688/158
f 2601/1689/231 2560/1688/158 2600/1688/158
f 2561/1689/1885 2560/1688/158 2601/1689/231
f 2602/1719/146 2561/1689/1885 2601/1689/231
f 2562/1690/146 2561/1689/1885 2602/1719/146
f 2603/1691/1886 2562/1690/146 2602/1719/146
f 2563/1691/1490 2562/1690/146 2603/1691/1886
f 2604/1692/162 2563/1691/1490 2603/1691/1886
f 2564/1692/162 2563/1691/1490 2604/1692/162
f 2604/1692/162 2565/1693/1880 2564/1692/162
f 2565/1693/1880 2604/1692/162 2605/1693/666
f 2605/1693/666 2566/1694/149 2565/1693/1880
f 2566/1694/149 2605/1693/666 2606/1694/149
f 2606/1694/149 2567/1695/1887 2566/1694/149
f 2567/1695/1887 2606/1694/149 2607/1695/228
f 2607/1695/228 2568/1696/166 2567/1695/1887
f 2568/1696/166 2607/1695/228 2608/1720/166
f 2608/1720/166 2569/1697/226 2568/1696/166
f 2569/1697/226 2608/1720/166 2609/1697/226
f 2570/1698/170 2569/1697/226 2609/1697/226
f 2570/1698/170 2609/1697/226 2610/1698/170
f 2571/1699/199 2570/1698/170 2610/1698/170
f 2571/1699/199 2610/1698/170 2611/1699/1888
f 2612/1700/40 2571/1699/199 2611/1699/1888
f 2571/1699/199 2612/1700/40 2572/1700/40
f 2573/1701/1501 2572/1700/40 2612/1700/40
f 2573/1701/1501 2612/1700/40 2613/1701/1889
f 2574/310/3 2573/1701/1501 2613/1701/1889
f 2574/310/3 2613/1701/1889 2614/310/3
f 2614/310/3 2575/1702/1314 2574/310/3
f 2575/1702/1314 2614/310/3 2615/1702/1890
f 2615/1702/1890 2616/1721/45 2575/1702/1314
f 2576/1703/45 2575/1702/1314 2616/1721/45
f 2616/1721/45 2617/1704/222 2576/1703/45
f 2577/1704/222 2576/1703/45 2617/1704/222
f 2617/1704/222 2618/1705/48 2577/1704/222
f 2578/1705/48 2577/1704/222 2618/1705/48
f 2618/1705/48 2619/1706/220 2578/1705/48
f 2579/1706/220 2578/1705/48 2619/1706/220
f 2619/1706/220 2620/1707/219 2579/1706/220
f 2579/1706/220 2620/1707/219 2580/1707/219
f 2620/1707/219 2621/1708/217 2580/1707/219
f 2580/1707/219 2621/1708/217 2581/1708/217
f 2621/1708/217 2622/1722/9 2581/1708/217
f 2581/1708/217 2622/1722/9 2582/1709/9
f 2623/1710/1149 2582/1709/9 2622/1722/9
f 2582/1709/9 2623/1710/1149 2583/1710/1149
f 2623/1710/1149 2624/1711/11 2583/1710/1149
f 2583/1710/1149 2624/1711/11 2584/1711/11
f 2585/257/184 2584/1711/11 2624/1711/11
f 2624/1711/11 2625/257/215 2585/257/184
f 2586/259/15 2585/257/184 2625/257/215
f 2625/257/215 2626/1723/15 2586/259/15
f 2587/1712/213 2586/259/15 2626/1723/15
f 2626/1723/15 2627/1712/213 2587/1712/213
f 2588/1713/18 2587/1712/213 2627/1712/213
f 2627/1712/213 2628/1713/18 2588/1713/18
f 2589/1714/211 2588/1713/18 2628/1713/18
f 2628/1713/18 2629/1714/211 2589/1714/211
f 2629/1714/211 2590/1715/141 2589/1714/211
f 2629/1714/211 2630/1715/209 2590/1715/141
f 2630/1715/209 2591/1716/207 2590/1715/141
f 2591/1716/207 2630/1715/209 2631/1716/207
f 2631/1716/207 2592/1717/27 2591/1716/207
f 2631/1716/207 2632/1724/27 2592/1717/27
f 2632/1724/27 2593/1718/1877 2592/1717/27
f 2632/1724/27 2633/1718/1877 2593/1718/1877
f 2595/282/24 2593/1718/1877 2633/1718/1877
f 2593/1718/1877 2595/282/24 2554/282/24
f 393/331/1891 2595/282/1892 316/282/1892
f 2595/282/1892 393/331/1891 2594/1683/1891
f 392/330/1893 2594/1683/1891 393/331/1891
f 2594/1683/1891 392/330/1893 2596/1684/1893
f 392/330/1893 2597/1685/1894 2596/1684/1893
f 2597/1685/1894 392/330/1893 390/329/1894
f 387/328/1895 2597/1685/1894 390/329/1894
f 2597/1685/1894 387/328/1895 2598/1686/1896
f 387/328/1895 385/327/1897 2598/1686/1896
f 2598/1686/1896 385/327/1897 2599/1687/1898
f 385/327/1897 383/326/1899 2599/1687/1898
f 2600/1688/1899 2599/1687/1898 383/326/1899
f 383/326/1899 2601/1689/1900 2600/1688/1899
f 2601/1689/1900 383/326/1899 381/325/1901
f 381/325/1901 379/324/1902 2601/1689/1900
f 2602/1719/1902 2601/1689/1900 379/324/1902
f 379/324/1902 2603/1691/1903 2602/1719/1902
f 2603/1691/1903 379/324/1902 377/323/1904
f 376/322/1905 2603/1691/1903 377/323/1904
f 2604/1692/1905 2603/1691/1903 376/322/1905
f 376/322/1905 2605/1693/1906 2604/1692/1905
f 2605/1693/1906 376/322/1905 374/321/1907
f 372/319/1908 2605/1693/1906 374/321/1907
f 2605/1693/1906 372/319/1908 2606/1694/1908
f 372/319/1908 2607/1695/1909 2606/1694/1908
f 2607/1695/1909 372/319/1908 370/318/1910
f 368/316/1911 2607/1695/1909 370/318/1910
f 2607/1695/1909 368/316/1911 2608/1720/1911
f 368/316/1911 2609/1697/1912 2608/1720/1911
f 368/316/1911 366/315/1913 2609/1697/1912
f 366/315/1913 2610/1698/1914 2609/1697/1912
f 366/315/1913 363/314/1915 2610/1698/1914
f 2611/1699/1916 2610/1698/1914 363/314/1915
f 363/314/1915 361/313/1917 2611/1699/1916
f 360/312/1918 2611/1699/1916 361/313/1917
f 2611/1699/1916 360/312/1918 2612/1700/1918
f 2613/1701/1919 2612/1700/1918 360/312/1918
f 2613/1701/1919 360/312/1918 358/311/1919
f 2614/310/1920 2613/1701/1919 358/311/1919
f 2614/310/1920 358/311/1919 355/310/1920
f 355/310/1920 2615/1702/1921 2614/310/1920
f 2615/1702/1921 355/310/1920 353/308/1921
f 2615/1702/1921 353/308/1921 351/307/1922
f 2616/1721/1922 2615/1702/1921 351/307/1922
f 351/307/1922 2617/1704/1923 2616/1721/1922
f 2617/1704/1923 351/307/1922 350/306/1924
f 348/304/1925 2617/1704/1923 350/306/1924
f 2618/1705/1926 2617/1704/1923 348/304/1925
f 345/302/1927 2618/1705/1926 348/304/1925
f 2618/1705/1926 345/302/1927 2619/1706/1928
f 343/301/1929 2619/1706/1928 345/302/1927
f 2619/1706/1928 343/301/1929 2620/1707/1930
f 341/300/1931 2620/1707/1930 343/301/1929
f 2620/1707/1930 341/300/1931 2621/1708/1932
f 339/299/1933 2621/1708/1932 341/300/1931
f 2621/1708/1932 339/299/1933 2622/1722/1933
f 339/299/1933 2623/1710/1934 2622/1722/1933
f 2623/1710/1934 339/299/1933 337/297/1935
f 336/296/1936 2623/1710/1934 337/297/1935
f 2623/1710/1934 336/296/1936 2624/1711/1936
f 2625/257/1937 2624/1711/1936 336/296/1936
f 336/296/1936 334/295/1938 2625/257/1937
f 332/293/1939 2625/257/1937 334/295/1938
f 2625/257/1937 332/293/1939 2626/1723/1939
f 2627/1712/1940 2626/1723/1939 332/293/1939
f 2627/1712/1940 332/293/1939 330/292/1941
f 2628/1713/1942 2627/1712/1940 330/292/1941
f 2628/1713/1942 330/292/1941 328/291/1943
f 2629/1714/1944 2628/1713/1942 328/291/1943
f 2629/1714/1944 328/291/1943 325/290/1945
f 325/290/1945 2630/1715/1946 2629/1714/1944
f 2630/1715/1946 325/290/1945 323/288/1947
f 323/288/1947 2631/1716/1948 2630/1715/1946
f 2631/1716/1948 323/288/1947 322/287/1949
f 320/285/1950 2631/1716/1948 322/287/1949
f 2631/1716/1948 320/285/1950 2632/1724/1950
f 320/285/1950 2633/1718/1951 2632/1724/1950
f 2633/1718/1951 320/285/1950 318/284/1951
f 316/282/1892 2633/1718/1951 318/284/1951
f 2633/1718/1951 316/282/1892 2595/282/1892
f 2634/1725/1952 2635/282/1953 315/282/1954
f 317/283/1955 2634/1725/1952 315/282/1954
f 317/283/1955 2636/1718/1956 2634/1725/1952
f 2637/1726/1957 2636/1718/1956 317/283/1955
f 319/285/1958 2637/1726/1957 317/283/1955
f 319/285/1958 2638/1717/1959 2637/1726/1957
f 2639/1727/1960 2638/1717/1959 319/285/1958
f 321/286/1961 2639/1727/1960 319/285/1958
f 321/286/1961 2640/1716/1962 2639/1727/1960
f 2641/1728/1963 2640/1716/1962 321/286/1961
f 324/289/1964 2641/1728/1963 321/286/1961
f 324/289/1964 2642/1715/1965 2641/1728/1963
f 2643/1729/1966 2642/1715/1965 324/289/1964
f 326/290/1967 2643/1729/1966 324/289/1964
f 326/290/1967 2644/1714/1968 2643/1729/1966
f 2645/1730/1969 2644/1714/1968 326/290/1967
f 327/291/1970 2645/1730/1969 326/290/1967
f 327/291/1970 2646/1713/1971 2645/1730/1969
f 2647/1731/1972 2646/1713/1971 327/291/1970
f 329/292/1973 2647/1731/1972 327/291/1970
f 329/292/1973 2648/1712/1974 2647/1731/1972
f 2649/1732/1975 2648/1712/1974 329/292/1973
f 331/293/1976 2649/1732/1975 329/292/1973
f 331/293/1976 283/259/1977 2649/1732/1975
f 280/258/1978 283/259/1977 331/293/1976
f 333/294/1979 280/258/1978 331/293/1976
f 333/294/1979 279/257/1980 280/258/1978
f 276/254/1981 279/257/1980 333/294/1979
f 335/296/1982 276/254/1981 333/294/1979
f 335/296/1982 2650/1733/1983 276/254/1981
f 335/296/1982 2651/1734/1984 2650/1733/1983
f 335/296/1982 338/298/1985 2651/1734/1984
f 2651/1734/1984 338/298/1985 2652/1710/1986
f 338/298/1985 2653/1735/1987 2652/1710/1986
f 338/298/1985 340/299/1988 2653/1735/1987
f 2653/1735/1987 340/299/1988 2654/1709/1989
f 340/299/1988 2655/1736/1990 2654/1709/1989
f 340/299/1988 342/300/1991 2655/1736/1990
f 2655/1736/1990 342/300/1991 2656/1708/1992
f 342/300/1991 2657/1737/1993 2656/1708/1992
f 342/300/1991 344/301/1994 2657/1737/1993
f 2657/1737/1993 344/301/1994 2658/1707/1995
f 344/301/1994 2659/1738/1996 2658/1707/1995
f 344/301/1994 346/302/1997 2659/1738/1996
f 2659/1738/1996 346/302/1997 2660/1706/1998
f 346/302/1997 2661/1739/1999 2660/1706/1998
f 346/302/1997 347/303/2000 2661/1739/1999
f 2661/1739/1999 347/303/2000 2662/1705/2001
f 347/303/2000 2663/1740/2002 2662/1705/2001
f 347/303/2000 349/305/2003 2663/1740/2002
f 2663/1740/2002 349/305/2003 2664/1704/2004
f 349/305/2003 2665/1741/2005 2664/1704/2004
f 349/305/2003 352/307/2006 2665/1741/2005
f 2665/1741/2005 352/307/2006 2666/1703/2007
f 352/307/2006 2667/1742/2008 2666/1703/2007
f 352/307/2006 354/309/2009 2667/1742/2008
f 2667/1742/2008 354/309/2009 2668/1702/2010
f 354/309/2009 2669/1743/2011 2668/1702/2010
f 354/309/2009 356/310/2012 2669/1743/2011
f 2669/1743/2011 356/310/2012 2670/310/2013
f 2671/1744/2014 2670/310/2013 356/310/2012
f 357/311/2015 2671/1744/2014 356/310/2012
f 357/311/2015 2672/1701/2016 2671/1744/2014
f 2673/1745/2017 2672/1701/2016 357/311/2015
f 359/312/2018 2673/1745/2017 357/311/2015
f 359/312/2018 2674/1700/2019 2673/1745/2017
f 2675/1746/2020 2674/1700/2019 359/312/2018
f 362/313/2021 2675/1746/2020 359/312/2018
f 362/313/2021 2676/1699/2022 2675/1746/2020
f 2677/976/2023 2676/1699/2022 362/313/2021
f 364/314/2024 2677/976/2023 362/313/2021
f 364/314/2024 2678/1698/2025 2677/976/2023
f 2679/1747/2026 2678/1698/2025 364/314/2024
f 365/315/2027 2679/1747/2026 364/314/2024
f 365/315/2027 2680/1748/2028 2679/1747/2026
f 2681/1749/2029 2680/1748/2028 365/315/2027
f 367/316/2030 2681/1749/2029 365/315/2027
f 367/316/2030 2682/1696/2031 2681/1749/2029
f 2683/1750/2032 2682/1696/2031 367/316/2030
f 369/317/2033 2683/1750/2032 367/316/2030
f 369/317/2033 2684/1695/2034 2683/1750/2032
f 2685/1751/2035 2684/1695/2034 369/317/2033
f 371/319/2036 2685/1751/2035 369/317/2033
f 371/319/2036 2686/1694/2037 2685/1751/2035
f 2687/1752/2038 2686/1694/2037 371/319/2036
f 373/320/2039 2687/1752/2038 371/319/2036
f 373/320/2039 2688/1693/2040 2687/1752/2038
f 2689/1753/2041 2688/1693/2040 373/320/2039
f 375/322/2042 2689/1753/2041 373/320/2039
f 375/322/2042 2690/1692/2043 2689/1753/2041
f 375/322/2042 2691/1754/2044 2690/1692/2043
f 375/322/2042 378/323/2045 2691/1754/2044
f 2691/1754/2044 378/323/2045 2692/1691/2046
f 378/323/2045 2693/1755/2047 2692/1691/2046
f 378/323/2045 380/324/2048 2693/1755/2047
f 2693/1755/2047 380/324/2048 2694/1690/2049
f 380/324/2048 2695/1756/2050 2694/1690/2049
f 380/324/2048 382/325/2051 2695/1756/2050
f 2695/1756/2050 382/325/2051 2696/1689/2052
f 382/325/2051 2697/1757/2053 2696/1689/2052
f 382/325/2051 384/326/2054 2697/1757/2053
f 2697/1757/2053 384/326/2054 2698/1688/2055
f 384/326/2054 2699/1758/2056 2698/1688/2055
f 384/326/2054 386/327/2057 2699/1758/2056
f 2699/1758/2056 386/327/2057 2700/1687/2058
f 386/327/2057 2701/1759/2059 2700/1687/2058
f 386/327/2057 388/328/2060 2701/1759/2059
f 2701/1759/2059 388/328/2060 2702/1686/2061
f 388/328/2060 2703/1760/2062 2702/1686/2061
f 388/328/2060 389/329/2063 2703/1760/2062
f 2703/1760/2062 389/329/2063 2704/1685/2064
f 389/329/2063 2705/1761/2065 2704/1685/2064
f 389/329/2063 391/330/2066 2705/1761/2065
f 2705/1761/2065 391/330/2066 2706/1684/2067
f 391/330/2066 2707/1762/2068 2706/1684/2067
f 391/330/2066 394/331/2069 2707/1762/2068
f 2707/1762/2068 394/331/2069 2708/1683/2070
f 394/331/2069 2709/1763/2071 2708/1683/2070
f 394/331/2069 315/282/1954 2709/1763/2071
f 2709/1763/2071 315/282/1954 2635/282/1953
f 2710/1764/162 2711/335/2072 2712/1765/247
f 2711/335/2072 2710/1764/162 2713/335/245
f 2713/335/245 403/335/243 2711/335/2072
f 403/335/243 2713/335/245 404/335/243
f 2714/1766/2073 396/333/11 395/332/11
f 2714/1766/2073 2715/1766/2074 396/333/11
f 2716/1766/2075 2715/1766/2074 2714/1766/2073
f 2716/1766/2075 2717/1766/2076 2715/1766/2074
f 2716/1766/2075 2718/1767/2077 2717/1766/2076
f 2718/1767/2077 2716/1766/2075 2719/1767/2078
f 2720/1767/2079 2718/1767/2077 2719/1767/2078
f 2718/1767/2077 2720/1767/2079 2721/1767/2080
f 2720/1767/2079 2722/1767/2081 2721/1767/2080
f 2722/1767/2081 2720/1767/2079 2723/1767/2082
f 2723/1767/2082 2712/1765/247 2722/1767/2081
f 2712/1765/247 2723/1767/2082 2710/1764/162
f 404/335/2083 408/335/2084 406/1768/2085
f 408/335/2084 404/335/2083 2713/335/2084
f 2713/335/2084 410/335/2084 408/335/2084
f 410/335/2084 2713/335/2084 2710/1764/2085
f 2723/1767/2086 410/335/2084 2710/1764/2085
f 410/335/2084 2723/1767/2086 2724/1767/2087
f 2720/1767/2088 2724/1767/2087 2723/1767/2086
f 2724/1767/2087 2720/1767/2088 2725/1767/2089
f 2720/1767/2088 2719/1767/2084 2725/1767/2089
f 2719/1767/2084 2726/1767/2083 2725/1767/2089
f 2719/1767/2084 2727/1766/2084 2726/1767/2083
f 2727/1766/2084 2719/1767/2084 2716/1766/2083
f 2716/1766/2083 2728/1766/2090 2727/1766/2084
f 2728/1766/2090 2716/1766/2083 2714/1766/2091
f 2714/1766/2091 412/332/2084 2728/1766/2090
f 412/332/2084 2714/1766/2091 395/332/2084
f 395/332/2084 398/332/2084 412/332/2084
f 398/332/2084 413/332/2084 412/332/2084
f 398/332/2084 400/332/2083 413/332/2084
f 413/332/2084 400/332/2083 415/332/2084
f 401/335/2083 415/332/2084 400/332/2083
f 415/332/2084 401/335/2083 418/335/2084
f 401/335/2083 406/1768/2085 418/335/2084
f 406/1768/2085 401/335/2083 404/335/2083
f 2729/339/2073 412/339/11 411/339/11
f 2729/339/2073 2728/339/2073 412/339/11
f 2730/340/2092 2728/339/2073 2729/339/2073
f 2730/340/2092 2727/340/2092 2728/339/2073
f 2730/340/2092 2726/336/2078 2727/340/2092
f 2726/336/2078 2730/340/2092 2731/336/2078
f 2732/336/2079 2726/336/2078 2731/336/2078
f 2726/336/2078 2732/336/2079 2725/336/2080
f 2732/336/2079 2724/338/2081 2725/336/2080
f 2724/338/2081 2732/336/2079 2733/338/2093
f 2733/338/2093 410/338/248 2724/338/2081
f 410/338/248 2733/338/2093 409/338/247
f 281/257/2094 280/258/2094 279/257/2094
f 279/257/184 278/256/183 281/257/186
f 278/256/183 2734/1769/2095 281/257/186
f 2734/1769/2095 282/258/187 281/257/186
f 2735/1770/1082 2734/1769/2095 278/256/183
f 282/258/187 2734/1769/2095 2736/1771/1076
f 278/256/183 2737/1772/2096 2735/1770/1082
f 2737/1772/2096 278/256/183 277/255/182
f 277/255/182 276/254/181 2650/1733/11
f 2650/1733/11 2738/1773/2097 277/255/182
f 2737/1772/2096 277/255/182 2738/1773/2097
f 2738/1773/2097 2650/1733/11 2651/1734/2098
f 2652/1710/1149 2738/1773/2097 2651/1734/2098
f 2739/1710/2099 2738/1773/2097 2652/1710/1149
f 2653/1735/1151 2739/1710/2099 2652/1710/1149
f 2740/1710/2100 2737/1772/2096 2738/1773/2097
f 2740/1710/2100 2738/1773/2097 2739/1710/2099
f 2741/1735/2101 2739/1710/2099 2653/1735/1151
f 2654/1709/9 2741/1735/2101 2653/1735/1151
f 2742/1774/2102 2740/1710/2100 2739/1710/2099
f 2739/1710/2099 2741/1735/2101 2742/1774/2102
f 2743/1709/2103 2741/1735/2101 2654/1709/9
f 2655/1736/2104 2743/1709/2103 2654/1709/9
f 2744/1775/2105 2742/1774/2102 2741/1735/2101
f 2741/1735/2101 2743/1709/2103 2744/1775/2105
f 2745/1736/2106 2743/1709/2103 2655/1736/2104
f 2656/1708/217 2745/1736/2106 2655/1736/2104
f 2746/1776/2107 2744/1775/2105 2743/1709/2103
f 2743/1709/2103 2745/1736/2106 2746/1776/2107
f 2747/1708/2108 2745/1736/2106 2656/1708/217
f 2657/1737/2109 2747/1708/2108 2656/1708/217
f 2748/1777/2110 2746/1776/2107 2745/1736/2106
f 2745/1736/2106 2747/1708/2108 2748/1777/2110
f 2749/1737/2111 2747/1708/2108 2657/1737/2109
f 2658/1707/219 2749/1737/2111 2657/1737/2109
f 2750/1778/2112 2748/1777/2110 2747/1708/2108
f 2747/1708/2108 2749/1737/2111 2750/1778/2112
f 2751/1707/2113 2749/1737/2111 2658/1707/219
f 2659/1738/2114 2751/1707/2113 2658/1707/219
f 2752/1779/2115 2750/1778/2112 2749/1737/2111
f 2749/1737/2111 2751/1707/2113 2752/1779/2115
f 2753/1738/2116 2751/1707/2113 2659/1738/2114
f 2660/1706/220 2753/1738/2116 2659/1738/2114
f 2754/1780/1656 2752/1779/2115 2751/1707/2113
f 2751/1707/2113 2753/1738/2116 2754/1780/1656
f 2755/1706/2117 2753/1738/2116 2660/1706/220
f 2661/1739/2118 2755/1706/2117 2660/1706/220
f 2756/1781/1281 2754/1780/1656 2753/1738/2116
f 2753/1738/2116 2755/1706/2117 2756/1781/1281
f 2755/1706/2117 2661/1739/2118 2757/1739/2119
f 2662/1705/2120 2757/1739/2119 2661/1739/2118
f 2756/1781/1281 2755/1706/2117 2758/1782/2121
f 2757/1739/2119 2662/1705/2120 2759/1705/2122
f 2663/1740/2123 2759/1705/2122 2662/1705/2120
f 2760/1783/2124 2755/1706/2117 2757/1739/2119
f 2757/1739/2119 2759/1705/2122 2760/1783/2124
f 2755/1706/2117 2760/1783/2124 2758/1782/2121
f 2759/1705/2122 2663/1740/2123 2761/1740/2125
f 2664/1704/222 2761/1740/2125 2663/1740/2123
f 2760/1783/2124 2759/1705/2122 2762/1784/2126
f 2759/1705/2122 2761/1740/2125 2762/1784/2126
f 2761/1740/2125 2664/1704/222 2763/1704/2127
f 2665/1741/2128 2763/1704/2127 2664/1704/222
f 2762/1784/2126 2761/1740/2125 2764/1785/2129
f 2763/1704/2127 2665/1741/2128 2765/1741/2130
f 2666/1703/2131 2765/1741/2130 2665/1741/2128
f 2766/1786/2132 2761/1740/2125 2763/1704/2127
f 2761/1740/2125 2766/1786/2132 2764/1785/2129
f 2765/1741/2130 2666/1703/2131 2767/1703/2133
f 2667/1742/2134 2767/1703/2133 2666/1703/2131
f 2768/1787/1296 2763/1704/2127 2765/1741/2130
f 2763/1704/2127 2768/1787/1296 2766/1786/2132
f 2769/1788/2135 2765/1741/2130 2767/1703/2133
f 2765/1741/2130 2769/1788/2135 2768/1787/1296
f 2767/1703/2133 2667/1742/2134 2770/1742/2136
f 2770/1742/2136 2769/1788/2135 2767/1703/2133
f 2668/1702/1890 2770/1742/2136 2667/1742/2134
f 2768/1787/1296 2769/1788/2135 2771/1789/2137
f 2770/1742/2136 2668/1702/1890 2772/1702/2138
f 2669/1743/1316 2772/1702/2138 2668/1702/1890
f 2769/1788/2135 2770/1742/2136 2773/1790/2139
f 2772/1702/2138 2669/1743/1316 2774/1743/2140
f 2670/310/3 2774/1743/2140 2669/1743/1316
f 2775/1791/2141 2770/1742/2136 2772/1702/2138
f 2774/1743/2140 2775/1791/2141 2772/1702/2138
f 2770/1742/2136 2775/1791/2141 2773/1790/2139
f 2774/1743/2140 2670/310/3 2776/310/2142
f 2671/1744/1503 2776/310/2142 2670/310/3
f 2775/1791/2141 2774/1743/2140 2777/1743/2143
f 2776/310/2142 2777/1743/2143 2774/1743/2140
f 2776/310/2142 2671/1744/1503 2778/1744/2144
f 2672/1701/1501 2778/1744/2144 2671/1744/1503
f 2777/1743/2143 2776/310/2142 2779/310/2145
f 2778/1744/2144 2779/310/2145 2776/310/2142
f 2775/1791/2141 2777/1743/2143 2780/1792/2146
f 2777/1743/2143 2779/310/2145 2781/310/2147
f 2777/1743/2143 2781/310/2147 2780/1792/2146
f 2779/310/2145 2778/1744/2144 2782/1744/2148
f 2782/1744/2148 2781/310/2147 2779/310/2145
f 2778/1744/2144 2672/1701/1501 2783/1701/2149
f 2778/1744/2144 2784/1793/2150 2782/1744/2148
f 2784/1793/2150 2778/1744/2144 2783/1701/2149
f 2672/1701/1501 2785/1745/2151 2783/1701/2149
f 2785/1745/2151 2784/1793/2150 2783/1701/2149
f 2785/1745/2151 2672/1701/1501 2673/1745/2152
f 2784/1793/2150 2786/1794/2153 2782/1744/2148
f 2781/310/2147 2782/1744/2148 2786/1794/2153
f 2673/1745/2152 2787/1700/2154 2785/1745/2151
f 2787/1700/2154 2673/1745/2152 2674/1700/40
f 2788/1795/2155 2784/1793/2150 2785/1745/2151
f 2787/1700/2154 2788/1795/2155 2785/1745/2151
f 2674/1700/40 2789/1746/2156 2787/1700/2154
f 2789/1746/2156 2674/1700/40 2675/1746/2157
f 2790/1796/2158 2788/1795/2155 2787/1700/2154
f 2789/1746/2156 2790/1796/2158 2787/1700/2154
f 2788/1795/2155 2791/1797/2159 2784/1793/2150
f 2786/1794/2153 2784/1793/2150 2791/1797/2159
f 2790/1796/2158 2792/1798/2160 2788/1795/2155
f 2791/1797/2159 2788/1795/2155 2792/1798/2160
f 2793/1799/2161 2790/1796/2158 2789/1746/2156
f 2675/1746/2157 2794/1699/2162 2789/1746/2156
f 2794/1699/2162 2793/1799/2161 2789/1746/2156
f 2794/1699/2162 2675/1746/2157 2676/1699/199
f 2793/1799/2161 2795/1800/2163 2790/1796/2158
f 2792/1798/2160 2790/1796/2158 2795/1800/2163
f 2796/1801/2164 2793/1799/2161 2794/1699/2162
f 2795/1800/2163 2793/1799/2161 2797/1802/2165
f 2796/1801/2164 2797/1802/2165 2793/1799/2161
f 2676/1699/199 2798/976/2166 2794/1699/2162
f 2798/976/2166 2676/1699/199 2677/976/2167
f 2678/1698/171 2798/976/2166 2677/976/2167
f 2794/1699/2162 2799/1803/2168 2796/1801/2164
f 2799/1803/2168 2794/1699/2162 2798/976/2166
f 2797/1802/2165 2796/1801/2164 2800/1804/2169
f 2799/1803/2168 2800/1804/2169 2796/1801/2164
f 2798/976/2166 2678/1698/171 2801/1698/2170
f 2798/976/2166 2802/1805/2171 2799/1803/2168
f 2802/1805/2171 2798/976/2166 2801/1698/2170
f 2678/1698/171 2803/1747/2172 2801/1698/2170
f 2801/1698/2170 2803/1747/2172 2802/1805/2171
f 2803/1747/2172 2678/1698/171 2679/1747/2173
f 2802/1805/2171 2804/1806/2174 2799/1803/2168
f 2800/1804/2169 2799/1803/2168 2804/1806/2174
f 2805/1807/1599 2802/1805/2171 2803/1747/2172
f 2679/1747/2173 2806/1697/2175 2803/1747/2172
f 2803/1747/2172 2806/1697/2175 2805/1807/1599
f 2806/1697/2175 2679/1747/2173 2680/1748/226
f 2680/1748/226 2681/1749/2176 2806/1697/2175
f 2805/1807/1599 2807/1808/2177 2802/1805/2171
f 2804/1806/2174 2802/1805/2171 2807/1808/2177
f 2806/1697/2175 2681/1749/2176 2808/1749/2178
f 2682/1696/428 2808/1749/2178 2681/1749/2176
f 2809/1809/2179 2805/1807/1599 2806/1697/2175
f 2808/1749/2178 2682/1696/428 2810/1696/2180
f 2809/1809/2179 2811/1810/2181 2805/1807/1599
f 2807/1808/2177 2805/1807/1599 2811/1810/2181
f 2806/1697/2175 2812/1811/2182 2809/1809/2179
f 2812/1811/2182 2806/1697/2175 2808/1749/2178
f 2811/1810/2181 2809/1809/2179 2813/1032/2183
f 2812/1811/2182 2813/1032/2183 2809/1809/2179
f 2808/1749/2178 2814/1812/2184 2812/1811/2182
f 2814/1812/2184 2808/1749/2178 2810/1696/2180
f 2813/1032/2183 2812/1811/2182 2815/1813/2185
f 2814/1812/2184 2815/1813/2185 2812/1811/2182
f 2682/1696/428 2816/1750/2186 2810/1696/2180
f 2816/1750/2186 2682/1696/428 2683/1750/2187
f 2810/1696/2180 2817/1814/2188 2814/1812/2184
f 2817/1814/2188 2810/1696/2180 2816/1750/2186
f 2683/1750/2187 2818/1695/2189 2816/1750/2186
f 2816/1750/2186 2818/1695/2189 2817/1814/2188
f 2818/1695/2189 2683/1750/2187 2684/1695/228
f 2817/1814/2188 2819/1815/2190 2814/1812/2184
f 2815/1813/2185 2814/1812/2184 2819/1815/2190
f 2684/1695/228 2820/1751/2191 2818/1695/2189
f 2820/1751/2191 2684/1695/228 2685/1751/2192
f 2821/1816/2193 2817/1814/2188 2818/1695/2189
f 2818/1695/2189 2820/1751/2191 2821/1816/2193
f 2819/1815/2190 2817/1814/2188 2822/1817/2194
f 2821/1816/2193 2822/1817/2194 2817/1814/2188
f 2685/1751/2192 2823/1694/2195 2820/1751/2191
f 2823/1694/2195 2685/1751/2192 2686/1694/149
f 2824/1818/2196 2821/1816/2193 2820/1751/2191
f 2686/1694/149 2825/1752/2197 2823/1694/2195
f 2825/1752/2197 2686/1694/149 2687/1752/664
f 2826/1819/2198 2820/1751/2191 2823/1694/2195
f 2820/1751/2191 2826/1819/2198 2824/1818/2196
f 2827/1820/2199 2823/1694/2195 2825/1752/2197
f 2823/1694/2195 2827/1820/2199 2826/1819/2198
f 2687/1752/664 2828/1693/2200 2825/1752/2197
f 2825/1752/2197 2828/1693/2200 2827/1820/2199
f 2828/1693/2200 2687/1752/664 2688/1693/1880
f 2688/1693/1880 2829/1753/2201 2828/1693/2200
f 2829/1753/2201 2688/1693/1880 2689/1753/2202
f 2827/1820/2199 2828/1693/2200 2830/1821/2203
f 2828/1693/2200 2829/1753/2201 2830/1821/2203
f 2689/1753/2202 2831/1692/2204 2829/1753/2201
f 2831/1692/2204 2689/1753/2202 2690/1692/162
f 2830/1821/2203 2829/1753/2201 2832/1693/2205
f 2690/1692/162 2833/1754/2206 2831/1692/2204
f 2833/1754/2206 2690/1692/162 2691/1754/2207
f 2834/1822/2208 2829/1753/2201 2831/1692/2204
f 2829/1753/2201 2834/1822/2208 2832/1693/2205
f 2835/1823/477 2831/1692/2204 2833/1754/2206
f 2831/1692/2204 2835/1823/477 2834/1822/2208
f 2691/1754/2207 2836/1691/2209 2833/1754/2206
f 2836/1691/2209 2691/1754/2207 2692/1691/1490
f 2837/1824/2210 2833/1754/2206 2836/1691/2209
f 2833/1754/2206 2837/1824/2210 2835/1823/477
f 2692/1691/1490 2838/1755/2211 2836/1691/2209
f 2838/1755/2211 2837/1824/2210 2836/1691/2209
f 2838/1755/2211 2692/1691/1490 2693/1755/2212
f 2693/1755/2212 2839/1690/2213 2838/1755/2211
f 2839/1690/2213 2693/1755/2212 2694/1690/2214
f 2837/1824/2210 2838/1755/2211 2840/1825/479
f 2839/1690/2213 2840/1825/479 2838/1755/2211
f 2694/1690/2214 2841/1756/2215 2839/1690/2213
f 2841/1756/2215 2694/1690/2214 2695/1756/2216
f 2840/1825/479 2839/1690/2213 2842/1826/2217
f 2841/1756/2215 2842/1826/2217 2839/1690/2213
f 2695/1756/2216 2843/1689/2218 2841/1756/2215
f 2843/1689/2218 2695/1756/2216 2696/1689/231
f 2842/1826/2217 2841/1756/2215 2844/1827/725
f 2843/1689/2218 2844/1827/725 2841/1756/2215
f 2696/1689/231 2845/1757/2219 2843/1689/2218
f 2845/1757/2219 2696/1689/231 2697/1757/2220
f 2844/1827/725 2843/1689/2218 2846/1828/2221
f 2845/1757/2219 2846/1828/2221 2843/1689/2218
f 2697/1757/2220 2847/1688/2222 2845/1757/2219
f 2847/1688/2222 2697/1757/2220 2698/1688/158
f 2846/1828/2221 2845/1757/2219 2848/1829/735
f 2847/1688/2222 2848/1829/735 2845/1757/2219
f 2698/1688/158 2849/1758/2223 2847/1688/2222
f 2849/1758/2223 2698/1688/158 2699/1758/2224
f 2848/1829/735 2847/1688/2222 2850/1830/2225
f 2849/1758/2223 2850/1830/2225 2847/1688/2222
f 2848/1829/735 2851/1757/2226 2846/1828/2221
f 2699/1758/2224 2852/1687/2227 2849/1758/2223
f 2852/1687/2227 2699/1758/2224 2700/1687/2228
f 2850/1830/2225 2853/1831/2229 2848/1829/735
f 2851/1757/2226 2848/1829/735 2853/1831/2229
f 2700/1687/2228 2854/1759/2230 2852/1687/2227
f 2854/1759/2230 2700/1687/2228 2701/1759/754
f 2855/1832/2231 2846/1828/2221 2851/1757/2226
f 2846/1828/2221 2855/1832/2231 2844/1827/725
f 2701/1759/754 2856/1686/2232 2854/1759/2230
f 2856/1686/2232 2701/1759/754 2702/1686/381
f 2857/1833/2233 2844/1827/725 2855/1832/2231
f 2844/1827/725 2857/1833/2233 2842/1826/2217
f 2702/1686/381 2858/1760/2234 2856/1686/2232
f 2858/1760/2234 2702/1686/381 2703/1760/2235
f 2859/1834/2236 2854/1759/2230 2856/1686/2232
f 2858/1760/2234 2859/1834/2236 2856/1686/2232
f 2703/1760/2235 2860/1685/2237 2858/1760/2234
f 2860/1685/2237 2703/1760/2235 2704/1685/235
f 2861/1835/2238 2859/1834/2236 2858/1760/2234
f 2860/1685/2237 2861/1835/2238 2858/1760/2234
f 2854/1759/2230 2859/1834/2236 2862/1836/2239
f 2862/1836/2239 2852/1687/2227 2854/1759/2230
f 2704/1685/235 2863/1761/2240 2860/1685/2237
f 2863/1761/2240 2704/1685/235 2705/1761/2241
f 2852/1687/2227 2862/1836/2239 2864/1837/2242
f 2864/1837/2242 2849/1758/2223 2852/1687/2227
f 2705/1761/2241 2865/1684/2243 2863/1761/2240
f 2865/1684/2243 2705/1761/2241 2706/1684/34
f 2849/1758/2223 2864/1837/2242 2866/1838/2244
f 2866/1838/2244 2850/1830/2225 2849/1758/2223
f 2706/1684/34 2867/1762/2245 2865/1684/2243
f 2867/1762/2245 2706/1684/34 2707/1762/2246
f 2866/1838/2244 2868/1839/2247 2850/1830/2225
f 2853/1831/2229 2850/1830/2225 2868/1839/2247
f 2707/1762/2246 2869/1683/2248 2867/1762/2245
f 2869/1683/2248 2707/1762/2246 2708/1683/1878
f 2868/1839/2247 2866/1838/2244 2870/1840/2249
f 2864/1837/2242 2870/1840/2249 2866/1838/2244
f 2708/1683/1878 2871/1763/2250 2869/1683/2248
f 2871/1763/2250 2708/1683/1878 2709/1763/2251
f 2870/1840/2249 2864/1837/2242 2872/1841/2252
f 2862/1836/2239 2872/1841/2252 2864/1837/2242
f 2709/1763/2251 2873/282/2253 2871/1763/2250
f 2873/282/2253 2709/1763/2251 2635/282/24
f 2872/1841/2252 2862/1836/2239 2874/1842/2254
f 2859/1834/2236 2874/1842/2254 2862/1836/2239
f 2635/282/24 2875/1725/2255 2873/282/2253
f 2875/1725/2255 2635/282/24 2634/1725/2256
f 2874/1842/2254 2859/1834/2236 2876/1843/2257
f 2861/1835/2238 2876/1843/2257 2859/1834/2236
f 2634/1725/2256 2877/1718/2258 2875/1725/2255
f 2877/1718/2258 2634/1725/2256 2636/1718/1877
f 2636/1718/1877 2878/1726/2259 2877/1718/2258
f 2878/1726/2259 2636/1718/1877 2637/1726/2260
f 2879/1844/2261 2875/1725/2255 2877/1718/2258
f 2877/1718/2258 2878/1726/2259 2879/1844/2261
f 2637/1726/2260 2880/1717/2262 2878/1726/2259
f 2880/1717/2262 2637/1726/2260 2638/1717/27
f 2881/1845/931 2879/1844/2261 2878/1726/2259
f 2878/1726/2259 2880/1717/2262 2881/1845/931
f 2638/1717/27 2882/1727/2263 2880/1717/2262
f 2882/1727/2263 2638/1717/27 2639/1727/2264
f 2881/1845/931 2880/1717/2262 2883/1846/902
f 2880/1717/2262 2882/1727/2263 2883/1846/902
f 2639/1727/2264 2884/1716/2265 2882/1727/2263
f 2884/1716/2265 2639/1727/2264 2640/1716/207
f 2883/1846/902 2882/1727/2263 2885/1847/2266
f 2882/1727/2263 2884/1716/2265 2885/1847/2266
f 2640/1716/207 2886/1728/2267 2884/1716/2265
f 2886/1728/2267 2640/1716/207 2641/1728/989
f 2885/1847/2266 2884/1716/2265 2887/1848/2268
f 2884/1716/2265 2886/1728/2267 2887/1848/2268
f 2641/1728/989 2888/1715/2269 2886/1728/2267
f 2888/1715/2269 2641/1728/989 2642/1715/437
f 2887/1848/2268 2886/1728/2267 2889/1849/2270
f 2888/1715/2269 2889/1849/2270 2886/1728/2267
f 2642/1715/437 2890/1729/2271 2888/1715/2269
f 2890/1729/2271 2642/1715/437 2643/1729/500
f 2889/1849/2270 2888/1715/2269 2891/1850/2272
f 2890/1729/2271 2891/1850/2272 2888/1715/2269
f 2643/1729/500 2892/1714/2273 2890/1729/2271
f 2892/1714/2273 2643/1729/500 2644/1714/211
f 2891/1850/2272 2890/1729/2271 2893/1851/2274
f 2892/1714/2273 2893/1851/2274 2890/1729/2271
f 2644/1714/211 2894/1730/2275 2892/1714/2273
f 2894/1730/2275 2644/1714/211 2645/1730/2276
f 2893/1851/2274 2892/1714/2273 2895/1852/2277
f 2894/1730/2275 2895/1852/2277 2892/1714/2273
f 2891/1850/2272 2893/1851/2274 2896/1853/2278
f 2645/1730/2276 2897/1713/2279 2894/1730/2275
f 2897/1713/2279 2645/1730/2276 2646/1713/212
f 2893/1851/2274 2895/1852/2277 2898/1854/2280
f 2893/1851/2274 2898/1854/2280 2896/1853/2278
f 2646/1713/212 2899/1731/2281 2897/1713/2279
f 2899/1731/2281 2646/1713/212 2647/1731/2282
f 2900/1855/2283 2894/1730/2275 2897/1713/2279
f 2647/1731/2282 2901/1712/2284 2899/1731/2281
f 2901/1712/2284 2647/1731/2282 2648/1712/213
f 2902/1856/2285 2897/1713/2279 2899/1731/2281
f 2897/1713/2279 2902/1856/2285 2900/1855/2283
f 2903/1857/2286 2899/1731/2281 2901/1712/2284
f 2899/1731/2281 2903/1857/2286 2902/1856/2285
f 2648/1712/213 2904/1732/2287 2901/1712/2284
f 2904/1732/2287 2903/1857/2286 2901/1712/2284
f 2904/1732/2287 2648/1712/213 2649/1732/2288
f 2905/1858/2289 2902/1856/2285 2903/1857/2286
f 2649/1732/2288 2906/259/2290 2904/1732/2287
f 2906/259/2290 2649/1732/2288 283/259/15
f 283/259/15 282/258/187 2906/259/2290
f 2736/1771/1076 2906/259/2290 282/258/187
f 2907/1859/2291 2904/1732/2287 2906/259/2290
f 2906/259/2290 2736/1771/1076 2907/1859/2291
f 2903/1857/2286 2904/1732/2287 2908/1860/1069
f 2904/1732/2287 2907/1859/2291 2908/1860/1069
f 2909/1861/2292 2903/1857/2286 2908/1860/1069
f 2903/1857/2286 2909/1861/2292 2905/1858/2289
f 2910/1862/2293 2908/1860/1069 2907/1859/2291
f 2908/1860/1069 2910/1862/2293 2909/1861/2292
f 2911/1863/2294 2907/1859/2291 2736/1771/1076
f 2907/1859/2291 2911/1863/2294 2910/1862/2293
f 2736/1771/1076 2912/1864/2295 2911/1863/2294
f 2912/1864/2295 2736/1771/1076 2734/1769/2095
f 2910/1862/2293 2911/1863/2294 2913/1865/2296
f 2734/1769/2095 2914/1866/2297 2912/1864/2295
f 2914/1866/2297 2734/1769/2095 2735/1770/1082
f 2911/1863/2294 2912/1864/2295 2915/1867/2298
f 2915/1867/2298 2913/1865/2296 2911/1863/2294
f 2912/1864/2295 2914/1866/2297 2916/1868/2299
f 2916/1868/2299 2915/1867/2298 2912/1864/2295
f 2735/1770/1082 2917/1869/2300 2914/1866/2297
f 2917/1869/2300 2735/1770/1082 2737/1772/2096
f 2918/1870/2301 2916/1868/2299 2914/1866/2297
f 2914/1866/2297 2917/1869/2300 2918/1870/2301
f 2737/1772/2096 2919/1871/2302 2917/1869/2300
f 2919/1871/2302 2737/1772/2096 2740/1710/2100
f 2920/1872/2303 2918/1870/2301 2917/1869/2300
f 2917/1869/2300 2919/1871/2302 2920/1872/2303
f 2740/1710/2100 2921/1873/2304 2919/1871/2302
f 2921/1873/2304 2740/1710/2100 2742/1774/2102
f 2922/1874/2305 2920/1872/2303 2919/1871/2302
f 2919/1871/2302 2921/1873/2304 2922/1874/2305
f 2742/1774/2102 2923/1875/2306 2921/1873/2304
f 2923/1875/2306 2742/1774/2102 2744/1775/2105
f 2924/1876/2307 2922/1874/2305 2921/1873/2304
f 2924/1876/2307 2921/1873/2304 2923/1875/2306
f 2744/1775/2105 2925/1877/2308 2923/1875/2306
f 2925/1877/2308 2744/1775/2105 2746/1776/2107
f 2926/1878/2309 2924/1876/2307 2923/1875/2306
f 2926/1878/2309 2923/1875/2306 2925/1877/2308
f 2746/1776/2107 2927/1878/2310 2925/1877/2308
f 2927/1878/2310 2746/1776/2107 2748/1777/2110
f 2928/1879/2311 2926/1878/2309 2925/1877/2308
f 2928/1879/2311 2925/1877/2308 2927/1878/2310
f 2929/1880/2312 2927/1878/2310 2748/1777/2110
f 2929/1880/2312 2748/1777/2110 2750/1778/2112
f 2930/1881/2313 2928/1879/2311 2927/1878/2310
f 2930/1881/2313 2927/1878/2310 2929/1880/2312
f 2931/1882/2314 2929/1880/2312 2750/1778/2112
f 2931/1882/2314 2750/1778/2112 2752/1779/2115
f 2932/1883/2315 2930/1881/2313 2929/1880/2312
f 2932/1883/2315 2929/1880/2312 2931/1882/2314
f 2933/1884/2316 2931/1882/2314 2752/1779/2115
f 2933/1884/2316 2752/1779/2115 2754/1780/1656
f 2931/1882/2314 2934/1885/2317 2932/1883/2315
f 2934/1885/2317 2931/1882/2314 2933/1884/2316
f 2935/1886/2318 2933/1884/2316 2754/1780/1656
f 2754/1780/1656 2756/1781/1281 2935/1886/2318
f 2933/1884/2316 2936/1706/2319 2934/1885/2317
f 2936/1706/2319 2933/1884/2316 2935/1886/2318
f 2937/1887/2320 2935/1886/2318 2756/1781/1281
f 2756/1781/1281 2758/1782/2121 2937/1887/2320
f 2935/1886/2318 2938/1888/2321 2936/1706/2319
f 2938/1888/2321 2935/1886/2318 2937/1887/2320
f 2939/1889/2322 2937/1887/2320 2758/1782/2121
f 2758/1782/2121 2760/1783/2124 2939/1889/2322
f 2937/1887/2320 2940/1890/2323 2938/1888/2321
f 2940/1890/2323 2937/1887/2320 2939/1889/2322
f 2941/1891/2324 2939/1889/2322 2760/1783/2124
f 2760/1783/2124 2762/1784/2126 2941/1891/2324
f 2939/1889/2322 2942/1892/2325 2940/1890/2323
f 2942/1892/2325 2939/1889/2322 2941/1891/2324
f 2943/1893/2326 2941/1891/2324 2762/1784/2126
f 2762/1784/2126 2764/1785/2129 2943/1893/2326
f 2941/1891/2324 2944/1894/2327 2942/1892/2325
f 2944/1894/2327 2941/1891/2324 2943/1893/2326
f 2945/1895/2328 2943/1893/2326 2764/1785/2129
f 2764/1785/2129 2766/1786/2132 2945/1895/2328
f 2943/1893/2326 2946/1896/2329 2944/1894/2327
f 2946/1896/2329 2943/1893/2326 2945/1895/2328
f 2947/1897/2330 2945/1895/2328 2766/1786/2132
f 2766/1786/2132 2768/1787/1296 2947/1897/2330
f 2768/1787/1296 2771/1789/2137 2947/1897/2330
f 2948/1898/2331 2945/1895/2328 2947/1897/2330
f 2945/1895/2328 2948/1898/2331 2946/1896/2329
f 2949/1899/2332 2947/1897/2330 2771/1789/2137
f 2947/1897/2330 2949/1899/2332 2948/1898/2331
f 2948/1898/2331 2950/1900/2333 2946/1896/2329
f 2949/1899/2332 2951/1901/2334 2948/1898/2331
f 2950/1900/2333 2948/1898/2331 2951/1901/2334
f 2771/1789/2137 2952/1902/2335 2949/1899/2332
f 2953/1903/2336 2946/1896/2329 2950/1900/2333
f 2944/1894/2327 2946/1896/2329 2953/1903/2336
f 2952/1902/2335 2771/1789/2137 2954/1904/2337
f 2769/1788/2135 2954/1904/2337 2771/1789/2137
f 2769/1788/2135 2773/1790/2139 2954/1904/2337
f 2955/1905/2338 2944/1894/2327 2953/1903/2336
f 2942/1892/2325 2944/1894/2327 2955/1905/2338
f 2773/1790/2139 2956/1906/2339 2954/1904/2337
f 2773/1790/2139 2775/1791/2141 2956/1906/2339
f 2775/1791/2141 2780/1792/2146 2956/1906/2339
f 2954/1904/2337 2956/1906/2339 2957/309/2340
f 2954/1904/2337 2957/309/2340 2952/1902/2335
f 2956/1906/2339 2780/1792/2146 2958/1907/2341
f 2956/1906/2339 2958/1907/2341 2957/309/2340
f 2780/1792/2146 2959/310/2342 2958/1907/2341
f 2780/1792/2146 2781/310/2147 2959/310/2342
f 2786/1794/2153 2959/310/2342 2781/310/2147
f 2958/1907/2341 2960/1908/2343 2957/309/2340
f 2959/310/2342 2786/1794/2153 2961/1909/2344
f 2791/1797/2159 2961/1909/2344 2786/1794/2153
f 2959/310/2342 2962/1907/2345 2958/1907/2341
f 2960/1908/2343 2958/1907/2341 2962/1907/2345
f 2961/1909/2344 2791/1797/2159 2963/1910/2346
f 2792/1798/2160 2963/1910/2346 2791/1797/2159
f 2964/964/2347 2959/310/2342 2961/1909/2344
f 2963/1910/2346 2792/1798/2160 2965/1911/2348
f 2795/1800/2163 2965/1911/2348 2792/1798/2160
f 2966/1912/2349 2961/1909/2344 2963/1910/2346
f 2961/1909/2344 2966/1912/2349 2964/964/2347
f 2967/1913/2350 2963/1910/2346 2965/1911/2348
f 2963/1910/2346 2967/1913/2350 2966/1912/2349
f 2965/1911/2348 2795/1800/2163 2968/1914/2351
f 2797/1802/2165 2968/1914/2351 2795/1800/2163
f 2965/1911/2348 2969/1915/2352 2967/1913/2350
f 2969/1915/2352 2965/1911/2348 2968/1914/2351
f 2968/1914/2351 2797/1802/2165 2970/1916/2353
f 2800/1804/2169 2970/1916/2353 2797/1802/2165
f 2968/1914/2351 2971/1917/2354 2969/1915/2352
f 2971/1917/2354 2968/1914/2351 2970/1916/2353
f 2970/1916/2353 2800/1804/2169 2972/1918/2355
f 2804/1806/2174 2972/1918/2355 2800/1804/2169
f 2970/1916/2353 2973/1919/2356 2971/1917/2354
f 2973/1919/2356 2970/1916/2353 2972/1918/2355
f 2972/1918/2355 2804/1806/2174 2974/1920/2357
f 2807/1808/2177 2974/1920/2357 2804/1806/2174
f 2972/1918/2355 2975/1921/2358 2973/1919/2356
f 2975/1921/2358 2972/1918/2355 2974/1920/2357
f 2974/1920/2357 2807/1808/2177 2976/1922/2359
f 2811/1810/2181 2976/1922/2359 2807/1808/2177
f 2974/1920/2357 2977/1923/2360 2975/1921/2358
f 2977/1923/2360 2974/1920/2357 2976/1922/2359
f 2976/1922/2359 2811/1810/2181 2978/1924/2361
f 2813/1032/2183 2978/1924/2361 2811/1810/2181
f 2976/1922/2359 2979/1925/2362 2977/1923/2360
f 2979/1925/2362 2976/1922/2359 2978/1924/2361
f 2978/1924/2361 2813/1032/2183 2980/1926/2363
f 2815/1813/2185 2980/1926/2363 2813/1032/2183
f 2978/1924/2361 2981/1927/2364 2979/1925/2362
f 2981/1927/2364 2978/1924/2361 2980/1926/2363
f 2980/1926/2363 2815/1813/2185 2982/1697/2365
f 2819/1815/2190 2982/1697/2365 2815/1813/2185
f 2980/1926/2363 2983/1928/2366 2981/1927/2364
f 2983/1928/2366 2980/1926/2363 2982/1697/2365
f 2984/1929/2367 2979/1925/2362 2981/1927/2364
f 2981/1927/2364 2983/1928/2366 2984/1929/2367
f 2982/1697/2365 2819/1815/2190 2985/1930/2368
f 2822/1817/2194 2985/1930/2368 2819/1815/2190
f 2982/1697/2365 2986/1931/2369 2983/1928/2366
f 2986/1931/2369 2982/1697/2365 2985/1930/2368
f 2984/1929/2367 2983/1928/2366 2987/1932/2370
f 2983/1928/2366 2986/1931/2369 2987/1932/2370
f 2979/1925/2362 2984/1929/2367 2988/1933/2371
f 2988/1933/2371 2977/1923/2360 2979/1925/2362
f 2984/1929/2367 2987/1932/2370 1492/1029/1039
f 1492/1029/1039 2988/1933/2371 2984/1929/2367
f 1492/1029/1039 2987/1932/2370 1495/1032/1042
f 2988/1933/2371 1492/1029/1039 1487/1024/2372
f 2987/1932/2370 2989/1934/2373 1495/1032/1042
f 2987/1932/2370 2986/1931/2369 2989/1934/2373
f 1495/1032/1042 2989/1934/2373 1499/1035/1046
f 1487/1024/2372 2990/1935/2374 2988/1933/2371
f 2977/1923/2360 2988/1933/2371 2990/1935/2374
f 2990/1935/2374 1487/1024/2372 1416/976/2375
f 2990/1935/2374 2975/1921/2358 2977/1923/2360
f 1416/976/2375 2991/1936/2376 2990/1935/2374
f 2975/1921/2358 2990/1935/2374 2991/1936/2376
f 2991/1936/2376 1416/976/2375 1413/974/2377
f 2991/1936/2376 2973/1919/2356 2975/1921/2358
f 1413/974/2377 2992/1937/2378 2991/1936/2376
f 2973/1919/2356 2991/1936/2376 2992/1937/2378
f 2992/1937/2378 1413/974/2377 1410/971/2379
f 2992/1937/2378 2971/1917/2354 2973/1919/2356
f 1410/971/2379 2993/1938/2380 2992/1937/2378
f 2971/1917/2354 2992/1937/2378 2993/1938/2380
f 2993/1938/2380 1410/971/2379 1407/968/2381
f 2993/1938/2380 2969/1915/2352 2971/1917/2354
f 1407/968/2381 2994/1939/2382 2993/1938/2380
f 2969/1915/2352 2993/1938/2380 2994/1939/2382
f 2994/1939/2382 1407/968/2381 1404/967/2383
f 2994/1939/2382 2967/1913/2350 2969/1915/2352
f 1404/967/2383 2995/1940/2384 2994/1939/2382
f 2967/1913/2350 2994/1939/2382 2995/1940/2384
f 2995/1940/2384 1404/967/2383 1403/933/2385
f 2995/1940/2384 2966/1912/2349 2967/1913/2350
f 1403/933/2385 2996/1912/2386 2995/1940/2384
f 2966/1912/2349 2995/1940/2384 2996/1912/2386
f 2996/1912/2386 1403/933/2385 1400/966/964
f 2996/1912/2386 2964/964/2347 2966/1912/2349
f 1400/966/964 2997/964/2387 2996/1912/2386
f 2964/964/2347 2996/1912/2386 2997/964/2387
f 2997/964/2387 1400/966/964 1397/964/961
f 2997/964/2387 2998/310/2388 2964/964/2347
f 2959/310/2342 2964/964/2347 2998/310/2388
f 1397/964/961 2999/310/2389 2997/964/2387
f 2998/310/2388 2997/964/2387 2999/310/2389
f 2999/310/2389 1397/964/961 1396/310/960
f 2962/1907/2345 2959/310/2342 2998/310/2388
f 1398/965/962 2999/310/2389 1396/310/960
f 2999/310/2389 3000/965/2390 2998/310/2388
f 2999/310/2389 1398/965/962 3000/965/2390
f 2962/1907/2345 2998/310/2388 3000/965/2390
f 3001/1941/2391 3000/965/2390 1398/965/962
f 3000/965/2390 3002/1908/2392 2962/1907/2345
f 3000/965/2390 3001/1941/2391 3002/1908/2392
f 2960/1908/2343 2962/1907/2345 3002/1908/2392
f 3003/821/2393 3002/1908/2392 3001/1941/2391
f 3002/1908/2392 3003/821/2393 3004/1942/2394
f 3002/1908/2392 3004/1942/2394 2960/1908/2343
f 3005/1943/537 3004/1942/2394 3003/821/2393
f 3006/1944/2395 2960/1908/2343 3004/1942/2394
f 3006/1944/2395 2957/309/2340 2960/1908/2343
f 2957/309/2340 3006/1944/2395 2952/1902/2335
f 3004/1942/2394 3005/1943/537 3007/1945/2396
f 3004/1942/2394 3007/1945/2396 3006/1944/2395
f 3008/1946/2397 3007/1945/2396 3005/1943/537
f 3009/1947/2398 2952/1902/2335 3006/1944/2395
f 3009/1947/2398 3006/1944/2395 3007/1945/2396
f 2952/1902/2335 3009/1947/2398 2949/1899/2332
f 2951/1901/2334 2949/1899/2332 3009/1947/2398
f 3007/1945/2396 3008/1946/2397 3010/1948/2399
f 3007/1945/2396 3010/1948/2399 3009/1947/2398
f 2951/1901/2334 3009/1947/2398 3010/1948/2399
f 3011/1949/2400 3010/1948/2399 3008/1946/2397
f 3010/1948/2399 3012/1950/2401 2951/1901/2334
f 3010/1948/2399 3011/1949/2400 3012/1950/2401
f 2950/1900/2333 2951/1901/2334 3012/1950/2401
f 3013/1951/2402 3012/1950/2401 3011/1949/2400
f 3012/1950/2401 3014/1952/2403 2950/1900/2333
f 3012/1950/2401 3013/1951/2402 3014/1952/2403
f 2953/1903/2336 2950/1900/2333 3014/1952/2403
f 3015/1740/2404 3014/1952/2403 3013/1951/2402
f 3014/1952/2403 3016/1953/2405 2953/1903/2336
f 3014/1952/2403 3015/1740/2404 3016/1953/2405
f 2955/1905/2338 2953/1903/2336 3016/1953/2405
f 3017/1954/2406 3016/1953/2405 3015/1740/2404
f 3016/1953/2405 3017/1954/2406 3018/1955/2407
f 3016/1953/2405 3018/1955/2407 2955/1905/2338
f 3019/1956/2408 3018/1955/2407 3017/1954/2406
f 3020/1957/2409 2955/1905/2338 3018/1955/2407
f 3020/1957/2409 2942/1892/2325 2955/1905/2338
f 2940/1890/2323 2942/1892/2325 3020/1957/2409
f 3018/1955/2407 3019/1956/2408 3021/1958/2410
f 3018/1955/2407 3021/1958/2410 3020/1957/2409
f 3022/1959/2411 2940/1890/2323 3020/1957/2409
f 3022/1959/2411 3020/1957/2409 3021/1958/2410
f 2938/1888/2321 2940/1890/2323 3022/1959/2411
f 3019/1956/2408 3023/1960/2412 3021/1958/2410
f 3023/1960/2412 3019/1956/2408 3024/1961/2413
f 3021/1958/2410 3025/1962/2414 3022/1959/2411
f 3025/1962/2414 2938/1888/2321 3022/1959/2411
f 3025/1962/2414 3021/1958/2410 3023/1960/2412
f 2936/1706/2319 2938/1888/2321 3025/1962/2414
f 3025/1962/2414 3026/1963/2415 2936/1706/2319
f 3023/1960/2412 3026/1963/2415 3025/1962/2414
f 2934/1885/2317 2936/1706/2319 3026/1963/2415
f 3024/1961/2413 3027/1964/2416 3023/1960/2412
f 3026/1963/2415 3023/1960/2412 3027/1964/2416
f 3027/1964/2416 3024/1961/2413 3028/783/2417
f 3026/1963/2415 3029/1965/2418 2934/1885/2317
f 3027/1964/2416 3029/1965/2418 3026/1963/2415
f 2932/1883/2315 2934/1885/2317 3029/1965/2418
f 3028/783/2417 3030/1966/2419 3027/1964/2416
f 3029/1965/2418 3027/1964/2416 3030/1966/2419
f 3030/1966/2419 3028/783/2417 3031/1967/2420
f 3029/1965/2418 3032/1968/2421 2932/1883/2315
f 3030/1966/2419 3032/1968/2421 3029/1965/2418
f 2930/1881/2313 2932/1883/2315 3032/1968/2421
f 3031/1967/2420 3033/1969/2422 3030/1966/2419
f 3032/1968/2421 3030/1966/2419 3033/1969/2422
f 3033/1969/2422 3031/1967/2420 1096/768/717
f 3032/1968/2421 3034/1970/2423 2930/1881/2313
f 3033/1969/2422 3034/1970/2423 3032/1968/2421
f 2928/1879/2311 2930/1881/2313 3034/1970/2423
f 1096/768/717 3035/766/2424 3033/1969/2422
f 3034/1970/2423 3033/1969/2422 3035/766/2424
f 3035/766/2424 1096/768/717 1093/765/714
f 3034/1970/2423 3036/1971/2425 2928/1879/2311
f 3035/766/2424 3036/1971/2425 3034/1970/2423
f 2926/1878/2309 2928/1879/2311 3036/1971/2425
f 1093/765/714 3037/1972/2426 3035/766/2424
f 3036/1971/2425 3035/766/2424 3037/1972/2426
f 3037/1972/2426 1093/765/714 1089/762/710
f 3036/1971/2425 3038/758/2427 2926/1878/2309
f 3037/1972/2426 3038/758/2427 3036/1971/2425
f 3038/758/2427 2924/1876/2307 2926/1878/2309
f 1089/762/710 3039/743/2428 3037/1972/2426
f 3038/758/2427 3037/1972/2426 3039/743/2428
f 3039/743/2428 1089/762/710 1086/741/707
f 3038/758/2427 3040/1973/2429 2924/1876/2307
f 3039/743/2428 3040/1973/2429 3038/758/2427
f 3040/1973/2429 2922/1874/2305 2924/1876/2307
f 1086/741/707 3041/1974/2430 3039/743/2428
f 3040/1973/2429 3039/743/2428 3041/1974/2430
f 3041/1974/2430 1086/741/707 1082/759/703
f 3040/1973/2429 3042/1876/2431 2922/1874/2305
f 3041/1974/2430 3042/1876/2431 3040/1973/2429
f 3042/1876/2431 2920/1872/2303 2922/1874/2305
f 1082/759/703 3043/1973/2432 3041/1974/2430
f 3042/1876/2431 3041/1974/2430 3043/1973/2432
f 3043/1973/2432 1082/759/703 1079/757/700
f 3042/1876/2431 3044/1975/2433 2920/1872/2303
f 3043/1973/2432 3044/1975/2433 3042/1876/2431
f 2920/1872/2303 3044/1975/2433 2918/1870/2301
f 1079/757/700 3045/1976/2434 3043/1973/2432
f 3044/1975/2433 3043/1973/2432 3045/1976/2434
f 3045/1976/2434 1079/757/700 1076/754/697
f 3045/1976/2434 1076/754/697 1077/755/698
f 3045/1976/2434 1077/755/698 3046/1977/2435
f 3045/1976/2434 3046/1977/2435 3044/1975/2433
f 3046/1977/2435 1077/755/698 1078/756/699
f 3044/1975/2433 3047/1978/2436 2918/1870/2301
f 3044/1975/2433 3046/1977/2435 3047/1978/2436
f 2918/1870/2301 3047/1978/2436 2916/1868/2299
f 3046/1977/2435 1078/756/699 3048/1979/2437
f 3046/1977/2435 3048/1979/2437 3047/1978/2436
f 3048/1979/2437 1078/756/699 1080/745/2438
f 3047/1978/2436 3049/1980/2439 2916/1868/2299
f 3047/1978/2436 3048/1979/2437 3049/1980/2439
f 2916/1868/2299 3049/1980/2439 2915/1867/2298
f 3048/1979/2437 1080/745/2438 3050/753/2440
f 3048/1979/2437 3050/753/2440 3049/1980/2439
f 3050/753/2440 1080/745/2438 1084/760/2441
f 3049/1980/2439 3051/1981/2442 2915/1867/2298
f 3049/1980/2439 3050/753/2440 3051/1981/2442
f 2915/1867/2298 3051/1981/2442 2913/1865/2296
f 3050/753/2440 1084/760/2441 3052/1982/2443
f 3050/753/2440 3052/1982/2443 3051/1981/2442
f 3052/1982/2443 1084/760/2441 2155/1461/2444
f 3053/1983/2445 2913/1865/2296 3051/1981/2442
f 3051/1981/2442 3052/1982/2443 3053/1983/2445
f 3052/1982/2443 2155/1461/2444 3054/1469/2446
f 3052/1982/2443 3054/1469/2446 3053/1983/2445
f 3054/1469/2446 2155/1461/2444 2152/1458/1567
f 2913/1865/2296 3053/1983/2445 3055/1861/2447
f 2913/1865/2296 3055/1861/2447 2910/1862/2293
f 2909/1861/2292 2910/1862/2293 3055/1861/2447
f 3053/1983/2445 3054/1469/2446 3056/1984/1654
f 3056/1984/1654 3055/1861/2447 3053/1983/2445
f 3054/1469/2446 2152/1458/1567 3057/1985/2448
f 3054/1469/2446 3057/1985/2448 3056/1984/1654
f 3057/1985/2448 2152/1458/1567 2149/1456/1564
f 2909/1861/2292 3055/1861/2447 3058/1986/2449
f 3055/1861/2447 3056/1984/1654 3058/1986/2449
f 2905/1858/2289 2909/1861/2292 3058/1986/2449
f 3056/1984/1654 3057/1985/2448 3059/1468/2450
f 3059/1468/2450 3058/1986/2449 3056/1984/1654
f 3057/1985/2448 2149/1456/1564 3060/1987/2451
f 3057/1985/2448 3060/1987/2451 3059/1468/2450
f 3060/1987/2451 2149/1456/1564 2146/1454/1561
f 3058/1986/2449 3059/1468/2450 3061/751/2452
f 2905/1858/2289 3058/1986/2449 3061/751/2452
f 3062/1988/2453 3059/1468/2450 3060/1987/2451
f 3062/1988/2453 3061/751/2452 3059/1468/2450
f 3060/1987/2451 2146/1454/1561 3063/1989/2454
f 3060/1987/2451 3063/1989/2454 3062/1988/2453
f 3063/1989/2454 2146/1454/1561 2142/1450/1557
f 3064/1990/2455 2905/1858/2289 3061/751/2452
f 2902/1856/2285 2905/1858/2289 3064/1990/2455
f 2900/1855/2283 2902/1856/2285 3064/1990/2455
f 3063/1989/2454 2142/1450/1557 3065/1475/2456
f 3065/1475/2456 2142/1450/1557 2139/1447/1554
f 3066/1991/2457 3062/1988/2453 3063/1989/2454
f 3063/1989/2454 3065/1475/2456 3066/1991/2457
f 3061/751/2452 3062/1988/2453 3067/1992/2458
f 3066/1991/2457 3067/1992/2458 3062/1988/2453
f 3064/1990/2455 3061/751/2452 3067/1992/2458
f 3068/1993/2459 3066/1991/2457 3065/1475/2456
f 3069/1994/2460 3064/1990/2455 3067/1992/2458
f 2900/1855/2283 3064/1990/2455 3069/1994/2460
f 3067/1992/2458 3066/1991/2457 3070/1995/2461
f 3069/1994/2460 3067/1992/2458 3070/1995/2461
f 3068/1993/2459 3070/1995/2461 3066/1991/2457
f 3071/1996/2462 2900/1855/2283 3069/1994/2460
f 2894/1730/2275 2900/1855/2283 3071/1996/2462
f 2895/1852/2277 2894/1730/2275 3071/1996/2462
f 3071/1996/2462 3069/1994/2460 3072/1997/2463
f 2895/1852/2277 3071/1996/2462 3072/1997/2463
f 3072/1997/2463 3069/1994/2460 3070/1995/2461
f 2895/1852/2277 3072/1997/2463 2898/1854/2280
f 3072/1997/2463 3070/1995/2461 3073/1714/2464
f 2898/1854/2280 3072/1997/2463 3073/1714/2464
f 3070/1995/2461 3068/1993/2459 3073/1714/2464
f 2898/1854/2280 3073/1714/2464 3074/1998/2465
f 3074/1998/2465 2896/1853/2278 2898/1854/2280
f 3075/1999/2466 3073/1714/2464 3068/1993/2459
f 3073/1714/2464 3075/1999/2466 3074/1998/2465
f 3075/1999/2466 3068/1993/2459 3076/2000/2467
f 3065/1475/2456 3076/2000/2467 3068/1993/2459
f 3065/1475/2456 2139/1447/1554 3076/2000/2467
f 3077/2001/2468 3074/1998/2465 3075/1999/2466
f 3076/2000/2467 3077/2001/2468 3075/1999/2466
f 2139/1447/1554 3078/2002/2469 3076/2000/2467
f 3077/2001/2468 3076/2000/2467 3078/2002/2469
f 3078/2002/2469 2139/1447/1554 2136/1444/1551
f 3074/1998/2465 3077/2001/2468 3079/2003/2470
f 2896/1853/2278 3074/1998/2465 3079/2003/2470
f 3078/2002/2469 3080/2004/2471 3077/2001/2468
f 3080/2004/2471 3079/2003/2470 3077/2001/2468
f 2136/1444/1551 3081/2005/2472 3078/2002/2469
f 3080/2004/2471 3078/2002/2469 3081/2005/2472
f 3081/2005/2472 2136/1444/1551 2130/1440/1545
f 3079/2003/2470 3082/2006/2473 2896/1853/2278
f 2891/1850/2272 2896/1853/2278 3082/2006/2473
f 2889/1849/2270 2891/1850/2272 3082/2006/2473
f 3079/2003/2470 3080/2004/2471 3083/2007/2474
f 3082/2006/2473 3079/2003/2470 3083/2007/2474
f 3082/2006/2473 3084/2008/2475 2889/1849/2270
f 3083/2007/2474 3084/2008/2475 3082/2006/2473
f 2887/1848/2268 2889/1849/2270 3084/2008/2475
f 3085/2009/2476 3083/2007/2474 3080/2004/2471
f 3081/2005/2472 3085/2009/2476 3080/2004/2471
f 3084/2008/2475 3083/2007/2474 3086/2010/2477
f 3083/2007/2474 3085/2009/2476 3086/2010/2477
f 3084/2008/2475 3087/2011/2478 2887/1848/2268
f 3086/2010/2477 3087/2011/2478 3084/2008/2475
f 2885/1847/2266 2887/1848/2268 3087/2011/2478
f 3085/2009/2476 3081/2005/2472 3088/2012/2479
f 2130/1440/1545 3088/2012/2479 3081/2005/2472
f 3088/2012/2479 2130/1440/1545 2127/1437/1542
f 3089/2013/2480 3086/2010/2477 3085/2009/2476
f 3088/2012/2479 3089/2013/2480 3085/2009/2476
f 2127/1437/1542 3090/2014/2481 3088/2012/2479
f 3089/2013/2480 3088/2012/2479 3090/2014/2481
f 3090/2014/2481 2127/1437/1542 2125/1435/1540
f 3091/2015/2482 3086/2010/2477 3089/2013/2480
f 3087/2011/2478 3086/2010/2477 3091/2015/2482
f 3090/2014/2481 3092/2016/2483 3089/2013/2480
f 3092/2016/2483 3091/2015/2482 3089/2013/2480
f 2125/1435/1540 3093/2017/2484 3090/2014/2481
f 3092/2016/2483 3090/2014/2481 3093/2017/2484
f 3093/2017/2484 2125/1435/1540 2124/1434/1539
f 3091/2015/2482 3094/2018/2485 3087/2011/2478
f 3087/2011/2478 3094/2018/2485 2885/1847/2266
f 2883/1846/902 2885/1847/2266 3094/2018/2485
f 3095/2019/2486 3091/2015/2482 3092/2016/2483
f 3094/2018/2485 3091/2015/2482 3095/2019/2486
f 3094/2018/2485 3096/2020/2487 2883/1846/902
f 3095/2019/2486 3096/2020/2487 3094/2018/2485
f 2881/1845/931 2883/1846/902 3096/2020/2487
f 3097/1403/2488 3095/2019/2486 3092/2016/2483
f 3093/2017/2484 3097/1403/2488 3092/2016/2483
f 3096/2020/2487 3095/2019/2486 3098/2021/2489
f 3098/2021/2489 3095/2019/2486 3097/1403/2488
f 3096/2020/2487 3099/2022/2490 2881/1845/931
f 3098/2021/2489 3099/2022/2490 3096/2020/2487
f 2879/1844/2261 2881/1845/931 3099/2022/2490
f 3097/1403/2488 3093/2017/2484 3100/1501/2491
f 2124/1434/1539 3100/1501/2491 3093/2017/2484
f 3100/1501/2491 2124/1434/1539 2121/1405/1536
f 3101/2023/2492 3098/2021/2489 3097/1403/2488
f 3100/1501/2491 3101/2023/2492 3097/1403/2488
f 2121/1405/1536 3102/2024/2493 3100/1501/2491
f 3101/2023/2492 3100/1501/2491 3102/2024/2493
f 3102/2024/2493 2121/1405/1536 2118/1432/1533
f 3103/2025/2494 3098/2021/2489 3101/2023/2492
f 3099/2022/2490 3098/2021/2489 3103/2025/2494
f 3102/2024/2493 3104/2026/2495 3101/2023/2492
f 3104/2026/2495 3103/2025/2494 3101/2023/2492
f 2118/1432/1533 3105/2026/2496 3102/2024/2493
f 3104/2026/2495 3102/2024/2493 3105/2026/2496
f 3105/2026/2496 2118/1432/1533 2115/1431/1530
f 3103/2025/2494 3106/2027/2497 3099/2022/2490
f 3099/2022/2490 3106/2027/2497 2879/1844/2261
f 3107/283/2498 3103/2025/2494 3104/2026/2495
f 3106/2027/2497 3103/2025/2494 3107/283/2498
f 3105/2026/2496 3108/2028/2499 3104/2026/2495
f 3104/2026/2495 3108/2028/2499 3107/283/2498
f 2115/1431/1530 3109/1425/2500 3105/2026/2496
f 3108/2028/2499 3105/2026/2496 3109/1425/2500
f 3109/1425/2500 2115/1431/1530 2112/1425/1527
f 3110/2029/2501 2112/1425/1527 2113/1418/1528
f 2112/1425/1527 3110/2029/2501 3109/1425/2500
f 3110/2029/2501 3111/1192/2502 3109/1425/2500
f 3111/1192/2502 3110/2029/2501 3112/1192/2503
f 3111/1192/2502 3112/1192/2503 3113/2030/2504
f 3114/1192/1238 3109/1425/2500 3111/1192/2502
f 3109/1425/2500 3114/1192/1238 3108/2028/2499
f 3113/2030/2504 3115/1179/2505 3111/1192/2502
f 3115/1179/2505 3114/1192/1238 3111/1192/2502
f 1686/1179/1214 3113/2030/2504 1688/1181/1216
f 1686/1179/1214 3115/1179/2505 3113/2030/2504
f 1686/1179/1214 1683/1177/1211 3115/1179/2505
f 1683/1177/1211 3116/2031/2506 3115/1179/2505
f 1683/1177/1211 1680/1174/1208 3116/2031/2506
f 3114/1192/1238 3115/1179/2505 3117/1179/2507
f 3116/2031/2506 3117/1179/2507 3115/1179/2505
f 1680/1174/1208 3118/2032/2508 3116/2031/2506
f 1680/1174/1208 1677/1172/1205 3118/2032/2508
f 3117/1179/2507 3116/2031/2506 3119/2031/2509
f 3118/2032/2508 3119/2031/2509 3116/2031/2506
f 1677/1172/1205 3120/2033/2510 3118/2032/2508
f 1677/1172/1205 1676/1171/1204 3120/2033/2510
f 3119/2031/2509 3118/2032/2508 3121/2032/2511
f 3120/2033/2510 3121/2032/2511 3118/2032/2508
f 1676/1171/1204 3122/2034/2512 3120/2033/2510
f 1676/1171/1204 1672/1168/1200 3122/2034/2512
f 3121/2032/2511 3120/2033/2510 3123/1248/2513
f 3122/2034/2512 3123/1248/2513 3120/2033/2510
f 1672/1168/1200 3124/2035/2514 3122/2034/2512
f 1672/1168/1200 1667/1163/1195 3124/2035/2514
f 3123/1248/2513 3122/2034/2512 3125/2036/2515
f 3124/2035/2514 3125/2036/2515 3122/2034/2512
f 1667/1163/1195 3126/2037/2516 3124/2035/2514
f 1667/1163/1195 1664/1160/1192 3126/2037/2516
f 3125/2036/2515 3124/2035/2514 3127/2038/2517
f 3126/2037/2516 3127/2038/2517 3124/2035/2514
f 1664/1160/1192 3128/2039/2518 3126/2037/2516
f 1664/1160/1192 1660/1157/1188 3128/2039/2518
f 3127/2038/2517 3126/2037/2516 3129/2040/2519
f 3128/2039/2518 3129/2040/2519 3126/2037/2516
f 1660/1157/1188 3130/2041/2520 3128/2039/2518
f 1660/1157/1188 1657/1154/1185 3130/2041/2520
f 3129/2040/2519 3128/2039/2518 3131/2042/2521
f 3130/2041/2520 3131/2042/2521 3128/2039/2518
f 3132/2043/2522 3127/2038/2517 3129/2040/2519
f 3133/2044/2523 3129/2040/2519 3131/2042/2521
f 3129/2040/2519 3133/2044/2523 3132/2043/2522
f 3131/2042/2521 3130/2041/2520 3134/1236/2524
f 3127/2038/2517 3132/2043/2522 3135/2045/2525
f 3135/2045/2525 3125/2036/2515 3127/2038/2517
f 3131/2042/2521 3136/2046/2526 3133/2044/2523
f 3136/2046/2526 3131/2042/2521 3134/1236/2524
f 3125/2036/2515 3135/2045/2525 3137/2047/2527
f 3137/2047/2527 3123/1248/2513 3125/2036/2515
f 3136/2046/2526 2876/1843/2257 3133/2044/2523
f 3123/1248/2513 3137/2047/2527 3138/2048/2528
f 3138/2048/2528 3121/2032/2511 3123/1248/2513
f 2876/1843/2257 3136/2046/2526 2874/1842/2254
f 3139/2049/2529 3133/2044/2523 2876/1843/2257
f 3133/2044/2523 3139/2049/2529 3132/2043/2522
f 2876/1843/2257 2861/1835/2238 3139/2049/2529
f 3140/2050/2530 2874/1842/2254 3136/2046/2526
f 3134/1236/2524 3140/2050/2530 3136/2046/2526
f 2874/1842/2254 3140/2050/2530 2872/1841/2252
f 3141/2051/2531 3139/2049/2529 2861/1835/2238
f 3141/2051/2531 2861/1835/2238 2860/1685/2237
f 3142/2052/2532 3132/2043/2522 3139/2049/2529
f 3139/2049/2529 3141/2051/2531 3142/2052/2532
f 3132/2043/2522 3142/2052/2532 3135/2045/2525
f 2860/1685/2237 3143/2053/2533 3141/2051/2531
f 3143/2053/2533 3142/2052/2532 3141/2051/2531
f 3143/2053/2533 2860/1685/2237 2863/1761/2240
f 3144/2054/2534 3135/2045/2525 3142/2052/2532
f 3142/2052/2532 3143/2053/2533 3144/2054/2534
f 3135/2045/2525 3144/2054/2534 3137/2047/2527
f 2863/1761/2240 3145/2055/2535 3143/2053/2533
f 3145/2055/2535 3144/2054/2534 3143/2053/2533
f 3145/2055/2535 2863/1761/2240 2865/1684/2243
f 3146/2056/2536 3137/2047/2527 3144/2054/2534
f 3144/2054/2534 3145/2055/2535 3146/2056/2536
f 3137/2047/2527 3146/2056/2536 3138/2048/2528
f 2865/1684/2243 3147/2057/2537 3145/2055/2535
f 3147/2057/2537 3146/2056/2536 3145/2055/2535
f 3147/2057/2537 2865/1684/2243 2867/1762/2245
f 3148/2058/2538 3138/2048/2528 3146/2056/2536
f 3146/2056/2536 3147/2057/2537 3148/2058/2538
f 2867/1762/2245 3149/2059/2539 3147/2057/2537
f 3149/2059/2539 3148/2058/2538 3147/2057/2537
f 3149/2059/2539 2867/1762/2245 2869/1683/2248
f 2869/1683/2248 2871/1763/2250 3149/2059/2539
f 3138/2048/2528 3148/2058/2538 3150/2060/2540
f 3121/2032/2511 3138/2048/2528 3150/2060/2540
f 3150/2060/2540 3119/2031/2509 3121/2032/2511
f 3148/2058/2538 3149/2059/2539 3151/2061/2541
f 3151/2061/2541 3150/2060/2540 3148/2058/2538
f 3119/2031/2509 3150/2060/2540 3152/2062/2542
f 3150/2060/2540 3151/2061/2541 3152/2062/2542
f 3152/2062/2542 3117/1179/2507 3119/2031/2509
f 3153/1763/2543 3151/2061/2541 3149/2059/2539
f 3153/1763/2543 3149/2059/2539 2871/1763/2250
f 3154/2063/2544 3152/2062/2542 3151/2061/2541
f 3151/2061/2541 3153/1763/2543 3154/2063/2544
f 3117/1179/2507 3152/2062/2542 3155/2064/2545
f 3152/2062/2542 3154/2063/2544 3155/2064/2545
f 2871/1763/2250 3156/282/942 3153/1763/2543
f 3156/282/942 3154/2063/2544 3153/1763/2543
f 3156/282/942 2871/1763/2250 2873/282/2253
f 2873/282/2253 2875/1725/2255 3156/282/942
f 3157/282/2546 3155/2064/2545 3154/2063/2544
f 3154/2063/2544 3156/282/942 3157/282/2546
f 3155/2064/2545 3158/282/2547 3117/1179/2507
f 3155/2064/2545 3157/282/2546 3158/282/2547
f 3114/1192/1238 3117/1179/2507 3158/282/2547
f 3158/282/2547 3108/2028/2499 3114/1192/1238
f 3108/2028/2499 3158/282/2547 3159/2065/2548
f 3157/282/2546 3159/2065/2548 3158/282/2547
f 3159/2065/2548 3107/283/2498 3108/2028/2499
f 3159/2065/2548 3157/282/2546 3160/2066/2549
f 3160/2066/2549 3107/283/2498 3159/2065/2548
f 3160/2066/2549 3157/282/2546 3156/282/942
f 3107/283/2498 3160/2066/2549 3106/2027/2497
f 3160/2066/2549 3156/282/942 3161/1725/2550
f 3106/2027/2497 3160/2066/2549 3161/1725/2550
f 3161/1725/2550 3156/282/942 2875/1725/2255
f 3106/2027/2497 3161/1725/2550 2879/1844/2261
f 2875/1725/2255 2879/1844/2261 3161/1725/2550
f 2065/1399/2551 2056/1399/2551 2053/1399/2551
f 2053/1399/1478 3162/1391/1465 2065/1399/1490
f 2066/1407/1491 2065/1399/1490 3162/1391/1465
f 3162/1391/1465 2053/1399/1478 2045/1391/1470
f 3162/1391/1465 3163/1389/1465 2066/1407/1491
f 2045/1391/1470 3164/1389/1465 3162/1391/1465
f 3163/1389/1465 3162/1391/1465 3164/1389/1465
f 3164/1389/1465 2045/1391/1470 2043/1389/1468
f 3164/1389/1465 2042/1387/1467 3163/1389/1465
f 2043/1389/1468 2040/1387/1465 3164/1389/1465
f 2042/1387/1467 3164/1389/1465 2040/1387/1465
f 991/697/636 1000/691/222 980/691/626
f 3165/689/628 980/691/626 1000/691/222
f 1000/691/222 1001/704/628 3165/689/628
f 980/691/626 3165/689/628 978/689/624
f 3166/2067/628 3165/689/628 1001/704/628
f 3167/2067/628 978/689/624 3165/689/628
f 3165/689/628 3166/2067/628 3167/2067/628
f 978/689/624 3167/2067/628 979/690/625
f 984/695/628 3167/2067/628 3166/2067/628
f 982/693/628 979/690/625 3167/2067/628
f 3167/2067/628 984/695/628 982/693/628
f 771/579/488 775/582/492 772/580/489
f 771/579/488 3168/581/499 775/582/492
f 3169/2068/2552 775/582/492 3168/581/499
f 3168/581/499 771/579/488 773/581/490
f 3168/581/499 3170/2069/499 3169/2068/2552
f 773/581/490 3171/583/499 3168/581/499
f 3170/2069/499 3168/581/499 3171/583/499
f 3171/583/499 773/581/490 777/583/494
f 3171/583/499 784/589/499 3170/2069/499
f 777/583/494 782/587/499 3171/583/499
f 784/589/499 3171/583/499 782/587/499
f 1184/822/784 1178/822/778 1180/821/780
f 1184/822/784 3172/823/779 1178/822/778
f 1179/823/779 1178/822/778 3172/823/779
f 3172/823/779 3173/828/779 1179/823/779
f 3172/823/779 1184/822/784 1188/823/788
f 3173/828/779 3172/823/779 3174/828/779
f 1188/823/788 3174/828/779 3172/823/779
f 3174/828/779 1188/823/788 1189/828/789
f 1189/828/789 1207/831/807 3174/828/779
f 1207/831/807 1189/828/789 1192/831/792
f 1209/846/807 3174/828/779 1207/831/807
f 1332/933/908 1338/937/914 1329/930/905
f 3175/929/253 1329/930/905 1338/937/914
f 1338/937/914 3176/929/2553 3175/929/253
f 1329/930/905 3175/929/253 1328/929/904
f 3177/925/2553 3175/929/253 3176/929/2553
f 3178/925/253 1328/929/904 3175/929/253
f 3175/929/253 3177/925/2553 3178/925/253
f 420/342/253 3178/925/253 3177/925/2553
f 1328/929/904 3178/925/253 1324/925/900
f 3178/925/253 420/342/253 419/341/253
f 419/341/253 1324/925/900 3178/925/253
f 1324/925/900 419/341/253 423/341/256
f 1162/815/2554 2472/826/1810 1161/814/2555
f 2472/826/1810 1162/815/2554 3179/826/2556
f 3179/826/2556 2474/1653/1812 2472/826/1810
f 3179/826/2556 1162/815/2554 1170/820/2557
f 2474/1653/1812 3179/826/2556 3180/1653/2558
f 3180/1653/2558 2475/954/1813 2474/1653/1812
f 3179/826/2556 1170/820/2557 3181/826/2559
f 3181/826/2559 1170/820/2557 1173/821/2560
f 3182/1653/2561 3179/826/2556 3181/826/2559
f 3182/1653/2561 3181/826/2559 1173/821/2560
f 3179/826/2556 3182/1653/2561 3180/1653/2558
f 2475/954/1813 3180/1653/2558 3183/954/2562
f 3184/954/2563 3180/1653/2558 3182/1653/2561
f 3180/1653/2558 3184/954/2563 3183/954/2562
f 3185/953/2564 3182/1653/2561 1173/821/2560
f 3182/1653/2561 3185/953/2564 3184/954/2563
f 3185/953/2564 1173/821/2560 1177/822/2565
f 3183/954/2562 3186/953/2566 2475/954/1813
f 3186/953/2566 3183/954/2562 3184/954/2563
f 2477/953/1815 2475/954/1813 3186/953/2566
f 3186/953/2566 2478/952/1816 2477/953/1815
f 3186/953/2566 3184/954/2563 3187/953/2567
f 3185/953/2564 3187/953/2567 3184/954/2563
f 2478/952/1816 3186/953/2566 3188/952/2568
f 3189/952/2569 3186/953/2566 3187/953/2567
f 3186/953/2566 3189/952/2569 3188/952/2568
f 3187/953/2567 3185/953/2564 3189/952/2569
f 3188/952/2568 3190/2070/2570 2478/952/1816
f 3189/952/2569 3190/2070/2570 3188/952/2568
f 2480/1654/1818 2478/952/1816 3190/2070/2570
f 3190/2070/2570 3189/952/2569 3191/1654/2571
f 3185/953/2564 3191/1654/2571 3189/952/2569
f 3190/2070/2570 3192/936/2572 2480/1654/1818
f 3191/1654/2571 3192/936/2572 3190/2070/2570
f 2481/928/1819 2480/1654/1818 3192/936/2572
f 1433/940/1821 2481/928/1819 1346/939/2573
f 3192/936/2572 1346/939/2573 2481/928/1819
f 1346/939/2573 3192/936/2572 1343/938/2574
f 1343/938/2574 3192/936/2572 3193/936/2575
f 3192/936/2572 3191/1654/2571 3193/936/2575
f 3193/936/2575 1340/933/2576 1343/938/2574
f 3191/1654/2571 1340/933/2576 3193/936/2575
f 3185/953/2564 1340/933/2576 3191/1654/2571
f 1340/933/2576 3185/953/2564 1341/937/2577
f 3194/953/2578 1341/937/2577 3185/953/2564
f 3185/953/2564 1177/822/2565 3194/953/2578
f 1341/937/2577 3194/953/2578 3176/929/2579
f 1179/823/2580 3194/953/2578 1177/822/2565
f 3195/953/2581 3176/929/2579 3194/953/2578
f 3194/953/2578 1179/823/2580 3195/953/2581
f 3176/929/2579 3195/953/2581 3196/904/2582
f 1179/823/2580 3196/904/2582 3195/953/2581
f 3176/929/2579 3196/904/2582 3177/925/2583
f 3196/904/2582 1179/823/2580 3173/828/2584
f 3177/925/2583 3196/904/2582 3197/904/2581
f 3173/828/2584 3197/904/2581 3196/904/2582
f 3177/925/2583 3197/904/2581 420/342/2583
f 3197/904/2581 3173/828/2584 1209/846/2584
f 3198/904/2585 420/342/2583 3197/904/2581
f 3197/904/2581 1209/846/2584 3198/904/2585
f 420/342/2583 3198/904/2585 421/343/2586
f 1208/845/2587 3198/904/2585 1209/846/2584
f 421/343/2586 3198/904/2585 3199/904/2588
f 3198/904/2585 1208/845/2587 3199/904/2588
f 421/343/2586 3199/904/2588 426/345/2589
f 1211/848/2590 3199/904/2588 1208/845/2587
f 3200/2071/2591 426/345/2589 3199/904/2588
f 3201/462/2592 3200/2071/2591 3199/904/2588
f 3199/904/2588 1211/848/2590 3201/462/2592
f 3202/2072/2593 426/345/2589 3200/2071/2591
f 1211/848/2590 3203/2073/2594 3201/462/2592
f 426/345/2589 3202/2072/2593 427/346/2593
f 3203/2073/2594 1211/848/2590 1214/850/2594
f 3202/2072/2593 463/376/2595 427/346/2593
f 1229/862/2596 3203/2073/2594 1214/850/2594
f 463/376/2595 3202/2072/2593 3204/2074/2597
f 3203/2073/2594 1229/862/2596 3205/2075/2598
f 3206/2076/2599 463/376/2595 3204/2074/2597
f 463/376/2595 3206/2076/2599 471/381/2600
f 3204/2074/2597 3207/2077/2601 3206/2076/2599
f 3205/2075/2598 1229/862/2596 3208/2078/2602
f 3209/2079/2603 3205/2075/2598 3208/2078/2602
f 3208/2078/2602 1229/862/2596 1242/872/2604
f 3208/2078/2602 789/593/2605 3209/2079/2603
f 789/593/2605 3210/635/2606 3209/2079/2603
f 3210/635/2606 789/593/2605 791/595/2607
f 789/593/2605 3208/2078/2602 783/588/2608
f 821/612/2609 3210/635/2606 791/595/2607
f 3210/635/2606 821/612/2609 3211/624/2610
f 3212/2080/2611 783/588/2608 3208/2078/2602
f 3208/2078/2602 1242/872/2604 3212/2080/2611
f 3212/2080/2611 784/589/2612 783/588/2608
f 3212/2080/2611 1242/872/2604 292/265/2613
f 3213/2081/2614 784/589/2612 3212/2080/2611
f 3212/2080/2611 292/265/2613 3213/2081/2614
f 784/589/2612 3213/2081/2614 3170/2069/2612
f 294/267/2615 3213/2081/2614 292/265/2613
f 3214/2082/2614 3170/2069/2612 3213/2081/2614
f 3213/2081/2614 294/267/2615 3214/2082/2614
f 3170/2069/2612 3214/2082/2614 3169/2068/2612
f 295/253/2615 3214/2082/2614 294/267/2615
f 3215/2083/2614 3169/2068/2612 3214/2082/2614
f 3214/2082/2614 295/253/2615 3215/2083/2614
f 3216/2084/2616 3169/2068/2612 3215/2083/2614
f 295/253/2615 3216/2084/2616 3215/2083/2614
f 3169/2068/2612 3216/2084/2616 1049/582/2617
f 1127/252/2618 3216/2084/2616 295/253/2615
f 1049/582/2617 3216/2084/2616 3217/2085/2619
f 1127/252/2618 3217/2085/2619 3216/2084/2616
f 3217/2085/2619 1048/731/2620 1049/582/2617
f 1129/797/2621 3217/2085/2619 1127/252/2618
f 3217/2085/2619 3218/2086/2622 1048/731/2620
f 3218/2086/2622 3219/1642/2623 1048/731/2620
f 3219/1642/2623 1045/730/2624 1048/731/2620
f 3220/2087/2625 1045/730/2624 3219/1642/2623
f 3218/2086/2622 3220/2087/2625 3219/1642/2623
f 3220/2087/2625 1037/723/2626 1045/730/2624
f 2457/1640/1786 1036/572/2627 1037/723/2626
f 2457/1640/1786 1037/723/2626 3220/2087/2625
f 3220/2087/2625 2459/1642/1788 2457/1640/1786
f 3220/2087/2625 3218/2086/2622 3221/2088/2628
f 2459/1642/1788 3220/2087/2625 3221/2088/2628
f 3222/2089/2629 3221/2088/2628 3218/2086/2622
f 3218/2086/2622 3217/2085/2619 3222/2089/2629
f 3223/2090/2630 2459/1642/1788 3221/2088/2628
f 3221/2088/2628 3222/2089/2629 3223/2090/2630
f 2460/1643/1789 2459/1642/1788 3223/2090/2630
f 3223/2090/2630 3224/2091/2631 2460/1643/1789
f 3222/2089/2629 3224/2091/2631 3223/2090/2630
f 2462/776/1791 2460/1643/1789 3224/2091/2631
f 3217/2085/2619 3225/2092/2632 3222/2089/2629
f 3224/2091/2631 3222/2089/2629 3225/2092/2632
f 3226/2093/2633 2462/776/1791 3224/2091/2631
f 2463/1645/1792 2462/776/1791 3226/2093/2633
f 3225/2092/2632 3227/2094/2634 3224/2091/2631
f 3226/2093/2633 3224/2091/2631 3227/2094/2634
f 3225/2092/2632 3217/2085/2619 3227/2094/2634
f 3228/2095/2635 2463/1645/1792 3226/2093/2633
f 3227/2094/2634 3228/2095/2635 3226/2093/2633
f 2465/1646/1794 2463/1645/1792 3228/2095/2635
f 3217/2085/2619 3229/553/2636 3227/2094/2634
f 3228/2095/2635 3227/2094/2634 3229/553/2636
f 3217/2085/2619 1129/797/2621 3229/553/2636
f 3228/2095/2635 3230/2096/2637 2465/1646/1794
f 3229/553/2636 3230/2096/2637 3228/2095/2635
f 2466/1647/1795 2465/1646/1794 3230/2096/2637
f 3229/553/2636 1129/797/2621 3231/2097/2638
f 3230/2096/2637 3229/553/2636 3231/2097/2638
f 3231/2097/2638 1129/797/2621 1132/795/2639
f 3231/2097/2638 1132/795/2639 3230/2096/2637
f 1134/798/2640 3230/2096/2637 1132/795/2639
f 3230/2096/2637 1134/798/2640 2466/1647/1795
f 1137/791/1797 2466/1647/1795 1134/798/2640
f 1612/1106/1845 2496/1662/1843 1609/1120/2641
f 3232/1064/2642 1609/1120/2641 2496/1662/1843
f 1609/1120/2641 3232/1064/2642 1607/1119/2643
f 2495/1065/1842 3232/1064/2642 2496/1662/1843
f 3233/1065/2644 1607/1119/2643 3232/1064/2642
f 3233/1065/2644 1604/1118/2645 1607/1119/2643
f 3234/2098/2646 3232/1064/2642 2495/1065/1842
f 3232/1064/2642 3235/2099/2647 3233/1065/2644
f 3235/2099/2647 1604/1118/2645 3233/1065/2644
f 3235/2099/2647 3232/1064/2642 3234/2098/2646
f 2495/1065/1842 3236/2100/2648 3234/2098/2646
f 3236/2100/2648 2495/1065/1842 2493/1661/1840
f 3234/2098/2646 3237/2101/2649 3235/2099/2647
f 3237/2101/2649 3234/2098/2646 3236/2100/2648
f 3238/2102/2650 1604/1118/2645 3235/2099/2647
f 3238/2102/2650 3235/2099/2647 3237/2101/2649
f 3238/2102/2650 1605/1116/2651 1604/1118/2645
f 2493/1661/1840 3239/2103/2652 3236/2100/2648
f 3236/2100/2648 3239/2103/2652 3237/2101/2649
f 3239/2103/2652 2493/1661/1840 2492/1660/1839
f 3240/1056/2653 3237/2101/2649 3239/2103/2652
f 3240/1056/2653 3238/2102/2650 3237/2101/2649
f 2492/1660/1839 3241/1050/2654 3239/2103/2652
f 3241/1050/2654 2492/1660/1839 2490/1659/1837
f 3242/2104/2655 3240/1056/2653 3239/2103/2652
f 3239/2103/2652 3241/1050/2654 3242/2104/2655
f 3238/2102/2650 3240/1056/2653 3242/2104/2655
f 2490/1659/1837 3243/2105/2656 3241/1050/2654
f 3243/2105/2656 3242/2104/2655 3241/1050/2654
f 3243/2105/2656 2490/1659/1837 2489/1658/1836
f 3242/2104/2655 3243/2105/2656 3244/1054/2657
f 3244/1054/2657 3238/2102/2650 3242/2104/2655
f 2489/1658/1836 3245/1657/2658 3243/2105/2656
f 3245/1657/2658 3244/1054/2657 3243/2105/2656
f 3245/1657/2658 2489/1658/1836 2487/1657/1834
f 1450/1001/2659 2487/1657/1834 1449/385/2660
f 2487/1657/1834 1450/1001/2659 3245/1657/2658
f 3245/1657/2658 1450/1001/2659 1453/1001/2661
f 3245/1657/2658 1453/1001/2661 3246/2106/2662
f 3244/1054/2657 3245/1657/2658 3246/2106/2662
f 3246/2106/2662 1453/1001/2661 1456/385/2663
f 3244/1054/2657 3246/2106/2662 1456/385/2663
f 3238/2102/2650 3244/1054/2657 1456/385/2663
f 3238/2102/2650 1456/385/2663 1458/273/2664
f 1458/273/2664 3247/2107/2665 3238/2102/2650
f 1605/1116/2651 3238/2102/2650 3247/2107/2665
f 300/272/2666 3247/2107/2665 1458/273/2664
f 3247/2107/2665 2433/1623/2667 1605/1116/2651
f 3247/2107/2665 300/272/2666 3248/2108/2668
f 2433/1623/2667 3247/2107/2665 3248/2108/2668
f 3249/2109/2668 3248/2108/2668 300/272/2666
f 3249/2109/2668 2433/1623/2667 3248/2108/2668
f 298/270/2669 3249/2109/2668 300/272/2666
f 3249/2109/2668 2432/1622/2667 2433/1623/2667
f 3250/2110/2668 3249/2109/2668 298/270/2669
f 3250/2110/2668 2432/1622/2667 3249/2109/2668
f 297/269/2670 3250/2110/2668 298/270/2669
f 3250/2110/2668 2428/1620/2667 2432/1622/2667
f 297/269/2670 3251/2111/2671 3250/2110/2668
f 3251/2111/2671 2428/1620/2667 3250/2110/2668
f 471/381/2600 3251/2111/2671 297/269/2670
f 3251/2111/2671 2427/1619/2672 2428/1620/2667
f 471/381/2600 3206/2076/2599 3251/2111/2671
f 3206/2076/2599 2427/1619/2672 3251/2111/2671
f 3206/2076/2599 2227/1513/2673 2427/1619/2672
f 3207/2077/2601 2227/1513/2673 3206/2076/2599
f 3252/1538/2674 2227/1513/2673 3207/2077/2601
f 2227/1513/2673 3252/1538/2674 2220/1509/2675
f 3252/1538/2674 2246/1526/2676 2220/1509/2675
f 2246/1526/2676 3252/1538/2674 3253/2112/2677
f 3254/2113/2678 2246/1526/2676 3253/2112/2677
f 2246/1526/2676 3254/2113/2678 2254/1528/2679
f 3253/2112/2677 3255/2114/2680 3254/2113/2678
f 3256/2115/2681 2254/1528/2679 3254/2113/2678
f 2254/1528/2679 3256/2115/2681 313/281/2682
f 3255/2114/2680 2010/1368/2683 3254/2113/2678
f 3257/1354/2684 2010/1368/2683 3255/2114/2680
f 3254/2113/2678 2010/1368/2683 2007/1370/2685
f 2007/1370/2685 3256/2115/2681 3254/2113/2678
f 2010/1368/2683 3257/1354/2684 2012/1372/2684
f 3256/2115/2681 2007/1370/2685 284/260/2686
f 3257/1354/2684 2022/1376/2687 2012/1372/2684
f 2022/1376/2687 3257/1354/2684 3258/2116/2688
f 284/260/2686 3259/2117/2681 3256/2115/2681
f 3259/2117/2681 313/281/2682 3256/2115/2681
f 286/262/2686 3259/2117/2681 284/260/2686
f 3259/2117/2681 309/278/2682 313/281/2682
f 3259/2117/2681 286/262/2686 3260/2118/2681
f 309/278/2682 3259/2117/2681 3260/2118/2681
f 288/263/2686 3260/2118/2681 286/262/2686
f 3260/2118/2681 310/279/2682 309/278/2682
f 3260/2118/2681 288/263/2686 3261/1242/2681
f 310/279/2682 3260/2118/2681 3261/1242/2681
f 3261/1242/2681 288/263/2686 3262/1201/2689
f 3262/1201/2689 310/279/2682 3261/1242/2681
f 1815/264/2690 3262/1201/2689 288/263/2686
f 310/279/2682 3262/1201/2689 2275/275/2691
f 3262/1201/2689 1815/264/2690 3263/2119/2692
f 2275/275/2691 3262/1201/2689 3263/2119/2692
f 1812/264/2693 3263/2119/2692 1815/264/2690
f 3263/2119/2692 1762/276/2694 2275/275/2691
f 3263/2119/2692 1812/264/2693 3264/2120/2695
f 3264/2120/2695 1812/264/2693 3265/2121/2696
f 3265/2121/2696 1812/264/2693 1810/1172/2697
f 1810/1172/2697 3266/1675/2698 3265/2121/2696
f 3266/1675/2698 3264/2120/2695 3265/2121/2696
f 1806/1258/2699 3266/1675/2698 1810/1172/2697
f 1805/1255/1869 2511/1675/1867 1806/1258/2699
f 1806/1258/2699 2511/1675/1867 3266/1675/2698
f 2511/1675/1867 3267/1674/2700 3266/1675/2698
f 3264/2120/2695 3266/1675/2698 3267/1674/2700
f 3267/1674/2700 2511/1675/1867 2510/1674/1866
f 3267/1674/2700 3268/2122/2701 3264/2120/2695
f 3263/2119/2692 3264/2120/2695 3268/2122/2701
f 2510/1674/1866 3269/2123/2702 3267/1674/2700
f 3268/2122/2701 3267/1674/2700 3269/2123/2702
f 3269/2123/2702 2510/1674/1866 2508/1672/1864
f 2508/1672/1864 3270/2124/2703 3269/2123/2702
f 3269/2123/2702 3270/2124/2703 3268/2122/2701
f 3270/2124/2703 2508/1672/1864 2507/1671/1863
f 3271/2125/2704 3263/2119/2692 3268/2122/2701
f 3268/2122/2701 3270/2124/2703 3271/2125/2704
f 3263/2119/2692 3271/2125/2704 3272/2126/2705
f 3270/2124/2703 3272/2126/2705 3271/2125/2704
f 2507/1671/1863 3273/2042/2706 3270/2124/2703
f 3270/2124/2703 3273/2042/2706 3272/2126/2705
f 3273/2042/2706 2507/1671/1863 2505/1670/1861
f 3274/2127/2707 3263/2119/2692 3272/2126/2705
f 3263/2119/2692 3274/2127/2707 1762/276/2694
f 3275/2128/2708 3272/2126/2705 3273/2042/2706
f 2505/1670/1861 3275/2128/2708 3273/2042/2706
f 3272/2126/2705 3275/2128/2708 3274/2127/2707
f 3275/2128/2708 2505/1670/1861 2504/1669/1860
f 2502/1668/1858 3275/2128/2708 2504/1669/1860
f 3274/2127/2707 3276/2129/2709 1762/276/2694
f 3276/2129/2709 1759/1227/2710 1762/276/2694
f 3277/2130/2711 3274/2127/2707 3275/2128/2708
f 3274/2127/2707 3277/2130/2711 3276/2129/2709
f 3277/2130/2711 1759/1227/2710 3276/2129/2709
f 3277/2130/2711 3275/2128/2708 2502/1668/1858
f 3277/2130/2711 1756/1225/2712 1759/1227/2710
f 2502/1668/1858 1756/1225/2712 3277/2130/2711
f 1756/1225/2712 2502/1668/1858 1755/1151/2713
f 3278/2131/2714 3279/2132/2715 3280/2132/2716
f 3279/2132/2715 3278/2131/2714 3281/2133/2717
f 3281/2133/2717 3282/2132/2718 3279/2132/2715
f 3281/2133/2717 3278/2131/2714 3283/2131/2719
f 3282/2132/2718 3284/2133/2718 3285/2132/2718
f 3282/2132/2718 3286/2133/2720 3284/2133/2718
f 3282/2132/2718 3281/2133/2717 3286/2133/2720
f 3286/2133/2720 3287/2133/2721 3284/2133/2718
f 3281/2133/2717 3288/2133/2722 3286/2133/2720
f 3287/2133/2721 3286/2133/2720 3288/2133/2722
f 3287/2133/2721 3289/2134/2721 3290/2134/2721
f 3289/2134/2721 3287/2133/2721 3288/2133/2722
f 3291/2133/2723 3289/2134/2721 3288/2133/2722
f 3288/2133/2722 3281/2133/2717 3291/2133/2723
f 3289/2134/2721 3291/2133/2723 3292/2134/2724
f 3292/2134/2724 3293/2135/2725 3294/2134/2726
f 3292/2134/2724 3291/2133/2723 3293/2135/2725
f 3295/2133/2727 3291/2133/2723 3281/2133/2717
f 3283/2131/2719 3295/2133/2727 3281/2133/2717
f 3293/2135/2725 3291/2133/2723 3296/2133/2728
f 3291/2133/2723 3295/2133/2727 3296/2133/2728
f 3296/2133/2728 3297/2135/2729 3293/2135/2725
f 3298/2136/2730 3295/2133/2727 3283/2131/2719
f 3298/2136/2730 3296/2133/2728 3295/2133/2727
f 3298/2136/2730 3283/2131/2719 3299/2137/2731
f 3296/2133/2728 3298/2136/2730 3300/2136/2732
f 3300/2136/2732 3297/2135/2729 3296/2133/2728
f 3297/2135/2729 3300/2136/2732 3301/2136/2733
f 2442/1628/2734 2075/1410/2734 2073/1409/2734
f 2442/1628/1762 2073/1409/2735 3302/2138/2736
f 3302/2138/2736 2073/1409/2735 2070/1408/2737
f 3303/2139/2738 2442/1628/1762 3302/2138/2736
f 2442/1628/1762 3303/2139/2738 2444/1629/1764
f 2070/1408/2737 3304/2138/2739 3302/2138/2736
f 3304/2138/2739 2070/1408/2737 2068/1399/2740
f 3305/2140/2741 3302/2138/2736 3304/2138/2739
f 3305/2140/2741 3304/2138/2739 2068/1399/2740
f 3302/2138/2736 3305/2140/2741 3303/2139/2738
f 3306/2141/2742 2444/1629/1764 3303/2139/2738
f 2445/1630/1765 2444/1629/1764 3306/2141/2742
f 3307/2142/2743 3303/2139/2738 3305/2140/2741
f 3303/2139/2738 3307/2142/2743 3306/2141/2742
f 3308/2143/2744 2445/1630/1765 3306/2141/2742
f 3308/2143/2744 3306/2141/2742 3307/2142/2743
f 2445/1630/1765 3308/2143/2744 2447/1631/1767
f 3305/2140/2741 3309/2144/2745 3307/2142/2743
f 3309/2144/2745 3305/2140/2741 2068/1399/2740
f 2067/1399/2746 3309/2144/2745 2068/1399/2740
f 3307/2142/2743 3310/2145/2747 3308/2143/2744
f 3309/2144/2745 3310/2145/2747 3307/2142/2743
f 3311/1632/2748 2447/1631/1767 3308/2143/2744
f 2447/1631/1767 3311/1632/2748 2448/1632/1768
f 3310/2145/2747 3312/2146/2749 3308/2143/2744
f 3308/2143/2744 3312/2146/2749 3311/1632/2748
f 3310/2145/2747 3309/2144/2745 3312/2146/2749
f 3313/2147/2750 2448/1632/1768 3311/1632/2748
f 3312/2146/2749 3313/2147/2750 3311/1632/2748
f 2450/1634/1770 2448/1632/1768 3313/2147/2750
f 3313/2147/2750 2451/1635/1771 2450/1634/1770
f 3313/2147/2750 3312/2146/2749 3314/2147/2751
f 3309/2144/2745 3314/2147/2751 3312/2146/2749
f 2451/1635/1771 3313/2147/2750 3315/2148/2752
f 3314/2147/2751 3315/2148/2752 3313/2147/2750
f 1010/706/1773 2451/1635/1771 1008/705/2753
f 1008/705/2753 2451/1635/1771 3315/2148/2752
f 1008/705/2753 3315/2148/2752 1005/702/2754
f 1005/702/2754 3315/2148/2752 3316/2149/2755
f 3315/2148/2752 3314/2147/2751 3316/2149/2755
f 3316/2149/2755 1003/697/2756 1005/702/2754
f 3314/2147/2751 1003/697/2756 3316/2149/2755
f 3309/2144/2745 1003/697/2756 3314/2147/2751
f 1003/697/2756 3309/2144/2745 1002/691/2757
f 3317/1488/2758 1002/691/2757 3309/2144/2745
f 3309/2144/2745 2067/1399/2746 3317/1488/2758
f 1002/691/2757 3317/1488/2758 1001/704/2759
f 2066/1407/2760 3317/1488/2758 2067/1399/2746
f 3318/1495/2761 1001/704/2759 3317/1488/2758
f 3317/1488/2758 2066/1407/2760 3318/1495/2761
f 1001/704/2759 3318/1495/2761 3319/2150/2761
f 2066/1407/2760 3319/2150/2761 3318/1495/2761
f 3319/2150/2761 3166/2067/2759 1001/704/2759
f 3163/1389/2760 3319/2150/2761 2066/1407/2760
f 3166/2067/2759 3319/2150/2761 3320/2151/2761
f 3163/1389/2760 3320/2151/2761 3319/2150/2761
f 3320/2151/2761 984/695/2759 3166/2067/2759
f 2042/1387/2760 3320/2151/2761 3163/1389/2760
f 3321/2152/2761 984/695/2759 3320/2151/2761
f 2042/1387/2760 3321/2152/2761 3320/2151/2761
f 984/695/2759 3321/2152/2761 983/694/2762
f 2041/1379/2763 3321/2152/2761 2042/1387/2760
f 3322/2153/2764 983/694/2762 3321/2152/2761
f 2041/1379/2763 3322/2153/2764 3321/2152/2761
f 3322/2153/2764 821/612/2609 983/694/2762
f 2022/1376/2687 3322/2153/2764 2041/1379/2763
f 3211/624/2610 821/612/2609 3322/2153/2764
f 3322/2153/2764 2022/1376/2687 3258/2116/2688
f 3258/2116/2688 3211/624/2610 3322/2153/2764
f 3323/2154/878 3324/2155/2765 3325/2156/2766
f 3324/2155/2765 3326/2157/883 3327/2158/2767
f 3328/2159/879 3324/2155/2765 3323/2154/878
f 3326/2157/883 3324/2155/2765 3328/2159/879
f 3329/2160/2768 3328/2159/879 3323/2154/878
f 3328/2159/879 3330/2161/2769 3326/2157/883
f 3331/2162/882 3328/2159/879 3329/2160/2768
f 3330/2161/2769 3328/2159/879 3331/2162/882
f 3332/2163/2770 3331/2162/882 3329/2160/2768
f 3331/2162/882 3333/2164/2771 3330/2161/2769
f 3331/2162/882 3332/2163/2770 3334/2165/936
f 3333/2164/2771 3331/2162/882 3334/2165/936
f 3335/1181/2772 3336/1182/2773 3337/2166/2774
f 3338/2167/2775 3336/1182/2773 3335/1181/2772
f 3339/2030/2776 3338/2167/2775 3335/1181/2772
f 3340/2168/2777 3338/2167/2775 3339/2030/2776
f 3336/1182/2773 3338/2167/2775 3341/1182/2778
f 3340/2168/2777 3342/1192/2779 3338/2167/2775
f 3341/1182/2778 3343/1182/2780 3336/1182/2773
f 3342/1192/2779 3340/2168/2777 3344/1192/2779
f 3345/2169/2781 3343/1182/2780 3341/1182/2778
f 3342/1192/2779 3344/1192/2779 3346/2029/2782
f 3345/2169/2781 3347/1185/2783 3343/1182/2780
f 3342/1192/2779 3346/2029/2782 3348/1430/2784
f 3347/1185/2783 3345/2169/2781 3349/1182/2785
f 3350/1418/2786 3348/1430/2784 3346/2029/2782
f 3351/1182/2787 3349/1182/2785 3345/2169/2781
f 3350/1418/2786 3352/1430/2788 3348/1430/2784
f 3353/2166/2789 3349/1182/2785 3351/1182/2787
f 3352/1430/2788 3354/1419/2790 3348/1430/2784
f 3353/2166/2789 3351/1182/2787 3355/1190/2791
f 3354/1419/2790 3356/1427/2792 3348/1430/2784
f 3351/1182/2787 3357/2167/2793 3355/1190/2791
f 3354/1419/2790 3358/1420/2794 3356/1427/2792
f 3355/1190/2791 3357/2167/2793 3359/2030/2795
f 3358/1420/2794 3360/1427/2796 3356/1427/2792
f 3359/2030/2795 3357/2167/2793 3361/1191/2797
f 3360/1427/2796 3362/1423/2798 3356/1427/2792
f 3363/1192/2799 3361/1191/2797 3357/2167/2793
f 3362/1423/2798 3360/1427/2796 3364/1427/2800
f 3365/1192/2801 3361/1191/2797 3363/1192/2799
f 3366/1427/2802 3362/1423/2798 3364/1427/2800
f 3365/1192/2801 3363/1192/2799 3367/2170/2803
f 3368/1427/2804 3362/1423/2798 3366/1427/2802
f 3363/1192/2799 3369/1430/2805 3367/2170/2803
f 3370/1420/2806 3368/1427/2804 3366/1427/2802
f 3367/2170/2803 3369/1430/2805 3371/1418/2807
f 3370/1420/2806 3372/2171/2808 3368/1427/2804
f 3371/1418/2807 3369/1430/2805 3372/2171/2808
f 3368/1427/2804 3372/2171/2808 3369/1430/2805
f 1126/796/2809 1118/788/2809 3373/2172/2809
f 3373/2172/2810 1118/788/733 1116/786/731
f 1139/800/751 1126/796/742 3373/2172/2810
f 1113/783/729 3373/2172/2810 1116/786/731
f 3373/2172/2810 1113/783/729 3374/2172/2811
f 3374/2172/2811 1139/800/751 3373/2172/2810
f 3374/2172/2811 1113/783/729 1114/784/445
f 3375/2173/2812 1139/800/751 3374/2172/2811
f 1114/784/445 3375/2173/2812 3374/2172/2811
f 1139/800/751 3375/2173/2812 1146/789/755
f 3375/2173/2812 1114/784/445 3376/2174/679
f 3377/2175/2813 1146/789/755 3375/2173/2812
f 3376/2174/679 3377/2175/2813 3375/2173/2812
f 3378/2176/679 3376/2174/679 1114/784/445
f 1114/784/445 1112/782/694 3378/2176/679
f 1112/782/694 3379/2177/2814 3378/2176/679
f 3379/2177/2814 3376/2174/679 3378/2176/679
f 3379/2177/2814 1112/782/694 1101/773/721
f 1146/789/755 3377/2175/2813 3380/2178/2815
f 1143/803/753 1146/789/755 3380/2178/2815
f 3380/2178/2815 1149/807/756 1143/803/753
f 3381/773/2816 3379/2177/2814 1101/773/721
f 1101/773/721 1098/770/719 3381/773/2816
f 1095/767/716 3381/773/2816 1098/770/719
f 1149/807/756 3380/2178/2815 3382/1957/2817
f 3381/773/2816 1095/767/716 3383/2179/2818
f 1095/767/716 1096/768/717 3383/2179/2818
f 3031/1967/2420 3383/2179/2818 1096/768/717
f 3383/2179/2818 3384/2177/2819 3381/773/2816
f 3379/2177/2814 3381/773/2816 3384/2177/2819
f 3383/2179/2818 3031/1967/2420 3385/2180/2820
f 3384/2177/2819 3383/2179/2818 3385/2180/2820
f 3028/783/2417 3385/2180/2820 3031/1967/2420
f 3385/2180/2820 3028/783/2417 3386/2181/2821
f 3386/2181/2821 3384/2177/2819 3385/2180/2820
f 3024/1961/2413 3386/2181/2821 3028/783/2417
f 3384/2177/2819 3387/2182/2822 3379/2177/2814
f 3376/2174/679 3379/2177/2814 3387/2182/2822
f 3384/2177/2819 3386/2181/2821 3388/2182/2823
f 3387/2182/2822 3384/2177/2819 3388/2182/2823
f 3386/2181/2821 3024/1961/2413 3389/2183/2824
f 3386/2181/2821 3389/2183/2824 3388/2182/2823
f 3019/1956/2408 3389/2183/2824 3024/1961/2413
f 3387/2182/2822 3390/302/2825 3376/2174/679
f 3377/2175/2813 3376/2174/679 3390/302/2825
f 3389/2183/2824 3019/1956/2408 3391/2184/2826
f 3017/1954/2827 3391/2184/2826 3019/1956/2408
f 3388/2182/2823 3389/2183/2824 3392/2185/2828
f 3389/2183/2824 3391/2184/2826 3392/2185/2828
f 3388/2182/2823 3393/2185/2829 3387/2182/2822
f 3393/2185/2829 3388/2182/2823 3392/2185/2828
f 3390/302/2825 3387/2182/2822 3393/2185/2829
f 3392/2185/2828 3391/2184/2826 3394/2186/2830
f 3391/2184/2826 3017/1954/2827 3395/2187/2831
f 3391/2184/2826 3395/2187/2831 3394/2186/2830
f 3015/1740/2832 3395/2187/2831 3017/1954/2827
f 3396/2186/2833 3392/2185/2828 3394/2186/2830
f 3392/2185/2828 3396/2186/2833 3393/2185/2829
f 3394/2186/2830 3395/2187/2831 3397/2188/2834
f 3394/2186/2830 3397/2188/2834 3396/2186/2833
f 3395/2187/2831 3015/1740/2832 3398/2189/2835
f 3395/2187/2831 3399/2190/2836 3397/2188/2834
f 3399/2190/2836 3395/2187/2831 3398/2189/2835
f 3015/1740/2832 3400/2191/2837 3398/2189/2835
f 3400/2191/2837 3399/2190/2836 3398/2189/2835
f 3400/2191/2837 3015/1740/2832 3013/1951/2838
f 3397/2188/2834 3399/2190/2836 3401/2188/2839
f 3401/2188/2839 3396/2186/2833 3397/2188/2834
f 3013/1951/2838 3402/2192/2840 3400/2191/2837
f 3402/2192/2840 3013/1951/2838 3011/1949/2841
f 3399/2190/2836 3400/2191/2837 3403/2193/2842
f 3011/1949/2841 3404/1946/2843 3402/2192/2840
f 3404/1946/2843 3011/1949/2841 3008/1946/2844
f 3400/2191/2837 3402/2192/2840 3405/2194/2845
f 3405/2194/2845 3403/2193/2842 3400/2191/2837
f 3402/2192/2840 3404/1946/2843 3406/2195/2846
f 3406/2195/2846 3405/2194/2845 3402/2192/2840
f 3008/1946/2844 3407/2196/2847 3404/1946/2843
f 3407/2196/2847 3008/1946/2844 3005/1943/2848
f 3408/2197/2849 3406/2195/2846 3404/1946/2843
f 3404/1946/2843 3407/2196/2847 3408/2197/2849
f 3005/1943/2848 3409/821/2850 3407/2196/2847
f 3409/821/2850 3005/1943/2848 3003/821/2851
f 3407/2196/2847 3409/821/2850 3410/2198/2852
f 3410/2198/2852 3408/2197/2849 3407/2196/2847
f 3003/821/2851 3411/2199/2853 3409/821/2850
f 3411/2199/2853 3410/2198/2852 3409/821/2850
f 3411/2199/2853 3003/821/2851 3001/1941/2391
f 1398/965/962 3411/2199/2853 3001/1941/2391
f 3411/2199/2853 1398/965/962 1395/965/959
f 1395/965/959 3412/2199/2854 3411/2199/2853
f 3410/2198/2852 3411/2199/2853 3412/2199/2854
f 3412/2199/2854 1395/965/959 1392/957/956
f 1392/957/956 1393/963/957 3412/2199/2854
f 3412/2199/2854 3413/2198/2855 3410/2198/2852
f 3413/2198/2855 3412/2199/2854 1393/963/957
f 3410/2198/2852 3414/2197/2856 3408/2197/2849
f 3414/2197/2856 3410/2198/2852 3413/2198/2855
f 3415/2195/2857 3408/2197/2849 3414/2197/2856
f 3408/2197/2849 3415/2195/2857 3406/2195/2846
f 3416/963/946 3413/2198/2855 1393/963/957
f 1393/963/957 1377/957/945 3416/963/946
f 1377/957/945 1372/956/873 3416/963/946
f 3413/2198/2855 3416/963/946 3417/2198/2858
f 3418/823/873 3416/963/946 1372/956/873
f 3416/963/946 3418/823/873 3417/2198/2858
f 1372/956/873 1310/911/888 3418/823/873
f 3419/2200/945 3413/2198/2855 3417/2198/2858
f 3418/823/873 3419/2200/945 3417/2198/2858
f 3413/2198/2855 3419/2200/945 3414/2197/2856
f 3420/815/2859 3418/823/873 1310/911/888
f 1310/911/888 1186/827/786 3420/815/2859
f 1186/827/786 1174/815/775 3420/815/2859
f 3421/1677/2860 3418/823/873 3420/815/2859
f 3421/1677/2860 3420/815/2859 1174/815/775
f 3419/2200/945 3418/823/873 3421/1677/2860
f 3421/1677/2860 1174/815/775 1168/819/771
f 3422/2201/2861 3421/1677/2860 1168/819/771
f 3422/2201/2861 3419/2200/945 3421/1677/2860
f 1168/819/771 1167/818/770 3422/2201/2861
f 3423/2195/946 3414/2197/2856 3419/2200/945
f 3419/2200/945 3422/2201/2861 3423/2195/946
f 3414/2197/2856 3423/2195/946 3415/2195/2857
f 3424/1651/817 3422/2201/2861 1167/818/770
f 3424/1651/817 3423/2195/946 3422/2201/2861
f 1167/818/770 1165/817/768 3424/1651/817
f 3425/2202/946 3415/2195/2857 3423/2195/946
f 3423/2195/946 3424/1651/817 3425/2202/946
f 3415/2195/2857 3425/2202/946 3426/2194/2862
f 3426/2194/2862 3406/2195/2846 3415/2195/2857
f 3406/2195/2846 3426/2194/2862 3405/2194/2845
f 3427/2203/2863 3425/2202/946 3424/1651/817
f 3427/2203/2863 3424/1651/817 1165/817/768
f 3428/2204/945 3426/2194/2862 3425/2202/946
f 3425/2202/946 3427/2203/2863 3428/2204/945
f 3429/2204/2864 3405/2194/2845 3426/2194/2862
f 3429/2204/2864 3426/2194/2862 3428/2204/945
f 3405/2194/2845 3429/2204/2864 3403/2193/2842
f 3430/2190/2865 3403/2193/2842 3429/2204/2864
f 3403/2193/2842 3430/2190/2865 3399/2190/2836
f 3430/2190/2865 3401/2188/2839 3399/2190/2836
f 3430/2190/2865 3429/2204/2864 3431/2205/2866
f 3431/2205/2866 3401/2188/2839 3430/2190/2865
f 3431/2205/2866 3429/2204/2864 3428/2204/945
f 3401/2188/2839 3431/2205/2866 3432/2206/2867
f 3432/2206/2867 3396/2186/2833 3401/2188/2839
f 3428/2204/945 3433/2207/2868 3431/2205/2866
f 3433/2207/2868 3432/2206/2867 3431/2205/2866
f 3433/2207/2868 3428/2204/945 3427/2203/2863
f 3396/2186/2833 3432/2206/2867 3434/2208/2869
f 3434/2208/2869 3393/2185/2829 3396/2186/2833
f 3393/2185/2829 3434/2208/2869 3390/302/2825
f 3432/2206/2867 3433/2207/2868 3435/2209/2870
f 3435/2209/2870 3434/2208/2869 3432/2206/2867
f 3436/2210/2871 3390/302/2825 3434/2208/2869
f 3434/2208/2869 3435/2209/2870 3436/2210/2871
f 3390/302/2825 3436/2210/2871 3377/2175/2813
f 3377/2175/2813 3436/2210/2871 3380/2178/2815
f 3380/2178/2815 3436/2210/2871 3382/1957/2817
f 3436/2210/2871 3435/2209/2870 3382/1957/2817
f 3382/1957/2817 3435/2209/2870 3437/2211/2872
f 3437/2211/2872 1149/807/756 3382/1957/2817
f 1149/807/756 3437/2211/2872 1151/805/758
f 3435/2209/2870 3438/2212/2873 3437/2211/2872
f 3438/2212/2873 1151/805/758 3437/2211/2872
f 3438/2212/2873 3435/2209/2870 3433/2207/2868
f 3427/2203/2863 3438/2212/2873 3433/2207/2868
f 1151/805/758 3438/2212/2873 1152/809/759
f 3438/2212/2873 3427/2203/2863 3439/2213/2874
f 3439/2213/2874 1152/809/759 3438/2212/2873
f 1165/817/768 3439/2213/2874 3427/2203/2863
f 1152/809/759 3439/2213/2874 1155/811/762
f 1165/817/768 1155/811/762 3439/2213/2874
f 3440/2214/2875 3203/2073/2875 3205/2075/2875
f 3201/462/2876 3203/2073/2877 3440/2214/2877
f 3440/2214/2878 3205/2075/2879 3441/2215/2879
f 3442/459/2876 3201/462/2876 3440/2214/2877
f 3209/2079/2880 3441/2215/2879 3205/2075/2879
f 3442/459/2876 3200/2071/2881 3201/462/2876
f 3441/2215/2879 3209/2079/2880 3443/2216/2882
f 3444/2217/2881 3200/2071/2881 3442/459/2876
f 3443/2216/2882 3209/2079/2880 3445/506/2883
f 3446/2218/2884 3200/2071/2881 3444/2217/2881
f 3209/2079/2880 3210/635/2883 3445/506/2883
f 3200/2071/2881 3446/2218/2884 3202/2072/2884
f 3210/635/2883 3447/634/2885 3445/506/2883
f 3446/2218/2884 3204/2074/2886 3202/2072/2884
f 3447/634/2885 3210/635/2883 3211/624/2885
f 3204/2074/2886 3446/2218/2884 3448/2219/2886
f 3258/2116/2887 3447/634/2885 3211/624/2885
f 3204/2074/2886 3448/2219/2886 3207/2077/2888
f 3447/634/2885 3258/2116/2887 3449/653/2887
f 3450/2220/2889 3207/2077/2888 3448/2219/2886
f 3257/1354/2890 3449/653/2887 3258/2116/2887
f 3451/2221/2891 3207/2077/2888 3450/2220/2889
f 3449/653/2887 3257/1354/2890 3452/2222/2892
f 3207/2077/2888 3451/2221/2891 3252/1538/2893
f 3257/1354/2890 3453/2223/2894 3452/2222/2892
f 3454/2224/2895 3252/1538/2893 3451/2221/2891
f 3453/2223/2894 3257/1354/2890 3255/2114/2896
f 3454/2224/2895 3453/2223/2894 3255/2114/2896
f 3252/1538/2893 3454/2224/2895 3253/2112/2895
f 3253/2112/2895 3454/2224/2895 3255/2114/2896
f 1697/1185/1225 3343/1182/2780 3347/1185/2783
f 1697/1185/1225 3336/1182/2773 3343/1182/2780
f 1700/1186/1228 1697/1185/1225 3347/1185/2783
f 3336/1182/2773 1697/1185/1225 1694/1182/1222
f 3349/1182/2785 1700/1186/1228 3347/1185/2783
f 1694/1182/1222 3337/2166/2774 3336/1182/2773
f 1703/1185/1231 1700/1186/1228 3349/1182/2785
f 3337/2166/2774 1694/1182/1222 1690/1182/1218
f 3353/2166/2789 1703/1185/1231 3349/1182/2785
f 1690/1182/1218 3335/1181/2772 3337/2166/2774
f 1703/1185/1231 3353/2166/2789 1704/1182/1232
f 3335/1181/2772 1690/1182/1218 1687/1180/1215
f 3353/2166/2789 1708/1190/1236 1704/1182/1232
f 1687/1180/1215 3339/2030/2776 3335/1181/2772
f 1708/1190/1236 3353/2166/2789 3355/1190/2791
f 3339/2030/2776 1687/1180/1215 1688/1181/1216
f 3355/1190/2791 1709/1181/1237 1708/1190/1236
f 1688/1181/1216 3340/2168/2777 3339/2030/2776
f 1709/1181/1237 3355/1190/2791 3359/2030/2795
f 3340/2168/2777 1688/1181/1216 3113/2030/2504
f 3359/2030/2795 1710/1191/1238 1709/1181/1237
f 3113/2030/2504 3344/1192/2779 3340/2168/2777
f 1710/1191/1238 3359/2030/2795 3361/1191/2797
f 3344/1192/2779 3113/2030/2504 3112/1192/2503
f 1711/1192/1239 1710/1191/1238 3361/1191/2797
f 3112/1192/2503 3110/2029/2501 3344/1192/2779
f 1711/1192/1239 3361/1191/2797 3365/1192/2801
f 3344/1192/2779 3110/2029/2501 3346/2029/2782
f 3365/1192/2801 3367/2170/2803 1711/1192/1239
f 3110/2029/2501 2113/1418/1528 3346/2029/2782
f 2089/1417/1508 1711/1192/1239 3367/2170/2803
f 2113/1418/1528 3350/1418/2786 3346/2029/2782
f 3371/1418/2807 2089/1417/1508 3367/2170/2803
f 2113/1418/1528 2110/1430/1525 3350/1418/2786
f 2089/1417/1508 3371/1418/2807 2090/1418/1509
f 2110/1430/1525 3352/1430/2788 3350/1418/2786
f 3372/2171/2808 2090/1418/1509 3371/1418/2807
f 2110/1430/1525 2107/1420/1522 3352/1430/2788
f 2091/1419/1236 2090/1418/1509 3372/2171/2808
f 3354/1419/2790 3352/1430/2788 2107/1420/1522
f 3370/1420/2806 2091/1419/1236 3372/2171/2808
f 2107/1420/1522 2103/1427/1519 3354/1419/2790
f 2091/1419/1236 3370/1420/2806 2092/1420/1510
f 3358/1420/2794 3354/1419/2790 2103/1427/1519
f 3370/1420/2806 2095/1423/1513 2092/1420/1510
f 2103/1427/1519 2100/1423/1225 3358/1420/2794
f 2095/1423/1513 3370/1420/2806 3366/1427/2802
f 2100/1423/1225 3360/1427/2796 3358/1420/2794
f 3366/1427/2802 2096/1423/1514 2095/1423/1513
f 2100/1423/1225 3364/1427/2800 3360/1427/2796
f 2096/1423/1514 3366/1427/2802 3364/1427/2800
f 3364/1427/2800 2100/1423/1225 2096/1423/1514
f 3455/2225/2897 3456/2225/2897 3457/2226/2897
f 3458/1311/153 3457/2226/2898 3456/2225/153
f 3457/2226/2898 3459/1314/2899 3455/2225/1047
f 3457/2226/2898 3458/1311/153 3460/2225/2900
f 3461/2225/1047 3455/2225/1047 3459/1314/2899
f 3462/2227/1047 3460/2225/2900 3458/1311/153
f 3459/1314/2899 3463/1314/2901 3461/2225/1047
f 3460/2225/2900 3462/2227/1047 3464/2228/2902
f 3465/2225/153 3461/2225/1047 3463/1314/2901
f 3466/2229/1047 3464/2228/2902 3462/2227/1047
f 3463/1314/2901 3467/2226/2903 3465/2225/153
f 3464/2228/2902 3466/2229/1047 3468/425/2904
f 3469/1311/153 3465/2225/153 3467/2226/2903
f 3466/2229/1047 3470/419/2905 3468/425/2904
f 3467/2226/2903 3471/2225/2906 3469/1311/153
f 3470/419/2905 3466/2229/1047 3472/2230/2907
f 3471/2225/2906 3473/2227/153 3469/1311/153
f 3472/2230/2907 3474/418/2908 3470/419/2905
f 3473/2227/153 3471/2225/2906 3475/2228/2909
f 3474/418/2908 3472/2230/2907 3476/2231/1047
f 3475/2228/2909 3477/2232/1047 3473/2227/153
f 3476/2231/1047 3478/2233/2910 3474/418/2908
f 3477/2232/1047 3475/2228/2909 3479/1310/2911
f 3478/2233/2910 3476/2231/1047 3480/2234/2825
f 3479/1310/2911 3481/2235/2912 3477/2232/1047
f 3480/2234/2825 3482/444/2913 3478/2233/2910
f 3483/2236/153 3477/2232/1047 3481/2235/2912
f 3482/444/2913 3480/2234/2825 3484/2237/2825
f 3481/2235/2912 3485/2238/2914 3483/2236/153
f 3484/2237/2825 3486/2239/2915 3482/444/2913
f 3487/2240/1047 3483/2236/153 3485/2238/2914
f 3486/2239/2915 3484/2237/2825 3488/2241/2825
f 3489/2242/2916 3487/2240/1047 3485/2238/2914
f 3490/2243/153 3486/2239/2915 3488/2241/2825
f 3491/1324/2917 3487/2240/1047 3489/2242/2916
f 3486/2239/2915 3490/2243/153 3492/2244/2918
f 3489/2242/2916 3493/2245/2917 3491/1324/2917
f 3494/2246/153 3492/2244/2918 3490/2243/153
f 3493/2245/2917 3489/2242/2916 3495/2247/2919
f 3492/2244/2918 3494/2246/153 3496/435/2920
f 3495/2247/2919 3497/2248/153 3493/2245/2917
f 3498/2249/2825 3496/435/2920 3494/2246/153
f 3497/2248/153 3495/2247/2919 3499/2250/2921
f 3496/435/2920 3498/2249/2825 3500/432/2922
f 3499/2250/2921 3501/2251/2917 3497/2248/153
f 3498/2249/2825 3502/2252/2923 3500/432/2922
f 3501/2251/2917 3499/2250/2921 3503/2251/2924
f 3502/2252/2923 3498/2249/2825 3504/2253/2825
f 3505/2254/2925 3501/2251/2917 3503/2251/2924
f 3504/2253/2825 3506/441/2926 3502/2252/2923
f 3501/2251/2917 3505/2254/2925 3507/2254/2917
f 3506/441/2926 3504/2253/2825 3508/2255/2927
f 3509/1332/2502 3507/2254/2917 3505/2254/2925
f 3508/2255/2927 3510/2256/2928 3506/441/2926
f 3507/2254/2917 3509/1332/2502 3511/1332/153
f 3510/2256/2928 3508/2255/2927 3512/2257/2825
f 3513/1336/2929 3511/1332/153 3509/1332/2502
f 3512/2257/2825 3514/2258/2930 3510/2256/2928
f 3511/1332/153 3513/1336/2929 3515/1336/2917
f 3514/2258/2930 3512/2257/2825 3516/2259/2927
f 3517/1337/2931 3515/1336/2917 3513/1336/2929
f 3516/2259/2927 3518/2260/2932 3514/2258/2930
f 3515/1336/2917 3517/1337/2931 3519/2261/2917
f 3518/2260/2932 3516/2259/2927 3520/2262/2825
f 3517/1337/2931 3521/666/153 3519/2261/2917
f 3522/469/2933 3518/2260/2932 3520/2262/2825
f 3521/666/153 3517/1337/2931 3523/666/2934
f 3520/2262/2825 3524/2263/2927 3522/469/2933
f 3523/666/2934 3525/663/2935 3521/666/153
f 3526/2264/153 3522/469/2933 3524/2263/2927
f 3521/666/153 3525/663/2935 3527/1338/2917
f 3522/469/2933 3526/2264/153 3528/475/2936
f 3525/663/2935 3529/2265/2937 3527/1338/2917
f 3530/2266/2927 3528/475/2936 3526/2264/153
f 3527/1338/2917 3529/2265/2937 3531/2267/2917
f 3528/475/2936 3530/2266/2927 3532/476/2938
f 3533/2268/2939 3531/2267/2917 3529/2265/2937
f 3530/2266/2927 3534/2269/2940 3532/476/2938
f 3531/2267/2917 3533/2268/2939 3535/2270/153
f 3530/2266/2927 3536/2271/153 3534/2269/2940
f 3533/2268/2939 3537/2272/153 3535/2270/153
f 3538/2269/153 3534/2269/2940 3536/2271/153
f 3533/2268/2939 3539/2273/2941 3537/2272/153
f 3534/2269/2940 3538/2269/153 3540/630/2942
f 3539/2273/2941 3541/2274/2927 3537/2272/153
f 3542/2275/2927 3540/630/2942 3538/2269/153
f 3539/2273/2941 3543/631/2943 3541/2274/2927
f 3540/630/2942 3542/2275/2927 3544/482/2944
f 3543/631/2943 3545/2271/2927 3541/2274/2927
f 3546/2276/153 3544/482/2944 3542/2275/2927
f 3545/2271/2927 3543/631/2943 3547/2269/2945
f 3544/482/2944 3546/2276/153 3548/494/2946
f 3547/2269/2945 3549/2269/153 3545/2271/2927
f 3546/2276/153 3550/494/2947 3548/494/2946
f 3549/2269/153 3547/2269/2945 3551/630/2948
f 3550/494/2947 3546/2276/153 3552/2276/2917
f 3551/630/2948 3553/482/2949 3549/2269/153
f 3552/2276/2917 3554/2275/153 3550/494/2947
f 3554/2275/153 3549/2269/153 3553/482/2949
f 3550/494/2947 3554/2275/153 3553/482/2949
f 3555/2277/2950 3556/2278/2950 3557/2278/2950
f 3558/2279/255 3557/2278/2951 3556/2278/2952
f 3556/2278/2952 3555/2277/2953 3559/2277/2954
f 3560/2280/2288 3559/2277/2954 3555/2277/2953
f 3558/2279/255 3556/2278/2952 3561/2278/2955
f 3559/2277/2954 3561/2278/2955 3556/2278/2952
f 3558/2279/255 3561/2278/2955 3562/2279/2956
f 3559/2277/2954 3560/2280/2288 3563/2280/2957
f 3564/2281/2958 3558/2279/255 3562/2279/2956
f 3565/2279/2959 3558/2279/255 3564/2281/2958
f 3566/2281/2958 3565/2279/2959 3564/2281/2958
f 3561/2278/2955 3559/2277/2954 3567/2277/2960
f 3566/2281/2958 3564/2281/2958 3568/2282/2961
f 3569/2282/2962 3566/2281/2958 3568/2282/2961
f 3568/2282/2961 3560/2280/2288 3569/2282/2962
f 3560/2280/2288 3568/2282/2961 3563/2280/2957
f 3564/2281/2958 3570/2282/2963 3568/2282/2961
f 3563/2280/2957 3568/2282/2961 3570/2282/2963
f 3571/2280/2964 3559/2277/2954 3563/2280/2957
f 3570/2282/2963 3571/2280/2964 3563/2280/2957
f 3571/2280/2964 3567/2277/2960 3559/2277/2954
f 3570/2282/2963 3564/2281/2958 3572/2281/2965
f 3564/2281/2958 3562/2279/2956 3572/2281/2965
f 3573/2277/2966 3571/2280/2964 3570/2282/2963
f 3573/2277/2966 3570/2282/2963 3572/2281/2965
f 3573/2277/2966 3567/2277/2960 3571/2280/2964
f 3573/2277/2966 3572/2281/2965 3562/2279/2956
f 3573/2277/2966 3561/2278/2955 3567/2277/2960
f 3573/2277/2966 3562/2279/2956 3561/2278/2955
f 2297/2283/2967 3574/2284/2968 2298/2283/2969
f 2297/2283/2967 2295/2285/1381 3574/2284/2968
f 2298/2283/2969 3574/2284/2968 2302/2283/1369
f 2295/2285/1381 2293/2284/1369 3574/2284/2968
f 2302/2283/1369 3574/2284/2968 2305/2285/1372
f 2293/2284/1369 2294/2286/1372 3574/2284/2968
f 2305/2285/1372 3574/2284/2968 2309/2284/1372
f 2294/2286/1372 2296/2287/1369 3574/2284/2968
f 2309/2284/1372 3574/2284/2968 2312/2286/1378
f 2296/2287/1369 2300/2287/1378 3574/2284/2968
f 2312/2286/1378 3574/2284/2968 2306/2287/1372
f 2300/2287/1378 2306/2287/1372 3574/2284/2968
f 504/2288/339 503/2289/339 3575/2290/339
f 504/2288/339 3575/2290/339 505/2290/2970
f 503/2289/339 502/2289/339 3575/2290/339
f 505/2290/2970 3575/2290/339 508/2291/339
f 502/2289/339 500/2289/315 3575/2290/339
f 508/2291/339 3575/2290/339 510/2292/339
f 500/2289/315 501/2288/339 3575/2290/339
f 510/2292/339 3575/2290/339 513/2292/339
f 501/2288/339 506/2290/339 3575/2290/339
f 513/2292/339 3575/2290/339 516/2292/339
f 506/2290/339 520/2291/339 3575/2290/339
f 516/2292/339 3575/2290/339 520/2291/339
f 1984/2293/589 3576/2293/1400 1982/2294/1400
f 1984/2293/589 1985/2295/1400 3576/2293/1400
f 1982/2294/1400 3576/2293/1400 1978/2296/589
f 1985/2295/1400 1966/2297/589 3576/2293/1400
f 1978/2296/589 3576/2293/1400 1973/2296/589
f 1966/2297/589 1962/2297/589 3576/2293/1400
f 1973/2296/589 3576/2293/1400 1970/2296/589
f 1962/2297/589 1960/2297/589 3576/2293/1400
f 1970/2296/589 3576/2293/1400 1968/2294/589
f 1960/2297/589 1961/2295/1400 3576/2293/1400
f 1968/2294/589 3576/2293/1400 1964/2293/589
f 1961/2295/1400 1964/2293/589 3576/2293/1400
f 843/2298/417 3577/2299/2971 844/2298/417
f 843/2298/417 841/2298/417 3577/2299/2971
f 844/2298/417 3577/2299/2971 848/2300/2971
f 841/2298/417 839/2298/417 3577/2299/2971
f 848/2300/2971 3577/2299/2971 851/2299/558
f 839/2298/417 840/2300/558 3577/2299/2971
f 851/2299/558 3577/2299/2971 854/2301/417
f 840/2300/558 842/2299/558 3577/2299/2971
f 854/2301/417 3577/2299/2971 857/2302/417
f 842/2299/558 846/2301/2971 3577/2299/2971
f 857/2302/417 3577/2299/2971 852/2302/558
f 846/2301/2971 852/2302/558 3577/2299/2971
f 1292/2303/360 3578/2304/392 1271/2303/392
f 1292/2303/360 1290/2304/2972 3578/2304/392
f 1271/2303/392 3578/2304/392 1268/2305/392
f 1290/2304/2972 1286/2306/392 3578/2304/392
f 1268/2305/392 3578/2304/392 1266/2303/397
f 1286/2306/392 1281/2307/360 3578/2304/392
f 1266/2303/397 3578/2304/392 1267/2304/392
f 1281/2307/360 1278/2307/392 3578/2304/392
f 1267/2304/392 3578/2304/392 1269/2306/392
f 1278/2307/392 1276/2307/392 3578/2304/392
f 1269/2306/392 3578/2304/392 1273/2307/392
f 1276/2307/392 1273/2307/392 3578/2304/392
f 3341/1182/153 3579/1192/153 3345/2169/153
f 3338/2167/153 3579/1192/153 3341/1182/153
f 3345/2169/153 3579/1192/153 3351/1182/153
f 3342/1192/153 3579/1192/153 3338/2167/153
f 3351/1182/153 3579/1192/153 3357/2167/153
f 3348/1430/153 3579/1192/153 3342/1192/153
f 3357/2167/153 3579/1192/153 3363/1192/153
f 3356/1427/153 3579/1192/153 3348/1430/153
f 3363/1192/153 3579/1192/153 3369/1430/153
f 3362/1423/153 3579/1192/153 3356/1427/153
f 3369/1430/153 3579/1192/153 3368/1427/153
f 3368/1427/153 3579/1192/153 3362/1423/153
f 2989/1934/2973 3580/2308/2973 1499/1035/2973
f 1499/1035/1046 3580/2308/2974 1502/316/1049
f 2989/1934/2373 3581/2309/2975 3580/2308/2974
f 2986/1931/2369 3581/2309/2975 2989/1934/2373
f 2985/1930/2368 3581/2309/2975 2986/1931/2369
f 3580/2308/2974 3582/2310/2976 1502/316/1049
f 1502/316/1049 3582/2310/2976 1505/1039/1052
f 3581/2309/2975 3583/2311/2977 3580/2308/2974
f 3580/2308/2974 3583/2311/2977 3582/2310/2976
f 3581/2309/2975 2985/1930/2368 3584/2312/2978
f 3584/2312/2978 3583/2311/2977 3581/2309/2975
f 2985/1930/2368 2822/1817/2194 3584/2312/2978
f 3582/2310/2976 3585/1073/2979 1505/1039/1052
f 1505/1039/1052 3585/1073/2979 1508/1042/1055
f 3583/2311/2977 3586/2313/2980 3582/2310/2976
f 3582/2310/2976 3586/2313/2980 3585/1073/2979
f 3583/2311/2977 3584/2312/2978 3587/2314/2981
f 3587/2314/2981 3586/2313/2980 3583/2311/2977
f 3588/1750/2982 3584/2312/2978 2822/1817/2194
f 3584/2312/2978 3588/1750/2982 3587/2314/2981
f 2822/1817/2194 2821/1816/2193 3588/1750/2982
f 2824/1818/2196 3588/1750/2982 2821/1816/2193
f 3588/1750/2982 2824/1818/2196 3589/2315/2983
f 3589/2315/2983 3587/2314/2981 3588/1750/2982
f 2826/1819/2198 3589/2315/2983 2824/1818/2196
f 3586/2313/2980 3587/2314/2981 3590/2316/2984
f 3587/2314/2981 3589/2315/2983 3590/2316/2984
f 3589/2315/2983 2826/1819/2198 3591/2317/2985
f 3591/2317/2985 3590/2316/2984 3589/2315/2983
f 2827/1820/2199 3591/2317/2985 2826/1819/2198
f 3590/2316/2984 3592/2318/2986 3586/2313/2980
f 3586/2313/2980 3592/2318/2986 3585/1073/2979
f 3590/2316/2984 3591/2317/2985 3593/2315/2987
f 3592/2318/2986 3590/2316/2984 3593/2315/2987
f 3591/2317/2985 2827/1820/2199 3594/2319/2988
f 3594/2319/2988 3593/2315/2987 3591/2317/2985
f 2830/1821/2203 3594/2319/2988 2827/1820/2199
f 3585/1073/2979 3592/2318/2986 3595/2320/2989
f 3585/1073/2979 3595/2320/2989 1508/1042/1055
f 1508/1042/1055 3595/2320/2989 1551/1077/1092
f 3594/2319/2988 2830/1821/2203 3596/2321/2990
f 2832/1693/2205 3596/2321/2990 2830/1821/2203
f 3595/2320/2989 3597/1078/2991 1551/1077/1092
f 1551/1077/1092 3597/1078/2991 1553/1072/1094
f 3592/2318/2986 3598/1081/2992 3595/2320/2989
f 3595/2320/2989 3598/1081/2992 3597/1078/2991
f 3593/2315/2987 3598/1081/2992 3592/2318/2986
f 3597/1078/2991 3599/2322/2993 1553/1072/1094
f 1553/1072/1094 3599/2322/2993 1555/1079/1096
f 3598/1081/2992 3600/2323/2994 3597/1078/2991
f 3597/1078/2991 3600/2323/2994 3599/2322/2993
f 3598/1081/2992 3593/2315/2987 3601/2324/2995
f 3601/2324/2995 3600/2323/2994 3598/1081/2992
f 3593/2315/2987 3594/2319/2988 3601/2324/2995
f 3596/2321/2990 3601/2324/2995 3594/2319/2988
f 3600/2323/2994 3601/2324/2995 3602/2325/2996
f 3601/2324/2995 3596/2321/2990 3602/2325/2996
f 3600/2323/2994 3603/2324/2997 3599/2322/2993
f 3602/2325/2996 3603/2324/2997 3600/2323/2994
f 3599/2322/2993 3604/2323/2998 1555/1079/1096
f 3599/2322/2993 3603/2324/2997 3604/2323/2998
f 1555/1079/1096 3604/2323/2998 1558/1082/1099
f 3605/2326/2999 3602/2325/2996 3596/2321/2990
f 3596/2321/2990 2832/1693/2205 3605/2326/2999
f 2834/1822/2208 3605/2326/2999 2832/1693/2205
f 3602/2325/2996 3605/2326/2999 3606/320/3000
f 3603/2324/2997 3602/2325/2996 3606/320/3000
f 3605/2326/2999 2834/1822/2208 3607/2327/3001
f 3607/2327/3001 3606/320/3000 3605/2326/2999
f 2835/1823/477 3607/2327/3001 2834/1822/2208
f 3606/320/3000 3608/2328/3002 3603/2324/2997
f 3603/2324/2997 3608/2328/3002 3604/2323/2998
f 3606/320/3000 3607/2327/3001 3609/2329/3003
f 3608/2328/3002 3606/320/3000 3609/2329/3003
f 3607/2327/3001 2835/1823/477 3610/2330/3004
f 3610/2330/3004 3609/2329/3003 3607/2327/3001
f 2837/1824/2210 3610/2330/3004 2835/1823/477
f 3610/2330/3004 2837/1824/2210 3611/2331/3005
f 2840/1825/479 3611/2331/3005 2837/1824/2210
f 3609/2329/3003 3610/2330/3004 3612/2332/3006
f 3611/2331/3005 3612/2332/3006 3610/2330/3004
f 3611/2331/3005 2840/1825/479 3613/2333/3007
f 2842/1826/2217 3613/2333/3007 2840/1825/479
f 3613/2333/3007 2842/1826/2217 2857/1833/2233
f 3613/2333/3007 3614/2334/3008 3611/2331/3005
f 3612/2332/3006 3611/2331/3005 3614/2334/3008
f 2857/1833/2233 3615/2335/3009 3613/2333/3007
f 3614/2334/3008 3613/2333/3007 3615/2335/3009
f 3616/2336/3010 3609/2329/3003 3612/2332/3006
f 3609/2329/3003 3616/2336/3010 3608/2328/3002
f 3617/2337/3011 3612/2332/3006 3614/2334/3008
f 3612/2332/3006 3617/2337/3011 3616/2336/3010
f 3618/2338/3012 3614/2334/3008 3615/2335/3009
f 3614/2334/3008 3618/2338/3012 3617/2337/3011
f 3615/2335/3009 2857/1833/2233 3619/1832/3013
f 2855/1832/2231 3619/1832/3013 2857/1833/2233
f 3615/2335/3009 3620/2339/3014 3618/2338/3012
f 3620/2339/3014 3615/2335/3009 3619/1832/3013
f 3619/1832/3013 2855/1832/2231 3621/2340/3015
f 2851/1757/2226 3621/2340/3015 2855/1832/2231
f 3619/1832/3013 3622/2341/622 3620/2339/3014
f 3622/2341/622 3619/1832/3013 3621/2340/3015
f 3621/2340/3015 2851/1757/2226 3623/1133/3016
f 2853/1831/2229 3623/1133/3016 2851/1757/2226
f 3621/2340/3015 3624/1136/3017 3622/2341/622
f 3624/1136/3017 3621/2340/3015 3623/1133/3016
f 3623/1133/3016 2853/1831/2229 3625/2342/3018
f 2868/1839/2247 3625/2342/3018 2853/1831/2229
f 3623/1133/3016 3626/2343/3019 3624/1136/3017
f 3626/2343/3019 3623/1133/3016 3625/2342/3018
f 3625/2342/3018 2868/1839/2247 3627/2344/3020
f 2870/1840/2249 3627/2344/3020 2868/1839/2247
f 3625/2342/3018 3628/2345/3021 3626/2343/3019
f 3628/2345/3021 3625/2342/3018 3627/2344/3020
f 3627/2344/3020 2870/1840/2249 3629/1687/3022
f 2872/1841/2252 3629/1687/3022 2870/1840/2249
f 3629/1687/3022 2872/1841/2252 3140/2050/2530
f 3630/2346/3023 3627/2344/3020 3629/1687/3022
f 3627/2344/3020 3630/2346/3023 3628/2345/3021
f 3631/2347/3024 3629/1687/3022 3140/2050/2530
f 3629/1687/3022 3631/2347/3024 3630/2346/3023
f 3140/2050/2530 3134/1236/2524 3631/2347/3024
f 3134/1236/2524 3632/2348/3025 3631/2347/3024
f 3632/2348/3025 3630/2346/3023 3631/2347/3024
f 3632/2348/3025 3134/1236/2524 3130/2041/2520
f 1657/1154/1185 3632/2348/3025 3130/2041/2520
f 3630/2346/3023 3632/2348/3025 3633/1211/3026
f 1657/1154/1185 3633/1211/3026 3632/2348/3025
f 3633/1211/3026 3628/2345/3021 3630/2346/3023
f 3633/1211/3026 1657/1154/1185 1652/1150/1180
f 3628/2345/3021 3633/1211/3026 3634/2349/3027
f 1652/1150/1180 3634/2349/3027 3633/1211/3026
f 3634/2349/3027 3626/2343/3019 3628/2345/3021
f 3634/2349/3027 1652/1150/1180 1649/1147/1177
f 3626/2343/3019 3634/2349/3027 3635/2350/3028
f 1649/1147/1177 3635/2350/3028 3634/2349/3027
f 3635/2350/3028 3624/1136/3017 3626/2343/3019
f 3635/2350/3028 1649/1147/1177 1646/326/1174
f 3624/1136/3017 3635/2350/3028 3636/2351/3029
f 1646/326/1174 3636/2351/3029 3635/2350/3028
f 3636/2351/3029 3622/2341/622 3624/1136/3017
f 3636/2351/3029 1646/326/1174 1643/1142/1171
f 3622/2341/622 3636/2351/3029 3637/1135/3030
f 1643/1142/1171 3637/1135/3030 3636/2351/3029
f 3637/1135/3030 3620/2339/3014 3622/2341/622
f 3637/1135/3030 1643/1142/1171 1577/1096/3031
f 3620/2339/3014 3637/1135/3030 3638/2352/3032
f 1577/1096/3031 3638/2352/3032 3637/1135/3030
f 3638/2352/3032 3618/2338/3012 3620/2339/3014
f 3638/2352/3032 1577/1096/3031 1571/1093/3033
f 3618/2338/3012 3638/2352/3032 3639/1089/3034
f 1571/1093/3033 3639/1089/3034 3638/2352/3032
f 3639/1089/3034 3617/2337/3011 3618/2338/3012
f 3639/1089/3034 1571/1093/3033 1568/1090/3035
f 3617/2337/3011 3639/1089/3034 3640/2353/3036
f 1568/1090/3035 3640/2353/3036 3639/1089/3034
f 3640/2353/3036 3616/2336/3010 3617/2337/3011
f 3640/2353/3036 1568/1090/3035 1565/1087/1106
f 3616/2336/3010 3640/2353/3036 3641/2354/3037
f 1565/1087/1106 3641/2354/3037 3640/2353/3036
f 3641/2354/3037 3608/2328/3002 3616/2336/3010
f 3641/2354/3037 1565/1087/1106 1564/1083/1105
f 3608/2328/3002 3641/2354/3037 3642/2355/3038
f 1564/1083/1105 3642/2355/3038 3641/2354/3037
f 3604/2323/2998 3608/2328/3002 3642/2355/3038
f 3642/2355/3038 1564/1083/1105 1560/1084/1101
f 3604/2323/2998 3642/2355/3038 1558/1082/1099
f 1558/1082/1099 3642/2355/3038 1560/1084/1101
f 3550/2356/2947 3643/2356/3039 3548/2356/2946
f 3643/2356/3039 3544/2356/2944 3548/2356/2946
f 3643/2356/3039 3550/2356/2947 3644/2356/3040
f 3550/2356/2947 3553/2356/2949 3644/2356/3040
f 3544/2356/2944 3643/2356/3039 3645/2356/3041
f 3645/2356/3041 3540/2356/2942 3544/2356/2944
f 3644/2356/3040 3646/2356/3042 3643/2356/3039
f 3646/2356/3042 3645/2356/3041 3643/2356/3039
f 3644/2356/3040 3553/2356/2949 3647/2356/3043
f 3553/2356/2949 3551/2356/2948 3647/2356/3043
f 3646/2356/3042 3644/2356/3040 3648/2356/3044
f 3644/2356/3040 3647/2356/3043 3648/2356/3044
f 3647/2356/3043 3551/2356/2948 3649/2356/3045
f 3551/2356/2948 3547/2132/2945 3649/2356/3045
f 3648/2356/3044 3647/2356/3043 3650/2356/3046
f 3647/2356/3043 3649/2356/3045 3650/2356/3046
f 645/2357/3047 3646/2356/3042 3648/2356/3044
f 3648/2356/3044 3650/2356/3046 645/2357/3047
f 3646/2356/3042 645/2357/3047 644/2357/3048
f 645/2357/3047 3650/2356/3046 650/2356/3049
f 644/2357/3048 3651/2356/3050 3646/2356/3042
f 3645/2356/3041 3646/2356/3042 3651/2356/3050
f 3651/2356/3050 644/2357/3048 642/2356/3051
f 3650/2356/3046 3652/2356/3052 650/2356/3049
f 3650/2356/3046 3649/2356/3045 3652/2356/3052
f 650/2356/3049 3652/2356/3052 653/2356/3053
f 3649/2356/3045 3653/2132/3054 3652/2356/3052
f 3649/2356/3045 3547/2132/2945 3653/2132/3054
f 3547/2132/2945 3543/2132/2943 3653/2132/3054
f 3652/2356/3052 3654/2356/3055 653/2356/3053
f 3654/2356/3055 3652/2356/3052 3653/2132/3054
f 656/2356/3056 653/2356/3053 3654/2356/3055
f 3654/2356/3055 659/2132/3057 656/2356/3056
f 3653/2132/3054 3543/2132/2943 3655/2132/3058
f 3653/2132/3054 3655/2132/3058 3654/2356/3055
f 3543/2132/2943 3539/2358/2941 3655/2132/3058
f 659/2132/3057 3654/2356/3055 3656/2132/3059
f 3656/2132/3059 3654/2356/3055 3655/2132/3058
f 3655/2132/3058 3539/2358/2941 3657/2358/3060
f 3655/2132/3058 3657/2358/3060 3656/2132/3059
f 3539/2358/2941 3533/2358/2939 3657/2358/3060
f 3656/2132/3059 3658/2132/3061 659/2132/3057
f 3658/2132/3061 3656/2132/3059 3657/2358/3060
f 869/2132/3062 659/2132/3057 3658/2132/3061
f 869/2132/3062 3658/2132/3061 3659/2359/3063
f 3657/2358/3060 3659/2359/3063 3658/2132/3061
f 908/2359/3064 869/2132/3062 3659/2359/3063
f 3659/2359/3063 912/2359/3065 908/2359/3064
f 3659/2359/3063 3657/2358/3060 3660/2359/3066
f 3657/2358/3060 3533/2358/2939 3660/2359/3066
f 912/2359/3065 3659/2359/3063 3661/2360/3067
f 3660/2359/3066 3661/2360/3067 3659/2359/3063
f 3661/2360/3067 914/2360/3068 912/2359/3065
f 3533/2358/2939 3662/2360/3069 3660/2359/3066
f 3661/2360/3067 3660/2359/3066 3662/2360/3069
f 3662/2360/3069 3533/2358/2939 3529/2360/2937
f 914/2360/3068 3661/2360/3067 3663/2360/3070
f 3662/2360/3069 3663/2360/3070 3661/2360/3067
f 3529/2360/2937 3664/2360/3071 3662/2360/3069
f 3663/2360/3070 3662/2360/3069 3664/2360/3071
f 3664/2360/3071 3529/2360/2937 3525/2361/2935
f 3665/2361/3072 914/2360/3068 3663/2360/3070
f 3664/2360/3071 3665/2361/3072 3663/2360/3070
f 917/2361/3073 914/2360/3068 3665/2361/3072
f 3665/2361/3072 924/2362/3074 917/2361/3073
f 3525/2361/2935 3666/2361/3075 3664/2360/3071
f 3665/2361/3072 3664/2360/3071 3666/2361/3075
f 3666/2361/3075 3525/2361/2935 3523/2361/2934
f 924/2362/3074 3665/2361/3072 3667/2362/3076
f 3666/2361/3075 3667/2362/3076 3665/2361/3072
f 3523/2361/2934 3668/2362/3077 3666/2361/3075
f 3667/2362/3076 3666/2361/3075 3668/2362/3077
f 3668/2362/3077 3523/2361/2934 3517/2362/2931
f 3669/2363/3078 924/2362/3074 3667/2362/3076
f 3668/2362/3077 3669/2363/3078 3667/2362/3076
f 924/2362/3074 3669/2363/3078 1942/2363/3079
f 3517/2362/2931 3670/2363/3080 3668/2362/3077
f 3669/2363/3078 3668/2362/3077 3670/2363/3080
f 3670/2363/3080 3517/2362/2931 3513/2363/2929
f 3671/2364/3081 1942/2363/3079 3669/2363/3078
f 3670/2363/3080 3671/2364/3081 3669/2363/3078
f 1942/2363/3079 3671/2364/3081 1941/2364/3082
f 3671/2364/3081 1939/2365/3083 1941/2364/3082
f 3513/2363/2929 3672/2364/3084 3670/2363/3080
f 3671/2364/3081 3670/2363/3080 3672/2364/3084
f 3672/2364/3084 3513/2363/2929 3509/2364/2502
f 3505/2365/2925 3672/2364/3084 3509/2364/2502
f 1939/2365/3083 3671/2364/3081 3673/2365/3085
f 3672/2364/3084 3505/2365/2925 3674/2365/3086
f 3674/2365/3086 3671/2364/3081 3672/2364/3084
f 3671/2364/3081 3674/2365/3086 3673/2365/3085
f 3503/2365/2924 3674/2365/3086 3505/2365/2925
f 3673/2365/3085 1922/2365/3087 1939/2365/3083
f 3674/2365/3086 3503/2365/2924 3675/2365/3088
f 3675/2365/3088 3673/2365/3085 3674/2365/3086
f 3499/2366/2921 3675/2365/3088 3503/2365/2924
f 1922/2365/3087 3673/2365/3085 3676/2365/3089
f 3673/2365/3085 3675/2365/3088 3676/2365/3089
f 3676/2365/3089 1915/2366/3090 1922/2365/3087
f 3675/2365/3088 3499/2366/2921 3677/2366/3091
f 3677/2366/3091 3676/2365/3089 3675/2365/3088
f 3495/2367/2919 3677/2366/3091 3499/2366/2921
f 1915/2366/3090 3676/2365/3089 3678/2366/3092
f 3676/2365/3089 3677/2366/3091 3678/2366/3092
f 3678/2366/3092 1912/2367/3093 1915/2366/3090
f 3677/2366/3091 3495/2367/2919 3679/2367/3094
f 3679/2367/3094 3678/2366/3092 3677/2366/3091
f 3489/2368/2916 3679/2367/3094 3495/2367/2919
f 1912/2367/3093 3678/2366/3092 3680/2367/3095
f 3678/2366/3092 3679/2367/3094 3680/2367/3095
f 3680/2367/3095 1909/2368/3096 1912/2367/3093
f 3679/2367/3094 3489/2368/2916 3681/2368/3097
f 3681/2368/3097 3680/2367/3095 3679/2367/3094
f 3485/2369/2914 3681/2368/3097 3489/2368/2916
f 1909/2368/3096 3680/2367/3095 3682/2368/3098
f 3680/2367/3095 3681/2368/3097 3682/2368/3098
f 3682/2368/3098 1902/2370/3099 1909/2368/3096
f 1902/2370/3099 3682/2368/3098 3683/2368/3100
f 3681/2368/3097 3683/2368/3100 3682/2368/3098
f 3683/2368/3100 1900/2134/3101 1902/2370/3099
f 3681/2368/3097 3485/2369/2914 3684/2368/3102
f 3683/2368/3100 3681/2368/3097 3684/2368/3102
f 1900/2134/3101 3683/2368/3100 3685/2134/3103
f 3684/2368/3102 3685/2134/3103 3683/2368/3100
f 3485/2369/2914 3686/2134/3104 3684/2368/3102
f 3685/2134/3103 3684/2368/3102 3686/2134/3104
f 3686/2134/3104 3485/2369/2914 3481/2134/2912
f 3685/2134/3103 3687/2371/3105 1900/2134/3101
f 3686/2134/3104 3687/2371/3105 3685/2134/3103
f 1901/2371/3106 1900/2134/3101 3687/2371/3105
f 3687/2371/3105 1904/2371/3107 1901/2371/3106
f 3481/2134/2912 3688/2134/3108 3686/2134/3104
f 3687/2371/3105 3686/2134/3104 3688/2134/3108
f 3688/2134/3108 3481/2134/2912 3479/2134/2911
f 1904/2371/3107 3687/2371/3105 3689/2371/3109
f 3688/2134/3108 3689/2371/3109 3687/2371/3105
f 3689/2371/3109 1907/2372/3110 1904/2371/3107
f 3479/2134/2911 3690/2371/3111 3688/2134/3108
f 3689/2371/3109 3688/2134/3108 3690/2371/3111
f 3690/2371/3111 3479/2134/2911 3475/2371/2909
f 1907/2372/3110 3689/2371/3109 3691/2371/3112
f 3690/2371/3111 3691/2371/3112 3689/2371/3109
f 3691/2371/3112 2324/2372/3113 1907/2372/3110
f 3475/2371/2909 3692/2371/3114 3690/2371/3111
f 3691/2371/3112 3690/2371/3111 3692/2371/3114
f 3692/2371/3114 3475/2371/2909 3471/2371/2906
f 2324/2372/3113 3691/2371/3112 3693/2372/3115
f 3692/2371/3114 3693/2372/3115 3691/2371/3112
f 3471/2371/2906 3694/2371/3116 3692/2371/3114
f 3693/2372/3115 3692/2371/3114 3694/2371/3116
f 3694/2371/3116 3471/2371/2906 3467/2371/2903
f 2324/2372/3113 3693/2372/3115 3695/2372/3117
f 3694/2371/3116 3695/2372/3117 3693/2372/3115
f 2326/2372/3118 2324/2372/3113 3695/2372/3117
f 3467/2371/2903 3696/2371/3119 3694/2371/3116
f 3695/2372/3117 3694/2371/3116 3696/2371/3119
f 3696/2371/3119 3467/2371/2903 3463/2371/2901
f 3697/2372/3120 2326/2372/3118 3695/2372/3117
f 3696/2371/3119 3697/2372/3120 3695/2372/3117
f 2329/2372/3121 2326/2372/3118 3697/2372/3120
f 3463/2371/2901 3698/2371/3122 3696/2371/3119
f 3697/2372/3120 3696/2371/3119 3698/2371/3122
f 3698/2371/3122 3463/2371/2901 3459/2371/2899
f 3457/2371/2898 3698/2371/3122 3459/2371/2899
f 3699/2372/3123 2329/2372/3121 3697/2372/3120
f 3700/2371/3124 3698/2371/3122 3457/2371/2898
f 3700/2371/3124 3697/2372/3120 3698/2371/3122
f 3699/2372/3123 3697/2372/3120 3700/2371/3124
f 3460/2371/2900 3700/2371/3124 3457/2371/2898
f 2330/2372/3125 2329/2372/3121 3699/2372/3123
f 3701/2371/3126 3700/2371/3124 3460/2371/2900
f 3701/2371/3126 3699/2372/3123 3700/2371/3124
f 3464/2371/2902 3701/2371/3126 3460/2371/2900
f 3702/2371/3127 2330/2372/3125 3699/2372/3123
f 3702/2371/3127 3699/2372/3123 3701/2371/3126
f 2330/2372/3125 3702/2371/3127 2333/2372/3128
f 3702/2371/3127 2336/2371/3129 2333/2372/3128
f 3703/2371/3130 3701/2371/3126 3464/2371/2902
f 3703/2371/3130 3702/2371/3127 3701/2371/3126
f 3468/2373/2904 3703/2371/3130 3464/2371/2902
f 2336/2371/3129 3702/2371/3127 3704/2371/3131
f 3704/2371/3131 3702/2371/3127 3703/2371/3130
f 3705/2373/3132 3703/2371/3130 3468/2373/2904
f 3705/2373/3132 3704/2371/3131 3703/2371/3130
f 3470/2373/2905 3705/2373/3132 3468/2373/2904
f 3706/2374/3133 2336/2371/3129 3704/2371/3131
f 3706/2374/3133 3704/2371/3131 3705/2373/3132
f 2336/2371/3129 3706/2374/3133 2340/2374/3134
f 3707/2373/3135 3705/2373/3132 3470/2373/2905
f 3707/2373/3135 3706/2374/3133 3705/2373/3132
f 3474/2375/2908 3707/2373/3135 3470/2373/2905
f 3708/2373/3136 2340/2374/3134 3706/2374/3133
f 3706/2374/3133 3707/2373/3135 3708/2373/3136
f 2340/2374/3134 3708/2373/3136 538/2373/3137
f 3709/2375/3138 3707/2373/3135 3474/2375/2908
f 3709/2375/3138 3708/2373/3136 3707/2373/3135
f 3710/2375/3139 538/2373/3137 3708/2373/3136
f 3708/2373/3136 3709/2375/3138 3710/2375/3139
f 538/2373/3137 3710/2375/3139 534/2373/3140
f 3474/2375/2908 3711/2375/3141 3709/2375/3138
f 3711/2375/3141 3710/2375/3139 3709/2375/3138
f 3711/2375/3141 3474/2375/2908 3478/2375/2910
f 3712/2375/3142 534/2373/3140 3710/2375/3139
f 3710/2375/3139 3711/2375/3141 3712/2375/3142
f 534/2373/3140 3712/2375/3142 535/2375/3143
f 3478/2375/2910 3713/2376/3144 3711/2375/3141
f 3713/2376/3144 3478/2375/2910 3482/2376/2913
f 3711/2375/3141 3714/2376/3145 3712/2375/3142
f 3714/2376/3145 535/2375/3143 3712/2375/3142
f 3714/2376/3145 3711/2375/3141 3713/2376/3144
f 535/2375/3143 3714/2376/3145 536/2376/3146
f 3482/2376/2913 3715/2377/3147 3713/2376/3144
f 3715/2377/3147 3482/2376/2913 3486/2377/2915
f 3713/2376/3144 3716/2377/3148 3714/2376/3145
f 3714/2376/3145 3716/2377/3148 536/2376/3146
f 3716/2377/3148 3713/2376/3144 3715/2377/3147
f 536/2376/3146 3716/2377/3148 540/2377/3149
f 3716/2377/3148 543/2378/3150 540/2377/3149
f 3715/2377/3147 3717/2378/3151 3716/2377/3148
f 543/2378/3150 3716/2377/3148 3717/2378/3151
f 3486/2377/2915 3718/2378/3152 3715/2377/3147
f 3717/2378/3151 3715/2377/3147 3718/2378/3152
f 3718/2378/3152 3486/2377/2915 3492/2378/2918
f 3717/2378/3151 3719/2378/3153 543/2378/3150
f 3718/2378/3152 3719/2378/3153 3717/2378/3151
f 546/2378/3154 543/2378/3150 3719/2378/3153
f 3492/2378/2918 3720/2378/3155 3718/2378/3152
f 3719/2378/3153 3718/2378/3152 3720/2378/3155
f 3720/2378/3155 3492/2378/2918 3496/2378/2920
f 3719/2378/3153 3721/2379/3156 546/2378/3154
f 3720/2378/3155 3721/2379/3156 3719/2378/3153
f 550/2136/3157 546/2378/3154 3721/2379/3156
f 3496/2378/2920 3722/2136/3158 3720/2378/3155
f 3722/2136/3158 3496/2378/2920 3500/2136/2922
f 3721/2379/3156 3720/2378/3155 3722/2136/3158
f 3500/2136/2922 3502/2137/2923 3722/2136/3158
f 3722/2136/3158 3723/2137/3159 3721/2379/3156
f 3723/2137/3159 3722/2136/3158 3502/2137/2923
f 3502/2137/2923 3506/2380/2926 3723/2137/3159
f 3721/2379/3156 3724/2137/3160 550/2136/3157
f 3724/2137/3160 3721/2379/3156 3723/2137/3159
f 551/2137/3161 550/2136/3157 3724/2137/3160
f 3724/2137/3160 554/2380/3162 551/2137/3161
f 3725/2380/3163 3723/2137/3159 3506/2380/2926
f 3723/2137/3159 3725/2380/3163 3724/2137/3160
f 3506/2380/2926 3510/2381/2928 3725/2380/3163
f 554/2380/3162 3724/2137/3160 3726/2380/3164
f 3726/2380/3164 3724/2137/3160 3725/2380/3163
f 3726/2380/3164 557/2381/3165 554/2380/3162
f 3727/2381/3166 3725/2380/3163 3510/2381/2928
f 3725/2380/3163 3727/2381/3166 3726/2380/3164
f 3510/2381/2928 3514/2381/2930 3727/2381/3166
f 557/2381/3165 3726/2380/3164 3728/2381/3167
f 3728/2381/3167 3726/2380/3164 3727/2381/3166
f 3728/2381/3167 560/2382/3168 557/2381/3165
f 3729/2382/3169 3727/2381/3166 3514/2381/2930
f 3727/2381/3166 3729/2382/3169 3728/2381/3167
f 3514/2381/2930 3518/2382/2932 3729/2382/3169
f 560/2382/3168 3728/2381/3167 3730/2382/3170
f 3730/2382/3170 3728/2381/3167 3729/2382/3169
f 3731/2382/3171 3729/2382/3169 3518/2382/2932
f 3729/2382/3169 3731/2382/3171 3730/2382/3170
f 3518/2382/2932 3522/2383/2933 3731/2382/3171
f 3732/2382/3172 560/2382/3168 3730/2382/3170
f 3732/2382/3172 3730/2382/3170 3731/2382/3171
f 622/2383/3173 560/2382/3168 3732/2382/3172
f 3733/2383/3174 622/2383/3173 3732/2382/3172
f 3731/2382/3171 3733/2383/3174 3732/2382/3172
f 625/2383/3175 622/2383/3173 3733/2383/3174
f 3734/2383/3176 3731/2382/3171 3522/2383/2933
f 3733/2383/3174 3731/2382/3171 3734/2383/3176
f 3735/2384/3177 625/2383/3175 3733/2383/3174
f 3734/2383/3176 3735/2384/3177 3733/2383/3174
f 625/2383/3175 3735/2384/3177 629/2384/3178
f 3522/2383/2933 3736/2383/3179 3734/2383/3176
f 3735/2384/3177 3734/2383/3176 3736/2383/3179
f 3736/2383/3179 3522/2383/2933 3528/2383/2936
f 3737/2384/3180 629/2384/3178 3735/2384/3177
f 629/2384/3178 3737/2384/3180 633/2384/3181
f 3738/2384/3182 3735/2384/3177 3736/2383/3179
f 3528/2383/2936 3738/2384/3182 3736/2383/3179
f 3735/2384/3177 3738/2384/3182 3737/2384/3180
f 3738/2384/3182 3528/2383/2936 3532/2384/2938
f 3739/2356/3183 633/2384/3181 3737/2384/3180
f 3738/2384/3182 3739/2356/3183 3737/2384/3180
f 633/2384/3181 3739/2356/3183 635/2356/3184
f 3532/2384/2938 3740/2132/3185 3738/2384/3182
f 3739/2356/3183 3738/2384/3182 3740/2132/3185
f 3740/2132/3185 3532/2384/2938 3534/2132/2940
f 3741/2356/3186 635/2356/3184 3739/2356/3183
f 3740/2132/3185 3741/2356/3186 3739/2356/3183
f 635/2356/3184 3741/2356/3186 638/2356/3187
f 3741/2356/3186 642/2356/3051 638/2356/3187
f 642/2356/3051 3741/2356/3186 3651/2356/3050
f 3534/2132/2940 3742/2356/3188 3740/2132/3185
f 3741/2356/3186 3740/2132/3185 3742/2356/3188
f 3742/2356/3188 3651/2356/3050 3741/2356/3186
f 3742/2356/3188 3534/2132/2940 3540/2356/2942
f 3651/2356/3050 3742/2356/3188 3645/2356/3041
f 3540/2356/2942 3645/2356/3041 3742/2356/3188
f 3743/1767/3189 2721/1767/2080 2722/1767/2081
f 2722/1767/2081 2712/1765/247 3743/1767/3189
f 2721/1767/2080 3743/1767/3189 3744/1767/3190
f 3744/1767/3190 2718/1767/2077 2721/1767/2080
f 3743/1767/3189 2712/1765/247 3745/1764/3191
f 2718/1767/2077 3744/1767/3190 3746/1767/3192
f 2712/1765/247 3747/335/3193 3745/1764/3191
f 3747/335/3193 2712/1765/247 2711/335/2072
f 3748/1766/3194 2718/1767/2077 3746/1767/3192
f 2718/1767/2077 3748/1766/3194 2717/1766/2076
f 2711/335/2072 3749/335/3195 3747/335/3193
f 3749/335/3195 2711/335/2072 403/335/243
f 403/335/243 402/335/242 3749/335/3195
f 3750/1766/3196 2717/1766/2076 3748/1766/3194
f 2715/1766/2074 2717/1766/2076 3750/1766/3196
f 3750/1766/3196 396/333/11 2715/1766/2074
f 3746/1767/3192 3751/335/3197 3748/1766/3194
f 3748/1766/3194 3751/335/3197 3750/1766/3196
f 3744/1767/3190 3751/335/3197 3746/1767/3192
f 3743/1767/3189 3751/335/3197 3744/1767/3190
f 3745/1764/3191 3751/335/3197 3743/1767/3189
f 3747/335/3193 3751/335/3197 3745/1764/3191
f 3749/335/3195 3751/335/3197 3747/335/3193
f 396/333/11 3750/1766/3196 3752/332/3198
f 3750/1766/3196 3751/335/3197 3752/332/3198
f 3752/332/3198 3753/332/3199 396/333/11
f 3752/332/3198 3751/335/3197 3753/332/3199
f 396/333/11 3753/332/3199 397/332/237
f 3754/335/3200 3751/335/3197 3749/335/3195
f 3754/335/3200 3749/335/3195 402/335/242
f 3753/332/3199 3751/335/3197 3755/332/3201
f 3755/332/3201 3751/335/3197 3754/335/3200
f 3755/332/3201 397/332/237 3753/332/3199
f 402/335/242 3755/332/3201 3754/335/3200
f 399/334/239 397/332/237 3755/332/3201
f 3755/332/3201 402/335/242 399/334/239
f 3440/2214/176 3756/2385/176 3442/459/176
f 3440/2214/176 3441/2215/176 3756/2385/176
f 3756/2385/176 3444/2217/176 3442/459/176
f 3756/2385/176 3441/2215/176 3443/2216/176
f 3446/2218/176 3444/2217/176 3756/2385/176
f 3445/506/176 3756/2385/176 3443/2216/176
f 3446/2218/176 3756/2385/176 3448/2219/176
f 3445/506/176 3447/634/176 3756/2385/176
f 3756/2385/176 3450/2220/176 3448/2219/176
f 3756/2385/176 3447/634/176 3449/653/176
f 3451/2221/176 3450/2220/176 3756/2385/176
f 3452/2222/176 3756/2385/176 3449/653/176
f 3451/2221/176 3756/2385/176 3454/2224/176
f 3452/2222/176 3453/2223/176 3756/2385/176
f 3756/2385/176 3453/2223/176 3454/2224/176
f 3757/2386/3202 3758/2387/3202 3759/2386/3202
f 3759/2386/3203 3760/2388/3204 3757/2386/3205
f 3758/2387/3206 3761/2387/3207 3759/2386/3203
f 3761/2387/3207 3758/2387/3206 3762/2389/3208
f 3760/2388/3204 3759/2386/3203 3763/2388/3209
f 3761/2387/3207 3762/2389/3208 3764/2389/3210
f 3765/2390/3211 3764/2389/3210 3762/2389/3208
f 3763/2388/3209 3766/2391/3212 3760/2388/3204
f 3760/2388/3204 3766/2391/3212 3767/2391/3213
f 3767/2391/3213 3768/2390/3214 3765/2390/3211
f 3764/2389/3210 3765/2390/3211 3768/2390/3214
f 3768/2390/3214 3767/2391/3213 3766/2391/3212
f 3761/2387/3207 3764/2389/3210 3769/2389/3215
f 3768/2390/3214 3769/2389/3215 3764/2389/3210
f 3761/2387/3207 3769/2389/3215 3770/2387/3216
f 3759/2386/3203 3761/2387/3207 3770/2387/3216
f 3769/2389/3215 3768/2390/3214 3771/2390/3217
f 3759/2386/3203 3770/2387/3216 3772/2386/3218
f 3773/2392/3219 3770/2387/3216 3769/2389/3215
f 3773/2392/3219 3772/2386/3218 3770/2387/3216
f 3773/2392/3219 3769/2389/3215 3771/2390/3217
f 3774/2388/3220 3759/2386/3203 3772/2386/3218
f 3773/2392/3219 3774/2388/3220 3772/2386/3218
f 3759/2386/3203 3774/2388/3220 3763/2388/3209
f 3766/2391/3212 3763/2388/3209 3774/2388/3220
f 3773/2392/3219 3771/2390/3217 3775/2391/3221
f 3773/2392/3219 3775/2391/3221 3774/2388/3220
f 3774/2388/3220 3775/2391/3221 3766/2391/3212
f 3775/2391/3221 3771/2390/3217 3768/2390/3214
f 3775/2391/3221 3768/2390/3214 3766/2391/3212
f 2383/2393/153 2382/2394/153 3776/2395/153
f 2385/2396/153 2383/2393/153 3776/2395/153
f 2379/2394/153 3776/2395/153 2382/2394/153
f 2388/2397/153 2385/2396/153 3776/2395/153
f 2376/2394/153 3776/2395/153 2379/2394/153
f 2391/2395/153 2388/2397/153 3776/2395/153
f 2373/2393/153 3776/2395/153 2376/2394/153
f 2394/2398/153 2391/2395/153 3776/2395/153
f 2369/2396/153 3776/2395/153 2373/2393/153
f 2397/2399/3222 2394/2398/153 3776/2395/153
f 2366/2397/153 3776/2395/153 2369/2396/153
f 2354/2400/3222 2397/2399/3222 3776/2395/153
f 2364/2395/2927 3776/2395/153 2366/2397/153
f 2352/2401/2927 2354/2400/3222 3776/2395/153
f 2361/2398/2927 3776/2395/153 2364/2395/2927
f 2351/2401/2927 2352/2401/2927 3776/2395/153
f 2358/2399/2917 3776/2395/153 2361/2398/2927
f 2353/2401/2927 2351/2401/2927 3776/2395/153
f 2356/2400/2927 3776/2395/153 2358/2399/2917
f 2353/2401/2927 3776/2395/153 2356/2400/2927
f 1863/2402/153 1862/2403/153 3777/2404/153
f 1865/2405/153 1863/2402/153 3777/2404/153
f 1858/2406/153 3777/2404/153 1862/2403/153
f 1868/2407/153 1865/2405/153 3777/2404/153
f 1856/2408/153 3777/2404/153 1858/2406/153
f 1872/2407/153 1868/2407/153 3777/2404/153
f 1855/2409/153 3777/2404/153 1856/2408/153
f 1875/2410/153 1872/2407/153 3777/2404/153
f 1857/2411/153 3777/2404/153 1855/2409/153
f 1878/2412/3223 1875/2410/153 3777/2404/153
f 1860/2413/153 3777/2404/153 1857/2411/153
f 1881/2414/3223 1878/2412/3223 3777/2404/153
f 1927/2415/2825 3777/2404/153 1860/2413/153
f 1885/2404/2825 1881/2414/3223 3777/2404/153
f 1925/2416/3223 3777/2404/153 1927/2415/2825
f 1889/2417/2825 1885/2404/2825 3777/2404/153
f 1920/2416/2927 3777/2404/153 1925/2416/3223
f 1892/2418/2825 1889/2417/2825 3777/2404/153
f 1917/2419/2927 3777/2404/153 1920/2416/2927
f 1892/2418/2825 3777/2404/153 1917/2419/2927
f 947/2420/153 950/2421/153 3778/2422/153
f 944/2423/153 947/2420/153 3778/2422/153
f 951/2424/153 3778/2422/153 950/2421/153
f 942/2425/153 944/2423/153 3778/2422/153
f 901/2424/153 3778/2422/153 951/2424/153
f 937/2426/153 942/2425/153 3778/2422/153
f 897/2427/153 3778/2422/153 901/2424/153
f 932/2428/153 937/2426/153 3778/2422/153
f 894/2429/153 3778/2422/153 897/2427/153
f 929/2428/2825 932/2428/153 3778/2422/153
f 892/2429/153 3778/2422/153 894/2429/153
f 927/2430/3224 929/2428/2825 3778/2422/153
f 891/2431/3224 3778/2422/153 892/2429/153
f 922/2432/1047 927/2430/3224 3778/2422/153
f 893/2433/3224 3778/2422/153 891/2431/3224
f 919/2432/1047 922/2432/1047 3778/2422/153
f 895/2422/2825 3778/2422/153 893/2433/3224
f 903/2434/2825 919/2432/1047 3778/2422/153
f 899/2435/2825 3778/2422/153 895/2422/2825
f 903/2434/2825 3778/2422/153 899/2435/2825
f 685/2436/153 688/2437/153 3779/2438/153
f 682/2437/153 685/2436/153 3779/2438/153
f 689/2437/153 3779/2438/153 688/2437/153
f 680/2437/153 682/2437/153 3779/2438/153
f 691/2439/153 3779/2438/153 689/2437/153
f 675/2439/153 680/2437/153 3779/2438/153
f 694/2440/153 3779/2438/153 691/2439/153
f 670/2440/153 675/2439/153 3779/2438/153
f 697/2438/153 3779/2438/153 694/2440/153
f 667/2438/1047 670/2440/153 3779/2438/153
f 700/2441/153 3779/2438/153 697/2438/153
f 664/2441/1047 667/2438/1047 3779/2438/153
f 703/2442/3225 3779/2438/153 700/2441/153
f 661/2442/2917 664/2441/1047 3779/2438/153
f 706/2443/3225 3779/2438/153 703/2442/3225
f 657/2443/1047 661/2442/2917 3779/2438/153
f 709/2443/1047 3779/2438/153 706/2443/3225
f 654/2443/1047 657/2443/1047 3779/2438/153
f 715/2444/1047 3779/2438/153 709/2443/1047
f 654/2443/1047 3779/2438/153 715/2444/1047
f 594/2445/153 593/2446/153 3780/2446/153
f 597/2447/153 594/2445/153 3780/2446/153
f 590/2448/153 3780/2446/153 593/2446/153
f 599/2449/153 597/2447/153 3780/2446/153
f 587/2450/153 3780/2446/153 590/2448/153
f 602/2451/153 599/2449/153 3780/2446/153
f 584/2452/153 3780/2446/153 587/2450/153
f 605/2451/153 602/2451/153 3780/2446/153
f 580/2453/153 3780/2446/153 584/2452/153
f 608/2451/2917 605/2451/153 3780/2446/153
f 577/2453/153 3780/2446/153 580/2453/153
f 611/2449/2917 608/2451/2917 3780/2446/153
f 575/2453/2917 3780/2446/153 577/2453/153
f 568/2447/3222 611/2449/2917 3780/2446/153
f 572/2452/2917 3780/2446/153 575/2453/2917
f 565/2445/2917 568/2447/3222 3780/2446/153
f 570/2450/3225 3780/2446/153 572/2452/2917
f 564/2446/2917 565/2445/2917 3780/2446/153
f 566/2448/2917 3780/2446/153 570/2450/3225
f 564/2446/2917 3780/2446/153 566/2448/2917
f 3781/2454/3226 3782/2455/3226 3783/2454/3226
f 3782/2455/3227 3784/2455/3228 3783/2454/3229
f 3784/2455/3228 3782/2455/3227 3785/2456/3230
f 3783/2454/3229 3786/2457/3231 3781/2454/3232
f 3781/2454/3232 3786/2457/3231 3787/2457/3233
f 3784/2455/3228 3788/2454/3234 3783/2454/3229
f 3786/2457/3231 3783/2454/3229 3788/2454/3234
f 3784/2455/3228 3785/2456/3230 3789/2456/3235
f 3789/2456/3235 3785/2456/3230 3790/2455/3236
f 3788/2454/3234 3784/2455/3228 3791/2458/3237
f 3789/2456/3235 3791/2458/3237 3784/2455/3228
f 3788/2454/3234 3792/2457/3238 3786/2457/3231
f 3789/2456/3235 3790/2455/3236 3793/2455/3239
f 3794/2454/3240 3793/2455/3239 3790/2455/3236
f 3795/2459/2825 3792/2457/3238 3788/2454/3234
f 3795/2459/2825 3788/2454/3234 3791/2458/3237
f 3793/2455/3239 3794/2454/3240 3796/2454/3241
f 3787/2457/3233 3796/2454/3241 3794/2454/3240
f 3786/2457/3231 3796/2454/3241 3787/2457/3233
f 3797/2459/3242 3786/2457/3231 3792/2457/3238
f 3786/2457/3231 3797/2459/3242 3796/2454/3241
f 3795/2459/2825 3797/2459/3242 3792/2457/3238
f 3796/2454/3241 3798/2455/3243 3793/2455/3239
f 3798/2455/3243 3796/2454/3241 3797/2459/3242
f 3795/2459/2825 3798/2455/3243 3797/2459/3242
f 3789/2456/3235 3793/2455/3239 3798/2455/3243
f 3795/2459/2825 3799/2456/3244 3798/2455/3243
f 3789/2456/3235 3798/2455/3243 3799/2456/3244
f 3795/2459/2825 3791/2458/3237 3799/2456/3244
f 3791/2458/3237 3789/2456/3235 3799/2456/3244
f 3800/2460/3245 3801/2461/3245 3802/2461/3245
f 3803/2462/1748 3802/2461/3246 3801/2461/3247
f 3802/2461/3246 3803/2462/1748 3804/2462/3248
f 3805/2460/3249 3801/2461/3247 3800/2460/3250
f 3806/2463/3251 3805/2460/3249 3800/2460/3250
f 3807/2461/3252 3803/2462/1748 3801/2461/3247
f 3805/2460/3249 3807/2461/3252 3801/2461/3247
f 3808/2464/3253 3804/2462/3248 3803/2462/1748
f 3808/2464/3253 3809/2464/3254 3804/2462/3248
f 3807/2461/3252 3810/2462/3255 3803/2462/1748
f 3808/2464/3253 3803/2462/1748 3810/2462/3255
f 3811/2465/3256 3809/2464/3254 3808/2464/3253
f 3811/2465/3256 3812/2465/3257 3809/2464/3254
f 3808/2464/3253 3810/2462/3255 3813/2464/3258
f 3812/2465/3257 3811/2465/3256 3814/2463/3259
f 3806/2463/3251 3812/2465/3257 3814/2463/3259
f 3814/2463/3259 3805/2460/3249 3806/2463/3251
f 3808/2464/3253 3815/2465/3260 3811/2465/3256
f 3814/2463/3259 3811/2465/3256 3815/2465/3260
f 3815/2465/3260 3808/2464/3253 3813/2464/3258
f 3805/2460/3249 3814/2463/3259 3816/2463/3261
f 3814/2463/3259 3815/2465/3260 3816/2463/3261
f 3816/2463/3261 3817/2460/3262 3805/2460/3249
f 3807/2461/3252 3805/2460/3249 3817/2460/3262
f 3818/2466/2917 3816/2463/3261 3815/2465/3260
f 3818/2466/2917 3817/2460/3262 3816/2463/3261
f 3818/2466/2917 3815/2465/3260 3813/2464/3258
f 3818/2466/2917 3807/2461/3252 3817/2460/3262
f 3818/2466/2917 3813/2464/3258 3810/2462/3255
f 3818/2466/2917 3810/2462/3255 3807/2461/3252
f 3819/2467/3263 3820/2467/3264 3821/2467/3265
f 3822/2467/53 3820/2467/3264 3819/2467/3263
f 3819/2467/3263 3823/2468/3266 3822/2467/53
f 3824/2469/3267 3821/2467/3265 3820/2467/3264
f 3821/2467/3265 3824/2469/3267 3825/2469/3268
f 3822/2467/53 3826/2470/3269 3820/2467/3264
f 3826/2470/3269 3824/2469/3267 3820/2467/3264
f 3823/2468/3266 3827/2468/3270 3822/2467/53
f 3823/2468/3266 3828/2471/852 3827/2468/3270
f 3826/2470/3269 3822/2467/53 3829/2467/3271
f 3827/2468/3270 3829/2467/3271 3822/2467/53
f 3826/2470/3269 3830/2468/3272 3824/2469/3267
f 3828/2471/852 3831/2471/852 3827/2468/3270
f 3831/2471/852 3828/2471/852 3832/2471/3273
f 3833/2468/2966 3830/2468/3272 3826/2470/3269
f 3833/2468/2966 3826/2470/3269 3829/2467/3271
f 3834/2471/3274 3824/2469/3267 3830/2468/3272
f 3833/2468/2966 3834/2471/3274 3830/2468/3272
f 3833/2468/2966 3829/2467/3271 3835/2468/3275
f 3829/2467/3271 3827/2468/3270 3835/2468/3275
f 3833/2468/2966 3835/2468/3275 3836/2471/3276
f 3827/2468/3270 3836/2471/3276 3835/2468/3275
f 3833/2468/2966 3836/2471/3276 3834/2471/3274
f 3827/2468/3270 3831/2471/852 3836/2471/3276
f 3824/2469/3267 3834/2471/3274 3837/2471/160
f 3836/2471/3276 3837/2471/160 3834/2471/3274
f 3837/2471/160 3836/2471/3276 3831/2471/852
f 3831/2471/852 3832/2471/3273 3837/2471/160
f 3837/2471/160 3825/2469/3268 3824/2469/3267
f 3825/2469/3268 3837/2471/160 3832/2471/3273
f 3838/2385/3277 3465/2225/3277 3469/1311/3277
f 3838/2385/153 3461/2225/1047 3465/2225/153
f 3838/2385/153 3469/1311/153 3473/2227/153
f 3838/2385/153 3455/2225/1047 3461/2225/1047
f 3838/2385/153 3473/2227/153 3477/2232/1047
f 3838/2385/153 3456/2225/153 3455/2225/1047
f 3838/2385/153 3477/2232/1047 3483/2236/153
f 3838/2385/153 3458/1311/153 3456/2225/153
f 3838/2385/153 3483/2236/153 3487/2240/1047
f 3838/2385/153 3462/2227/1047 3458/1311/153
f 3838/2385/153 3487/2240/1047 3491/1324/2917
f 3838/2385/153 3466/2229/1047 3462/2227/1047
f 3838/2385/153 3491/1324/2917 3493/2245/2917
f 3838/2385/153 3472/2230/2907 3466/2229/1047
f 3838/2385/153 3493/2245/2917 3497/2248/153
f 3838/2385/153 3476/2231/1047 3472/2230/2907
f 3838/2385/153 3497/2248/153 3501/2251/2917
f 3838/2385/153 3480/2234/2825 3476/2231/1047
f 3838/2385/153 3501/2251/2917 3507/2254/2917
f 3838/2385/153 3484/2237/2825 3480/2234/2825
f 3838/2385/153 3507/2254/2917 3511/1332/153
f 3838/2385/153 3488/2241/2825 3484/2237/2825
f 3838/2385/153 3511/1332/153 3515/1336/2917
f 3838/2385/153 3490/2243/153 3488/2241/2825
f 3838/2385/153 3515/1336/2917 3519/2261/2917
f 3838/2385/153 3494/2246/153 3490/2243/153
f 3838/2385/153 3519/2261/2917 3521/666/153
f 3838/2385/153 3498/2249/2825 3494/2246/153
f 3838/2385/153 3521/666/153 3527/1338/2917
f 3838/2385/153 3504/2253/2825 3498/2249/2825
f 3838/2385/153 3527/1338/2917 3531/2267/2917
f 3838/2385/153 3508/2255/2927 3504/2253/2825
f 3838/2385/153 3531/2267/2917 3535/2270/153
f 3838/2385/153 3512/2257/2825 3508/2255/2927
f 3838/2385/153 3535/2270/153 3537/2272/153
f 3838/2385/153 3516/2259/2927 3512/2257/2825
f 3838/2385/153 3537/2272/153 3541/2274/2927
f 3838/2385/153 3520/2262/2825 3516/2259/2927
f 3838/2385/153 3541/2274/2927 3545/2271/2927
f 3838/2385/153 3524/2263/2927 3520/2262/2825
f 3838/2385/153 3545/2271/2927 3549/2269/153
f 3838/2385/153 3526/2264/153 3524/2263/2927
f 3838/2385/153 3549/2269/153 3554/2275/153
f 3838/2385/153 3530/2266/2927 3526/2264/153
f 3838/2385/153 3554/2275/153 3552/2276/2917
f 3838/2385/153 3536/2271/153 3530/2266/2927
f 3838/2385/153 3552/2276/2917 3546/2276/153
f 3838/2385/153 3538/2269/153 3536/2271/153
f 3838/2385/153 3546/2276/153 3542/2275/2927
f 3838/2385/153 3542/2275/2927 3538/2269/153
f 2008/1369/3610 2007/1370/3610 2010/1368/3610
f 2028/1379/1455 2022/1376/1451 2041/1379/1466
f 985/694/630 983/694/629 821/612/527
f 775/582/492 1049/582/678 774/580/491
f 783/588/500 785/590/501 789/593/505
f 791/595/507 790/594/506 794/596/510
f 775/582/492 3169/2068/2552 1049/582/678
f 1208/845/808 1206/841/806 1211/848/810
f 1214/850/813 1213/849/812 1217/852/813
f 3174/828/779 1209/846/807 3173/828/779
f 1337/933/913 1341/937/917 1338/937/914
f 422/343/255 421/343/254 426/345/259
f 3176/929/2553 1338/937/914 1341/937/917
f 471/381/296 466/378/292 463/376/289
f 1605/1116/1143 1601/1116/1139 1600/1114/1138
f 2230/1515/1630 2427/1619/754 2227/1513/1628
f 2433/1623/1751 1601/1116/1139 1605/1116/1143
f 2428/1620/1748 2429/1117/1748 2432/1622/1748
f 2250/1528/1646 2246/1526/1642 2254/1528/1650
f 3558/2279/255 3565/2279/2959 3557/2278/3611
usemtl e50:MI_ChangeA_Tyre1
f 3839/2472/3278 3840/2473/3279 3841/2474/3280
f 3842/2475/3281 3841/2474/3280 3843/2476/3282
f 3842/2475/3281 3843/2476/3282 3844/2477/3283
f 3845/2478/3284 3844/2477/3283 3846/2479/3285
f 3847/2480/3286 3845/2478/3284 3846/2479/3285
f 3848/2481/3287 3849/2482/3288 3847/2480/3286
f 3850/2483/3289 3848/2481/3287 3851/2484/3290
f 3852/2485/3291 3850/2483/3289 3851/2484/3290
f 3853/2486/3292 3854/2487/3293 3852/2485/3291
f 3855/2488/3294 3856/2489/3295 3853/2486/3292
f 3857/2490/3296 3855/2488/3294 3858/2491/3297
f 3859/2492/3298 3857/2490/3296 3858/2491/3297
f 3860/2493/3299 3859/2492/3298 3861/2494/3300
f 3862/2495/3301 3861/2494/3300 3863/2496/3302
f 3864/2497/3303 3862/2495/3301 3863/2496/3302
f 3865/2498/3304 3864/2497/3303 3866/2499/3305
f 3867/2500/3306 3866/2499/3305 3868/2501/3307
f 3868/2501/3307 3869/2502/3308 3867/2500/3306
f 3870/2503/3309 3869/2502/3308 3871/2504/3310
f 3870/2503/3309 3871/2504/3310 3872/2505/3311
f 3873/2506/3312 3872/2505/3311 3874/2507/3313
f 3875/2508/3314 3874/2507/3313 3876/2509/3315
f 3877/2510/3316 3876/2509/3315 3878/2511/3317
f 3879/2512/3318 3878/2511/3317 3880/2513/3319
f 3881/2514/3320 3879/2512/3318 3880/2513/3319
f 3882/2515/3321 3881/2514/3320 3883/2516/3322
f 3884/2517/3323 3882/2515/3321 3883/2516/3322
f 3885/2518/3324 3884/2517/3323 3886/2519/3325
f 3887/2520/3326 3885/2518/3324 3886/2519/3325
f 3888/2521/3327 3889/2522/3328 3887/2520/3326
f 3890/2523/3329 3888/2521/3327 3891/2524/3330
f 3892/2525/3331 3891/2524/3330 3893/2526/3332
f 3894/2527/3333 3892/2525/3331 3893/2526/3332
f 3895/2528/3334 3894/2527/3333 3896/2529/3335
f 3897/2530/3336 3895/2528/3334 3896/2529/3335
f 3898/2531/3337 3897/2530/3336 3899/2532/3338
f 3899/2532/3338 3900/2533/3339 3898/2531/3337
f 3901/2534/3340 3900/2533/3339 3902/2535/3341
f 3903/2536/3342 3902/2535/3341 3904/2537/3343
f 3905/2538/3344 3904/2537/3343 3906/2539/3345
f 3907/2540/3346 3906/2539/3345 3908/2541/3347
f 3907/2540/3346 3908/2541/3347 3909/2542/3348
f 3910/2543/3349 3909/2542/3348 3911/2544/3350
f 3912/2545/3351 3911/2544/3350 3913/2546/3352
f 3914/2547/3353 3912/2545/3351 3913/2546/3352
f 3915/2548/3354 3914/2547/3353 3916/2549/3355
f 3917/2550/3356 3916/2549/3355 3918/2551/3357
f 3919/2552/3358 3917/2550/3356 3918/2551/3357
f 3920/2553/3359 3919/2552/3358 3921/2554/3360
f 3922/2555/3361 3920/2553/3359 3921/2554/3360
f 3923/2556/3362 3922/2555/3361 3924/2557/3363
f 3925/2558/3364 3923/2556/3362 3924/2557/3363
f 3926/2559/3365 3925/2558/3364 3927/2560/3366
f 3928/2561/3367 3926/2559/3365 3927/2560/3366
f 3929/2562/3368 3930/2563/3369 3928/2561/3367
f 3931/2564/3370 3929/2562/3368 3932/2565/3371
f 3932/2565/3371 3933/2566/3372 3931/2564/3370
f 3934/2567/3373 3933/2566/3372 3935/2568/3374
f 3935/2568/3374 3936/2569/3375 3934/2567/3373
f 3937/2570/3376 3936/2569/3375 3840/2473/3279
f 3938/2571/3377 3939/2572/3378 3940/2573/3379
f 3941/2574/3380 3940/2573/3379 3942/2575/3381
f 3943/2481/3382 3941/2574/3380 3942/2575/3381
f 3944/2576/3383 3943/2481/3382 3945/2577/3384
f 3946/2578/3385 3945/2577/3384 3947/2579/3386
f 3948/2492/3387 3946/2578/3385 3947/2579/3386
f 3949/2495/3388 3948/2492/3387 3950/2496/3389
f 3950/2496/3389 3951/2499/3390 3952/2498/3391
f 3951/2499/3390 3953/2502/3392 3952/2498/3391
f 3954/2580/3393 3953/2502/3392 3955/2581/3394
f 3956/2582/3395 3955/2581/3394 3957/2583/3396
f 3958/2584/3397 3957/2583/3396 3959/2585/3398
f 3960/2515/3399 3959/2585/3398 3961/2586/3400
f 3962/2518/3401 3961/2586/3400 3963/2519/3402
f 3964/2587/3403 3963/2519/3402 3965/2588/3404
f 3966/2589/3405 3965/2588/3404 3967/2526/3406
f 3968/2590/3407 3967/2526/3406 3969/2591/3408
f 3970/2592/3409 3969/2591/3408 3971/2532/3410
f 3972/2593/3411 3971/2532/3410 3973/2594/3412
f 3974/2595/3413 3973/2594/3412 3975/2596/3414
f 3976/2597/3415 3975/2596/3414 3977/2598/3416
f 3978/2599/3417 3977/2598/3416 3979/2600/3418
f 3980/2601/3419 3978/2599/3417 3979/2600/3418
f 3981/2602/3420 3982/2603/3421 3980/2601/3419
f 3983/2604/3422 3984/2605/3423 3981/2602/3420
f 3985/2606/3424 3986/2607/3425 3983/2604/3422
f 3987/2561/3426 3988/2608/3427 3985/2606/3424
f 3989/2609/3428 3987/2561/3426 3990/2610/3429
f 3990/2610/3429 3991/2611/3430 3989/2609/3428
f 3991/2611/3430 3939/2572/3378 3992/2612/3431
f 3993/2613/3432 3994/2614/3433 3995/2615/3434
f 3840/2473/3279 3994/2614/3433 3993/2613/3432
f 3996/2616/3435 3995/2615/3434 3994/2614/3433
f 3994/2614/3433 3840/2473/3279 3936/2569/3375
f 3994/2614/3433 3997/2617/3436 3996/2616/3435
f 3936/2569/3375 3997/2617/3436 3994/2614/3433
f 3998/2618/3437 3996/2616/3435 3997/2617/3436
f 3997/2617/3436 3936/2569/3375 3935/2568/3374
f 3997/2617/3436 3999/2619/3438 3998/2618/3437
f 3935/2568/3374 4000/2620/3439 3997/2617/3436
f 3999/2619/3438 3997/2617/3436 4000/2620/3439
f 4000/2620/3439 3935/2568/3374 3933/2566/3372
f 4000/2620/3439 4001/2621/3440 3999/2619/3438
f 3933/2566/3372 4002/2622/3441 4000/2620/3439
f 4001/2621/3440 4000/2620/3439 4002/2622/3441
f 4002/2622/3441 3933/2566/3372 3932/2565/3371
f 4002/2622/3441 4003/2623/3442 4001/2621/3440
f 3932/2565/3371 4004/2624/3443 4002/2622/3441
f 4003/2623/3442 4002/2622/3441 4004/2624/3443
f 4004/2624/3443 3932/2565/3371 3929/2562/3368
f 4004/2624/3443 4005/2625/3444 4003/2623/3442
f 3928/2561/3367 4004/2624/3443 3929/2562/3368
f 4004/2624/3443 3928/2561/3367 4006/2626/3445
f 4005/2625/3444 4004/2624/3443 4006/2626/3445
f 3927/2560/3366 4006/2626/3445 3928/2561/3367
f 4007/2627/3446 4005/2625/3444 4006/2626/3445
f 4006/2626/3445 3927/2560/3366 4007/2627/3446
f 4005/2625/3444 4007/2627/3446 4008/2628/3447
f 3925/2558/3364 4007/2627/3446 3927/2560/3366
f 4007/2627/3446 4009/2629/3448 4008/2628/3447
f 4007/2627/3446 3925/2558/3364 4010/2630/3449
f 4009/2629/3448 4007/2627/3446 4010/2630/3449
f 3924/2557/3363 4010/2630/3449 3925/2558/3364
f 4010/2630/3449 4011/2631/3450 4009/2629/3448
f 4011/2631/3450 4010/2630/3449 4012/2632/3451
f 4010/2630/3449 3924/2557/3363 4012/2632/3451
f 4012/2632/3451 4013/2633/3452 4011/2631/3450
f 3924/2557/3363 4014/2634/3453 4012/2632/3451
f 4013/2633/3452 4012/2632/3451 4014/2634/3453
f 4014/2634/3453 3924/2557/3363 3922/2555/3361
f 3922/2555/3361 3921/2554/3360 4014/2634/3453
f 4015/2635/3454 4013/2633/3452 4014/2634/3453
f 4014/2634/3453 3921/2554/3360 4015/2635/3454
f 4013/2633/3452 4015/2635/3454 4016/2636/3455
f 3921/2554/3360 3919/2552/3358 4015/2635/3454
f 4015/2635/3454 4017/2637/3456 4016/2636/3455
f 4015/2635/3454 3919/2552/3358 4018/2638/3457
f 4017/2637/3456 4015/2635/3454 4018/2638/3457
f 3919/2552/3358 3918/2551/3357 4018/2638/3457
f 4019/2639/3458 4017/2637/3456 4018/2638/3457
f 4018/2638/3457 3918/2551/3357 4019/2639/3458
f 4017/2637/3456 4019/2639/3458 4020/2640/3459
f 3918/2551/3357 3916/2549/3355 4019/2639/3458
f 4019/2639/3458 4021/2641/3460 4020/2640/3459
f 4019/2639/3458 3916/2549/3355 4021/2641/3460
f 4020/2640/3459 4021/2641/3460 4022/2642/3461
f 3916/2549/3355 3914/2547/3353 4021/2641/3460
f 4021/2641/3460 4023/2643/3462 4022/2642/3461
f 4021/2641/3460 3914/2547/3353 4024/2644/3463
f 4023/2643/3462 4021/2641/3460 4024/2644/3463
f 3914/2547/3353 4025/2645/3464 4024/2644/3463
f 4024/2644/3463 4025/2645/3464 4023/2643/3462
f 4023/2643/3462 4025/2645/3464 4026/2646/3465
f 4025/2645/3464 3914/2547/3353 3913/2546/3352
f 4025/2645/3464 4027/2647/3466 4026/2646/3465
f 3913/2546/3352 4028/2648/3467 4025/2645/3464
f 4027/2647/3466 4025/2645/3464 4028/2648/3467
f 4028/2648/3467 3913/2546/3352 3911/2544/3350
f 4028/2648/3467 4029/2649/3468 4027/2647/3466
f 3911/2544/3350 4030/2650/3469 4028/2648/3467
f 4029/2649/3468 4028/2648/3467 4030/2650/3469
f 4030/2650/3469 3911/2544/3350 3909/2542/3348
f 4030/2650/3469 4031/2651/3470 4029/2649/3468
f 3909/2542/3348 4031/2651/3470 4030/2650/3469
f 4032/2652/3471 4029/2649/3468 4031/2651/3470
f 4031/2651/3470 3909/2542/3348 3908/2541/3347
f 4031/2651/3470 4033/2653/3472 4032/2652/3471
f 3908/2541/3347 4034/2654/3473 4031/2651/3470
f 4033/2653/3472 4031/2651/3470 4034/2654/3473
f 4034/2654/3473 3908/2541/3347 3906/2539/3345
f 3906/2539/3345 3904/2537/3343 4034/2654/3473
f 4034/2654/3473 4035/2655/3474 4033/2653/3472
f 4035/2655/3474 4034/2654/3473 3904/2537/3343
f 4036/2656/3475 4033/2653/3472 4035/2655/3474
f 3904/2537/3343 3902/2535/3341 4035/2655/3474
f 4035/2655/3474 4037/2657/3476 4036/2656/3475
f 4037/2657/3476 4035/2655/3474 3902/2535/3341
f 4038/2658/3477 4036/2656/3475 4037/2657/3476
f 4037/2657/3476 4039/2659/3478 4038/2658/3477
f 3902/2535/3341 4040/2660/3479 4037/2657/3476
f 4039/2659/3478 4037/2657/3476 4040/2660/3479
f 4040/2660/3479 3902/2535/3341 3900/2533/3339
f 4041/2661/3480 4039/2659/3478 4040/2660/3479
f 3900/2533/3339 4041/2661/3480 4040/2660/3479
f 4042/2662/3481 4039/2659/3478 4041/2661/3480
f 4041/2661/3480 3900/2533/3339 3899/2532/3338
f 4041/2661/3480 4043/2663/3482 4042/2662/3481
f 3899/2532/3338 4044/2664/3483 4041/2661/3480
f 4043/2663/3482 4041/2661/3480 4044/2664/3483
f 4044/2664/3483 3899/2532/3338 3897/2530/3336
f 3896/2529/3335 4044/2664/3483 3897/2530/3336
f 4045/2665/3484 4043/2663/3482 4044/2664/3483
f 4044/2664/3483 3896/2529/3335 4045/2665/3484
f 4043/2663/3482 4045/2665/3484 4046/2666/3485
f 3894/2527/3333 4045/2665/3484 3896/2529/3335
f 4047/2667/3486 4046/2666/3485 4045/2665/3484
f 4045/2665/3484 3894/2527/3333 4047/2667/3486
f 4046/2666/3485 4047/2667/3486 4048/2668/3487
f 3893/2526/3332 4047/2667/3486 3894/2527/3333
f 4049/2669/3488 4048/2668/3487 4047/2667/3486
f 4047/2667/3486 3893/2526/3332 4049/2669/3488
f 4048/2668/3487 4049/2669/3488 4050/2670/3489
f 3891/2524/3330 4049/2669/3488 3893/2526/3332
f 4049/2669/3488 4051/2671/3490 4050/2670/3489
f 4049/2669/3488 3891/2524/3330 4052/2672/3491
f 4051/2671/3490 4049/2669/3488 4052/2672/3491
f 3888/2521/3327 4052/2672/3491 3891/2524/3330
f 4052/2672/3491 4053/2673/3492 4051/2671/3490
f 4052/2672/3491 3888/2521/3327 4054/2674/2547
f 4053/2673/3492 4052/2672/3491 4054/2674/2547
f 3888/2521/3327 4055/2675/3493 4054/2674/2547
f 4055/2675/3493 4053/2673/3492 4054/2674/2547
f 4055/2675/3493 3888/2521/3327 3887/2520/3326
f 4053/2673/3492 4055/2675/3493 4056/2676/3494
f 3887/2520/3326 4057/2677/3495 4055/2675/3493
f 4057/2677/3495 4056/2676/3494 4055/2675/3493
f 4056/2676/3494 4057/2677/3495 4058/2678/3496
f 4057/2677/3495 3887/2520/3326 3886/2519/3325
f 4057/2677/3495 4059/2679/3497 4058/2678/3496
f 3886/2519/3325 4060/2680/3498 4057/2677/3495
f 4059/2679/3497 4057/2677/3495 4060/2680/3498
f 4060/2680/3498 3886/2519/3325 3884/2517/3323
f 4060/2680/3498 4061/2681/3499 4059/2679/3497
f 3884/2517/3323 4061/2681/3499 4060/2680/3498
f 4059/2679/3497 4061/2681/3499 4062/2682/3500
f 4061/2681/3499 3884/2517/3323 3883/2516/3322
f 4061/2681/3499 4063/2683/3501 4062/2682/3500
f 3883/2516/3322 4063/2683/3501 4061/2681/3499
f 4063/2683/3501 3883/2516/3322 3881/2514/3320
f 4062/2682/3500 4063/2683/3501 4064/2684/3502
f 3881/2514/3320 3880/2513/3319 4063/2683/3501
f 4063/2683/3501 4065/2685/3503 4064/2684/3502
f 3880/2513/3319 4065/2685/3503 4063/2683/3501
f 4064/2684/3502 4065/2685/3503 4066/2686/3504
f 3880/2513/3319 3878/2511/3317 4065/2685/3503
f 4065/2685/3503 4067/2687/3505 4066/2686/3504
f 3878/2511/3317 4068/2688/3506 4065/2685/3503
f 4067/2687/3505 4065/2685/3503 4068/2688/3506
f 3878/2511/3317 3876/2509/3315 4068/2688/3506
f 4068/2688/3506 4069/2689/3507 4067/2687/3505
f 4069/2689/3507 4068/2688/3506 3876/2509/3315
f 4069/2689/3507 4070/2690/3508 4067/2687/3505
f 4069/2689/3507 4071/2691/3509 4070/2690/3508
f 3876/2509/3315 4072/2692/3510 4069/2689/3507
f 4071/2691/3509 4069/2689/3507 4072/2692/3510
f 4072/2692/3510 3876/2509/3315 3874/2507/3313
f 4072/2692/3510 4073/2693/3511 4071/2691/3509
f 3874/2507/3313 4073/2693/3511 4072/2692/3510
f 4073/2693/3511 3874/2507/3313 3872/2505/3311
f 4074/2694/3512 4071/2691/3509 4073/2693/3511
f 3872/2505/3311 3871/2504/3310 4073/2693/3511
f 4073/2693/3511 4075/2695/3513 4074/2694/3512
f 4075/2695/3513 4073/2693/3511 3871/2504/3310
f 4076/2696/3514 4074/2694/3512 4075/2695/3513
f 3871/2504/3310 3869/2502/3308 4075/2695/3513
f 4075/2695/3513 4077/2697/3515 4076/2696/3514
f 4078/2698/3516 4075/2695/3513 3869/2502/3308
f 4077/2697/3515 4075/2695/3513 4078/2698/3516
f 3868/2501/3307 4078/2698/3516 3869/2502/3308
f 4079/2699/3517 4077/2697/3515 4078/2698/3516
f 4079/2699/3517 4078/2698/3516 3868/2501/3307
f 4080/2700/3191 4077/2697/3515 4079/2699/3517
f 3866/2499/3305 4079/2699/3517 3868/2501/3307
f 4081/2701/3518 4080/2700/3191 4079/2699/3517
f 4081/2701/3518 4079/2699/3517 3866/2499/3305
f 4082/2702/3519 4080/2700/3191 4081/2701/3518
f 3864/2497/3303 4081/2701/3518 3866/2499/3305
f 4081/2701/3518 4083/2703/3520 4082/2702/3519
f 4081/2701/3518 3864/2497/3303 4084/2704/3521
f 4083/2703/3520 4081/2701/3518 4084/2704/3521
f 3864/2497/3303 4085/2705/3522 4084/2704/3521
f 4085/2705/3522 4083/2703/3520 4084/2704/3521
f 4083/2703/3520 4085/2705/3522 4086/2706/3523
f 4085/2705/3522 3864/2497/3303 3863/2496/3302
f 4085/2705/3522 4087/2707/3524 4086/2706/3523
f 3863/2496/3302 4088/2708/3525 4085/2705/3522
f 4087/2707/3524 4085/2705/3522 4088/2708/3525
f 4088/2708/3525 3863/2496/3302 3861/2494/3300
f 4088/2708/3525 4089/2709/3526 4087/2707/3524
f 3861/2494/3300 4090/2710/3527 4088/2708/3525
f 4089/2709/3526 4088/2708/3525 4090/2710/3527
f 4090/2710/3527 3861/2494/3300 3859/2492/3298
f 4090/2710/3527 4091/2711/3528 4089/2709/3526
f 3859/2492/3298 4092/2712/3529 4090/2710/3527
f 4091/2711/3528 4090/2710/3527 4092/2712/3529
f 4092/2712/3529 3859/2492/3298 3858/2491/3297
f 4092/2712/3529 4093/2713/3530 4091/2711/3528
f 3858/2491/3297 4094/2714/3531 4092/2712/3529
f 4093/2713/3530 4092/2712/3529 4094/2714/3531
f 4094/2714/3531 3858/2491/3297 3855/2488/3294
f 4094/2714/3531 4095/2715/3532 4093/2713/3530
f 3853/2486/3292 4094/2714/3531 3855/2488/3294
f 4094/2714/3531 3853/2486/3292 4096/2716/3533
f 4095/2715/3532 4094/2714/3531 4096/2716/3533
f 3852/2485/3291 4096/2716/3533 3853/2486/3292
f 4097/2717/3534 4095/2715/3532 4096/2716/3533
f 4096/2716/3533 3852/2485/3291 4097/2717/3534
f 4095/2715/3532 4097/2717/3534 4098/2718/3535
f 3852/2485/3291 4099/2719/3536 4097/2717/3534
f 4099/2719/3536 4098/2718/3535 4097/2717/3534
f 4099/2719/3536 3852/2485/3291 3851/2484/3290
f 4098/2718/3535 4099/2719/3536 4100/2720/3537
f 3851/2484/3290 4101/2721/3538 4099/2719/3536
f 4099/2719/3536 4101/2721/3538 4100/2720/3537
f 4100/2720/3537 4101/2721/3538 4102/2722/3539
f 4101/2721/3538 3851/2484/3290 3848/2481/3287
f 4101/2721/3538 4103/2723/3540 4102/2722/3539
f 3848/2481/3287 4104/2724/3541 4101/2721/3538
f 4103/2723/3540 4101/2721/3538 4104/2724/3541
f 4104/2724/3541 3848/2481/3287 3847/2480/3286
f 3847/2480/3286 3846/2479/3285 4104/2724/3541
f 4104/2724/3541 4105/2725/3542 4103/2723/3540
f 4105/2725/3542 4104/2724/3541 3846/2479/3285
f 4103/2723/3540 4105/2725/3542 4106/2726/3543
f 3846/2479/3285 3844/2477/3283 4105/2725/3542
f 4105/2725/3542 4107/2727/3544 4106/2726/3543
f 4107/2727/3544 4105/2725/3542 3844/2477/3283
f 4107/2727/3544 4108/2728/3545 4106/2726/3543
f 3844/2477/3283 3843/2476/3282 4107/2727/3544
f 4107/2727/3544 4109/2729/3546 4108/2728/3545
f 4109/2729/3546 4107/2727/3544 3843/2476/3282
f 4109/2729/3546 4110/2730/3547 4108/2728/3545
f 3843/2476/3282 3841/2474/3280 4109/2729/3546
f 4109/2729/3546 4111/2731/3548 4110/2730/3547
f 4111/2731/3548 4109/2729/3546 3841/2474/3280
f 4112/2732/3549 4110/2730/3547 4111/2731/3548
f 3841/2474/3280 3840/2473/3279 4111/2731/3548
f 4111/2731/3548 3995/2615/3434 4112/2732/3549
f 3993/2613/3432 4111/2731/3548 3840/2473/3279
f 3995/2615/3434 4111/2731/3548 3993/2613/3432
f 4113/2733/3550 4114/2617/3551 4115/2734/3552
f 3939/2572/3378 4114/2617/3551 4113/2733/3550
f 4116/2618/3553 4115/2734/3552 4114/2617/3551
f 4114/2617/3551 3939/2572/3378 3991/2611/3430
f 4114/2617/3551 4117/2622/3554 4116/2618/3553
f 3991/2611/3430 4117/2622/3554 4114/2617/3551
f 4118/2621/3555 4116/2618/3553 4117/2622/3554
f 4117/2622/3554 3991/2611/3430 3990/2610/3429
f 4119/2626/3556 4118/2621/3555 4117/2622/3554
f 3990/2610/3429 4119/2626/3556 4117/2622/3554
f 4118/2621/3555 4119/2626/3556 4120/2625/3557
f 4119/2626/3556 3990/2610/3429 3987/2561/3426
f 4121/2630/3558 4120/2625/3557 4119/2626/3556
f 3987/2561/3426 4121/2630/3558 4119/2626/3556
f 4121/2630/3558 3987/2561/3426 3985/2606/3424
f 4120/2625/3557 4121/2630/3558 4122/2629/3559
f 3985/2606/3424 3983/2604/3422 4121/2630/3558
f 4123/2634/3560 4122/2629/3559 4121/2630/3558
f 4121/2630/3558 3983/2604/3422 4123/2634/3560
f 4122/2629/3559 4123/2634/3560 4124/2633/3561
f 3983/2604/3422 3981/2602/3420 4123/2634/3560
f 4125/2638/3562 4124/2633/3561 4123/2634/3560
f 4123/2634/3560 3981/2602/3420 4125/2638/3562
f 4124/2633/3561 4125/2638/3562 4126/2637/3563
f 3981/2602/3420 3980/2601/3419 4125/2638/3562
f 4125/2638/3562 4127/2641/3564 4126/2637/3563
f 4125/2638/3562 3980/2601/3419 4127/2641/3564
f 4126/2637/3563 4127/2641/3564 4128/2642/3565
f 3980/2601/3419 3979/2600/3418 4127/2641/3564
f 4127/2641/3564 4129/2645/3566 4128/2642/3565
f 4127/2641/3564 3979/2600/3418 4129/2645/3566
f 4128/2642/3565 4129/2645/3566 4130/2646/3567
f 4129/2645/3566 4131/2649/3568 4130/2646/3567
f 3979/2600/3418 4132/2650/3569 4129/2645/3566
f 4131/2649/3568 4129/2645/3566 4132/2650/3569
f 4132/2650/3569 3979/2600/3418 3977/2598/3416
f 4132/2650/3569 4133/2653/3570 4131/2649/3568
f 3977/2598/3416 4134/2654/3571 4132/2650/3569
f 4133/2653/3570 4132/2650/3569 4134/2654/3571
f 4134/2654/3571 3977/2598/3416 3975/2596/3414
f 4134/2654/3571 4135/2658/3572 4133/2653/3570
f 3975/2596/3414 4136/2657/3573 4134/2654/3571
f 4135/2658/3572 4134/2654/3571 4136/2657/3573
f 4136/2657/3573 3975/2596/3414 3973/2594/3412
f 4136/2657/3573 4137/2735/3574 4135/2658/3572
f 3973/2594/3412 4137/2735/3574 4136/2657/3573
f 4137/2735/3574 3973/2594/3412 3971/2532/3410
f 4138/2662/3575 4135/2658/3572 4137/2735/3574
f 3971/2532/3410 3969/2591/3408 4137/2735/3574
f 4139/2665/3576 4138/2662/3575 4137/2735/3574
f 4139/2665/3576 4137/2735/3574 3969/2591/3408
f 4138/2662/3575 4139/2665/3576 4140/2666/3577
f 3969/2591/3408 3967/2526/3406 4139/2665/3576
f 4141/2669/3578 4140/2666/3577 4139/2665/3576
f 4141/2669/3578 4139/2665/3576 3967/2526/3406
f 4140/2666/3577 4141/2669/3578 4142/2670/3579
f 3967/2526/3406 3965/2588/3404 4141/2669/3578
f 4143/2736/3580 4142/2670/3579 4141/2669/3578
f 4143/2736/3580 4141/2669/3578 3965/2588/3404
f 4142/2670/3579 4143/2736/3580 4144/2737/3581
f 3965/2588/3404 4145/2677/3582 4143/2736/3580
f 4145/2677/3582 4144/2737/3581 4143/2736/3580
f 4145/2677/3582 3965/2588/3404 3963/2519/3402
f 4144/2737/3581 4145/2677/3582 4146/2678/3583
f 3963/2519/3402 4147/2681/3584 4145/2677/3582
f 4145/2677/3582 4147/2681/3584 4146/2678/3583
f 4147/2681/3584 3963/2519/3402 3961/2586/3400
f 4146/2678/3583 4147/2681/3584 4148/2682/3585
f 3961/2586/3400 4149/2738/3586 4147/2681/3584
f 4147/2681/3584 4149/2738/3586 4148/2682/3585
f 4149/2738/3586 3961/2586/3400 3959/2585/3398
f 4148/2682/3585 4149/2738/3586 4150/2686/3587
f 3959/2585/3398 4151/2689/3588 4149/2738/3586
f 4149/2738/3586 4151/2689/3588 4150/2686/3587
f 4151/2689/3588 3959/2585/3398 3957/2583/3396
f 4152/2690/3589 4150/2686/3587 4151/2689/3588
f 3957/2583/3396 3955/2581/3394 4151/2689/3588
f 4151/2689/3588 4153/2694/3590 4152/2690/3589
f 4154/2693/3591 4151/2689/3588 3955/2581/3394
f 4153/2694/3590 4151/2689/3588 4154/2693/3591
f 3955/2581/3394 3953/2502/3392 4154/2693/3591
f 4154/2693/3591 4155/2697/3592 4153/2694/3590
f 4156/2698/3593 4154/2693/3591 3953/2502/3392
f 4155/2697/3592 4154/2693/3591 4156/2698/3593
f 3951/2499/3390 4156/2698/3593 3953/2502/3392
f 4156/2698/3593 4157/2701/3594 4155/2697/3592
f 4157/2701/3594 4156/2698/3593 3951/2499/3390
f 4158/2702/3595 4155/2697/3592 4157/2701/3594
f 3950/2496/3389 4157/2701/3594 3951/2499/3390
f 4159/2705/3596 4158/2702/3595 4157/2701/3594
f 4157/2701/3594 3950/2496/3389 4159/2705/3596
f 4160/2706/3597 4158/2702/3595 4159/2705/3596
f 4159/2705/3596 4161/2709/3598 4160/2706/3597
f 3950/2496/3389 4162/2710/3599 4159/2705/3596
f 4161/2709/3598 4159/2705/3596 4162/2710/3599
f 4162/2710/3599 3950/2496/3389 3948/2492/3387
f 4163/2714/3600 4161/2709/3598 4162/2710/3599
f 3948/2492/3387 4163/2714/3600 4162/2710/3599
f 4161/2709/3598 4163/2714/3600 4164/2713/3601
f 4163/2714/3600 3948/2492/3387 3947/2579/3386
f 4165/2717/3602 4164/2713/3601 4163/2714/3600
f 3947/2579/3386 4165/2717/3602 4163/2714/3600
f 4165/2717/3602 3947/2579/3386 3945/2577/3384
f 4164/2713/3601 4165/2717/3602 4166/2718/3603
f 3945/2577/3384 3943/2481/3382 4165/2717/3602
f 4165/2717/3602 4167/2739/3604 4166/2718/3603
f 4165/2717/3602 3943/2481/3382 4167/2739/3604
f 4166/2718/3603 4167/2739/3604 4168/2722/3605
f 3942/2575/3381 4167/2739/3604 3943/2481/3382
f 4167/2739/3604 4169/2726/3606 4168/2722/3605
f 4167/2739/3604 3942/2575/3381 4170/2725/3607
f 4169/2726/3606 4167/2739/3604 4170/2725/3607
f 3940/2573/3379 4170/2725/3607 3942/2575/3381
f 4170/2725/3607 4171/2730/3608 4169/2726/3606
f 4170/2725/3607 3940/2573/3379 4172/2729/3609
f 4171/2730/3608 4170/2725/3607 4172/2729/3609
f 3939/2572/3378 4172/2729/3609 3940/2573/3379
f 4172/2729/3609 4115/2734/3552 4171/2730/3608
f 4172/2729/3609 3939/2572/3378 4113/2733/3550
f 4115/2734/3552 4172/2729/3609 4113/2733/3550
f 4173/2740/3612 4174/2741/3613 4175/2742/3614
f 4175/2742/3614 4174/2741/3613 4176/2743/3615
f 4174/2741/3613 4177/2744/3616 4176/2743/3615
f 4175/2742/3614 4176/2743/3615 4178/2745/3617
f 4176/2743/3615 4177/2744/3616 4179/2746/3618
f 4177/2744/3616 4180/2747/3619 4179/2746/3618
f 4178/2745/3617 4176/2743/3615 4181/2748/3620
f 4176/2743/3615 4179/2746/3618 4181/2748/3620
f 4179/2746/3618 4180/2747/3619 4182/2749/3621
f 4180/2747/3619 4183/2750/3622 4182/2749/3621
f 4181/2748/3620 4179/2746/3618 4184/2751/3623
f 4179/2746/3618 4182/2749/3621 4184/2751/3623
f 4181/2748/3620 4185/2752/3624 4178/2745/3617
f 4186/2753/3625 4178/2745/3617 4185/2752/3624
f 4184/2751/3623 4187/2754/3626 4181/2748/3620
f 4185/2752/3624 4181/2748/3620 4187/2754/3626
f 4188/2755/749 4186/2753/3625 4185/2752/3624
f 4186/2753/3625 4188/2755/749 4189/2756/3627
f 4189/2756/3627 4190/2757/3628 4191/2758/3629
f 4190/2757/3628 4189/2756/3627 4188/2755/749
f 4188/2755/749 4192/2759/3630 4190/2757/3628
f 4185/2752/3624 4193/2760/3631 4188/2755/749
f 4192/2759/3630 4188/2755/749 4193/2760/3631
f 4193/2760/3631 4185/2752/3624 4187/2754/3626
f 4193/2760/3631 4194/2761/2425 4192/2759/3630
f 4194/2761/2425 4193/2760/3631 4195/2762/3632
f 4187/2754/3626 4195/2762/3632 4193/2760/3631
f 4195/2762/3632 4196/2763/3633 4194/2761/2425
f 4195/2762/3632 4187/2754/3626 4197/2764/3634
f 4187/2754/3626 4184/2751/3623 4197/2764/3634
f 4196/2763/3633 4195/2762/3632 4198/2765/3635
f 4197/2764/3634 4198/2765/3635 4195/2762/3632
f 4198/2765/3635 4199/2766/3636 4196/2763/3633
f 4199/2766/3636 4198/2765/3635 4200/2767/677
f 4201/2768/3637 4200/2767/677 4198/2765/3635
f 4198/2765/3635 4197/2764/3634 4201/2768/3637
f 4200/2767/677 4201/2768/3637 4202/2769/3638
f 4203/2770/3639 4197/2764/3634 4184/2751/3623
f 4197/2764/3634 4203/2770/3639 4201/2768/3637
f 4184/2751/3623 4182/2749/3621 4203/2770/3639
f 4201/2768/3637 4204/2771/3640 4202/2769/3638
f 4204/2771/3640 4201/2768/3637 4203/2770/3639
f 4205/2772/3641 4202/2769/3638 4204/2771/3640
f 4204/2771/3640 4206/2773/3642 4205/2772/3641
f 4182/2749/3621 4207/2774/3643 4203/2770/3639
f 4203/2770/3639 4207/2774/3643 4204/2771/3640
f 4207/2774/3643 4206/2773/3642 4204/2771/3640
f 4182/2749/3621 4183/2750/3622 4207/2774/3643
f 4207/2774/3643 4208/2775/3644 4206/2773/3642
f 4183/2750/3622 4208/2775/3644 4207/2774/3643
f 4208/2740/3644 4209/2741/3645 4206/2742/3642
f 4206/2742/3642 4209/2741/3645 4210/2743/3646
f 4206/2742/3642 4210/2743/3646 4205/2745/3641
f 4209/2741/3645 4211/2744/3647 4210/2743/3646
f 4205/2745/3641 4210/2743/3646 4212/2748/3648
f 4210/2743/3646 4211/2744/3647 4213/2746/3649
f 4210/2743/3646 4213/2746/3649 4212/2748/3648
f 4211/2744/3647 4214/2749/3650 4213/2746/3649
f 4214/2749/3650 4211/2744/3647 4215/2747/3651
f 4212/2748/3648 4216/2752/3652 4205/2745/3641
f 4202/2753/3638 4205/2745/3641 4216/2752/3652
f 4215/2747/3651 4217/2774/3653 4214/2749/3650
f 4217/2774/3653 4215/2747/3651 4218/2750/3654
f 4219/2773/3655 4218/2750/3654 4220/2775/3656
f 4218/2750/3654 4219/2773/3655 4217/2774/3653
f 4221/2772/3657 4217/2774/3653 4219/2773/3655
f 4217/2774/3653 4221/2772/3657 4222/2771/3658
f 4222/2771/3658 4214/2749/3650 4217/2774/3653
f 4223/2769/3659 4222/2771/3658 4221/2772/3657
f 4214/2749/3650 4222/2771/3658 4224/2770/3660
f 4224/2770/3660 4213/2746/3649 4214/2749/3650
f 4225/2768/3661 4222/2771/3658 4223/2769/3659
f 4225/2768/3661 4224/2770/3660 4222/2771/3658
f 4213/2746/3649 4224/2770/3660 4226/2751/3662
f 4212/2748/3648 4213/2746/3649 4226/2751/3662
f 4227/2764/3663 4224/2770/3660 4225/2768/3661
f 4227/2764/3663 4226/2751/3662 4224/2770/3660
f 4226/2751/3662 4228/2754/3664 4212/2748/3648
f 4228/2754/3664 4226/2751/3662 4227/2764/3663
f 4216/2752/3652 4212/2748/3648 4228/2754/3664
f 4227/2764/3663 4229/2760/3665 4228/2754/3664
f 4229/2760/3665 4216/2752/3652 4228/2754/3664
f 4225/2768/3661 4230/2762/3666 4227/2764/3663
f 4229/2760/3665 4227/2764/3663 4230/2762/3666
f 4223/2769/3659 4231/2765/3667 4225/2768/3661
f 4230/2762/3666 4225/2768/3661 4231/2765/3667
f 4231/2765/3667 4223/2769/3659 4232/2767/3668
f 4233/2763/3669 4232/2767/3668 4234/2766/3670
f 4232/2767/3668 4233/2763/3669 4231/2765/3667
f 4235/2761/3671 4231/2765/3667 4233/2763/3669
f 4231/2765/3667 4235/2761/3671 4230/2762/3666
f 4236/2759/3672 4230/2762/3666 4235/2761/3671
f 4230/2762/3666 4236/2759/3672 4229/2760/3665
f 4236/2759/3672 4237/2755/3673 4229/2760/3665
f 4216/2752/3652 4229/2760/3665 4237/2755/3673
f 4237/2755/3673 4202/2753/3638 4216/2752/3652
f 4237/2755/3673 4236/2759/3672 4238/2757/3674
f 4202/2753/3638 4237/2755/3673 4200/2756/677
f 4238/2757/3674 4200/2756/677 4237/2755/3673
f 4200/2756/677 4238/2757/3674 4199/2758/3636
f 4239/2763/3675 4240/2767/3676 4241/2766/2388
f 4240/2767/3676 4239/2763/3675 4242/2765/3677
f 4243/2761/3678 4242/2765/3677 4239/2763/3675
f 4242/2765/3677 4244/2769/3679 4240/2767/3676
f 4242/2765/3677 4243/2761/3678 4245/2762/922
f 4246/2759/3680 4245/2762/922 4243/2761/3678
f 4244/2769/3679 4242/2765/3677 4247/2768/3681
f 4245/2762/922 4247/2768/3681 4242/2765/3677
f 4245/2762/922 4246/2759/3680 4248/2760/3682
f 4249/2757/3683 4248/2760/3682 4246/2759/3680
f 4247/2768/3681 4245/2762/922 4250/2764/3684
f 4248/2760/3682 4250/2764/3684 4245/2762/922
f 4247/2768/3681 4251/2771/3685 4244/2769/3679
f 4244/2769/3679 4251/2771/3685 4252/2772/3686
f 4248/2760/3682 4249/2757/3683 4253/2755/3687
f 4234/2758/3670 4253/2755/3687 4249/2757/3683
f 4253/2755/3687 4234/2758/3670 4232/2756/3668
f 4253/2755/3687 4254/2754/3688 4248/2760/3682
f 4250/2764/3684 4248/2760/3682 4254/2754/3688
f 4232/2756/3668 4255/2752/3689 4253/2755/3687
f 4254/2754/3688 4253/2755/3687 4255/2752/3689
f 4255/2752/3689 4232/2756/3668 4223/2753/3659
f 4223/2753/3659 4221/2745/3657 4255/2752/3689
f 4255/2752/3689 4221/2745/3657 4256/2748/3690
f 4255/2752/3689 4256/2748/3690 4254/2754/3688
f 4219/2742/3655 4256/2748/3690 4221/2745/3657
f 4254/2754/3688 4257/2751/3691 4250/2764/3684
f 4254/2754/3688 4256/2748/3690 4257/2751/3691
f 4256/2748/3690 4219/2742/3655 4258/2743/3692
f 4258/2743/3692 4257/2751/3691 4256/2748/3690
f 4220/2740/3656 4258/2743/3692 4219/2742/3655
f 4258/2743/3692 4220/2740/3656 4259/2741/3693
f 4259/2741/3693 4260/2746/3694 4258/2743/3692
f 4257/2751/3691 4258/2743/3692 4260/2746/3694
f 4260/2746/3694 4259/2741/3693 4261/2744/3695
f 4250/2764/3684 4257/2751/3691 4262/2770/3696
f 4260/2746/3694 4262/2770/3696 4257/2751/3691
f 4250/2764/3684 4262/2770/3696 4247/2768/3681
f 4247/2768/3681 4262/2770/3696 4251/2771/3685
f 4261/2744/3695 4263/2749/3697 4260/2746/3694
f 4262/2770/3696 4260/2746/3694 4263/2749/3697
f 4263/2749/3697 4251/2771/3685 4262/2770/3696
f 4263/2749/3697 4261/2744/3695 4264/2747/3698
f 4251/2771/3685 4263/2749/3697 4265/2774/3699
f 4264/2747/3698 4265/2774/3699 4263/2749/3697
f 4265/2774/3699 4252/2772/3686 4251/2771/3685
f 4265/2774/3699 4264/2747/3698 4266/2750/3700
f 4252/2772/3686 4265/2774/3699 4267/2773/3701
f 4266/2750/3700 4267/2773/3701 4265/2774/3699
f 4267/2773/3701 4266/2750/3700 4268/2775/3702
f 4267/2742/3701 4268/2740/3702 4269/2741/3703
f 4270/2743/3704 4267/2742/3701 4269/2741/3703
f 4270/2743/3704 4269/2741/3703 4271/2744/3705
f 4252/2745/3686 4267/2742/3701 4270/2743/3704
f 4272/2746/3706 4270/2743/3704 4271/2744/3705
f 4272/2746/3706 4271/2744/3705 4273/2747/3707
f 4274/2748/3708 4252/2745/3686 4270/2743/3704
f 4274/2748/3708 4270/2743/3704 4272/2746/3706
f 4275/2749/3709 4272/2746/3706 4273/2747/3707
f 4275/2749/3709 4273/2747/3707 4276/2750/3710
f 4277/2751/3711 4274/2748/3708 4272/2746/3706
f 4277/2751/3711 4272/2746/3706 4275/2749/3709
f 4278/2752/3712 4252/2745/3686 4274/2748/3708
f 4244/2753/3679 4252/2745/3686 4278/2752/3712
f 4279/2754/3713 4274/2748/3708 4277/2751/3711
f 4278/2752/3712 4274/2748/3708 4279/2754/3713
f 4280/2755/3714 4244/2753/3679 4278/2752/3712
f 4244/2753/3679 4280/2755/3714 4240/2756/3676
f 4240/2756/3676 4281/2757/3715 4241/2758/2388
f 4281/2757/3715 4240/2756/3676 4280/2755/3714
f 4280/2755/3714 4282/2759/3716 4281/2757/3715
f 4278/2752/3712 4283/2760/774 4280/2755/3714
f 4282/2759/3716 4280/2755/3714 4283/2760/774
f 4283/2760/774 4278/2752/3712 4279/2754/3713
f 4283/2760/774 4284/2761/3717 4282/2759/3716
f 4284/2761/3717 4283/2760/774 4285/2762/3718
f 4279/2754/3713 4285/2762/3718 4283/2760/774
f 4285/2762/3718 4286/2763/3719 4284/2761/3717
f 4285/2762/3718 4279/2754/3713 4287/2764/3720
f 4279/2754/3713 4277/2751/3711 4287/2764/3720
f 4286/2763/3719 4285/2762/3718 4288/2765/3721
f 4287/2764/3720 4288/2765/3721 4285/2762/3718
f 4288/2765/3721 4289/2766/3722 4286/2763/3719
f 4289/2766/3722 4288/2765/3721 4290/2767/3723
f 4291/2768/3724 4290/2767/3723 4288/2765/3721
f 4288/2765/3721 4287/2764/3720 4291/2768/3724
f 4290/2767/3723 4291/2768/3724 4292/2769/3725
f 4287/2764/3720 4277/2751/3711 4293/2770/3726
f 4287/2764/3720 4293/2770/3726 4291/2768/3724
f 4293/2770/3726 4277/2751/3711 4275/2749/3709
f 4291/2768/3724 4294/2771/3727 4292/2769/3725
f 4291/2768/3724 4293/2770/3726 4294/2771/3727
f 4292/2769/3725 4294/2771/3727 4295/2772/3728
f 4295/2772/3728 4294/2771/3727 4296/2773/3729
f 4293/2770/3726 4275/2749/3709 4297/2774/3730
f 4294/2771/3727 4293/2770/3726 4297/2774/3730
f 4294/2771/3727 4297/2774/3730 4296/2773/3729
f 4297/2774/3730 4275/2749/3709 4276/2750/3710
f 4296/2773/3729 4297/2774/3730 4298/2775/3731
f 4297/2774/3730 4276/2750/3710 4298/2775/3731
f 4296/2742/3729 4298/2740/3731 4299/2741/3732
f 4300/2743/3733 4296/2742/3729 4299/2741/3732
f 4295/2745/3728 4296/2742/3729 4300/2743/3733
f 4300/2743/3733 4299/2741/3732 4301/2744/3734
f 4302/2748/3735 4295/2745/3728 4300/2743/3733
f 4303/2746/3736 4300/2743/3733 4301/2744/3734
f 4302/2748/3735 4300/2743/3733 4303/2746/3736
f 4301/2744/3734 4304/2749/3737 4303/2746/3736
f 4304/2749/3737 4301/2744/3734 4305/2747/3738
f 4306/2752/3739 4295/2745/3728 4302/2748/3735
f 4292/2753/3725 4295/2745/3728 4306/2752/3739
f 4305/2747/3738 4307/2774/3740 4304/2749/3737
f 4307/2774/3740 4305/2747/3738 4308/2750/3741
f 4309/2773/3742 4308/2750/3741 4310/2775/3743
f 4308/2750/3741 4309/2773/3742 4307/2774/3740
f 4311/2772/3744 4307/2774/3740 4309/2773/3742
f 4307/2774/3740 4311/2772/3744 4312/2771/3745
f 4312/2771/3745 4304/2749/3737 4307/2774/3740
f 4313/2769/3746 4312/2771/3745 4311/2772/3744
f 4304/2749/3737 4312/2771/3745 4314/2770/3747
f 4314/2770/3747 4303/2746/3736 4304/2749/3737
f 4312/2771/3745 4313/2769/3746 4315/2768/3748
f 4315/2768/3748 4314/2770/3747 4312/2771/3745
f 4303/2746/3736 4314/2770/3747 4316/2751/3749
f 4316/2751/3749 4302/2748/3735 4303/2746/3736
f 4314/2770/3747 4315/2768/3748 4317/2764/3750
f 4317/2764/3750 4316/2751/3749 4314/2770/3747
f 4318/2754/3751 4302/2748/3735 4316/2751/3749
f 4316/2751/3749 4317/2764/3750 4318/2754/3751
f 4306/2752/3739 4302/2748/3735 4318/2754/3751
f 4317/2764/3750 4319/2760/3752 4318/2754/3751
f 4319/2760/3752 4306/2752/3739 4318/2754/3751
f 4315/2768/3748 4320/2762/3753 4317/2764/3750
f 4320/2762/3753 4319/2760/3752 4317/2764/3750
f 4313/2769/3746 4321/2765/3754 4315/2768/3748
f 4321/2765/3754 4320/2762/3753 4315/2768/3748
f 4322/2767/3755 4321/2765/3754 4313/2769/3746
f 4323/2766/3756 4324/2763/3757 4322/2767/3755
f 4322/2767/3755 4324/2763/3757 4321/2765/3754
f 4324/2763/3757 4325/2761/3758 4321/2765/3754
f 4321/2765/3754 4325/2761/3758 4320/2762/3753
f 4325/2761/3758 4326/2759/3759 4320/2762/3753
f 4319/2760/3752 4320/2762/3753 4326/2759/3759
f 4326/2759/3759 4327/2755/3760 4319/2760/3752
f 4306/2752/3739 4319/2760/3752 4327/2755/3760
f 4327/2755/3760 4292/2753/3725 4306/2752/3739
f 4327/2755/3760 4326/2759/3759 4328/2757/3761
f 4292/2753/3725 4327/2755/3760 4290/2756/3723
f 4328/2757/3761 4290/2756/3723 4327/2755/3760
f 4290/2756/3723 4328/2757/3761 4289/2758/3722
f 4329/2773/3762 4330/2750/3763 4331/2775/3764
f 4330/2750/3763 4329/2773/3762 4332/2774/3765
f 4332/2774/3765 4333/2747/3766 4330/2750/3763
f 4334/2772/3767 4332/2774/3765 4329/2773/3762
f 4333/2747/3766 4332/2774/3765 4335/2749/3768
f 4335/2749/3768 4336/2744/3769 4333/2747/3766
f 4332/2774/3765 4334/2772/3767 4337/2771/3770
f 4337/2771/3770 4335/2749/3768 4332/2774/3765
f 4338/2769/3771 4337/2771/3770 4334/2772/3767
f 4336/2744/3769 4335/2749/3768 4339/2746/3772
f 4339/2746/3772 4340/2741/3773 4336/2744/3769
f 4335/2749/3768 4337/2771/3770 4341/2770/3774
f 4341/2770/3774 4339/2746/3772 4335/2749/3768
f 4337/2771/3770 4338/2769/3771 4342/2768/3775
f 4342/2768/3775 4341/2770/3774 4337/2771/3770
f 4340/2741/3773 4339/2746/3772 4343/2743/3776
f 4343/2743/3776 4310/2740/3743 4340/2741/3773
f 4310/2740/3743 4343/2743/3776 4309/2742/3742
f 4339/2746/3772 4341/2770/3774 4344/2751/3777
f 4344/2751/3777 4343/2743/3776 4339/2746/3772
f 4345/2748/3778 4309/2742/3742 4343/2743/3776
f 4343/2743/3776 4344/2751/3777 4345/2748/3778
f 4309/2742/3742 4345/2748/3778 4311/2745/3744
f 4346/2764/3779 4344/2751/3777 4341/2770/3774
f 4341/2770/3774 4342/2768/3775 4346/2764/3779
f 4347/2754/3780 4345/2748/3778 4344/2751/3777
f 4344/2751/3777 4346/2764/3779 4347/2754/3780
f 4348/2752/3781 4311/2745/3744 4345/2748/3778
f 4345/2748/3778 4347/2754/3780 4348/2752/3781
f 4311/2745/3744 4348/2752/3781 4313/2753/3746
f 4348/2752/3781 4322/2756/3755 4313/2753/3746
f 4349/2755/3782 4322/2756/3755 4348/2752/3781
f 4347/2754/3780 4349/2755/3782 4348/2752/3781
f 4349/2755/3782 4323/2758/3756 4322/2756/3755
f 4350/2757/3783 4323/2758/3756 4349/2755/3782
f 4351/2760/3784 4349/2755/3782 4347/2754/3780
f 4351/2760/3784 4350/2757/3783 4349/2755/3782
f 4346/2764/3779 4351/2760/3784 4347/2754/3780
f 4352/2759/2986 4350/2757/3783 4351/2760/3784
f 4353/2762/3785 4351/2760/3784 4346/2764/3779
f 4353/2762/3785 4352/2759/2986 4351/2760/3784
f 4342/2768/3775 4353/2762/3785 4346/2764/3779
f 4354/2761/3786 4352/2759/2986 4353/2762/3785
f 4355/2765/1007 4353/2762/3785 4342/2768/3775
f 4355/2765/1007 4354/2761/3786 4353/2762/3785
f 4338/2769/3771 4355/2765/1007 4342/2768/3775
f 4356/2763/3787 4354/2761/3786 4355/2765/1007
f 4355/2765/1007 4338/2769/3771 4357/2767/3788
f 4357/2767/3788 4356/2763/3787 4355/2765/1007
f 4356/2763/3787 4357/2767/3788 4358/2766/3002
f 4359/2741/3789 4329/2742/3762 4331/2740/3764
f 4359/2741/3789 4360/2743/3790 4329/2742/3762
f 4361/2744/3791 4360/2743/3790 4359/2741/3789
f 4360/2743/3790 4334/2745/3767 4329/2742/3762
f 4361/2744/3791 4362/2746/3792 4360/2743/3790
f 4363/2747/3793 4362/2746/3792 4361/2744/3791
f 4360/2743/3790 4364/2748/3794 4334/2745/3767
f 4362/2746/3792 4364/2748/3794 4360/2743/3790
f 4363/2747/3793 4365/2749/3795 4362/2746/3792
f 4366/2750/3796 4365/2749/3795 4363/2747/3793
f 4362/2746/3792 4367/2751/3797 4364/2748/3794
f 4365/2749/3795 4367/2751/3797 4362/2746/3792
f 4368/2752/3798 4334/2745/3767 4364/2748/3794
f 4334/2745/3767 4368/2752/3798 4338/2753/3771
f 4366/2750/3796 4369/2774/3799 4365/2749/3795
f 4370/2775/3800 4369/2774/3799 4366/2750/3796
f 4370/2775/3800 4371/2773/3801 4369/2774/3799
f 4369/2774/3799 4372/2770/3802 4365/2749/3795
f 4365/2749/3795 4372/2770/3802 4367/2751/3797
f 4371/2773/3801 4373/2771/3803 4369/2774/3799
f 4369/2774/3799 4373/2771/3803 4372/2770/3802
f 4371/2773/3801 4374/2772/3804 4373/2771/3803
f 4375/2769/3805 4373/2771/3803 4374/2772/3804
f 4373/2771/3803 4375/2769/3805 4376/2768/3806
f 4376/2768/3806 4372/2770/3802 4373/2771/3803
f 4377/2767/3807 4376/2768/3806 4375/2769/3805
f 4372/2770/3802 4376/2768/3806 4378/2764/3808
f 4378/2764/3808 4367/2751/3797 4372/2770/3802
f 4376/2768/3806 4377/2767/3807 4379/2765/3809
f 4379/2765/3809 4378/2764/3808 4376/2768/3806
f 4380/2766/3810 4379/2765/3809 4377/2767/3807
f 4379/2765/3809 4380/2766/3810 4381/2763/3811
f 4367/2751/3797 4378/2764/3808 4382/2754/3812
f 4382/2754/3812 4364/2748/3794 4367/2751/3797
f 4364/2748/3794 4382/2754/3812 4368/2752/3798
f 4378/2764/3808 4379/2765/3809 4383/2762/3813
f 4381/2763/3811 4383/2762/3813 4379/2765/3809
f 4383/2762/3813 4382/2754/3812 4378/2764/3808
f 4383/2762/3813 4381/2763/3811 4384/2761/3014
f 4382/2754/3812 4383/2762/3813 4385/2760/3814
f 4384/2761/3014 4385/2760/3814 4383/2762/3813
f 4385/2760/3814 4368/2752/3798 4382/2754/3812
f 4385/2760/3814 4384/2761/3014 4386/2759/3815
f 4368/2752/3798 4385/2760/3814 4387/2755/3816
f 4386/2759/3815 4387/2755/3816 4385/2760/3814
f 4387/2755/3816 4338/2753/3771 4368/2752/3798
f 4387/2755/3816 4386/2759/3815 4388/2757/3817
f 4338/2753/3771 4387/2755/3816 4357/2756/3788
f 4388/2757/3817 4357/2756/3788 4387/2755/3816
f 4357/2756/3788 4388/2757/3817 4358/2758/3002
f 4389/2741/3818 4371/2742/3801 4370/2740/3800
f 4389/2741/3818 4390/2743/3819 4371/2742/3801
f 4391/2744/3820 4390/2743/3819 4389/2741/3818
f 4390/2743/3819 4374/2745/3804 4371/2742/3801
f 4391/2744/3820 4392/2746/3821 4390/2743/3819
f 4390/2743/3819 4393/2748/3822 4374/2745/3804
f 4392/2746/3821 4393/2748/3822 4390/2743/3819
f 4394/2752/3823 4374/2745/3804 4393/2748/3822
f 4374/2745/3804 4394/2752/3823 4375/2753/3805
f 4391/2744/3820 4395/2749/3824 4392/2746/3821
f 4395/2749/3824 4391/2744/3820 4396/2747/3825
f 4392/2746/3821 4397/2751/3826 4393/2748/3822
f 4396/2747/3825 4398/2774/3827 4395/2749/3824
f 4398/2774/3827 4396/2747/3825 4399/2750/3828
f 4400/2770/3829 4392/2746/3821 4395/2749/3824
f 4392/2746/3821 4400/2770/3829 4397/2751/3826
f 4401/2773/3830 4399/2750/3828 4402/2775/3831
f 4399/2750/3828 4401/2773/3830 4398/2774/3827
f 4403/2772/3832 4398/2774/3827 4401/2773/3830
f 4404/2771/3833 4395/2749/3824 4398/2774/3827
f 4398/2774/3827 4403/2772/3832 4404/2771/3833
f 4395/2749/3824 4404/2771/3833 4400/2770/3829
f 4403/2772/3832 4405/2769/3834 4404/2771/3833
f 4404/2771/3833 4406/2768/3835 4400/2770/3829
f 4404/2771/3833 4405/2769/3834 4406/2768/3835
f 4400/2770/3829 4407/2764/3836 4397/2751/3826
f 4400/2770/3829 4406/2768/3835 4407/2764/3836
f 4408/2754/3837 4393/2748/3822 4397/2751/3826
f 4397/2751/3826 4407/2764/3836 4408/2754/3837
f 4393/2748/3822 4408/2754/3837 4394/2752/3823
f 4408/2754/3837 4407/2764/3836 4409/2760/3838
f 4409/2760/3838 4394/2752/3823 4408/2754/3837
f 4407/2764/3836 4406/2768/3835 4410/2762/3839
f 4407/2764/3836 4410/2762/3839 4409/2760/3838
f 4406/2768/3835 4405/2769/3834 4411/2765/3840
f 4406/2768/3835 4411/2765/3840 4410/2762/3839
f 4405/2769/3834 4412/2767/3841 4411/2765/3840
f 4412/2767/3841 4413/2766/3842 4414/2763/3843
f 4411/2765/3840 4412/2767/3841 4414/2763/3843
f 4411/2765/3840 4414/2763/3843 4415/2761/3844
f 4410/2762/3839 4411/2765/3840 4415/2761/3844
f 4410/2762/3839 4415/2761/3844 4416/2759/3845
f 4409/2760/3838 4410/2762/3839 4416/2759/3845
f 4416/2759/3845 4417/2755/3846 4409/2760/3838
f 4394/2752/3823 4409/2760/3838 4417/2755/3846
f 4417/2755/3846 4375/2753/3805 4394/2752/3823
f 4417/2755/3846 4416/2759/3845 4418/2757/3847
f 4375/2753/3805 4417/2755/3846 4377/2756/3807
f 4418/2757/3847 4377/2756/3807 4417/2755/3846
f 4377/2756/3807 4418/2757/3847 4380/2758/3810
f 4419/2767/3848 4420/2766/1238 4421/2763/3849
f 4422/2765/3850 4419/2767/3848 4421/2763/3849
f 4422/2765/3850 4421/2763/3849 4423/2761/3851
f 4424/2769/3852 4419/2767/3848 4422/2765/3850
f 4425/2762/3853 4422/2765/3850 4423/2761/3851
f 4425/2762/3853 4423/2761/3851 4426/2759/2513
f 4427/2768/3854 4424/2769/3852 4422/2765/3850
f 4427/2768/3854 4422/2765/3850 4425/2762/3853
f 4428/2760/3855 4425/2762/3853 4426/2759/2513
f 4428/2760/3855 4426/2759/2513 4429/2757/3856
f 4430/2764/3857 4427/2768/3854 4425/2762/3853
f 4430/2764/3857 4425/2762/3853 4428/2760/3855
f 4431/2771/3858 4424/2769/3852 4427/2768/3854
f 4432/2772/3859 4424/2769/3852 4431/2771/3858
f 4433/2770/3860 4427/2768/3854 4430/2764/3857
f 4431/2771/3858 4427/2768/3854 4433/2770/3860
f 4434/2774/3861 4432/2772/3859 4431/2771/3858
f 4432/2772/3859 4434/2774/3861 4435/2773/3862
f 4435/2773/3862 4436/2750/3863 4437/2775/3864
f 4436/2750/3863 4435/2773/3862 4434/2774/3861
f 4434/2774/3861 4438/2747/3865 4436/2750/3863
f 4431/2771/3858 4439/2749/3866 4434/2774/3861
f 4438/2747/3865 4434/2774/3861 4439/2749/3866
f 4439/2749/3866 4431/2771/3858 4433/2770/3860
f 4439/2749/3866 4440/2744/3867 4438/2747/3865
f 4440/2744/3867 4439/2749/3866 4441/2746/3868
f 4433/2770/3860 4441/2746/3868 4439/2749/3866
f 4441/2746/3868 4442/2741/3869 4440/2744/3867
f 4441/2746/3868 4433/2770/3860 4443/2751/3870
f 4433/2770/3860 4430/2764/3857 4443/2751/3870
f 4442/2741/3869 4441/2746/3868 4444/2743/3871
f 4443/2751/3870 4444/2743/3871 4441/2746/3868
f 4444/2743/3871 4402/2740/3831 4442/2741/3869
f 4402/2740/3831 4444/2743/3871 4401/2742/3830
f 4445/2748/3872 4401/2742/3830 4444/2743/3871
f 4444/2743/3871 4443/2751/3870 4445/2748/3872
f 4401/2742/3830 4445/2748/3872 4403/2745/3832
f 4443/2751/3870 4430/2764/3857 4446/2754/3873
f 4443/2751/3870 4446/2754/3873 4445/2748/3872
f 4446/2754/3873 4430/2764/3857 4428/2760/3855
f 4445/2748/3872 4447/2752/3874 4403/2745/3832
f 4445/2748/3872 4446/2754/3873 4447/2752/3874
f 4403/2745/3832 4447/2752/3874 4405/2753/3834
f 4405/2753/3834 4447/2752/3874 4412/2756/3841
f 4446/2754/3873 4428/2760/3855 4448/2755/3875
f 4447/2752/3874 4446/2754/3873 4448/2755/3875
f 4447/2752/3874 4448/2755/3875 4412/2756/3841
f 4448/2755/3875 4428/2760/3855 4429/2757/3856
f 4412/2756/3841 4448/2755/3875 4413/2758/3842
f 4448/2755/3875 4429/2757/3856 4413/2758/3842
f 4449/2741/3876 4435/2742/3862 4437/2740/3864
f 4435/2742/3862 4449/2741/3876 4450/2743/3877
f 4451/2744/3878 4450/2743/3877 4449/2741/3876
f 4450/2743/3877 4432/2745/3859 4435/2742/3862
f 4450/2743/3877 4451/2744/3878 4452/2746/3879
f 4453/2747/3880 4452/2746/3879 4451/2744/3878
f 4432/2745/3859 4450/2743/3877 4454/2748/3881
f 4452/2746/3879 4454/2748/3881 4450/2743/3877
f 4452/2746/3879 4453/2747/3880 4455/2749/3882
f 4456/2750/3883 4455/2749/3882 4453/2747/3880
f 4454/2748/3881 4452/2746/3879 4457/2751/3884
f 4455/2749/3882 4457/2751/3884 4452/2746/3879
f 4454/2748/3881 4458/2752/3885 4432/2745/3859
f 4432/2745/3859 4458/2752/3885 4424/2753/3852
f 4455/2749/3882 4456/2750/3883 4459/2774/3886
f 4460/2775/3887 4459/2774/3886 4456/2750/3883
f 4459/2774/3886 4460/2775/3887 4461/2773/3888
f 4459/2774/3886 4462/2770/3889 4455/2749/3882
f 4457/2751/3884 4455/2749/3882 4462/2770/3889
f 4461/2773/3888 4463/2771/3890 4459/2774/3886
f 4462/2770/3889 4459/2774/3886 4463/2771/3890
f 4463/2771/3890 4461/2773/3888 4464/2772/3891
f 4464/2772/3891 4465/2769/3892 4463/2771/3890
f 4463/2771/3890 4465/2769/3892 4466/2768/3893
f 4463/2771/3890 4466/2768/3893 4462/2770/3889
f 4467/2767/3894 4466/2768/3893 4465/2769/3892
f 4462/2770/3889 4468/2764/3895 4457/2751/3884
f 4462/2770/3889 4466/2768/3893 4468/2764/3895
f 4466/2768/3893 4467/2767/3894 4469/2765/3896
f 4469/2765/3896 4468/2764/3895 4466/2768/3893
f 4470/2766/3897 4469/2765/3896 4467/2767/3894
f 4469/2765/3896 4470/2766/3897 4471/2763/3898
f 4471/2763/3898 4472/2762/3899 4469/2765/3896
f 4468/2764/3895 4469/2765/3896 4472/2762/3899
f 4472/2762/3899 4471/2763/3898 4473/2761/2488
f 4457/2751/3884 4468/2764/3895 4474/2754/3900
f 4472/2762/3899 4474/2754/3900 4468/2764/3895
f 4457/2751/3884 4474/2754/3900 4454/2748/3881
f 4454/2748/3881 4474/2754/3900 4458/2752/3885
f 4473/2761/2488 4475/2760/3901 4472/2762/3899
f 4474/2754/3900 4472/2762/3899 4475/2760/3901
f 4475/2760/3901 4458/2752/3885 4474/2754/3900
f 4475/2760/3901 4473/2761/2488 4476/2759/3902
f 4458/2752/3885 4475/2760/3901 4477/2755/3903
f 4476/2759/3902 4477/2755/3903 4475/2760/3901
f 4477/2755/3903 4424/2753/3852 4458/2752/3885
f 4477/2755/3903 4476/2759/3902 4478/2757/3904
f 4424/2753/3852 4477/2755/3903 4419/2756/3848
f 4478/2757/3904 4419/2756/3848 4477/2755/3903
f 4419/2756/3848 4478/2757/3904 4420/2758/1238
f 4479/2763/3905 4480/2767/3906 4481/2766/3907
f 4479/2763/3905 4482/2765/3908 4480/2767/3906
f 4483/2761/3909 4482/2765/3908 4479/2763/3905
f 4482/2765/3908 4484/2769/3910 4480/2767/3906
f 4483/2761/3909 4485/2762/3911 4482/2765/3908
f 4486/2759/3912 4485/2762/3911 4483/2761/3909
f 4482/2765/3908 4487/2768/3913 4484/2769/3910
f 4485/2762/3911 4487/2768/3913 4482/2765/3908
f 4487/2768/3913 4488/2771/3914 4484/2769/3910
f 4489/2772/3915 4484/2769/3910 4488/2771/3914
f 4485/2762/3911 4490/2764/3916 4487/2768/3913
f 4491/2774/3917 4489/2772/3915 4488/2771/3914
f 4489/2772/3915 4491/2774/3917 4492/2773/3918
f 4492/2773/3918 4493/2750/3919 4494/2775/3920
f 4493/2750/3919 4492/2773/3918 4491/2774/3917
f 4491/2774/3917 4495/2747/3921 4493/2750/3919
f 4495/2747/3921 4491/2774/3917 4496/2749/3922
f 4488/2771/3914 4496/2749/3922 4491/2774/3917
f 4496/2749/3922 4497/2744/3923 4495/2747/3921
f 4488/2771/3914 4487/2768/3913 4498/2770/3924
f 4496/2749/3922 4488/2771/3914 4498/2770/3924
f 4490/2764/3916 4498/2770/3924 4487/2768/3913
f 4497/2744/3923 4496/2749/3922 4499/2746/3925
f 4498/2770/3924 4499/2746/3925 4496/2749/3922
f 4498/2770/3924 4490/2764/3916 4500/2751/3926
f 4499/2746/3925 4498/2770/3924 4500/2751/3926
f 4501/2743/3927 4497/2744/3923 4499/2746/3925
f 4497/2744/3923 4501/2743/3927 4502/2741/3928
f 4502/2741/3928 4461/2742/3888 4460/2740/3887
f 4461/2742/3888 4502/2741/3928 4501/2743/3927
f 4501/2743/3927 4464/2745/3891 4461/2742/3888
f 4499/2746/3925 4503/2748/3929 4501/2743/3927
f 4464/2745/3891 4501/2743/3927 4503/2748/3929
f 4503/2748/3929 4499/2746/3925 4500/2751/3926
f 4503/2748/3929 4504/2752/3930 4464/2745/3891
f 4464/2745/3891 4504/2752/3930 4465/2753/3892
f 4500/2751/3926 4505/2754/3931 4503/2748/3929
f 4503/2748/3929 4505/2754/3931 4504/2752/3930
f 4505/2754/3931 4500/2751/3926 4490/2764/3916
f 4506/2755/3932 4465/2753/3892 4504/2752/3930
f 4465/2753/3892 4506/2755/3932 4467/2756/3894
f 4507/2760/3933 4504/2752/3930 4505/2754/3931
f 4507/2760/3933 4505/2754/3931 4490/2764/3916
f 4504/2752/3930 4507/2760/3933 4506/2755/3932
f 4507/2760/3933 4490/2764/3916 4485/2762/3911
f 4486/2759/3912 4507/2760/3933 4485/2762/3911
f 4486/2759/3912 4506/2755/3932 4507/2760/3933
f 4506/2755/3932 4486/2759/3912 4508/2757/3934
f 4508/2757/3934 4467/2756/3894 4506/2755/3932
f 4467/2756/3894 4508/2757/3934 4470/2758/3897
f 4509/2776/3935 4189/2777/3627 4191/2778/3629
f 4509/2776/3935 4510/2779/3936 4189/2777/3627
f 4511/2780/3937 4510/2779/3936 4509/2776/3935
f 4510/2779/3936 4186/2781/3625 4189/2777/3627
f 4511/2780/3937 4512/2782/3938 4510/2779/3936
f 4513/2783/2445 4512/2782/3938 4511/2780/3937
f 4510/2779/3936 4514/2784/3939 4186/2781/3625
f 4512/2782/3938 4514/2784/3939 4510/2779/3936
f 4513/2783/2445 4515/2785/3940 4512/2782/3938
f 4516/2786/3941 4515/2785/3940 4513/2783/2445
f 4512/2782/3938 4517/2787/3942 4514/2784/3939
f 4515/2785/3940 4517/2787/3942 4512/2782/3938
f 4514/2784/3939 4518/2788/3943 4186/2781/3625
f 4178/2789/3617 4186/2781/3625 4518/2788/3943
f 4516/2786/3941 4519/2790/3944 4515/2785/3940
f 4481/2791/3907 4519/2790/3944 4516/2786/3941
f 4481/2791/3907 4480/2792/3906 4519/2790/3944
f 4519/2790/3944 4520/2793/3945 4515/2785/3940
f 4515/2785/3940 4520/2793/3945 4517/2787/3942
f 4480/2792/3906 4521/2794/3946 4519/2790/3944
f 4519/2790/3944 4521/2794/3946 4520/2793/3945
f 4480/2792/3906 4484/2795/3910 4521/2794/3946
f 4484/2795/3910 4489/2796/3915 4521/2794/3946
f 4522/2797/3947 4521/2794/3946 4489/2796/3915
f 4521/2794/3946 4522/2797/3947 4520/2793/3945
f 4492/2798/3918 4522/2797/3947 4489/2796/3915
f 4523/2799/3948 4520/2793/3945 4522/2797/3947
f 4520/2793/3945 4523/2799/3948 4517/2787/3942
f 4522/2797/3947 4492/2798/3918 4524/2800/3949
f 4524/2800/3949 4523/2799/3948 4522/2797/3947
f 4494/2801/3920 4524/2800/3949 4492/2798/3918
f 4524/2800/3949 4494/2801/3920 4525/2802/3950
f 4525/2802/3950 4526/2803/3951 4524/2800/3949
f 4523/2799/3948 4524/2800/3949 4526/2803/3951
f 4526/2803/3951 4525/2802/3950 4527/2804/3952
f 4528/2805/3953 4517/2787/3942 4523/2799/3948
f 4526/2803/3951 4528/2805/3953 4523/2799/3948
f 4517/2787/3942 4528/2805/3953 4514/2784/3939
f 4518/2788/3943 4514/2784/3939 4528/2805/3953
f 4527/2804/3952 4529/2806/3954 4526/2803/3951
f 4528/2805/3953 4526/2803/3951 4529/2806/3954
f 4529/2806/3954 4518/2788/3943 4528/2805/3953
f 4529/2806/3954 4527/2804/3952 4530/2807/3955
f 4518/2788/3943 4529/2806/3954 4531/2808/3956
f 4530/2807/3955 4531/2808/3956 4529/2806/3954
f 4531/2808/3956 4178/2789/3617 4518/2788/3943
f 4531/2808/3956 4530/2807/3955 4532/2809/3957
f 4178/2789/3617 4531/2808/3956 4175/2810/3614
f 4532/2809/3957 4175/2810/3614 4531/2808/3956
f 4175/2810/3614 4532/2809/3957 4173/2811/3612
f 4533/2812/3958 4421/2813/3849 4420/2814/1238
f 4421/2813/3849 4533/2812/3958 4534/2815/3959
f 4535/2816/3960 4534/2815/3959 4533/2812/3958
f 4534/2815/3959 4423/2817/3851 4421/2813/3849
f 4534/2815/3959 4535/2816/3960 3839/2472/3278
f 3840/2473/3279 3839/2472/3278 4535/2816/3960
f 4423/2817/3851 4534/2815/3959 4536/2818/3961
f 3839/2472/3278 4536/2818/3961 4534/2815/3959
f 3841/2474/3280 3842/2475/3281 3839/2472/3278
f 4536/2818/3961 3839/2472/3278 3842/2475/3281
f 4423/2817/3851 4536/2818/3961 4537/2819/3962
f 4426/2820/2513 4423/2817/3851 4537/2819/3962
f 4537/2819/3962 4429/2821/3856 4426/2820/2513
f 4536/2818/3961 3842/2475/3281 4538/2822/3963
f 4537/2819/3962 4536/2818/3961 4538/2822/3963
f 4538/2822/3963 3842/2475/3281 3844/2477/3283
f 4429/2821/3856 4537/2819/3962 4539/2823/3964
f 4538/2822/3963 4539/2823/3964 4537/2819/3962
f 4539/2823/3964 4413/2824/3842 4429/2821/3856
f 3844/2477/3283 3845/2478/3284 4538/2822/3963
f 4539/2823/3964 4538/2822/3963 3845/2478/3284
f 4413/2824/3842 4539/2823/3964 4540/2825/3965
f 3845/2478/3284 4540/2825/3965 4539/2823/3964
f 4540/2825/3965 4414/2826/3843 4413/2824/3842
f 3847/2480/3286 3849/2482/3288 3845/2478/3284
f 4540/2825/3965 3845/2478/3284 3849/2482/3288
f 4414/2826/3843 4540/2825/3965 4541/2827/3966
f 3849/2482/3288 4541/2827/3966 4540/2825/3965
f 4541/2827/3966 4415/2828/3844 4414/2826/3843
f 3848/2481/3287 4542/2829/3967 3849/2482/3288
f 4541/2827/3966 3849/2482/3288 4542/2829/3967
f 4415/2828/3844 4541/2827/3966 4543/2830/3968
f 4542/2829/3967 4543/2830/3968 4541/2827/3966
f 4543/2830/3968 4416/2831/3845 4415/2828/3844
f 3848/2481/3287 3850/2483/3289 4542/2829/3967
f 4543/2830/3968 4542/2829/3967 3850/2483/3289
f 4416/2831/3845 4543/2830/3968 4544/2832/3969
f 3850/2483/3289 4544/2832/3969 4543/2830/3968
f 3850/2483/3289 3852/2485/3291 3854/2487/3293
f 4544/2832/3969 3850/2483/3289 3854/2487/3293
f 4545/2833/3970 4416/2831/3845 4544/2832/3969
f 3854/2487/3293 4545/2833/3970 4544/2832/3969
f 4416/2831/3845 4545/2833/3970 4418/2834/3847
f 3854/2487/3293 3853/2486/3292 3856/2489/3295
f 4545/2833/3970 3854/2487/3293 3856/2489/3295
f 4546/2835/3971 4418/2834/3847 4545/2833/3970
f 4418/2834/3847 4546/2835/3971 4380/2836/3810
f 4547/2837/3972 4545/2833/3970 3856/2489/3295
f 4545/2833/3970 4547/2837/3972 4546/2835/3971
f 3856/2489/3295 3855/2488/3294 4547/2837/3972
f 4548/2838/3973 4380/2836/3810 4546/2835/3971
f 4547/2837/3972 4548/2838/3973 4546/2835/3971
f 4380/2836/3810 4548/2838/3973 4381/2839/3811
f 4548/2838/3973 4384/2840/3014 4381/2839/3811
f 3855/2488/3294 3857/2490/3296 4547/2837/3972
f 4548/2838/3973 4547/2837/3972 3857/2490/3296
f 4384/2840/3014 4548/2838/3973 4549/2841/3974
f 4549/2841/3974 4386/2842/3815 4384/2840/3014
f 4550/2843/3975 4548/2838/3973 3857/2490/3296
f 4548/2838/3973 4550/2843/3975 4549/2841/3974
f 3857/2490/3296 3859/2492/3298 4550/2843/3975
f 4386/2842/3815 4549/2841/3974 4551/2844/3976
f 4550/2843/3975 4551/2844/3976 4549/2841/3974
f 3859/2492/3298 3860/2493/3299 4550/2843/3975
f 4551/2844/3976 4550/2843/3975 3860/2493/3299
f 4552/2845/3977 4386/2842/3815 4551/2844/3976
f 4386/2842/3815 4552/2845/3977 4388/2846/3817
f 3862/2495/3301 4551/2844/3976 3860/2493/3299
f 3861/2494/3300 3862/2495/3301 3860/2493/3299
f 4551/2844/3976 3862/2495/3301 4552/2845/3977
f 4552/2845/3977 4358/2847/3002 4388/2846/3817
f 4358/2847/3002 4552/2845/3977 4553/2848/3978
f 4554/2849/3979 4552/2845/3977 3862/2495/3301
f 4552/2845/3977 4554/2849/3979 4553/2848/3978
f 3862/2495/3301 3864/2497/3303 4554/2849/3979
f 4555/2850/3980 4358/2847/3002 4553/2848/3978
f 4554/2849/3979 4555/2850/3980 4553/2848/3978
f 4358/2847/3002 4555/2850/3980 4356/2851/3787
f 3864/2497/3303 3865/2498/3304 4554/2849/3979
f 4555/2850/3980 4554/2849/3979 3865/2498/3304
f 4555/2850/3980 4556/2852/3981 4356/2851/3787
f 4356/2851/3787 4556/2852/3981 4354/2853/3786
f 3865/2498/3304 3867/2500/3306 4555/2850/3980
f 3866/2499/3305 3867/2500/3306 3865/2498/3304
f 4555/2850/3980 3867/2500/3306 4556/2852/3981
f 4556/2852/3981 4557/2854/3982 4354/2853/3786
f 4354/2853/3786 4557/2854/3982 4352/2855/2986
f 3867/2500/3306 4558/2856/3983 4556/2852/3981
f 4556/2852/3981 4558/2856/3983 4557/2854/3982
f 3867/2500/3306 3869/2502/3308 4558/2856/3983
f 4557/2854/3982 4559/2857/3984 4352/2855/2986
f 4558/2856/3983 4559/2857/3984 4557/2854/3982
f 4350/2858/3783 4352/2855/2986 4559/2857/3984
f 3869/2502/3308 3870/2503/3309 4558/2856/3983
f 4559/2857/3984 4558/2856/3983 3870/2503/3309
f 4559/2857/3984 4560/2859/3985 4350/2858/3783
f 4323/2860/3756 4350/2858/3783 4560/2859/3985
f 4560/2859/3985 4324/2861/3757 4323/2860/3756
f 4559/2857/3984 3870/2503/3309 3873/2506/3312
f 3873/2506/3312 3870/2503/3309 3872/2505/3311
f 4560/2859/3985 4559/2857/3984 3873/2506/3312
f 4324/2861/3757 4560/2859/3985 4561/2862/3986
f 3873/2506/3312 4561/2862/3986 4560/2859/3985
f 4561/2862/3986 4325/2863/3758 4324/2861/3757
f 3875/2508/3314 3873/2506/3312 3874/2507/3313
f 4561/2862/3986 3873/2506/3312 3875/2508/3314
f 3877/2510/3316 3875/2508/3314 3876/2509/3315
f 4561/2862/3986 3875/2508/3314 3877/2510/3316
f 4325/2863/3758 4561/2862/3986 4562/2864/3987
f 4562/2864/3987 4561/2862/3986 3877/2510/3316
f 4325/2863/3758 4562/2864/3987 4563/2865/3988
f 4326/2866/3759 4325/2863/3758 4563/2865/3988
f 4562/2864/3987 3877/2510/3316 4564/2867/3989
f 4563/2865/3988 4562/2864/3987 4564/2867/3989
f 4564/2867/3989 3877/2510/3316 3878/2511/3317
f 4326/2866/3759 4563/2865/3988 4565/2868/3990
f 4564/2867/3989 4565/2868/3990 4563/2865/3988
f 4328/2869/3761 4326/2866/3759 4565/2868/3990
f 3878/2511/3317 3879/2512/3318 4564/2867/3989
f 4565/2868/3990 4564/2867/3989 3879/2512/3318
f 4566/2870/3991 4328/2869/3761 4565/2868/3990
f 4289/2871/3722 4328/2869/3761 4566/2870/3991
f 4567/2872/3992 4565/2868/3990 3879/2512/3318
f 4567/2872/3992 4566/2870/3991 4565/2868/3990
f 3881/2514/3320 4567/2872/3992 3879/2512/3318
f 4568/2873/3993 4289/2871/3722 4566/2870/3991
f 4567/2872/3992 4568/2873/3993 4566/2870/3991
f 4568/2873/3993 4286/2874/3719 4289/2871/3722
f 3881/2514/3320 3882/2515/3321 4567/2872/3992
f 4568/2873/3993 4567/2872/3992 3882/2515/3321
f 4569/2875/3994 4286/2874/3719 4568/2873/3993
f 4286/2874/3719 4569/2875/3994 4284/2876/3717
f 4570/2877/3995 4568/2873/3993 3882/2515/3321
f 3882/2515/3321 3884/2517/3323 4570/2877/3995
f 4568/2873/3993 4570/2877/3995 4569/2875/3994
f 4569/2875/3994 4282/2878/3716 4284/2876/3717
f 3884/2517/3323 3885/2518/3324 4570/2877/3995
f 4570/2877/3995 4571/2879/3996 4569/2875/3994
f 4571/2879/3996 4570/2877/3995 3885/2518/3324
f 4282/2878/3716 4569/2875/3994 4571/2879/3996
f 3885/2518/3324 3887/2520/3326 3889/2522/3328
f 3889/2522/3328 4571/2879/3996 3885/2518/3324
f 4572/2880/3997 4282/2878/3716 4571/2879/3996
f 4571/2879/3996 3889/2522/3328 4572/2880/3997
f 4282/2878/3716 4572/2880/3997 4281/2881/3715
f 4572/2880/3997 4241/2882/2388 4281/2881/3715
f 3889/2522/3328 3888/2521/3327 4573/2883/3998
f 4573/2883/3998 4572/2880/3997 3889/2522/3328
f 4241/2882/2388 4572/2880/3997 4574/2884/3999
f 4572/2880/3997 4573/2883/3998 4574/2884/3999
f 4575/2885/4000 4241/2882/2388 4574/2884/3999
f 4573/2883/3998 4575/2885/4000 4574/2884/3999
f 4241/2882/2388 4575/2885/4000 4239/2886/3675
f 3888/2521/3327 3890/2523/3329 4573/2883/3998
f 4575/2885/4000 4573/2883/3998 3890/2523/3329
f 4576/2887/4001 4239/2886/3675 4575/2885/4000
f 3890/2523/3329 4576/2887/4001 4575/2885/4000
f 4239/2886/3675 4576/2887/4001 4243/2888/3678
f 3891/2524/3330 3892/2525/3331 3890/2523/3329
f 4576/2887/4001 3890/2523/3329 3892/2525/3331
f 4577/2889/4002 4243/2888/3678 4576/2887/4001
f 4243/2888/3678 4577/2889/4002 4246/2890/3680
f 4578/2891/4003 4576/2887/4001 3892/2525/3331
f 4576/2887/4001 4578/2891/4003 4577/2889/4002
f 3892/2525/3331 3894/2527/3333 4578/2891/4003
f 4579/2892/4004 4246/2890/3680 4577/2889/4002
f 4578/2891/4003 4579/2892/4004 4577/2889/4002
f 4246/2890/3680 4579/2892/4004 4249/2893/3683
f 3894/2527/3333 3895/2528/3334 4578/2891/4003
f 4579/2892/4004 4578/2891/4003 3895/2528/3334
f 4580/2894/4005 4249/2893/3683 4579/2892/4004
f 4249/2893/3683 4580/2894/4005 4234/2895/3670
f 4580/2894/4005 4233/2896/3669 4234/2895/3670
f 4581/2897/4006 4579/2892/4004 3895/2528/3334
f 4579/2892/4004 4581/2897/4006 4580/2894/4005
f 3895/2528/3334 3897/2530/3336 4581/2897/4006
f 4233/2896/3669 4580/2894/4005 4582/2898/4007
f 4581/2897/4006 4582/2898/4007 4580/2894/4005
f 4582/2898/4007 4235/2899/3671 4233/2896/3669
f 3897/2530/3336 3898/2531/3337 4581/2897/4006
f 4582/2898/4007 4581/2897/4006 3898/2531/3337
f 4235/2899/3671 4582/2898/4007 4583/2900/4008
f 3898/2531/3337 4584/2901/4009 4582/2898/4007
f 4582/2898/4007 4584/2901/4009 4583/2900/4008
f 3898/2531/3337 3900/2533/3339 4584/2901/4009
f 4583/2900/4008 4585/2902/4010 4235/2899/3671
f 4584/2901/4009 4585/2902/4010 4583/2900/4008
f 4235/2899/3671 4585/2902/4010 4236/2903/3672
f 3900/2533/3339 3901/2534/3340 4584/2901/4009
f 4585/2902/4010 4584/2901/4009 3901/2534/3340
f 4585/2902/4010 4586/2904/4011 4236/2903/3672
f 3901/2534/3340 4586/2904/4011 4585/2902/4010
f 4238/2905/3674 4236/2903/3672 4586/2904/4011
f 3902/2535/3341 3903/2536/3342 3901/2534/3340
f 4586/2904/4011 3901/2534/3340 3903/2536/3342
f 4586/2904/4011 4587/2906/4012 4238/2905/3674
f 3903/2536/3342 4587/2906/4012 4586/2904/4011
f 4199/2907/3636 4238/2905/3674 4587/2906/4012
f 3904/2537/3343 3905/2538/3344 3903/2536/3342
f 4587/2906/4012 3903/2536/3342 3905/2538/3344
f 4199/2907/3636 4587/2906/4012 4588/2908/4013
f 3905/2538/3344 4588/2908/4013 4587/2906/4012
f 4196/2909/3633 4199/2907/3636 4588/2908/4013
f 3906/2539/3345 3907/2540/3346 3905/2538/3344
f 4588/2908/4013 3905/2538/3344 3907/2540/3346
f 4196/2909/3633 4588/2908/4013 4589/2910/4014
f 4194/2911/2425 4196/2909/3633 4589/2910/4014
f 4588/2908/4013 3907/2540/3346 4590/2912/4015
f 4590/2912/4015 3907/2540/3346 3909/2542/3348
f 4589/2910/4014 4588/2908/4013 4590/2912/4015
f 4589/2910/4014 4192/2913/3630 4194/2911/2425
f 3909/2542/3348 3910/2543/3349 4590/2912/4015
f 4590/2912/4015 4591/2914/4016 4589/2910/4014
f 4192/2913/3630 4589/2910/4014 4591/2914/4016
f 4591/2914/4016 4590/2912/4015 3910/2543/3349
f 4192/2913/3630 4591/2914/4016 4592/2915/4017
f 3910/2543/3349 4592/2915/4017 4591/2914/4016
f 4190/2916/3628 4192/2913/3630 4592/2915/4017
f 3911/2544/3350 3912/2545/3351 3910/2543/3349
f 4592/2915/4017 3910/2543/3349 3912/2545/3351
f 4592/2915/4017 4191/2917/3629 4190/2916/3628
f 4191/2917/3629 4592/2915/4017 4593/2918/4018
f 4594/2919/4019 4592/2915/4017 3912/2545/3351
f 4594/2919/4019 4593/2918/4018 4592/2915/4017
f 3914/2547/3353 4594/2919/4019 3912/2545/3351
f 4595/2920/4020 4191/2917/3629 4593/2918/4018
f 4594/2919/4019 4595/2920/4020 4593/2918/4018
f 4595/2920/4020 4509/2921/3935 4191/2917/3629
f 3914/2547/3353 3915/2548/3354 4594/2919/4019
f 4595/2920/4020 4594/2919/4019 3915/2548/3354
f 4595/2920/4020 4511/2922/3937 4509/2921/3935
f 3916/2549/3355 3917/2550/3356 3915/2548/3354
f 3915/2548/3354 4596/2923/4021 4595/2920/4020
f 4511/2922/3937 4595/2920/4020 4596/2923/4021
f 4596/2923/4021 3915/2548/3354 3917/2550/3356
f 4597/2924/4022 4511/2922/3937 4596/2923/4021
f 4511/2922/3937 4597/2924/4022 4513/2925/2445
f 4598/2926/4023 4596/2923/4021 3917/2550/3356
f 4596/2923/4021 4598/2926/4023 4597/2924/4022
f 3917/2550/3356 3919/2552/3358 4598/2926/4023
f 4599/2927/4024 4513/2925/2445 4597/2924/4022
f 4598/2926/4023 4599/2927/4024 4597/2924/4022
f 4513/2925/2445 4599/2927/4024 4516/2928/3941
f 4599/2927/4024 4481/2929/3907 4516/2928/3941
f 3919/2552/3358 3920/2553/3359 4598/2926/4023
f 4599/2927/4024 4598/2926/4023 3920/2553/3359
f 4481/2929/3907 4599/2927/4024 4600/2930/4025
f 3920/2553/3359 4600/2930/4025 4599/2927/4024
f 4600/2930/4025 4479/2931/3905 4481/2929/3907
f 4479/2931/3905 4600/2930/4025 4601/2932/4026
f 4601/2932/4026 4483/2933/3909 4479/2931/3905
f 4600/2930/4025 3920/2553/3359 4602/2934/4027
f 3920/2553/3359 3922/2555/3361 4602/2934/4027
f 4602/2934/4027 4601/2932/4026 4600/2930/4025
f 3922/2555/3361 3923/2556/3362 4602/2934/4027
f 4601/2932/4026 4602/2934/4027 3923/2556/3362
f 4483/2933/3909 4601/2932/4026 4603/2935/4028
f 4603/2935/4028 4486/2936/3912 4483/2933/3909
f 4604/2937/4029 4601/2932/4026 3923/2556/3362
f 4601/2932/4026 4604/2937/4029 4603/2935/4028
f 3923/2556/3362 3925/2558/3364 4604/2937/4029
f 4486/2936/3912 4603/2935/4028 4605/2938/4030
f 4604/2937/4029 4605/2938/4030 4603/2935/4028
f 3925/2558/3364 3926/2559/3365 4604/2937/4029
f 4605/2938/4030 4604/2937/4029 3926/2559/3365
f 3926/2559/3365 3928/2561/3367 3930/2563/3369
f 3930/2563/3369 4605/2938/4030 3926/2559/3365
f 4606/2939/4031 4486/2936/3912 4605/2938/4030
f 4605/2938/4030 3930/2563/3369 4606/2939/4031
f 4486/2936/3912 4606/2939/4031 4508/2940/3934
f 3930/2563/3369 3929/2562/3368 4607/2941/4032
f 4607/2941/4032 4606/2939/4031 3930/2563/3369
f 4608/2942/4033 4508/2940/3934 4606/2939/4031
f 4606/2939/4031 4607/2941/4032 4608/2942/4033
f 4508/2940/3934 4608/2942/4033 4470/2943/3897
f 4608/2942/4033 4471/2944/3898 4470/2943/3897
f 4471/2944/3898 4608/2942/4033 4609/2945/4034
f 4607/2941/4032 4609/2945/4034 4608/2942/4033
f 4609/2945/4034 4473/2946/2488 4471/2944/3898
f 3929/2562/3368 3931/2564/3370 4607/2941/4032
f 4609/2945/4034 4607/2941/4032 3931/2564/3370
f 4473/2946/2488 4609/2945/4034 4610/2947/4035
f 4610/2947/4035 4476/2948/3902 4473/2946/2488
f 3931/2564/3370 4611/2949/4036 4609/2945/4034
f 4609/2945/4034 4611/2949/4036 4610/2947/4035
f 3931/2564/3370 3933/2566/3372 4611/2949/4036
f 4476/2948/3902 4610/2947/4035 4612/2950/4037
f 4611/2949/4036 4612/2950/4037 4610/2947/4035
f 4612/2950/4037 4478/2951/3904 4476/2948/3902
f 3933/2566/3372 3934/2567/3373 4611/2949/4036
f 4612/2950/4037 4611/2949/4036 3934/2567/3373
f 4478/2951/3904 4612/2950/4037 4613/2952/4038
f 4613/2952/4038 4420/2814/1238 4478/2951/3904
f 4420/2814/1238 4613/2952/4038 4533/2812/3958
f 4533/2812/3958 4613/2952/4038 4535/2816/3960
f 3934/2567/3373 3937/2570/3376 4612/2950/4037
f 4613/2952/4038 4612/2950/4037 3937/2570/3376
f 3937/2570/3376 3934/2567/3373 3936/2569/3375
f 4613/2952/4038 3937/2570/3376 4535/2816/3960
f 4535/2816/3960 3937/2570/3376 3840/2473/3279
f 4437/2953/3864 4614/2954/4039 4449/2813/3876
f 4449/2813/3876 4614/2954/4039 4615/2955/4040
f 4449/2813/3876 4615/2955/4040 4451/2817/3878
f 4616/2956/4041 4615/2955/4040 4614/2954/4039
f 4451/2817/3878 4615/2955/4040 4453/2957/3880
f 4615/2955/4040 4616/2956/4041 3938/2571/3377
f 3939/2572/3378 3938/2571/3377 4616/2956/4041
f 4453/2957/3880 4615/2955/4040 4617/2958/4042
f 3938/2571/3377 4617/2958/4042 4615/2955/4040
f 4453/2957/3880 4617/2958/4042 4456/2821/3883
f 4456/2821/3883 4617/2958/4042 4460/2824/3887
f 3940/2573/3379 3941/2574/3380 3938/2571/3377
f 4617/2958/4042 3938/2571/3377 3941/2574/3380
f 4460/2824/3887 4617/2958/4042 4618/2959/4043
f 3941/2574/3380 4618/2959/4043 4617/2958/4042
f 4460/2824/3887 4618/2959/4043 4502/2826/3928
f 4502/2826/3928 4618/2959/4043 4497/2960/3923
f 4619/2961/4044 3941/2574/3380 3943/2481/3382
f 4618/2959/4043 3941/2574/3380 4619/2961/4044
f 3943/2481/3382 3944/2576/3383 4619/2961/4044
f 4619/2961/4044 4620/2832/4045 4618/2959/4043
f 4497/2960/3923 4618/2959/4043 4620/2832/4045
f 4620/2832/4045 4619/2961/4044 3944/2576/3383
f 4497/2960/3923 4620/2832/4045 4495/2831/3921
f 4495/2831/3921 4620/2832/4045 4493/2834/3919
f 3945/2577/3384 3946/2578/3385 3944/2576/3383
f 3946/2578/3385 4620/2832/4045 3944/2576/3383
f 4493/2834/3919 4620/2832/4045 4621/2962/4046
f 4620/2832/4045 3946/2578/3385 4621/2962/4046
f 4493/2834/3919 4621/2962/4046 4494/2836/3920
f 4494/2836/3920 4621/2962/4046 4525/2963/3950
f 4525/2963/3950 4621/2962/4046 4622/2841/4047
f 3946/2578/3385 4622/2841/4047 4621/2962/4046
f 4525/2963/3950 4622/2841/4047 4527/2964/3952
f 4527/2964/3952 4622/2841/4047 4530/2842/3955
f 3946/2578/3385 3948/2492/3387 4623/2965/4048
f 4622/2841/4047 3946/2578/3385 4623/2965/4048
f 4530/2842/3955 4622/2841/4047 4624/2966/4049
f 4623/2965/4048 4624/2966/4049 4622/2841/4047
f 4530/2842/3955 4624/2966/4049 4532/2846/3957
f 4532/2846/3957 4624/2966/4049 4173/2847/3612
f 3948/2492/3387 3949/2495/3388 4623/2965/4048
f 4624/2966/4049 4623/2965/4048 3949/2495/3388
f 4624/2966/4049 4625/2850/4050 4173/2847/3612
f 4625/2850/4050 4624/2966/4049 3949/2495/3388
f 4173/2847/3612 4625/2850/4050 4174/2967/3613
f 4174/2967/3613 4625/2850/4050 4177/2853/3616
f 3952/2498/3391 3949/2495/3388 3950/2496/3389
f 3949/2495/3388 3952/2498/3391 4625/2850/4050
f 4177/2853/3616 4625/2850/4050 4626/2854/4051
f 4177/2853/3616 4626/2854/4051 4180/2855/3619
f 4180/2855/3619 4626/2854/4051 4183/2858/3622
f 3952/2498/3391 4627/2968/4052 4625/2850/4050
f 4625/2850/4050 4627/2968/4052 4626/2854/4051
f 3952/2498/3391 3953/2502/3392 4627/2968/4052
f 4183/2858/3622 4626/2854/4051 4628/2969/4053
f 4627/2968/4052 4628/2969/4053 4626/2854/4051
f 4183/2858/3622 4628/2969/4053 4208/2860/3644
f 3953/2502/3392 3954/2580/3393 4627/2968/4052
f 4628/2969/4053 4627/2968/4052 3954/2580/3393
f 4208/2860/3644 4628/2969/4053 4209/2861/3645
f 3955/2581/3394 3956/2582/3395 3954/2580/3393
f 3954/2580/3393 3956/2582/3395 4628/2969/4053
f 4209/2861/3645 4628/2969/4053 4629/2970/4054
f 4629/2970/4054 4628/2969/4053 3956/2582/3395
f 4209/2861/3645 4629/2970/4054 4211/2863/3647
f 4211/2863/3647 4629/2970/4054 4215/2971/3651
f 3957/2583/3396 3958/2584/3397 3956/2582/3395
f 4629/2970/4054 3956/2582/3395 3958/2584/3397
f 4215/2971/3651 4629/2970/4054 4630/2868/4055
f 4630/2868/4055 4629/2970/4054 3958/2584/3397
f 4215/2971/3651 4630/2868/4055 4218/2869/3654
f 4218/2869/3654 4630/2868/4055 4220/2871/3656
f 4220/2871/3656 4630/2868/4055 4631/2873/4056
f 3958/2584/3397 4631/2873/4056 4630/2868/4055
f 4220/2871/3656 4631/2873/4056 4259/2874/3693
f 4259/2874/3693 4631/2873/4056 4261/2876/3695
f 3959/2585/3398 3960/2515/3399 3958/2584/3397
f 4631/2873/4056 3958/2584/3397 3960/2515/3399
f 4261/2876/3695 4631/2873/4056 4632/2879/4057
f 3960/2515/3399 4632/2879/4057 4631/2873/4056
f 4261/2876/3695 4632/2879/4057 4264/2878/3698
f 3961/2586/3400 3962/2518/3401 3960/2515/3399
f 4632/2879/4057 3960/2515/3399 3962/2518/3401
f 4264/2878/3698 4632/2879/4057 4266/2972/3700
f 3963/2519/3402 3964/2587/3403 3962/2518/3401
f 3964/2587/3403 4632/2879/4057 3962/2518/3401
f 4266/2972/3700 4632/2879/4057 4633/2973/4058
f 4632/2879/4057 3964/2587/3403 4633/2973/4058
f 4266/2972/3700 4633/2973/4058 4268/2974/3702
f 4268/2974/3702 4633/2973/4058 4269/2975/3703
f 4269/2975/3703 4633/2973/4058 4634/2887/4059
f 3964/2587/3403 4634/2887/4059 4633/2973/4058
f 4269/2975/3703 4634/2887/4059 4271/2888/3705
f 4271/2888/3705 4634/2887/4059 4273/2890/3707
f 3965/2588/3404 3966/2589/3405 3964/2587/3403
f 4634/2887/4059 3964/2587/3403 3966/2589/3405
f 4273/2890/3707 4634/2887/4059 4635/2892/4060
f 3966/2589/3405 4635/2892/4060 4634/2887/4059
f 4273/2890/3707 4635/2892/4060 4276/2893/3710
f 4276/2893/3710 4635/2892/4060 4298/2895/3731
f 3967/2526/3406 3968/2590/3407 3966/2589/3405
f 4635/2892/4060 3966/2589/3405 3968/2590/3407
f 4298/2895/3731 4635/2892/4060 4636/2898/4061
f 3968/2590/3407 4636/2898/4061 4635/2892/4060
f 4298/2895/3731 4636/2898/4061 4299/2896/3732
f 4299/2896/3732 4636/2898/4061 4301/2899/3734
f 3969/2591/3408 3970/2592/3409 3968/2590/3407
f 4636/2898/4061 3968/2590/3407 3970/2592/3409
f 4301/2899/3734 4636/2898/4061 4637/2976/4062
f 3970/2592/3409 4637/2976/4062 4636/2898/4061
f 4301/2899/3734 4637/2976/4062 4305/2903/3738
f 3971/2532/3410 3972/2593/3411 3970/2592/3409
f 4637/2976/4062 3970/2592/3409 3972/2593/3411
f 4305/2903/3738 4637/2976/4062 4308/2905/3741
f 3973/2594/3412 3974/2595/3413 3972/2593/3411
f 3972/2593/3411 3974/2595/3413 4637/2976/4062
f 4308/2905/3741 4637/2976/4062 4638/2977/4063
f 4638/2977/4063 4637/2976/4062 3974/2595/3413
f 4308/2905/3741 4638/2977/4063 4310/2907/3743
f 4310/2907/3743 4638/2977/4063 4340/2909/3773
f 3975/2596/3414 3976/2597/3415 3974/2595/3413
f 3974/2595/3413 3976/2597/3415 4638/2977/4063
f 4340/2909/3773 4638/2977/4063 4639/2978/4064
f 4639/2978/4064 4638/2977/4063 3976/2597/3415
f 4340/2909/3773 4639/2978/4064 4336/2911/3769
f 4336/2911/3769 4639/2978/4064 4333/2913/3766
f 4333/2913/3766 4639/2978/4064 4640/2979/4065
f 3976/2597/3415 4640/2979/4065 4639/2978/4064
f 4333/2913/3766 4640/2979/4065 4330/2916/3763
f 4330/2916/3763 4640/2979/4065 4331/2917/3764
f 3977/2598/3416 3978/2599/3417 3976/2597/3415
f 4640/2979/4065 3976/2597/3415 3978/2599/3417
f 4331/2917/3764 4640/2979/4065 4641/2980/4066
f 3978/2599/3417 4641/2980/4066 4640/2979/4065
f 4331/2917/3764 4641/2980/4066 4359/2921/3789
f 3982/2603/3421 3978/2599/3417 3980/2601/3419
f 4641/2980/4066 3978/2599/3417 3982/2603/3421
f 4359/2921/3789 4641/2980/4066 4361/2922/3791
f 3982/2603/3421 3981/2602/3420 3984/2605/3423
f 3984/2605/3423 4641/2980/4066 3982/2603/3421
f 4361/2922/3791 4641/2980/4066 4642/2981/4067
f 4641/2980/4066 3984/2605/3423 4642/2981/4067
f 4361/2922/3791 4642/2981/4067 4363/2925/3793
f 4363/2925/3793 4642/2981/4067 4366/2982/3796
f 3984/2605/3423 3983/2604/3422 3986/2607/3425
f 3986/2607/3425 4642/2981/4067 3984/2605/3423
f 4366/2982/3796 4642/2981/4067 4643/2983/4068
f 4642/2981/4067 3986/2607/3425 4643/2983/4068
f 4366/2982/3796 4643/2983/4068 4370/2984/3800
f 4370/2984/3800 4643/2983/4068 4389/2931/3818
f 3986/2607/3425 3985/2606/3424 3988/2608/3427
f 3988/2608/3427 4643/2983/4068 3986/2607/3425
f 4389/2931/3818 4643/2983/4068 4644/2985/4069
f 4643/2983/4068 3988/2608/3427 4644/2985/4069
f 4389/2931/3818 4644/2985/4069 4391/2933/3820
f 4391/2933/3820 4644/2985/4069 4396/2936/3825
f 3988/2608/3427 3987/2561/3426 4645/2986/4070
f 4645/2986/4070 4644/2985/4069 3988/2608/3427
f 4396/2936/3825 4644/2985/4069 4646/2987/4071
f 4644/2985/4069 4645/2986/4070 4646/2987/4071
f 4396/2936/3825 4646/2987/4071 4399/2940/3828
f 4399/2940/3828 4646/2987/4071 4402/2943/3831
f 4402/2943/3831 4646/2987/4071 4647/2988/4072
f 4645/2986/4070 4647/2988/4072 4646/2987/4071
f 4402/2943/3831 4647/2988/4072 4442/2944/3869
f 4442/2944/3869 4647/2988/4072 4440/2946/3867
f 3987/2561/3426 3989/2609/3428 4645/2986/4070
f 4647/2988/4072 4645/2986/4070 3989/2609/3428
f 4440/2946/3867 4647/2988/4072 4648/2989/4073
f 3989/2609/3428 4648/2989/4073 4647/2988/4072
f 4440/2946/3867 4648/2989/4073 4438/2948/3865
f 3989/2609/3428 3991/2611/3430 3992/2612/3431
f 4648/2989/4073 3989/2609/3428 3992/2612/3431
f 4616/2956/4041 3992/2612/3431 3939/2572/3378
f 3992/2612/3431 4616/2956/4041 4648/2989/4073
f 4438/2948/3865 4648/2989/4073 4436/2990/3863
f 4614/2954/4039 4648/2989/4073 4616/2956/4041
f 4436/2990/3863 4648/2989/4073 4614/2954/4039
f 4436/2990/3863 4614/2954/4039 4437/2953/3864
